timestamp,elevation_deg,imu_i,imu_j,imu_k,imu_r,ch0_voltage,ch0_percentage,ch1_voltage,ch1_percentage,ch2_voltage,ch2_percentage
0.007248969981446862,23.35899346270004,0.70166015625,0.37261962890625,-0.59808349609375,0.10565185546875,2.6322580645161286,79.76539589442815,2.490322580645161,75.46432062561095,2.680645161290322,81.23167155425219
0.02722194406669587,23.35899346270004,0.70166015625,0.37261962890625,-0.59808349609375,0.10565185546875,2.6322580645161286,79.76539589442815,2.525806451612903,76.53958944281524,2.6645161290322577,80.74291300097751
0.051531987031921744,23.14887856087209,0.7027587890625,0.3712158203125,-0.59722900390625,0.10784912109375,2.648387096774193,80.25415444770283,2.564516129032258,77.71260997067448,2.6677419354838707,80.84066471163244
0.06722274096682668,23.14887856087209,0.7027587890625,0.3712158203125,-0.59722900390625,0.10784912109375,2.5774193548387094,78.10361681329422,2.487096774193548,75.366568914956,2.654838709677419,80.4496578690127
0.0916267370339483,22.902159111342044,0.7017822265625,0.37322998046875,-0.59619140625,0.113037109375,2.654838709677419,80.4496578690127,2.4838709677419355,75.26881720430107,2.6645161290322577,80.74291300097751
0.10824460396543145,22.902159111342044,0.7017822265625,0.37322998046875,-0.59619140625,0.113037109375,2.6322580645161286,79.76539589442815,2.519354838709677,76.34408602150538,2.6516129032258062,80.35190615835776
0.1274285779800266,22.902159111342044,0.7017822265625,0.37322998046875,-0.59619140625,0.113037109375,2.616129032258064,79.27663734115346,2.5032258064516126,75.8553274682307,2.6645161290322577,80.74291300097751
0.1516871959902346,22.60833177827638,0.69781494140625,0.377685546875,-0.5966796875,0.11968994140625,2.654838709677419,80.4496578690127,2.4741935483870967,74.97556207233626,2.680645161290322,81.23167155425219
0.16770995303522795,22.60833177827638,0.69781494140625,0.377685546875,-0.5966796875,0.11968994140625,2.6354838709677417,79.86314760508309,2.5161290322580645,76.24633431085044,2.6677419354838707,80.84066471163244
0.1918986509554088,22.185520797233153,0.691162109375,0.38238525390625,-0.60009765625,0.1260986328125,2.6516129032258062,80.35190615835776,2.5161290322580645,76.24633431085044,2.658064516129032,80.54740957966764
0.20757602795492858,22.185520797233153,0.691162109375,0.38238525390625,-0.60009765625,0.1260986328125,2.6322580645161286,79.76539589442815,2.519354838709677,76.34408602150538,2.6741935483870964,81.03616813294232
0.22806488000787795,22.185520797233153,0.691162109375,0.38238525390625,-0.60009765625,0.1260986328125,2.6387096774193544,79.960899315738,2.5451612903225804,77.12609970674487,2.6354838709677417,79.86314760508309
0.25186038902029395,21.765618179715602,0.6827392578125,0.38885498046875,-0.60400390625,0.1336669921875,2.6419354838709674,80.05865102639295,2.5354838709677416,76.83284457478005,2.629032258064516,79.6676441837732
0.26777604105882347,21.765618179715602,0.6827392578125,0.38885498046875,-0.60400390625,0.1336669921875,2.6354838709677417,79.86314760508309,2.5096774193548383,76.05083088954055,2.658064516129032,80.54740957966764
0.2925797529751435,21.389206094341915,0.67291259765625,0.39764404296875,-0.60699462890625,0.14361572265625,2.654838709677419,80.4496578690127,2.4741935483870967,74.97556207233626,2.654838709677419,80.4496578690127
0.3078576059779152,21.389206094341915,0.67291259765625,0.39764404296875,-0.60699462890625,0.14361572265625,2.629032258064516,79.6676441837732,2.519354838709677,76.34408602150538,2.6741935483870964,81.03616813294232
0.3281865840544924,21.389206094341915,0.67291259765625,0.39764404296875,-0.60699462890625,0.14361572265625,2.6032258064516127,78.88563049853371,2.487096774193548,75.366568914956,2.6645161290322577,80.74291300097751
0.3521069909911603,21.081915889782763,0.662353515625,0.407470703125,-0.60943603515625,0.154296875,2.6354838709677417,79.86314760508309,2.5032258064516126,75.8553274682307,2.654838709677419,80.4496578690127
0.3682521169539541,21.081915889782763,0.662353515625,0.407470703125,-0.60943603515625,0.154296875,2.6516129032258062,80.35190615835776,2.519354838709677,76.34408602150538,2.7064516129032254,82.01368523949168
0.392621936975047,20.800452433487507,0.652099609375,0.4161376953125,-0.61212158203125,0.16400146484375,2.62258064516129,79.47214076246333,2.5,75.75757575757575,2.6677419354838707,80.84066471163244
0.40827429003547877,20.800452433487507,0.652099609375,0.4161376953125,-0.61212158203125,0.16400146484375,2.596774193548387,78.69012707722385,2.5,75.75757575757575,2.6677419354838707,80.84066471163244
0.42850515502505004,20.800452433487507,0.652099609375,0.4161376953125,-0.61212158203125,0.16400146484375,2.6032258064516127,78.88563049853371,2.5096774193548383,76.05083088954055,2.6322580645161286,79.76539589442815
0.45249433000572026,20.58118472762193,0.64324951171875,0.423095703125,-0.61444091796875,0.17218017578125,2.6387096774193544,79.960899315738,2.52258064516129,76.44183773216031,2.658064516129032,80.54740957966764
0.46929210296366364,20.58118472762193,0.64324951171875,0.423095703125,-0.61444091796875,0.17218017578125,2.5774193548387094,78.10361681329422,2.5064516129032257,75.95307917888563,2.7064516129032254,82.01368523949168
0.49242674198467284,20.39486447964994,0.6356201171875,0.43011474609375,-0.615234375,0.180419921875,2.590322580645161,78.49462365591397,2.5129032258064514,76.1485826001955,2.6645161290322577,80.74291300097751
0.508423994993791,20.39486447964994,0.6356201171875,0.43011474609375,-0.615234375,0.180419921875,2.590322580645161,78.49462365591397,2.525806451612903,76.53958944281524,2.6451612903225805,80.1564027370479
0.5285522979684174,20.39486447964994,0.6356201171875,0.43011474609375,-0.615234375,0.180419921875,2.6322580645161286,79.76539589442815,2.5387096774193547,76.93059628543499,2.6354838709677417,79.86314760508309
0.553148424020037,20.22692300484084,0.62835693359375,0.4378662109375,-0.6143798828125,0.1898193359375,2.654838709677419,80.4496578690127,2.5032258064516126,75.8553274682307,2.6419354838709674,80.05865102639295
0.568597543053329,20.22692300484084,0.62835693359375,0.4378662109375,-0.6143798828125,0.1898193359375,2.6354838709677417,79.86314760508309,2.5161290322580645,76.24633431085044,2.6451612903225805,80.1564027370479
0.5927264640340582,20.106424675525545,0.62139892578125,0.4461669921875,-0.6124267578125,0.19940185546875,2.590322580645161,78.49462365591397,2.5032258064516126,75.8553274682307,2.6451612903225805,80.1564027370479
0.6087788540171459,20.106424675525545,0.62139892578125,0.4461669921875,-0.6124267578125,0.19940185546875,2.6451612903225805,80.1564027370479,2.5387096774193547,76.93059628543499,2.648387096774193,80.25415444770283
0.6288646609755233,20.106424675525545,0.62139892578125,0.4461669921875,-0.6124267578125,0.19940185546875,2.6451612903225805,80.1564027370479,2.5387096774193547,76.93059628543499,2.590322580645161,78.49462365591397
0.6547668160637841,19.966640136326603,0.61492919921875,0.45379638671875,-0.6102294921875,0.20867919921875,2.6032258064516127,78.88563049853371,2.5161290322580645,76.24633431085044,2.654838709677419,80.4496578690127
0.6689513779710978,19.966640136326603,0.61492919921875,0.45379638671875,-0.6102294921875,0.20867919921875,2.6322580645161286,79.76539589442815,2.529032258064516,76.63734115347019,2.654838709677419,80.4496578690127
0.6929545380407944,19.798184093544734,0.6082763671875,0.4608154296875,-0.6085205078125,0.2176513671875,2.6451612903225805,80.1564027370479,2.5096774193548383,76.05083088954055,2.6419354838709674,80.05865102639295
0.7090754080563784,19.798184093544734,0.6082763671875,0.4608154296875,-0.6085205078125,0.2176513671875,2.661290322580645,80.64516129032258,2.525806451612903,76.53958944281524,2.648387096774193,80.25415444770283
0.7298771579517052,19.798184093544734,0.6082763671875,0.4608154296875,-0.6085205078125,0.2176513671875,2.6387096774193544,79.960899315738,2.525806451612903,76.53958944281524,2.590322580645161,78.49462365591397
0.7532225509639829,19.600114478593625,0.60150146484375,0.467041015625,-0.60736083984375,0.226318359375,2.6322580645161286,79.76539589442815,2.564516129032258,77.71260997067448,2.5774193548387094,78.10361681329422
0.7695600959705189,19.600114478593625,0.60150146484375,0.467041015625,-0.60736083984375,0.226318359375,2.6387096774193544,79.960899315738,2.5129032258064514,76.1485826001955,2.680645161290322,81.23167155425219
0.7933212369680405,19.487170743115158,0.59552001953125,0.47259521484375,-0.60614013671875,0.23358154296875,2.6387096774193544,79.960899315738,2.5096774193548383,76.05083088954055,2.6032258064516127,78.88563049853371
0.8094497550046071,19.487170743115158,0.59552001953125,0.47259521484375,-0.60614013671875,0.23358154296875,2.6322580645161286,79.76539589442815,2.525806451612903,76.53958944281524,2.6387096774193544,79.960899315738
0.8294598170323297,19.487170743115158,0.59552001953125,0.47259521484375,-0.60614013671875,0.23358154296875,2.680645161290322,81.23167155425219,2.4838709677419355,75.26881720430107,2.6387096774193544,79.960899315738
0.8535254739690572,19.420972423752943,0.59051513671875,0.47772216796875,-0.604736328125,0.23956298828125,2.6322580645161286,79.76539589442815,2.52258064516129,76.44183773216031,2.5774193548387094,78.10361681329422
0.8698928740341216,19.420972423752943,0.59051513671875,0.47772216796875,-0.604736328125,0.23956298828125,2.6032258064516127,78.88563049853371,2.4806451612903224,75.17106549364614,2.6419354838709674,80.05865102639295
0.8936210230458528,19.417465937168203,0.58612060546875,0.4818115234375,-0.60400390625,0.24395751953125,2.6322580645161286,79.76539589442815,2.5032258064516126,75.8553274682307,2.6387096774193544,79.960899315738
0.9102963630575687,19.417465937168203,0.58612060546875,0.4818115234375,-0.60400390625,0.24395751953125,2.625806451612903,79.56989247311827,2.5709677419354837,77.90811339198436,2.6354838709677417,79.86314760508309
0.9297831560252234,19.417465937168203,0.58612060546875,0.4818115234375,-0.60400390625,0.24395751953125,2.648387096774193,80.25415444770283,2.525806451612903,76.53958944281524,2.6419354838709674,80.05865102639295
0.9537361080292612,19.427630633446427,0.5819091796875,0.48486328125,-0.604248046875,0.247314453125,2.6774193548387095,81.13391984359725,2.519354838709677,76.34408602150538,2.661290322580645,80.64516129032258
0.9699952839873731,19.427630633446427,0.5819091796875,0.48486328125,-0.604248046875,0.247314453125,2.6322580645161286,79.76539589442815,2.5096774193548383,76.05083088954055,2.62258064516129,79.47214076246333
0.9939319790573791,19.502574472632105,0.57818603515625,0.48797607421875,-0.6043701171875,0.249755859375,2.6322580645161286,79.76539589442815,2.4806451612903224,75.17106549364614,2.6451612903225805,80.1564027370479
1.0099209119798616,19.502574472632105,0.57818603515625,0.48797607421875,-0.6043701171875,0.249755859375,2.629032258064516,79.6676441837732,2.5451612903225804,77.12609970674487,2.6193548387096772,79.37438905180841
1.030046944040805,19.502574472632105,0.57818603515625,0.48797607421875,-0.6043701171875,0.249755859375,2.6322580645161286,79.76539589442815,2.490322580645161,75.46432062561095,2.629032258064516,79.6676441837732
1.0534637300297618,19.85983091591511,0.5743408203125,0.49261474609375,-0.60394287109375,0.25048828125,2.654838709677419,80.4496578690127,2.4612903225806453,74.58455522971653,2.616129032258064,79.27663734115346
1.0703047040151432,19.85983091591511,0.5743408203125,0.49261474609375,-0.60394287109375,0.25048828125,2.654838709677419,80.4496578690127,2.42258064516129,73.41153470185728,2.583870967741935,78.2991202346041
1.0949879670515656,20.678030078074087,0.56878662109375,0.50042724609375,-0.6033935546875,0.24896240234375,2.6064516129032254,78.98338220918865,2.3967741935483873,72.6295210166178,2.6129032258064515,79.17888563049853
1.1101801879703999,20.678030078074087,0.56878662109375,0.50042724609375,-0.6033935546875,0.24896240234375,2.625806451612903,79.56989247311827,2.3967741935483873,72.6295210166178,2.62258064516129,79.47214076246333
1.1301111140055582,20.678030078074087,0.56878662109375,0.50042724609375,-0.6033935546875,0.24896240234375,2.6193548387096772,79.37438905180841,2.3193548387096774,70.28347996089931,2.590322580645161,78.49462365591397
1.1543180199805647,22.008182190733194,0.56170654296875,0.5106201171875,-0.60345458984375,0.2440185546875,2.593548387096774,78.59237536656892,2.3451612903225807,71.0654936461388,2.558064516129032,77.5171065493646
1.170497803017497,22.008182190733194,0.56170654296875,0.5106201171875,-0.60345458984375,0.2440185546875,2.616129032258064,79.27663734115346,2.296774193548387,69.59921798631477,2.590322580645161,78.49462365591397
1.194390433956869,24.006513407176968,0.552490234375,0.52447509765625,-0.60369873046875,0.23492431640625,2.590322580645161,78.49462365591397,2.261290322580645,68.52394916911047,2.583870967741935,78.2991202346041
1.2112584490096197,24.006513407176968,0.552490234375,0.52447509765625,-0.60369873046875,0.23492431640625,2.5741935483870964,78.00586510263928,2.261290322580645,68.52394916911047,2.5774193548387094,78.10361681329422
1.230564631987363,24.006513407176968,0.552490234375,0.52447509765625,-0.60369873046875,0.23492431640625,2.5774193548387094,78.10361681329422,2.190322580645161,66.37341153470186,2.625806451612903,79.56989247311827
1.2545996640110388,26.759544309689815,0.53961181640625,0.54425048828125,-0.602294921875,0.22314453125,2.551612903225806,77.32160312805473,2.1774193548387095,65.98240469208211,2.525806451612903,76.53958944281524
1.2715804160106927,26.759544309689815,0.53961181640625,0.54425048828125,-0.602294921875,0.22314453125,2.558064516129032,77.5171065493646,2.1645161290322577,65.59139784946235,2.554838709677419,77.41935483870968
1.2947645270032808,29.95318184899495,0.5228271484375,0.56768798828125,-0.60009765625,0.21044921875,2.529032258064516,76.63734115347019,2.087096774193548,63.24535679374389,2.551612903225806,77.32160312805473
1.311072663986124,29.95318184899495,0.5228271484375,0.56768798828125,-0.60009765625,0.21044921875,2.529032258064516,76.63734115347019,2.1870967741935483,66.27565982404691,2.5387096774193547,76.93059628543499
1.3308782120002434,29.95318184899495,0.5228271484375,0.56768798828125,-0.60009765625,0.21044921875,2.5419354838709673,77.02834799608992,2.158064516129032,65.39589442815249,2.5354838709677416,76.83284457478005
1.3548446040367708,33.20727932827442,0.50518798828125,0.58740234375,-0.60150146484375,0.19488525390625,2.564516129032258,77.71260997067448,2.1129032258064515,64.02737047898339,2.4741935483870967,74.97556207233626
1.371181156951934,33.20727932827442,0.50518798828125,0.58740234375,-0.60150146484375,0.19488525390625,2.5419354838709673,77.02834799608992,2.1516129032258062,65.20039100684262,2.5,75.75757575757575
1.3953046699753031,37.335870707212365,0.4862060546875,0.601318359375,-0.61187744140625,0.1663818359375,2.5451612903225804,77.12609970674487,2.1322580645161286,64.61388074291298,2.5032258064516126,75.8553274682307
1.4112636189674959,37.335870707212365,0.4862060546875,0.601318359375,-0.61187744140625,0.1663818359375,2.5354838709677416,76.83284457478005,2.1548387096774193,65.29814271749756,2.5,75.75757575757575
1.4310772640164942,37.335870707212365,0.4862060546875,0.601318359375,-0.61187744140625,0.1663818359375,2.5387096774193547,76.93059628543499,2.1451612903225805,65.00488758553274,2.4741935483870967,74.97556207233626
1.4569090510485694,41.56464392517535,0.46331787109375,0.61651611328125,-0.6209716796875,0.14013671875,2.4741935483870967,74.97556207233626,2.1129032258064515,64.02737047898339,2.496774193548387,75.65982404692082
1.4711736460449174,41.56464392517535,0.46331787109375,0.61651611328125,-0.6209716796875,0.14013671875,2.5387096774193547,76.93059628543499,2.1129032258064515,64.02737047898339,2.4774193548387093,75.07331378299119
1.4951873020036146,45.58319745668692,0.4383544921875,0.6337890625,-0.62603759765625,0.119140625,2.5161290322580645,76.24633431085044,2.1516129032258062,65.20039100684262,2.4774193548387093,75.07331378299119
1.5114742539590225,45.58319745668692,0.4383544921875,0.6337890625,-0.62603759765625,0.119140625,2.52258064516129,76.44183773216031,2.1516129032258062,65.20039100684262,2.4709677419354836,74.87781036168133
1.5315297900233418,45.58319745668692,0.4383544921875,0.6337890625,-0.62603759765625,0.119140625,2.519354838709677,76.34408602150538,2.1451612903225805,65.00488758553274,2.4612903225806453,74.58455522971653
1.5557955759577453,49.81056429878928,0.41265869140625,0.65069580078125,-0.630126953125,0.09625244140625,2.5032258064516126,75.8553274682307,2.1419354838709674,64.90713587487781,2.5,75.75757575757575
1.5715076749911532,49.81056429878928,0.41265869140625,0.65069580078125,-0.630126953125,0.09625244140625,2.529032258064516,76.63734115347019,2.1451612903225805,65.00488758553274,2.4774193548387093,75.07331378299119
1.596273627015762,54.30273531313657,0.38616943359375,0.6641845703125,-0.6363525390625,0.06927490234375,2.551612903225806,77.32160312805473,2.1645161290322577,65.59139784946235,2.4774193548387093,75.07331378299119
1.6115382319549099,54.30273531313657,0.38616943359375,0.6641845703125,-0.6363525390625,0.06927490234375,2.5161290322580645,76.24633431085044,2.1419354838709674,64.90713587487781,2.5129032258064514,76.1485826001955
1.6365244099870324,58.766857548163465,0.3594970703125,0.67645263671875,-0.641357421875,0.04241943359375,2.529032258064516,76.63734115347019,2.158064516129032,65.39589442815249,2.4774193548387093,75.07331378299119
1.6517365360632539,58.766857548163465,0.3594970703125,0.67645263671875,-0.641357421875,0.04241943359375,2.5387096774193547,76.93059628543499,2.106451612903226,63.831867057673506,2.4741935483870967,74.97556207233626
1.671786118997261,58.766857548163465,0.3594970703125,0.67645263671875,-0.641357421875,0.04241943359375,2.5354838709677416,76.83284457478005,2.1096774193548384,63.929618768328446,2.445161290322581,74.09579667644185
1.6965268859639764,62.93484201394223,0.334228515625,0.68951416015625,-0.64227294921875,0.01861572265625,2.5129032258064514,76.1485826001955,2.0999999999999996,63.636363636363626,2.4741935483870967,74.97556207233626
1.7117621479555964,62.93484201394223,0.334228515625,0.68951416015625,-0.64227294921875,0.01861572265625,2.4806451612903224,75.17106549364614,2.0774193548387094,62.95210166177908,2.435483870967742,73.80254154447702
1.7352157339919358,66.99726166175296,-0.30975341796875,-0.70196533203125,0.64129638671875,0.004638671875,2.5064516129032257,75.95307917888563,2.0483870967741935,62.07233626588465,2.4516129032258065,74.29130009775172
1.7522509499685839,66.99726166175296,-0.30975341796875,-0.70196533203125,0.64129638671875,0.004638671875,2.4741935483870967,74.97556207233626,2.019354838709677,61.19257086999021,2.464516129032258,74.68230694037146
1.772089523030445,66.99726166175296,-0.30975341796875,-0.70196533203125,0.64129638671875,0.004638671875,2.5161290322580645,76.24633431085044,2.054838709677419,62.267839687194524,2.464516129032258,74.68230694037146
1.7980176949640736,70.9138096031642,-0.2860107421875,-0.71295166015625,0.6396484375,0.02728271484375,2.496774193548387,75.65982404692082,2.019354838709677,61.19257086999021,2.4516129032258065,74.29130009775172
1.8121158250141889,70.9138096031642,-0.2860107421875,-0.71295166015625,0.6396484375,0.02728271484375,2.5032258064516126,75.8553274682307,2.0032258064516126,60.703812316715535,2.4741935483870967,74.97556207233626
1.8362263459712267,74.54973064351128,-0.26458740234375,-0.72259521484375,0.63677978515625,0.048828125,2.4774193548387093,75.07331378299119,2.0,60.60606060606061,2.5,75.75757575757575
1.8521572940517217,74.54973064351128,-0.26458740234375,-0.72259521484375,0.63677978515625,0.048828125,2.5129032258064514,76.1485826001955,1.9870967741935484,60.215053763440864,2.467741935483871,74.7800586510264
1.8742250739596784,74.54973064351128,-0.26458740234375,-0.72259521484375,0.63677978515625,0.048828125,2.4806451612903224,75.17106549364614,2.0,60.60606060606061,2.4387096774193546,73.90029325513197
1.8979145030025393,78.11676124388207,-0.2440185546875,-0.73101806640625,0.63330078125,0.070556640625,2.5032258064516126,75.8553274682307,1.9870967741935484,60.215053763440864,2.4741935483870967,74.97556207233626
1.9127427519997582,78.11676124388207,-0.2440185546875,-0.73101806640625,0.63330078125,0.070556640625,2.5032258064516126,75.8553274682307,2.0032258064516126,60.703812316715535,2.425806451612903,73.50928641251222
1.9358436949551105,81.43535020510407,-0.224365234375,-0.737548828125,0.63043212890625,0.0908203125,2.4774193548387093,75.07331378299119,1.967741935483871,59.628543499511245,2.435483870967742,73.80254154447702
1.9525978850433603,81.43535020510407,-0.224365234375,-0.737548828125,0.63043212890625,0.0908203125,2.5129032258064514,76.1485826001955,1.9903225806451612,60.312805474095796,2.445161290322581,74.09579667644185
1.973302323021926,81.43535020510407,-0.224365234375,-0.737548828125,0.63043212890625,0.0908203125,2.4774193548387093,75.07331378299119,1.9838709677419355,60.117302052785924,2.42258064516129,73.41153470185728
1.9976656150538474,84.48663016207196,-0.2059326171875,-0.74322509765625,0.62713623046875,0.109130859375,2.4774193548387093,75.07331378299119,1.9451612903225806,58.94428152492669,2.454838709677419,74.38905180840665
2.012696139048785,84.48663016207196,-0.2059326171875,-0.74322509765625,0.62713623046875,0.109130859375,2.4774193548387093,75.07331378299119,1.9451612903225806,58.94428152492669,2.4290322580645163,73.60703812316717
2.0369194300146773,87.18346351204495,-0.19024658203125,-0.7484130859375,0.622802734375,0.12548828125,2.4806451612903224,75.17106549364614,1.9193548387096775,58.162267839687196,2.4419354838709677,73.9980449657869
2.0528851309791207,87.18346351204495,-0.19024658203125,-0.7484130859375,0.622802734375,0.12548828125,2.487096774193548,75.366568914956,1.9903225806451612,60.312805474095796,2.425806451612903,73.50928641251222
2.0731973410584033,87.18346351204495,-0.19024658203125,-0.7484130859375,0.622802734375,0.12548828125,2.5064516129032257,75.95307917888563,1.9451612903225806,58.94428152492669,2.445161290322581,74.09579667644185
2.099470093031414,89.61024975156188,-0.17694091796875,-0.75396728515625,0.61688232421875,0.1402587890625,2.464516129032258,74.68230694037146,1.9419354838709677,58.846529814271754,2.5,75.75757575757575
2.1129502969561145,89.61024975156188,-0.17694091796875,-0.75396728515625,0.61688232421875,0.1402587890625,2.4709677419354836,74.87781036168133,1.932258064516129,58.55327468230694,2.5064516129032257,75.95307917888563
2.1377614020602778,91.9516377723611,-0.1651611328125,-0.759765625,0.6094970703125,0.1549072265625,2.4709677419354836,74.87781036168133,1.9516129032258065,59.13978494623656,2.4709677419354836,74.87781036168133
2.1537729270057753,91.9516377723611,-0.1651611328125,-0.759765625,0.6094970703125,0.1549072265625,2.458064516129032,74.48680351906158,1.961290322580645,59.43304007820137,2.4741935483870967,74.97556207233626
2.1739251039689407,91.9516377723611,-0.1651611328125,-0.759765625,0.6094970703125,0.1549072265625,2.4516129032258065,74.29130009775172,1.9806451612903224,60.01955034213099,2.4516129032258065,74.29130009775172
2.1992261019768193,94.1496040158907,-0.15478515625,-0.76458740234375,0.602294921875,0.16925048828125,2.467741935483871,74.7800586510264,1.9709677419354839,59.72629521016618,2.487096774193548,75.366568914956
2.2141424800502136,94.1496040158907,-0.15478515625,-0.76458740234375,0.602294921875,0.16925048828125,2.4741935483870967,74.97556207233626,2.0354838709677416,61.6813294232649,2.487096774193548,75.366568914956
2.237947655026801,96.28915147162219,-0.14483642578125,-0.76849365234375,0.59564208984375,0.18353271484375,2.42258064516129,73.41153470185728,2.009677419354839,60.899315738025415,2.4741935483870967,74.97556207233626
2.253805035026744,96.28915147162219,-0.14483642578125,-0.76849365234375,0.59564208984375,0.18353271484375,2.4612903225806453,74.58455522971653,2.0032258064516126,60.703812316715535,2.4774193548387093,75.07331378299119
2.274096957058646,96.28915147162219,-0.14483642578125,-0.76849365234375,0.59564208984375,0.18353271484375,2.42258064516129,73.41153470185728,1.9709677419354839,59.72629521016618,2.5129032258064514,76.1485826001955
2.2993599709589034,98.48714575916111,-0.13427734375,-0.7713623046875,0.589599609375,0.19830322265625,2.4741935483870967,74.97556207233626,2.0064516129032257,60.80156402737048,2.4709677419354836,74.87781036168133
2.3139656260609627,98.48714575916111,-0.13427734375,-0.7713623046875,0.589599609375,0.19830322265625,2.4516129032258065,74.29130009775172,2.02258064516129,61.29032258064516,2.4838709677419355,75.26881720430107
2.3383311580400914,100.75044349382821,-0.12274169921875,-0.77337646484375,0.584228515625,0.21331787109375,2.464516129032258,74.68230694037146,2.032258064516129,61.58357771260997,2.4806451612903224,75.17106549364614
2.35426821897272,100.75044349382821,-0.12274169921875,-0.77337646484375,0.584228515625,0.21331787109375,2.467741935483871,74.7800586510264,2.061290322580645,62.4633431085044,2.5129032258064514,76.1485826001955
2.37377485295292,100.75044349382821,-0.12274169921875,-0.77337646484375,0.584228515625,0.21331787109375,2.4774193548387093,75.07331378299119,2.0064516129032257,60.80156402737048,2.519354838709677,76.34408602150538
2.39986677095294,103.12521430015084,-0.1103515625,-0.77435302734375,0.579345703125,0.22918701171875,2.4774193548387093,75.07331378299119,2.0129032258064514,60.997067448680355,2.5032258064516126,75.8553274682307
2.414487626054324,103.12521430015084,-0.1103515625,-0.77435302734375,0.579345703125,0.22918701171875,2.5129032258064514,76.1485826001955,2.009677419354839,60.899315738025415,2.5129032258064514,76.1485826001955
2.438720772974193,105.36247260985942,-0.098876953125,-0.7752685546875,0.5740966796875,0.24407958984375,2.4806451612903224,75.17106549364614,1.9838709677419355,60.117302052785924,2.551612903225806,77.32160312805473
2.775454435031861,105.36247260985942,-0.098876953125,-0.7752685546875,0.5740966796875,0.24407958984375,2.4774193548387093,75.07331378299119,1.9870967741935484,60.215053763440864,2.5419354838709673,77.02834799608992
2.775898279971443,105.36247260985942,-0.098876953125,-0.7752685546875,0.5740966796875,0.24407958984375,2.4741935483870967,74.97556207233626,1.9838709677419355,60.117302052785924,2.5483870967741935,77.2238514173998
2.7960448240628466,107.47931599477789,-0.08953857421875,-0.7764892578125,0.5675048828125,0.25885009765625,2.5483870967741935,77.2238514173998,2.0032258064516126,60.703812316715535,2.5419354838709673,77.02834799608992
2.8161269520642236,107.47931599477789,-0.08953857421875,-0.7764892578125,0.5675048828125,0.25885009765625,2.5,75.75757575757575,2.0451612903225804,61.97458455522972,2.5709677419354837,77.90811339198436
2.836163831059821,109.45313813959736,-0.08203125,-0.7777099609375,0.56011962890625,0.273193359375,2.5129032258064514,76.1485826001955,2.02258064516129,61.29032258064516,2.5419354838709673,77.02834799608992
2.8562133830273524,109.45313813959736,-0.08203125,-0.7777099609375,0.56011962890625,0.273193359375,2.5129032258064514,76.1485826001955,2.009677419354839,60.899315738025415,2.561290322580645,77.61485826001955
2.8762823269935325,109.45313813959736,-0.08203125,-0.7777099609375,0.56011962890625,0.273193359375,2.496774193548387,75.65982404692082,2.061290322580645,62.4633431085044,2.4741935483870967,74.97556207233626
2.8963176059769467,111.23696962725526,-0.07598876953125,-0.779296875,0.55224609375,0.2862548828125,2.4741935483870967,74.97556207233626,2.093548387096774,63.44086021505376,2.529032258064516,76.63734115347019
2.9163771100575104,111.23696962725526,-0.07598876953125,-0.779296875,0.55224609375,0.2862548828125,2.4838709677419355,75.26881720430107,2.0354838709677416,61.6813294232649,2.5483870967741935,77.2238514173998
2.9364700539736077,112.89466416765309,-0.07110595703125,-0.7813720703125,0.54345703125,0.29840087890625,2.4741935483870967,74.97556207233626,2.0387096774193547,61.779081133919846,2.5677419354838706,77.81036168132943
2.9565071900142357,112.89466416765309,-0.07110595703125,-0.7813720703125,0.54345703125,0.29840087890625,2.4806451612903224,75.17106549364614,2.0709677419354837,62.75659824046921,2.5677419354838706,77.81036168132943
2.976590598002076,112.89466416765309,-0.07110595703125,-0.7813720703125,0.54345703125,0.29840087890625,2.5064516129032257,75.95307917888563,2.009677419354839,60.899315738025415,2.558064516129032,77.5171065493646
2.9966642149956897,114.37588114766245,-0.06671142578125,-0.782958984375,0.53564453125,0.3092041015625,2.4290322580645163,73.60703812316717,2.041935483870968,61.87683284457478,2.5774193548387094,78.10361681329422
3.0167226949706674,114.37588114766245,-0.06671142578125,-0.782958984375,0.53564453125,0.3092041015625,2.42258064516129,73.41153470185728,2.032258064516129,61.58357771260997,2.5774193548387094,78.10361681329422
3.0368161509977654,115.71461089882914,-0.0625,-0.78369140625,0.52923583984375,0.31903076171875,2.5,75.75757575757575,2.0354838709677416,61.6813294232649,2.561290322580645,77.61485826001955
3.056855014991015,115.71461089882914,-0.0625,-0.78369140625,0.52923583984375,0.31903076171875,2.4741935483870967,74.97556207233626,2.02258064516129,61.29032258064516,2.5709677419354837,77.90811339198436
3.076940087019466,115.71461089882914,-0.0625,-0.78369140625,0.52923583984375,0.31903076171875,2.4612903225806453,74.58455522971653,2.087096774193548,63.24535679374389,2.596774193548387,78.69012707722385
3.097088936017826,116.92962336943427,-0.05853271484375,-0.78424072265625,0.52349853515625,0.32781982421875,2.467741935483871,74.7800586510264,2.106451612903226,63.831867057673506,2.525806451612903,76.53958944281524
3.117086134967394,116.92962336943427,-0.05853271484375,-0.78424072265625,0.52349853515625,0.32781982421875,2.4516129032258065,74.29130009775172,2.106451612903226,63.831867057673506,2.62258064516129,79.47214076246333
3.137185255996883,118.06806516237941,-0.05499267578125,-0.7845458984375,0.51806640625,0.336181640625,2.5,75.75757575757575,2.0806451612903225,63.049853372434015,2.596774193548387,78.69012707722385
3.1573740410385653,118.06806516237941,-0.05499267578125,-0.7845458984375,0.51806640625,0.336181640625,2.458064516129032,74.48680351906158,2.096774193548387,63.5386119257087,2.6032258064516127,78.88563049853371
3.177276680013165,118.06806516237941,-0.05499267578125,-0.7845458984375,0.51806640625,0.336181640625,2.4516129032258065,74.29130009775172,2.1129032258064515,64.02737047898339,2.564516129032258,77.71260997067448
3.197355224052444,118.93506742610073,-0.0528564453125,-0.784912109375,0.513427734375,0.3427734375,2.4741935483870967,74.97556207233626,2.106451612903226,63.831867057673506,2.587096774193548,78.39687194525904
3.217420103959739,118.93506742610073,-0.0528564453125,-0.784912109375,0.513427734375,0.3427734375,2.4774193548387093,75.07331378299119,2.1032258064516127,63.73411534701857,2.654838709677419,80.4496578690127
3.23752908105962,119.50727622184053,-0.051513671875,-0.78485107421875,0.5106201171875,0.3472900390625,2.4741935483870967,74.97556207233626,2.061290322580645,62.4633431085044,2.5806451612903225,78.20136852394917
3.2575640720315278,119.50727622184053,-0.051513671875,-0.78485107421875,0.5106201171875,0.3472900390625,2.4838709677419355,75.26881720430107,2.0999999999999996,63.636363636363626,2.5806451612903225,78.20136852394917
3.2776145200477913,119.50727622184053,-0.051513671875,-0.78485107421875,0.5106201171875,0.3472900390625,2.4774193548387093,75.07331378299119,2.0999999999999996,63.636363636363626,2.587096774193548,78.39687194525904
3.2977110489737242,119.78692911380551,-0.051025390625,-0.784912109375,0.50909423828125,0.34954833984375,2.4774193548387093,75.07331378299119,2.1129032258064515,64.02737047898339,2.5806451612903225,78.20136852394917
3.317763385013677,119.78692911380551,-0.051025390625,-0.784912109375,0.50909423828125,0.34954833984375,2.4774193548387093,75.07331378299119,2.1096774193548384,63.929618768328446,2.6096774193548384,79.0811339198436
3.337864489061758,119.8130834927073,-0.0518798828125,-0.78485107421875,0.50848388671875,0.350341796875,2.487096774193548,75.366568914956,2.138709677419355,64.80938416422288,2.593548387096774,78.59237536656892
3.357908825040795,119.8130834927073,-0.0518798828125,-0.78485107421875,0.50848388671875,0.350341796875,2.4741935483870967,74.97556207233626,2.106451612903226,63.831867057673506,2.616129032258064,79.27663734115346
3.377959400997497,119.8130834927073,-0.0518798828125,-0.78485107421875,0.50848388671875,0.350341796875,2.490322580645161,75.46432062561095,2.1032258064516127,63.73411534701857,2.6645161290322577,80.74291300097751
3.398046232992783,119.6825340989726,-0.05352783203125,-0.78448486328125,0.5089111328125,0.350341796875,2.5129032258064514,76.1485826001955,2.087096774193548,63.24535679374389,2.616129032258064,79.27663734115346
3.4181120740249753,119.6825340989726,-0.05352783203125,-0.78448486328125,0.5089111328125,0.350341796875,2.4774193548387093,75.07331378299119,2.1322580645161286,64.61388074291298,2.6032258064516127,78.88563049853371
3.438183546066284,119.48495805885585,-0.0546875,-0.78387451171875,0.51025390625,0.34954833984375,2.4806451612903224,75.17106549364614,2.1354838709677417,64.71163245356793,2.629032258064516,79.6676441837732
3.458292618044652,119.48495805885585,-0.0546875,-0.78387451171875,0.51025390625,0.34954833984375,2.525806451612903,76.53958944281524,2.1645161290322577,65.59139784946235,2.596774193548387,78.69012707722385
3.4783445700304583,119.48495805885585,-0.0546875,-0.78387451171875,0.51025390625,0.34954833984375,2.525806451612903,76.53958944281524,2.138709677419355,64.80938416422288,2.5999999999999996,78.78787878787878
3.50974073598627,119.28348144452221,-0.05572509765625,-0.78375244140625,0.51116943359375,0.348388671875,2.487096774193548,75.366568914956,2.1193548387096772,64.22287390029325,2.5774193548387094,78.10361681329422
3.518500474980101,119.28348144452221,-0.05572509765625,-0.78375244140625,0.51116943359375,0.348388671875,2.5161290322580645,76.24633431085044,2.1225806451612903,64.32062561094818,2.616129032258064,79.27663734115346
3.538554187049158,119.09821150590302,-0.056640625,-0.78375244140625,0.51177978515625,0.34722900390625,2.5387096774193547,76.93059628543499,2.1096774193548384,63.929618768328446,2.5999999999999996,78.78787878787878
3.5586863959906623,119.09821150590302,-0.056640625,-0.78375244140625,0.51177978515625,0.34722900390625,2.4741935483870967,74.97556207233626,2.116129032258064,64.1251221896383,2.62258064516129,79.47214076246333
3.578702026978135,119.09821150590302,-0.056640625,-0.78375244140625,0.51177978515625,0.34722900390625,2.490322580645161,75.46432062561095,2.116129032258064,64.1251221896383,2.6032258064516127,78.88563049853371
3.5987338830018416,118.96046760794651,-0.05743408203125,-0.78387451171875,0.5120849609375,0.34637451171875,2.558064516129032,77.5171065493646,2.1354838709677417,64.71163245356793,2.6032258064516127,78.88563049853371
3.6187961070099846,118.96046760794651,-0.05743408203125,-0.78387451171875,0.5120849609375,0.34637451171875,2.5032258064516126,75.8553274682307,2.129032258064516,64.51612903225806,2.6096774193548384,79.0811339198436
3.6388464589836076,118.8714457413432,-0.05810546875,-0.78436279296875,0.51171875,0.345703125,2.5161290322580645,76.24633431085044,2.125806451612903,64.41837732160313,2.6096774193548384,79.0811339198436
3.65892212302424,118.8714457413432,-0.05810546875,-0.78436279296875,0.51171875,0.345703125,2.5,75.75757575757575,2.129032258064516,64.51612903225806,2.583870967741935,78.2991202346041
3.6790019150357693,118.8714457413432,-0.05810546875,-0.78436279296875,0.51171875,0.345703125,2.493548387096774,75.56207233626587,2.116129032258064,64.1251221896383,2.629032258064516,79.6676441837732
3.6990807480178773,118.76762286961655,-0.05859375,-0.78472900390625,0.51171875,0.3448486328125,2.525806451612903,76.53958944281524,2.1645161290322577,65.59139784946235,2.6032258064516127,78.88563049853371
3.7191293080104515,118.76762286961655,-0.05859375,-0.78472900390625,0.51171875,0.3448486328125,2.525806451612903,76.53958944281524,2.129032258064516,64.51612903225806,2.62258064516129,79.47214076246333
3.7392126839840785,118.63176249827713,-0.0589599609375,-0.78485107421875,0.51226806640625,0.34375,2.4741935483870967,74.97556207233626,2.1129032258064515,64.02737047898339,2.629032258064516,79.6676441837732
3.7592612439766526,118.63176249827713,-0.0589599609375,-0.78485107421875,0.51226806640625,0.34375,2.4741935483870967,74.97556207233626,2.093548387096774,63.44086021505376,2.6096774193548384,79.0811339198436
3.779300492024049,118.63176249827713,-0.0589599609375,-0.78485107421875,0.51226806640625,0.34375,2.5774193548387094,78.10361681329422,2.106451612903226,63.831867057673506,2.6129032258064515,79.17888563049853
3.7993641879875213,118.39151901729161,-0.0595703125,-0.784912109375,0.51336669921875,0.34185791015625,2.5419354838709673,77.02834799608992,2.0999999999999996,63.636363636363626,2.6096774193548384,79.0811339198436
3.8194290680112317,118.39151901729161,-0.0595703125,-0.784912109375,0.51336669921875,0.34185791015625,2.5129032258064514,76.1485826001955,2.129032258064516,64.51612903225806,2.5806451612903225,78.20136852394917
3.8394943960011005,118.28955313329887,-0.0592041015625,-0.7840576171875,0.51513671875,0.34112548828125,2.5161290322580645,76.24633431085044,2.1354838709677417,64.71163245356793,2.629032258064516,79.6676441837732
3.859554731985554,118.28955313329887,-0.0592041015625,-0.7840576171875,0.51513671875,0.34112548828125,2.52258064516129,76.44183773216031,2.1225806451612903,64.32062561094818,2.5806451612903225,78.20136852394917
3.8796901729656383,118.28955313329887,-0.0592041015625,-0.7840576171875,0.51513671875,0.34112548828125,2.5387096774193547,76.93059628543499,2.1096774193548384,63.929618768328446,2.6032258064516127,78.88563049853371
3.899714283994399,117.93732231280049,-0.0604248046875,-0.78399658203125,0.51678466796875,0.338623046875,2.519354838709677,76.34408602150538,2.1193548387096772,64.22287390029325,2.616129032258064,79.27663734115346
3.9197777250083163,117.93732231280049,-0.0604248046875,-0.78399658203125,0.51678466796875,0.338623046875,2.551612903225806,77.32160312805473,2.1354838709677417,64.71163245356793,2.590322580645161,78.49462365591397
3.9398710529785603,117.1058886095054,-0.06524658203125,-0.78411865234375,0.5191650390625,0.333740234375,2.525806451612903,76.53958944281524,2.129032258064516,64.51612903225806,2.5774193548387094,78.10361681329422
3.9599061419721693,117.1058886095054,-0.06524658203125,-0.78411865234375,0.5191650390625,0.333740234375,2.529032258064516,76.63734115347019,2.138709677419355,64.80938416422288,2.596774193548387,78.69012707722385
3.9799864139640704,117.1058886095054,-0.06524658203125,-0.78411865234375,0.5191650390625,0.333740234375,2.5354838709677416,76.83284457478005,2.1645161290322577,65.59139784946235,2.593548387096774,78.59237536656892
4.000050398986787,115.96388837392801,-0.07159423828125,-0.78375244140625,0.52313232421875,0.32708740234375,2.487096774193548,75.366568914956,2.138709677419355,64.80938416422288,2.5806451612903225,78.20136852394917
4.020119983004406,115.96388837392801,-0.07159423828125,-0.78375244140625,0.52313232421875,0.32708740234375,2.525806451612903,76.53958944281524,2.1322580645161286,64.61388074291298,2.587096774193548,78.39687194525904
4.040185695979744,114.52082772447172,-0.077392578125,-0.7821044921875,0.5303955078125,0.31781005859375,2.5354838709677416,76.83284457478005,2.1322580645161286,64.61388074291298,2.5677419354838706,77.81036168132943
4.060282001039013,114.52082772447172,-0.077392578125,-0.7821044921875,0.5303955078125,0.31781005859375,2.564516129032258,77.71260997067448,2.116129032258064,64.1251221896383,2.5774193548387094,78.10361681329422
4.080344832967967,114.52082772447172,-0.077392578125,-0.7821044921875,0.5303955078125,0.31781005859375,2.519354838709677,76.34408602150538,2.1096774193548384,63.929618768328446,2.5806451612903225,78.20136852394917
4.100407026009634,112.9442014910122,-0.082763671875,-0.780029296875,0.5389404296875,0.30706787109375,2.52258064516129,76.44183773216031,2.0999999999999996,63.636363636363626,2.5677419354838706,77.81036168132943
4.120465634041466,112.9442014910122,-0.082763671875,-0.780029296875,0.5389404296875,0.30706787109375,2.5387096774193547,76.93059628543499,2.1193548387096772,64.22287390029325,2.5741935483870964,78.00586510263928
4.140549683012068,111.3054200387459,-0.08740234375,-0.77728271484375,0.548583984375,0.29541015625,2.529032258064516,76.63734115347019,2.116129032258064,64.1251221896383,2.587096774193548,78.39687194525904
4.160594339016825,111.3054200387459,-0.08740234375,-0.77728271484375,0.548583984375,0.29541015625,2.529032258064516,76.63734115347019,2.129032258064516,64.51612903225806,2.629032258064516,79.6676441837732
4.180667859967798,111.3054200387459,-0.08740234375,-0.77728271484375,0.548583984375,0.29541015625,2.519354838709677,76.34408602150538,2.1645161290322577,65.59139784946235,2.587096774193548,78.39687194525904
4.200730595970526,109.73778129492415,-0.09173583984375,-0.774658203125,0.5574951171875,0.28399658203125,2.5354838709677416,76.83284457478005,2.1516129032258062,65.20039100684262,2.551612903225806,77.32160312805473
4.220806036959402,109.73778129492415,-0.09173583984375,-0.774658203125,0.5574951171875,0.28399658203125,2.564516129032258,77.71260997067448,2.1225806451612903,64.32062561094818,2.5354838709677416,76.83284457478005
4.243959045037627,108.00808366725019,-0.0970458984375,-0.77264404296875,0.56573486328125,0.2711181640625,2.5129032258064514,76.1485826001955,2.1354838709677417,64.71163245356793,2.5709677419354837,77.90811339198436
4.260929109994322,108.00808366725019,-0.0970458984375,-0.77264404296875,0.56573486328125,0.2711181640625,2.564516129032258,77.71260997067448,2.1129032258064515,64.02737047898339,2.554838709677419,77.41935483870968
4.281025893986225,108.00808366725019,-0.0970458984375,-0.77264404296875,0.56573486328125,0.2711181640625,2.529032258064516,76.63734115347019,2.1645161290322577,65.59139784946235,2.5419354838709673,77.02834799608992
4.301110294996761,106.09331155236436,-0.103759765625,-0.77008056640625,0.574462890625,0.25738525390625,2.5483870967741935,77.2238514173998,2.1548387096774193,65.29814271749756,2.5387096774193547,76.93059628543499
4.321153511060402,106.09331155236436,-0.103759765625,-0.77008056640625,0.574462890625,0.25738525390625,2.5354838709677416,76.83284457478005,2.1451612903225805,65.00488758553274,2.5161290322580645,76.24633431085044
4.34124357602559,103.92429780676774,-0.11041259765625,-0.7655029296875,0.58599853515625,0.24169921875,2.5354838709677416,76.83284457478005,2.1129032258064515,64.02737047898339,2.5129032258064514,76.1485826001955
4.361310824984685,103.92429780676774,-0.11041259765625,-0.7655029296875,0.58599853515625,0.24169921875,2.5774193548387094,78.10361681329422,2.1322580645161286,64.61388074291298,2.5129032258064514,76.1485826001955
4.381381176994182,103.92429780676774,-0.11041259765625,-0.7655029296875,0.58599853515625,0.24169921875,2.525806451612903,76.53958944281524,2.116129032258064,64.1251221896383,2.551612903225806,77.32160312805473
4.4014393059769645,101.69179213639887,-0.1162109375,-0.75921630859375,0.5994873046875,0.2252197265625,2.5032258064516126,75.8553274682307,2.138709677419355,64.80938416422288,2.5,75.75757575757575
4.421502170036547,101.69179213639887,-0.1162109375,-0.75921630859375,0.5994873046875,0.2252197265625,2.5161290322580645,76.24633431085044,2.1225806451612903,64.32062561094818,2.4806451612903224,75.17106549364614
4.4415752430213615,99.43165428443949,-0.1219482421875,-0.7518310546875,0.613525390625,0.20849609375,2.5129032258064514,76.1485826001955,2.087096774193548,63.24535679374389,2.529032258064516,76.63734115347019
4.461645819013938,99.43165428443949,-0.1219482421875,-0.7518310546875,0.613525390625,0.20849609375,2.5064516129032257,75.95307917888563,2.106451612903226,63.831867057673506,2.5032258064516126,75.8553274682307
4.481745067983866,99.43165428443949,-0.1219482421875,-0.7518310546875,0.613525390625,0.20849609375,2.5032258064516126,75.8553274682307,2.0903225806451613,63.34310850439883,2.52258064516129,76.44183773216031
4.501794459996745,96.96666970136775,-0.1304931640625,-0.74517822265625,0.62548828125,0.19091796875,2.519354838709677,76.34408602150538,2.106451612903226,63.831867057673506,2.493548387096774,75.56207233626587
4.521909549017437,96.96666970136775,-0.1304931640625,-0.74517822265625,0.62548828125,0.19091796875,2.5064516129032257,75.95307917888563,2.106451612903226,63.831867057673506,2.5,75.75757575757575
4.541958749992773,94.46626640072054,-0.14105224609375,-0.74029541015625,0.634033203125,0.17340087890625,2.4741935483870967,74.97556207233626,2.064516129032258,62.56109481915934,2.519354838709677,76.34408602150538
4.562012718059123,94.46626640072054,-0.14105224609375,-0.74029541015625,0.634033203125,0.17340087890625,2.5129032258064514,76.1485826001955,2.087096774193548,63.24535679374389,2.4741935483870967,74.97556207233626
4.582080479012802,94.46626640072054,-0.14105224609375,-0.74029541015625,0.634033203125,0.17340087890625,2.525806451612903,76.53958944281524,2.083870967741935,63.14760508308894,2.487096774193548,75.366568914956
4.602115886984393,91.99630169865412,-0.15216064453125,-0.736083984375,0.64080810546875,0.1561279296875,2.5129032258064514,76.1485826001955,2.0709677419354837,62.75659824046921,2.525806451612903,76.53958944281524
4.622200320009142,91.99630169865412,-0.15216064453125,-0.736083984375,0.64080810546875,0.1561279296875,2.5129032258064514,76.1485826001955,2.064516129032258,62.56109481915934,2.496774193548387,75.65982404692082
4.642276272061281,89.48029573247901,-0.1640625,-0.731689453125,0.64691162109375,0.13885498046875,2.4612903225806453,74.58455522971653,2.0483870967741935,62.07233626588465,2.4774193548387093,75.07331378299119
4.662353793042712,89.48029573247901,-0.1640625,-0.731689453125,0.64691162109375,0.13885498046875,2.493548387096774,75.56207233626587,2.051612903225806,62.17008797653958,2.490322580645161,75.46432062561095
4.68242350500077,89.48029573247901,-0.1640625,-0.731689453125,0.64691162109375,0.13885498046875,2.487096774193548,75.366568914956,2.061290322580645,62.4633431085044,2.4774193548387093,75.07331378299119
4.702487617963925,86.93373336227644,-0.17584228515625,-0.72589111328125,0.65374755859375,0.12152099609375,2.490322580645161,75.46432062561095,2.0580645161290323,62.365591397849464,2.4774193548387093,75.07331378299119
4.722554226056673,86.93373336227644,-0.17584228515625,-0.72589111328125,0.65374755859375,0.12152099609375,2.4774193548387093,75.07331378299119,2.0451612903225804,61.97458455522972,2.496774193548387,75.65982404692082
4.7426712029846385,84.34679135723013,-0.188720703125,-0.7198486328125,0.6597900390625,0.10455322265625,2.4709677419354836,74.87781036168133,2.032258064516129,61.58357771260997,2.4741935483870967,74.97556207233626
4.762715028016828,84.34679135723013,-0.188720703125,-0.7198486328125,0.6597900390625,0.10455322265625,2.4774193548387093,75.07331378299119,2.0387096774193547,61.779081133919846,2.4741935483870967,74.97556207233626
4.782780100009404,84.34679135723013,-0.188720703125,-0.7198486328125,0.6597900390625,0.10455322265625,2.496774193548387,75.65982404692082,2.029032258064516,61.48582600195503,2.464516129032258,74.68230694037146
4.802831380977295,81.6247946317317,-0.20330810546875,-0.71429443359375,0.66400146484375,0.0870361328125,2.42258064516129,73.41153470185728,2.051612903225806,62.17008797653958,2.4483870967741934,74.19354838709677
4.822915717028081,81.6247946317317,-0.20330810546875,-0.71429443359375,0.66400146484375,0.0870361328125,2.4612903225806453,74.58455522971653,2.0354838709677416,61.6813294232649,2.464516129032258,74.68230694037146
4.842983286012895,78.87618138293024,-0.2181396484375,-0.70904541015625,0.6669921875,0.06915283203125,2.4516129032258065,74.29130009775172,2.061290322580645,62.4633431085044,2.42258064516129,73.41153470185728
4.863061990006827,78.87618138293024,-0.2181396484375,-0.70904541015625,0.6669921875,0.06915283203125,2.4741935483870967,74.97556207233626,2.061290322580645,62.4633431085044,2.464516129032258,74.68230694037146
4.883114038966596,78.87618138293024,-0.2181396484375,-0.70904541015625,0.6669921875,0.06915283203125,2.4709677419354836,74.87781036168133,2.0451612903225804,61.97458455522972,2.5,75.75757575757575
4.903164135059342,76.02535550978224,-0.23297119140625,-0.702392578125,0.670654296875,0.050537109375,2.4709677419354836,74.87781036168133,2.0354838709677416,61.6813294232649,2.467741935483871,74.7800586510264
4.923244183999486,76.02535550978224,-0.23297119140625,-0.702392578125,0.670654296875,0.050537109375,2.4483870967741934,74.19354838709677,2.054838709677419,62.267839687194524,2.42258064516129,73.41153470185728
4.94333956099581,73.37670348575999,-0.24713134765625,-0.6962890625,0.67303466796875,0.033447265625,2.4290322580645163,73.60703812316717,2.041935483870968,61.87683284457478,2.525806451612903,76.53958944281524
4.9777458070311695,73.37670348575999,-0.24713134765625,-0.6962890625,0.67303466796875,0.033447265625,2.464516129032258,74.68230694037146,2.061290322580645,62.4633431085044,2.458064516129032,74.48680351906158
4.983497611014172,73.37670348575999,-0.24713134765625,-0.6962890625,0.67303466796875,0.033447265625,2.4516129032258065,74.29130009775172,2.061290322580645,62.4633431085044,2.435483870967742,73.80254154447702
5.003548156004399,70.70850261664135,-0.2611083984375,-0.6904296875,0.6744384765625,0.01580810546875,2.458064516129032,74.48680351906158,2.029032258064516,61.48582600195503,2.4741935483870967,74.97556207233626
5.023602509056218,70.70850261664135,-0.2611083984375,-0.6904296875,0.6744384765625,0.01580810546875,2.464516129032258,74.68230694037146,2.061290322580645,62.4633431085044,2.454838709677419,74.38905180840665
5.043660414055921,68.16408088639123,0.2747802734375,0.68536376953125,-0.67437744140625,0.0009765625,2.4483870967741934,74.19354838709677,1.996774193548387,60.50830889540567,2.4387096774193546,73.90029325513197
5.063754094997421,68.16408088639123,0.2747802734375,0.68536376953125,-0.67437744140625,0.0009765625,2.4387096774193546,73.90029325513197,1.993548387096774,60.410557184750736,2.467741935483871,74.7800586510264
5.083801727043465,68.16408088639123,0.2747802734375,0.68536376953125,-0.67437744140625,0.0009765625,2.4709677419354836,74.87781036168133,2.029032258064516,61.48582600195503,2.3967741935483873,72.6295210166178
5.103861168026924,65.60667066435312,0.28936767578125,0.6796875,-0.67376708984375,0.0169677734375,2.435483870967742,73.80254154447702,2.0451612903225804,61.97458455522972,2.3967741935483873,72.6295210166178
5.123936800984666,65.60667066435312,0.28936767578125,0.6796875,-0.67376708984375,0.0169677734375,2.4516129032258065,74.29130009775172,2.051612903225806,62.17008797653958,2.4419354838709677,73.9980449657869
5.14402488199994,63.21525595729083,0.3046875,0.6741943359375,-0.672119140625,0.03045654296875,2.4806451612903224,75.17106549364614,2.083870967741935,63.14760508308894,2.370967741935484,71.8475073313783
5.164204036002047,63.21525595729083,0.3046875,0.6741943359375,-0.672119140625,0.03045654296875,2.4806451612903224,75.17106549364614,2.0677419354838706,62.65884652981426,2.425806451612903,73.50928641251222
5.184177428018302,63.21525595729083,0.3046875,0.6741943359375,-0.672119140625,0.03045654296875,2.487096774193548,75.366568914956,2.0709677419354837,62.75659824046921,2.454838709677419,74.38905180840665
5.2042155569652095,61.121807835238684,0.32012939453125,0.6689453125,-0.66961669921875,0.04052734375,2.4774193548387093,75.07331378299119,2.074193548387097,62.85434995112414,2.454838709677419,74.38905180840665
5.224294806015678,61.121807835238684,0.32012939453125,0.6689453125,-0.66961669921875,0.04052734375,2.493548387096774,75.56207233626587,2.0677419354838706,62.65884652981426,2.435483870967742,73.80254154447702
5.244347303058021,59.12006507824907,0.33673095703125,0.66473388671875,-0.66510009765625,0.04913330078125,2.519354838709677,76.34408602150538,2.1129032258064515,64.02737047898339,2.432258064516129,73.70478983382209
5.264631642028689,59.12006507824907,0.33673095703125,0.66473388671875,-0.66510009765625,0.04913330078125,2.4806451612903224,75.17106549364614,2.083870967741935,63.14760508308894,2.4483870967741934,74.19354838709677
5.284528521005996,59.12006507824907,0.33673095703125,0.66473388671875,-0.66510009765625,0.04913330078125,2.490322580645161,75.46432062561095,2.1129032258064515,64.02737047898339,2.425806451612903,73.50928641251222
5.30459618603345,57.16892912871823,0.35345458984375,0.66107177734375,-0.6593017578125,0.05755615234375,2.5,75.75757575757575,2.1032258064516127,63.73411534701857,2.454838709677419,74.38905180840665
5.324661610997282,57.16892912871823,0.35345458984375,0.66107177734375,-0.6593017578125,0.05755615234375,2.4774193548387093,75.07331378299119,2.1129032258064515,64.02737047898339,2.435483870967742,73.80254154447702
5.344976605963893,55.26323626941363,0.3685302734375,0.656494140625,-0.65478515625,0.06640625,2.490322580645161,75.46432062561095,2.125806451612903,64.41837732160313,2.4741935483870967,74.97556207233626
5.364814636996016,55.26323626941363,0.3685302734375,0.656494140625,-0.65478515625,0.06640625,2.5096774193548383,76.05083088954055,2.125806451612903,64.41837732160313,2.3967741935483873,72.6295210166178
5.384899422060698,55.26323626941363,0.3685302734375,0.656494140625,-0.65478515625,0.06640625,2.490322580645161,75.46432062561095,2.106451612903226,63.831867057673506,2.425806451612903,73.50928641251222
5.404940975015052,53.33463903024258,0.38330078125,0.6510009765625,-0.65081787109375,0.075439453125,2.5129032258064514,76.1485826001955,2.1322580645161286,64.61388074291298,2.393548387096774,72.53176930596285
5.425010111997835,53.33463903024258,0.38330078125,0.6510009765625,-0.65081787109375,0.075439453125,2.5032258064516126,75.8553274682307,2.116129032258064,64.1251221896383,2.4193548387096775,73.31378299120234
5.445069328066893,51.306910205585616,0.39801025390625,0.6439208984375,-0.64788818359375,0.0849609375,2.490322580645161,75.46432062561095,2.1225806451612903,64.32062561094818,2.432258064516129,73.70478983382209
5.465149346040562,51.306910205585616,0.39801025390625,0.6439208984375,-0.64788818359375,0.0849609375,2.5064516129032257,75.95307917888563,2.125806451612903,64.41837732160313,2.425806451612903,73.50928641251222
5.4852112180087715,51.306910205585616,0.39801025390625,0.6439208984375,-0.64788818359375,0.0849609375,2.5096774193548383,76.05083088954055,2.1419354838709674,64.90713587487781,2.4483870967741934,74.19354838709677
5.505308547988534,49.26377662443316,0.41168212890625,0.63568115234375,-0.6461181640625,0.0948486328125,2.490322580645161,75.46432062561095,2.1645161290322577,65.59139784946235,2.4096774193548387,73.02052785923753
5.5253913810011,49.26377662443316,0.41168212890625,0.63568115234375,-0.6461181640625,0.0948486328125,2.490322580645161,75.46432062561095,2.1548387096774193,65.29814271749756,2.370967741935484,71.8475073313783
5.545464870054275,47.04106922768154,0.42535400390625,0.62725830078125,-0.6435546875,0.1068115234375,2.5161290322580645,76.24633431085044,2.1548387096774193,65.29814271749756,2.412903225806452,73.11827956989248
5.565508277970366,47.04106922768154,0.42535400390625,0.62725830078125,-0.6435546875,0.1068115234375,2.5064516129032257,75.95307917888563,2.1838709677419352,66.17790811339198,2.4,72.72727272727273
5.5856252879602835,47.04106922768154,0.42535400390625,0.62725830078125,-0.6435546875,0.1068115234375,2.5129032258064514,76.1485826001955,2.2290322580645157,67.54643206256108,2.3870967741935485,72.33626588465299
5.605636568041518,44.81818228951945,0.43756103515625,0.6209716796875,-0.63897705078125,0.12091064453125,2.529032258064516,76.63734115347019,2.2290322580645157,67.54643206256108,2.393548387096774,72.53176930596285
5.625717160990462,44.81818228951945,0.43756103515625,0.6209716796875,-0.63897705078125,0.12091064453125,2.529032258064516,76.63734115347019,2.235483870967742,67.74193548387096,2.4064516129032256,72.9227761485826
5.645783834042959,42.50952338258669,0.44866943359375,0.61285400390625,-0.63616943359375,0.13568115234375,2.558064516129032,77.5171065493646,2.2677419354838713,68.71945259042035,2.4,72.72727272727273
5.665850443067029,42.50952338258669,0.44866943359375,0.61285400390625,-0.63616943359375,0.13568115234375,2.558064516129032,77.5171065493646,2.2387096774193544,67.8396871945259,2.3967741935483873,72.6295210166178
5.685921404045075,42.50952338258669,0.44866943359375,0.61285400390625,-0.63616943359375,0.13568115234375,2.529032258064516,76.63734115347019,2.274193548387097,68.91495601173021,2.370967741935484,71.8475073313783
5.713924287003465,40.514903523894866,0.45819091796875,0.60595703125,-0.633056640625,0.14862060546875,2.551612903225806,77.32160312805473,2.306451612903226,69.89247311827957,2.4064516129032256,72.9227761485826
5.726018844987266,40.514903523894866,0.45819091796875,0.60595703125,-0.633056640625,0.14862060546875,2.5774193548387094,78.10361681329422,2.2677419354838713,68.71945259042035,2.4,72.72727272727273
5.7461597269866616,38.509909134493206,0.46728515625,0.59820556640625,-0.630615234375,0.16143798828125,2.564516129032258,77.71260997067448,2.3193548387096774,70.28347996089931,2.3870967741935485,72.33626588465299
5.766202655970119,38.509909134493206,0.46728515625,0.59820556640625,-0.630615234375,0.16143798828125,2.5,75.75757575757575,2.338709677419355,70.86999022482894,2.42258064516129,73.41153470185728
5.786283057066612,38.509909134493206,0.46728515625,0.59820556640625,-0.630615234375,0.16143798828125,2.532258064516129,76.73509286412512,2.3451612903225807,71.0654936461388,2.4193548387096775,73.31378299120234
5.806364290066995,36.85391800827618,0.47503662109375,0.5919189453125,-0.6280517578125,0.171875,2.5741935483870964,78.00586510263928,2.367741935483871,71.74975562072336,2.493548387096774,75.56207233626587
5.826401490019634,36.85391800827618,0.47503662109375,0.5919189453125,-0.6280517578125,0.171875,2.596774193548387,78.69012707722385,2.3838709677419354,72.23851417399804,2.4419354838709677,73.9980449657869
5.84647757105995,35.31319181647264,0.4814453125,0.58563232421875,-0.62628173828125,0.18182373046875,2.6032258064516127,78.88563049853371,2.3806451612903228,72.14076246334312,2.432258064516129,73.70478983382209
5.866542835952714,35.31319181647264,0.4814453125,0.58563232421875,-0.62628173828125,0.18182373046875,2.5677419354838706,77.81036168132943,2.358064516129032,71.45650048875855,2.4419354838709677,73.9980449657869
5.886621540994383,35.31319181647264,0.4814453125,0.58563232421875,-0.62628173828125,0.18182373046875,2.551612903225806,77.32160312805473,2.4096774193548387,73.02052785923753,2.435483870967742,73.80254154447702
5.906686038011685,33.51500199968919,0.48822021484375,0.5784912109375,-0.6240234375,0.1939697265625,2.5741935483870964,78.00586510263928,2.435483870967742,73.80254154447702,2.425806451612903,73.50928641251222
5.92670663096942,33.51500199968919,0.48822021484375,0.5784912109375,-0.6240234375,0.1939697265625,2.5709677419354837,77.90811339198436,2.3806451612903228,72.14076246334312,2.425806451612903,73.50928641251222
5.946805816027336,31.555405703001995,0.49542236328125,0.56988525390625,-0.6220703125,0.20684814453125,2.590322580645161,78.49462365591397,2.42258064516129,73.41153470185728,2.4483870967741934,74.19354838709677
5.96685021801386,31.555405703001995,0.49542236328125,0.56988525390625,-0.6220703125,0.20684814453125,2.629032258064516,79.6676441837732,2.3838709677419354,72.23851417399804,2.4741935483870967,74.97556207233626
5.986911962972954,31.555405703001995,0.49542236328125,0.56988525390625,-0.6220703125,0.20684814453125,2.629032258064516,79.6676441837732,2.3967741935483873,72.6295210166178,2.4741935483870967,74.97556207233626
6.007013836060651,29.69037653293661,0.50347900390625,0.56036376953125,-0.62060546875,0.217529296875,2.6096774193548384,79.0811339198436,2.4516129032258065,74.29130009775172,2.5129032258064514,76.1485826001955
6.027044572983868,29.69037653293661,0.50347900390625,0.56036376953125,-0.62060546875,0.217529296875,2.5774193548387094,78.10361681329422,2.4741935483870967,74.97556207233626,2.4774193548387093,75.07331378299119
6.0471275669988245,28.068785656297678,0.51165771484375,0.55181884765625,-0.61859130859375,0.2259521484375,2.6032258064516127,78.88563049853371,2.519354838709677,76.34408602150538,2.5,75.75757575757575
6.06719561596401,28.068785656297678,0.51165771484375,0.55181884765625,-0.61859130859375,0.2259521484375,2.5806451612903225,78.20136852394917,2.493548387096774,75.56207233626587,2.496774193548387,75.65982404692082
6.087256497005001,28.068785656297678,0.51165771484375,0.55181884765625,-0.61859130859375,0.2259521484375,2.593548387096774,78.59237536656892,2.4838709677419355,75.26881720430107,2.5161290322580645,76.24633431085044
6.107299649971537,26.599193568063747,0.520263671875,0.5450439453125,-0.61456298828125,0.233642578125,2.6032258064516127,78.88563049853371,2.5032258064516126,75.8553274682307,2.519354838709677,76.34408602150538
6.127375027979724,26.599193568063747,0.520263671875,0.5450439453125,-0.61456298828125,0.233642578125,2.629032258064516,79.6676441837732,2.525806451612903,76.53958944281524,2.551612903225806,77.32160312805473
6.147483141976409,25.412396312088887,0.52801513671875,0.53900146484375,-0.61114501953125,0.23919677734375,2.6193548387096772,79.37438905180841,2.529032258064516,76.63734115347019,2.5,75.75757575757575
6.167519351001829,25.412396312088887,0.52801513671875,0.53900146484375,-0.61114501953125,0.23919677734375,2.6096774193548384,79.0811339198436,2.5677419354838706,77.81036168132943,2.5483870967741935,77.2238514173998
6.1875838480191305,25.412396312088887,0.52801513671875,0.53900146484375,-0.61114501953125,0.23919677734375,2.616129032258064,79.27663734115346,2.561290322580645,77.61485826001955,2.52258064516129,76.44183773216031
6.207649048999883,24.64993097688094,0.5341796875,0.53460693359375,-0.60858154296875,0.241943359375,2.6322580645161286,79.76539589442815,2.561290322580645,77.61485826001955,2.529032258064516,76.63734115347019
6.227749514975585,24.64993097688094,0.5341796875,0.53460693359375,-0.60858154296875,0.241943359375,2.6387096774193544,79.960899315738,2.5741935483870964,78.00586510263928,2.5161290322580645,76.24633431085044
6.247799803968519,24.144491372332837,0.53863525390625,0.53125,-0.60687255859375,0.2435302734375,2.6419354838709674,80.05865102639295,2.593548387096774,78.59237536656892,2.529032258064516,76.63734115347019
6.2678901250474155,24.144491372332837,0.53863525390625,0.53125,-0.60687255859375,0.2435302734375,2.6322580645161286,79.76539589442815,2.587096774193548,78.39687194525904,2.487096774193548,75.366568914956
6.287952095037326,24.144491372332837,0.53863525390625,0.53125,-0.60687255859375,0.2435302734375,2.6354838709677417,79.86314760508309,2.5806451612903225,78.20136852394917,2.519354838709677,76.34408602150538
6.3079929440282285,23.547018343990814,0.54278564453125,0.5279541015625,-0.60504150390625,0.24615478515625,2.648387096774193,80.25415444770283,2.564516129032258,77.71260997067448,2.5387096774193547,76.93059628543499
6.328071873052977,23.547018343990814,0.54278564453125,0.5279541015625,-0.60504150390625,0.24615478515625,2.6419354838709674,80.05865102639295,2.5999999999999996,78.78787878787878,2.529032258064516,76.63734115347019
6.348172275000252,22.906318380865073,0.5472412109375,0.5240478515625,-0.603271484375,0.2489013671875,2.6516129032258062,80.35190615835776,2.616129032258064,79.27663734115346,2.5483870967741935,77.2238514173998
6.368198883952573,22.906318380865073,0.5472412109375,0.5240478515625,-0.603271484375,0.2489013671875,2.654838709677419,80.4496578690127,2.625806451612903,79.56989247311827,2.5451612903225804,77.12609970674487
6.388276180950925,22.906318380865073,0.5472412109375,0.5240478515625,-0.603271484375,0.2489013671875,2.654838709677419,80.4496578690127,2.6096774193548384,79.0811339198436,2.5,75.75757575757575
6.408337670029141,22.440831918885237,0.55133056640625,0.51983642578125,-0.6029052734375,0.24957275390625,2.658064516129032,80.54740957966764,2.6419354838709674,80.05865102639295,2.5,75.75757575757575
6.428444311954081,22.440831918885237,0.55133056640625,0.51983642578125,-0.6029052734375,0.24957275390625,2.680645161290322,81.23167155425219,2.6322580645161286,79.76539589442815,2.564516129032258,77.71260997067448
6.4577356580412015,21.99644817169684,0.55487060546875,0.5162353515625,-0.60235595703125,0.2506103515625,2.680645161290322,81.23167155425219,2.6387096774193544,79.960899315738,2.5419354838709673,77.02834799608992
6.468558361986652,21.99644817169684,0.55487060546875,0.5162353515625,-0.60235595703125,0.2506103515625,2.6677419354838707,80.84066471163244,2.6322580645161286,79.76539589442815,2.558064516129032,77.5171065493646
6.488615851965733,21.99644817169684,0.55487060546875,0.5162353515625,-0.60235595703125,0.2506103515625,2.680645161290322,81.23167155425219,2.680645161290322,81.23167155425219,2.6096774193548384,79.0811339198436
6.508681116974913,21.603026983017543,0.55731201171875,0.5140380859375,-0.60113525390625,0.25262451171875,2.6645161290322577,80.74291300097751,2.658064516129032,80.54740957966764,2.525806451612903,76.53958944281524
6.528993712970987,21.603026983017543,0.55731201171875,0.5140380859375,-0.60113525390625,0.25262451171875,2.6709677419354834,80.93841642228737,2.680645161290322,81.23167155425219,2.5709677419354837,77.90811339198436
6.549072962021455,21.38913937513925,0.558349609375,0.51336669921875,-0.5999755859375,0.25433349609375,2.693548387096774,81.62267839687193,2.680645161290322,81.23167155425219,2.529032258064516,76.63734115347019
6.569112626952119,21.38913937513925,0.558349609375,0.51336669921875,-0.5999755859375,0.25433349609375,2.6967741935483867,81.72043010752688,2.680645161290322,81.23167155425219,2.5354838709677416,76.83284457478005
6.589174436056055,21.38913937513925,0.558349609375,0.51336669921875,-0.5999755859375,0.25433349609375,2.6838709677419352,81.32942326490713,2.661290322580645,80.64516129032258,2.532258064516129,76.73509286412512
6.60924152599182,21.316052836492048,0.55938720703125,0.512939453125,-0.59930419921875,0.2545166015625,2.7064516129032254,82.01368523949168,2.6645161290322577,80.74291300097751,2.558064516129032,77.5171065493646
6.629337511025369,21.316052836492048,0.55938720703125,0.512939453125,-0.59930419921875,0.2545166015625,2.6967741935483867,81.72043010752688,2.658064516129032,80.54740957966764,2.5451612903225804,77.12609970674487
6.649408377008513,21.238250140193827,0.5594482421875,0.51251220703125,-0.59942626953125,0.2550048828125,2.693548387096774,81.62267839687193,2.6354838709677417,79.86314760508309,2.5387096774193547,76.93059628543499
6.66945837798994,21.238250140193827,0.5594482421875,0.51251220703125,-0.59942626953125,0.2550048828125,2.687096774193548,81.42717497556205,2.661290322580645,80.64516129032258,2.529032258064516,76.63734115347019
6.689515643054619,21.238250140193827,0.5594482421875,0.51251220703125,-0.59942626953125,0.2550048828125,2.6838709677419352,81.32942326490713,2.658064516129032,80.54740957966764,2.525806451612903,76.53958944281524
6.709601421025582,21.11675121402712,0.5592041015625,0.51177978515625,-0.60003662109375,0.2557373046875,2.6838709677419352,81.32942326490713,2.680645161290322,81.23167155425219,2.529032258064516,76.63734115347019
6.729670078027993,21.11675121402712,0.5592041015625,0.51177978515625,-0.60003662109375,0.2557373046875,2.654838709677419,80.4496578690127,2.712903225806451,82.20918866080156,2.532258064516129,76.73509286412512
6.749767726985738,21.04643952377897,0.56011962890625,0.51025390625,-0.60064697265625,0.25518798828125,2.6967741935483867,81.72043010752688,2.62258064516129,79.47214076246333,2.5419354838709673,77.02834799608992
6.769810657016933,21.04643952377897,0.56011962890625,0.51025390625,-0.60064697265625,0.25518798828125,2.629032258064516,79.6676441837732,2.6451612903225805,80.1564027370479,2.558064516129032,77.5171065493646
6.789884850033559,21.04643952377897,0.56011962890625,0.51025390625,-0.60064697265625,0.25518798828125,2.6838709677419352,81.32942326490713,2.6322580645161286,79.76539589442815,2.6032258064516127,78.88563049853371
6.809950947063044,21.010011816282145,0.56109619140625,0.509033203125,-0.60113525390625,0.25433349609375,2.654838709677419,80.4496578690127,2.6419354838709674,80.05865102639295,2.6032258064516127,78.88563049853371
6.830027668969706,21.010011816282145,0.56109619140625,0.509033203125,-0.60113525390625,0.25433349609375,2.693548387096774,81.62267839687193,2.629032258064516,79.6676441837732,2.5483870967741935,77.2238514173998
6.850085541955195,20.95376959312823,0.56170654296875,0.5079345703125,-0.60162353515625,0.25396728515625,2.6774193548387095,81.13391984359725,2.6451612903225805,80.1564027370479,2.5483870967741935,77.2238514173998
6.87017538305372,20.95376959312823,0.56170654296875,0.5079345703125,-0.60162353515625,0.25396728515625,2.7032258064516124,81.91593352883673,2.6322580645161286,79.76539589442815,2.554838709677419,77.41935483870968
6.8902164560277015,20.95376959312823,0.56170654296875,0.5079345703125,-0.60162353515625,0.25396728515625,2.6838709677419352,81.32942326490713,2.654838709677419,80.4496578690127,2.5419354838709673,77.02834799608992
6.910299033974297,20.866268284198384,0.5618896484375,0.50714111328125,-0.60205078125,0.25421142578125,2.719354838709677,82.40469208211142,2.6709677419354834,80.93841642228737,2.5483870967741935,77.2238514173998
6.930382156046107,20.866268284198384,0.5618896484375,0.50714111328125,-0.60205078125,0.25421142578125,2.6838709677419352,81.32942326490713,2.6032258064516127,78.88563049853371,2.5709677419354837,77.90811339198436
6.95045692496933,20.785853911201116,0.5616455078125,0.5068359375,-0.60223388671875,0.25494384765625,2.693548387096774,81.62267839687193,2.62258064516129,79.47214076246333,2.5483870967741935,77.2238514173998
6.970496719004586,20.785853911201116,0.5616455078125,0.5068359375,-0.60223388671875,0.25494384765625,2.6677419354838707,80.84066471163244,2.6419354838709674,80.05865102639295,2.529032258064516,76.63734115347019
6.990593377035111,20.785853911201116,0.5616455078125,0.5068359375,-0.60223388671875,0.25494384765625,2.6967741935483867,81.72043010752688,2.6322580645161286,79.76539589442815,2.5709677419354837,77.90811339198436
7.010626578005031,20.771024096374617,0.56085205078125,0.50732421875,-0.6021728515625,0.25579833984375,2.693548387096774,81.62267839687193,2.625806451612903,79.56989247311827,2.5483870967741935,77.2238514173998
7.030707172001712,20.771024096374617,0.56085205078125,0.50732421875,-0.6021728515625,0.25579833984375,2.6774193548387095,81.13391984359725,2.6129032258064515,79.17888563049853,2.554838709677419,77.41935483870968
7.050781141966581,20.83678236366046,0.55908203125,0.50872802734375,-0.602294921875,0.25665283203125,2.6774193548387095,81.13391984359725,2.6193548387096772,79.37438905180841,2.529032258064516,76.63734115347019
7.0708564560627565,20.83678236366046,0.55908203125,0.50872802734375,-0.602294921875,0.25665283203125,2.6677419354838707,80.84066471163244,2.583870967741935,78.2991202346041,2.558064516129032,77.5171065493646
7.090946201002225,20.83678236366046,0.55908203125,0.50872802734375,-0.602294921875,0.25665283203125,2.6516129032258062,80.35190615835776,2.6096774193548384,79.0811339198436,2.5483870967741935,77.2238514173998
7.110985898994841,21.05972385912453,0.55609130859375,0.51171875,-0.6021728515625,0.2574462890625,2.680645161290322,81.23167155425219,2.5387096774193547,76.93059628543499,2.551612903225806,77.32160312805473
7.131073373020627,21.05972385912453,0.55609130859375,0.51171875,-0.6021728515625,0.2574462890625,2.6354838709677417,79.86314760508309,2.558064516129032,77.5171065493646,2.5709677419354837,77.90811339198436
7.151155247003771,21.436106271284544,0.5513916015625,0.5162353515625,-0.602294921875,0.25823974609375,2.625806451612903,79.56989247311827,2.5161290322580645,76.24633431085044,2.525806451612903,76.53958944281524
7.171213440014981,21.436106271284544,0.5513916015625,0.5162353515625,-0.602294921875,0.25823974609375,2.625806451612903,79.56989247311827,2.5,75.75757575757575,2.5,75.75757575757575
7.195632415008731,21.436106271284544,0.5513916015625,0.5162353515625,-0.602294921875,0.25823974609375,2.5806451612903225,78.20136852394917,2.435483870967742,73.80254154447702,2.551612903225806,77.32160312805473
7.211327363038436,22.1293371724297,0.54443359375,0.522705078125,-0.60321044921875,0.2578125,2.5774193548387094,78.10361681329422,2.4096774193548387,73.02052785923753,2.5774193548387094,78.10361681329422
7.231432756991126,22.1293371724297,0.54443359375,0.522705078125,-0.60321044921875,0.2578125,2.5806451612903225,78.20136852394917,2.3741935483870966,71.94525904203324,2.525806451612903,76.53958944281524
7.251483847037889,23.18018213967676,0.53607177734375,0.53118896484375,-0.60430908203125,0.25543212890625,2.5806451612903225,78.20136852394917,2.3193548387096774,70.28347996089931,2.519354838709677,76.34408602150538
7.271543352981098,23.18018213967676,0.53607177734375,0.53118896484375,-0.60430908203125,0.25543212890625,2.5677419354838706,77.81036168132943,2.296774193548387,69.59921798631477,2.5096774193548383,76.05083088954055
7.291651851031929,23.18018213967676,0.53607177734375,0.53118896484375,-0.60430908203125,0.25543212890625,2.5709677419354837,77.90811339198436,2.270967741935484,68.81720430107528,2.493548387096774,75.56207233626587
7.31166556396056,24.661536272126966,0.52606201171875,0.54107666015625,-0.6065673828125,0.25006103515625,2.5677419354838706,77.81036168132943,2.22258064516129,67.35092864125122,2.4741935483870967,74.97556207233626
7.331751566031016,24.661536272126966,0.52606201171875,0.54107666015625,-0.6065673828125,0.25006103515625,2.616129032258064,79.27663734115346,2.212903225806451,67.0576735092864,2.5,75.75757575757575
7.351898559951223,27.019499342441627,0.51153564453125,0.5579833984375,-0.60711669921875,0.24169921875,2.551612903225806,77.32160312805473,2.225806451612903,67.44868035190615,2.496774193548387,75.65982404692082
7.371938865981065,27.019499342441627,0.51153564453125,0.5579833984375,-0.60711669921875,0.24169921875,2.554838709677419,77.41935483870968,2.1741935483870964,65.88465298142717,2.5161290322580645,76.24633431085044
7.391984579036944,27.019499342441627,0.51153564453125,0.5579833984375,-0.60711669921875,0.24169921875,2.5483870967741935,77.2238514173998,2.087096774193548,63.24535679374389,2.5032258064516126,75.8553274682307
7.412028628983535,30.350979345979987,0.4893798828125,0.583251953125,-0.60546875,0.23175048828125,2.554838709677419,77.41935483870968,2.064516129032258,62.56109481915934,2.5161290322580645,76.24633431085044
7.432113223010674,30.350979345979987,0.4893798828125,0.583251953125,-0.60546875,0.23175048828125,2.5709677419354837,77.90811339198436,1.9838709677419355,60.117302052785924,2.5,75.75757575757575
7.452184695983306,33.75393562256021,0.464599609375,0.610595703125,-0.6011962890625,0.223388671875,2.551612903225806,77.32160312805473,1.9709677419354839,59.72629521016618,2.496774193548387,75.65982404692082
7.47222045797389,33.75393562256021,0.464599609375,0.610595703125,-0.6011962890625,0.223388671875,2.554838709677419,77.41935483870968,2.1774193548387095,65.98240469208211,2.5129032258064514,76.1485826001955
7.492303131031804,33.75393562256021,0.464599609375,0.610595703125,-0.6011962890625,0.223388671875,2.558064516129032,77.5171065493646,2.116129032258064,64.1251221896383,2.4741935483870967,74.97556207233626
7.5124049100559205,36.77402599524896,0.44268798828125,0.62750244140625,-0.6044921875,0.2117919921875,2.558064516129032,77.5171065493646,2.064516129032258,62.56109481915934,2.464516129032258,74.68230694037146
7.532461247057654,36.77402599524896,0.44268798828125,0.62750244140625,-0.6044921875,0.2117919921875,2.561290322580645,77.61485826001955,2.0903225806451613,63.34310850439883,2.435483870967742,73.80254154447702
7.552582000964321,41.08333373387978,0.4229736328125,0.62786865234375,-0.62908935546875,0.17645263671875,2.551612903225806,77.32160312805473,2.1096774193548384,63.929618768328446,2.435483870967742,73.80254154447702
7.572601794963703,41.08333373387978,0.4229736328125,0.62786865234375,-0.62908935546875,0.17645263671875,2.590322580645161,78.49462365591397,2.0677419354838706,62.65884652981426,2.490322580645161,75.46432062561095
7.592668820056133,41.08333373387978,0.4229736328125,0.62786865234375,-0.62908935546875,0.17645263671875,2.564516129032258,77.71260997067448,2.0580645161290323,62.365591397849464,2.42258064516129,73.41153470185728
7.612733829999343,45.71557574008064,0.39654541015625,0.63482666015625,-0.6468505859375,0.1458740234375,2.529032258064516,76.63734115347019,2.0580645161290323,62.365591397849464,2.412903225806452,73.11827956989248
7.632794455974363,45.71557574008064,0.39654541015625,0.63482666015625,-0.6468505859375,0.1458740234375,2.5419354838709673,77.02834799608992,2.051612903225806,62.17008797653958,2.4516129032258065,74.29130009775172
7.652858664980158,49.40526671822902,0.37005615234375,0.64764404296875,-0.65338134765625,0.1290283203125,2.5741935483870964,78.00586510263928,2.061290322580645,62.4633431085044,2.4483870967741934,74.19354838709677
7.672921978984959,49.40526671822902,0.37005615234375,0.64764404296875,-0.65338134765625,0.1290283203125,2.529032258064516,76.63734115347019,2.0387096774193547,61.779081133919846,2.4290322580645163,73.60703812316717
7.692988269031048,49.40526671822902,0.37005615234375,0.64764404296875,-0.65338134765625,0.1290283203125,2.5419354838709673,77.02834799608992,2.041935483870968,61.87683284457478,2.425806451612903,73.50928641251222
7.713135358993895,52.970675420356294,0.345703125,0.66253662109375,-0.65484619140625,0.11279296875,2.519354838709677,76.34408602150538,2.032258064516129,61.58357771260997,2.4483870967741934,74.19354838709677
7.733151408028789,52.970675420356294,0.345703125,0.66253662109375,-0.65484619140625,0.11279296875,2.5419354838709673,77.02834799608992,2.0451612903225804,61.97458455522972,2.4516129032258065,74.29130009775172
7.753242081962526,56.91182634166602,0.32080078125,0.67303466796875,-0.66021728515625,0.09088134765625,2.564516129032258,77.71260997067448,2.019354838709677,61.19257086999021,2.4516129032258065,74.29130009775172
7.7732768199639395,56.91182634166602,0.32080078125,0.67303466796875,-0.66021728515625,0.09088134765625,2.564516129032258,77.71260997067448,2.0354838709677416,61.6813294232649,2.4516129032258065,74.29130009775172
7.793344932957552,56.91182634166602,0.32080078125,0.67303466796875,-0.66021728515625,0.09088134765625,2.525806451612903,76.53958944281524,1.9870967741935484,60.215053763440864,2.464516129032258,74.68230694037146
7.8134213669691235,60.61691674189073,0.29791259765625,0.68115234375,-0.66522216796875,0.0692138671875,2.554838709677419,77.41935483870968,1.996774193548387,60.50830889540567,2.4516129032258065,74.29130009775172
7.83348685700912,60.61691674189073,0.29791259765625,0.68115234375,-0.66522216796875,0.0692138671875,2.554838709677419,77.41935483870968,1.9903225806451612,60.312805474095796,2.5,75.75757575757575
7.853555481997319,64.01242100717478,0.27691650390625,0.68975830078125,-0.6671142578125,0.0498046875,2.554838709677419,77.41935483870968,1.996774193548387,60.50830889540567,2.42258064516129,73.41153470185728
7.873619916033931,64.01242100717478,0.27691650390625,0.68975830078125,-0.6671142578125,0.0498046875,2.5451612903225804,77.12609970674487,1.964516129032258,59.530791788856305,2.467741935483871,74.7800586510264
7.893694238038734,64.01242100717478,0.27691650390625,0.68975830078125,-0.6671142578125,0.0498046875,2.5483870967741935,77.2238514173998,1.929032258064516,58.45552297165201,2.4419354838709677,73.9980449657869
7.929799575009383,67.2124321941312,0.25732421875,0.69818115234375,-0.66729736328125,0.03143310546875,2.525806451612903,76.53958944281524,1.9096774193548387,57.86901270772239,2.435483870967742,73.80254154447702
7.93383753800299,67.2124321941312,0.25732421875,0.69818115234375,-0.66729736328125,0.03143310546875,2.564516129032258,77.71260997067448,1.829032258064516,55.42521994134897,2.445161290322581,74.09579667644185
7.953990580979735,70.31016761184478,0.23883056640625,0.70477294921875,-0.66790771484375,0.0126953125,2.590322580645161,78.49462365591397,1.764516129032258,53.47018572825024,2.4483870967741934,74.19354838709677
7.974018438020721,70.31016761184478,0.23883056640625,0.70477294921875,-0.66790771484375,0.0126953125,2.558064516129032,77.5171065493646,1.7354838709677418,52.59042033235581,2.435483870967742,73.80254154447702
7.994095865054987,70.31016761184478,0.23883056640625,0.70477294921875,-0.66790771484375,0.0126953125,2.551612903225806,77.32160312805473,1.590322580645161,48.19159335288367,2.4612903225806453,74.58455522971653
8.014196363044903,73.23842500166916,-0.221435546875,-0.710205078125,0.668212890625,0.00531005859375,2.564516129032258,77.71260997067448,1.6161290322580644,48.97360703812317,2.370967741935484,71.8475073313783
8.034257789026015,73.23842500166916,-0.221435546875,-0.710205078125,0.668212890625,0.00531005859375,2.616129032258064,79.27663734115346,1.5870967741935482,48.09384164222873,2.454838709677419,74.38905180840665
8.054297039052472,75.97463085130201,-0.20526123046875,-0.7156982421875,0.66717529296875,0.02203369140625,2.5741935483870964,78.00586510263928,1.6129032258064515,48.87585532746823,2.4096774193548387,73.02052785923753
8.074368064990267,75.97463085130201,-0.20526123046875,-0.7156982421875,0.66717529296875,0.02203369140625,2.5774193548387094,78.10361681329422,1.5999999999999999,48.484848484848484,2.4387096774193546,73.90029325513197
8.094421811052598,75.97463085130201,-0.20526123046875,-0.7156982421875,0.66717529296875,0.02203369140625,2.6032258064516127,78.88563049853371,1.6258064516129032,49.266862170087975,2.4483870967741934,74.19354838709677
8.114513252978213,78.59598187786958,-0.1903076171875,-0.72119140625,0.66497802734375,0.03839111328125,2.558064516129032,77.5171065493646,1.6258064516129032,49.266862170087975,2.458064516129032,74.48680351906158
8.134579734993167,78.59598187786958,-0.1903076171875,-0.72119140625,0.66497802734375,0.03839111328125,2.551612903225806,77.32160312805473,1.6096774193548384,48.77810361681329,2.425806451612903,73.50928641251222
8.154680841951631,81.08474760038875,-0.17657470703125,-0.7259521484375,0.66241455078125,0.05438232421875,2.551612903225806,77.32160312805473,1.6258064516129032,49.266862170087975,2.4483870967741934,74.19354838709677
8.174894141033292,81.08474760038875,-0.17657470703125,-0.7259521484375,0.66241455078125,0.05438232421875,2.5483870967741935,77.2238514173998,1.62258064516129,49.169110459433035,2.467741935483871,74.7800586510264
8.194965454982594,81.08474760038875,-0.17657470703125,-0.7259521484375,0.66241455078125,0.05438232421875,2.5451612903225804,77.12609970674487,1.6129032258064515,48.87585532746823,2.4161290322580644,73.21603128054741
8.215039970004,83.54107838998308,-0.16278076171875,-0.730224609375,0.65985107421875,0.070068359375,2.5677419354838706,77.81036168132943,1.596774193548387,48.38709677419355,2.458064516129032,74.48680351906158
8.235102740000002,83.54107838998308,-0.16278076171875,-0.730224609375,0.65985107421875,0.070068359375,2.596774193548387,78.69012707722385,1.5774193548387094,47.800586510263926,2.445161290322581,74.09579667644185
8.255141156958416,85.92724553602558,-0.14971923828125,-0.7337646484375,0.65716552734375,0.085693359375,2.5387096774193547,76.93059628543499,1.5451612903225804,46.82306940371456,2.412903225806452,73.11827956989248
8.275258903973736,85.92724553602558,-0.14971923828125,-0.7337646484375,0.65716552734375,0.085693359375,2.5677419354838706,77.81036168132943,1.5677419354838709,47.507331378299114,2.432258064516129,73.70478983382209
8.29528320999816,85.92724553602558,-0.14971923828125,-0.7337646484375,0.65716552734375,0.085693359375,2.5483870967741935,77.2238514173998,1.561290322580645,47.31182795698924,2.4290322580645163,73.60703812316717
8.315373084042221,88.33426044079245,-0.13690185546875,-0.7374267578125,0.653564453125,0.10162353515625,2.554838709677419,77.41935483870968,1.6483870967741936,49.95112414467254,2.4096774193548387,73.02052785923753
8.335435790009797,88.33426044079245,-0.13690185546875,-0.7374267578125,0.653564453125,0.10162353515625,2.5451612903225804,77.12609970674487,1.5999999999999999,48.484848484848484,2.4064516129032256,72.9227761485826
8.35555292898789,90.70759911816643,-0.1253662109375,-0.7421875,0.64776611328125,0.11773681640625,2.551612903225806,77.32160312805473,1.6419354838709677,49.75562072336266,2.403225806451613,72.82502443792767
8.37558238604106,90.70759911816643,-0.1253662109375,-0.7421875,0.64776611328125,0.11773681640625,2.6032258064516127,78.88563049853371,1.6483870967741936,49.95112414467254,2.432258064516129,73.70478983382209
8.395623235963285,90.70759911816643,-0.1253662109375,-0.7421875,0.64776611328125,0.11773681640625,2.551612903225806,77.32160312805473,1.6483870967741936,49.95112414467254,2.42258064516129,73.41153470185728
8.415719766984694,93.00324574503345,-0.11529541015625,-0.74755859375,0.6402587890625,0.1337890625,2.5387096774193547,76.93059628543499,1.6290322580645162,49.36461388074292,2.4516129032258065,74.29130009775172
8.43578714504838,93.00324574503345,-0.11529541015625,-0.74755859375,0.6402587890625,0.1337890625,2.5064516129032257,75.95307917888563,1.596774193548387,48.38709677419355,2.4612903225806453,74.58455522971653
8.455875515006483,95.29456412307805,-0.10552978515625,-0.7523193359375,0.63275146484375,0.15008544921875,2.551612903225806,77.32160312805473,1.564516129032258,47.40957966764419,2.4709677419354836,74.87781036168133
8.475924685015343,95.29456412307805,-0.10552978515625,-0.7523193359375,0.63275146484375,0.15008544921875,2.5161290322580645,76.24633431085044,1.561290322580645,47.31182795698924,2.464516129032258,74.68230694037146
8.49599369498901,95.29456412307805,-0.10552978515625,-0.7523193359375,0.63275146484375,0.15008544921875,2.5129032258064514,76.1485826001955,1.5870967741935482,48.09384164222873,2.4774193548387093,75.07331378299119
8.516066481010057,97.54775634447162,-0.095947265625,-0.75592041015625,0.6258544921875,0.16632080078125,2.564516129032258,77.71260997067448,1.5709677419354837,47.60508308895405,2.4709677419354836,74.87781036168133
8.536130083026364,97.54775634447162,-0.095947265625,-0.75592041015625,0.6258544921875,0.16632080078125,2.5,75.75757575757575,1.632258064516129,49.462365591397855,2.467741935483871,74.7800586510264
8.55622459796723,99.80521922042831,-0.086181640625,-0.75860595703125,0.61944580078125,0.1826171875,2.5419354838709673,77.02834799608992,1.593548387096774,48.289345063538605,2.487096774193548,75.366568914956
8.576310664066114,99.80521922042831,-0.086181640625,-0.75860595703125,0.61944580078125,0.1826171875,2.5709677419354837,77.90811339198436,1.558064516129032,47.21407624633431,2.496774193548387,75.65982404692082
8.596366490004584,99.80521922042831,-0.086181640625,-0.75860595703125,0.61944580078125,0.1826171875,2.529032258064516,76.63734115347019,1.593548387096774,48.289345063538605,2.519354838709677,76.34408602150538
8.61642033199314,101.90219080241339,-0.07708740234375,-0.7601318359375,0.61407470703125,0.19793701171875,2.52258064516129,76.44183773216031,1.6129032258064515,48.87585532746823,2.4806451612903224,75.17106549364614
8.636505821952596,101.90219080241339,-0.07708740234375,-0.7601318359375,0.61407470703125,0.19793701171875,2.5354838709677416,76.83284457478005,1.6419354838709677,49.75562072336266,2.52258064516129,76.44183773216031
8.665977810975164,103.9180785248258,-0.069091796875,-0.76177978515625,0.60791015625,0.2130126953125,2.5483870967741935,77.2238514173998,1.6709677419354838,50.635386119257085,2.525806451612903,76.53958944281524
8.676570496987551,103.9180785248258,-0.069091796875,-0.76177978515625,0.60791015625,0.2130126953125,2.5709677419354837,77.90811339198436,1.6935483870967742,51.31964809384164,2.564516129032258,77.71260997067448
8.696678676060401,103.9180785248258,-0.069091796875,-0.76177978515625,0.60791015625,0.2130126953125,2.4741935483870967,74.97556207233626,1.6870967741935483,51.12414467253177,2.490322580645161,75.46432062561095
8.716739717987366,105.8000655992191,-0.062255859375,-0.76361083984375,0.60113525390625,0.227294921875,2.4741935483870967,74.97556207233626,1.7064516129032257,51.71065493646139,2.529032258064516,76.63734115347019
8.73680351197254,105.8000655992191,-0.062255859375,-0.76361083984375,0.60113525390625,0.227294921875,2.529032258064516,76.63734115347019,1.7258064516129032,52.29716520039101,2.5419354838709673,77.02834799608992
8.756892201956362,107.5524921130336,-0.05706787109375,-0.7657470703125,0.593505859375,0.24114990234375,2.52258064516129,76.44183773216031,1.8161290322580643,55.034213098729225,2.529032258064516,76.63734115347019
8.776932604028843,107.5524921130336,-0.05706787109375,-0.7657470703125,0.593505859375,0.24114990234375,2.519354838709677,76.34408602150538,1.8161290322580643,55.034213098729225,2.5451612903225804,77.12609970674487
8.797031822963618,107.5524921130336,-0.05706787109375,-0.7657470703125,0.593505859375,0.24114990234375,2.5096774193548383,76.05083088954055,1.861290322580645,56.402737047898334,2.551612903225806,77.32160312805473
8.817097121034749,109.2179953469559,-0.05328369140625,-0.767578125,0.5855712890625,0.25506591796875,2.5032258064516126,75.8553274682307,1.9193548387096775,58.162267839687196,2.532258064516129,76.73509286412512
8.837165010976605,109.2179953469559,-0.05328369140625,-0.767578125,0.5855712890625,0.25506591796875,2.519354838709677,76.34408602150538,1.9580645161290322,59.33528836754643,2.5387096774193547,76.93059628543499
8.857218116987497,110.70598764413958,-0.05108642578125,-0.768798828125,0.57818603515625,0.26837158203125,2.5129032258064514,76.1485826001955,1.9838709677419355,60.117302052785924,2.5419354838709673,77.02834799608992
8.877250230056234,110.70598764413958,-0.05108642578125,-0.768798828125,0.57818603515625,0.26837158203125,2.5451612903225804,77.12609970674487,1.993548387096774,60.410557184750736,2.583870967741935,78.2991202346041
8.897338761016726,110.70598764413958,-0.05108642578125,-0.768798828125,0.57818603515625,0.26837158203125,2.525806451612903,76.53958944281524,1.9903225806451612,60.312805474095796,2.590322580645161,78.49462365591397
8.917399931000546,112.0404023947433,-0.04949951171875,-0.76983642578125,0.57122802734375,0.28045654296875,2.525806451612903,76.53958944281524,1.9774193548387096,59.92179863147605,2.525806451612903,76.53958944281524
8.937468493008055,112.0404023947433,-0.04949951171875,-0.76983642578125,0.57122802734375,0.28045654296875,2.487096774193548,75.366568914956,1.9580645161290322,59.33528836754643,2.590322580645161,78.49462365591397
8.957568607991561,113.27325636429767,-0.048095703125,-0.77056884765625,0.564697265625,0.2916259765625,2.5354838709677416,76.83284457478005,1.9838709677419355,60.117302052785924,2.6032258064516127,78.88563049853371
8.977600401965901,113.27325636429767,-0.048095703125,-0.77056884765625,0.564697265625,0.2916259765625,2.5161290322580645,76.24633431085044,2.0064516129032257,60.80156402737048,2.551612903225806,77.32160312805473
8.997747173067182,113.27325636429767,-0.048095703125,-0.77056884765625,0.564697265625,0.2916259765625,2.5032258064516126,75.8553274682307,1.996774193548387,60.50830889540567,2.6032258064516127,78.88563049853371
9.017750935046934,114.32948809024273,-0.04736328125,-0.77099609375,0.5589599609375,0.301513671875,2.5161290322580645,76.24633431085044,2.029032258064516,61.48582600195503,2.564516129032258,77.71260997067448
9.037822026060894,114.32948809024273,-0.04736328125,-0.77099609375,0.5589599609375,0.301513671875,2.5161290322580645,76.24633431085044,2.02258064516129,61.29032258064516,2.587096774193548,78.39687194525904
9.057882555993274,115.2749368635326,-0.04705810546875,-0.77105712890625,0.5538330078125,0.3106689453125,2.519354838709677,76.34408602150538,2.02258064516129,61.29032258064516,2.5677419354838706,77.81036168132943
9.077951982966624,115.2749368635326,-0.04705810546875,-0.77105712890625,0.5538330078125,0.3106689453125,2.493548387096774,75.56207233626587,1.9838709677419355,60.117302052785924,2.62258064516129,79.47214076246333
9.098030208959244,115.2749368635326,-0.04705810546875,-0.77105712890625,0.5538330078125,0.3106689453125,2.5387096774193547,76.93059628543499,2.061290322580645,62.4633431085044,2.5806451612903225,78.20136852394917
9.11808766797185,116.21461058160527,-0.04608154296875,-0.7705078125,0.549560546875,0.31951904296875,2.5419354838709673,77.02834799608992,2.029032258064516,61.48582600195503,2.596774193548387,78.69012707722385
9.138157221954316,116.21461058160527,-0.04608154296875,-0.7705078125,0.549560546875,0.31951904296875,2.525806451612903,76.53958944281524,2.0451612903225804,61.97458455522972,2.5774193548387094,78.10361681329422
9.158246936975047,116.93219554986602,-0.04473876953125,-0.7696533203125,0.547119140625,0.3260498046875,2.493548387096774,75.56207233626587,2.032258064516129,61.58357771260997,2.590322580645161,78.49462365591397
9.17833162797615,116.93219554986602,-0.04473876953125,-0.7696533203125,0.547119140625,0.3260498046875,2.5387096774193547,76.93059628543499,2.009677419354839,60.899315738025415,2.616129032258064,79.27663734115346
9.198417630046606,116.93219554986602,-0.04473876953125,-0.7696533203125,0.547119140625,0.3260498046875,2.532258064516129,76.73509286412512,2.0129032258064514,60.997067448680355,2.525806451612903,76.53958944281524
9.218510320992209,117.51219410092074,-0.04351806640625,-0.7691650390625,0.544921875,0.33111572265625,2.5774193548387094,78.10361681329422,2.009677419354839,60.899315738025415,2.583870967741935,78.2991202346041
9.23854064301122,117.51219410092074,-0.04351806640625,-0.7691650390625,0.544921875,0.33111572265625,2.496774193548387,75.65982404692082,2.009677419354839,60.899315738025415,2.583870967741935,78.2991202346041
9.25859365297947,117.89296123312602,-0.04248046875,-0.76904296875,0.54327392578125,0.33416748046875,2.558064516129032,77.5171065493646,2.061290322580645,62.4633431085044,2.525806451612903,76.53958944281524
9.278692680061795,117.89296123312602,-0.04248046875,-0.76904296875,0.54327392578125,0.33416748046875,2.525806451612903,76.53958944281524,2.029032258064516,61.48582600195503,2.5806451612903225,78.20136852394917
9.298745626001619,117.89296123312602,-0.04248046875,-0.76904296875,0.54327392578125,0.33416748046875,2.529032258064516,76.63734115347019,2.054838709677419,62.267839687194524,2.583870967741935,78.2991202346041
9.31878193304874,118.06483642876188,-0.04205322265625,-0.76898193359375,0.54248046875,0.3355712890625,2.551612903225806,77.32160312805473,2.061290322580645,62.4633431085044,2.6193548387096772,79.37438905180841
9.338840862968937,118.06483642876188,-0.04205322265625,-0.76898193359375,0.54248046875,0.3355712890625,2.5419354838709673,77.02834799608992,2.061290322580645,62.4633431085044,2.5806451612903225,78.20136852394917
9.358920722035691,118.05666730478464,-0.04266357421875,-0.76904296875,0.54217529296875,0.33587646484375,2.5064516129032257,75.95307917888563,2.0483870967741935,62.07233626588465,2.5774193548387094,78.10361681329422
9.378957411972806,118.05666730478464,-0.04266357421875,-0.76904296875,0.54217529296875,0.33587646484375,2.5451612903225804,77.12609970674487,2.061290322580645,62.4633431085044,2.5774193548387094,78.10361681329422
9.399039190029725,118.05666730478464,-0.04266357421875,-0.76904296875,0.54217529296875,0.33587646484375,2.5774193548387094,78.10361681329422,2.0161290322580645,61.09481915933529,2.6032258064516127,78.88563049853371
9.419124393025413,117.93353168732986,-0.04388427734375,-0.76904296875,0.54229736328125,0.33551025390625,2.564516129032258,77.71260997067448,2.02258064516129,61.29032258064516,2.5806451612903225,78.20136852394917
9.439157627057284,117.93353168732986,-0.04388427734375,-0.76904296875,0.54229736328125,0.33551025390625,2.5161290322580645,76.24633431085044,2.02258064516129,61.29032258064516,2.6064516129032254,78.98338220918865
9.45920948497951,117.75064104442825,-0.04510498046875,-0.76898193359375,0.5428466796875,0.3345947265625,2.561290322580645,77.61485826001955,2.0354838709677416,61.6813294232649,2.593548387096774,78.59237536656892
9.479342560982332,117.75064104442825,-0.04510498046875,-0.76898193359375,0.5428466796875,0.3345947265625,2.5,75.75757575757575,2.051612903225806,62.17008797653958,2.5999999999999996,78.78787878787878
9.49941365106497,117.75064104442825,-0.04510498046875,-0.76898193359375,0.5428466796875,0.3345947265625,2.5774193548387094,78.10361681329422,2.0354838709677416,61.6813294232649,2.596774193548387,78.69012707722385
9.51942304498516,117.56796747537854,-0.04632568359375,-0.768798828125,0.54351806640625,0.333740234375,2.5741935483870964,78.00586510263928,2.0354838709677416,61.6813294232649,2.5999999999999996,78.78787878787878
9.539506488014013,117.56796747537854,-0.04632568359375,-0.768798828125,0.54351806640625,0.333740234375,2.564516129032258,77.71260997067448,2.0483870967741935,62.07233626588465,2.5774193548387094,78.10361681329422
9.559565993957222,117.43904990480883,-0.04718017578125,-0.768798828125,0.54388427734375,0.33306884765625,2.616129032258064,79.27663734115346,2.051612903225806,62.17008797653958,2.5999999999999996,78.78787878787878
9.579650781000964,117.43904990480883,-0.04718017578125,-0.768798828125,0.54388427734375,0.33306884765625,2.529032258064516,76.63734115347019,2.02258064516129,61.29032258064516,2.629032258064516,79.6676441837732
9.599730351008475,117.43904990480883,-0.04718017578125,-0.768798828125,0.54388427734375,0.33306884765625,2.529032258064516,76.63734115347019,2.02258064516129,61.29032258064516,2.6064516129032254,78.98338220918865
9.619757793028839,117.36210830205464,-0.04779052734375,-0.76885986328125,0.5439453125,0.33270263671875,2.6096774193548384,79.0811339198436,2.051612903225806,62.17008797653958,2.629032258064516,79.6676441837732
9.63987768406514,117.36210830205464,-0.04779052734375,-0.76885986328125,0.5439453125,0.33270263671875,2.5483870967741935,77.2238514173998,2.054838709677419,62.267839687194524,2.583870967741935,78.2991202346041
9.659896838013083,117.3061698053305,-0.048095703125,-0.76904296875,0.5439453125,0.332275390625,2.525806451612903,76.53958944281524,2.051612903225806,62.17008797653958,2.654838709677419,80.4496578690127
9.680025242036209,117.3061698053305,-0.048095703125,-0.76904296875,0.5439453125,0.332275390625,2.5483870967741935,77.2238514173998,2.0483870967741935,62.07233626588465,2.593548387096774,78.59237536656892
9.700044939061627,117.3061698053305,-0.048095703125,-0.76904296875,0.5439453125,0.332275390625,2.5483870967741935,77.2238514173998,2.061290322580645,62.4633431085044,2.5709677419354837,77.90811339198436
9.720083230058663,117.24308583926431,-0.04827880859375,-0.7689208984375,0.54437255859375,0.33184814453125,2.529032258064516,76.63734115347019,2.051612903225806,62.17008797653958,2.62258064516129,79.47214076246333
9.740142864058726,117.24308583926431,-0.04827880859375,-0.7689208984375,0.54437255859375,0.33184814453125,2.551612903225806,77.32160312805473,2.054838709677419,62.267839687194524,2.6096774193548384,79.0811339198436
9.760227299062535,117.20886946968692,-0.048095703125,-0.76861572265625,0.54498291015625,0.33154296875,2.525806451612903,76.53958944281524,2.02258064516129,61.29032258064516,2.616129032258064,79.27663734115346
9.780270933057182,117.20886946968692,-0.048095703125,-0.76861572265625,0.54498291015625,0.33154296875,2.5677419354838706,77.81036168132943,2.0354838709677416,61.6813294232649,2.6129032258064515,79.17888563049853
9.800321031012572,117.20886946968692,-0.048095703125,-0.76861572265625,0.54498291015625,0.33154296875,2.5419354838709673,77.02834799608992,2.0774193548387094,62.95210166177908,2.6064516129032254,78.98338220918865
9.820374745992012,117.21250313687482,-0.0477294921875,-0.768310546875,0.54547119140625,0.33148193359375,2.5483870967741935,77.2238514173998,2.064516129032258,62.56109481915934,2.5999999999999996,78.78787878787878
9.840433932025917,117.21250313687482,-0.0477294921875,-0.768310546875,0.54547119140625,0.33148193359375,2.525806451612903,76.53958944281524,2.0709677419354837,62.75659824046921,2.616129032258064,79.27663734115346
9.860517950961366,117.23502635744363,-0.04718017578125,-0.76812744140625,0.54583740234375,0.3314208984375,2.554838709677419,77.41935483870968,2.064516129032258,62.56109481915934,2.5774193548387094,78.10361681329422
9.880580528988503,117.23502635744363,-0.04718017578125,-0.76812744140625,0.54583740234375,0.3314208984375,2.5387096774193547,76.93059628543499,2.064516129032258,62.56109481915934,2.5806451612903225,78.20136852394917
9.900628354982473,117.23502635744363,-0.04718017578125,-0.76812744140625,0.54583740234375,0.3314208984375,2.5709677419354837,77.90811339198436,2.087096774193548,63.24535679374389,2.593548387096774,78.59237536656892
9.920685334014706,117.25910618890853,-0.04656982421875,-0.76812744140625,0.54595947265625,0.33123779296875,2.5774193548387094,78.10361681329422,2.064516129032258,62.56109481915934,2.616129032258064,79.27663734115346
9.940739240963012,117.25910618890853,-0.04656982421875,-0.76812744140625,0.54595947265625,0.33123779296875,2.532258064516129,76.73509286412512,2.0483870967741935,62.07233626588465,2.6064516129032254,78.98338220918865
9.960821915999986,117.2544280063891,-0.046142578125,-0.7681884765625,0.546142578125,0.33087158203125,2.5774193548387094,78.10361681329422,2.064516129032258,62.56109481915934,2.6193548387096772,79.37438905180841
9.980905167059973,117.2544280063891,-0.046142578125,-0.7681884765625,0.546142578125,0.33087158203125,2.554838709677419,77.41935483870968,2.074193548387097,62.85434995112414,2.5774193548387094,78.10361681329422
10.000968481064774,117.2544280063891,-0.046142578125,-0.7681884765625,0.546142578125,0.33087158203125,2.532258064516129,76.73509286412512,2.041935483870968,61.87683284457478,2.5999999999999996,78.78787878787878
10.021012915996835,117.06020126123855,-0.04681396484375,-0.76849365234375,0.546630859375,0.32928466796875,2.561290322580645,77.61485826001955,2.0580645161290323,62.365591397849464,2.5999999999999996,78.78787878787878
10.041094247018918,117.06020126123855,-0.04681396484375,-0.76849365234375,0.546630859375,0.32928466796875,2.558064516129032,77.5171065493646,2.009677419354839,60.899315738025415,2.616129032258064,79.27663734115346
10.061162841971964,116.49753500868951,-0.04949951171875,-0.76898193359375,0.548095703125,0.32537841796875,2.5677419354838706,77.81036168132943,2.061290322580645,62.4633431085044,2.5999999999999996,78.78787878787878
10.081231149029918,116.49753500868951,-0.04949951171875,-0.76898193359375,0.548095703125,0.32537841796875,2.5387096774193547,76.93059628543499,2.061290322580645,62.4633431085044,2.616129032258064,79.27663734115346
10.101321727968752,116.49753500868951,-0.04949951171875,-0.76898193359375,0.548095703125,0.32537841796875,2.554838709677419,77.41935483870968,2.064516129032258,62.56109481915934,2.6129032258064515,79.17888563049853
10.130027214065194,115.30625297853109,-0.055419921875,-0.76953125,0.55133056640625,0.31744384765625,2.5774193548387094,78.10361681329422,2.096774193548387,63.5386119257087,2.5999999999999996,78.78787878787878
10.141412036959082,115.30625297853109,-0.055419921875,-0.76953125,0.55133056640625,0.31744384765625,2.554838709677419,77.41935483870968,2.0709677419354837,62.75659824046921,2.6096774193548384,79.0811339198436
10.161502072005533,113.63537877214515,-0.06451416015625,-0.7701416015625,0.5555419921875,0.30682373046875,2.5677419354838706,77.81036168132943,2.074193548387097,62.85434995112414,2.590322580645161,78.49462365591397
10.181571627035737,113.63537877214515,-0.06451416015625,-0.7701416015625,0.5555419921875,0.30682373046875,2.5741935483870964,78.00586510263928,2.0677419354838706,62.65884652981426,2.558064516129032,77.5171065493646
10.201631390023977,113.63537877214515,-0.06451416015625,-0.7701416015625,0.5555419921875,0.30682373046875,2.596774193548387,78.69012707722385,2.009677419354839,60.899315738025415,2.5677419354838706,77.81036168132943
10.221677041030489,111.46199285881107,-0.07513427734375,-0.769775390625,0.56231689453125,0.29254150390625,2.583870967741935,78.2991202346041,2.087096774193548,63.24535679374389,2.554838709677419,77.41935483870968
10.241757060051896,111.46199285881107,-0.07513427734375,-0.769775390625,0.56231689453125,0.29254150390625,2.5774193548387094,78.10361681329422,2.061290322580645,62.4633431085044,2.558064516129032,77.5171065493646
10.261814453988336,109.00349181629089,-0.08575439453125,-0.76800537109375,0.57159423828125,0.27581787109375,2.5387096774193547,76.93059628543499,2.083870967741935,63.14760508308894,2.5774193548387094,78.10361681329422
10.281966218026355,109.00349181629089,-0.08575439453125,-0.76800537109375,0.57159423828125,0.27581787109375,2.554838709677419,77.41935483870968,2.074193548387097,62.85434995112414,2.616129032258064,79.27663734115346
10.301976572023705,109.00349181629089,-0.08575439453125,-0.76800537109375,0.57159423828125,0.27581787109375,2.5709677419354837,77.90811339198436,2.096774193548387,63.5386119257087,2.5,75.75757575757575
10.322020526975393,106.33269688695765,-0.09600830078125,-0.76507568359375,0.5826416015625,0.25689697265625,2.5677419354838706,77.81036168132943,2.074193548387097,62.85434995112414,2.5774193548387094,78.10361681329422
10.34210438595619,106.33269688695765,-0.09600830078125,-0.76507568359375,0.5826416015625,0.25689697265625,2.5741935483870964,78.00586510263928,2.064516129032258,62.56109481915934,2.5483870967741935,77.2238514173998
10.362181236967444,103.59993228489634,-0.104736328125,-0.76031494140625,0.595703125,0.2366943359375,2.596774193548387,78.69012707722385,2.064516129032258,62.56109481915934,2.554838709677419,77.41935483870968
10.382224136032164,103.59993228489634,-0.104736328125,-0.76031494140625,0.595703125,0.2366943359375,2.587096774193548,78.39687194525904,2.0677419354838706,62.65884652981426,2.529032258064516,76.63734115347019
10.402284473995678,103.59993228489634,-0.104736328125,-0.76031494140625,0.595703125,0.2366943359375,2.5774193548387094,78.10361681329422,2.0354838709677416,61.6813294232649,2.532258064516129,76.73509286412512
10.422337964992039,100.74211920893019,-0.114013671875,-0.75384521484375,0.6099853515625,0.21588134765625,2.6032258064516127,78.88563049853371,2.0580645161290323,62.365591397849464,2.532258064516129,76.73509286412512
10.442408896051347,100.74211920893019,-0.114013671875,-0.75384521484375,0.6099853515625,0.21588134765625,2.590322580645161,78.49462365591397,2.0354838709677416,61.6813294232649,2.52258064516129,76.44183773216031
10.462497618980706,97.6075134429639,-0.124267578125,-0.7447509765625,0.62652587890625,0.19342041015625,2.5774193548387094,78.10361681329422,2.0483870967741935,62.07233626588465,2.519354838709677,76.34408602150538
10.482522948994301,97.6075134429639,-0.124267578125,-0.7447509765625,0.62652587890625,0.19342041015625,2.564516129032258,77.71260997067448,2.061290322580645,62.4633431085044,2.5129032258064514,76.1485826001955
10.502634744974785,97.6075134429639,-0.124267578125,-0.7447509765625,0.62652587890625,0.19342041015625,2.5387096774193547,76.93059628543499,2.074193548387097,62.85434995112414,2.5096774193548383,76.05083088954055
10.52265725901816,94.53583213239207,-0.135498046875,-0.73480224609375,0.64190673828125,0.17218017578125,2.554838709677419,77.41935483870968,2.087096774193548,63.24535679374389,2.52258064516129,76.44183773216031
10.542701757978648,94.53583213239207,-0.135498046875,-0.73480224609375,0.64190673828125,0.17218017578125,2.5677419354838706,77.81036168132943,2.0903225806451613,63.34310850439883,2.490322580645161,75.46432062561095
10.562808240996674,91.59974038938309,-0.14801025390625,-0.72711181640625,0.65289306640625,0.152099609375,2.5774193548387094,78.10361681329422,2.0806451612903225,63.049853372434015,2.5096774193548383,76.05083088954055
10.582856995984912,91.59974038938309,-0.14801025390625,-0.72711181640625,0.65289306640625,0.152099609375,2.551612903225806,77.32160312805473,2.0806451612903225,63.049853372434015,2.519354838709677,76.34408602150538
10.602939767064527,88.34619821675338,-0.16387939453125,-0.72161865234375,0.65997314453125,0.1298828125,2.5483870967741935,77.2238514173998,2.064516129032258,62.56109481915934,2.519354838709677,76.34408602150538
10.623005385976285,88.34619821675338,-0.16387939453125,-0.72161865234375,0.65997314453125,0.1298828125,2.519354838709677,76.34408602150538,2.061290322580645,62.4633431085044,2.5354838709677416,76.83284457478005
10.64309814106673,88.34619821675338,-0.16387939453125,-0.72161865234375,0.65997314453125,0.1298828125,2.564516129032258,77.71260997067448,2.061290322580645,62.4633431085044,2.529032258064516,76.63734115347019
10.663157199975103,85.05224524631268,-0.18145751953125,-0.717041015625,0.664306640625,0.10797119140625,2.529032258064516,76.63734115347019,2.0806451612903225,63.049853372434015,2.5354838709677416,76.83284457478005
10.683214689954184,85.05224524631268,-0.18145751953125,-0.717041015625,0.664306640625,0.10797119140625,2.5709677419354837,77.90811339198436,2.032258064516129,61.58357771260997,2.532258064516129,76.73509286412512
10.703290389035828,81.5838394729665,-0.20062255859375,-0.71038818359375,0.6690673828125,0.0859375,2.564516129032258,77.71260997067448,2.0387096774193547,61.779081133919846,2.525806451612903,76.53958944281524
10.72334189596586,81.5838394729665,-0.20062255859375,-0.71038818359375,0.6690673828125,0.0859375,2.551612903225806,77.32160312805473,2.083870967741935,63.14760508308894,2.5161290322580645,76.24633431085044
10.743413915042765,81.5838394729665,-0.20062255859375,-0.71038818359375,0.6690673828125,0.0859375,2.5,75.75757575757575,2.0806451612903225,63.049853372434015,2.5096774193548383,76.05083088954055
10.763569743023254,78.29805875402334,-0.2183837890625,-0.70428466796875,0.67242431640625,0.06451416015625,2.532258064516129,76.73509286412512,2.051612903225806,62.17008797653958,2.525806451612903,76.53958944281524
10.783559296978638,78.29805875402334,-0.2183837890625,-0.70428466796875,0.67242431640625,0.06451416015625,2.5451612903225804,77.12609970674487,2.051612903225806,62.17008797653958,2.5032258064516126,75.8553274682307
10.803613875061274,75.03778090475642,-0.23651123046875,-0.698974609375,0.67352294921875,0.043212890625,2.525806451612903,76.53958944281524,2.0483870967741935,62.07233626588465,2.4774193548387093,75.07331378299119
10.823707462986931,75.03778090475642,-0.23651123046875,-0.698974609375,0.67352294921875,0.043212890625,2.5451612903225804,77.12609970674487,2.0806451612903225,63.049853372434015,2.4774193548387093,75.07331378299119
10.843750840984285,75.03778090475642,-0.23651123046875,-0.698974609375,0.67352294921875,0.043212890625,2.5129032258064514,76.1485826001955,2.064516129032258,62.56109481915934,2.4774193548387093,75.07331378299119
10.863823596038856,72.04000504075178,-0.25384521484375,-0.6937255859375,0.673583984375,0.02423095703125,2.5483870967741935,77.2238514173998,2.061290322580645,62.4633431085044,2.490322580645161,75.46432062561095
10.883889663033187,72.04000504075178,-0.25384521484375,-0.6937255859375,0.673583984375,0.02423095703125,2.529032258064516,76.63734115347019,2.087096774193548,63.24535679374389,2.5,75.75757575757575
10.903972498024814,69.2483721993682,-0.2708740234375,-0.6878662109375,0.67340087890625,0.00762939453125,2.5354838709677416,76.83284457478005,2.083870967741935,63.14760508308894,2.5129032258064514,76.1485826001955
10.924056933028623,69.2483721993682,-0.2708740234375,-0.6878662109375,0.67340087890625,0.00762939453125,2.554838709677419,77.41935483870968,2.093548387096774,63.44086021505376,2.4741935483870967,74.97556207233626
10.944091544020921,69.2483721993682,-0.2708740234375,-0.6878662109375,0.67340087890625,0.00762939453125,2.529032258064516,76.63734115347019,2.0709677419354837,62.75659824046921,2.52258064516129,76.44183773216031
10.964194411993958,66.64414285210611,0.28765869140625,0.682373046875,-0.6719970703125,0.0072021484375,2.5354838709677416,76.83284457478005,2.1129032258064515,64.02737047898339,2.564516129032258,77.71260997067448
10.984231167007238,66.64414285210611,0.28765869140625,0.682373046875,-0.6719970703125,0.0072021484375,2.487096774193548,75.366568914956,2.0999999999999996,63.636363636363626,2.487096774193548,75.366568914956
11.004290226032026,63.813347601254364,0.30615234375,0.67626953125,-0.66961669921875,0.02313232421875,2.5387096774193547,76.93059628543499,2.138709677419355,64.80938416422288,2.519354838709677,76.34408602150538
11.024360197014175,63.813347601254364,0.30615234375,0.67626953125,-0.66961669921875,0.02313232421875,2.551612903225806,77.32160312805473,2.106451612903226,63.831867057673506,2.5774193548387094,78.10361681329422
11.044426455977373,63.813347601254364,0.30615234375,0.67626953125,-0.66961669921875,0.02313232421875,2.564516129032258,77.71260997067448,2.106451612903226,63.831867057673506,2.5,75.75757575757575
11.064521227963269,61.153235251058916,0.323974609375,0.671142578125,-0.66571044921875,0.0380859375,2.5451612903225804,77.12609970674487,2.083870967741935,63.14760508308894,2.532258064516129,76.73509286412512
11.084576862980612,61.153235251058916,0.323974609375,0.671142578125,-0.66571044921875,0.0380859375,2.5,75.75757575757575,2.1129032258064515,64.02737047898339,2.525806451612903,76.53958944281524
11.104641010053456,58.45844873145121,0.341552734375,0.66455078125,-0.6624755859375,0.0531005859375,2.5419354838709673,77.02834799608992,2.1129032258064515,64.02737047898339,2.52258064516129,76.44183773216031
11.124739110004157,58.45844873145121,0.341552734375,0.66455078125,-0.6624755859375,0.0531005859375,2.5483870967741935,77.2238514173998,2.125806451612903,64.41837732160313,2.5,75.75757575757575
11.144778201007284,58.45844873145121,0.341552734375,0.66455078125,-0.6624755859375,0.0531005859375,2.4741935483870967,74.97556207233626,2.161290322580645,65.49364613880742,2.529032258064516,76.63734115347019
11.164880460011773,55.79860431388472,0.35980224609375,0.658447265625,-0.6575927734375,0.0675048828125,2.558064516129032,77.5171065493646,2.180645161290322,66.08015640273703,2.5096774193548383,76.05083088954055
11.184920447063632,55.79860431388472,0.35980224609375,0.658447265625,-0.6575927734375,0.0675048828125,2.551612903225806,77.32160312805473,2.1741935483870964,65.88465298142717,2.487096774193548,75.366568914956
11.204973777988926,53.031953899089274,0.37908935546875,0.65155029296875,-0.6519775390625,0.0821533203125,2.5774193548387094,78.10361681329422,2.1677419354838707,65.6891495601173,2.525806451612903,76.53958944281524
11.225051269982941,53.031953899089274,0.37908935546875,0.65155029296875,-0.6519775390625,0.0821533203125,2.5,75.75757575757575,2.193548387096774,66.47116324535679,2.5354838709677416,76.83284457478005
11.245111288968474,53.031953899089274,0.37908935546875,0.65155029296875,-0.6519775390625,0.0821533203125,2.5774193548387094,78.10361681329422,2.2419354838709675,67.93743890518084,2.5129032258064514,76.1485826001955
11.265188363962807,50.36300128539008,0.39849853515625,0.64495849609375,-0.64501953125,0.09600830078125,2.5419354838709673,77.02834799608992,2.2193548387096773,67.25317693059628,2.487096774193548,75.366568914956
11.285252767964266,50.36300128539008,0.39849853515625,0.64495849609375,-0.64501953125,0.09600830078125,2.558064516129032,77.5171065493646,2.2419354838709675,67.93743890518084,2.5064516129032257,75.95307917888563
11.30531016306486,47.515552860054726,0.41845703125,0.6358642578125,-0.6390380859375,0.11053466796875,2.558064516129032,77.5171065493646,2.2096774193548385,66.95992179863147,2.490322580645161,75.46432062561095
11.325389830046333,47.515552860054726,0.41845703125,0.6358642578125,-0.6390380859375,0.11053466796875,2.529032258064516,76.63734115347019,2.2161290322580642,67.15542521994135,2.496774193548387,75.65982404692082
11.345507962047122,47.515552860054726,0.41845703125,0.6358642578125,-0.6390380859375,0.11053466796875,2.5709677419354837,77.90811339198436,2.1645161290322577,65.59139784946235,2.4838709677419355,75.26881720430107
11.365573485032655,44.8451381314911,0.437255859375,0.626220703125,-0.63348388671875,0.123779296875,2.564516129032258,77.71260997067448,2.203225806451613,66.7644183773216,2.4774193548387093,75.07331378299119
11.385628447984345,44.8451381314911,0.437255859375,0.626220703125,-0.63348388671875,0.123779296875,2.5677419354838706,77.81036168132943,2.2387096774193544,67.8396871945259,2.4774193548387093,75.07331378299119
11.40614594402723,42.207958425302095,0.45556640625,0.61566162109375,-0.62835693359375,0.1365966796875,2.590322580645161,78.49462365591397,2.2419354838709675,67.93743890518084,2.493548387096774,75.56207233626587
11.426233420032077,42.207958425302095,0.45556640625,0.61566162109375,-0.62835693359375,0.1365966796875,2.5774193548387094,78.10361681329422,2.2677419354838713,68.71945259042035,2.5064516129032257,75.95307917888563
11.446311807027087,42.207958425302095,0.45556640625,0.61566162109375,-0.62835693359375,0.1365966796875,2.554838709677419,77.41935483870968,2.3000000000000003,69.69696969696972,2.4741935483870967,74.97556207233626
11.4663539059693,39.976042416699336,0.47186279296875,0.60772705078125,-0.6214599609375,0.14794921875,2.583870967741935,78.2991202346041,2.2870967741935484,69.30596285434996,2.4774193548387093,75.07331378299119
11.486412452999502,39.976042416699336,0.47186279296875,0.60772705078125,-0.6214599609375,0.14794921875,2.5709677419354837,77.90811339198436,2.3129032258064517,70.08797653958945,2.519354838709677,76.34408602150538
11.5064671599539,37.626847714625065,0.48736572265625,0.597900390625,-0.61590576171875,0.1602783203125,2.5774193548387094,78.10361681329422,2.3096774193548386,69.99022482893452,2.5129032258064514,76.1485826001955
11.526539211976342,37.626847714625065,0.48736572265625,0.597900390625,-0.61590576171875,0.1602783203125,2.590322580645161,78.49462365591397,2.306451612903226,69.89247311827957,2.42258064516129,73.41153470185728
11.546656094957143,37.626847714625065,0.48736572265625,0.597900390625,-0.61590576171875,0.1602783203125,2.5741935483870964,78.00586510263928,2.335483870967742,70.772238514174,2.4741935483870967,74.97556207233626
11.566727922996506,35.56715708224964,0.50079345703125,0.5875244140625,-0.61236572265625,0.1702880859375,2.5709677419354837,77.90811339198436,2.3193548387096774,70.28347996089931,2.4516129032258065,74.29130009775172
11.586752742063254,35.56715708224964,0.50079345703125,0.5875244140625,-0.61236572265625,0.1702880859375,2.525806451612903,76.53958944281524,2.3483870967741938,71.16324535679375,2.458064516129032,74.48680351906158
11.606826456962153,33.596541290209174,0.51251220703125,0.576416015625,-0.610595703125,0.17962646484375,2.62258064516129,79.47214076246333,2.338709677419355,70.86999022482894,2.445161290322581,74.09579667644185
11.626908811973408,33.596541290209174,0.51251220703125,0.576416015625,-0.610595703125,0.17962646484375,2.525806451612903,76.53958944281524,2.3483870967741938,71.16324535679375,2.467741935483871,74.7800586510264
11.64699273603037,33.596541290209174,0.51251220703125,0.576416015625,-0.610595703125,0.17962646484375,2.561290322580645,77.61485826001955,2.3838709677419354,72.23851417399804,2.4290322580645163,73.60703812316717
11.667091410956345,31.60356326151215,0.523193359375,0.5650634765625,-0.60919189453125,0.1895751953125,2.551612903225806,77.32160312805473,2.3741935483870966,71.94525904203324,2.4516129032258065,74.29130009775172
11.687161062960513,31.60356326151215,0.523193359375,0.5650634765625,-0.60919189453125,0.1895751953125,2.6032258064516127,78.88563049853371,2.370967741935484,71.8475073313783,2.4741935483870967,74.97556207233626
11.707213849993423,29.815428314081572,0.53125,0.55560302734375,-0.60760498046875,0.1998291015625,2.5741935483870964,78.00586510263928,2.3741935483870966,71.94525904203324,2.4806451612903224,75.17106549364614
11.727275404962711,29.815428314081572,0.53125,0.55560302734375,-0.60760498046875,0.1998291015625,2.5387096774193547,76.93059628543499,2.425806451612903,73.50928641251222,2.5,75.75757575757575
11.74736496002879,29.815428314081572,0.53125,0.55560302734375,-0.60760498046875,0.1998291015625,2.5806451612903225,78.20136852394917,2.4483870967741934,74.19354838709677,2.4774193548387093,75.07331378299119
11.767456884030253,28.010035893037426,0.53631591796875,0.546875,-0.60687255859375,0.2120361328125,2.5741935483870964,78.00586510263928,2.4774193548387093,75.07331378299119,2.493548387096774,75.56207233626587
11.787530343048275,28.010035893037426,0.53631591796875,0.546875,-0.60687255859375,0.2120361328125,2.5774193548387094,78.10361681329422,2.525806451612903,76.53958944281524,2.493548387096774,75.56207233626587
11.807602426037192,26.462695784578763,0.5400390625,0.53839111328125,-0.607666015625,0.22186279296875,2.5806451612903225,78.20136852394917,2.5129032258064514,76.1485826001955,2.5387096774193547,76.93059628543499
11.82767780602444,26.462695784578763,0.5400390625,0.53839111328125,-0.607666015625,0.22186279296875,2.629032258064516,79.6676441837732,2.52258064516129,76.44183773216031,2.5096774193548383,76.05083088954055
11.847760161035694,26.462695784578763,0.5400390625,0.53839111328125,-0.607666015625,0.22186279296875,2.6193548387096772,79.37438905180841,2.5451612903225804,77.12609970674487,2.487096774193548,75.366568914956
11.867853012983687,25.417954527346325,0.5413818359375,0.53271484375,-0.6087646484375,0.22906494140625,2.629032258064516,79.6676441837732,2.529032258064516,76.63734115347019,2.551612903225806,77.32160312805473
11.88791335199494,25.417954527346325,0.5413818359375,0.53271484375,-0.6087646484375,0.22906494140625,2.6129032258064515,79.17888563049853,2.554838709677419,77.41935483870968,2.551612903225806,77.32160312805473
11.907991547021084,24.773834285251482,0.54107666015625,0.53021240234375,-0.609130859375,0.234619140625,2.625806451612903,79.56989247311827,2.5677419354838706,77.81036168132943,2.519354838709677,76.34408602150538
11.928097359021194,24.773834285251482,0.54107666015625,0.53021240234375,-0.609130859375,0.234619140625,2.625806451612903,79.56989247311827,2.5677419354838706,77.81036168132943,2.5387096774193547,76.93059628543499
11.948142467066646,24.773834285251482,0.54107666015625,0.53021240234375,-0.609130859375,0.234619140625,2.590322580645161,78.49462365591397,2.590322580645161,78.49462365591397,2.5774193548387094,78.10361681329422
11.968259255052544,24.35192469631309,0.5400390625,0.52923583984375,-0.6092529296875,0.239013671875,2.6064516129032254,78.98338220918865,2.587096774193548,78.39687194525904,2.5387096774193547,76.93059628543499
11.988341578980908,24.35192469631309,0.5400390625,0.52923583984375,-0.6092529296875,0.239013671875,2.6322580645161286,79.76539589442815,2.6096774193548384,79.0811339198436,2.52258064516129,76.44183773216031
12.008361469954252,24.047797245531058,0.53936767578125,0.5281982421875,-0.609619140625,0.241943359375,2.6322580645161286,79.76539589442815,2.596774193548387,78.69012707722385,2.529032258064516,76.63734115347019
12.028491602046415,24.047797245531058,0.53936767578125,0.5281982421875,-0.609619140625,0.241943359375,2.6322580645161286,79.76539589442815,2.6032258064516127,78.88563049853371,2.5483870967741935,77.2238514173998
12.048568326048553,24.047797245531058,0.53936767578125,0.5281982421875,-0.609619140625,0.241943359375,2.6096774193548384,79.0811339198436,2.587096774193548,78.39687194525904,2.5677419354838706,77.81036168132943
12.068621721002273,23.807706076360816,0.53973388671875,0.52679443359375,-0.6097412109375,0.24365234375,2.6741935483870964,81.03616813294232,2.6129032258064515,79.17888563049853,2.5483870967741935,77.2238514173998
12.088681741035543,23.807706076360816,0.53973388671875,0.52679443359375,-0.6097412109375,0.24365234375,2.661290322580645,80.64516129032258,2.629032258064516,79.6676441837732,2.5419354838709673,77.02834799608992
12.108778272988275,23.56059911096436,0.54046630859375,0.525634765625,-0.6094970703125,0.2452392578125,2.6451612903225805,80.1564027370479,2.616129032258064,79.27663734115346,2.5419354838709673,77.02834799608992
12.128804467967711,23.56059911096436,0.54046630859375,0.525634765625,-0.6094970703125,0.2452392578125,2.6193548387096772,79.37438905180841,2.629032258064516,79.6676441837732,2.5354838709677416,76.83284457478005
12.148881159955636,23.56059911096436,0.54046630859375,0.525634765625,-0.6094970703125,0.2452392578125,2.680645161290322,81.23167155425219,2.5774193548387094,78.10361681329422,2.554838709677419,77.41935483870968
12.16895810700953,23.36448706013354,0.541259765625,0.5247802734375,-0.60894775390625,0.24658203125,2.6774193548387095,81.13391984359725,2.62258064516129,79.47214076246333,2.529032258064516,76.63734115347019
12.189066222985275,23.36448706013354,0.541259765625,0.5247802734375,-0.60894775390625,0.24658203125,2.616129032258064,79.27663734115346,2.6193548387096772,79.37438905180841,2.554838709677419,77.41935483870968
12.209135427023284,23.22220755761198,0.5419921875,0.52435302734375,-0.6083984375,0.2474365234375,2.6709677419354834,80.93841642228737,2.680645161290322,81.23167155425219,2.554838709677419,77.41935483870968
12.229232151061296,23.22220755761198,0.5419921875,0.52435302734375,-0.6083984375,0.2474365234375,2.6677419354838707,80.84066471163244,2.6032258064516127,78.88563049853371,2.5419354838709673,77.02834799608992
12.249301066971384,23.22220755761198,0.5419921875,0.52435302734375,-0.6083984375,0.2474365234375,2.6645161290322577,80.74291300097751,2.62258064516129,79.47214076246333,2.5,75.75757575757575
12.269338174024597,23.14604856847727,0.5426025390625,0.5238037109375,-0.60809326171875,0.247802734375,2.6451612903225805,80.1564027370479,2.648387096774193,80.25415444770283,2.529032258064516,76.63734115347019
12.289421297959052,23.14604856847727,0.5426025390625,0.5238037109375,-0.60809326171875,0.247802734375,2.654838709677419,80.4496578690127,2.629032258064516,79.6676441837732,2.5419354838709673,77.02834799608992
12.309462405042723,23.076967440509335,0.5428466796875,0.52337646484375,-0.60821533203125,0.248046875,2.6451612903225805,80.1564027370479,2.629032258064516,79.6676441837732,2.5419354838709673,77.02834799608992
12.329544889042154,23.076967440509335,0.5428466796875,0.52337646484375,-0.60821533203125,0.248046875,2.7290322580645157,82.69794721407624,2.6193548387096772,79.37438905180841,2.6032258064516127,78.88563049853371
12.349587084027007,23.076967440509335,0.5428466796875,0.52337646484375,-0.60821533203125,0.248046875,2.693548387096774,81.62267839687193,2.5774193548387094,78.10361681329422,2.554838709677419,77.41935483870968
12.369667264050804,23.162818506130463,0.54296875,0.52398681640625,-0.6077880859375,0.24749755859375,2.658064516129032,80.54740957966764,2.6193548387096772,79.37438905180841,2.5709677419354837,77.90811339198436
12.389707764028572,23.162818506130463,0.54296875,0.52398681640625,-0.6077880859375,0.24749755859375,2.6741935483870964,81.03616813294232,2.6419354838709674,80.05865102639295,2.5129032258064514,76.1485826001955
12.409783271024935,23.264835668612164,0.54241943359375,0.52484130859375,-0.6075439453125,0.247314453125,2.6677419354838707,80.84066471163244,2.590322580645161,78.49462365591397,2.5354838709677416,76.83284457478005
12.429830843000673,23.264835668612164,0.54241943359375,0.52484130859375,-0.6075439453125,0.247314453125,2.680645161290322,81.23167155425219,2.5774193548387094,78.10361681329422,2.5451612903225804,77.12609970674487
12.44989492604509,23.264835668612164,0.54241943359375,0.52484130859375,-0.6075439453125,0.247314453125,2.658064516129032,80.54740957966764,2.629032258064516,79.6676441837732,2.529032258064516,76.63734115347019
12.469979810062796,23.37450868458845,0.541748046875,0.52587890625,-0.60736083984375,0.2470703125,2.6516129032258062,80.35190615835776,2.5806451612903225,78.20136852394917,2.529032258064516,76.63734115347019
12.49010398995597,23.37450868458845,0.541748046875,0.52587890625,-0.60736083984375,0.2470703125,2.6709677419354834,80.93841642228737,2.6064516129032254,78.98338220918865,2.525806451612903,76.53958944281524
12.51015952997841,23.480301976469704,0.541259765625,0.52691650390625,-0.60699462890625,0.246826171875,2.680645161290322,81.23167155425219,2.583870967741935,78.2991202346041,2.525806451612903,76.53958944281524
12.530237821978517,23.480301976469704,0.541259765625,0.52691650390625,-0.60699462890625,0.246826171875,2.6645161290322577,80.74291300097751,2.6064516129032254,78.98338220918865,2.529032258064516,76.63734115347019
12.55030376103241,23.480301976469704,0.541259765625,0.52691650390625,-0.60699462890625,0.246826171875,2.629032258064516,79.6676441837732,2.6129032258064515,79.17888563049853,2.525806451612903,76.53958944281524
12.570373445050791,23.54172205468977,0.540771484375,0.52764892578125,-0.60687255859375,0.24676513671875,2.6645161290322577,80.74291300097751,2.5999999999999996,78.78787878787878,2.529032258064516,76.63734115347019
12.590403608046472,23.54172205468977,0.540771484375,0.52764892578125,-0.60687255859375,0.24676513671875,2.658064516129032,80.54740957966764,2.661290322580645,80.64516129032258,2.532258064516129,76.73509286412512
12.610460940049961,23.56956843140452,0.54046630859375,0.52801513671875,-0.606689453125,0.2469482421875,2.658064516129032,80.54740957966764,2.616129032258064,79.27663734115346,2.52258064516129,76.44183773216031
12.630548511981033,23.56956843140452,0.54046630859375,0.52801513671875,-0.606689453125,0.2469482421875,2.6677419354838707,80.84066471163244,2.587096774193548,78.39687194525904,2.564516129032258,77.71260997067448
12.650588179007173,23.56956843140452,0.54046630859375,0.52801513671875,-0.606689453125,0.2469482421875,2.6709677419354834,80.93841642228737,2.5774193548387094,78.10361681329422,2.5451612903225804,77.12609970674487
12.670778695959598,23.562383621594478,0.54046630859375,0.52825927734375,-0.6064453125,0.24713134765625,2.6741935483870964,81.03616813294232,2.6032258064516127,78.88563049853371,2.529032258064516,76.63734115347019
12.690729978028685,23.562383621594478,0.54046630859375,0.52825927734375,-0.6064453125,0.24713134765625,2.6709677419354834,80.93841642228737,2.6096774193548384,79.0811339198436,2.5419354838709673,77.02834799608992
12.710841518011875,23.55011160100527,0.54052734375,0.528564453125,-0.60601806640625,0.2474365234375,2.6677419354838707,80.84066471163244,2.629032258064516,79.6676441837732,2.5419354838709673,77.02834799608992
12.730871521984227,23.55011160100527,0.54052734375,0.528564453125,-0.60601806640625,0.2474365234375,2.680645161290322,81.23167155425219,2.6064516129032254,78.98338220918865,2.5483870967741935,77.2238514173998
12.750926133012399,23.55011160100527,0.54052734375,0.528564453125,-0.60601806640625,0.2474365234375,2.6419354838709674,80.05865102639295,2.6064516129032254,78.98338220918865,2.551612903225806,77.32160312805473
12.771013768971898,23.58201550468901,0.54046630859375,0.5289306640625,-0.605712890625,0.2474365234375,2.6709677419354834,80.93841642228737,2.6096774193548384,79.0811339198436,2.529032258064516,76.63734115347019
12.79104818799533,23.58201550468901,0.54046630859375,0.5289306640625,-0.605712890625,0.2474365234375,2.680645161290322,81.23167155425219,2.6032258064516127,78.88563049853371,2.558064516129032,77.5171065493646
12.811178321018815,23.617603092853457,0.5404052734375,0.52923583984375,-0.6055908203125,0.24725341796875,2.6709677419354834,80.93841642228737,2.5774193548387094,78.10361681329422,2.5354838709677416,76.83284457478005
12.831295141018927,23.617603092853457,0.5404052734375,0.52923583984375,-0.6055908203125,0.24725341796875,2.6645161290322577,80.74291300097751,2.616129032258064,79.27663734115346,2.529032258064516,76.63734115347019
12.851299831992947,23.617603092853457,0.5404052734375,0.52923583984375,-0.6055908203125,0.24725341796875,2.6774193548387095,81.13391984359725,2.590322580645161,78.49462365591397,2.529032258064516,76.63734115347019
12.871352587011643,23.648768791657886,0.54052734375,0.5294189453125,-0.60540771484375,0.24700927734375,2.6741935483870964,81.03616813294232,2.62258064516129,79.47214076246333,2.5354838709677416,76.83284457478005
12.891411358956248,23.648768791657886,0.54052734375,0.5294189453125,-0.60540771484375,0.24700927734375,2.6741935483870964,81.03616813294232,2.6064516129032254,78.98338220918865,2.532258064516129,76.73509286412512
12.911471122060902,23.662991168892006,0.54058837890625,0.52960205078125,-0.60516357421875,0.24700927734375,2.712903225806451,82.20918866080156,2.593548387096774,78.59237536656892,2.551612903225806,77.32160312805473
12.931537957978435,23.662991168892006,0.54058837890625,0.52960205078125,-0.60516357421875,0.24700927734375,2.6709677419354834,80.93841642228737,2.5806451612903225,78.20136852394917,2.5451612903225804,77.12609970674487
12.951679099001922,23.662991168892006,0.54058837890625,0.52960205078125,-0.60516357421875,0.24700927734375,2.6645161290322577,80.74291300097751,2.6129032258064515,79.17888563049853,2.551612903225806,77.32160312805473
12.97173406300135,23.62998903422546,0.54083251953125,0.52947998046875,-0.60498046875,0.2471923828125,2.680645161290322,81.23167155425219,2.587096774193548,78.39687194525904,2.5387096774193547,76.93059628543499
12.991763234953396,23.62998903422546,0.54083251953125,0.52947998046875,-0.60498046875,0.2471923828125,2.654838709677419,80.4496578690127,2.6064516129032254,78.98338220918865,2.5677419354838706,77.81036168132943
13.011820054030977,23.564058019563575,0.541259765625,0.52911376953125,-0.60479736328125,0.24749755859375,2.680645161290322,81.23167155425219,2.6032258064516127,78.88563049853371,2.529032258064516,76.63734115347019
13.031959051033482,23.564058019563575,0.541259765625,0.52911376953125,-0.60479736328125,0.24749755859375,2.6774193548387095,81.13391984359725,2.5999999999999996,78.78787878787878,2.5161290322580645,76.24633431085044
13.052024862961844,23.564058019563575,0.541259765625,0.52911376953125,-0.60479736328125,0.24749755859375,2.6741935483870964,81.03616813294232,2.6354838709677417,79.86314760508309,2.529032258064516,76.63734115347019
13.072067731060088,23.484735085644928,0.5416259765625,0.5286865234375,-0.604736328125,0.24786376953125,2.6709677419354834,80.93841642228737,2.6419354838709674,80.05865102639295,2.525806451612903,76.53958944281524
13.092122695059516,23.484735085644928,0.5416259765625,0.5286865234375,-0.604736328125,0.24786376953125,2.690322580645161,81.524926686217,2.6032258064516127,78.88563049853371,2.554838709677419,77.41935483870968
13.112190074985847,23.40938915968627,0.5419921875,0.5281982421875,-0.604736328125,0.2481689453125,2.680645161290322,81.23167155425219,2.587096774193548,78.39687194525904,2.554838709677419,77.41935483870968
13.132323440047912,23.40938915968627,0.5419921875,0.5281982421875,-0.604736328125,0.2481689453125,2.6354838709677417,79.86314760508309,2.629032258064516,79.6676441837732,2.561290322580645,77.61485826001955
13.15236377902329,23.40938915968627,0.5419921875,0.5281982421875,-0.604736328125,0.2481689453125,2.680645161290322,81.23167155425219,2.590322580645161,78.49462365591397,2.5483870967741935,77.2238514173998
13.172487384057604,23.3226779129499,0.54241943359375,0.527587890625,-0.604736328125,0.24853515625,2.6709677419354834,80.93841642228737,2.6032258064516127,78.88563049853371,2.5451612903225804,77.12609970674487
13.192518603987992,23.3226779129499,0.54241943359375,0.527587890625,-0.604736328125,0.24853515625,2.7064516129032254,82.01368523949168,2.596774193548387,78.69012707722385,2.551612903225806,77.32160312805473
13.212581312051043,23.239625554364352,0.54290771484375,0.52703857421875,-0.60467529296875,0.24884033203125,2.629032258064516,79.6676441837732,2.6677419354838707,80.84066471163244,2.5,75.75757575757575
13.232642068061978,23.239625554364352,0.54290771484375,0.52703857421875,-0.60467529296875,0.24884033203125,2.6838709677419352,81.32942326490713,2.6354838709677417,79.86314760508309,2.5483870967741935,77.2238514173998
13.252766343997791,23.239625554364352,0.54290771484375,0.52703857421875,-0.60467529296875,0.24884033203125,2.654838709677419,80.4496578690127,2.629032258064516,79.6676441837732,2.5419354838709673,77.02834799608992
13.27288015699014,23.101437869934443,0.5438232421875,0.52581787109375,-0.60467529296875,0.249267578125,2.693548387096774,81.62267839687193,2.6516129032258062,80.35190615835776,2.532258064516129,76.73509286412512
13.292944528977387,23.101437869934443,0.5438232421875,0.52581787109375,-0.60467529296875,0.249267578125,2.7064516129032254,82.01368523949168,2.625806451612903,79.56989247311827,2.561290322580645,77.61485826001955
13.313030533026904,22.81029305185855,0.5460205078125,0.5233154296875,-0.6046142578125,0.2498779296875,2.6999999999999997,81.81818181818181,2.648387096774193,80.25415444770283,2.551612903225806,77.32160312805473
13.333102233009413,22.81029305185855,0.5460205078125,0.5233154296875,-0.6046142578125,0.2498779296875,2.687096774193548,81.42717497556205,2.6741935483870964,81.03616813294232,2.564516129032258,77.71260997067448
13.353148909052834,22.81029305185855,0.5460205078125,0.5233154296875,-0.6046142578125,0.2498779296875,2.693548387096774,81.62267839687193,2.680645161290322,81.23167155425219,2.529032258064516,76.63734115347019
13.373250880977139,22.541714391521268,0.54833984375,0.5211181640625,-0.6041259765625,0.25048828125,2.7064516129032254,82.01368523949168,2.6709677419354834,80.93841642228737,2.529032258064516,76.63734115347019
13.393346581957303,22.541714391521268,0.54833984375,0.5211181640625,-0.6041259765625,0.25048828125,2.7322580645161287,82.79569892473117,2.654838709677419,80.4496578690127,2.5451612903225804,77.12609970674487
13.413422730052844,22.35313126387277,0.54998779296875,0.5201416015625,-0.60321044921875,0.251220703125,2.6838709677419352,81.32942326490713,2.6645161290322577,80.74291300097751,2.551612903225806,77.32160312805473
13.433445084956475,22.35313126387277,0.54998779296875,0.5201416015625,-0.60321044921875,0.251220703125,2.725806451612903,82.6001955034213,2.6709677419354834,80.93841642228737,2.564516129032258,77.71260997067448
13.453562385984696,22.35313126387277,0.54998779296875,0.5201416015625,-0.60321044921875,0.251220703125,2.7096774193548385,82.11143695014663,2.661290322580645,80.64516129032258,2.529032258064516,76.63734115347019
13.4736915579997,22.22569723339383,0.55084228515625,0.51959228515625,-0.60260009765625,0.251953125,2.7096774193548385,82.11143695014663,2.6419354838709674,80.05865102639295,2.529032258064516,76.63734115347019
13.493746010004543,22.22569723339383,0.55084228515625,0.51959228515625,-0.60260009765625,0.251953125,2.7064516129032254,82.01368523949168,2.6741935483870964,81.03616813294232,2.5129032258064514,76.1485826001955
13.513826319016516,22.143638700362672,0.55120849609375,0.51904296875,-0.6025390625,0.25238037109375,2.7161290322580642,82.30694037145649,2.680645161290322,81.23167155425219,2.5161290322580645,76.24633431085044
13.533915139036253,22.143638700362672,0.55120849609375,0.51904296875,-0.6025390625,0.25238037109375,2.680645161290322,81.23167155425219,2.6709677419354834,80.93841642228737,2.525806451612903,76.53958944281524
13.554011382977478,22.143638700362672,0.55120849609375,0.51904296875,-0.6025390625,0.25238037109375,2.7580645161290325,83.57771260997069,2.6709677419354834,80.93841642228737,2.551612903225806,77.32160312805473
13.574126571998931,22.121188944920235,0.5513916015625,0.51861572265625,-0.602783203125,0.25225830078125,2.712903225806451,82.20918866080156,2.719354838709677,82.40469208211142,2.5419354838709673,77.02834799608992
13.594182047992945,22.121188944920235,0.5513916015625,0.51861572265625,-0.602783203125,0.25225830078125,2.6999999999999997,81.81818181818181,2.680645161290322,81.23167155425219,2.5,75.75757575757575
13.614221555064432,22.10296667874499,0.55126953125,0.51849365234375,-0.60296630859375,0.25238037109375,2.6967741935483867,81.72043010752688,2.658064516129032,80.54740957966764,2.5387096774193547,76.93059628543499
13.63427587901242,22.10296667874499,0.55126953125,0.51849365234375,-0.60296630859375,0.25238037109375,2.764516129032258,83.77321603128055,2.680645161290322,81.23167155425219,2.525806451612903,76.53958944281524
13.654332731035538,22.10296667874499,0.55126953125,0.51849365234375,-0.60296630859375,0.25238037109375,2.6967741935483867,81.72043010752688,2.712903225806451,82.20918866080156,2.558064516129032,77.5171065493646
13.674451695987955,22.081657520102425,0.5509033203125,0.51849365234375,-0.6031494140625,0.25274658203125,2.7064516129032254,82.01368523949168,2.6709677419354834,80.93841642228737,2.5419354838709673,77.02834799608992
13.694569636019878,22.081657520102425,0.5509033203125,0.51849365234375,-0.6031494140625,0.25274658203125,2.712903225806451,82.20918866080156,2.680645161290322,81.23167155425219,2.5387096774193547,76.93059628543499
13.714665689039975,22.021498533615343,0.550537109375,0.51837158203125,-0.60333251953125,0.25341796875,2.7387096774193544,82.99120234604105,2.680645161290322,81.23167155425219,2.529032258064516,76.63734115347019
13.734717483981512,22.021498533615343,0.550537109375,0.51837158203125,-0.60333251953125,0.25341796875,2.6999999999999997,81.81818181818181,2.654838709677419,80.4496578690127,2.529032258064516,76.63734115347019
13.754803201067261,22.021498533615343,0.550537109375,0.51837158203125,-0.60333251953125,0.25341796875,2.680645161290322,81.23167155425219,2.6709677419354834,80.93841642228737,2.5354838709677416,76.83284457478005
13.774847091990523,21.93415758806111,0.55059814453125,0.51812744140625,-0.6031494140625,0.25421142578125,2.7064516129032254,82.01368523949168,2.6516129032258062,80.35190615835776,2.5451612903225804,77.12609970674487
13.794874215964228,21.93415758806111,0.55059814453125,0.51812744140625,-0.6031494140625,0.25421142578125,2.693548387096774,81.62267839687193,2.6838709677419352,81.32942326490713,2.5483870967741935,77.2238514173998
13.814996797009371,21.818339998194702,0.551025390625,0.51751708984375,-0.60284423828125,0.25506591796875,2.72258064516129,82.50244379276637,2.6709677419354834,80.93841642228737,2.529032258064516,76.63734115347019
13.8350889129797,21.818339998194702,0.551025390625,0.51751708984375,-0.60284423828125,0.25506591796875,2.6838709677419352,81.32942326490713,2.687096774193548,81.42717497556205,2.5064516129032257,75.95307917888563
13.855116612045094,21.818339998194702,0.551025390625,0.51751708984375,-0.60284423828125,0.25506591796875,2.680645161290322,81.23167155425219,2.6838709677419352,81.32942326490713,2.4741935483870967,74.97556207233626
13.875178840011358,21.68769826379804,0.5516357421875,0.51690673828125,-0.6025390625,0.25579833984375,2.7387096774193544,82.99120234604105,2.6967741935483867,81.72043010752688,2.5354838709677416,76.83284457478005
13.89524938899558,21.68769826379804,0.5516357421875,0.51690673828125,-0.6025390625,0.25579833984375,2.6838709677419352,81.32942326490713,2.7032258064516124,81.91593352883673,2.529032258064516,76.63734115347019
13.915322817047127,21.5935672031421,0.552001953125,0.51666259765625,-0.6021728515625,0.2564697265625,2.7161290322580642,82.30694037145649,2.7064516129032254,82.01368523949168,2.529032258064516,76.63734115347019
13.935380053007975,21.5935672031421,0.552001953125,0.51666259765625,-0.6021728515625,0.2564697265625,2.7064516129032254,82.01368523949168,2.7064516129032254,82.01368523949168,2.529032258064516,76.63734115347019
13.95553466596175,21.5935672031421,0.552001953125,0.51666259765625,-0.6021728515625,0.2564697265625,2.6838709677419352,81.32942326490713,2.6774193548387095,81.13391984359725,2.5709677419354837,77.90811339198436
13.975557661964558,21.54028470501696,0.55230712890625,0.5162353515625,-0.60223388671875,0.256591796875,2.661290322580645,80.64516129032258,2.6645161290322577,80.74291300097751,2.5677419354838706,77.81036168132943
13.99566152296029,21.54028470501696,0.55230712890625,0.5162353515625,-0.60223388671875,0.256591796875,2.6838709677419352,81.32942326490713,2.6322580645161286,79.76539589442815,2.5387096774193547,76.93059628543499
14.015701735042967,21.616976932229548,0.55157470703125,0.51715087890625,-0.60198974609375,0.25677490234375,2.658064516129032,80.54740957966764,2.6032258064516127,78.88563049853371,2.4741935483870967,74.97556207233626
14.035751354997046,21.616976932229548,0.55157470703125,0.51715087890625,-0.60198974609375,0.25677490234375,2.6516129032258062,80.35190615835776,2.5387096774193547,76.93059628543499,2.5387096774193547,76.93059628543499
14.05585892801173,21.616976932229548,0.55157470703125,0.51715087890625,-0.60198974609375,0.25677490234375,2.6387096774193544,79.960899315738,2.558064516129032,77.5171065493646,2.525806451612903,76.53958944281524
14.075912003987469,21.840403936631787,0.54840087890625,0.520751953125,-0.6011962890625,0.25811767578125,2.6451612903225805,80.1564027370479,2.5483870967741935,77.2238514173998,2.487096774193548,75.366568914956
14.096014873008244,21.840403936631787,0.54840087890625,0.520751953125,-0.6011962890625,0.25811767578125,2.6354838709677417,79.86314760508309,2.487096774193548,75.366568914956,2.5129032258064514,76.1485826001955
14.116163759026676,22.398500033558676,0.54351806640625,0.52655029296875,-0.60064697265625,0.2579345703125,2.629032258064516,79.6676441837732,2.4741935483870967,74.97556207233626,2.5064516129032257,75.95307917888563
14.136159457964823,22.398500033558676,0.54351806640625,0.52655029296875,-0.60064697265625,0.2579345703125,2.6129032258064515,79.17888563049853,2.4516129032258065,74.29130009775172,2.5032258064516126,75.8553274682307
14.156204501981847,22.398500033558676,0.54351806640625,0.52655029296875,-0.60064697265625,0.2579345703125,2.551612903225806,77.32160312805473,2.4,72.72727272727273,2.4774193548387093,75.07331378299119
14.176298507023603,23.4620662874986,0.53662109375,0.5347900390625,-0.60101318359375,0.25457763671875,2.551612903225806,77.32160312805473,2.367741935483871,71.74975562072336,2.4483870967741934,74.19354838709677
14.196396543993615,23.4620662874986,0.53662109375,0.5347900390625,-0.60101318359375,0.25457763671875,2.590322580645161,78.49462365591397,2.335483870967742,70.772238514174,2.490322580645161,75.46432062561095
14.216440084041096,25.095435631004037,0.52783203125,0.5450439453125,-0.6026611328125,0.24713134765625,2.554838709677419,77.41935483870968,2.3516129032258064,71.26099706744868,2.4774193548387093,75.07331378299119
14.236496775993146,25.095435631004037,0.52783203125,0.5450439453125,-0.6026611328125,0.24713134765625,2.525806451612903,76.53958944281524,2.303225806451613,69.79472140762464,2.5064516129032257,75.95307917888563
14.256559452973306,25.095435631004037,0.52783203125,0.5450439453125,-0.6026611328125,0.24713134765625,2.558064516129032,77.5171065493646,2.2193548387096773,67.25317693059628,2.4709677419354836,74.87781036168133
14.276623505051248,27.08387955196322,0.51739501953125,0.556640625,-0.6051025390625,0.2373046875,2.519354838709677,76.34408602150538,2.2096774193548385,66.95992179863147,2.4774193548387093,75.07331378299119
14.296708998037502,27.08387955196322,0.51739501953125,0.556640625,-0.6051025390625,0.2373046875,2.5483870967741935,77.2238514173998,2.1774193548387095,65.98240469208211,2.4774193548387093,75.07331378299119
14.316793594043702,29.72616520266258,0.502685546875,0.57379150390625,-0.605712890625,0.22607421875,2.4741935483870967,74.97556207233626,2.148387096774193,65.10263929618768,2.4612903225806453,74.58455522971653
14.336847629980184,29.72616520266258,0.502685546875,0.57379150390625,-0.605712890625,0.22607421875,2.490322580645161,75.46432062561095,2.1032258064516127,63.73411534701857,2.435483870967742,73.80254154447702
14.35689136304427,29.72616520266258,0.502685546875,0.57379150390625,-0.605712890625,0.22607421875,2.551612903225806,77.32160312805473,2.064516129032258,62.56109481915934,2.4612903225806453,74.58455522971653
14.376965302973986,32.646826919323175,0.48388671875,0.59588623046875,-0.6031494140625,0.21673583984375,2.5,75.75757575757575,2.0387096774193547,61.779081133919846,2.4741935483870967,74.97556207233626
14.39704372396227,32.646826919323175,0.48388671875,0.59588623046875,-0.6031494140625,0.21673583984375,2.5096774193548383,76.05083088954055,2.032258064516129,61.58357771260997,2.4741935483870967,74.97556207233626
14.417095168028027,35.589948354777604,0.4635009765625,0.6187744140625,-0.59906005859375,0.2083740234375,2.4774193548387093,75.07331378299119,1.9580645161290322,59.33528836754643,2.4516129032258065,74.29130009775172
14.437169715994969,35.589948354777604,0.4635009765625,0.6187744140625,-0.59906005859375,0.2083740234375,2.5032258064516126,75.8553274682307,1.9064516129032258,57.77126099706745,2.432258064516129,73.70478983382209
14.457230761065148,35.589948354777604,0.4635009765625,0.6187744140625,-0.59906005859375,0.2083740234375,2.4774193548387093,75.07331378299119,1.8258064516129031,55.32746823069403,2.5,75.75757575757575
14.477289980975911,38.539831786463466,0.4417724609375,0.6405029296875,-0.595458984375,0.19989013671875,2.5,75.75757575757575,1.7903225806451613,54.25219941348974,2.4516129032258065,74.29130009775172
14.497356464969926,38.539831786463466,0.4417724609375,0.6405029296875,-0.595458984375,0.19989013671875,2.5064516129032257,75.95307917888563,1.635483870967742,49.56011730205279,2.445161290322581,74.09579667644185
14.517421446042135,41.552996033354134,0.42047119140625,0.66070556640625,-0.59228515625,0.18939208984375,2.5,75.75757575757575,1.5,45.45454545454546,2.412903225806452,73.11827956989248
14.537505049956962,41.552996033354134,0.42047119140625,0.66070556640625,-0.59228515625,0.18939208984375,2.4741935483870967,74.97556207233626,1.3451612903225805,40.7624633431085,2.4741935483870967,74.97556207233626
14.55759057495743,41.552996033354134,0.42047119140625,0.66070556640625,-0.59228515625,0.18939208984375,2.4774193548387093,75.07331378299119,1.2451612903225806,37.732160312805476,2.487096774193548,75.366568914956
14.57768438803032,44.520035781792416,0.40087890625,0.67822265625,-0.58984375,0.177001953125,2.5129032258064514,76.1485826001955,1.196774193548387,36.26588465298143,2.464516129032258,74.68230694037146
14.597788440063596,44.520035781792416,0.40087890625,0.67822265625,-0.58984375,0.177001953125,2.525806451612903,76.53958944281524,1.1870967741935483,35.97262952101662,2.490322580645161,75.46432062561095
14.617826733039692,47.37533915470685,0.38507080078125,0.69390869140625,-0.5863037109375,0.16259765625,2.490322580645161,75.46432062561095,1.2161290322580645,36.852394916911045,2.4774193548387093,75.07331378299119
14.637875520973466,47.37533915470685,0.38507080078125,0.69390869140625,-0.5863037109375,0.16259765625,2.525806451612903,76.53958944281524,2.193548387096774,66.47116324535679,2.5096774193548383,76.05083088954055
14.657940789009444,47.37533915470685,0.38507080078125,0.69390869140625,-0.5863037109375,0.16259765625,2.4806451612903224,75.17106549364614,1.9096774193548387,57.86901270772239,2.42258064516129,73.41153470185728
14.678031082032248,49.010596975385596,0.3836669921875,0.68377685546875,-0.6046142578125,0.140380859375,2.525806451612903,76.53958944281524,1.9580645161290322,59.33528836754643,2.42258064516129,73.41153470185728
14.698147551040165,49.010596975385596,0.3836669921875,0.68377685546875,-0.6046142578125,0.140380859375,2.5451612903225804,77.12609970674487,2.009677419354839,60.899315738025415,2.454838709677419,74.38905180840665
14.718185842968524,54.57214234677882,0.36370849609375,0.6705322265625,-0.64105224609375,0.08453369140625,2.5483870967741935,77.2238514173998,2.054838709677419,62.267839687194524,2.4741935483870967,74.97556207233626
14.738249895046465,54.57214234677882,0.36370849609375,0.6705322265625,-0.64105224609375,0.08453369140625,2.5677419354838706,77.81036168132943,2.064516129032258,62.56109481915934,2.5,75.75757575757575
14.758387804031372,54.57214234677882,0.36370849609375,0.6705322265625,-0.64105224609375,0.08453369140625,2.519354838709677,76.34408602150538,2.0129032258064514,60.997067448680355,2.4774193548387093,75.07331378299119
14.778416080051102,58.13094320385275,0.33941650390625,0.6732177734375,-0.6539306640625,0.06243896484375,2.5387096774193547,76.93059628543499,2.02258064516129,61.29032258064516,2.4806451612903224,75.17106549364614
14.798489317065105,58.13094320385275,0.33941650390625,0.6732177734375,-0.6539306640625,0.06243896484375,2.5774193548387094,78.10361681329422,1.993548387096774,60.410557184750736,2.4483870967741934,74.19354838709677
14.818557496997528,60.38319457542144,0.3223876953125,0.6917724609375,-0.64361572265625,0.0572509765625,2.5,75.75757575757575,1.993548387096774,60.410557184750736,2.4838709677419355,75.26881720430107
14.838622894021682,60.38319457542144,0.3223876953125,0.6917724609375,-0.64361572265625,0.0572509765625,2.5451612903225804,77.12609970674487,2.0354838709677416,61.6813294232649,2.4741935483870967,74.97556207233626
14.858694017981179,60.38319457542144,0.3223876953125,0.6917724609375,-0.64361572265625,0.0572509765625,2.5709677419354837,77.90811339198436,1.996774193548387,60.50830889540567,2.4741935483870967,74.97556207233626
14.878738134051673,63.204134526270536,0.30450439453125,0.70635986328125,-0.637451171875,0.0443115234375,2.561290322580645,77.61485826001955,1.9838709677419355,60.117302052785924,2.4741935483870967,74.97556207233626
14.898801291012205,63.204134526270536,0.30450439453125,0.70635986328125,-0.637451171875,0.0443115234375,2.564516129032258,77.71260997067448,2.009677419354839,60.899315738025415,2.487096774193548,75.366568914956
14.918864959036,66.66148111336113,0.2823486328125,0.70947265625,-0.645263671875,0.02239990234375,2.5741935483870964,78.00586510263928,2.02258064516129,61.29032258064516,2.487096774193548,75.366568914956
14.938931636046618,66.66148111336113,0.2823486328125,0.70947265625,-0.645263671875,0.02239990234375,2.525806451612903,76.53958944281524,1.9741935483870967,59.82404692082112,2.5064516129032257,75.95307917888563
14.958994504995644,66.66148111336113,0.2823486328125,0.70947265625,-0.645263671875,0.02239990234375,2.564516129032258,77.71260997067448,1.9774193548387096,59.92179863147605,2.490322580645161,75.46432062561095
14.979093117988668,69.96529598753449,0.2598876953125,0.71234130859375,-0.65191650390625,0.00262451171875,2.554838709677419,77.41935483870968,1.9806451612903224,60.01955034213099,2.4774193548387093,75.07331378299119
14.9991293620551,69.96529598753449,0.2598876953125,0.71234130859375,-0.65191650390625,0.00262451171875,2.525806451612903,76.53958944281524,1.9774193548387096,59.92179863147605,2.4741935483870967,74.97556207233626
15.019278855994344,72.97784958351428,-0.23809814453125,-0.71881103515625,0.653076171875,0.0126953125,2.5709677419354837,77.90811339198436,1.9483870967741934,59.04203323558163,2.5387096774193547,76.93059628543499
15.03933734097518,72.97784958351428,-0.23809814453125,-0.71881103515625,0.653076171875,0.0126953125,2.564516129032258,77.71260997067448,1.9806451612903224,60.01955034213099,2.4741935483870967,74.97556207233626
15.059381713042967,72.97784958351428,-0.23809814453125,-0.71881103515625,0.653076171875,0.0126953125,2.583870967741935,78.2991202346041,1.967741935483871,59.628543499511245,2.4774193548387093,75.07331378299119
15.07945264596492,75.88890378052594,-0.21783447265625,-0.72412109375,0.65374755859375,0.0283203125,2.5774193548387094,78.10361681329422,1.9451612903225806,58.94428152492669,2.4838709677419355,75.26881720430107
15.099548315047286,75.88890378052594,-0.21783447265625,-0.72412109375,0.65374755859375,0.0283203125,2.596774193548387,78.69012707722385,1.8935483870967742,57.380254154447705,2.487096774193548,75.366568914956
15.119590256013907,78.62907415793889,-0.19903564453125,-0.72845458984375,0.65411376953125,0.04339599609375,2.554838709677419,77.41935483870968,1.8322580645161288,55.5229716520039,2.458064516129032,74.48680351906158
15.13965232402552,78.62907415793889,-0.19903564453125,-0.72845458984375,0.65411376953125,0.04339599609375,2.5774193548387094,78.10361681329422,1.7903225806451613,54.25219941348974,2.4516129032258065,74.29130009775172
15.159713017055765,78.62907415793889,-0.19903564453125,-0.72845458984375,0.65411376953125,0.04339599609375,2.564516129032258,77.71260997067448,1.729032258064516,52.39491691104594,2.4612903225806453,74.58455522971653
15.179817422060296,80.9955060799317,-0.1826171875,-0.7332763671875,0.65252685546875,0.0557861328125,2.5741935483870964,78.00586510263928,1.7387096774193547,52.68817204301075,2.4290322580645163,73.60703812316717
15.199883171007968,80.9955060799317,-0.1826171875,-0.7332763671875,0.65252685546875,0.0557861328125,2.5774193548387094,78.10361681329422,1.7129032258064516,51.90615835777126,2.4516129032258065,74.29130009775172
15.21993384801317,83.00239749582948,-0.16925048828125,-0.73681640625,0.651123046875,0.06689453125,2.5677419354838706,77.81036168132943,1.7193548387096773,52.101661779081134,2.4483870967741934,74.19354838709677
15.240039853029884,83.00239749582948,-0.16925048828125,-0.73681640625,0.651123046875,0.06689453125,2.5774193548387094,78.10361681329422,1.6838709677419355,51.02639296187683,2.4709677419354836,74.87781036168133
15.260082177002914,83.00239749582948,-0.16925048828125,-0.73681640625,0.651123046875,0.06689453125,2.590322580645161,78.49462365591397,1.6806451612903226,50.9286412512219,2.4774193548387093,75.07331378299119
15.280156373977661,84.80752277845181,-0.15692138671875,-0.73907470703125,0.65057373046875,0.076904296875,2.551612903225806,77.32160312805473,1.6096774193548384,48.77810361681329,2.4838709677419355,75.26881720430107
15.300198410986923,84.80752277845181,-0.15692138671875,-0.73907470703125,0.65057373046875,0.076904296875,2.561290322580645,77.61485826001955,1.6419354838709677,49.75562072336266,2.464516129032258,74.68230694037146
15.320260736043565,86.22126846693536,-0.14691162109375,-0.74029541015625,0.65057373046875,0.0845947265625,2.5354838709677416,76.83284457478005,1.5999999999999999,48.484848484848484,2.4774193548387093,75.07331378299119
15.340329427970573,86.22126846693536,-0.14691162109375,-0.74029541015625,0.65057373046875,0.0845947265625,2.596774193548387,78.69012707722385,1.590322580645161,48.19159335288367,2.4709677419354836,74.87781036168133
15.360445545986295,86.22126846693536,-0.14691162109375,-0.74029541015625,0.65057373046875,0.0845947265625,2.525806451612903,76.53958944281524,1.5709677419354837,47.60508308895405,2.490322580645161,75.46432062561095
15.380573278991506,87.19515036460348,-0.139892578125,-0.74072265625,0.65093994140625,0.08990478515625,2.596774193548387,78.69012707722385,1.5870967741935482,48.09384164222873,2.487096774193548,75.366568914956
15.40064753999468,87.19515036460348,-0.139892578125,-0.74072265625,0.65093994140625,0.08990478515625,2.5774193548387094,78.10361681329422,1.5774193548387094,47.800586510263926,2.4741935483870967,74.97556207233626
15.420653864042833,87.79279544735732,-0.13604736328125,-0.7408447265625,0.65106201171875,0.09356689453125,2.532258064516129,76.73509286412512,1.635483870967742,49.56011730205279,2.4774193548387093,75.07331378299119
15.440714461030439,87.79279544735732,-0.13604736328125,-0.7408447265625,0.65106201171875,0.09356689453125,2.5677419354838706,77.81036168132943,1.6483870967741936,49.95112414467254,2.493548387096774,75.56207233626587
15.460772305959836,87.79279544735732,-0.13604736328125,-0.7408447265625,0.65106201171875,0.09356689453125,2.5387096774193547,76.93059628543499,1.664516129032258,50.43988269794721,2.4838709677419355,75.26881720430107
15.480835909955204,88.04812986640505,-0.13494873046875,-0.7410888671875,0.6507568359375,0.09552001953125,2.5677419354838706,77.81036168132943,1.6935483870967742,51.31964809384164,2.4774193548387093,75.07331378299119
15.50094556401018,88.04812986640505,-0.13494873046875,-0.7410888671875,0.6507568359375,0.09552001953125,2.5774193548387094,78.10361681329422,1.6903225806451612,51.2218963831867,2.5096774193548383,76.05083088954055
15.520997807965614,88.08841373740135,-0.13543701171875,-0.74090576171875,0.65069580078125,0.096435546875,2.525806451612903,76.53958944281524,1.6935483870967742,51.31964809384164,2.493548387096774,75.56207233626587
15.54104838904459,88.08841373740135,-0.13543701171875,-0.74090576171875,0.65069580078125,0.096435546875,2.5774193548387094,78.10361681329422,1.7,51.515151515151516,2.490322580645161,75.46432062561095
15.561194106005132,88.08841373740135,-0.13543701171875,-0.74090576171875,0.65069580078125,0.096435546875,2.5709677419354837,77.90811339198436,1.7064516129032257,51.71065493646139,2.5096774193548383,76.05083088954055
15.581277327029966,87.91268714810195,-0.13653564453125,-0.73956298828125,0.652099609375,0.09576416015625,2.5774193548387094,78.10361681329422,1.729032258064516,52.39491691104594,2.4774193548387093,75.07331378299119
15.601335140061565,87.91268714810195,-0.13653564453125,-0.73956298828125,0.652099609375,0.09576416015625,2.551612903225806,77.32160312805473,1.7225806451612902,52.19941348973607,2.4741935483870967,74.97556207233626
15.621392857050523,87.6911665505119,-0.1373291015625,-0.73773193359375,0.65423583984375,0.094482421875,2.5741935483870964,78.00586510263928,1.7483870967741935,52.98142717497556,2.525806451612903,76.53958944281524
15.64143460500054,87.6911665505119,-0.1373291015625,-0.73773193359375,0.65423583984375,0.094482421875,2.616129032258064,79.27663734115346,1.7548387096774192,53.17693059628543,2.5,75.75757575757575
15.661497154040262,87.6911665505119,-0.1373291015625,-0.73773193359375,0.65423583984375,0.094482421875,2.5806451612903225,78.20136852394917,1.7677419354838708,53.567937438905176,2.4806451612903224,75.17106549364614
15.68160757503938,87.47850057978395,-0.13787841796875,-0.736083984375,0.6561279296875,0.093017578125,2.5774193548387094,78.10361681329422,1.7548387096774192,53.17693059628543,2.4774193548387093,75.07331378299119
15.701682380051352,87.47850057978395,-0.13787841796875,-0.736083984375,0.6561279296875,0.093017578125,2.6032258064516127,78.88563049853371,1.7999999999999998,54.54545454545454,2.5032258064516126,75.8553274682307
15.721751617034897,87.30332862176633,-0.1383056640625,-0.735107421875,0.6573486328125,0.0916748046875,2.525806451612903,76.53958944281524,1.7806451612903225,53.95894428152492,2.525806451612903,76.53958944281524
15.741865974036045,87.30332862176633,-0.1383056640625,-0.735107421875,0.6573486328125,0.0916748046875,2.5999999999999996,78.78787878787878,1.7838709677419353,54.05669599217986,2.496774193548387,75.65982404692082
15.761925098951906,87.30332862176633,-0.1383056640625,-0.735107421875,0.6573486328125,0.0916748046875,2.6096774193548384,79.0811339198436,1.7774193548387096,53.86119257086999,2.4774193548387093,75.07331378299119
15.782037695986219,87.15649790815326,-0.13897705078125,-0.734619140625,0.65789794921875,0.0906982421875,2.587096774193548,78.39687194525904,1.8032258064516127,54.64320625610948,2.4774193548387093,75.07331378299119
15.802047444041818,87.15649790815326,-0.13897705078125,-0.734619140625,0.65789794921875,0.0906982421875,2.590322580645161,78.49462365591397,1.8129032258064515,54.936461388074285,2.5032258064516126,75.8553274682307
15.822112104971893,87.059904020465,-0.1400146484375,-0.73455810546875,0.65771484375,0.0904541015625,2.587096774193548,78.39687194525904,1.8129032258064515,54.936461388074285,2.4806451612903224,75.17106549364614
15.84215663804207,87.059904020465,-0.1400146484375,-0.73455810546875,0.65771484375,0.0904541015625,2.5806451612903225,78.20136852394917,1.8064516129032258,54.74095796676443,2.525806451612903,76.53958944281524
15.862225843011402,87.059904020465,-0.1400146484375,-0.73455810546875,0.65771484375,0.0904541015625,2.5806451612903225,78.20136852394917,1.8064516129032258,54.74095796676443,2.525806451612903,76.53958944281524
15.882355847978033,86.97525466903151,-0.1412353515625,-0.7344970703125,0.65753173828125,0.09051513671875,2.62258064516129,79.47214076246333,1.7903225806451613,54.25219941348974,2.5064516129032257,75.95307917888563
15.902378331986256,86.97525466903151,-0.1412353515625,-0.7344970703125,0.65753173828125,0.09051513671875,2.5999999999999996,78.78787878787878,1.8129032258064515,54.936461388074285,2.525806451612903,76.53958944281524
15.922432849067263,86.91958134632708,-0.14239501953125,-0.73419189453125,0.6575927734375,0.0909423828125,2.596774193548387,78.69012707722385,1.8096774193548386,54.83870967741935,2.525806451612903,76.53958944281524
15.94251731899567,86.91958134632708,-0.14239501953125,-0.73419189453125,0.6575927734375,0.0909423828125,2.5806451612903225,78.20136852394917,1.8064516129032258,54.74095796676443,2.5129032258064514,76.1485826001955
15.962557371007279,86.91958134632708,-0.14239501953125,-0.73419189453125,0.6575927734375,0.0909423828125,2.616129032258064,79.27663734115346,1.8516129032258062,56.10948191593352,2.5032258064516126,75.8553274682307
15.982752882060595,86.88264345686264,-0.1431884765625,-0.734130859375,0.65740966796875,0.0911865234375,2.596774193548387,78.69012707722385,1.8032258064516127,54.64320625610948,2.4741935483870967,74.97556207233626
16.002717509982176,86.88264345686264,-0.1431884765625,-0.734130859375,0.65740966796875,0.0911865234375,2.593548387096774,78.59237536656892,1.8032258064516127,54.64320625610948,2.5032258064516126,75.8553274682307
16.02277794701513,86.90414490077444,-0.1435546875,-0.7340087890625,0.657470703125,0.091796875,2.593548387096774,78.59237536656892,1.7903225806451613,54.25219941348974,2.493548387096774,75.56207233626587
16.042919632978737,86.90414490077444,-0.1435546875,-0.7340087890625,0.657470703125,0.091796875,2.596774193548387,78.69012707722385,1.796774193548387,54.44770283479961,2.496774193548387,75.65982404692082
16.06293184601236,86.90414490077444,-0.1435546875,-0.7340087890625,0.657470703125,0.091796875,2.6129032258064515,79.17888563049853,1.8032258064516127,54.64320625610948,2.5,75.75757575757575
16.082989627029747,86.9498362682407,-0.14361572265625,-0.73370361328125,0.65765380859375,0.09246826171875,2.6032258064516127,78.88563049853371,1.7903225806451613,54.25219941348974,2.496774193548387,75.65982404692082
16.10304638405796,86.9498362682407,-0.14361572265625,-0.73370361328125,0.65765380859375,0.09246826171875,2.564516129032258,77.71260997067448,1.7516129032258063,53.0791788856305,2.490322580645161,75.46432062561095
16.12310938106384,86.9899321772039,-0.1435546875,-0.73345947265625,0.6578369140625,0.09295654296875,2.593548387096774,78.59237536656892,1.7838709677419353,54.05669599217986,2.519354838709677,76.34408602150538
16.14322594704572,86.9899321772039,-0.1435546875,-0.73345947265625,0.6578369140625,0.09295654296875,2.593548387096774,78.59237536656892,1.793548387096774,54.34995112414467,2.493548387096774,75.56207233626587
16.16327480005566,86.9899321772039,-0.1435546875,-0.73345947265625,0.6578369140625,0.09295654296875,2.6032258064516127,78.88563049853371,1.8096774193548386,54.83870967741935,2.4774193548387093,75.07331378299119
16.18341562198475,86.99757970681216,-0.14361572265625,-0.733154296875,0.65814208984375,0.09320068359375,2.5677419354838706,77.81036168132943,1.793548387096774,54.34995112414467,2.564516129032258,77.71260997067448
16.203420954057947,86.99757970681216,-0.14361572265625,-0.733154296875,0.65814208984375,0.09320068359375,2.596774193548387,78.69012707722385,1.793548387096774,54.34995112414467,2.525806451612903,76.53958944281524
16.2234973909799,86.99294289075894,-0.14373779296875,-0.73260498046875,0.65875244140625,0.09344482421875,2.564516129032258,77.71260997067448,1.7774193548387096,53.86119257086999,2.52258064516129,76.44183773216031
16.24357901304029,86.99294289075894,-0.14373779296875,-0.73260498046875,0.65875244140625,0.09344482421875,2.5806451612903225,78.20136852394917,1.793548387096774,54.34995112414467,2.5032258064516126,75.8553274682307
16.26361759402789,86.99294289075894,-0.14373779296875,-0.73260498046875,0.65875244140625,0.09344482421875,2.5806451612903225,78.20136852394917,1.793548387096774,54.34995112414467,2.525806451612903,76.53958944281524
16.28368001501076,86.99063623094116,-0.14398193359375,-0.73199462890625,0.65924072265625,0.09381103515625,2.583870967741935,78.2991202346041,1.7903225806451613,54.25219941348974,2.493548387096774,75.56207233626587
16.303732292028144,86.99063623094116,-0.14398193359375,-0.73199462890625,0.65924072265625,0.09381103515625,2.593548387096774,78.59237536656892,1.7870967741935482,54.154447702834794,2.5161290322580645,76.24633431085044
16.32385119399987,86.95432150955564,-0.1444091796875,-0.7318115234375,0.65936279296875,0.09381103515625,2.5806451612903225,78.20136852394917,1.7903225806451613,54.25219941348974,2.525806451612903,76.53958944281524
16.34388980595395,86.95432150955564,-0.1444091796875,-0.7318115234375,0.65936279296875,0.09381103515625,2.593548387096774,78.59237536656892,1.796774193548387,54.44770283479961,2.5,75.75757575757575
16.363953892025165,86.95432150955564,-0.1444091796875,-0.7318115234375,0.65936279296875,0.09381103515625,2.587096774193548,78.39687194525904,1.7709677419354837,53.665689149560116,2.5387096774193547,76.93059628543499
16.38403420103714,86.93118974104844,-0.144775390625,-0.7315673828125,0.6595458984375,0.09393310546875,2.648387096774193,80.25415444770283,1.764516129032258,53.47018572825024,2.525806451612903,76.53958944281524
16.404084846028127,86.93118974104844,-0.144775390625,-0.7315673828125,0.6595458984375,0.09393310546875,2.5999999999999996,78.78787878787878,1.7774193548387096,53.86119257086999,2.5032258064516126,75.8553274682307
16.42415101104416,86.88973726316893,-0.14501953125,-0.73114013671875,0.6600341796875,0.09381103515625,2.5999999999999996,78.78787878787878,1.764516129032258,53.47018572825024,2.5096774193548383,76.05083088954055
16.444216856034473,86.88973726316893,-0.14501953125,-0.73114013671875,0.6600341796875,0.09381103515625,2.616129032258064,79.27663734115346,1.7709677419354837,53.665689149560116,2.5161290322580645,76.24633431085044
16.464293741039,86.88973726316893,-0.14501953125,-0.73114013671875,0.6600341796875,0.09381103515625,2.5806451612903225,78.20136852394917,1.7354838709677418,52.59042033235581,2.5387096774193547,76.93059628543499
16.484343233983964,86.86556348848468,-0.145263671875,-0.73089599609375,0.66021728515625,0.09381103515625,2.590322580645161,78.49462365591397,1.7451612903225806,52.883675464320625,2.4838709677419355,75.26881720430107
16.504469783976674,86.86556348848468,-0.145263671875,-0.73089599609375,0.66021728515625,0.09381103515625,2.587096774193548,78.39687194525904,1.7193548387096773,52.101661779081134,2.5032258064516126,75.8553274682307
16.524552910006605,86.83675294101204,-0.14556884765625,-0.73065185546875,0.660400390625,0.09381103515625,2.590322580645161,78.49462365591397,1.7,51.515151515151516,2.519354838709677,76.34408602150538
16.5446319070179,86.83675294101204,-0.14556884765625,-0.73065185546875,0.660400390625,0.09381103515625,2.564516129032258,77.71260997067448,1.6838709677419355,51.02639296187683,2.52258064516129,76.44183773216031
16.564698423957452,86.83675294101204,-0.14556884765625,-0.73065185546875,0.660400390625,0.09381103515625,2.590322580645161,78.49462365591397,1.6870967741935483,51.12414467253177,2.525806451612903,76.53958944281524
16.584800302051008,86.8134574028399,-0.14593505859375,-0.7305908203125,0.660400390625,0.0938720703125,2.564516129032258,77.71260997067448,1.6870967741935483,51.12414467253177,2.5451612903225804,77.12609970674487
16.60484429099597,86.8134574028399,-0.14593505859375,-0.7305908203125,0.660400390625,0.0938720703125,2.5806451612903225,78.20136852394917,1.6774193548387097,50.83088954056696,2.525806451612903,76.53958944281524
16.62491804000456,86.78417294816424,-0.146484375,-0.73040771484375,0.66046142578125,0.09405517578125,2.593548387096774,78.59237536656892,1.6806451612903226,50.9286412512219,2.525806451612903,76.53958944281524
16.645002317032777,86.78417294816424,-0.146484375,-0.73040771484375,0.66046142578125,0.09405517578125,2.596774193548387,78.69012707722385,1.6548387096774193,50.146627565982406,2.5064516129032257,75.95307917888563
16.665129859000444,86.78417294816424,-0.146484375,-0.73040771484375,0.66046142578125,0.09405517578125,2.593548387096774,78.59237536656892,1.6838709677419355,51.02639296187683,2.4741935483870967,74.97556207233626
16.685200951993465,86.82107029220688,-0.14678955078125,-0.73046875,0.6602783203125,0.0947265625,2.590322580645161,78.49462365591397,1.7,51.515151515151516,2.519354838709677,76.34408602150538
16.705237325048074,86.82107029220688,-0.14678955078125,-0.73046875,0.6602783203125,0.0947265625,2.616129032258064,79.27663734115346,1.6709677419354838,50.635386119257085,2.5096774193548383,76.05083088954055
16.7252936019795,87.11619343034435,-0.1458740234375,-0.7310791015625,0.659423828125,0.09716796875,2.6096774193548384,79.0811339198436,1.6935483870967742,51.31964809384164,2.5129032258064514,76.1485826001955
16.74536069505848,87.11619343034435,-0.1458740234375,-0.7310791015625,0.659423828125,0.09716796875,2.590322580645161,78.49462365591397,1.6774193548387097,50.83088954056696,2.493548387096774,75.56207233626587
16.765481773065403,87.11619343034435,-0.1458740234375,-0.7310791015625,0.659423828125,0.09716796875,2.564516129032258,77.71260997067448,1.664516129032258,50.43988269794721,2.490322580645161,75.46432062561095
16.785548098036088,87.96011643326048,-0.1419677734375,-0.73297119140625,0.65728759765625,0.10302734375,2.587096774193548,78.39687194525904,1.6516129032258065,50.048875855327466,2.4838709677419355,75.26881720430107
16.805578071041964,87.96011643326048,-0.1419677734375,-0.73297119140625,0.65728759765625,0.10302734375,2.5774193548387094,78.10361681329422,1.6580645161290322,50.24437927663734,2.464516129032258,74.68230694037146
16.825669036014006,89.40071510540824,-0.13470458984375,-0.73443603515625,0.65545654296875,0.11309814453125,2.583870967741935,78.2991202346041,1.6451612903225807,49.8533724340176,2.454838709677419,74.38905180840665
16.84573270601686,89.40071510540824,-0.13470458984375,-0.73443603515625,0.65545654296875,0.11309814453125,2.616129032258064,79.27663734115346,1.62258064516129,49.169110459433035,2.4516129032258065,74.29130009775172
16.865872567985207,89.40071510540824,-0.13470458984375,-0.73443603515625,0.65545654296875,0.11309814453125,2.616129032258064,79.27663734115346,1.5838709677419354,47.9960899315738,2.445161290322581,74.09579667644185
16.885895212064497,91.40423451592505,-0.12408447265625,-0.73590087890625,0.6534423828125,0.1268310546875,2.5774193548387094,78.10361681329422,1.5548387096774192,47.11632453567937,2.4483870967741934,74.19354838709677
16.905982402036898,91.40423451592505,-0.12408447265625,-0.73590087890625,0.6534423828125,0.1268310546875,2.590322580645161,78.49462365591397,1.564516129032258,47.40957966764419,2.42258064516129,73.41153470185728
16.926053015049547,93.8207916634074,-0.111328125,-0.7388916015625,0.6490478515625,0.14288330078125,2.593548387096774,78.59237536656892,1.596774193548387,48.38709677419355,2.370967741935484,71.8475073313783
16.946126061026007,93.8207916634074,-0.111328125,-0.7388916015625,0.6490478515625,0.14288330078125,2.5774193548387094,78.10361681329422,1.596774193548387,48.38709677419355,2.4193548387096775,73.31378299120234
16.96620076999534,93.8207916634074,-0.111328125,-0.7388916015625,0.6490478515625,0.14288330078125,2.551612903225806,77.32160312805473,1.5774193548387094,47.800586510263926,2.412903225806452,73.11827956989248
16.986294360016473,96.33794602506599,-0.09912109375,-0.7431640625,0.64208984375,0.159912109375,2.5677419354838706,77.81036168132943,1.593548387096774,48.289345063538605,2.432258064516129,73.70478983382209
17.006351182004437,96.33794602506599,-0.09912109375,-0.7431640625,0.64208984375,0.159912109375,2.564516129032258,77.71260997067448,1.6193548387096772,49.071358748778096,2.393548387096774,72.53176930596285
17.026425795047544,98.7347221152961,-0.0882568359375,-0.7489013671875,0.6328125,0.17596435546875,2.5806451612903225,78.20136852394917,1.6064516129032256,48.68035190615835,2.4483870967741934,74.19354838709677
17.046525464975275,98.7347221152961,-0.0882568359375,-0.7489013671875,0.6328125,0.17596435546875,2.551612903225806,77.32160312805473,1.6258064516129032,49.266862170087975,2.4741935483870967,74.97556207233626
17.06654388597235,98.7347221152961,-0.0882568359375,-0.7489013671875,0.6328125,0.17596435546875,2.5806451612903225,78.20136852394917,1.6064516129032256,48.68035190615835,2.4741935483870967,74.97556207233626
17.086599139962345,101.15317493437128,-0.078369140625,-0.75439453125,0.62249755859375,0.19287109375,2.590322580645161,78.49462365591397,1.596774193548387,48.38709677419355,2.4741935483870967,74.97556207233626
17.10674005805049,101.15317493437128,-0.078369140625,-0.75439453125,0.62249755859375,0.19287109375,2.554838709677419,77.41935483870968,1.6451612903225807,49.8533724340176,2.5,75.75757575757575
17.126738191000186,103.54921301370948,-0.06878662109375,-0.75933837890625,0.61212158203125,0.209716796875,2.558064516129032,77.5171065493646,1.6483870967741936,49.95112414467254,2.487096774193548,75.366568914956
17.14688026101794,103.54921301370948,-0.06878662109375,-0.75933837890625,0.61212158203125,0.209716796875,2.564516129032258,77.71260997067448,1.62258064516129,49.169110459433035,2.5129032258064514,76.1485826001955
17.16693186701741,103.54921301370948,-0.06878662109375,-0.75933837890625,0.61212158203125,0.209716796875,2.564516129032258,77.71260997067448,1.6516129032258065,50.048875855327466,2.525806451612903,76.53958944281524
17.187008048058487,105.7808618356372,-0.0604248046875,-0.763916015625,0.6015625,0.2255859375,2.525806451612903,76.53958944281524,1.6741935483870967,50.733137829912025,2.52258064516129,76.44183773216031
17.20703130098991,105.7808618356372,-0.0604248046875,-0.763916015625,0.6015625,0.2255859375,2.554838709677419,77.41935483870968,1.7548387096774192,53.17693059628543,2.5419354838709673,77.02834799608992
17.227106970967725,108.07969574350652,-0.052734375,-0.76806640625,0.59027099609375,0.2425537109375,2.5774193548387094,78.10361681329422,1.7677419354838708,53.567937438905176,2.529032258064516,76.63734115347019
17.24722187302541,108.07969574350652,-0.052734375,-0.76806640625,0.59027099609375,0.2425537109375,2.558064516129032,77.5171065493646,1.7999999999999998,54.54545454545454,2.52258064516129,76.44183773216031
17.267256006016396,108.07969574350652,-0.052734375,-0.76806640625,0.59027099609375,0.2425537109375,2.5774193548387094,78.10361681329422,1.7774193548387096,53.86119257086999,2.561290322580645,77.61485826001955
17.287311868043616,110.32506711451947,-0.0460205078125,-0.7713623046875,0.57916259765625,0.25970458984375,2.5774193548387094,78.10361681329422,1.8516129032258062,56.10948191593352,2.561290322580645,77.61485826001955
17.307434002053924,110.32506711451947,-0.0460205078125,-0.7713623046875,0.57916259765625,0.25970458984375,2.5387096774193547,76.93059628543499,1.8580645161290321,56.304985337243394,2.6064516129032254,78.98338220918865
17.32749696704559,112.3362594358091,-0.040771484375,-0.7734375,0.5693359375,0.27569580078125,2.596774193548387,78.69012707722385,1.8741935483870966,56.79374389051808,2.5709677419354837,77.90811339198436
17.347583645023406,112.3362594358091,-0.040771484375,-0.7734375,0.5693359375,0.27569580078125,2.5387096774193547,76.93059628543499,1.9709677419354839,59.72629521016618,2.5387096774193547,76.93059628543499
17.367626930004917,112.3362594358091,-0.040771484375,-0.7734375,0.5693359375,0.27569580078125,2.5774193548387094,78.10361681329422,1.9709677419354839,59.72629521016618,2.590322580645161,78.49462365591397
17.38770973600913,114.14520229232976,-0.0364990234375,-0.7742919921875,0.56097412109375,0.29058837890625,2.590322580645161,78.49462365591397,1.9838709677419355,60.117302052785924,2.5999999999999996,78.78787878787878
17.407770526013337,114.14520229232976,-0.0364990234375,-0.7742919921875,0.56097412109375,0.29058837890625,2.5,75.75757575757575,1.9838709677419355,60.117302052785924,2.6064516129032254,78.98338220918865
17.427826322964393,115.83466344617696,-0.03277587890625,-0.77435302734375,0.55352783203125,0.3048095703125,2.525806451612903,76.53958944281524,2.032258064516129,61.58357771260997,2.648387096774193,80.25415444770283
17.447990825981833,115.83466344617696,-0.03277587890625,-0.77435302734375,0.55352783203125,0.3048095703125,2.525806451612903,76.53958944281524,2.0161290322580645,61.09481915933529,2.525806451612903,76.53958944281524
17.468083071988076,115.83466344617696,-0.03277587890625,-0.77435302734375,0.55352783203125,0.3048095703125,2.551612903225806,77.32160312805473,1.9580645161290322,59.33528836754643,2.6032258064516127,78.88563049853371
17.488097300985828,117.36433475870251,-0.02972412109375,-0.77398681640625,0.5467529296875,0.31793212890625,2.5677419354838706,77.81036168132943,2.009677419354839,60.899315738025415,2.564516129032258,77.71260997067448
17.508182569989003,117.36433475870251,-0.02972412109375,-0.77398681640625,0.5467529296875,0.31793212890625,2.5741935483870964,78.00586510263928,2.051612903225806,62.17008797653958,2.564516129032258,77.71260997067448
17.528630660031922,118.70015244726797,-0.02655029296875,-0.77301025390625,0.5416259765625,0.3292236328125,2.5709677419354837,77.90811339198436,2.0387096774193547,61.779081133919846,2.590322580645161,78.49462365591397
17.548362646019086,118.70015244726797,-0.02655029296875,-0.77301025390625,0.5416259765625,0.3292236328125,2.5387096774193547,76.93059628543499,2.0451612903225804,61.97458455522972,2.5774193548387094,78.10361681329422
17.56842151505407,118.70015244726797,-0.02655029296875,-0.77301025390625,0.5416259765625,0.3292236328125,2.554838709677419,77.41935483870968,2.041935483870968,61.87683284457478,2.6129032258064515,79.17888563049853
17.58852889703121,119.92223432932514,-0.0230712890625,-0.77215576171875,0.53692626953125,0.33905029296875,2.587096774193548,78.39687194525904,2.0387096774193547,61.779081133919846,2.629032258064516,79.6676441837732
17.608572599012405,119.92223432932514,-0.0230712890625,-0.77215576171875,0.53692626953125,0.33905029296875,2.6032258064516127,78.88563049853371,2.029032258064516,61.48582600195503,2.6193548387096772,79.37438905180841
17.628662443952635,120.94685597792137,-0.01983642578125,-0.771484375,0.532958984375,0.34698486328125,2.5741935483870964,78.00586510263928,2.02258064516129,61.29032258064516,2.593548387096774,78.59237536656892
17.648747010040097,120.94685597792137,-0.01983642578125,-0.771484375,0.532958984375,0.34698486328125,2.551612903225806,77.32160312805473,2.0387096774193547,61.779081133919846,2.6064516129032254,78.98338220918865
17.668826775974594,120.94685597792137,-0.01983642578125,-0.771484375,0.532958984375,0.34698486328125,2.5774193548387094,78.10361681329422,2.0354838709677416,61.6813294232649,2.6032258064516127,78.88563049853371
17.68885998101905,121.69891667959038,-0.01739501953125,-0.7711181640625,0.52978515625,0.3526611328125,2.583870967741935,78.2991202346041,2.0354838709677416,61.6813294232649,2.5806451612903225,78.20136852394917
17.708975043031387,121.69891667959038,-0.01739501953125,-0.7711181640625,0.52978515625,0.3526611328125,2.5806451612903225,78.20136852394917,2.061290322580645,62.4633431085044,2.593548387096774,78.59237536656892
17.72906124102883,122.23353231305421,-0.015869140625,-0.77099609375,0.52728271484375,0.35675048828125,2.6419354838709674,80.05865102639295,2.0387096774193547,61.779081133919846,2.6032258064516127,78.88563049853371
17.74917019100394,122.23353231305421,-0.015869140625,-0.77099609375,0.52728271484375,0.35675048828125,2.5806451612903225,78.20136852394917,2.0483870967741935,62.07233626588465,2.5806451612903225,78.20136852394917
17.777853823965415,122.23353231305421,-0.015869140625,-0.77099609375,0.52728271484375,0.35675048828125,2.5741935483870964,78.00586510263928,2.0677419354838706,62.65884652981426,2.5806451612903225,78.20136852394917
17.789357659057714,122.47919098860976,-0.015380859375,-0.77069091796875,0.5262451171875,0.35888671875,2.587096774193548,78.39687194525904,2.061290322580645,62.4633431085044,2.593548387096774,78.59237536656892
17.809407984022982,122.47919098860976,-0.015380859375,-0.77069091796875,0.5262451171875,0.35888671875,2.5741935483870964,78.00586510263928,2.051612903225806,62.17008797653958,2.648387096774193,80.25415444770283
17.829484901973046,122.49697289582627,-0.01617431640625,-0.7706298828125,0.52587890625,0.359619140625,2.590322580645161,78.49462365591397,2.0806451612903225,63.049853372434015,2.5806451612903225,78.20136852394917
17.849557306966744,122.49697289582627,-0.01617431640625,-0.7706298828125,0.52587890625,0.359619140625,2.583870967741935,78.2991202346041,2.061290322580645,62.4633431085044,2.5806451612903225,78.20136852394917
17.869618993019685,122.49697289582627,-0.01617431640625,-0.7706298828125,0.52587890625,0.359619140625,2.5806451612903225,78.20136852394917,2.064516129032258,62.56109481915934,2.5806451612903225,78.20136852394917
17.889695430058055,122.39376370597793,-0.01739501953125,-0.77056884765625,0.5260009765625,0.3594970703125,2.587096774193548,78.39687194525904,2.087096774193548,63.24535679374389,2.525806451612903,76.53958944281524
17.90976780396886,122.39376370597793,-0.01739501953125,-0.77056884765625,0.5260009765625,0.3594970703125,2.5806451612903225,78.20136852394917,2.083870967741935,63.14760508308894,2.5774193548387094,78.10361681329422
17.929880562005565,122.22241774065714,-0.018798828125,-0.77056884765625,0.52642822265625,0.35882568359375,2.583870967741935,78.2991202346041,2.064516129032258,62.56109481915934,2.5806451612903225,78.20136852394917
17.950021384982392,122.22241774065714,-0.018798828125,-0.77056884765625,0.52642822265625,0.35882568359375,2.62258064516129,79.47214076246333,2.064516129032258,62.56109481915934,2.629032258064516,79.6676441837732
17.97005043097306,122.22241774065714,-0.018798828125,-0.77056884765625,0.52642822265625,0.35882568359375,2.5999999999999996,78.78787878787878,2.0806451612903225,63.049853372434015,2.583870967741935,78.2991202346041
17.990125045063905,122.0815475841959,-0.019775390625,-0.77069091796875,0.5267333984375,0.35809326171875,2.5774193548387094,78.10361681329422,2.0806451612903225,63.049853372434015,2.6096774193548384,79.0811339198436
18.010178826982155,122.0815475841959,-0.019775390625,-0.77069091796875,0.5267333984375,0.35809326171875,2.587096774193548,78.39687194525904,2.0999999999999996,63.636363636363626,2.5806451612903225,78.20136852394917
18.030253984965384,122.0003595776827,-0.0201416015625,-0.770751953125,0.52703857421875,0.3575439453125,2.6064516129032254,78.98338220918865,2.087096774193548,63.24535679374389,2.587096774193548,78.39687194525904
18.05031893402338,122.0003595776827,-0.0201416015625,-0.770751953125,0.52703857421875,0.3575439453125,2.6032258064516127,78.88563049853371,2.1193548387096772,64.22287390029325,2.593548387096774,78.59237536656892
18.070399948977865,122.0003595776827,-0.0201416015625,-0.770751953125,0.52703857421875,0.3575439453125,2.593548387096774,78.59237536656892,2.087096774193548,63.24535679374389,2.587096774193548,78.39687194525904
18.09045056195464,121.97558466026346,-0.020263671875,-0.77093505859375,0.52685546875,0.3572998046875,2.5774193548387094,78.10361681329422,2.087096774193548,63.24535679374389,2.62258064516129,79.47214076246333
18.11054917704314,121.97558466026346,-0.020263671875,-0.77093505859375,0.52685546875,0.3572998046875,2.590322580645161,78.49462365591397,2.061290322580645,62.4633431085044,2.6129032258064515,79.17888563049853
18.13065700698644,121.98522224617516,-0.020263671875,-0.77099609375,0.5267333984375,0.35736083984375,2.648387096774193,80.25415444770283,2.083870967741935,63.14760508308894,2.629032258064516,79.6676441837732
18.15071869303938,121.98522224617516,-0.020263671875,-0.77099609375,0.5267333984375,0.35736083984375,2.62258064516129,79.47214076246333,2.064516129032258,62.56109481915934,2.596774193548387,78.69012707722385
18.170779098989442,121.98522224617516,-0.020263671875,-0.77099609375,0.5267333984375,0.35736083984375,2.564516129032258,77.71260997067448,2.064516129032258,62.56109481915934,2.596774193548387,78.69012707722385
18.190808176063,121.97668173387424,-0.02056884765625,-0.7708740234375,0.5267333984375,0.3575439453125,2.6032258064516127,78.88563049853371,2.093548387096774,63.44086021505376,2.5999999999999996,78.78787878787878
18.2109123270493,121.97668173387424,-0.02056884765625,-0.7708740234375,0.5267333984375,0.3575439453125,2.5774193548387094,78.10361681329422,2.0709677419354837,62.75659824046921,2.5999999999999996,78.78787878787878
18.230974109028466,121.97636468831831,-0.020751953125,-0.7708740234375,0.5267333984375,0.357666015625,2.5999999999999996,78.78787878787878,2.087096774193548,63.24535679374389,2.5806451612903225,78.20136852394917
18.251042993972078,121.97636468831831,-0.020751953125,-0.7708740234375,0.5267333984375,0.357666015625,2.616129032258064,79.27663734115346,2.0774193548387094,62.95210166177908,2.616129032258064,79.27663734115346
18.271110823960043,121.97636468831831,-0.020751953125,-0.7708740234375,0.5267333984375,0.357666015625,2.5806451612903225,78.20136852394917,2.0999999999999996,63.636363636363626,2.564516129032258,77.71260997067448
18.291185854002833,121.95722974537932,-0.02056884765625,-0.770751953125,0.52703857421875,0.357421875,2.596774193548387,78.69012707722385,2.087096774193548,63.24535679374389,2.5806451612903225,78.20136852394917
18.311270836973563,121.95722974537932,-0.02056884765625,-0.770751953125,0.52703857421875,0.357421875,2.6032258064516127,78.88563049853371,2.1451612903225805,65.00488758553274,2.587096774193548,78.39687194525904
18.331299785990268,121.96403800091663,-0.02001953125,-0.7706298828125,0.52740478515625,0.357177734375,2.6064516129032254,78.98338220918865,2.096774193548387,63.5386119257087,2.5999999999999996,78.78787878787878
18.351344767957926,121.96403800091663,-0.02001953125,-0.7706298828125,0.52740478515625,0.357177734375,2.587096774193548,78.39687194525904,2.1096774193548384,63.929618768328446,2.625806451612903,79.56989247311827
18.37144056602847,121.96403800091663,-0.02001953125,-0.7706298828125,0.52740478515625,0.357177734375,2.6419354838709674,80.05865102639295,2.1032258064516127,63.73411534701857,2.593548387096774,78.59237536656892
18.391529708052985,121.97527265089775,-0.0194091796875,-0.7706298828125,0.527587890625,0.35687255859375,2.629032258064516,79.6676441837732,2.1032258064516127,63.73411534701857,2.558064516129032,77.5171065493646
18.411777060013264,121.97527265089775,-0.0194091796875,-0.7706298828125,0.527587890625,0.35687255859375,2.6064516129032254,78.98338220918865,2.148387096774193,65.10263929618768,2.587096774193548,78.39687194525904
18.431680120062083,121.97174701877228,-0.01904296875,-0.77093505859375,0.52752685546875,0.3564453125,2.5774193548387094,78.10361681329422,2.106451612903226,63.831867057673506,2.564516129032258,77.71260997067448
18.45171889406629,121.97174701877228,-0.01904296875,-0.77093505859375,0.52752685546875,0.3564453125,2.6032258064516127,78.88563049853371,2.061290322580645,62.4633431085044,2.590322580645161,78.49462365591397
18.471787652000785,121.97174701877228,-0.01904296875,-0.77093505859375,0.52752685546875,0.3564453125,2.5806451612903225,78.20136852394917,2.0999999999999996,63.636363636363626,2.596774193548387,78.69012707722385
18.491841049981304,121.96303819073256,-0.018798828125,-0.77130126953125,0.5272216796875,0.35601806640625,2.596774193548387,78.69012707722385,2.106451612903226,63.831867057673506,2.5774193548387094,78.10361681329422
18.511969647952355,121.96303819073256,-0.018798828125,-0.77130126953125,0.5272216796875,0.35601806640625,2.6032258064516127,78.88563049853371,2.096774193548387,63.5386119257087,2.525806451612903,76.53958944281524
18.53201354201883,121.93582911588324,-0.0186767578125,-0.7716064453125,0.527099609375,0.35552978515625,2.590322580645161,78.49462365591397,2.0774193548387094,62.95210166177908,2.590322580645161,78.49462365591397
18.552053243969567,121.93582911588324,-0.0186767578125,-0.7716064453125,0.527099609375,0.35552978515625,2.661290322580645,80.64516129032258,2.096774193548387,63.5386119257087,2.596774193548387,78.69012707722385
18.572122673969716,121.93582911588324,-0.0186767578125,-0.7716064453125,0.527099609375,0.35552978515625,2.587096774193548,78.39687194525904,2.1032258064516127,63.73411534701857,2.6032258064516127,78.88563049853371
18.59222996002063,121.89682184207727,-0.0186767578125,-0.7718505859375,0.52703857421875,0.35504150390625,2.564516129032258,77.71260997067448,2.093548387096774,63.44086021505376,2.5741935483870964,78.00586510263928
18.612271390040405,121.89682184207727,-0.0186767578125,-0.7718505859375,0.52703857421875,0.35504150390625,2.593548387096774,78.59237536656892,2.106451612903226,63.831867057673506,2.62258064516129,79.47214076246333
18.63233394001145,121.85210868592911,-0.0191650390625,-0.77203369140625,0.52691650390625,0.3548583984375,2.6032258064516127,78.88563049853371,2.096774193548387,63.5386119257087,2.564516129032258,77.71260997067448
18.6523979610065,121.85210868592911,-0.0191650390625,-0.77203369140625,0.52691650390625,0.3548583984375,2.593548387096774,78.59237536656892,2.125806451612903,64.41837732160313,2.5806451612903225,78.20136852394917
18.67247257498093,121.85210868592911,-0.0191650390625,-0.77203369140625,0.52691650390625,0.3548583984375,2.6193548387096772,79.37438905180841,2.087096774193548,63.24535679374389,2.583870967741935,78.2991202346041
18.692591222003102,121.78866284350971,-0.0201416015625,-0.77252197265625,0.52630615234375,0.35467529296875,2.5774193548387094,78.10361681329422,2.096774193548387,63.5386119257087,2.5806451612903225,78.20136852394917
18.712621547980234,121.78866284350971,-0.0201416015625,-0.77252197265625,0.52630615234375,0.35467529296875,2.593548387096774,78.59237536656892,2.125806451612903,64.41837732160313,2.5806451612903225,78.20136852394917
18.73269043304026,121.69940336396094,-0.02166748046875,-0.77325439453125,0.5252685546875,0.3544921875,2.616129032258064,79.27663734115346,2.0903225806451613,63.34310850439883,2.593548387096774,78.59237536656892
18.752735799062066,121.69940336396094,-0.02166748046875,-0.77325439453125,0.5252685546875,0.3544921875,2.629032258064516,79.6676441837732,2.061290322580645,62.4633431085044,2.593548387096774,78.59237536656892
18.772824204992503,121.69940336396094,-0.02166748046875,-0.77325439453125,0.5252685546875,0.3544921875,2.593548387096774,78.59237536656892,2.138709677419355,64.80938416422288,2.5677419354838706,77.81036168132943
18.792893026955426,121.55347615623032,-0.0233154296875,-0.77392578125,0.52459716796875,0.3538818359375,2.593548387096774,78.59237536656892,2.096774193548387,63.5386119257087,2.5774193548387094,78.10361681329422
18.812994137988426,121.55347615623032,-0.0233154296875,-0.77392578125,0.52459716796875,0.3538818359375,2.5806451612903225,78.20136852394917,2.1129032258064515,64.02737047898339,2.587096774193548,78.39687194525904
18.833032206981443,121.40656441703483,-0.0242919921875,-0.774169921875,0.52484130859375,0.35302734375,2.6096774193548384,79.0811339198436,2.1129032258064515,64.02737047898339,2.564516129032258,77.71260997067448
18.85306243703235,121.40656441703483,-0.0242919921875,-0.774169921875,0.52484130859375,0.35302734375,2.596774193548387,78.69012707722385,2.1129032258064515,64.02737047898339,2.654838709677419,80.4496578690127
18.873168442980386,121.40656441703483,-0.0242919921875,-0.774169921875,0.52484130859375,0.35302734375,2.616129032258064,79.27663734115346,2.093548387096774,63.44086021505376,2.5806451612903225,78.20136852394917
18.893177713034675,121.203096661226,-0.0250244140625,-0.77410888671875,0.52581787109375,0.35162353515625,2.6032258064516127,78.88563049853371,2.0903225806451613,63.34310850439883,2.6129032258064515,79.17888563049853
18.91328637499828,121.203096661226,-0.0250244140625,-0.77410888671875,0.52581787109375,0.35162353515625,2.5999999999999996,78.78787878787878,2.096774193548387,63.5386119257087,2.596774193548387,78.69012707722385
18.93335212499369,120.92134357130757,-0.02618408203125,-0.77423095703125,0.52685546875,0.34967041015625,2.6064516129032254,78.98338220918865,2.106451612903226,63.831867057673506,2.5806451612903225,78.20136852394917
18.95340046705678,120.92134357130757,-0.02618408203125,-0.77423095703125,0.52685546875,0.34967041015625,2.6129032258064515,79.17888563049853,2.0677419354838706,62.65884652981426,2.587096774193548,78.39687194525904
18.973480522050522,120.92134357130757,-0.02618408203125,-0.77423095703125,0.52685546875,0.34967041015625,2.6129032258064515,79.17888563049853,2.0806451612903225,63.049853372434015,2.590322580645161,78.49462365591397
18.99357225606218,120.44757612360206,-0.02838134765625,-0.7747802734375,0.52813720703125,0.34637451171875,2.5774193548387094,78.10361681329422,2.064516129032258,62.56109481915934,2.5774193548387094,78.10361681329422
19.013640598976053,120.44757612360206,-0.02838134765625,-0.7747802734375,0.52813720703125,0.34637451171875,2.62258064516129,79.47214076246333,2.083870967741935,63.14760508308894,2.590322580645161,78.49462365591397
19.033727340982296,119.68186879685135,-0.0323486328125,-0.775146484375,0.530517578125,0.341552734375,2.62258064516129,79.47214076246333,2.093548387096774,63.44086021505376,2.525806451612903,76.53958944281524
19.053775171050802,119.68186879685135,-0.0323486328125,-0.775146484375,0.530517578125,0.341552734375,2.6129032258064515,79.17888563049853,2.083870967741935,63.14760508308894,2.564516129032258,77.71260997067448
19.073859098018147,119.68186879685135,-0.0323486328125,-0.775146484375,0.530517578125,0.341552734375,2.5999999999999996,78.78787878787878,2.074193548387097,62.85434995112414,2.5774193548387094,78.10361681329422
19.09390772797633,118.5937190025026,-0.03790283203125,-0.774658203125,0.53497314453125,0.3350830078125,2.629032258064516,79.6676441837732,2.0774193548387094,62.95210166177908,2.564516129032258,77.71260997067448
19.11398880602792,118.5937190025026,-0.03790283203125,-0.774658203125,0.53497314453125,0.3350830078125,2.629032258064516,79.6676441837732,2.1096774193548384,63.929618768328446,2.564516129032258,77.71260997067448
19.134049501037225,117.37933518758194,-0.043212890625,-0.773193359375,0.54119873046875,0.32763671875,2.593548387096774,78.59237536656892,2.096774193548387,63.5386119257087,2.5387096774193547,76.93059628543499
19.154088787036017,117.37933518758194,-0.043212890625,-0.773193359375,0.54119873046875,0.32763671875,2.5806451612903225,78.20136852394917,2.087096774193548,63.24535679374389,2.561290322580645,77.61485826001955
19.17417143296916,117.37933518758194,-0.043212890625,-0.773193359375,0.54119873046875,0.32763671875,2.5774193548387094,78.10361681329422,2.0774193548387094,62.95210166177908,2.5354838709677416,76.83284457478005
19.194253152003512,116.05946360367088,-0.04864501953125,-0.771240234375,0.5484619140625,0.31939697265625,2.6129032258064515,79.17888563049853,2.106451612903226,63.831867057673506,2.5709677419354837,77.90811339198436
19.214306358015165,116.05946360367088,-0.04864501953125,-0.771240234375,0.5484619140625,0.31939697265625,2.5806451612903225,78.20136852394917,2.0774193548387094,62.95210166177908,2.5161290322580645,76.24633431085044
19.23442305298522,114.68658139574785,-0.05413818359375,-0.7684326171875,0.556640625,0.31097412109375,2.629032258064516,79.6676441837732,2.074193548387097,62.85434995112414,2.554838709677419,77.41935483870968
19.269766309997067,114.68658139574785,-0.05413818359375,-0.7684326171875,0.556640625,0.31097412109375,2.590322580645161,78.49462365591397,2.074193548387097,62.85434995112414,2.52258064516129,76.44183773216031
19.274460888002068,113.20771971319459,-0.06085205078125,-0.76519775390625,0.5650634765625,0.30242919921875,2.616129032258064,79.27663734115346,2.064516129032258,62.56109481915934,2.5483870967741935,77.2238514173998
19.29453403095249,113.20771971319459,-0.06085205078125,-0.76519775390625,0.5650634765625,0.30242919921875,2.5774193548387094,78.10361681329422,2.0806451612903225,63.049853372434015,2.532258064516129,76.73509286412512
19.31465501396451,113.20771971319459,-0.06085205078125,-0.76519775390625,0.5650634765625,0.30242919921875,2.596774193548387,78.69012707722385,2.0580645161290323,62.365591397849464,2.529032258064516,76.63734115347019
19.334700923995115,111.44843592009505,-0.0699462890625,-0.7625732421875,0.57281494140625,0.29229736328125,2.5774193548387094,78.10361681329422,2.0354838709677416,61.6813294232649,2.5387096774193547,76.93059628543499
19.35476421006024,111.44843592009505,-0.0699462890625,-0.7625732421875,0.57281494140625,0.29229736328125,2.6096774193548384,79.0811339198436,2.0387096774193547,61.779081133919846,2.5387096774193547,76.93059628543499
19.37483056797646,109.48439727309017,-0.07965087890625,-0.7607421875,0.58013916015625,0.27996826171875,2.551612903225806,77.32160312805473,2.0483870967741935,62.07233626588465,2.5,75.75757575757575
19.394925022963434,109.48439727309017,-0.07965087890625,-0.7607421875,0.58013916015625,0.27996826171875,2.5709677419354837,77.90811339198436,2.032258064516129,61.58357771260997,2.490322580645161,75.46432062561095
19.415012149955146,109.48439727309017,-0.07965087890625,-0.7607421875,0.58013916015625,0.27996826171875,2.5354838709677416,76.83284457478005,1.9709677419354839,59.72629521016618,2.487096774193548,75.366568914956
19.435032970970497,107.09580511300777,-0.0892333984375,-0.7567138671875,0.59136962890625,0.26397705078125,2.52258064516129,76.44183773216031,1.9741935483870967,59.82404692082112,2.551612903225806,77.32160312805473
19.455118690035306,107.09580511300777,-0.0892333984375,-0.7567138671875,0.59136962890625,0.26397705078125,2.5161290322580645,76.24633431085044,1.961290322580645,59.43304007820137,2.551612903225806,77.32160312805473
19.475164856063202,104.83898700249905,-0.0966796875,-0.7489013671875,0.60638427734375,0.249267578125,2.5161290322580645,76.24633431085044,1.9838709677419355,60.117302052785924,2.525806451612903,76.53958944281524
19.495263919001445,104.83898700249905,-0.0966796875,-0.7489013671875,0.60638427734375,0.249267578125,2.5451612903225804,77.12609970674487,2.0,60.60606060606061,2.551612903225806,77.32160312805473
19.515319140977226,104.83898700249905,-0.0966796875,-0.7489013671875,0.60638427734375,0.249267578125,2.551612903225806,77.32160312805473,1.996774193548387,60.50830889540567,2.525806451612903,76.53958944281524
19.53538303496316,102.54133833468205,-0.10443115234375,-0.74017333984375,0.62152099609375,0.234375,2.551612903225806,77.32160312805473,1.9580645161290322,59.33528836754643,2.5032258064516126,75.8553274682307
19.555434896959923,102.54133833468205,-0.10443115234375,-0.74017333984375,0.62152099609375,0.234375,2.5,75.75757575757575,1.9548387096774194,59.2375366568915,2.490322580645161,75.46432062561095
19.575515207950957,99.96792988975501,-0.11395263671875,-0.73638916015625,0.6312255859375,0.2152099609375,2.5419354838709673,77.02834799608992,1.9483870967741934,59.04203323558163,2.5,75.75757575757575
19.595616669976152,99.96792988975501,-0.11395263671875,-0.73638916015625,0.6312255859375,0.2152099609375,2.5064516129032257,75.95307917888563,1.932258064516129,58.55327468230694,2.519354838709677,76.34408602150538
19.61566779704299,99.96792988975501,-0.11395263671875,-0.73638916015625,0.6312255859375,0.2152099609375,2.519354838709677,76.34408602150538,1.996774193548387,60.50830889540567,2.4774193548387093,75.07331378299119
19.63573613902554,97.40119484206852,-0.12506103515625,-0.7354736328125,0.636474609375,0.19580078125,2.532258064516129,76.73509286412512,1.9580645161290322,59.33528836754643,2.493548387096774,75.56207233626587
19.65583325002808,97.40119484206852,-0.12506103515625,-0.7354736328125,0.636474609375,0.19580078125,2.5032258064516126,75.8553274682307,1.9709677419354839,59.72629521016618,2.490322580645161,75.46432062561095
19.67586975195445,95.11835282877401,-0.13555908203125,-0.7349853515625,0.639892578125,0.1787109375,2.525806451612903,76.53958944281524,1.967741935483871,59.628543499511245,2.490322580645161,75.46432062561095
19.69595227006357,95.11835282877401,-0.13555908203125,-0.7349853515625,0.639892578125,0.1787109375,2.529032258064516,76.63734115347019,1.9774193548387096,59.92179863147605,2.4774193548387093,75.07331378299119
19.716059525031596,95.11835282877401,-0.13555908203125,-0.7349853515625,0.639892578125,0.1787109375,2.525806451612903,76.53958944281524,1.9806451612903224,60.01955034213099,2.519354838709677,76.34408602150538
19.736106427037157,92.77747249423597,-0.146728515625,-0.73388671875,0.64324951171875,0.16162109375,2.5387096774193547,76.93059628543499,1.996774193548387,60.50830889540567,2.4741935483870967,74.97556207233626
19.756150161032565,92.77747249423597,-0.146728515625,-0.73388671875,0.64324951171875,0.16162109375,2.5709677419354837,77.90811339198436,1.9774193548387096,59.92179863147605,2.5387096774193547,76.93059628543499
19.77623024699278,90.41891545583853,-0.1580810546875,-0.73175048828125,0.64703369140625,0.144775390625,2.5709677419354837,77.90811339198436,1.9806451612903224,60.01955034213099,2.519354838709677,76.34408602150538
19.79628947004676,90.41891545583853,-0.1580810546875,-0.73175048828125,0.64703369140625,0.144775390625,2.5774193548387094,78.10361681329422,1.993548387096774,60.410557184750736,2.496774193548387,75.65982404692082
19.816326739965007,90.41891545583853,-0.1580810546875,-0.73175048828125,0.64703369140625,0.144775390625,2.5096774193548383,76.05083088954055,1.9806451612903224,60.01955034213099,2.4774193548387093,75.07331378299119
19.836421258049086,87.89235285755748,-0.168701171875,-0.72686767578125,0.65362548828125,0.12640380859375,2.487096774193548,75.366568914956,1.964516129032258,59.530791788856305,2.490322580645161,75.46432062561095
19.85646195197478,87.89235285755748,-0.168701171875,-0.72686767578125,0.65362548828125,0.12640380859375,2.5129032258064514,76.1485826001955,1.9741935483870967,59.82404692082112,2.5032258064516126,75.8553274682307
19.876570902997628,85.4836005933105,-0.17877197265625,-0.720947265625,0.66058349609375,0.10919189453125,2.4838709677419355,75.26881720430107,1.9806451612903224,60.01955034213099,2.5064516129032257,75.95307917888563
19.89661162905395,85.4836005933105,-0.17877197265625,-0.720947265625,0.66058349609375,0.10919189453125,2.52258064516129,76.44183773216031,1.993548387096774,60.410557184750736,2.487096774193548,75.366568914956
19.91667373199016,85.4836005933105,-0.17877197265625,-0.720947265625,0.66058349609375,0.10919189453125,2.519354838709677,76.34408602150538,1.9516129032258065,59.13978494623656,2.496774193548387,75.65982404692082
19.936751545988955,83.01869677971348,-0.18951416015625,-0.71600341796875,0.6656494140625,0.09130859375,2.5096774193548383,76.05083088954055,2.0032258064516126,60.703812316715535,2.4774193548387093,75.07331378299119
19.956810928997584,83.01869677971348,-0.18951416015625,-0.71600341796875,0.6656494140625,0.09130859375,2.4838709677419355,75.26881720430107,1.9903225806451612,60.312805474095796,2.487096774193548,75.366568914956
19.976883944007568,80.5315667621707,-0.201171875,-0.71295166015625,0.66778564453125,0.07305908203125,2.490322580645161,75.46432062561095,1.9741935483870967,59.82404692082112,2.558064516129032,77.5171065493646
20.0017097130185,80.5315667621707,-0.201171875,-0.71295166015625,0.66778564453125,0.07305908203125,2.5064516129032257,75.95307917888563,1.9580645161290322,59.33528836754643,2.5032258064516126,75.8553274682307
20.017001205007546,80.5315667621707,-0.201171875,-0.71295166015625,0.66778564453125,0.07305908203125,2.5129032258064514,76.1485826001955,2.0,60.60606060606061,2.4741935483870967,74.97556207233626
20.037083819974214,78.28289215756813,-0.212158203125,-0.710205078125,0.6688232421875,0.05682373046875,2.5,75.75757575757575,1.9516129032258065,59.13978494623656,2.4838709677419355,75.26881720430107
20.057137025985867,78.28289215756813,-0.212158203125,-0.710205078125,0.6688232421875,0.05682373046875,2.496774193548387,75.65982404692082,1.996774193548387,60.50830889540567,2.4774193548387093,75.07331378299119
20.077215033001266,76.21977993915708,-0.2220458984375,-0.70721435546875,0.669921875,0.04193115234375,2.5032258064516126,75.8553274682307,1.996774193548387,60.50830889540567,2.4774193548387093,75.07331378299119
20.097320080036297,76.21977993915708,-0.2220458984375,-0.70721435546875,0.669921875,0.04193115234375,2.5,75.75757575757575,1.9516129032258065,59.13978494623656,2.4741935483870967,74.97556207233626
20.11733111005742,76.21977993915708,-0.2220458984375,-0.70721435546875,0.669921875,0.04193115234375,2.493548387096774,75.56207233626587,1.961290322580645,59.43304007820137,2.4483870967741934,74.19354838709677
20.13741193304304,74.64672527037214,-0.2288818359375,-0.70452880859375,0.6710205078125,0.03009033203125,2.487096774193548,75.366568914956,1.9838709677419355,60.117302052785924,2.4741935483870967,74.97556207233626
20.157447763951495,74.64672527037214,-0.2288818359375,-0.70452880859375,0.6710205078125,0.03009033203125,2.5387096774193547,76.93059628543499,1.9580645161290322,59.33528836754643,2.4709677419354836,74.87781036168133
20.17753681098111,73.47548425013741,-0.2333984375,-0.70086669921875,0.67364501953125,0.02142333984375,2.5,75.75757575757575,1.9709677419354839,59.72629521016618,2.4741935483870967,74.97556207233626
20.197630562004633,73.47548425013741,-0.2333984375,-0.70086669921875,0.67364501953125,0.02142333984375,2.487096774193548,75.366568914956,1.9838709677419355,60.117302052785924,2.4838709677419355,75.26881720430107
20.21766408800613,73.47548425013741,-0.2333984375,-0.70086669921875,0.67364501953125,0.02142333984375,2.487096774193548,75.366568914956,1.9806451612903224,60.01955034213099,2.4774193548387093,75.07331378299119
20.237743695033714,72.76536537864793,-0.236083984375,-0.698486328125,0.67535400390625,0.01617431640625,2.490322580645161,75.46432062561095,1.9838709677419355,60.117302052785924,2.5064516129032257,75.95307917888563
20.257796805002727,72.76536537864793,-0.236083984375,-0.698486328125,0.67535400390625,0.01617431640625,2.4774193548387093,75.07331378299119,1.9774193548387096,59.92179863147605,2.525806451612903,76.53958944281524
20.277866555959918,72.08859704378145,-0.23797607421875,-0.6971435546875,0.67620849609375,0.01025390625,2.5,75.75757575757575,1.9741935483870967,59.82404692082112,2.4806451612903224,75.17106549364614
20.297979122959077,72.08859704378145,-0.23797607421875,-0.6971435546875,0.67620849609375,0.01025390625,2.490322580645161,75.46432062561095,1.993548387096774,60.410557184750736,2.4774193548387093,75.07331378299119
20.31802196195349,72.08859704378145,-0.23797607421875,-0.6971435546875,0.67620849609375,0.01025390625,2.490322580645161,75.46432062561095,1.961290322580645,59.43304007820137,2.487096774193548,75.366568914956
20.338113761041313,71.50250463994455,-0.23944091796875,-0.696044921875,0.6768798828125,0.00494384765625,2.4774193548387093,75.07331378299119,1.9709677419354839,59.72629521016618,2.4741935483870967,74.97556207233626
20.358175383065827,71.50250463994455,-0.23944091796875,-0.696044921875,0.6768798828125,0.00494384765625,2.493548387096774,75.56207233626587,1.9774193548387096,59.92179863147605,2.4838709677419355,75.26881720430107
20.378463600063697,71.0786232486665,-0.24041748046875,-0.6947021484375,0.67791748046875,0.001220703125,2.5387096774193547,76.93059628543499,1.967741935483871,59.628543499511245,2.4806451612903224,75.17106549364614
20.39832374895923,71.0786232486665,-0.24041748046875,-0.6947021484375,0.67791748046875,0.001220703125,2.525806451612903,76.53958944281524,1.964516129032258,59.530791788856305,2.5129032258064514,76.1485826001955
20.418347451020963,71.0786232486665,-0.24041748046875,-0.6947021484375,0.67791748046875,0.001220703125,2.5032258064516126,75.8553274682307,1.9838709677419355,60.117302052785924,2.4774193548387093,75.07331378299119
20.438429874018766,70.76908279837208,0.2413330078125,0.69476318359375,-0.677490234375,0.001708984375,2.525806451612903,76.53958944281524,1.9580645161290322,59.33528836754643,2.490322580645161,75.46432062561095
20.458492840989493,70.76908279837208,0.2413330078125,0.69476318359375,-0.677490234375,0.001708984375,2.5451612903225804,77.12609970674487,1.961290322580645,59.43304007820137,2.493548387096774,75.56207233626587
20.478561662952416,70.53891939973816,0.24169921875,0.69573974609375,-0.6763916015625,0.00445556640625,2.5032258064516126,75.8553274682307,1.964516129032258,59.530791788856305,2.4838709677419355,75.26881720430107
20.49865406996105,70.53891939973816,0.24169921875,0.69573974609375,-0.6763916015625,0.00445556640625,2.5096774193548383,76.05083088954055,1.9709677419354839,59.72629521016618,2.4838709677419355,75.26881720430107
20.51875982095953,70.53891939973816,0.24169921875,0.69573974609375,-0.6763916015625,0.00445556640625,2.4774193548387093,75.07331378299119,1.961290322580645,59.43304007820137,2.4838709677419355,75.26881720430107
20.53878246806562,70.36337667778352,0.24212646484375,0.69671630859375,-0.6751708984375,0.00653076171875,2.525806451612903,76.53958944281524,1.9580645161290322,59.33528836754643,2.490322580645161,75.46432062561095
20.55883343401365,70.36337667778352,0.24212646484375,0.69671630859375,-0.6751708984375,0.00653076171875,2.5064516129032257,75.95307917888563,1.993548387096774,60.410557184750736,2.490322580645161,75.46432062561095
20.578920593019575,70.26580384125168,0.24176025390625,0.6976318359375,-0.67437744140625,0.00830078125,2.5451612903225804,77.12609970674487,1.9580645161290322,59.33528836754643,2.490322580645161,75.46432062561095
20.599010215955786,70.26580384125168,0.24176025390625,0.6976318359375,-0.67437744140625,0.00830078125,2.5032258064516126,75.8553274682307,1.9580645161290322,59.33528836754643,2.490322580645161,75.46432062561095
20.619043741957285,70.26580384125168,0.24176025390625,0.6976318359375,-0.67437744140625,0.00830078125,2.4741935483870967,74.97556207233626,1.964516129032258,59.530791788856305,2.496774193548387,75.65982404692082
20.639112213044427,70.21311123886846,0.2403564453125,0.69683837890625,-0.67572021484375,0.00982666015625,2.5387096774193547,76.93059628543499,1.9838709677419355,60.117302052785924,2.490322580645161,75.46432062561095
20.65917342004832,70.21311123886846,0.2403564453125,0.69683837890625,-0.67572021484375,0.00982666015625,2.519354838709677,76.34408602150538,1.9580645161290322,59.33528836754643,2.493548387096774,75.56207233626587
20.67927286704071,70.10737856994152,0.23931884765625,0.6953125,-0.67755126953125,0.011474609375,2.5129032258064514,76.1485826001955,1.9580645161290322,59.33528836754643,2.5129032258064514,76.1485826001955
20.699348313966766,70.10737856994152,0.23931884765625,0.6953125,-0.67755126953125,0.011474609375,2.5064516129032257,75.95307917888563,1.9774193548387096,59.92179863147605,2.5096774193548383,76.05083088954055
20.719386863987893,70.10737856994152,0.23931884765625,0.6953125,-0.67755126953125,0.011474609375,2.5161290322580645,76.24633431085044,1.9806451612903224,60.01955034213099,2.4774193548387093,75.07331378299119
20.73947146302089,69.97678556874611,0.23858642578125,0.69464111328125,-0.678466796875,0.013427734375,2.5032258064516126,75.8553274682307,2.0032258064516126,60.703812316715535,2.525806451612903,76.53958944281524
20.759504092973657,69.97678556874611,0.23858642578125,0.69464111328125,-0.678466796875,0.013427734375,2.5161290322580645,76.24633431085044,1.9838709677419355,60.117302052785924,2.4774193548387093,75.07331378299119
20.779568979982287,69.84209096920549,0.23822021484375,0.69403076171875,-0.67919921875,0.01513671875,2.5096774193548383,76.05083088954055,2.0032258064516126,60.703812316715535,2.564516129032258,77.71260997067448
20.79965949896723,69.84209096920549,0.23822021484375,0.69403076171875,-0.67919921875,0.01513671875,2.532258064516129,76.73509286412512,1.9870967741935484,60.215053763440864,2.5096774193548383,76.05083088954055
20.81968873704318,69.84209096920549,0.23822021484375,0.69403076171875,-0.67919921875,0.01513671875,2.5387096774193547,76.93059628543499,1.9709677419354839,59.72629521016618,2.4774193548387093,75.07331378299119
20.839767383993603,69.75348171108152,0.2376708984375,0.69366455078125,-0.67974853515625,0.01654052734375,2.4741935483870967,74.97556207233626,1.996774193548387,60.50830889540567,2.519354838709677,76.34408602150538
20.85985188698396,69.75348171108152,0.2376708984375,0.69366455078125,-0.67974853515625,0.01654052734375,2.5,75.75757575757575,1.9709677419354839,59.72629521016618,2.5354838709677416,76.83284457478005
20.879947141977027,69.74103240639049,0.236572265625,0.69366455078125,-0.68011474609375,0.01763916015625,2.52258064516129,76.44183773216031,1.996774193548387,60.50830889540567,2.5064516129032257,75.95307917888563
20.899981755996123,69.74103240639049,0.236572265625,0.69366455078125,-0.68011474609375,0.01763916015625,2.532258064516129,76.73509286412512,2.009677419354839,60.899315738025415,2.493548387096774,75.56207233626587
20.920022387057543,69.74103240639049,0.236572265625,0.69366455078125,-0.68011474609375,0.01763916015625,2.487096774193548,75.366568914956,2.0129032258064514,60.997067448680355,2.493548387096774,75.56207233626587
20.94013428199105,69.79024547502168,0.2354736328125,0.6939697265625,-0.68011474609375,0.01812744140625,2.5483870967741935,77.2238514173998,2.009677419354839,60.899315738025415,2.5032258064516126,75.8553274682307
20.960163393057883,69.79024547502168,0.2354736328125,0.6939697265625,-0.68011474609375,0.01812744140625,2.5354838709677416,76.83284457478005,1.9903225806451612,60.312805474095796,2.4806451612903224,75.17106549364614
20.98025432799477,69.89467022919548,0.2347412109375,0.694580078125,-0.6798095703125,0.0177001953125,2.5483870967741935,77.2238514173998,2.0354838709677416,61.6813294232649,2.5387096774193547,76.93059628543499
21.000454545021057,69.89467022919548,0.2347412109375,0.694580078125,-0.6798095703125,0.0177001953125,2.551612903225806,77.32160312805473,1.996774193548387,60.50830889540567,2.5161290322580645,76.24633431085044
21.020469448063523,69.89467022919548,0.2347412109375,0.694580078125,-0.6798095703125,0.0177001953125,2.487096774193548,75.366568914956,2.0129032258064514,60.997067448680355,2.5096774193548383,76.05083088954055
21.0405532149598,69.93620182909666,0.23492431640625,0.6947021484375,-0.67962646484375,0.01708984375,2.5387096774193547,76.93059628543499,1.9580645161290322,59.33528836754643,2.52258064516129,76.44183773216031
21.060654486063868,69.93620182909666,0.23492431640625,0.6947021484375,-0.67962646484375,0.01708984375,2.52258064516129,76.44183773216031,2.0,60.60606060606061,2.4774193548387093,75.07331378299119
21.08072964497842,69.63909660256613,0.23785400390625,0.693115234375,-0.68017578125,0.017578125,2.5483870967741935,77.2238514173998,1.9870967741935484,60.215053763440864,2.496774193548387,75.65982404692082
21.10080592497252,69.63909660256613,0.23785400390625,0.693115234375,-0.68017578125,0.017578125,2.525806451612903,76.53958944281524,2.0064516129032257,60.80156402737048,2.490322580645161,75.46432062561095
21.120845178957097,69.63909660256613,0.23785400390625,0.693115234375,-0.68017578125,0.017578125,2.5129032258064514,76.1485826001955,1.993548387096774,60.410557184750736,2.525806451612903,76.53958944281524
21.140953266993165,68.84164518394235,0.244384765625,0.6903076171875,-0.68072509765625,0.02044677734375,2.5032258064516126,75.8553274682307,2.0064516129032257,60.80156402737048,2.5,75.75757575757575
21.161084235063754,68.84164518394235,0.244384765625,0.6903076171875,-0.68072509765625,0.02044677734375,2.5451612903225804,77.12609970674487,1.9806451612903224,60.01955034213099,2.5064516129032257,75.95307917888563
21.18114441796206,67.37238726471433,0.255615234375,0.686767578125,-0.679931640625,0.02703857421875,2.5161290322580645,76.24633431085044,2.0161290322580645,61.09481915933529,2.4741935483870967,74.97556207233626
21.201232856954448,67.37238726471433,0.255615234375,0.686767578125,-0.679931640625,0.02703857421875,2.564516129032258,77.71260997067448,1.993548387096774,60.410557184750736,2.5129032258064514,76.1485826001955
21.221274703973904,67.37238726471433,0.255615234375,0.686767578125,-0.679931640625,0.02703857421875,2.551612903225806,77.32160312805473,2.019354838709677,61.19257086999021,2.4774193548387093,75.07331378299119
21.241355846985243,65.19416235823759,0.27203369140625,0.68280029296875,-0.67706298828125,0.0374755859375,2.5,75.75757575757575,2.0354838709677416,61.6813294232649,2.5,75.75757575757575
21.261433726060204,65.19416235823759,0.27203369140625,0.68280029296875,-0.67706298828125,0.0374755859375,2.496774193548387,75.65982404692082,2.074193548387097,62.85434995112414,2.4774193548387093,75.07331378299119
21.281521718017757,62.26678694866224,0.29473876953125,0.67706298828125,-0.67236328125,0.05096435546875,2.5419354838709673,77.02834799608992,2.0999999999999996,63.636363636363626,2.490322580645161,75.46432062561095
21.301597613026388,62.26678694866224,0.29473876953125,0.67706298828125,-0.67236328125,0.05096435546875,2.558064516129032,77.5171065493646,2.1354838709677417,64.71163245356793,2.493548387096774,75.56207233626587
21.32167430804111,62.26678694866224,0.29473876953125,0.67706298828125,-0.67236328125,0.05096435546875,2.564516129032258,77.71260997067448,2.1225806451612903,64.32062561094818,2.5096774193548383,76.05083088954055
21.34176306705922,58.7432183259633,0.321044921875,0.67071533203125,-0.6651611328125,0.06842041015625,2.5709677419354837,77.90811339198436,2.1516129032258062,65.20039100684262,2.4806451612903224,75.17106549364614
21.36185835499782,58.7432183259633,0.321044921875,0.67071533203125,-0.6651611328125,0.06842041015625,2.5774193548387094,78.10361681329422,2.148387096774193,65.10263929618768,2.5032258064516126,75.8553274682307
21.381888265023008,54.66041550407991,0.3504638671875,0.66259765625,-0.65582275390625,0.089599609375,2.5774193548387094,78.10361681329422,2.1870967741935483,66.27565982404691,2.5032258064516126,75.8553274682307
21.40196649695281,54.66041550407991,0.3504638671875,0.66259765625,-0.65582275390625,0.089599609375,2.564516129032258,77.71260997067448,2.2322580645161287,67.64418377321603,2.5032258064516126,75.8553274682307
21.42200338304974,54.66041550407991,0.3504638671875,0.66259765625,-0.65582275390625,0.089599609375,2.5677419354838706,77.81036168132943,2.2548387096774194,68.32844574780059,2.5451612903225804,77.12609970674487
21.44211710302625,50.3343272926329,0.380126953125,0.6514892578125,-0.64691162109375,0.1124267578125,2.5741935483870964,78.00586510263928,2.3000000000000003,69.69696969696972,2.490322580645161,75.46432062561095
21.47370771295391,50.3343272926329,0.380126953125,0.6514892578125,-0.64691162109375,0.1124267578125,2.593548387096774,78.59237536656892,2.306451612903226,69.89247311827957,2.487096774193548,75.366568914956
21.482228317065164,46.10290882281805,0.4083251953125,0.63848876953125,-0.6383056640625,0.134765625,2.5806451612903225,78.20136852394917,2.3967741935483873,72.6295210166178,2.519354838709677,76.34408602150538
21.502333172014914,46.10290882281805,0.4083251953125,0.63848876953125,-0.6383056640625,0.134765625,2.5999999999999996,78.78787878787878,2.370967741935484,71.8475073313783,2.4741935483870967,74.97556207233626
21.522380043054,46.10290882281805,0.4083251953125,0.63848876953125,-0.6383056640625,0.134765625,2.593548387096774,78.59237536656892,2.403225806451613,72.82502443792767,2.5,75.75757575757575
21.542475619004108,41.693066120446126,0.43548583984375,0.62554931640625,-0.627197265625,0.16021728515625,2.6096774193548384,79.0811339198436,2.3967741935483873,72.6295210166178,2.493548387096774,75.56207233626587
21.562518873019144,41.693066120446126,0.43548583984375,0.62554931640625,-0.627197265625,0.16021728515625,2.590322580645161,78.49462365591397,2.3967741935483873,72.6295210166178,2.4774193548387093,75.07331378299119
21.582698225975037,36.91325772058594,0.4622802734375,0.60919189453125,-0.6160888671875,0.188720703125,2.583870967741935,78.2991202346041,2.412903225806452,73.11827956989248,2.5,75.75757575757575
21.602766665047966,36.91325772058594,0.4622802734375,0.60919189453125,-0.6160888671875,0.188720703125,2.587096774193548,78.39687194525904,2.425806451612903,73.50928641251222,2.5064516129032257,75.95307917888563
21.622783615021035,36.91325772058594,0.4622802734375,0.60919189453125,-0.6160888671875,0.188720703125,2.590322580645161,78.49462365591397,2.425806451612903,73.50928641251222,2.458064516129032,74.48680351906158
21.642885367036797,31.95966311026619,0.49066162109375,0.58624267578125,-0.60772705078125,0.2149658203125,2.5806451612903225,78.20136852394917,2.4096774193548387,73.02052785923753,2.454838709677419,74.38905180840665
21.662894541048445,31.95966311026619,0.49066162109375,0.58624267578125,-0.60772705078125,0.2149658203125,2.593548387096774,78.59237536656892,2.432258064516129,73.70478983382209,2.4741935483870967,74.97556207233626
21.682985348976217,27.35802360464517,0.515380859375,0.56121826171875,-0.6021728515625,0.23828125,2.6032258064516127,78.88563049853371,2.4741935483870967,74.97556207233626,2.5,75.75757575757575
21.70304389996454,27.35802360464517,0.515380859375,0.56121826171875,-0.6021728515625,0.23828125,2.590322580645161,78.49462365591397,2.5129032258064514,76.1485826001955,2.4741935483870967,74.97556207233626
21.72310193895828,27.35802360464517,0.515380859375,0.56121826171875,-0.6021728515625,0.23828125,2.6193548387096772,79.37438905180841,2.5774193548387094,78.10361681329422,2.5096774193548383,76.05083088954055
21.7431651300285,23.521737572700758,0.5350341796875,0.538330078125,-0.59820556640625,0.257080078125,2.5999999999999996,78.78787878787878,2.561290322580645,77.61485826001955,2.5129032258064514,76.1485826001955
21.76324224099517,23.521737572700758,0.5350341796875,0.538330078125,-0.59820556640625,0.257080078125,2.6516129032258062,80.35190615835776,2.564516129032258,77.71260997067448,2.529032258064516,76.63734115347019
21.783324024057947,21.1639976283369,0.547607421875,0.525634765625,-0.59246826171875,0.26983642578125,2.654838709677419,80.4496578690127,2.590322580645161,78.49462365591397,2.5161290322580645,76.24633431085044
21.803423342993483,21.1639976283369,0.547607421875,0.525634765625,-0.59246826171875,0.26983642578125,2.6451612903225805,80.1564027370479,2.6193548387096772,79.37438905180841,2.5,75.75757575757575
21.82345693395473,21.1639976283369,0.547607421875,0.525634765625,-0.59246826171875,0.26983642578125,2.6677419354838707,80.84066471163244,2.6096774193548384,79.0811339198436,2.529032258064516,76.63734115347019
21.843522876966745,19.843834709901415,0.55609130859375,0.519775390625,-0.58599853515625,0.27789306640625,2.6354838709677417,79.86314760508309,2.6516129032258062,80.35190615835776,2.4774193548387093,75.07331378299119
21.86357061204035,19.843834709901415,0.55609130859375,0.519775390625,-0.58599853515625,0.27789306640625,2.6741935483870964,81.03616813294232,2.6419354838709674,80.05865102639295,2.5032258064516126,75.8553274682307
21.883635370992124,19.29649356938411,0.559326171875,0.51715087890625,-0.58355712890625,0.2813720703125,2.6774193548387095,81.13391984359725,2.6516129032258062,80.35190615835776,2.5096774193548383,76.05083088954055
21.90370784199331,19.29649356938411,0.559326171875,0.51715087890625,-0.58355712890625,0.2813720703125,2.680645161290322,81.23167155425219,2.6677419354838707,80.84066471163244,2.496774193548387,75.65982404692082
21.923767930013128,19.29649356938411,0.559326171875,0.51715087890625,-0.58355712890625,0.2813720703125,2.7096774193548385,82.11143695014663,2.658064516129032,80.54740957966764,2.5032258064516126,75.8553274682307
21.94383534498047,18.739632565203408,0.5618896484375,0.51226806640625,-0.58465576171875,0.28302001953125,2.6677419354838707,80.84066471163244,2.6709677419354834,80.93841642228737,2.5096774193548383,76.05083088954055
21.96390612097457,18.739632565203408,0.5618896484375,0.51226806640625,-0.58465576171875,0.28302001953125,2.693548387096774,81.62267839687193,2.6677419354838707,80.84066471163244,2.490322580645161,75.46432062561095
21.98400204803329,18.258693487776867,0.56365966796875,0.50836181640625,-0.5853271484375,0.2850341796875,2.7516129032258063,83.38220918866081,2.658064516129032,80.54740957966764,2.532258064516129,76.73509286412512
22.004068600013852,18.258693487776867,0.56365966796875,0.50836181640625,-0.5853271484375,0.2850341796875,2.6967741935483867,81.72043010752688,2.6774193548387095,81.13391984359725,2.532258064516129,76.73509286412512
22.024109615013003,18.258693487776867,0.56365966796875,0.50836181640625,-0.5853271484375,0.2850341796875,2.74516129032258,83.18670576735092,2.654838709677419,80.4496578690127,2.519354838709677,76.34408602150538
22.04417619796004,17.919343990589695,0.56488037109375,0.5064697265625,-0.5848388671875,0.28704833984375,2.6967741935483867,81.72043010752688,2.687096774193548,81.42717497556205,2.5129032258064514,76.1485826001955
22.064250685973093,17.919343990589695,0.56488037109375,0.5064697265625,-0.5848388671875,0.28704833984375,2.680645161290322,81.23167155425219,2.690322580645161,81.524926686217,2.5096774193548383,76.05083088954055
22.084316628985107,17.559867224436786,0.56597900390625,0.50469970703125,-0.58416748046875,0.2894287109375,2.7064516129032254,82.01368523949168,2.6838709677419352,81.32942326490713,2.5161290322580645,76.24633431085044
22.104389677057043,17.559867224436786,0.56597900390625,0.50469970703125,-0.58416748046875,0.2894287109375,2.7032258064516124,81.91593352883673,2.6838709677419352,81.32942326490713,2.532258064516129,76.73509286412512
22.12445021199528,17.559867224436786,0.56597900390625,0.50469970703125,-0.58416748046875,0.2894287109375,2.6967741935483867,81.72043010752688,2.6838709677419352,81.32942326490713,2.551612903225806,77.32160312805473
22.144518684013747,17.334439706507595,0.5665283203125,0.50347900390625,-0.58380126953125,0.29107666015625,2.7096774193548385,82.11143695014663,2.712903225806451,82.20918866080156,2.5,75.75757575757575
22.164622643962502,17.334439706507595,0.5665283203125,0.50347900390625,-0.58380126953125,0.29107666015625,2.72258064516129,82.50244379276637,2.6677419354838707,80.84066471163244,2.529032258064516,76.63734115347019
22.184664331027307,17.224183268940124,0.56719970703125,0.50244140625,-0.583984375,0.291259765625,2.693548387096774,81.62267839687193,2.690322580645161,81.524926686217,2.52258064516129,76.44183773216031
22.205625100061297,17.224183268940124,0.56719970703125,0.50244140625,-0.583984375,0.291259765625,2.74516129032258,83.18670576735092,2.690322580645161,81.524926686217,2.525806451612903,76.53958944281524
22.22480959398672,17.224183268940124,0.56719970703125,0.50244140625,-0.583984375,0.291259765625,2.7096774193548385,82.11143695014663,2.693548387096774,81.62267839687193,2.487096774193548,75.366568914956
22.24486280104611,17.245636385877702,0.56732177734375,0.50274658203125,-0.58349609375,0.2913818359375,2.6838709677419352,81.32942326490713,2.6838709677419352,81.32942326490713,2.52258064516129,76.44183773216031
22.264994441065937,17.245636385877702,0.56732177734375,0.50274658203125,-0.58349609375,0.2913818359375,2.7096774193548385,82.11143695014663,2.7032258064516124,81.91593352883673,2.5354838709677416,76.83284457478005
22.28504825697746,17.221191606741243,0.567626953125,0.50286865234375,-0.58306884765625,0.29156494140625,2.74516129032258,83.18670576735092,2.6677419354838707,80.84066471163244,2.5032258064516126,75.8553274682307
22.305108248023316,17.221191606741243,0.567626953125,0.50286865234375,-0.58306884765625,0.29156494140625,2.712903225806451,82.20918866080156,2.693548387096774,81.62267839687193,2.5419354838709673,77.02834799608992
22.32516657502856,17.221191606741243,0.567626953125,0.50286865234375,-0.58306884765625,0.29156494140625,2.6967741935483867,81.72043010752688,2.6967741935483867,81.72043010752688,2.551612903225806,77.32160312805473
22.345281671034172,17.27446726655424,0.56787109375,0.50286865234375,-0.5830078125,0.29107666015625,2.7161290322580642,82.30694037145649,2.7096774193548385,82.11143695014663,2.529032258064516,76.63734115347019
22.36531353497412,17.27446726655424,0.56787109375,0.50286865234375,-0.5830078125,0.29107666015625,2.72258064516129,82.50244379276637,2.7032258064516124,81.91593352883673,2.558064516129032,77.5171065493646
22.38544821506366,17.293552346530504,0.56787109375,0.50286865234375,-0.58319091796875,0.290771484375,2.690322580645161,81.524926686217,2.7032258064516124,81.91593352883673,2.532258064516129,76.73509286412512
22.405559662962332,17.293552346530504,0.56787109375,0.50286865234375,-0.58319091796875,0.290771484375,2.7064516129032254,82.01368523949168,2.680645161290322,81.23167155425219,2.5161290322580645,76.24633431085044
22.425616518012248,17.293552346530504,0.56787109375,0.50286865234375,-0.58319091796875,0.290771484375,2.690322580645161,81.524926686217,2.6419354838709674,80.05865102639295,2.532258064516129,76.73509286412512
22.445721150026657,17.51746176187868,0.56622314453125,0.5047607421875,-0.5833740234375,0.29022216796875,2.654838709677419,80.4496578690127,2.5774193548387094,78.10361681329422,2.5161290322580645,76.24633431085044
22.465763412998058,17.51746176187868,0.56622314453125,0.5047607421875,-0.5833740234375,0.29022216796875,2.6419354838709674,80.05865102639295,2.6193548387096772,79.37438905180841,2.5451612903225804,77.12609970674487
22.485816044034436,18.108823383519137,0.56085205078125,0.5113525390625,-0.58306884765625,0.28985595703125,2.6677419354838707,80.84066471163244,2.6064516129032254,78.98338220918865,2.5387096774193547,76.93059628543499
22.50590585998725,18.108823383519137,0.56085205078125,0.5113525390625,-0.58306884765625,0.28985595703125,2.680645161290322,81.23167155425219,2.564516129032258,77.71260997067448,2.558064516129032,77.5171065493646
22.526012092013843,18.108823383519137,0.56085205078125,0.5113525390625,-0.58306884765625,0.28985595703125,2.654838709677419,80.4496578690127,2.525806451612903,76.53958944281524,2.5096774193548383,76.05083088954055
22.54606920306105,18.875357620628762,0.55419921875,0.51776123046875,-0.58465576171875,0.2879638671875,2.654838709677419,80.4496578690127,2.5387096774193547,76.93059628543499,2.5096774193548383,76.05083088954055
22.56614237895701,18.875357620628762,0.55419921875,0.51776123046875,-0.58465576171875,0.2879638671875,2.6419354838709674,80.05865102639295,2.52258064516129,76.44183773216031,2.5032258064516126,75.8553274682307
22.586201473954134,19.53618619141737,0.54803466796875,0.5230712890625,-0.586669921875,0.28619384765625,2.6064516129032254,78.98338220918865,2.496774193548387,75.65982404692082,2.529032258064516,76.63734115347019
22.606314970063977,19.53618619141737,0.54803466796875,0.5230712890625,-0.586669921875,0.28619384765625,2.6032258064516127,78.88563049853371,2.4774193548387093,75.07331378299119,2.490322580645161,75.46432062561095
22.626342992996797,19.53618619141737,0.54803466796875,0.5230712890625,-0.586669921875,0.28619384765625,2.593548387096774,78.59237536656892,2.4516129032258065,74.29130009775172,2.490322580645161,75.46432062561095
22.646486378042027,20.762432519243873,0.54168701171875,0.53216552734375,-0.5867919921875,0.28125,2.590322580645161,78.49462365591397,2.458064516129032,74.48680351906158,2.52258064516129,76.44183773216031
22.666564672952518,20.762432519243873,0.54168701171875,0.53216552734375,-0.5867919921875,0.28125,2.5806451612903225,78.20136852394917,2.390322580645161,72.43401759530792,2.5387096774193547,76.93059628543499
22.686692152987234,23.4201079492408,0.53302001953125,0.5494384765625,-0.5853271484375,0.2672119140625,2.558064516129032,77.5171065493646,2.3193548387096774,70.28347996089931,2.525806451612903,76.53958944281524
22.70679800095968,23.4201079492408,0.53302001953125,0.5494384765625,-0.5853271484375,0.2672119140625,2.564516129032258,77.71260997067448,2.325806451612903,70.4789833822092,2.5161290322580645,76.24633431085044
22.72679018403869,23.4201079492408,0.53302001953125,0.5494384765625,-0.5853271484375,0.2672119140625,2.6032258064516127,78.88563049853371,2.303225806451613,69.79472140762464,2.5354838709677416,76.83284457478005
22.74690067197662,27.50432610875523,0.51837158203125,0.5745849609375,-0.58404541015625,0.24493408203125,2.561290322580645,77.61485826001955,2.296774193548387,69.59921798631477,2.487096774193548,75.366568914956
22.76697163900826,27.50432610875523,0.51837158203125,0.5745849609375,-0.58404541015625,0.24493408203125,2.554838709677419,77.41935483870968,2.2161290322580642,67.15542521994135,2.5064516129032257,75.95307917888563
22.787048078957014,31.671306249456208,0.4990234375,0.59381103515625,-0.59185791015625,0.21923828125,2.558064516129032,77.5171065493646,2.190322580645161,66.37341153470186,2.5,75.75757575757575
22.80715747899376,31.671306249456208,0.4990234375,0.59381103515625,-0.59185791015625,0.21923828125,2.5387096774193547,76.93059628543499,2.2322580645161287,67.64418377321603,2.4741935483870967,74.97556207233626
22.82719638198614,31.671306249456208,0.4990234375,0.59381103515625,-0.59185791015625,0.21923828125,2.5741935483870964,78.00586510263928,2.1967741935483867,66.56891495601171,2.5032258064516126,75.8553274682307
22.847294197999872,36.148548562709536,0.47454833984375,0.611328125,-0.603515625,0.19195556640625,2.558064516129032,77.5171065493646,2.138709677419355,64.80938416422288,2.525806451612903,76.53958944281524
22.86740017402917,36.148548562709536,0.47454833984375,0.611328125,-0.603515625,0.19195556640625,2.558064516129032,77.5171065493646,2.1193548387096772,64.22287390029325,2.5129032258064514,76.1485826001955
22.88740982802119,41.21237727767001,0.44439697265625,0.62371826171875,-0.62298583984375,0.1591796875,2.5451612903225804,77.12609970674487,2.1419354838709674,64.90713587487781,2.4838709677419355,75.26881720430107
22.907536349026486,41.21237727767001,0.44439697265625,0.62371826171875,-0.62298583984375,0.1591796875,2.5354838709677416,76.83284457478005,2.1096774193548384,63.929618768328446,2.4709677419354836,74.87781036168133
22.92757384397555,41.21237727767001,0.44439697265625,0.62371826171875,-0.62298583984375,0.1591796875,2.5161290322580645,76.24633431085044,2.0999999999999996,63.636363636363626,2.42258064516129,73.41153470185728
22.947669644025154,46.5340073433286,0.40826416015625,0.63629150390625,-0.64178466796875,0.1287841796875,2.5096774193548383,76.05083088954055,2.032258064516129,61.58357771260997,2.454838709677419,74.38905180840665
22.96773926797323,46.5340073433286,0.40826416015625,0.63629150390625,-0.64178466796875,0.1287841796875,2.519354838709677,76.34408602150538,1.9838709677419355,60.117302052785924,2.42258064516129,73.41153470185728
22.987806395976804,52.14421641171452,0.36663818359375,0.65008544921875,-0.65789794921875,0.1009521484375,2.5129032258064514,76.1485826001955,1.967741935483871,59.628543499511245,2.4387096774193546,73.90029325513197
23.00791902805213,52.14421641171452,0.36663818359375,0.65008544921875,-0.65789794921875,0.1009521484375,2.5129032258064514,76.1485826001955,1.9516129032258065,59.13978494623656,2.4516129032258065,74.29130009775172
23.027961611980572,52.14421641171452,0.36663818359375,0.65008544921875,-0.65789794921875,0.1009521484375,2.4741935483870967,74.97556207233626,1.9096774193548387,57.86901270772239,2.435483870967742,73.80254154447702
23.048050276003778,58.020642458652404,0.321533203125,0.66534423828125,-0.66961669921875,0.07440185546875,2.464516129032258,74.68230694037146,1.9129032258064516,57.96676441837732,2.432258064516129,73.70478983382209
23.06817951600533,58.020642458652404,0.321533203125,0.66534423828125,-0.66961669921875,0.07440185546875,2.4774193548387093,75.07331378299119,1.9,57.57575757575758,2.467741935483871,74.7800586510264
23.088182450970635,64.26598358043637,0.275146484375,0.67791748046875,-0.6802978515625,0.04412841796875,2.4741935483870967,74.97556207233626,1.8322580645161288,55.5229716520039,2.487096774193548,75.366568914956
23.10828839603346,64.26598358043637,0.275146484375,0.67791748046875,-0.6802978515625,0.04412841796875,2.5161290322580645,76.24633431085044,1.7774193548387096,53.86119257086999,2.4290322580645163,73.60703812316717
23.128320195013657,64.26598358043637,0.275146484375,0.67791748046875,-0.6802978515625,0.04412841796875,2.4806451612903224,75.17106549364614,1.6903225806451612,51.2218963831867,2.4,72.72727272727273
23.148434236063622,70.63113043281494,0.22869873046875,0.6868896484375,-0.689697265625,0.01177978515625,2.42258064516129,73.41153470185728,1.6064516129032256,48.68035190615835,2.4290322580645163,73.60703812316717
23.168513427954167,70.63113043281494,0.22869873046875,0.6868896484375,-0.689697265625,0.01177978515625,2.4774193548387093,75.07331378299119,1.4709677419354839,44.57478005865102,2.4483870967741934,74.19354838709677
23.188559690956026,76.69186859511083,-0.184814453125,-0.69561767578125,0.6939697265625,0.0189208984375,2.4709677419354836,74.87781036168133,1.4806451612903224,44.868035190615835,2.3967741935483873,72.6295210166178
23.20868269202765,76.69186859511083,-0.184814453125,-0.69561767578125,0.6939697265625,0.0189208984375,2.4612903225806453,74.58455522971653,1.3129032258064515,39.784946236559136,2.4290322580645163,73.60703812316717
23.228772060014307,76.69186859511083,-0.184814453125,-0.69561767578125,0.6939697265625,0.0189208984375,2.4741935483870967,74.97556207233626,1.264516129032258,38.318670576735094,2.4193548387096775,73.31378299120234
23.248857044032775,82.49798878556892,-0.14495849609375,-0.70294189453125,0.69451904296875,0.05035400390625,2.4741935483870967,74.97556207233626,1.2709677419354837,38.51417399804496,2.412903225806452,73.11827956989248
23.268921996001154,82.49798878556892,-0.14495849609375,-0.70294189453125,0.69451904296875,0.05035400390625,2.487096774193548,75.366568914956,1.3258064516129031,40.17595307917888,2.425806451612903,73.50928641251222
23.289014404057525,87.85014004943667,-0.1094970703125,-0.71026611328125,0.69073486328125,0.080078125,2.4774193548387093,75.07331378299119,1.3419354838709676,40.66471163245357,2.403225806451613,72.82502443792767
23.309058523038402,87.85014004943667,-0.1094970703125,-0.71026611328125,0.69073486328125,0.080078125,2.4774193548387093,75.07331378299119,1.361290322580645,41.251221896383186,2.3967741935483873,72.6295210166178
23.329160499037243,87.85014004943667,-0.1094970703125,-0.71026611328125,0.69073486328125,0.080078125,2.4838709677419355,75.26881720430107,1.3709677419354838,41.54447702834799,2.4161290322580644,73.21603128054741
23.349244492012076,92.95028984116463,-0.07708740234375,-0.71844482421875,0.68267822265625,0.10906982421875,2.551612903225806,77.32160312805473,1.3903225806451613,42.13098729227762,2.403225806451613,72.82502443792767
23.369307779008523,92.95028984116463,-0.07708740234375,-0.71844482421875,0.68267822265625,0.10906982421875,2.493548387096774,75.56207233626587,1.403225806451613,42.52199413489737,2.432258064516129,73.70478983382209
23.38938773900736,97.64950225755649,-0.04840087890625,-0.72393798828125,0.67437744140625,0.13702392578125,2.4741935483870967,74.97556207233626,1.3774193548387097,41.73998044965787,2.4741935483870967,74.97556207233626
23.409504340030253,97.64950225755649,-0.04840087890625,-0.72393798828125,0.67437744140625,0.13702392578125,2.4741935483870967,74.97556207233626,1.4064516129032258,42.619745845552295,2.4483870967741934,74.19354838709677
23.429485738975927,97.64950225755649,-0.04840087890625,-0.72393798828125,0.67437744140625,0.13702392578125,2.4774193548387093,75.07331378299119,1.3709677419354838,41.54447702834799,2.4741935483870967,74.97556207233626
23.44956614705734,101.92435794921599,-0.02294921875,-0.72723388671875,0.66632080078125,0.1630859375,2.487096774193548,75.366568914956,1.4806451612903224,44.868035190615835,2.4774193548387093,75.07331378299119
23.469621945987456,101.92435794921599,-0.02294921875,-0.72723388671875,0.66632080078125,0.1630859375,2.4516129032258065,74.29130009775172,1.4419354838709677,43.6950146627566,2.4741935483870967,74.97556207233626
23.48967617796734,105.82217471919377,-0.00048828125,-0.729736328125,0.6575927734375,0.187255859375,2.445161290322581,74.09579667644185,1.5774193548387094,47.800586510263926,2.5387096774193547,76.93059628543499
23.50977130595129,105.82217471919377,-0.00048828125,-0.729736328125,0.6575927734375,0.187255859375,2.425806451612903,73.50928641251222,1.6483870967741936,49.95112414467254,2.529032258064516,76.63734115347019
23.529825633973815,105.82217471919377,-0.00048828125,-0.729736328125,0.6575927734375,0.187255859375,2.4096774193548387,73.02052785923753,1.6483870967741936,49.95112414467254,2.5354838709677416,76.83284457478005
23.549913786002435,109.18701723173159,0.01617431640625,-0.7332763671875,0.646484375,0.2098388671875,2.4193548387096775,73.31378299120234,1.6741935483870967,50.733137829912025,2.5677419354838706,77.81036168132943
23.569969714037143,109.18701723173159,0.01617431640625,-0.7332763671875,0.646484375,0.2098388671875,2.4,72.72727272727273,1.6935483870967742,51.31964809384164,2.5709677419354837,77.90811339198436
23.590028712991625,111.90649809397293,0.02764892578125,-0.7366943359375,0.635498046875,0.2293701171875,2.3967741935483873,72.6295210166178,1.7032258064516128,51.61290322580645,2.590322580645161,78.49462365591397
23.610120962024666,111.90649809397293,0.02764892578125,-0.7366943359375,0.635498046875,0.2293701171875,2.454838709677419,74.38905180840665,1.7096774193548387,51.80840664711632,2.590322580645161,78.49462365591397
23.63019836100284,111.90649809397293,0.02764892578125,-0.7366943359375,0.635498046875,0.2293701171875,2.42258064516129,73.41153470185728,1.7129032258064516,51.90615835777126,2.525806451612903,76.53958944281524
23.6502354410477,114.07136868340424,0.0352783203125,-0.7391357421875,0.62603759765625,0.24603271484375,2.4483870967741934,74.19354838709677,1.7129032258064516,51.90615835777126,2.6064516129032254,78.98338220918865
23.670306536951102,114.07136868340424,0.0352783203125,-0.7391357421875,0.62603759765625,0.24603271484375,2.454838709677419,74.38905180840665,1.7580645161290323,53.27468230694038,2.5999999999999996,78.78787878787878
23.6903789449716,115.68392713298465,0.040283203125,-0.7392578125,0.6202392578125,0.25933837890625,2.42258064516129,73.41153470185728,1.7548387096774192,53.17693059628543,2.62258064516129,79.47214076246333
23.710489304969087,115.68392713298465,0.040283203125,-0.7392578125,0.6202392578125,0.25933837890625,2.4741935483870967,74.97556207233626,1.7548387096774192,53.17693059628543,2.593548387096774,78.59237536656892
23.730551633052528,115.68392713298465,0.040283203125,-0.7392578125,0.6202392578125,0.25933837890625,2.3967741935483873,72.6295210166178,1.7548387096774192,53.17693059628543,2.616129032258064,79.27663734115346
23.75062586495187,116.83252427876683,0.04205322265625,-0.7391357421875,0.61553955078125,0.27032470703125,2.42258064516129,73.41153470185728,1.7806451612903225,53.95894428152492,2.62258064516129,79.47214076246333
23.770682465052232,116.83252427876683,0.04205322265625,-0.7391357421875,0.61553955078125,0.27032470703125,2.464516129032258,74.68230694037146,1.8548387096774193,56.20723362658847,2.6129032258064515,79.17888563049853
23.7907158320304,117.63426444087094,0.0413818359375,-0.7398681640625,0.61065673828125,0.279296875,2.464516129032258,74.68230694037146,1.8419354838709676,55.816226783968716,2.5774193548387094,78.10361681329422
23.81081496004481,117.63426444087094,0.0413818359375,-0.7398681640625,0.61065673828125,0.279296875,2.496774193548387,75.65982404692082,1.8806451612903226,56.98924731182796,2.6193548387096772,79.37438905180841
23.830858216038905,117.63426444087094,0.0413818359375,-0.7398681640625,0.61065673828125,0.279296875,2.4774193548387093,75.07331378299119,1.9193548387096775,58.162267839687196,2.6064516129032254,78.98338220918865
23.850920735974796,118.17677158944231,0.04083251953125,-0.73980712890625,0.60784912109375,0.28558349609375,2.490322580645161,75.46432062561095,1.9129032258064516,57.96676441837732,2.629032258064516,79.6676441837732
23.870980374980718,118.17677158944231,0.04083251953125,-0.73980712890625,0.60784912109375,0.28558349609375,2.5,75.75757575757575,1.932258064516129,58.55327468230694,2.5806451612903225,78.20136852394917
23.891045166994445,118.54747119059047,0.0394287109375,-0.739990234375,0.60528564453125,0.2906494140625,2.5032258064516126,75.8553274682307,1.9419354838709677,58.846529814271754,2.5774193548387094,78.10361681329422
23.911117383046076,118.54747119059047,0.0394287109375,-0.739990234375,0.60528564453125,0.2906494140625,2.4838709677419355,75.26881720430107,1.935483870967742,58.65102639296188,2.616129032258064,79.27663734115346
23.931260416051373,118.54747119059047,0.0394287109375,-0.739990234375,0.60528564453125,0.2906494140625,2.496774193548387,75.65982404692082,1.9451612903225806,58.94428152492669,2.5774193548387094,78.10361681329422
23.95127883995883,118.69230117101924,0.03851318359375,-0.74029541015625,0.60394287109375,0.2928466796875,2.493548387096774,75.56207233626587,1.9064516129032258,57.77126099706745,2.6064516129032254,78.98338220918865
23.971344143967144,118.69230117101924,0.03851318359375,-0.74029541015625,0.60394287109375,0.2928466796875,2.5096774193548383,76.05083088954055,1.964516129032258,59.530791788856305,2.6064516129032254,78.98338220918865
23.991428904002532,118.76468342748403,0.0374755859375,-0.7406005859375,0.6029052734375,0.29437255859375,2.5096774193548383,76.05083088954055,1.9516129032258065,59.13978494623656,2.5774193548387094,78.10361681329422
24.01150531298481,118.76468342748403,0.0374755859375,-0.7406005859375,0.6029052734375,0.29437255859375,2.490322580645161,75.46432062561095,1.9548387096774194,59.2375366568915,2.6419354838709674,80.05865102639295
24.03154357697349,118.76468342748403,0.0374755859375,-0.7406005859375,0.6029052734375,0.29437255859375,2.5064516129032257,75.95307917888563,1.9580645161290322,59.33528836754643,2.583870967741935,78.2991202346041
24.05160814500414,118.66667145781221,0.036865234375,-0.74066162109375,0.60308837890625,0.2938232421875,2.5096774193548383,76.05083088954055,1.929032258064516,58.45552297165201,2.62258064516129,79.47214076246333
24.07167408906389,118.66667145781221,0.036865234375,-0.74066162109375,0.60308837890625,0.2938232421875,2.5032258064516126,75.8553274682307,1.935483870967742,58.65102639296188,2.6064516129032254,78.98338220918865
24.091738432995044,118.47651181276423,0.03631591796875,-0.74127197265625,0.603271484375,0.29205322265625,2.487096774193548,75.366568914956,1.935483870967742,58.65102639296188,2.629032258064516,79.6676441837732
24.111821242026053,118.47651181276423,0.03631591796875,-0.74127197265625,0.603271484375,0.29205322265625,2.5161290322580645,76.24633431085044,1.9580645161290322,59.33528836754643,2.6032258064516127,78.88563049853371
24.131892433972098,118.47651181276423,0.03631591796875,-0.74127197265625,0.603271484375,0.29205322265625,2.490322580645161,75.46432062561095,1.935483870967742,58.65102639296188,2.6419354838709674,80.05865102639295
24.151978602050804,117.92846758053018,0.03369140625,-0.742431640625,0.6038818359375,0.28802490234375,2.5451612903225804,77.12609970674487,1.9580645161290322,59.33528836754643,2.587096774193548,78.39687194525904
24.172040962032042,117.92846758053018,0.03369140625,-0.742431640625,0.6038818359375,0.28802490234375,2.532258064516129,76.73509286412512,1.9516129032258065,59.13978494623656,2.5774193548387094,78.10361681329422
24.192096346989274,116.69894343742267,0.026611328125,-0.7432861328125,0.60675048828125,0.280517578125,2.529032258064516,76.63734115347019,1.9548387096774194,59.2375366568915,2.629032258064516,79.6676441837732
24.212198739056475,116.69894343742267,0.026611328125,-0.7432861328125,0.60675048828125,0.280517578125,2.532258064516129,76.73509286412512,1.9709677419354839,59.72629521016618,2.583870967741935,78.2991202346041
24.232220715028234,116.69894343742267,0.026611328125,-0.7432861328125,0.60675048828125,0.280517578125,2.5774193548387094,78.10361681329422,1.9096774193548387,57.86901270772239,2.616129032258064,79.27663734115346
24.25226624298375,114.93172193489389,0.016845703125,-0.743408203125,0.61181640625,0.2696533203125,2.561290322580645,77.61485826001955,1.9193548387096775,58.162267839687196,2.5806451612903225,78.20136852394917
24.272362906951457,114.93172193489389,0.016845703125,-0.743408203125,0.61181640625,0.2696533203125,2.529032258064516,76.63734115347019,1.903225806451613,57.67350928641252,2.629032258064516,79.6676441837732
24.29242107598111,112.49173963249821,0.00592041015625,-0.7420654296875,0.62078857421875,0.2528076171875,2.4741935483870967,74.97556207233626,1.861290322580645,56.402737047898334,2.593548387096774,78.59237536656892
24.3124755959725,112.49173963249821,0.00592041015625,-0.7420654296875,0.62078857421875,0.2528076171875,2.5483870967741935,77.2238514173998,1.9096774193548387,57.86901270772239,2.62258064516129,79.47214076246333
24.332545700017363,112.49173963249821,0.00592041015625,-0.7420654296875,0.62078857421875,0.2528076171875,2.5451612903225804,77.12609970674487,1.9548387096774194,59.2375366568915,2.616129032258064,79.27663734115346
24.352671933011152,109.48942046863505,-0.0052490234375,-0.7403564453125,0.63165283203125,0.22979736328125,2.554838709677419,77.41935483870968,1.9903225806451612,60.312805474095796,2.5806451612903225,78.20136852394917
24.372691220021807,109.48942046863505,-0.0052490234375,-0.7403564453125,0.63165283203125,0.22979736328125,2.525806451612903,76.53958944281524,1.9516129032258065,59.13978494623656,2.590322580645161,78.49462365591397
24.3927519810386,105.485459674965,-0.01898193359375,-0.7364501953125,0.6466064453125,0.19793701171875,2.590322580645161,78.49462365591397,1.964516129032258,59.530791788856305,2.5774193548387094,78.10361681329422
24.412873317021877,105.485459674965,-0.01898193359375,-0.7364501953125,0.6466064453125,0.19793701171875,2.551612903225806,77.32160312805473,1.9774193548387096,59.92179863147605,2.587096774193548,78.39687194525904
24.43287884502206,105.485459674965,-0.01898193359375,-0.7364501953125,0.6466064453125,0.19793701171875,2.554838709677419,77.41935483870968,1.9483870967741934,59.04203323558163,2.525806451612903,76.53958944281524
24.45294254901819,101.13331788296077,-0.03643798828125,-0.7320556640625,0.65997314453125,0.16473388671875,2.5806451612903225,78.20136852394917,1.9741935483870967,59.82404692082112,2.554838709677419,77.41935483870968
24.473001996986568,101.13331788296077,-0.03643798828125,-0.7320556640625,0.65997314453125,0.16473388671875,2.590322580645161,78.49462365591397,2.029032258064516,61.48582600195503,2.564516129032258,77.71260997067448
24.493063910049386,95.99728900195393,-0.05816650390625,-0.723876953125,0.67572021484375,0.12646484375,2.593548387096774,78.59237536656892,2.009677419354839,60.899315738025415,2.551612903225806,77.32160312805473
24.513191389967687,95.99728900195393,-0.05816650390625,-0.723876953125,0.67572021484375,0.12646484375,2.529032258064516,76.63734115347019,1.9838709677419355,60.117302052785924,2.625806451612903,79.56989247311827
24.533225461957045,95.99728900195393,-0.05816650390625,-0.723876953125,0.67572021484375,0.12646484375,2.525806451612903,76.53958944281524,1.9451612903225806,58.94428152492669,2.554838709677419,77.41935483870968
24.553257453953847,90.48823850282531,-0.08392333984375,-0.7147216796875,0.68890380859375,0.08685302734375,2.551612903225806,77.32160312805473,1.9903225806451612,60.312805474095796,2.529032258064516,76.63734115347019
24.573373766965233,90.48823850282531,-0.08392333984375,-0.7147216796875,0.68890380859375,0.08685302734375,2.554838709677419,77.41935483870968,1.961290322580645,59.43304007820137,2.5354838709677416,76.83284457478005
24.59342041495256,84.40098530220604,-0.11578369140625,-0.70660400390625,0.69659423828125,0.04510498046875,2.529032258064516,76.63734115347019,1.9838709677419355,60.117302052785924,2.519354838709677,76.34408602150538
24.613767193979584,84.40098530220604,-0.11578369140625,-0.70660400390625,0.69659423828125,0.04510498046875,2.525806451612903,76.53958944281524,1.993548387096774,60.410557184750736,2.529032258064516,76.63734115347019
24.633574255974963,84.40098530220604,-0.11578369140625,-0.70660400390625,0.69659423828125,0.04510498046875,2.5774193548387094,78.10361681329422,1.993548387096774,60.410557184750736,2.5161290322580645,76.24633431085044
24.653627656050958,77.31032350335249,0.1546630859375,0.69696044921875,-0.70025634765625,0.002197265625,2.496774193548387,75.65982404692082,2.0032258064516126,60.703812316715535,2.52258064516129,76.44183773216031
24.67370553605724,77.31032350335249,0.1546630859375,0.69696044921875,-0.70025634765625,0.002197265625,2.5129032258064514,76.1485826001955,2.0129032258064514,60.997067448680355,2.5096774193548383,76.05083088954055
24.693756503984332,70.69978599637803,0.19342041015625,0.68963623046875,-0.6964111328125,0.0443115234375,2.5709677419354837,77.90811339198436,2.0161290322580645,61.09481915933529,2.5161290322580645,76.24633431085044
24.71383214404341,70.69978599637803,0.19342041015625,0.68963623046875,-0.6964111328125,0.0443115234375,2.5161290322580645,76.24633431085044,1.9903225806451612,60.312805474095796,2.493548387096774,75.56207233626587
24.733888776041567,70.69978599637803,0.19342041015625,0.68963623046875,-0.6964111328125,0.0443115234375,2.525806451612903,76.53958944281524,1.9806451612903224,60.01955034213099,2.496774193548387,75.65982404692082
24.75393292796798,64.03236247254011,0.23095703125,0.67626953125,-0.69415283203125,0.086669921875,2.551612903225806,77.32160312805473,2.041935483870968,61.87683284457478,2.5096774193548383,76.05083088954055
24.77401909697801,64.03236247254011,0.23095703125,0.67626953125,-0.69415283203125,0.086669921875,2.532258064516129,76.73509286412512,2.0387096774193547,61.779081133919846,2.496774193548387,75.65982404692082
24.794084112974815,57.846067005263166,0.26763916015625,0.66510009765625,-0.68603515625,0.1240234375,2.529032258064516,76.63734115347019,2.096774193548387,63.5386119257087,2.490322580645161,75.46432062561095
24.814177994034253,57.846067005263166,0.26763916015625,0.66510009765625,-0.68603515625,0.1240234375,2.551612903225806,77.32160312805473,2.1129032258064515,64.02737047898339,2.464516129032258,74.68230694037146
24.834237633971497,57.846067005263166,0.26763916015625,0.66510009765625,-0.68603515625,0.1240234375,2.564516129032258,77.71260997067448,2.1999999999999997,66.66666666666666,2.4516129032258065,74.29130009775172
24.854273914010264,50.97486121993789,0.30499267578125,0.6519775390625,-0.673583984375,0.16778564453125,2.5129032258064514,76.1485826001955,2.2838709677419358,69.20821114369502,2.5032258064516126,75.8553274682307
24.87434632203076,50.97486121993789,0.30499267578125,0.6519775390625,-0.673583984375,0.16778564453125,2.5806451612903225,78.20136852394917,2.3419354838709676,70.96774193548387,2.525806451612903,76.53958944281524
24.894401737954468,45.41627607105385,0.336669921875,0.64306640625,-0.65765380859375,0.20147705078125,2.5774193548387094,78.10361681329422,2.3516129032258064,71.26099706744868,2.5387096774193547,76.93059628543499
24.914487297995947,45.41627607105385,0.336669921875,0.64306640625,-0.65765380859375,0.20147705078125,2.5774193548387094,78.10361681329422,2.3645161290322583,71.65200391006844,2.529032258064516,76.63734115347019
24.934569147066213,45.41627607105385,0.336669921875,0.64306640625,-0.65765380859375,0.20147705078125,2.583870967741935,78.2991202346041,2.3870967741935485,72.33626588465299,2.525806451612903,76.53958944281524
24.954647380043752,39.78621926294077,0.36700439453125,0.63128662109375,-0.6412353515625,0.23583984375,2.5387096774193547,76.93059628543499,2.367741935483871,71.74975562072336,2.5387096774193547,76.93059628543499
24.974701259983703,39.78621926294077,0.36700439453125,0.63128662109375,-0.6412353515625,0.23583984375,2.596774193548387,78.69012707722385,2.3967741935483873,72.6295210166178,2.5129032258064514,76.1485826001955
24.99480061302893,33.652072171697796,0.40240478515625,0.61224365234375,-0.625244140625,0.26885986328125,2.5741935483870964,78.00586510263928,2.338709677419355,70.86999022482894,2.5032258064516126,75.8553274682307
25.01486566197127,33.652072171697796,0.40240478515625,0.61224365234375,-0.625244140625,0.26885986328125,2.5677419354838706,77.81036168132943,2.412903225806452,73.11827956989248,2.5032258064516126,75.8553274682307
25.03490619803779,33.652072171697796,0.40240478515625,0.61224365234375,-0.625244140625,0.26885986328125,2.5709677419354837,77.90811339198436,2.42258064516129,73.41153470185728,2.5096774193548383,76.05083088954055
25.054969454999082,28.232138557226357,0.43792724609375,0.590087890625,-0.612060546875,0.29229736328125,2.558064516129032,77.5171065493646,2.458064516129032,74.48680351906158,2.564516129032258,77.71260997067448
25.075033287052065,28.232138557226357,0.43792724609375,0.590087890625,-0.612060546875,0.29229736328125,2.583870967741935,78.2991202346041,2.4741935483870967,74.97556207233626,2.5064516129032257,75.95307917888563
25.095107487984933,24.217674174420296,0.47607421875,0.568359375,-0.6007080078125,0.29913330078125,2.587096774193548,78.39687194525904,2.4774193548387093,75.07331378299119,2.5387096774193547,76.93059628543499
25.115178680978715,24.217674174420296,0.47607421875,0.568359375,-0.6007080078125,0.29913330078125,2.6032258064516127,78.88563049853371,2.5129032258064514,76.1485826001955,2.5,75.75757575757575
25.135245296987705,24.217674174420296,0.47607421875,0.568359375,-0.6007080078125,0.29913330078125,2.525806451612903,76.53958944281524,2.5354838709677416,76.83284457478005,2.525806451612903,76.53958944281524
25.155308554065414,21.413575769380643,0.51141357421875,0.5526123046875,-0.58551025390625,0.30047607421875,2.6193548387096772,79.37438905180841,2.558064516129032,77.5171065493646,2.4774193548387093,75.07331378299119
25.175377890001982,21.413575769380643,0.51141357421875,0.5526123046875,-0.58551025390625,0.30047607421875,2.6032258064516127,78.88563049853371,2.561290322580645,77.61485826001955,2.5387096774193547,76.93059628543499
25.195453339023516,19.627866823065915,0.541748046875,0.5404052734375,-0.569091796875,0.30096435546875,2.625806451612903,79.56989247311827,2.596774193548387,78.69012707722385,2.4806451612903224,75.17106549364614
25.215549396001734,19.627866823065915,0.541748046875,0.5404052734375,-0.569091796875,0.30096435546875,2.654838709677419,80.4496578690127,2.6032258064516127,78.88563049853371,2.487096774193548,75.366568914956
25.235588524024934,19.627866823065915,0.541748046875,0.5404052734375,-0.569091796875,0.30096435546875,2.648387096774193,80.25415444770283,2.625806451612903,79.56989247311827,2.5032258064516126,75.8553274682307
25.25563350901939,18.771050848748757,0.56719970703125,0.5267333984375,-0.55950927734375,0.2962646484375,2.661290322580645,80.64516129032258,2.6129032258064515,79.17888563049853,2.525806451612903,76.53958944281524
25.27571615704801,18.771050848748757,0.56719970703125,0.5267333984375,-0.55950927734375,0.2962646484375,2.661290322580645,80.64516129032258,2.629032258064516,79.6676441837732,2.551612903225806,77.32160312805473
25.295852983021177,18.412065675802538,0.58905029296875,0.51171875,-0.5550537109375,0.28814697265625,2.6999999999999997,81.81818181818181,2.6322580645161286,79.76539589442815,2.525806451612903,76.53958944281524
25.315851407009177,18.412065675802538,0.58905029296875,0.51171875,-0.5550537109375,0.28814697265625,2.680645161290322,81.23167155425219,2.5774193548387094,78.10361681329422,2.5387096774193547,76.93059628543499
25.335908903041855,18.412065675802538,0.58905029296875,0.51171875,-0.5550537109375,0.28814697265625,2.6516129032258062,80.35190615835776,2.629032258064516,79.6676441837732,2.525806451612903,76.53958944281524
25.355971776065417,18.120607646978925,0.604248046875,0.50054931640625,-0.551025390625,0.2841796875,2.654838709677419,80.4496578690127,2.648387096774193,80.25415444770283,2.519354838709677,76.34408602150538
25.376033463981003,18.120607646978925,0.604248046875,0.50054931640625,-0.551025390625,0.2841796875,2.6709677419354834,80.93841642228737,2.658064516129032,80.54740957966764,2.532258064516129,76.73509286412512
25.396278387052007,17.9294973224803,0.612548828125,0.49468994140625,-0.547119140625,0.2841796875,2.6838709677419352,81.32942326490713,2.6999999999999997,81.81818181818181,2.529032258064516,76.63734115347019
25.41621053800918,17.9294973224803,0.612548828125,0.49468994140625,-0.547119140625,0.2841796875,2.680645161290322,81.23167155425219,2.7322580645161287,82.79569892473117,2.529032258064516,76.63734115347019
25.436242530005984,17.9294973224803,0.612548828125,0.49468994140625,-0.547119140625,0.2841796875,2.693548387096774,81.62267839687193,2.693548387096774,81.62267839687193,2.558064516129032,77.5171065493646
25.456331163062714,17.828880757189722,0.6163330078125,0.490966796875,-0.54669189453125,0.283203125,2.654838709677419,80.4496578690127,2.7096774193548385,82.11143695014663,2.554838709677419,77.41935483870968
25.47642677195836,17.828880757189722,0.6163330078125,0.490966796875,-0.54669189453125,0.283203125,2.680645161290322,81.23167155425219,2.719354838709677,82.40469208211142,2.5419354838709673,77.02834799608992
25.49649281206075,17.717523745730844,0.61651611328125,0.48870849609375,-0.54949951171875,0.2813720703125,2.687096774193548,81.42717497556205,2.7548387096774194,83.47996089931574,2.564516129032258,77.71260997067448
25.516531397006474,17.717523745730844,0.61651611328125,0.48870849609375,-0.54949951171875,0.2813720703125,2.680645161290322,81.23167155425219,2.7387096774193544,82.99120234604105,2.558064516129032,77.5171065493646
25.53658831701614,17.717523745730844,0.61651611328125,0.48870849609375,-0.54949951171875,0.2813720703125,2.680645161290322,81.23167155425219,2.7387096774193544,82.99120234604105,2.564516129032258,77.71260997067448
25.55665445397608,17.593398312593038,0.61376953125,0.48944091796875,-0.55133056640625,0.28240966796875,2.6838709677419352,81.32942326490713,2.7516129032258063,83.38220918866081,2.5483870967741935,77.2238514173998
25.576717325951904,17.593398312593038,0.61376953125,0.48944091796875,-0.55133056640625,0.28240966796875,2.6999999999999997,81.81818181818181,2.7354838709677414,82.8934506353861,2.5774193548387094,78.10361681329422
25.596903688041493,17.376447395467594,0.61065673828125,0.490234375,-0.55303955078125,0.28448486328125,2.6838709677419352,81.32942326490713,2.74516129032258,83.18670576735092,2.554838709677419,77.41935483870968
25.61688595195301,17.376447395467594,0.61065673828125,0.490234375,-0.55303955078125,0.28448486328125,2.7322580645161287,82.79569892473117,2.719354838709677,82.40469208211142,2.554838709677419,77.41935483870968
25.63698639301583,17.376447395467594,0.61065673828125,0.490234375,-0.55303955078125,0.28448486328125,2.7032258064516124,81.91593352883673,2.719354838709677,82.40469208211142,2.5741935483870964,78.00586510263928
25.65700532903429,17.12523432494241,0.60919189453125,0.48931884765625,-0.5546875,0.28594970703125,2.712903225806451,82.20918866080156,2.7516129032258063,83.38220918866081,2.554838709677419,77.41935483870968
25.67706768901553,17.12523432494241,0.60919189453125,0.48931884765625,-0.5546875,0.28594970703125,2.72258064516129,82.50244379276637,2.680645161290322,81.23167155425219,2.5677419354838706,77.81036168132943
25.697146177990362,16.872009603043068,0.6083984375,0.48809814453125,-0.55596923828125,0.28729248046875,2.7161290322580642,82.30694037145649,2.764516129032258,83.77321603128055,2.525806451612903,76.53958944281524
25.717186426976696,16.872009603043068,0.6083984375,0.48809814453125,-0.55596923828125,0.28729248046875,2.680645161290322,81.23167155425219,2.7516129032258063,83.38220918866081,2.554838709677419,77.41935483870968
25.73723886697553,16.872009603043068,0.6083984375,0.48809814453125,-0.55596923828125,0.28729248046875,2.72258064516129,82.50244379276637,2.7322580645161287,82.79569892473117,2.5709677419354837,77.90811339198436
25.75730407598894,16.60816352349842,0.60711669921875,0.48760986328125,-0.55670166015625,0.28948974609375,2.7096774193548385,82.11143695014663,2.7387096774193544,82.99120234604105,2.5677419354838706,77.81036168132943
25.77736819605343,16.60816352349842,0.60711669921875,0.48760986328125,-0.55670166015625,0.28948974609375,2.7322580645161287,82.79569892473117,2.687096774193548,81.42717497556205,2.5483870967741935,77.2238514173998
25.79756975802593,16.432605635693932,0.6043701171875,0.48834228515625,-0.55767822265625,0.2918701171875,2.7032258064516124,81.91593352883673,2.693548387096774,81.62267839687193,2.5387096774193547,76.93059628543499
25.81764235906303,16.432605635693932,0.6043701171875,0.48834228515625,-0.55767822265625,0.2918701171875,2.6838709677419352,81.32942326490713,2.658064516129032,80.54740957966764,2.596774193548387,78.69012707722385
25.837675791000947,16.432605635693932,0.6043701171875,0.48834228515625,-0.55767822265625,0.2918701171875,2.7322580645161287,82.79569892473117,2.6064516129032254,78.98338220918865,2.558064516129032,77.5171065493646
25.857753288000822,16.318955234852055,0.5997314453125,0.490966796875,-0.55908203125,0.29443359375,2.661290322580645,80.64516129032258,2.6032258064516127,78.88563049853371,2.529032258064516,76.63734115347019
25.877800927963108,16.318955234852055,0.5997314453125,0.490966796875,-0.55908203125,0.29443359375,2.654838709677419,80.4496578690127,2.487096774193548,75.366568914956,2.5451612903225804,77.12609970674487
25.897888408973813,16.522555247045744,0.591064453125,0.4981689453125,-0.5604248046875,0.29730224609375,2.590322580645161,78.49462365591397,2.42258064516129,73.41153470185728,2.525806451612903,76.53958944281524
25.917933040997013,16.522555247045744,0.591064453125,0.4981689453125,-0.5604248046875,0.29730224609375,2.5709677419354837,77.90811339198436,2.3967741935483873,72.6295210166178,2.5032258064516126,75.8553274682307
25.938013034989126,16.522555247045744,0.591064453125,0.4981689453125,-0.5604248046875,0.29730224609375,2.529032258064516,76.63734115347019,2.3967741935483873,72.6295210166178,2.5032258064516126,75.8553274682307
25.958067554980516,17.068044399096635,0.57696533203125,0.5113525390625,-0.5606689453125,0.3021240234375,2.52258064516129,76.44183773216031,2.358064516129032,71.45650048875855,2.496774193548387,75.65982404692082
25.978201213059947,17.068044399096635,0.57696533203125,0.5113525390625,-0.5606689453125,0.3021240234375,2.464516129032258,74.68230694037146,2.261290322580645,68.52394916911047,2.4806451612903224,75.17106549364614
25.99826334998943,18.68016881065803,0.55792236328125,0.5322265625,-0.5601806640625,0.302734375,2.496774193548387,75.65982404692082,2.2483870967741932,68.1329423264907,2.4806451612903224,75.17106549364614
26.018294031033292,18.68016881065803,0.55792236328125,0.5322265625,-0.5601806640625,0.302734375,2.454838709677419,74.38905180840665,2.193548387096774,66.47116324535679,2.496774193548387,75.65982404692082
26.03833629505243,18.68016881065803,0.55792236328125,0.5322265625,-0.5601806640625,0.302734375,2.445161290322581,74.09579667644185,2.148387096774193,65.10263929618768,2.4806451612903224,75.17106549364614
26.058415648061782,21.431357566131794,0.5340576171875,0.55694580078125,-0.563232421875,0.29559326171875,2.454838709677419,74.38905180840665,2.1322580645161286,64.61388074291298,2.4806451612903224,75.17106549364614
26.078502874006517,21.431357566131794,0.5340576171875,0.55694580078125,-0.563232421875,0.29559326171875,2.4741935483870967,74.97556207233626,2.0903225806451613,63.34310850439883,2.5161290322580645,76.24633431085044
26.098567506996915,25.186365402047855,0.5054931640625,0.58123779296875,-0.57275390625,0.28033447265625,2.464516129032258,74.68230694037146,2.0999999999999996,63.636363636363626,2.490322580645161,75.46432062561095
26.118670764029957,25.186365402047855,0.5054931640625,0.58123779296875,-0.57275390625,0.28033447265625,2.42258064516129,73.41153470185728,1.967741935483871,59.628543499511245,2.42258064516129,73.41153470185728
26.138722597039305,25.186365402047855,0.5054931640625,0.58123779296875,-0.57275390625,0.28033447265625,2.4741935483870967,74.97556207233626,1.9064516129032258,57.77126099706745,2.464516129032258,74.68230694037146
26.158752668998204,29.91336517231465,0.4708251953125,0.60406494140625,-0.588623046875,0.2586669921875,2.4612903225806453,74.58455522971653,1.9064516129032258,57.77126099706745,2.3838709677419354,72.23851417399804
26.17887080705259,29.91336517231465,0.4708251953125,0.60406494140625,-0.588623046875,0.2586669921875,2.454838709677419,74.38905180840665,1.6516129032258065,50.048875855327466,2.4290322580645163,73.60703812316717
26.198907662997954,35.7997446132054,0.42974853515625,0.631103515625,-0.60260009765625,0.23223876953125,2.4096774193548387,73.02052785923753,1.6516129032258065,50.048875855327466,2.4483870967741934,74.19354838709677
26.21899015305098,35.7997446132054,0.42974853515625,0.631103515625,-0.60260009765625,0.23223876953125,2.467741935483871,74.7800586510264,1.6612903225806452,50.34213098729228,2.458064516129032,74.48680351906158
26.239032256999053,35.7997446132054,0.42974853515625,0.631103515625,-0.60260009765625,0.23223876953125,2.4612903225806453,74.58455522971653,1.5709677419354837,47.60508308895405,2.4612903225806453,74.58455522971653
26.25909026595764,42.14030874605587,0.38262939453125,0.6656494140625,-0.605712890625,0.20880126953125,2.4516129032258065,74.29130009775172,1.464516129032258,44.37927663734115,2.4741935483870967,74.97556207233626
26.279224660014734,42.14030874605587,0.38262939453125,0.6656494140625,-0.605712890625,0.20880126953125,2.4741935483870967,74.97556207233626,1.3580645161290321,41.153470185728246,2.4290322580645163,73.60703812316717
26.299248908064328,48.18546815437074,0.3399658203125,0.6953125,-0.606201171875,0.18304443359375,2.435483870967742,73.80254154447702,1.2258064516129032,37.14565004887586,2.458064516129032,74.48680351906158
26.319302372983657,48.18546815437074,0.3399658203125,0.6953125,-0.606201171875,0.18304443359375,2.3967741935483873,72.6295210166178,1.1935483870967742,36.168132942326494,2.4741935483870967,74.97556207233626
26.33936313400045,48.18546815437074,0.3399658203125,0.6953125,-0.606201171875,0.18304443359375,2.4612903225806453,74.58455522971653,1.2419354838709677,37.634408602150536,2.454838709677419,74.38905180840665
26.35942911100574,54.37798035729375,0.30224609375,0.7156982421875,-0.61187744140625,0.14849853515625,2.4709677419354836,74.87781036168133,1.3258064516129031,40.17595307917888,2.4290322580645163,73.60703812316717
26.379501744057052,54.37798035729375,0.30224609375,0.7156982421875,-0.61187744140625,0.14849853515625,2.4387096774193546,73.90029325513197,1.2516129032258063,37.92766373411535,2.4096774193548387,73.02052785923753
26.399572169058956,60.66780218219983,0.2677001953125,0.720947265625,-0.63043212890625,0.10565185546875,2.4161290322580644,73.21603128054741,1.2387096774193547,37.536656891495596,2.370967741935484,71.8475073313783
26.41973689896986,60.66780218219983,0.2677001953125,0.720947265625,-0.63043212890625,0.10565185546875,2.425806451612903,73.50928641251222,1.261290322580645,38.220918866080154,2.3967741935483873,72.6295210166178
26.43979670002591,60.66780218219983,0.2677001953125,0.720947265625,-0.63043212890625,0.10565185546875,2.432258064516129,73.70478983382209,1.2225806451612904,37.047898338220925,2.4096774193548387,73.02052785923753
26.45989726902917,67.56919583228253,0.22918701171875,0.719970703125,-0.652587890625,0.0572509765625,2.4096774193548387,73.02052785923753,1.2258064516129032,37.14565004887586,2.435483870967742,73.80254154447702
26.479951214045286,67.56919583228253,0.22918701171875,0.719970703125,-0.652587890625,0.0572509765625,2.467741935483871,74.7800586510264,1.8774193548387097,56.89149560117303,2.4096774193548387,73.02052785923753
26.500045384047553,73.75122255956849,0.1917724609375,0.71978759765625,-0.6669921875,0.01666259765625,2.4612903225806453,74.58455522971653,1.2225806451612904,37.047898338220925,2.3483870967741938,71.16324535679375
26.520078720059246,73.75122255956849,0.1917724609375,0.71978759765625,-0.6669921875,0.01666259765625,2.4612903225806453,74.58455522971653,1.2806451612903225,38.80742913000977,2.393548387096774,72.53176930596285
26.54010325705167,73.75122255956849,0.1917724609375,0.71978759765625,-0.6669921875,0.01666259765625,2.490322580645161,75.46432062561095,1.432258064516129,43.401759530791786,2.42258064516129,73.41153470185728
26.560161489993334,79.82187003563634,-0.1566162109375,-0.7156982421875,0.68017578125,0.025390625,2.4741935483870967,74.97556207233626,1.4806451612903224,44.868035190615835,2.4193548387096775,73.31378299120234
26.580229387036525,79.82187003563634,-0.1566162109375,-0.7156982421875,0.68017578125,0.025390625,2.4774193548387093,75.07331378299119,1.4774193548387096,44.770283479960895,2.4,72.72727272727273
26.60028777900152,85.89040310069134,-0.1168212890625,-0.71923828125,0.68212890625,0.06097412109375,2.4709677419354836,74.87781036168133,1.3322580645161288,40.371456500488755,2.390322580645161,72.43401759530792
26.620377533021383,85.89040310069134,-0.1168212890625,-0.71923828125,0.68212890625,0.06097412109375,2.4612903225806453,74.58455522971653,1.3419354838709676,40.66471163245357,2.3838709677419354,72.23851417399804
26.640483926050365,85.89040310069134,-0.1168212890625,-0.71923828125,0.68212890625,0.06097412109375,2.5129032258064514,76.1485826001955,1.396774193548387,42.32649071358749,2.370967741935484,71.8475073313783
26.660564110963605,91.01440524195293,-0.0819091796875,-0.7232666015625,0.67987060546875,0.0892333984375,2.4806451612903224,75.17106549364614,1.396774193548387,42.32649071358749,2.3741935483870966,71.94525904203324
26.680632104049437,91.01440524195293,-0.0819091796875,-0.7232666015625,0.67987060546875,0.0892333984375,2.52258064516129,76.44183773216031,1.4161290322580644,42.91300097751711,2.3193548387096774,70.28347996089931
26.700720513006672,95.64165479386227,-0.05303955078125,-0.7296142578125,0.671875,0.1162109375,2.5129032258064514,76.1485826001955,1.4193548387096775,43.01075268817205,2.403225806451613,72.82502443792767
26.72079074603971,95.64165479386227,-0.05303955078125,-0.7296142578125,0.671875,0.1162109375,2.525806451612903,76.53958944281524,1.4225806451612903,43.10850439882698,2.4096774193548387,73.02052785923753
26.74085128295701,95.64165479386227,-0.05303955078125,-0.7296142578125,0.671875,0.1162109375,2.5096774193548383,76.05083088954055,1.432258064516129,43.401759530791786,2.3838709677419354,72.23851417399804
26.760932459961623,99.82544664906463,-0.0257568359375,-0.734375,0.66375732421875,0.13946533203125,2.493548387096774,75.56207233626587,1.403225806451613,42.52199413489737,2.42258064516129,73.41153470185728
26.780987684964202,99.82544664906463,-0.0257568359375,-0.734375,0.66375732421875,0.13946533203125,2.519354838709677,76.34408602150538,1.4580645161290322,44.18377321603128,2.445161290322581,74.09579667644185
26.801091006956995,103.74720999250012,-0.0006103515625,-0.73681640625,0.656494140625,0.16180419921875,2.5129032258064514,76.1485826001955,1.5161290322580645,45.94330400782014,2.4709677419354836,74.87781036168133
26.82115378405433,103.74720999250012,-0.0006103515625,-0.73681640625,0.656494140625,0.16180419921875,2.6129032258064515,79.17888563049853,1.5870967741935482,48.09384164222873,2.4741935483870967,74.97556207233626
26.841242193011567,103.74720999250012,-0.0006103515625,-0.73681640625,0.656494140625,0.16180419921875,2.5709677419354837,77.90811339198436,1.664516129032258,50.43988269794721,2.52258064516129,76.44183773216031
26.861344938050024,107.10831985322233,0.0203857421875,-0.7392578125,0.6483154296875,0.18109130859375,2.551612903225806,77.32160312805473,1.8483870967741933,56.01173020527859,2.5032258064516126,75.8553274682307
26.88142022700049,107.10831985322233,0.0203857421875,-0.7392578125,0.6483154296875,0.18109130859375,2.5419354838709673,77.02834799608992,1.903225806451613,57.67350928641252,2.487096774193548,75.366568914956
26.901500732055865,110.21901823446791,0.03851318359375,-0.744140625,0.636474609375,0.19927978515625,2.590322580645161,78.49462365591397,1.9903225806451612,60.312805474095796,2.5354838709677416,76.83284457478005
26.921633654041216,110.21901823446791,0.03851318359375,-0.744140625,0.636474609375,0.19927978515625,2.583870967741935,78.2991202346041,2.0580645161290323,62.365591397849464,2.5064516129032257,75.95307917888563
26.94163758296054,110.21901823446791,0.03851318359375,-0.744140625,0.636474609375,0.19927978515625,2.5677419354838706,77.81036168132943,2.087096774193548,63.24535679374389,2.554838709677419,77.41935483870968
26.96175968903117,112.78777709441499,0.05145263671875,-0.74884033203125,0.62457275390625,0.2156982421875,2.525806451612903,76.53958944281524,2.074193548387097,62.85434995112414,2.5677419354838706,77.81036168132943
26.98182301002089,112.78777709441499,0.05145263671875,-0.74884033203125,0.62457275390625,0.2156982421875,2.564516129032258,77.71260997067448,2.061290322580645,62.4633431085044,2.5774193548387094,78.10361681329422
27.001880442956463,114.61976182933114,0.060546875,-0.75201416015625,0.61566162109375,0.2274169921875,2.590322580645161,78.49462365591397,2.1322580645161286,64.61388074291298,2.5387096774193547,76.93059628543499
27.022006965009496,114.61976182933114,0.060546875,-0.75201416015625,0.61566162109375,0.2274169921875,2.654838709677419,80.4496578690127,2.1129032258064515,64.02737047898339,2.554838709677419,77.41935483870968
27.042045678012073,114.61976182933114,0.060546875,-0.75201416015625,0.61566162109375,0.2274169921875,2.5806451612903225,78.20136852394917,2.1225806451612903,64.32062561094818,2.596774193548387,78.69012707722385
27.062110983999446,115.56352906638607,0.06402587890625,-0.75177001953125,0.61285400390625,0.23480224609375,2.6129032258064515,79.17888563049853,2.1354838709677417,64.71163245356793,2.5741935483870964,78.00586510263928
27.082193440990523,115.56352906638607,0.06402587890625,-0.75177001953125,0.61285400390625,0.23480224609375,2.629032258064516,79.6676441837732,2.087096774193548,63.24535679374389,2.583870967741935,78.2991202346041
27.102294203010388,115.81127806404757,0.06207275390625,-0.75054931640625,0.61279296875,0.2393798828125,2.625806451612903,79.56989247311827,2.138709677419355,64.80938416422288,2.5741935483870964,78.00586510263928
27.122342259972356,115.81127806404757,0.06207275390625,-0.75054931640625,0.61279296875,0.2393798828125,2.6354838709677417,79.86314760508309,2.1774193548387095,65.98240469208211,2.5677419354838706,77.81036168132943
27.142364589031786,115.81127806404757,0.06207275390625,-0.75054931640625,0.61279296875,0.2393798828125,2.648387096774193,80.25415444770283,2.138709677419355,64.80938416422288,2.590322580645161,78.49462365591397
27.162436614045873,115.53465817695287,0.05474853515625,-0.74957275390625,0.61334228515625,0.24273681640625,2.654838709677419,80.4496578690127,2.1129032258064515,64.02737047898339,2.525806451612903,76.53958944281524
27.182555807987228,115.53465817695287,0.05474853515625,-0.74957275390625,0.61334228515625,0.24273681640625,2.6451612903225805,80.1564027370479,2.0806451612903225,63.049853372434015,2.525806451612903,76.53958944281524
27.202590137021616,114.69053880383086,0.03912353515625,-0.74798583984375,0.61480712890625,0.2470703125,2.6322580645161286,79.76539589442815,2.0774193548387094,62.95210166177908,2.551612903225806,77.32160312805473
27.222706162952818,114.69053880383086,0.03912353515625,-0.74798583984375,0.61480712890625,0.2470703125,2.6516129032258062,80.35190615835776,2.096774193548387,63.5386119257087,2.5387096774193547,76.93059628543499
27.242738764034584,114.69053880383086,0.03912353515625,-0.74798583984375,0.61480712890625,0.2470703125,2.6387096774193544,79.960899315738,2.1129032258064515,64.02737047898339,2.525806451612903,76.53958944281524
27.262796933064237,113.42025778669165,0.0130615234375,-0.746826171875,0.6138916015625,0.25537109375,2.6322580645161286,79.76539589442815,2.096774193548387,63.5386119257087,2.5774193548387094,78.10361681329422
27.282886462984607,113.42025778669165,0.0130615234375,-0.746826171875,0.6138916015625,0.25537109375,2.62258064516129,79.47214076246333,2.1516129032258062,65.20039100684262,2.5806451612903225,78.20136852394917
27.3029246639926,111.75159651788567,-0.02545166015625,-0.74578857421875,0.6087646484375,0.26922607421875,2.6193548387096772,79.37438905180841,2.170967741935484,65.78690127077223,2.62258064516129,79.47214076246333
27.323011858039536,111.75159651788567,-0.02545166015625,-0.74578857421875,0.6087646484375,0.26922607421875,2.6096774193548384,79.0811339198436,2.1677419354838707,65.6891495601173,2.6064516129032254,78.98338220918865
27.343117419048212,111.75159651788567,-0.02545166015625,-0.74578857421875,0.6087646484375,0.26922607421875,2.590322580645161,78.49462365591397,2.180645161290322,66.08015640273703,2.5806451612903225,78.20136852394917
27.36314458004199,109.3962071918834,-0.076171875,-0.7415771484375,0.6021728515625,0.2857666015625,2.6516129032258062,80.35190615835776,2.1645161290322577,65.59139784946235,2.654838709677419,80.4496578690127
27.383221341995522,109.3962071918834,-0.076171875,-0.7415771484375,0.6021728515625,0.2857666015625,2.5774193548387094,78.10361681329422,2.212903225806451,67.0576735092864,2.6677419354838707,80.84066471163244
27.40333435998764,106.65917514488098,-0.126708984375,-0.73675537109375,0.59423828125,0.2967529296875,2.6096774193548384,79.0811339198436,2.22258064516129,67.35092864125122,2.5774193548387094,78.10361681329422
27.423453937051818,106.65917514488098,-0.126708984375,-0.73675537109375,0.59423828125,0.2967529296875,2.648387096774193,80.25415444770283,2.2193548387096773,67.25317693059628,2.6419354838709674,80.05865102639295
27.44350570696406,106.65917514488098,-0.126708984375,-0.73675537109375,0.59423828125,0.2967529296875,2.6032258064516127,78.88563049853371,2.2580645161290325,68.42619745845553,2.6032258064516127,78.88563049853371
27.463595843990333,103.95498061206355,-0.179443359375,-0.73223876953125,0.580810546875,0.3070068359375,2.6032258064516127,78.88563049853371,2.3451612903225807,71.0654936461388,2.6516129032258062,80.35190615835776
27.483616861049086,103.95498061206355,-0.179443359375,-0.73223876953125,0.580810546875,0.3070068359375,2.6387096774193544,79.960899315738,2.2677419354838713,68.71945259042035,2.661290322580645,80.64516129032258
27.50373928702902,101.08848514298926,-0.2314453125,-0.72393798828125,0.56866455078125,0.31463623046875,2.625806451612903,79.56989247311827,2.3516129032258064,71.26099706744868,2.62258064516129,79.47214076246333
27.52382145705633,101.08848514298926,-0.2314453125,-0.72393798828125,0.56866455078125,0.31463623046875,2.625806451612903,79.56989247311827,2.3451612903225807,71.0654936461388,2.616129032258064,79.27663734115346
27.544007307034917,101.08848514298926,-0.2314453125,-0.72393798828125,0.56866455078125,0.31463623046875,2.62258064516129,79.47214076246333,2.367741935483871,71.74975562072336,2.680645161290322,81.23167155425219
27.564117540954612,98.82780864397606,-0.2808837890625,-0.71661376953125,0.55072021484375,0.32293701171875,2.648387096774193,80.25415444770283,2.393548387096774,72.53176930596285,2.6709677419354834,80.93841642228737
27.58414435002487,98.82780864397606,-0.2808837890625,-0.71661376953125,0.55072021484375,0.32293701171875,2.654838709677419,80.4496578690127,2.370967741935484,71.8475073313783,2.6322580645161286,79.76539589442815
27.60426296805963,96.3936687727963,-0.3221435546875,-0.7044677734375,0.54150390625,0.32666015625,2.629032258064516,79.6676441837732,2.425806451612903,73.50928641251222,2.6354838709677417,79.86314760508309
27.624308881000616,96.3936687727963,-0.3221435546875,-0.7044677734375,0.54150390625,0.32666015625,2.648387096774193,80.25415444770283,2.4419354838709677,73.9980449657869,2.648387096774193,80.25415444770283
27.64435306598898,96.3936687727963,-0.3221435546875,-0.7044677734375,0.54150390625,0.32666015625,2.625806451612903,79.56989247311827,2.458064516129032,74.48680351906158,2.6322580645161286,79.76539589442815
27.66444870806299,94.39232219926556,-0.36639404296875,-0.69366455078125,0.52386474609375,0.3319091796875,2.654838709677419,80.4496578690127,2.435483870967742,73.80254154447702,2.5774193548387094,78.10361681329422
27.684504028991796,94.39232219926556,-0.36639404296875,-0.69366455078125,0.52386474609375,0.3319091796875,2.661290322580645,80.64516129032258,2.3967741935483873,72.6295210166178,2.6516129032258062,80.35190615835776
27.70456366997678,92.55592235475297,-0.4000244140625,-0.67926025390625,0.51531982421875,0.3363037109375,2.6193548387096772,79.37438905180841,2.4483870967741934,74.19354838709677,2.616129032258064,79.27663734115346
27.724686064058915,92.55592235475297,-0.4000244140625,-0.67926025390625,0.51531982421875,0.3363037109375,2.629032258064516,79.6676441837732,2.4096774193548387,73.02052785923753,2.658064516129032,80.54740957966764
27.74471194506623,92.55592235475297,-0.4000244140625,-0.67926025390625,0.51531982421875,0.3363037109375,2.629032258064516,79.6676441837732,2.432258064516129,73.70478983382209,2.625806451612903,79.56989247311827
27.764804578968324,91.23029698857265,-0.4266357421875,-0.6646728515625,0.5086669921875,0.3426513671875,2.5806451612903225,78.20136852394917,2.432258064516129,73.70478983382209,2.680645161290322,81.23167155425219
27.7848383319797,91.23029698857265,-0.4266357421875,-0.6646728515625,0.5086669921875,0.3426513671875,2.6032258064516127,78.88563049853371,2.425806451612903,73.50928641251222,2.629032258064516,79.6676441837732
27.80492427700665,90.04196084403006,-0.44744873046875,-0.652587890625,0.50408935546875,0.34619140625,2.6032258064516127,78.88563049853371,2.4,72.72727272727273,2.629032258064516,79.6676441837732
27.825026639038697,90.04196084403006,-0.44744873046875,-0.652587890625,0.50408935546875,0.34619140625,2.590322580645161,78.49462365591397,2.3806451612903228,72.14076246334312,2.616129032258064,79.27663734115346
27.845106504973955,90.04196084403006,-0.44744873046875,-0.652587890625,0.50408935546875,0.34619140625,2.6032258064516127,78.88563049853371,2.358064516129032,71.45650048875855,2.6419354838709674,80.05865102639295
27.865149090066552,89.14603806975516,-0.463134765625,-0.64263916015625,0.5006103515625,0.34918212890625,2.6064516129032254,78.98338220918865,2.370967741935484,71.8475073313783,2.6096774193548384,79.0811339198436
27.885275323991664,89.14603806975516,-0.463134765625,-0.64263916015625,0.5006103515625,0.34918212890625,2.6032258064516127,78.88563049853371,2.3193548387096774,70.28347996089931,2.6032258064516127,78.88563049853371
27.905348981032148,88.46369484389967,-0.47479248046875,-0.63568115234375,0.49761962890625,0.3505859375,2.590322580645161,78.49462365591397,2.393548387096774,72.53176930596285,2.5774193548387094,78.10361681329422
27.92538539005909,88.46369484389967,-0.47479248046875,-0.63568115234375,0.49761962890625,0.3505859375,2.587096774193548,78.39687194525904,2.4064516129032256,72.9227761485826,2.5774193548387094,78.10361681329422
27.945457127992995,88.46369484389967,-0.47479248046875,-0.63568115234375,0.49761962890625,0.3505859375,2.5677419354838706,77.81036168132943,2.358064516129032,71.45650048875855,2.5774193548387094,78.10361681329422
27.965515778050758,87.96342006610284,-0.48455810546875,-0.62945556640625,0.49462890625,0.3525390625,2.587096774193548,78.39687194525904,2.3838709677419354,72.23851417399804,2.590322580645161,78.49462365591397
27.985606651986018,87.96342006610284,-0.48455810546875,-0.62945556640625,0.49462890625,0.3525390625,2.564516129032258,77.71260997067448,2.3193548387096774,70.28347996089931,2.6193548387096772,79.37438905180841
28.00565090100281,87.69168649377261,-0.49066162109375,-0.62493896484375,0.49285888671875,0.354736328125,2.616129032258064,79.27663734115346,2.358064516129032,71.45650048875855,2.6193548387096772,79.37438905180841
28.025826064054854,87.69168649377261,-0.49066162109375,-0.62493896484375,0.49285888671875,0.354736328125,2.5999999999999996,78.78787878787878,2.3967741935483873,72.6295210166178,2.629032258064516,79.6676441837732
28.04588093806524,87.50974698560073,-0.49462890625,-0.6207275390625,0.4923095703125,0.3572998046875,2.5709677419354837,77.90811339198436,2.3741935483870966,71.94525904203324,2.6354838709677417,79.86314760508309
28.0659737320384,87.50974698560073,-0.49462890625,-0.6207275390625,0.4923095703125,0.3572998046875,2.5774193548387094,78.10361681329422,2.3870967741935485,72.33626588465299,2.62258064516129,79.47214076246333
28.08599743701052,87.50974698560073,-0.49462890625,-0.6207275390625,0.4923095703125,0.3572998046875,2.6032258064516127,78.88563049853371,2.4096774193548387,73.02052785923753,2.5806451612903225,78.20136852394917
28.106058071018197,87.4049882613402,-0.497314453125,-0.617919921875,0.4918212890625,0.35919189453125,2.6064516129032254,78.98338220918865,2.4161290322580644,73.21603128054741,2.6064516129032254,78.98338220918865
28.126126192044467,87.4049882613402,-0.497314453125,-0.617919921875,0.4918212890625,0.35919189453125,2.5774193548387094,78.10361681329422,2.3967741935483873,72.6295210166178,2.616129032258064,79.27663734115346
28.146192393964157,87.20700378424932,-0.49920654296875,-0.61614990234375,0.4920654296875,0.359130859375,2.5774193548387094,78.10361681329422,2.3645161290322583,71.65200391006844,2.6064516129032254,78.98338220918865
28.16624925204087,87.20700378424932,-0.49920654296875,-0.61614990234375,0.4920654296875,0.359130859375,2.629032258064516,79.6676441837732,2.370967741935484,71.8475073313783,2.6064516129032254,78.98338220918865
28.186424990999512,87.20700378424932,-0.49920654296875,-0.61614990234375,0.4920654296875,0.359130859375,2.6064516129032254,78.98338220918865,2.3967741935483873,72.6295210166178,2.5774193548387094,78.10361681329422
28.206474647973664,87.05575946268473,-0.50048828125,-0.6158447265625,0.491943359375,0.35809326171875,2.6419354838709674,80.05865102639295,2.358064516129032,71.45650048875855,2.6064516129032254,78.98338220918865
28.22654926602263,87.05575946268473,-0.50048828125,-0.6158447265625,0.491943359375,0.35809326171875,2.6129032258064515,79.17888563049853,2.3741935483870966,71.94525904203324,2.6096774193548384,79.0811339198436
28.24656794697512,86.94506415955428,-0.50006103515625,-0.61676025390625,0.49261474609375,0.356201171875,2.629032258064516,79.6676441837732,2.4161290322580644,73.21603128054741,2.5774193548387094,78.10361681329422
28.266656836960465,86.94506415955428,-0.50006103515625,-0.61676025390625,0.49261474609375,0.356201171875,2.625806451612903,79.56989247311827,2.370967741935484,71.8475073313783,2.6064516129032254,78.98338220918865
28.286716702976264,86.94506415955428,-0.50006103515625,-0.61676025390625,0.49261474609375,0.356201171875,2.6193548387096772,79.37438905180841,2.4064516129032256,72.9227761485826,2.5774193548387094,78.10361681329422
28.306764311972074,86.88577246705267,-0.49835205078125,-0.61846923828125,0.49383544921875,0.35400390625,2.6516129032258062,80.35190615835776,2.3741935483870966,71.94525904203324,2.6129032258064515,79.17888563049853
28.326806097989902,86.88577246705267,-0.49835205078125,-0.61846923828125,0.49383544921875,0.35400390625,2.6193548387096772,79.37438905180841,2.3774193548387097,72.04301075268818,2.6064516129032254,78.98338220918865
28.346872459049337,86.85179918510298,-0.49603271484375,-0.62066650390625,0.49517822265625,0.35150146484375,2.6193548387096772,79.37438905180841,2.3838709677419354,72.23851417399804,2.629032258064516,79.6676441837732
28.36698496597819,86.85179918510298,-0.49603271484375,-0.62066650390625,0.49517822265625,0.35150146484375,2.654838709677419,80.4496578690127,2.3193548387096774,70.28347996089931,2.62258064516129,79.47214076246333
28.38702089502476,86.85179918510298,-0.49603271484375,-0.62066650390625,0.49517822265625,0.35150146484375,2.5774193548387094,78.10361681329422,2.358064516129032,71.45650048875855,2.587096774193548,78.39687194525904
28.407097400981,86.81606544158728,-0.493408203125,-0.6224365234375,0.49700927734375,0.349365234375,2.6193548387096772,79.37438905180841,2.3967741935483873,72.6295210166178,2.5774193548387094,78.10361681329422
28.42715461004991,86.81606544158728,-0.493408203125,-0.6224365234375,0.49700927734375,0.349365234375,2.5774193548387094,78.10361681329422,2.367741935483871,71.74975562072336,2.6419354838709674,80.05865102639295
28.447196395951323,86.75223242419344,-0.49090576171875,-0.62457275390625,0.498779296875,0.3466796875,2.629032258064516,79.6676441837732,2.358064516129032,71.45650048875855,2.6064516129032254,78.98338220918865
28.467263686005026,86.75223242419344,-0.49090576171875,-0.62457275390625,0.498779296875,0.3466796875,2.6322580645161286,79.76539589442815,2.367741935483871,71.74975562072336,2.62258064516129,79.47214076246333
28.48733379098121,86.75223242419344,-0.49090576171875,-0.62457275390625,0.498779296875,0.3466796875,2.6032258064516127,78.88563049853371,2.358064516129032,71.45650048875855,2.5774193548387094,78.10361681329422
28.507444889983162,86.67693260843377,-0.48822021484375,-0.62591552734375,0.50115966796875,0.3446044921875,2.6193548387096772,79.37438905180841,2.335483870967742,70.772238514174,2.616129032258064,79.27663734115346
28.527537076035514,86.67693260843377,-0.48822021484375,-0.62591552734375,0.50115966796875,0.3446044921875,2.6322580645161286,79.76539589442815,2.335483870967742,70.772238514174,2.5999999999999996,78.78787878787878
28.547599724959582,86.61081696072365,-0.4849853515625,-0.62786865234375,0.50360107421875,0.3419189453125,2.6193548387096772,79.37438905180841,2.3322580645161293,70.67448680351907,2.593548387096774,78.59237536656892
28.567652967059985,86.61081696072365,-0.4849853515625,-0.62786865234375,0.50360107421875,0.3419189453125,2.6032258064516127,78.88563049853371,2.3193548387096774,70.28347996089931,2.6129032258064515,79.17888563049853
28.587746368953958,86.61081696072365,-0.4849853515625,-0.62786865234375,0.50360107421875,0.3419189453125,2.6032258064516127,78.88563049853371,2.3000000000000003,69.69696969696972,2.583870967741935,78.2991202346041
28.60780319501646,86.6110825218691,-0.48077392578125,-0.63006591796875,0.50653076171875,0.339599609375,2.629032258064516,79.6676441837732,2.2806451612903227,69.11045943304008,2.590322580645161,78.49462365591397
28.627890611998737,86.6110825218691,-0.48077392578125,-0.63006591796875,0.50653076171875,0.339599609375,2.6064516129032254,78.98338220918865,2.296774193548387,69.59921798631477,2.5677419354838706,77.81036168132943
28.64792481402401,86.64326577102804,-0.474853515625,-0.63189697265625,0.51104736328125,0.33770751953125,2.5774193548387094,78.10361681329422,2.2290322580645157,67.54643206256108,2.5677419354838706,77.81036168132943
28.668041671975516,86.64326577102804,-0.474853515625,-0.63189697265625,0.51104736328125,0.33770751953125,2.6322580645161286,79.76539589442815,2.2483870967741932,68.1329423264907,2.551612903225806,77.32160312805473
28.68809059401974,86.64326577102804,-0.474853515625,-0.63189697265625,0.51104736328125,0.33770751953125,2.583870967741935,78.2991202346041,2.2677419354838713,68.71945259042035,2.5354838709677416,76.83284457478005
28.70815241103992,86.49302541174673,-0.4676513671875,-0.6363525390625,0.51629638671875,0.33135986328125,2.593548387096774,78.59237536656892,2.116129032258064,64.1251221896383,2.52258064516129,76.44183773216031
28.72820254904218,86.49302541174673,-0.4676513671875,-0.6363525390625,0.51629638671875,0.33135986328125,2.5806451612903225,78.20136852394917,2.064516129032258,62.56109481915934,2.5387096774193547,76.93059628543499
28.748289998969994,86.16314287824339,-0.456298828125,-0.64398193359375,0.52435302734375,0.319580078125,2.5774193548387094,78.10361681329422,2.051612903225806,62.17008797653958,2.525806451612903,76.53958944281524
28.768328072037548,86.16314287824339,-0.456298828125,-0.64398193359375,0.52435302734375,0.319580078125,2.554838709677419,77.41935483870968,2.02258064516129,61.29032258064516,2.52258064516129,76.44183773216031
28.788433218025602,86.16314287824339,-0.456298828125,-0.64398193359375,0.52435302734375,0.319580078125,2.5677419354838706,77.81036168132943,2.019354838709677,61.19257086999021,2.496774193548387,75.65982404692082
28.808504092041403,86.00982837129389,-0.441162109375,-0.653564453125,0.53314208984375,0.306640625,2.5806451612903225,78.20136852394917,2.0354838709677416,61.6813294232649,2.4774193548387093,75.07331378299119
28.828632919001393,86.00982837129389,-0.441162109375,-0.653564453125,0.53314208984375,0.306640625,2.596774193548387,78.69012707722385,2.061290322580645,62.4633431085044,2.5129032258064514,76.1485826001955
28.848654384026304,86.718387697579,-0.4197998046875,-0.6678466796875,0.538818359375,0.29583740234375,2.590322580645161,78.49462365591397,2.0258064516129033,61.3880742913001,2.4741935483870967,74.97556207233626
28.868731338065118,86.718387697579,-0.4197998046875,-0.6678466796875,0.538818359375,0.29583740234375,2.6032258064516127,78.88563049853371,2.0161290322580645,61.09481915933529,2.4741935483870967,74.97556207233626
28.888780290959403,86.718387697579,-0.4197998046875,-0.6678466796875,0.538818359375,0.29583740234375,2.5999999999999996,78.78787878787878,1.996774193548387,60.50830889540567,2.458064516129032,74.48680351906158
28.90883753297385,87.5693535055396,-0.39178466796875,-0.68304443359375,0.54754638671875,0.28302001953125,2.6064516129032254,78.98338220918865,1.9548387096774194,59.2375366568915,2.4516129032258065,74.29130009775172
28.92899685597513,87.5693535055396,-0.39178466796875,-0.68304443359375,0.54754638671875,0.28302001953125,2.6096774193548384,79.0811339198436,1.9193548387096775,58.162267839687196,2.4193548387096775,73.31378299120234
28.94905761803966,88.2721937613426,-0.354248046875,-0.69580078125,0.56524658203125,0.26611328125,2.6096774193548384,79.0811339198436,1.8741935483870966,56.79374389051808,2.4161290322580644,73.21603128054741
28.969108939985745,88.2721937613426,-0.354248046875,-0.69580078125,0.56524658203125,0.26611328125,2.593548387096774,78.59237536656892,1.8322580645161288,55.5229716520039,2.4,72.72727272727273
28.989156774012372,88.2721937613426,-0.354248046875,-0.69580078125,0.56524658203125,0.26611328125,2.5741935483870964,78.00586510263928,1.796774193548387,54.44770283479961,2.42258064516129,73.41153470185728
29.009219520026818,88.94780229761388,-0.31353759765625,-0.70611572265625,0.58502197265625,0.24676513671875,2.5806451612903225,78.20136852394917,1.7774193548387096,53.86119257086999,2.42258064516129,73.41153470185728
29.02930274605751,88.94780229761388,-0.31353759765625,-0.70611572265625,0.58502197265625,0.24676513671875,2.6032258064516127,78.88563049853371,1.6870967741935483,51.12414467253177,2.3967741935483873,72.6295210166178
29.049451317056082,89.53919674690822,-0.27117919921875,-0.7122802734375,0.60687255859375,0.22540283203125,2.5806451612903225,78.20136852394917,1.635483870967742,49.56011730205279,2.4161290322580644,73.21603128054741
29.06948868697509,89.53919674690822,-0.27117919921875,-0.7122802734375,0.60687255859375,0.22540283203125,2.590322580645161,78.49462365591397,1.6129032258064515,48.87585532746823,2.412903225806452,73.11827956989248
29.089534920989536,89.53919674690822,-0.27117919921875,-0.7122802734375,0.60687255859375,0.22540283203125,2.5741935483870964,78.00586510263928,1.5709677419354837,47.60508308895405,2.4,72.72727272727273
29.109679876011796,90.08621025334679,-0.22857666015625,-0.71551513671875,0.6285400390625,0.20184326171875,2.551612903225806,77.32160312805473,1.5354838709677419,46.52981427174975,2.412903225806452,73.11827956989248
29.12968140502926,90.08621025334679,-0.22857666015625,-0.71551513671875,0.6285400390625,0.20184326171875,2.5387096774193547,76.93059628543499,1.5354838709677419,46.52981427174975,2.425806451612903,73.50928641251222
29.14973253500648,90.63825553155961,-0.18829345703125,-0.71759033203125,0.6466064453125,0.17742919921875,2.564516129032258,77.71260997067448,1.5483870967741935,46.9208211143695,2.4483870967741934,74.19354838709677
29.1697916330304,90.63825553155961,-0.18829345703125,-0.71759033203125,0.6466064453125,0.17742919921875,2.5999999999999996,78.78787878787878,1.525806451612903,46.236559139784944,2.435483870967742,73.80254154447702
29.18985549896024,90.63825553155961,-0.18829345703125,-0.71759033203125,0.6466064453125,0.17742919921875,2.5741935483870964,78.00586510263928,1.5677419354838709,47.507331378299114,2.4483870967741934,74.19354838709677
29.209924580994993,91.54966003014661,-0.1490478515625,-0.7188720703125,0.66082763671875,0.15582275390625,2.5677419354838706,77.81036168132943,1.5451612903225804,46.82306940371456,2.458064516129032,74.48680351906158
29.23000044701621,91.54966003014661,-0.1490478515625,-0.7188720703125,0.66082763671875,0.15582275390625,2.554838709677419,77.41935483870968,1.5354838709677419,46.52981427174975,2.4483870967741934,74.19354838709677
29.250094842049293,92.52976899392361,-0.11102294921875,-0.71685791015625,0.6749267578125,0.13531494140625,2.5774193548387094,78.10361681329422,1.5451612903225804,46.82306940371456,2.425806451612903,73.50928641251222
29.27015829202719,92.52976899392361,-0.11102294921875,-0.71685791015625,0.6749267578125,0.13531494140625,2.583870967741935,78.2991202346041,1.564516129032258,47.40957966764419,2.467741935483871,74.7800586510264
29.290253901970573,92.52976899392361,-0.11102294921875,-0.71685791015625,0.6749267578125,0.13531494140625,2.5806451612903225,78.20136852394917,1.5741935483870966,47.702834799608986,2.4741935483870967,74.97556207233626
29.310330952052027,93.62964100367341,-0.074462890625,-0.71246337890625,0.68798828125,0.1163330078125,2.5806451612903225,78.20136852394917,1.596774193548387,48.38709677419355,2.4516129032258065,74.29130009775172
29.33036937797442,93.62964100367341,-0.074462890625,-0.71246337890625,0.68798828125,0.1163330078125,2.558064516129032,77.5171065493646,1.5451612903225804,46.82306940371456,2.4709677419354836,74.87781036168133
29.350420988048427,94.73452596620818,-0.0418701171875,-0.70745849609375,0.69842529296875,0.09967041015625,2.5999999999999996,78.78787878787878,1.5806451612903225,47.898338220918866,2.5129032258064514,76.1485826001955
29.370486133964732,94.73452596620818,-0.0418701171875,-0.70745849609375,0.69842529296875,0.09967041015625,2.587096774193548,78.39687194525904,1.558064516129032,47.21407624633431,2.4741935483870967,74.97556207233626
29.390544911962934,94.73452596620818,-0.0418701171875,-0.70745849609375,0.69842529296875,0.09967041015625,2.6032258064516127,78.88563049853371,1.6064516129032256,48.68035190615835,2.4838709677419355,75.26881720430107
29.410652330960147,95.6860551964682,-0.0142822265625,-0.7041015625,0.70489501953125,0.08465576171875,2.5999999999999996,78.78787878787878,1.596774193548387,48.38709677419355,2.4838709677419355,75.26881720430107
29.430812902050093,95.6860551964682,-0.0142822265625,-0.7041015625,0.70489501953125,0.08465576171875,2.6096774193548384,79.0811339198436,1.6870967741935483,51.12414467253177,2.490322580645161,75.46432062561095
29.450858623953536,96.48781954145647,0.00830078125,-0.702880859375,0.70758056640625,0.072021484375,2.616129032258064,79.27663734115346,1.6709677419354838,50.635386119257085,2.5,75.75757575757575
29.470977594028227,96.48781954145647,0.00830078125,-0.702880859375,0.70758056640625,0.072021484375,2.625806451612903,79.56989247311827,1.6838709677419355,51.02639296187683,2.525806451612903,76.53958944281524
29.490984307951294,96.48781954145647,0.00830078125,-0.702880859375,0.70758056640625,0.072021484375,2.629032258064516,79.6676441837732,1.7,51.515151515151516,2.4741935483870967,74.97556207233626
29.51104266999755,96.98135525942004,0.02520751953125,-0.7022705078125,0.70880126953125,0.06109619140625,2.625806451612903,79.56989247311827,1.7225806451612902,52.19941348973607,2.525806451612903,76.53958944281524
29.531099879997782,96.98135525942004,0.02520751953125,-0.7022705078125,0.70880126953125,0.06109619140625,2.616129032258064,79.27663734115346,1.7064516129032257,51.71065493646139,2.5387096774193547,76.93059628543499
29.551163297961466,97.13348540455128,0.03558349609375,-0.7020263671875,0.7093505859375,0.052490234375,2.6354838709677417,79.86314760508309,1.8032258064516127,54.64320625610948,2.5032258064516126,75.8553274682307
29.57123305206187,97.13348540455128,0.03558349609375,-0.7020263671875,0.7093505859375,0.052490234375,2.6516129032258062,80.35190615835776,1.8161290322580643,55.034213098729225,2.519354838709677,76.34408602150538
29.591365591040812,97.13348540455128,0.03558349609375,-0.7020263671875,0.7093505859375,0.052490234375,2.6193548387096772,79.37438905180841,1.8419354838709676,55.816226783968716,2.5064516129032257,75.95307917888563
29.61140539299231,96.61671730816464,0.0369873046875,-0.70147705078125,0.7103271484375,0.044677734375,2.5999999999999996,78.78787878787878,1.8580645161290321,56.304985337243394,2.5161290322580645,76.24633431085044
29.631498730974272,96.61671730816464,0.0369873046875,-0.70147705078125,0.7103271484375,0.044677734375,2.625806451612903,79.56989247311827,1.929032258064516,58.45552297165201,2.5451612903225804,77.12609970674487
29.65154666104354,95.26384952971743,0.02911376953125,-0.70013427734375,0.7125244140625,0.035888671875,2.5774193548387094,78.10361681329422,1.9483870967741934,59.04203323558163,2.5161290322580645,76.24633431085044
29.67159286304377,95.26384952971743,0.02911376953125,-0.70013427734375,0.7125244140625,0.035888671875,2.6193548387096772,79.37438905180841,1.9387096774193548,58.748778103616814,2.490322580645161,75.46432062561095
29.691665977006778,95.26384952971743,0.02911376953125,-0.70013427734375,0.7125244140625,0.035888671875,2.6064516129032254,78.98338220918865,1.967741935483871,59.628543499511245,2.496774193548387,75.65982404692082
29.711719283019193,93.14819611204454,0.01409912109375,-0.697021484375,0.71649169921875,0.02490234375,2.6064516129032254,78.98338220918865,2.02258064516129,61.29032258064516,2.4741935483870967,74.97556207233626
29.7318605260225,93.14819611204454,0.01409912109375,-0.697021484375,0.71649169921875,0.02490234375,2.6129032258064515,79.17888563049853,2.0129032258064514,60.997067448680355,2.458064516129032,74.48680351906158
29.751925735967234,90.08423205762011,-0.00958251953125,-0.69024658203125,0.72344970703125,0.0111083984375,2.590322580645161,78.49462365591397,2.0451612903225804,61.97458455522972,2.4483870967741934,74.19354838709677
29.77197795396205,90.08423205762011,-0.00958251953125,-0.69024658203125,0.72344970703125,0.0111083984375,2.6193548387096772,79.37438905180841,2.074193548387097,62.85434995112414,2.42258064516129,73.41153470185728
29.792029467993416,90.08423205762011,-0.00958251953125,-0.69024658203125,0.72344970703125,0.0111083984375,2.6129032258064515,79.17888563049853,2.0999999999999996,63.636363636363626,2.370967741935484,71.8475073313783
29.812099862028845,86.40600013353323,0.04058837890625,0.6832275390625,-0.72906494140625,0.0025634765625,2.629032258064516,79.6676441837732,2.138709677419355,64.80938416422288,2.4387096774193546,73.90029325513197
29.832178800017573,86.40600013353323,0.04058837890625,0.6832275390625,-0.72906494140625,0.0025634765625,2.629032258064516,79.6676441837732,2.116129032258064,64.1251221896383,2.4419354838709677,73.9980449657869
29.852224617963657,81.6589657243452,0.0797119140625,0.6796875,-0.72882080078125,0.021240234375,2.5999999999999996,78.78787878787878,2.1354838709677417,64.71163245356793,2.425806451612903,73.50928641251222
29.87229200406,81.6589657243452,0.0797119140625,0.6796875,-0.72882080078125,0.021240234375,2.6032258064516127,78.88563049853371,2.138709677419355,64.80938416422288,2.4161290322580644,73.21603128054741
29.892436607042328,81.6589657243452,0.0797119140625,0.6796875,-0.72882080078125,0.021240234375,2.564516129032258,77.71260997067448,2.129032258064516,64.51612903225806,2.4096774193548387,73.02052785923753
29.91245176899247,76.22160049945958,0.12225341796875,0.67828369140625,-0.72314453125,0.04522705078125,2.625806451612903,79.56989247311827,2.116129032258064,64.1251221896383,2.370967741935484,71.8475073313783
29.932521459064446,76.22160049945958,0.12225341796875,0.67828369140625,-0.72314453125,0.04522705078125,2.5999999999999996,78.78787878787878,2.1225806451612903,64.32062561094818,2.435483870967742,73.80254154447702
29.95266100601293,70.48410612304087,0.16680908203125,0.67431640625,-0.71588134765625,0.07061767578125,2.6387096774193544,79.960899315738,2.1645161290322577,65.59139784946235,2.403225806451613,72.82502443792767
29.972695240052417,70.48410612304087,0.16680908203125,0.67431640625,-0.71588134765625,0.07061767578125,2.583870967741935,78.2991202346041,2.116129032258064,64.1251221896383,2.3967741935483873,72.6295210166178
29.992752162972465,70.48410612304087,0.16680908203125,0.67431640625,-0.71588134765625,0.07061767578125,2.5774193548387094,78.10361681329422,2.148387096774193,65.10263929618768,2.4064516129032256,72.9227761485826
30.012813629000448,64.80871274237103,0.2109375,0.66888427734375,-0.7064208984375,0.09539794921875,2.590322580645161,78.49462365591397,2.1419354838709674,64.90713587487781,2.3967741935483873,72.6295210166178
30.032959192991257,64.80871274237103,0.2109375,0.66888427734375,-0.7064208984375,0.09539794921875,2.625806451612903,79.56989247311827,2.1548387096774193,65.29814271749756,2.370967741935484,71.8475073313783
30.05297406599857,59.03793127992269,0.25311279296875,0.66119384765625,-0.69549560546875,0.122802734375,2.6193548387096772,79.37438905180841,2.1645161290322577,65.59139784946235,2.3516129032258064,71.26099706744868
30.07310887798667,59.03793127992269,0.25311279296875,0.66119384765625,-0.69549560546875,0.122802734375,2.616129032258064,79.27663734115346,2.1741935483870964,65.88465298142717,2.3161290322580648,70.1857282502444
30.093153896043077,59.03793127992269,0.25311279296875,0.66119384765625,-0.69549560546875,0.122802734375,2.6129032258064515,79.17888563049853,2.190322580645161,66.37341153470186,2.3225806451612905,70.38123167155426
30.113279971061274,53.19371019766896,0.29046630859375,0.64892578125,-0.68603515625,0.154541015625,2.648387096774193,80.25415444770283,2.161290322580645,65.49364613880742,2.3419354838709676,70.96774193548387
30.133299069013447,53.19371019766896,0.29046630859375,0.64892578125,-0.68603515625,0.154541015625,2.6096774193548384,79.0811339198436,2.2096774193548385,66.95992179863147,2.3225806451612905,70.38123167155426
30.153358615003526,47.63589458950802,0.3226318359375,0.63360595703125,-0.677978515625,0.1865234375,2.5806451612903225,78.20136852394917,2.1645161290322577,65.59139784946235,2.293548387096774,69.50146627565982
30.1734106419608,47.63589458950802,0.3226318359375,0.63360595703125,-0.677978515625,0.1865234375,2.593548387096774,78.59237536656892,2.1677419354838707,65.6891495601173,2.338709677419355,70.86999022482894
30.193479179986753,47.63589458950802,0.3226318359375,0.63360595703125,-0.677978515625,0.1865234375,2.625806451612903,79.56989247311827,2.1870967741935483,66.27565982404691,2.3322580645161293,70.67448680351907
30.213543143006973,41.573628499678144,0.3553466796875,0.61651611328125,-0.66644287109375,0.22259521484375,2.5999999999999996,78.78787878787878,2.22258064516129,67.35092864125122,2.3225806451612905,70.38123167155426
30.23362252896186,41.573628499678144,0.3553466796875,0.61651611328125,-0.66644287109375,0.22259521484375,2.616129032258064,79.27663734115346,2.2580645161290325,68.42619745845553,2.3483870967741938,71.16324535679375
30.253667418961413,35.67891287282097,0.3883056640625,0.5970458984375,-0.654052734375,0.2548828125,2.62258064516129,79.47214076246333,2.3096774193548386,69.99022482893452,2.393548387096774,72.53176930596285
30.273728086031042,35.67891287282097,0.3883056640625,0.5970458984375,-0.654052734375,0.2548828125,2.616129032258064,79.27663734115346,2.325806451612903,70.4789833822092,2.293548387096774,69.50146627565982
30.293792527983896,35.67891287282097,0.3883056640625,0.5970458984375,-0.654052734375,0.2548828125,2.654838709677419,80.4496578690127,2.3838709677419354,72.23851417399804,2.3548387096774195,71.35874877810362
30.31385604303796,29.826052239906872,0.423583984375,0.5721435546875,-0.64324951171875,0.28192138671875,2.616129032258064,79.27663734115346,2.4,72.72727272727273,2.3419354838709676,70.96774193548387
30.33394189295359,29.826052239906872,0.423583984375,0.5721435546875,-0.64324951171875,0.28192138671875,2.648387096774193,80.25415444770283,2.42258064516129,73.41153470185728,2.3451612903225807,71.0654936461388
30.353989631985314,24.8830562354691,0.45672607421875,0.54791259765625,-0.63360595703125,0.2996826171875,2.6032258064516127,78.88563049853371,2.4709677419354836,74.87781036168133,2.3193548387096774,70.28347996089931
30.374048474011943,24.8830562354691,0.45672607421875,0.54791259765625,-0.63360595703125,0.2996826171875,2.625806451612903,79.56989247311827,2.4774193548387093,75.07331378299119,2.393548387096774,72.53176930596285
30.394170260988176,24.8830562354691,0.45672607421875,0.54791259765625,-0.63360595703125,0.2996826171875,2.62258064516129,79.47214076246333,2.4741935483870967,74.97556207233626,2.3451612903225807,71.0654936461388
30.414221007027663,20.86115134133975,0.485107421875,0.52813720703125,-0.623046875,0.3123779296875,2.62258064516129,79.47214076246333,2.529032258064516,76.63734115347019,2.3838709677419354,72.23851417399804
30.43429287406616,20.86115134133975,0.485107421875,0.52813720703125,-0.623046875,0.3123779296875,2.648387096774193,80.25415444770283,2.5,75.75757575757575,2.4096774193548387,73.02052785923753
30.45433427602984,17.921397298754357,0.5079345703125,0.51312255859375,-0.613525390625,0.31982421875,2.6419354838709674,80.05865102639295,2.5064516129032257,75.95307917888563,2.4064516129032256,72.9227761485826
30.474389567039907,17.921397298754357,0.5079345703125,0.51312255859375,-0.613525390625,0.31982421875,2.6774193548387095,81.13391984359725,2.5387096774193547,76.93059628543499,2.42258064516129,73.41153470185728
30.494510938064195,17.921397298754357,0.5079345703125,0.51312255859375,-0.613525390625,0.31982421875,2.6096774193548384,79.0811339198436,2.5419354838709673,77.02834799608992,2.390322580645161,72.43401759530792
30.5145862280624,16.248223005351647,0.52386474609375,0.50360107421875,-0.60693359375,0.32183837890625,2.6322580645161286,79.76539589442815,2.551612903225806,77.32160312805473,2.370967741935484,71.8475073313783
30.534672206966206,16.248223005351647,0.52386474609375,0.50360107421875,-0.60693359375,0.32183837890625,2.6387096774193544,79.960899315738,2.525806451612903,76.53958944281524,2.3838709677419354,72.23851417399804
30.55472244101111,15.616001708589849,0.53289794921875,0.49822998046875,-0.6046142578125,0.31982421875,2.6387096774193544,79.960899315738,2.5096774193548383,76.05083088954055,2.3967741935483873,72.6295210166178
30.574731074972078,15.616001708589849,0.53289794921875,0.49822998046875,-0.6046142578125,0.31982421875,2.590322580645161,78.49462365591397,2.4774193548387093,75.07331378299119,2.4096774193548387,73.02052785923753
30.59484495804645,15.616001708589849,0.53289794921875,0.49822998046875,-0.6046142578125,0.31982421875,2.6193548387096772,79.37438905180841,2.487096774193548,75.366568914956,2.42258064516129,73.41153470185728
30.614916760008782,15.779092055081477,0.537109375,0.49560546875,-0.60595703125,0.31414794921875,2.6064516129032254,78.98338220918865,2.4419354838709677,73.9980449657869,2.3967741935483873,72.6295210166178
30.634968435042538,15.779092055081477,0.537109375,0.49560546875,-0.60595703125,0.31414794921875,2.6032258064516127,78.88563049853371,2.370967741935484,71.8475073313783,2.412903225806452,73.11827956989248
30.65500890905969,16.576659925221833,0.53753662109375,0.4967041015625,-0.6090087890625,0.30572509765625,2.5774193548387094,78.10361681329422,2.412903225806452,73.11827956989248,2.435483870967742,73.80254154447702
30.675060871057212,16.576659925221833,0.53753662109375,0.4967041015625,-0.6090087890625,0.30572509765625,2.5999999999999996,78.78787878787878,2.3806451612903228,72.14076246334312,2.412903225806452,73.11827956989248
30.695114210015163,16.576659925221833,0.53753662109375,0.4967041015625,-0.6090087890625,0.30572509765625,2.5806451612903225,78.20136852394917,2.361290322580645,71.5542521994135,2.4193548387096775,73.31378299120234
30.715175356017426,17.6244300609863,0.5360107421875,0.500244140625,-0.61151123046875,0.29736328125,2.5677419354838706,77.81036168132943,2.3419354838709676,70.96774193548387,2.4483870967741934,74.19354838709677
30.735246391035616,17.6244300609863,0.5360107421875,0.500244140625,-0.61151123046875,0.29736328125,2.5999999999999996,78.78787878787878,2.325806451612903,70.4789833822092,2.4516129032258065,74.29130009775172
30.75540612998884,18.475271810939887,0.53521728515625,0.50445556640625,-0.61187744140625,0.2908935546875,2.583870967741935,78.2991202346041,2.3096774193548386,69.99022482893452,2.425806451612903,73.50928641251222
30.775477741030045,18.475271810939887,0.53521728515625,0.50445556640625,-0.61187744140625,0.2908935546875,2.5741935483870964,78.00586510263928,2.296774193548387,69.59921798631477,2.432258064516129,73.70478983382209
30.795500615029596,18.475271810939887,0.53521728515625,0.50445556640625,-0.61187744140625,0.2908935546875,2.525806451612903,76.53958944281524,2.270967741935484,68.81720430107528,2.4387096774193546,73.90029325513197
30.815604481031187,19.056939553466293,0.53717041015625,0.507568359375,-0.61029052734375,0.28521728515625,2.564516129032258,77.71260997067448,2.2677419354838713,68.71945259042035,2.4096774193548387,73.02052785923753
30.83567097201012,19.056939553466293,0.53717041015625,0.507568359375,-0.61029052734375,0.28521728515625,2.558064516129032,77.5171065493646,2.261290322580645,68.52394916911047,2.4161290322580644,73.21603128054741
30.855705077992752,19.37367023566928,0.5423583984375,0.5089111328125,-0.60699462890625,0.27996826171875,2.558064516129032,77.5171065493646,2.261290322580645,68.52394916911047,2.435483870967742,73.80254154447702
30.87580616096966,19.37367023566928,0.5423583984375,0.5089111328125,-0.60699462890625,0.27996826171875,2.5774193548387094,78.10361681329422,2.2580645161290325,68.42619745845553,2.4161290322580644,73.21603128054741
30.895892619970255,19.37367023566928,0.5423583984375,0.5089111328125,-0.60699462890625,0.27996826171875,2.554838709677419,77.41935483870968,2.264516129032258,68.6217008797654,2.42258064516129,73.41153470185728
30.915975525975227,19.41903372391259,0.55047607421875,0.5084228515625,-0.60211181640625,0.27557373046875,2.551612903225806,77.32160312805473,2.293548387096774,69.50146627565982,2.412903225806452,73.11827956989248
30.936074465047568,19.41903372391259,0.55047607421875,0.5084228515625,-0.60211181640625,0.27557373046875,2.5774193548387094,78.10361681329422,2.2806451612903227,69.11045943304008,2.370967741935484,71.8475073313783
30.95612233201973,19.231176707096296,0.55963134765625,0.506103515625,-0.5968017578125,0.27288818359375,2.554838709677419,77.41935483870968,2.303225806451613,69.79472140762464,2.4,72.72727272727273
30.976234582951292,19.231176707096296,0.55963134765625,0.506103515625,-0.5968017578125,0.27288818359375,2.5774193548387094,78.10361681329422,2.2806451612903227,69.11045943304008,2.393548387096774,72.53176930596285
30.996276561985724,19.231176707096296,0.55963134765625,0.506103515625,-0.5968017578125,0.27288818359375,2.587096774193548,78.39687194525904,2.303225806451613,69.79472140762464,2.4419354838709677,73.9980449657869
31.01635338901542,18.887804897977958,0.568359375,0.50286865234375,-0.59161376953125,0.2720947265625,2.5774193548387094,78.10361681329422,2.3161290322580648,70.1857282502444,2.3967741935483873,72.6295210166178
31.036452551954426,18.887804897977958,0.568359375,0.50286865234375,-0.59161376953125,0.2720947265625,2.532258064516129,76.73509286412512,2.325806451612903,70.4789833822092,2.3967741935483873,72.6295210166178
31.056505123036914,18.556803320593275,0.5758056640625,0.499755859375,-0.58709716796875,0.27203369140625,2.5806451612903225,78.20136852394917,2.293548387096774,69.50146627565982,2.425806451612903,73.50928641251222
31.07658041396644,18.556803320593275,0.5758056640625,0.499755859375,-0.58709716796875,0.27203369140625,2.564516129032258,77.71260997067448,2.329032258064516,70.57673509286413,2.3967741935483873,72.6295210166178
31.096703449031338,18.556803320593275,0.5758056640625,0.499755859375,-0.58709716796875,0.27203369140625,2.5774193548387094,78.10361681329422,2.3193548387096774,70.28347996089931,2.425806451612903,73.50928641251222
31.116784499958158,18.338835730326508,0.5814208984375,0.4967041015625,-0.58441162109375,0.27142333984375,2.5741935483870964,78.00586510263928,2.3225806451612905,70.38123167155426,2.425806451612903,73.50928641251222
31.136828975053504,18.338835730326508,0.5814208984375,0.4967041015625,-0.58441162109375,0.27142333984375,2.525806451612903,76.53958944281524,2.3322580645161293,70.67448680351907,2.42258064516129,73.41153470185728
31.156906282063574,18.22323482934445,0.585205078125,0.494140625,-0.58349609375,0.27008056640625,2.6096774193548384,79.0811339198436,2.306451612903226,69.89247311827957,2.4419354838709677,73.9980449657869
31.17699267703574,18.22323482934445,0.585205078125,0.494140625,-0.58349609375,0.27008056640625,2.5806451612903225,78.20136852394917,2.338709677419355,70.86999022482894,2.4419354838709677,73.9980449657869
31.197052543982863,18.22323482934445,0.585205078125,0.494140625,-0.58349609375,0.27008056640625,2.629032258064516,79.6676441837732,2.3322580645161293,70.67448680351907,2.4419354838709677,73.9980449657869
31.217129018972628,18.177952768517144,0.58697509765625,0.49200439453125,-0.5841064453125,0.2686767578125,2.558064516129032,77.5171065493646,2.3322580645161293,70.67448680351907,2.454838709677419,74.38905180840665
31.237252054037526,18.177952768517144,0.58697509765625,0.49200439453125,-0.5841064453125,0.2686767578125,2.5806451612903225,78.20136852394917,2.325806451612903,70.4789833822092,2.4419354838709677,73.9980449657869
31.257285968051292,18.179446959857643,0.58740234375,0.4908447265625,-0.5853271484375,0.267333984375,2.5806451612903225,78.20136852394917,2.3096774193548386,69.99022482893452,2.4516129032258065,74.29130009775172
31.277363435016014,18.179446959857643,0.58740234375,0.4908447265625,-0.5853271484375,0.267333984375,2.6032258064516127,78.88563049853371,2.293548387096774,69.50146627565982,2.425806451612903,73.50928641251222
31.297477990970947,18.179446959857643,0.58740234375,0.4908447265625,-0.5853271484375,0.267333984375,2.596774193548387,78.69012707722385,2.293548387096774,69.50146627565982,2.435483870967742,73.80254154447702
31.317532354034483,18.320473901002117,0.5867919921875,0.49090576171875,-0.58642578125,0.26593017578125,2.5806451612903225,78.20136852394917,2.3193548387096774,70.28347996089931,2.4096774193548387,73.02052785923753
31.33762188500259,18.320473901002117,0.5867919921875,0.49090576171875,-0.58642578125,0.26593017578125,2.590322580645161,78.49462365591397,2.296774193548387,69.59921798631477,2.454838709677419,74.38905180840665
31.357693528058007,18.434593592258295,0.585693359375,0.4913330078125,-0.5877685546875,0.2647705078125,2.583870967741935,78.2991202346041,2.3161290322580648,70.1857282502444,2.445161290322581,74.09579667644185
31.377781235030852,18.434593592258295,0.585693359375,0.4913330078125,-0.5877685546875,0.2647705078125,2.590322580645161,78.49462365591397,2.329032258064516,70.57673509286413,2.425806451612903,73.50928641251222
31.39791249402333,18.434593592258295,0.585693359375,0.4913330078125,-0.5877685546875,0.2647705078125,2.593548387096774,78.59237536656892,2.2677419354838713,68.71945259042035,2.4387096774193546,73.90029325513197
31.41795719298534,18.517955299511982,0.5838623046875,0.4918212890625,-0.58935546875,0.26434326171875,2.6129032258064515,79.17888563049853,2.2677419354838713,68.71945259042035,2.4419354838709677,73.9980449657869
31.438069444033317,18.517955299511982,0.5838623046875,0.4918212890625,-0.58935546875,0.26434326171875,2.5774193548387094,78.10361681329422,2.296774193548387,69.59921798631477,2.435483870967742,73.80254154447702
31.45811638305895,18.581208989342485,0.5821533203125,0.4923095703125,-0.5908203125,0.2640380859375,2.587096774193548,78.39687194525904,2.335483870967742,70.772238514174,2.4193548387096775,73.31378299120234
31.478198842029087,18.581208989342485,0.5821533203125,0.4923095703125,-0.5908203125,0.2640380859375,2.558064516129032,77.5171065493646,2.3096774193548386,69.99022482893452,2.42258064516129,73.41153470185728
31.498277044971474,18.581208989342485,0.5821533203125,0.4923095703125,-0.5908203125,0.2640380859375,2.62258064516129,79.47214076246333,2.3645161290322583,71.65200391006844,2.3967741935483873,72.6295210166178
31.518351151957177,18.691942152056583,0.58135986328125,0.492431640625,-0.5919189453125,0.26300048828125,2.590322580645161,78.49462365591397,2.3322580645161293,70.67448680351907,2.42258064516129,73.41153470185728
31.538423978956416,18.691942152056583,0.58135986328125,0.492431640625,-0.5919189453125,0.26300048828125,2.616129032258064,79.27663734115346,2.306451612903226,69.89247311827957,2.4516129032258065,74.29130009775172
31.558498308993876,18.813583327730385,0.58148193359375,0.49212646484375,-0.5928955078125,0.26116943359375,2.5806451612903225,78.20136852394917,2.3193548387096774,70.28347996089931,2.4387096774193546,73.90029325513197
31.578577407984994,18.813583327730385,0.58148193359375,0.49212646484375,-0.5928955078125,0.26116943359375,2.62258064516129,79.47214076246333,2.370967741935484,71.8475073313783,2.4741935483870967,74.97556207233626
31.59872089198325,18.813583327730385,0.58148193359375,0.49212646484375,-0.5928955078125,0.26116943359375,2.616129032258064,79.27663734115346,2.335483870967742,70.772238514174,2.4387096774193546,73.90029325513197
31.618758838973008,18.933258170881885,0.5833740234375,0.4915771484375,-0.59228515625,0.25921630859375,2.62258064516129,79.47214076246333,2.3451612903225807,71.0654936461388,2.4387096774193546,73.90029325513197
31.63886085001286,18.933258170881885,0.5833740234375,0.4915771484375,-0.59228515625,0.25921630859375,2.5806451612903225,78.20136852394917,2.358064516129032,71.45650048875855,2.425806451612903,73.50928641251222
31.6589171650121,18.98318711043983,0.58599853515625,0.4912109375,-0.590576171875,0.25799560546875,2.5999999999999996,78.78787878787878,2.3516129032258064,71.26099706744868,2.4387096774193546,73.90029325513197
