timestamp,elevation_deg,imu_i,imu_j,imu_k,imu_r,ch0_voltage,ch0_percentage,ch1_voltage,ch1_percentage
0.014295772009063512,28.5657495996249,0.46661376953125,0.48077392578125,-0.7066650390625,0.2275390625,1.564516129032258,47.40957966764419,0.4580645161290322,13.880742913000976
0.03719408198958263,28.801039945379756,0.46380615234375,0.48065185546875,-0.70843505859375,0.22796630859375,1.6483870967741936,49.95112414467254,0.41935483870967744,12.70772238514174
0.05432155798189342,28.801039945379756,0.46380615234375,0.48065185546875,-0.70843505859375,0.22796630859375,1.6741935483870967,50.733137829912025,0.38064516129032255,11.534701857282501
0.0735173859866336,28.801039945379756,0.46380615234375,0.48065185546875,-0.70843505859375,0.22796630859375,1.6516129032258065,50.048875855327466,0.4548387096774193,13.78299120234604
0.09873199200956151,28.935166782262627,0.46502685546875,0.47796630859375,-0.71075439453125,0.2239990234375,1.6741935483870967,50.733137829912025,0.47419354838709676,14.369501466275661
0.11581197800114751,28.935166782262627,0.46502685546875,0.47796630859375,-0.71075439453125,0.2239990234375,1.6516129032258065,50.048875855327466,0.4935483870967742,14.95601173020528
0.1386888480046764,28.686769180484156,0.4735107421875,0.4708251953125,-0.71270751953125,0.21484375,1.6516129032258065,50.048875855327466,0.5258064516129032,15.933528836754643
0.15371693100314587,28.686769180484156,0.4735107421875,0.4708251953125,-0.71270751953125,0.21484375,1.7548387096774192,53.17693059628543,0.5225806451612903,15.835777126099707
0.17419897398212925,28.686769180484156,0.4735107421875,0.4708251953125,-0.71270751953125,0.21484375,1.764516129032258,53.47018572825024,0.5225806451612903,15.835777126099707
0.19884309900226071,28.43569294244091,0.484375,0.4615478515625,-0.71527099609375,0.20196533203125,1.6774193548387097,50.83088954056696,0.5483870967741935,16.617790811339198
0.21396091202041134,28.43569294244091,0.484375,0.4615478515625,-0.71527099609375,0.20196533203125,1.6774193548387097,50.83088954056696,0.5419354838709677,16.422287390029325
0.23951040901010856,28.370430135708695,0.4945068359375,0.45501708984375,-0.7161865234375,0.18853759765625,1.6935483870967742,51.31964809384164,0.5387096774193548,16.32453567937439
0.253756258985959,28.370430135708695,0.4945068359375,0.45501708984375,-0.7161865234375,0.18853759765625,1.667741935483871,50.53763440860215,0.5419354838709677,16.422287390029325
0.2743540509836748,28.370430135708695,0.4945068359375,0.45501708984375,-0.7161865234375,0.18853759765625,1.6548387096774193,50.146627565982406,0.5161290322580645,15.640273704789834
0.2991804530029185,28.24228733960998,0.50421142578125,0.4498291015625,-0.715576171875,0.1771240234375,1.6838709677419355,51.02639296187683,0.5225806451612903,15.835777126099707
0.31423253600951284,28.24228733960998,0.50421142578125,0.4498291015625,-0.715576171875,0.1771240234375,1.664516129032258,50.43988269794721,0.5451612903225805,16.520039100684258
0.3390120890107937,28.006053335582557,0.5133056640625,0.44287109375,-0.71588134765625,0.16705322265625,1.6612903225806452,50.34213098729228,0.529032258064516,16.031280547409576
0.35421873698942363,28.006053335582557,0.5133056640625,0.44287109375,-0.71588134765625,0.16705322265625,1.6935483870967742,51.31964809384164,0.5419354838709677,16.422287390029325
0.3743823069962673,28.006053335582557,0.5133056640625,0.44287109375,-0.71588134765625,0.16705322265625,1.6903225806451612,51.2218963831867,0.5387096774193548,16.32453567937439
0.3990831379778683,27.868323371528028,0.52081298828125,0.43499755859375,-0.717529296875,0.15704345703125,1.6838709677419355,51.02639296187683,0.532258064516129,16.129032258064516
0.4155538890045136,27.868323371528028,0.52081298828125,0.43499755859375,-0.717529296875,0.15704345703125,1.6612903225806452,50.34213098729228,0.5483870967741935,16.617790811339198
0.4391255960217677,27.816999533890723,0.5262451171875,0.42767333984375,-0.7198486328125,0.14825439453125,1.7,51.515151515151516,0.5548387096774193,16.81329423264907
0.45453045901376754,27.816999533890723,0.5262451171875,0.42767333984375,-0.7198486328125,0.14825439453125,1.6903225806451612,51.2218963831867,0.5548387096774193,16.81329423264907
0.47415327600901946,27.816999533890723,0.5262451171875,0.42767333984375,-0.7198486328125,0.14825439453125,1.7,51.515151515151516,0.5709677419354839,17.302052785923756
0.49936964199878275,27.846562134264566,0.52972412109375,0.4222412109375,-0.72186279296875,0.14141845703125,1.6612903225806452,50.34213098729228,0.5645161290322581,17.106549364613883
0.5148282339796424,27.846562134264566,0.52972412109375,0.4222412109375,-0.72186279296875,0.14141845703125,1.7,51.515151515151516,0.5645161290322581,17.106549364613883
0.5394813190214336,27.906066980751746,0.53204345703125,0.4185791015625,-0.7232666015625,0.13629150390625,1.667741935483871,50.53763440860215,0.5741935483870968,17.399804496578692
0.5548857970279641,27.906066980751746,0.53204345703125,0.4185791015625,-0.7232666015625,0.13629150390625,1.667741935483871,50.53763440860215,0.5709677419354839,17.302052785923756
0.574814192019403,27.906066980751746,0.53204345703125,0.4185791015625,-0.7232666015625,0.13629150390625,1.6516129032258065,50.048875855327466,0.5709677419354839,17.302052785923756
0.6003410000121221,28.07524727482246,0.53338623046875,0.41632080078125,-0.7244873046875,0.1314697265625,1.667741935483871,50.53763440860215,0.5709677419354839,17.302052785923756
0.6150662250001915,28.07524727482246,0.53338623046875,0.41632080078125,-0.7244873046875,0.1314697265625,1.6935483870967742,51.31964809384164,0.561290322580645,17.00879765395894
0.6397420950233936,28.304838521025772,0.5338134765625,0.414794921875,-0.725830078125,0.127197265625,1.6548387096774193,50.146627565982406,0.567741935483871,17.20430107526882
0.654926470015198,28.304838521025772,0.5338134765625,0.414794921875,-0.725830078125,0.127197265625,1.6870967741935483,51.12414467253177,0.5967741935483871,18.084066471163247
0.6750683109858073,28.304838521025772,0.5338134765625,0.414794921875,-0.725830078125,0.127197265625,1.6774193548387097,50.83088954056696,0.5709677419354839,17.302052785923756
0.6989287000033073,28.67149780804334,0.5330810546875,0.41485595703125,-0.72698974609375,0.123291015625,1.6903225806451612,51.2218963831867,0.5774193548387097,17.49755620723363
0.7153777219937183,28.67149780804334,0.5330810546875,0.41485595703125,-0.72698974609375,0.123291015625,1.6774193548387097,50.83088954056696,0.5806451612903226,17.595307917888565
0.740071223990526,29.20855823995751,0.5308837890625,0.41748046875,-0.7276611328125,0.12005615234375,1.6709677419354838,50.635386119257085,0.5709677419354839,17.302052785923756
0.7553756349952891,29.20855823995751,0.5308837890625,0.41748046875,-0.7276611328125,0.12005615234375,1.667741935483871,50.53763440860215,0.5741935483870968,17.399804496578692
0.7759936830261722,29.20855823995751,0.5308837890625,0.41748046875,-0.7276611328125,0.12005615234375,1.6709677419354838,50.635386119257085,0.5709677419354839,17.302052785923756
0.7999627150129527,30.014109089474694,0.52691650390625,0.42242431640625,-0.72821044921875,0.1165771484375,1.6806451612903226,50.9286412512219,0.5580645161290322,16.911045943304007
0.8154115470242687,30.014109089474694,0.52691650390625,0.42242431640625,-0.72821044921875,0.1165771484375,1.664516129032258,50.43988269794721,0.5451612903225805,16.520039100684258
0.8405749829835258,30.98775877756787,0.52239990234375,0.42919921875,-0.7281494140625,0.1124267578125,1.6580645161290322,50.24437927663734,0.5258064516129032,15.933528836754643
0.8560306950239465,30.98775877756787,0.52239990234375,0.42919921875,-0.7281494140625,0.1124267578125,1.6516129032258065,50.048875855327466,0.4451612903225806,13.48973607038123
0.8759328810265288,30.98775877756787,0.52239990234375,0.42919921875,-0.7281494140625,0.1124267578125,1.6483870967741936,49.95112414467254,0.14516129032258066,4.398826979472141
0.9010360920219682,32.194855138986064,0.5172119140625,0.43701171875,-0.72808837890625,0.10650634765625,1.62258064516129,49.169110459433035,0.0,0.0
0.9149060259805992,32.194855138986064,0.5172119140625,0.43701171875,-0.72808837890625,0.10650634765625,1.6161290322580644,48.97360703812317,0.0,0.0
0.9465677129919641,33.63867270263937,0.5115966796875,0.44622802734375,-0.7275390625,0.0987548828125,1.62258064516129,49.169110459433035,0.0,0.0
0.9562671500025317,33.63867270263937,0.5115966796875,0.44622802734375,-0.7275390625,0.0987548828125,1.6096774193548384,48.77810361681329,0.0,0.0
0.9759508650167845,33.63867270263937,0.5115966796875,0.44622802734375,-0.7275390625,0.0987548828125,1.6129032258064515,48.87585532746823,0.0,0.0
1.0009120869799517,35.2566859975542,0.5054931640625,0.4559326171875,-0.72705078125,0.08941650390625,1.6096774193548384,48.77810361681329,0.0,0.0
1.0160099639906548,35.2566859975542,0.5054931640625,0.4559326171875,-0.72705078125,0.08941650390625,1.62258064516129,49.169110459433035,0.0,0.0
1.040655496995896,37.0498788626334,0.4986572265625,0.46649169921875,-0.726318359375,0.07904052734375,1.5999999999999999,48.484848484848484,0.0,0.0
1.05635547201382,37.0498788626334,0.4986572265625,0.46649169921875,-0.726318359375,0.07904052734375,1.6451612903225807,49.8533724340176,0.0,0.0
1.0762541060103104,37.0498788626334,0.4986572265625,0.46649169921875,-0.726318359375,0.07904052734375,1.6064516129032256,48.68035190615835,0.0,0.0
1.1065178610151634,38.922144646716625,0.491455078125,0.47607421875,-0.72613525390625,0.0675048828125,1.590322580645161,48.19159335288367,0.0,0.0
1.1163642780156806,38.922144646716625,0.491455078125,0.47607421875,-0.72613525390625,0.0675048828125,1.6032258064516127,48.58260019550342,0.0,0.0
1.1406362000270747,40.975495186799705,0.48388671875,0.4853515625,-0.7261962890625,0.05377197265625,1.6096774193548384,48.77810361681329,0.0064516129032258064,0.19550342130987292
1.1566100390045904,40.975495186799705,0.48388671875,0.4853515625,-0.7261962890625,0.05377197265625,1.596774193548387,48.38709677419355,0.0,0.0
1.1766314930282533,40.975495186799705,0.48388671875,0.4853515625,-0.7261962890625,0.05377197265625,1.593548387096774,48.289345063538605,0.0,0.0
1.2013816690305248,43.11398285826338,0.475830078125,0.49481201171875,-0.72607421875,0.0394287109375,1.5806451612903225,47.898338220918866,0.0,0.0
1.2166481909807771,43.11398285826338,0.475830078125,0.49481201171875,-0.72607421875,0.0394287109375,1.5774193548387094,47.800586510263926,0.0,0.0
1.2414095990243368,45.2377928112876,0.46771240234375,0.50433349609375,-0.7254638671875,0.02532958984375,1.558064516129032,47.21407624633431,0.0,0.0
1.2569208319764584,45.2377928112876,0.46771240234375,0.50433349609375,-0.7254638671875,0.02532958984375,1.5677419354838709,47.507331378299114,0.0,0.0
1.2768245859770104,45.2377928112876,0.46771240234375,0.50433349609375,-0.7254638671875,0.02532958984375,1.5741935483870966,47.702834799608986,0.0,0.0
1.3018321780255064,47.346317304651706,0.4595947265625,0.51385498046875,-0.72430419921875,0.011474609375,1.5677419354838709,47.507331378299114,0.0,0.0
1.3181420280016027,47.346317304651706,0.4595947265625,0.51385498046875,-0.72430419921875,0.011474609375,1.5451612903225804,46.82306940371456,0.0,0.0
1.3420984200201929,49.53507258328412,-0.45123291015625,-0.5230712890625,0.72308349609375,0.00341796875,1.5548387096774192,47.11632453567937,0.0,0.0
1.3571449990267865,49.53507258328412,-0.45123291015625,-0.5230712890625,0.72308349609375,0.00341796875,1.558064516129032,47.21407624633431,0.0,0.0
1.377142867015209,49.53507258328412,-0.45123291015625,-0.5230712890625,0.72308349609375,0.00341796875,1.5451612903225804,46.82306940371456,0.0,0.0
1.4022835200303234,51.79234780682147,-0.4425048828125,-0.53155517578125,0.7220458984375,0.019287109375,1.5354838709677419,46.52981427174975,0.0,0.0
1.4176032909890637,51.79234780682147,-0.4425048828125,-0.53155517578125,0.7220458984375,0.019287109375,1.5,45.45454545454546,0.0,0.0
1.442145716981031,54.14014857459865,-0.4332275390625,-0.539794921875,0.72088623046875,0.03594970703125,1.5161290322580645,45.94330400782014,0.0,0.0
1.4577393850195222,54.14014857459865,-0.4332275390625,-0.539794921875,0.72088623046875,0.03594970703125,1.496774193548387,45.35679374389051,0.0,0.0
1.4778145360178314,54.14014857459865,-0.4332275390625,-0.539794921875,0.72088623046875,0.03594970703125,1.4870967741935484,45.06353861192571,0.0,0.0
1.5032215639948845,56.50029700174518,-0.42364501953125,-0.5491943359375,0.718505859375,0.0517578125,1.496774193548387,45.35679374389051,0.0,0.0
1.517511255980935,56.50029700174518,-0.42364501953125,-0.5491943359375,0.718505859375,0.0517578125,1.4903225806451612,45.16129032258064,0.0,0.0
1.5428723630029708,58.66343466724075,-0.41436767578125,-0.5574951171875,0.71630859375,0.06597900390625,1.4419354838709677,43.6950146627566,0.0,0.0
1.55807673902018,58.66343466724075,-0.41436767578125,-0.5574951171875,0.71630859375,0.06597900390625,1.432258064516129,43.401759530791786,0.0,0.0
1.5799629539833404,58.66343466724075,-0.41436767578125,-0.5574951171875,0.71630859375,0.06597900390625,1.4387096774193548,43.59726295210166,0.0,0.0
1.6027171640307643,60.77503286969274,-0.404296875,-0.56549072265625,0.71453857421875,0.07916259765625,1.461290322580645,44.28152492668622,0.016129032258064516,0.4887585532746823
1.6184114110074006,60.77503286969274,-0.404296875,-0.56549072265625,0.71453857421875,0.07916259765625,1.4774193548387096,44.770283479960895,0.0,0.0
1.6426546910079196,62.769633529450374,-0.39410400390625,-0.57275390625,0.71295166015625,0.09112548828125,1.467741935483871,44.4770283479961,0.0,0.0
1.6578391949879006,62.769633529450374,-0.39410400390625,-0.57275390625,0.71295166015625,0.09112548828125,1.4741935483870967,44.67253176930596,0.0,0.0
1.6789065360208042,62.769633529450374,-0.39410400390625,-0.57275390625,0.71295166015625,0.09112548828125,1.4516129032258065,43.98826979472141,0.0,0.0
1.702774828998372,64.64166855988648,-0.384033203125,-0.57989501953125,0.71124267578125,0.10174560546875,1.4709677419354839,44.57478005865102,0.0,0.0
1.7184098419966176,64.64166855988648,-0.384033203125,-0.57989501953125,0.71124267578125,0.10174560546875,1.4419354838709677,43.6950146627566,0.0,0.0
1.7425614399835467,66.45930529974557,-0.3731689453125,-0.58551025390625,0.71087646484375,0.11199951171875,1.5096774193548386,45.74780058651026,0.0,0.0
1.7582405179855414,66.45930529974557,-0.3731689453125,-0.58551025390625,0.71087646484375,0.11199951171875,1.5387096774193547,46.62756598240469,0.0,0.0
1.7782770119956695,66.45930529974557,-0.3731689453125,-0.58551025390625,0.71087646484375,0.11199951171875,1.5,45.45454545454546,0.0,0.0
1.802874832006637,68.38451785773151,-0.36175537109375,-0.591552734375,0.7099609375,0.122802734375,1.5064516129032257,45.650048875855326,0.0,0.0
1.8186862340080552,68.38451785773151,-0.36175537109375,-0.591552734375,0.7099609375,0.122802734375,1.496774193548387,45.35679374389051,0.0,0.0
1.8427076520165429,70.24768640071169,-0.3509521484375,-0.59906005859375,0.70745849609375,0.13238525390625,1.493548387096774,45.25904203323558,0.0,0.0
1.859178499027621,70.24768640071169,-0.3509521484375,-0.59906005859375,0.70745849609375,0.13238525390625,1.4838709677419355,44.965786901270775,0.0,0.0
1.8785840289783664,70.24768640071169,-0.3509521484375,-0.59906005859375,0.70745849609375,0.13238525390625,1.5064516129032257,45.650048875855326,0.0,0.0
1.9031471909838729,71.8856034011343,-0.34185791015625,-0.607421875,0.70330810546875,0.139892578125,1.4709677419354839,44.57478005865102,0.0,0.0
1.9189922270015813,71.8856034011343,-0.34185791015625,-0.607421875,0.70330810546875,0.139892578125,1.4580645161290322,44.18377321603128,0.0,0.0
1.9427024670294486,73.41502254826565,-0.3333740234375,-0.6148681640625,0.69940185546875,0.1470947265625,1.2580645161290323,38.12316715542522,0.0,0.0
1.9587781659793109,73.41502254826565,-0.3333740234375,-0.6148681640625,0.69940185546875,0.1470947265625,1.461290322580645,44.28152492668622,0.0,0.0
1.978906565986108,73.41502254826565,-0.3333740234375,-0.6148681640625,0.69940185546875,0.1470947265625,1.464516129032258,44.37927663734115,0.0,0.0
2.003408575023059,75.0571956964937,-0.3233642578125,-0.62054443359375,0.697265625,0.15557861328125,1.464516129032258,44.37927663734115,0.0,0.0
2.0187146500102244,75.0571956964937,-0.3233642578125,-0.62054443359375,0.697265625,0.15557861328125,1.4419354838709677,43.6950146627566,0.0,0.0
2.0439384080236778,76.805972338594,-0.3121337890625,-0.62548828125,0.69586181640625,0.164794921875,1.429032258064516,43.30400782013685,0.0,0.0
2.059071006020531,76.805972338594,-0.3121337890625,-0.62548828125,0.69586181640625,0.164794921875,1.3838709677419354,41.935483870967744,0.0,0.0
2.0792181590222754,76.805972338594,-0.3121337890625,-0.62548828125,0.69586181640625,0.164794921875,1.4838709677419355,44.965786901270775,0.0,0.0
2.103188822977245,78.44310336678416,-0.30108642578125,-0.6304931640625,0.69427490234375,0.17266845703125,1.4193548387096775,43.01075268817205,0.009677419354838708,0.29325513196480935
2.1195814280072227,78.44310336678416,-0.30108642578125,-0.6304931640625,0.69427490234375,0.17266845703125,1.5096774193548386,45.74780058651026,0.009677419354838708,0.29325513196480935
2.1434686330030672,79.98018792737007,-0.290283203125,-0.63592529296875,0.6922607421875,0.17919921875,1.496774193548387,45.35679374389051,0.0,0.0
2.1594402969931252,79.98018792737007,-0.290283203125,-0.63592529296875,0.6922607421875,0.17919921875,1.5225806451612902,46.138807429130004,0.0,0.0
2.1796107470290735,79.98018792737007,-0.290283203125,-0.63592529296875,0.6922607421875,0.17919921875,1.5,45.45454545454546,0.0,0.0
2.2036135719972663,81.65951841222855,-0.27880859375,-0.64117431640625,0.6900634765625,0.18695068359375,1.4774193548387096,44.770283479960895,0.0,0.0
2.2226583550218493,81.65951841222855,-0.27880859375,-0.64117431640625,0.6900634765625,0.18695068359375,1.467741935483871,44.4770283479961,0.0,0.0
2.242881958023645,83.41975760882869,-0.2672119140625,-0.64617919921875,0.6876220703125,0.1956787109375,1.461290322580645,44.28152492668622,0.0,0.0
2.2597388330032118,83.41975760882869,-0.2672119140625,-0.64617919921875,0.6876220703125,0.1956787109375,1.5064516129032257,45.650048875855326,0.0,0.0
2.2797567669767886,83.41975760882869,-0.2672119140625,-0.64617919921875,0.6876220703125,0.1956787109375,1.5064516129032257,45.650048875855326,0.012903225806451613,0.39100684261974583
2.3038162650191225,85.12048373386055,-0.256103515625,-0.6507568359375,0.68499755859375,0.2042236328125,1.5387096774193547,46.62756598240469,0.0,0.0
2.3199868469964713,85.12048373386055,-0.256103515625,-0.6507568359375,0.68499755859375,0.2042236328125,1.5161290322580645,45.94330400782014,0.0032258064516129032,0.09775171065493646
2.344189550029114,86.66198809941733,-0.24603271484375,-0.65509033203125,0.6822509765625,0.2117919921875,1.5451612903225804,46.82306940371456,0.0,0.0
2.360015481011942,86.66198809941733,-0.24603271484375,-0.65509033203125,0.6822509765625,0.2117919921875,1.558064516129032,47.21407624633431,0.0,0.0
2.380128488992341,86.66198809941733,-0.24603271484375,-0.65509033203125,0.6822509765625,0.2117919921875,1.5387096774193547,46.62756598240469,0.0,0.0
2.40550572500797,88.00261249568327,-0.23675537109375,-0.65875244140625,0.6800537109375,0.21795654296875,1.5838709677419354,47.9960899315738,0.0,0.0
2.4201767399790697,88.00261249568327,-0.23675537109375,-0.65875244140625,0.6800537109375,0.21795654296875,1.564516129032258,47.40957966764419,0.0,0.0
2.4441708929953165,89.27875395673814,-0.22784423828125,-0.662353515625,0.677734375,0.2236328125,1.5225806451612902,46.138807429130004,0.0,0.0
2.4609243409940973,89.27875395673814,-0.22784423828125,-0.662353515625,0.677734375,0.2236328125,1.5161290322580645,45.94330400782014,0.0,0.0
2.480433778022416,89.27875395673814,-0.22784423828125,-0.662353515625,0.677734375,0.2236328125,1.5225806451612902,46.138807429130004,0.0,0.0
2.5047088360297494,90.57461509109264,-0.21917724609375,-0.66650390625,0.67462158203125,0.2293701171875,1.5225806451612902,46.138807429130004,0.0,0.0
2.5203699939884245,90.57461509109264,-0.21917724609375,-0.66650390625,0.67462158203125,0.2293701171875,1.4903225806451612,45.16129032258064,0.0,0.0
2.5445143589749932,91.90091074543284,-0.21038818359375,-0.67047119140625,0.67138671875,0.23541259765625,1.467741935483871,44.4770283479961,0.0,0.0
2.5608458740171045,91.90091074543284,-0.21038818359375,-0.67047119140625,0.67138671875,0.23541259765625,1.4870967741935484,45.06353861192571,0.0,0.0
2.581171752011869,91.90091074543284,-0.21038818359375,-0.67047119140625,0.67138671875,0.23541259765625,1.5774193548387094,47.800586510263926,0.0,0.0
2.6046776340226643,93.27980617248792,-0.20147705078125,-0.6749267578125,0.66748046875,0.24163818359375,1.590322580645161,48.19159335288367,0.0,0.0
2.620638801017776,93.27980617248792,-0.20147705078125,-0.6749267578125,0.66748046875,0.24163818359375,1.596774193548387,48.38709677419355,0.0032258064516129032,0.09775171065493646
2.646379343990702,94.47660119683206,-0.19378662109375,-0.6785888671875,0.66400146484375,0.24713134765625,1.5999999999999999,48.484848484848484,0.0,0.0
2.661271773977205,94.47660119683206,-0.19378662109375,-0.6785888671875,0.66400146484375,0.24713134765625,1.5838709677419354,47.9960899315738,0.0,0.0
2.6812531300238334,94.47660119683206,-0.19378662109375,-0.6785888671875,0.66400146484375,0.24713134765625,1.5999999999999999,48.484848484848484,0.0064516129032258064,0.19550342130987292
2.705045165028423,95.50746946191005,-0.187744140625,-0.681396484375,0.66082763671875,0.25250244140625,1.6032258064516127,48.58260019550342,0.0,0.0
2.721165409020614,95.50746946191005,-0.187744140625,-0.681396484375,0.66082763671875,0.25250244140625,1.6161290322580644,48.97360703812317,0.0,0.0
2.744601048005279,96.25848037895187,-0.18316650390625,-0.68359375,0.658447265625,0.25616455078125,1.6032258064516127,48.58260019550342,0.0,0.0
2.762045876996126,96.25848037895187,-0.18316650390625,-0.68359375,0.658447265625,0.25616455078125,1.6290322580645162,49.36461388074292,0.0032258064516129032,0.09775171065493646
2.781283306016121,96.25848037895187,-0.18316650390625,-0.68359375,0.658447265625,0.25616455078125,1.6483870967741936,49.95112414467254,0.0,0.0
2.804690017015673,96.65272215987721,-0.18017578125,-0.6846923828125,0.65753173828125,0.25762939453125,1.6612903225806452,50.34213098729228,0.0,0.0
2.82130854902789,96.65272215987721,-0.18017578125,-0.6846923828125,0.65753173828125,0.25762939453125,1.6516129032258065,50.048875855327466,0.0,0.0
2.8458040929981507,96.72506475781934,-0.17962646484375,-0.68463134765625,0.6575927734375,0.258056640625,1.6516129032258065,50.048875855327466,0.0,0.0
2.861557604977861,96.72506475781934,-0.17962646484375,-0.68463134765625,0.6575927734375,0.258056640625,1.6612903225806452,50.34213098729228,0.0,0.0
2.8819734069984406,96.72506475781934,-0.17962646484375,-0.68463134765625,0.6575927734375,0.258056640625,1.6483870967741936,49.95112414467254,0.0,0.0
2.9050358830136247,96.47384403186277,-0.18109130859375,-0.68341064453125,0.65887451171875,0.257080078125,1.6419354838709677,49.75562072336266,0.0,0.0
2.9215820920071565,96.47384403186277,-0.18109130859375,-0.68341064453125,0.65887451171875,0.257080078125,1.596774193548387,48.38709677419355,0.0,0.0
2.945958625001367,96.01882377356696,-0.18438720703125,-0.68121337890625,0.66070556640625,0.25579833984375,1.5870967741935482,48.09384164222873,0.0,0.0
2.961907280026935,96.01882377356696,-0.18438720703125,-0.68121337890625,0.66070556640625,0.25579833984375,1.5999999999999999,48.484848484848484,0.0,0.0
2.9821252829860896,96.01882377356696,-0.18438720703125,-0.68121337890625,0.66070556640625,0.25579833984375,1.596774193548387,48.38709677419355,0.0,0.0
3.005248368019238,95.42025894243416,-0.18963623046875,-0.6785888671875,0.662353515625,0.25469970703125,1.5483870967741935,46.9208211143695,0.0,0.0
3.0220077370177023,95.42025894243416,-0.18963623046875,-0.6785888671875,0.662353515625,0.25469970703125,1.525806451612903,46.236559139784944,0.0,0.0
3.046534834022168,94.76489825076794,-0.19744873046875,-0.67633056640625,0.66229248046875,0.2547607421875,1.5225806451612902,46.138807429130004,0.0,0.0
3.062095444998704,94.76489825076794,-0.19744873046875,-0.67633056640625,0.66229248046875,0.2547607421875,1.5096774193548386,45.74780058651026,0.0,0.0
3.082021182985045,94.76489825076794,-0.19744873046875,-0.67633056640625,0.66229248046875,0.2547607421875,1.5129032258064514,45.8455522971652,0.0,0.0
3.1068399689975195,94.12309487609264,-0.2061767578125,-0.6751708984375,0.66070556640625,0.2550048828125,1.5193548387096774,46.04105571847507,0.0,0.0
3.123042648017872,94.12309487609264,-0.2061767578125,-0.6751708984375,0.66070556640625,0.2550048828125,1.496774193548387,45.35679374389051,0.0,0.0
3.146616915008053,93.4820090773386,-0.2166748046875,-0.675048828125,0.65716552734375,0.25592041015625,1.5225806451612902,46.138807429130004,0.0,0.0
3.1618358200066723,93.4820090773386,-0.2166748046875,-0.675048828125,0.65716552734375,0.25592041015625,1.5096774193548386,45.74780058651026,0.009677419354838708,0.29325513196480935
3.182394794013817,93.4820090773386,-0.2166748046875,-0.675048828125,0.65716552734375,0.25592041015625,1.5096774193548386,45.74780058651026,0.0,0.0
3.2073993459925987,92.85191232953711,-0.2303466796875,-0.67474365234375,0.6514892578125,0.25927734375,1.493548387096774,45.25904203323558,0.0,0.0
3.2229721170151606,92.85191232953711,-0.2303466796875,-0.67474365234375,0.6514892578125,0.25927734375,1.532258064516129,46.432062561094824,0.0,0.0
3.246966845006682,92.3449847145107,-0.2470703125,-0.6741943359375,0.6431884765625,0.26605224609375,1.525806451612903,46.236559139784944,0.0032258064516129032,0.09775171065493646
3.262505439983215,92.3449847145107,-0.2470703125,-0.6741943359375,0.6431884765625,0.26605224609375,1.5161290322580645,45.94330400782014,0.0,0.0
3.282625071995426,92.3449847145107,-0.2470703125,-0.6741943359375,0.6431884765625,0.26605224609375,1.5193548387096774,46.04105571847507,0.0,0.0
3.3081882650149055,91.83158810477109,-0.2623291015625,-0.67218017578125,0.6365966796875,0.272216796875,1.5096774193548386,45.74780058651026,0.0,0.0
3.322693419002462,91.83158810477109,-0.2623291015625,-0.67218017578125,0.6365966796875,0.272216796875,1.5225806451612902,46.138807429130004,0.0,0.0
3.34723302902421,91.4463121088055,-0.27496337890625,-0.6705322265625,0.6307373046875,0.2774658203125,1.5193548387096774,46.04105571847507,0.0,0.0
3.3627238780027255,91.4463121088055,-0.27496337890625,-0.6705322265625,0.6307373046875,0.2774658203125,1.493548387096774,45.25904203323558,0.0,0.0
3.3830037389998324,91.4463121088055,-0.27496337890625,-0.6705322265625,0.6307373046875,0.2774658203125,1.496774193548387,45.35679374389051,0.0,0.0
3.4131428180262446,90.98175881431318,-0.2867431640625,-0.66705322265625,0.626953125,0.2823486328125,1.5096774193548386,45.74780058651026,0.0,0.0
3.4231974339927547,90.98175881431318,-0.2867431640625,-0.66705322265625,0.626953125,0.2823486328125,1.5193548387096774,46.04105571847507,0.0,0.0
3.447518701024819,90.59795080045686,-0.29779052734375,-0.662841796875,0.62371826171875,0.2880859375,1.5451612903225804,46.82306940371456,0.0,0.0
3.463365336996503,90.59795080045686,-0.29779052734375,-0.662841796875,0.62371826171875,0.2880859375,1.4806451612903224,44.868035190615835,0.0,0.0
3.484141917026136,90.59795080045686,-0.29779052734375,-0.662841796875,0.62371826171875,0.2880859375,1.464516129032258,44.37927663734115,0.0,0.0
3.5077252089977264,90.43079348137472,-0.308349609375,-0.65948486328125,0.61883544921875,0.2950439453125,1.4903225806451612,45.16129032258064,0.0,0.0
3.5236130299745128,90.43079348137472,-0.308349609375,-0.65948486328125,0.61883544921875,0.2950439453125,1.5451612903225804,46.82306940371456,0.0,0.0
3.547846998029854,90.32575951668281,-0.32049560546875,-0.65704345703125,0.61151123046875,0.3026123046875,1.496774193548387,45.35679374389051,0.0,0.0
3.563567069999408,90.32575951668281,-0.32049560546875,-0.65704345703125,0.61151123046875,0.3026123046875,1.5032258064516129,45.552297165200386,0.019354838709677417,0.5865102639296187
3.583364996011369,90.32575951668281,-0.32049560546875,-0.65704345703125,0.61151123046875,0.3026123046875,1.4838709677419355,44.965786901270775,0.0,0.0
3.607843164005317,90.17649151348907,-0.3304443359375,-0.654052734375,0.60638427734375,0.3087158203125,1.4419354838709677,43.6950146627566,0.0,0.0
3.623738537018653,90.17649151348907,-0.3304443359375,-0.654052734375,0.60638427734375,0.3087158203125,1.4741935483870967,44.67253176930596,0.0,0.0
3.6479754489846528,90.1287560044131,-0.3409423828125,-0.65081787109375,0.6002197265625,0.316162109375,1.4580645161290322,44.18377321603128,0.0,0.0
3.6640947979758494,90.1287560044131,-0.3409423828125,-0.65081787109375,0.6002197265625,0.316162109375,1.435483870967742,43.49951124144673,0.0,0.0
3.6834409019793384,90.1287560044131,-0.3409423828125,-0.65081787109375,0.6002197265625,0.316162109375,1.4451612903225806,43.79276637341153,0.0,0.0
3.7079833280295134,90.05820688211898,-0.35205078125,-0.646728515625,0.59393310546875,0.3240966796875,1.4709677419354839,44.57478005865102,0.0,0.0
3.7237980579957366,90.05820688211898,-0.35205078125,-0.646728515625,0.59393310546875,0.3240966796875,1.5193548387096774,46.04105571847507,0.0,0.0
3.748120733012911,89.91323436626358,-0.3623046875,-0.6417236328125,0.589111328125,0.3314208984375,1.496774193548387,45.35679374389051,0.0,0.0
3.7636436150060035,89.91323436626358,-0.3623046875,-0.6417236328125,0.589111328125,0.3314208984375,1.4774193548387096,44.770283479960895,0.0,0.0
3.7839652050170116,89.91323436626358,-0.3623046875,-0.6417236328125,0.589111328125,0.3314208984375,1.467741935483871,44.4770283479961,0.0,0.0
3.8081634279806167,89.77292720529508,-0.3721923828125,-0.63665771484375,0.5843505859375,0.3385009765625,1.4709677419354839,44.57478005865102,0.0,0.0
3.8241273480234668,89.77292720529508,-0.3721923828125,-0.63665771484375,0.5843505859375,0.3385009765625,1.4741935483870967,44.67253176930596,0.0,0.0
3.849089402006939,89.55161997139298,-0.384033203125,-0.6307373046875,0.57867431640625,0.34613037109375,1.467741935483871,44.4770283479961,0.0,0.0
3.8639777679927647,89.55161997139298,-0.384033203125,-0.6307373046875,0.57867431640625,0.34613037109375,1.4483870967741934,43.89051808406647,0.0,0.0
3.8841005049762316,89.55161997139298,-0.384033203125,-0.6307373046875,0.57867431640625,0.34613037109375,1.4419354838709677,43.6950146627566,0.0,0.0
3.9084516600123607,89.30983410221965,-0.39642333984375,-0.624755859375,0.57232666015625,0.353515625,1.3935483870967742,42.22873900293255,0.0,0.0
3.926442137977574,89.30983410221965,-0.39642333984375,-0.624755859375,0.57232666015625,0.353515625,1.4064516129032258,42.619745845552295,0.0,0.0
3.9485344080021605,88.8710704272744,-0.40936279296875,-0.618408203125,0.56658935546875,0.359130859375,1.4548387096774194,44.086021505376344,0.0,0.0
3.9642342230072245,88.8710704272744,-0.40936279296875,-0.618408203125,0.56658935546875,0.359130859375,1.3774193548387097,41.73998044965787,0.0,0.0
3.9842545880237594,88.8710704272744,-0.40936279296875,-0.618408203125,0.56658935546875,0.359130859375,1.3935483870967742,42.22873900293255,0.0,0.0
4.009460682980716,88.43875682351344,-0.42218017578125,-0.61285400390625,0.56024169921875,0.36370849609375,1.3806451612903226,41.837732160312804,0.0,0.0
4.025152881979011,88.43875682351344,-0.42218017578125,-0.61285400390625,0.56024169921875,0.36370849609375,1.3677419354838707,41.44672531769305,0.0,0.0
4.048904723022133,88.1418637028383,-0.431884765625,-0.60675048828125,0.55596923828125,0.3690185546875,1.3451612903225805,40.7624633431085,0.0,0.0
4.064589049026836,88.1418637028383,-0.431884765625,-0.60675048828125,0.55596923828125,0.3690185546875,1.2806451612903225,38.80742913000977,0.0,0.0
4.084952240984421,88.1418637028383,-0.431884765625,-0.60675048828125,0.55596923828125,0.3690185546875,1.2741935483870968,38.6119257086999,0.0,0.0
4.109777266974561,87.95406744428453,-0.44024658203125,-0.6004638671875,0.55218505859375,0.3751220703125,1.2774193548387096,38.70967741935484,0.0,0.0
4.124821062025148,87.95406744428453,-0.44024658203125,-0.6004638671875,0.55218505859375,0.3751220703125,1.2677419354838708,38.41642228739003,0.0,0.0
4.149663880991284,87.84105716156122,-0.44647216796875,-0.59552001953125,0.54913330078125,0.38006591796875,1.2483870967741935,37.82991202346041,0.0,0.0
4.164972932019737,87.84105716156122,-0.44647216796875,-0.59552001953125,0.54913330078125,0.38006591796875,1.2741935483870968,38.6119257086999,0.0,0.0
4.185058994975407,87.84105716156122,-0.44647216796875,-0.59552001953125,0.54913330078125,0.38006591796875,1.2806451612903225,38.80742913000977,0.0,0.0
4.210226016002707,87.67801965560967,-0.4512939453125,-0.5928955078125,0.54669189453125,0.3819580078125,1.264516129032258,38.318670576735094,0.0,0.0
4.225110157974996,87.67801965560967,-0.4512939453125,-0.5928955078125,0.54669189453125,0.3819580078125,1.2806451612903225,38.80742913000977,0.0,0.0
4.249793388007674,87.51964470200664,-0.45709228515625,-0.58984375,0.54345703125,0.38446044921875,1.2774193548387096,38.70967741935484,0.0032258064516129032,0.09775171065493646
4.265429201012012,87.51964470200664,-0.45709228515625,-0.58984375,0.54345703125,0.38446044921875,1.264516129032258,38.318670576735094,0.0,0.0
4.285352124017663,87.51964470200664,-0.45709228515625,-0.58984375,0.54345703125,0.38446044921875,1.2741935483870968,38.6119257086999,0.0,0.0
4.309850835998077,87.4331127743493,-0.462646484375,-0.58642578125,0.53997802734375,0.3878173828125,1.2838709677419353,38.90518084066471,0.0032258064516129032,0.09775171065493646
4.3254742010030895,87.4331127743493,-0.462646484375,-0.58642578125,0.53997802734375,0.3878173828125,1.2709677419354837,38.51417399804496,0.0,0.0
4.35011682100594,87.39028007512091,-0.46649169921875,-0.5836181640625,0.53765869140625,0.3907470703125,1.264516129032258,38.318670576735094,0.0,0.0
4.365517714992166,87.39028007512091,-0.46649169921875,-0.5836181640625,0.53765869140625,0.3907470703125,1.2580645161290323,38.12316715542522,0.0,0.0
4.386286487977486,87.39028007512091,-0.46649169921875,-0.5836181640625,0.53765869140625,0.3907470703125,1.2999999999999998,39.39393939393939,0.016129032258064516,0.4887585532746823
4.409786097006872,87.35397188015085,-0.47027587890625,-0.5806884765625,0.53533935546875,0.393798828125,1.2838709677419353,38.90518084066471,0.0,0.0
4.425727136025671,87.35397188015085,-0.47027587890625,-0.5806884765625,0.53533935546875,0.393798828125,1.261290322580645,38.220918866080154,0.0,0.0
4.449712424015161,87.1233925792553,-0.47552490234375,-0.5770263671875,0.53314208984375,0.3958740234375,1.293548387096774,39.19843597262952,0.0,0.0
4.466093764000107,87.1233925792553,-0.47552490234375,-0.5770263671875,0.53314208984375,0.3958740234375,1.2870967741935482,39.00293255131964,0.0,0.0
4.486867881030776,87.1233925792553,-0.47552490234375,-0.5770263671875,0.53314208984375,0.3958740234375,1.2387096774193547,37.536656891495596,0.0,0.0
4.521049741015304,86.7593181483541,-0.480224609375,-0.57293701171875,0.532470703125,0.39697265625,1.261290322580645,38.220918866080154,0.0,0.0
4.534013984026387,86.7593181483541,-0.480224609375,-0.57293701171875,0.532470703125,0.39697265625,1.2741935483870968,38.6119257086999,0.0,0.0
4.550014480017126,86.54225269007696,-0.483642578125,-0.5692138671875,0.5318603515625,0.39892578125,1.232258064516129,37.34115347018573,0.0,0.0
4.567049121018499,86.54225269007696,-0.483642578125,-0.5692138671875,0.5318603515625,0.39892578125,1.229032258064516,37.24340175953079,0.0,0.0
4.586562365991995,86.54225269007696,-0.483642578125,-0.5692138671875,0.5318603515625,0.39892578125,1.2709677419354837,38.51417399804496,0.0,0.0
4.610240668989718,86.46667562623146,-0.48663330078125,-0.56591796875,0.53057861328125,0.40179443359375,1.2451612903225806,37.732160312805476,0.0,0.0
4.626287695020437,86.46667562623146,-0.48663330078125,-0.56591796875,0.53057861328125,0.40179443359375,1.2354838709677418,37.43890518084066,0.0,0.0
4.650362330023199,86.40901261712143,-0.489501953125,-0.5623779296875,0.52923583984375,0.40496826171875,1.2354838709677418,37.43890518084066,0.0,0.0
4.6666340350057,86.40901261712143,-0.489501953125,-0.5623779296875,0.52923583984375,0.40496826171875,1.261290322580645,38.220918866080154,0.0,0.0
4.686900103988592,86.40901261712143,-0.489501953125,-0.5623779296875,0.52923583984375,0.40496826171875,1.2161290322580645,36.852394916911045,0.0,0.0
4.710553670010995,86.34430553747015,-0.49188232421875,-0.558837890625,0.5284423828125,0.4080810546875,1.2354838709677418,37.43890518084066,0.0,0.0
4.72661109600449,86.34430553747015,-0.49188232421875,-0.558837890625,0.5284423828125,0.4080810546875,1.2548387096774192,38.025415444770275,0.0,0.0
4.75134005502332,86.34312321575008,-0.4937744140625,-0.555419921875,0.52752685546875,0.41156005859375,1.2387096774193547,37.536656891495596,0.0,0.0
4.7669207630096935,86.34312321575008,-0.4937744140625,-0.555419921875,0.52752685546875,0.41156005859375,1.2838709677419353,38.90518084066471,0.0,0.0
4.786915815027896,86.34312321575008,-0.4937744140625,-0.555419921875,0.52752685546875,0.41156005859375,1.264516129032258,38.318670576735094,0.0,0.0
4.810776012018323,86.24970627456504,-0.49609375,-0.55133056640625,0.52703857421875,0.4149169921875,1.2806451612903225,38.80742913000977,0.0032258064516129032,0.09775171065493646
4.8270616690278985,86.24970627456504,-0.49609375,-0.55133056640625,0.52703857421875,0.4149169921875,1.2806451612903225,38.80742913000977,0.0,0.0
4.85114327998599,86.0033042143802,-0.499267578125,-0.5472412109375,0.52679443359375,0.41693115234375,1.2580645161290323,38.12316715542522,0.0,0.0
4.866992731986102,86.0033042143802,-0.499267578125,-0.5472412109375,0.52679443359375,0.41693115234375,1.2483870967741935,37.82991202346041,0.0,0.0
4.887250129017048,86.0033042143802,-0.499267578125,-0.5472412109375,0.52679443359375,0.41693115234375,1.2774193548387096,38.70967741935484,0.0,0.0
4.911543619004078,85.65221247116787,-0.503173828125,-0.543212890625,0.52642822265625,0.4178466796875,1.2354838709677418,37.43890518084066,0.0,0.0
4.927678551001009,85.65221247116787,-0.503173828125,-0.543212890625,0.52642822265625,0.4178466796875,1.2258064516129032,37.14565004887586,0.0,0.0
4.951228466001339,85.33564724237951,-0.5067138671875,-0.53936767578125,0.52618408203125,0.4189453125,1.2516129032258063,37.92766373411535,0.0,0.0
4.967308804974891,85.33564724237951,-0.5067138671875,-0.53936767578125,0.52618408203125,0.4189453125,1.264516129032258,38.318670576735094,0.0,0.0
4.987643708009273,85.33564724237951,-0.5067138671875,-0.53936767578125,0.52618408203125,0.4189453125,1.2709677419354837,38.51417399804496,0.0,0.0
5.011553313990589,84.96174117222358,-0.5101318359375,-0.53533935546875,0.52642822265625,0.41961669921875,1.2774193548387096,38.70967741935484,0.0,0.0
5.0275809789891355,84.96174117222358,-0.5101318359375,-0.53533935546875,0.52642822265625,0.41961669921875,1.2870967741935482,39.00293255131964,0.0,0.0
5.051445720018819,84.5522489379555,-0.51324462890625,-0.53228759765625,0.5269775390625,0.4189453125,1.2741935483870968,38.6119257086999,0.0,0.0
5.067603564995807,84.5522489379555,-0.51324462890625,-0.53228759765625,0.5269775390625,0.4189453125,1.261290322580645,38.220918866080154,0.0,0.0
5.087787967000622,84.5522489379555,-0.51324462890625,-0.53228759765625,0.5269775390625,0.4189453125,1.264516129032258,38.318670576735094,0.0,0.0
5.112377402023412,84.18159700129388,-0.515869140625,-0.52911376953125,0.52777099609375,0.41876220703125,1.2709677419354837,38.51417399804496,0.0,0.0
5.127977758005727,84.18159700129388,-0.515869140625,-0.52911376953125,0.52777099609375,0.41876220703125,1.2548387096774192,38.025415444770275,0.0,0.0
5.151773217017762,83.96140876214406,-0.517333984375,-0.526611328125,0.5284423828125,0.41925048828125,1.264516129032258,38.318670576735094,0.0,0.0
5.17082753602881,83.96140876214406,-0.517333984375,-0.526611328125,0.5284423828125,0.41925048828125,1.2709677419354837,38.51417399804496,0.0,0.0
5.188040070002899,83.96140876214406,-0.517333984375,-0.526611328125,0.5284423828125,0.41925048828125,1.296774193548387,39.29618768328446,0.0,0.0
5.212523709982634,83.7988943616784,-0.51922607421875,-0.52410888671875,0.52825927734375,0.4202880859375,1.2709677419354837,38.51417399804496,0.0,0.0
5.227950652013533,83.7988943616784,-0.51922607421875,-0.52410888671875,0.52825927734375,0.4202880859375,1.2709677419354837,38.51417399804496,0.0,0.0
5.252131722983904,83.71488296804522,-0.52215576171875,-0.52264404296875,0.5262451171875,0.4210205078125,1.2677419354838708,38.41642228739003,0.0,0.0
5.268264990998432,83.71488296804522,-0.52215576171875,-0.52264404296875,0.5262451171875,0.4210205078125,1.3064516129032258,39.589442815249264,0.0,0.0
5.289031395979691,83.71488296804522,-0.52215576171875,-0.52264404296875,0.5262451171875,0.4210205078125,1.293548387096774,39.19843597262952,0.0,0.0
5.312404760974459,83.59142403837947,-0.52593994140625,-0.5208740234375,0.52374267578125,0.42169189453125,1.2870967741935482,39.00293255131964,0.0,0.0
5.328708435001317,83.59142403837947,-0.52593994140625,-0.5208740234375,0.52374267578125,0.42169189453125,1.296774193548387,39.29618768328446,0.0,0.0
5.352467700024135,83.56856218019406,-0.52838134765625,-0.51873779296875,0.5218505859375,0.423583984375,1.3225806451612903,40.07820136852395,0.0,0.0
5.36852080601966,83.56856218019406,-0.52838134765625,-0.51873779296875,0.5218505859375,0.423583984375,1.2999999999999998,39.39393939393939,0.0,0.0
5.388512307021301,83.56856218019406,-0.52838134765625,-0.51873779296875,0.5218505859375,0.423583984375,1.3096774193548386,39.687194525904204,0.0,0.0
5.413126637984533,83.61518821885791,-0.52923583984375,-0.516845703125,0.52093505859375,0.42584228515625,1.3129032258064515,39.784946236559136,0.0,0.0
5.428520268003922,83.61518821885791,-0.52923583984375,-0.516845703125,0.52093505859375,0.42584228515625,1.3096774193548386,39.687194525904204,0.0032258064516129032,0.09775171065493646
5.4526932740118355,83.631370443567,-0.530517578125,-0.5150146484375,0.5198974609375,0.4278564453125,1.3096774193548386,39.687194525904204,0.0,0.0
5.4697003299952485,83.631370443567,-0.530517578125,-0.5150146484375,0.5198974609375,0.4278564453125,1.3193548387096772,39.980449657869,0.0,0.0
5.489021537010558,83.631370443567,-0.530517578125,-0.5150146484375,0.5198974609375,0.4278564453125,1.2999999999999998,39.39393939393939,0.0032258064516129032,0.09775171065493646
5.513223248010036,83.60922515515857,-0.53204345703125,-0.51336669921875,0.51873779296875,0.42919921875,1.3419354838709676,40.66471163245357,0.0,0.0
5.529115932993591,83.60922515515857,-0.53204345703125,-0.51336669921875,0.51873779296875,0.42919921875,1.3419354838709676,40.66471163245357,0.0,0.0
5.55302886699792,83.54710110838819,-0.53338623046875,-0.5115966796875,0.5181884765625,0.430419921875,1.3129032258064515,39.784946236559136,0.0,0.0
5.569114422018174,83.54710110838819,-0.53338623046875,-0.5115966796875,0.5181884765625,0.430419921875,1.3387096774193548,40.56695992179863,0.0032258064516129032,0.09775171065493646
5.589306793001015,83.54710110838819,-0.53338623046875,-0.5115966796875,0.5181884765625,0.430419921875,1.3419354838709676,40.66471163245357,0.0,0.0
5.614406900014728,83.36642849589265,-0.53497314453125,-0.50958251953125,0.51824951171875,0.43072509765625,1.3419354838709676,40.66471163245357,0.0,0.0
5.6293875250266865,83.36642849589265,-0.53497314453125,-0.50958251953125,0.51824951171875,0.43072509765625,1.3322580645161288,40.371456500488755,0.0,0.0
5.662751312018372,83.19846504849139,-0.5372314453125,-0.5079345703125,0.51751708984375,0.4307861328125,1.3129032258064515,39.784946236559136,0.0,0.0
5.689985500997864,83.19846504849139,-0.5372314453125,-0.5079345703125,0.51751708984375,0.4307861328125,1.3129032258064515,39.784946236559136,0.0,0.0
5.695355075993575,83.03601344792114,-0.53839111328125,-0.50665283203125,0.51776123046875,0.4305419921875,1.3193548387096772,39.980449657869,0.0,0.0
5.710462743998505,83.03601344792114,-0.53839111328125,-0.50665283203125,0.51776123046875,0.4305419921875,1.3225806451612903,40.07820136852395,0.0,0.0
5.7305274630198255,83.03601344792114,-0.53839111328125,-0.50665283203125,0.51776123046875,0.4305419921875,1.3258064516129031,40.17595307917888,0.0,0.0
5.754108674998861,82.84942261900662,-0.5389404296875,-0.50543212890625,0.518798828125,0.4300537109375,1.3258064516129031,40.17595307917888,0.0,0.0
5.770714118028991,82.84942261900662,-0.5389404296875,-0.50543212890625,0.518798828125,0.4300537109375,1.3419354838709676,40.66471163245357,0.0032258064516129032,0.09775171065493646
5.790788437006995,82.84942261900662,-0.5389404296875,-0.50543212890625,0.518798828125,0.4300537109375,1.3419354838709676,40.66471163245357,0.0,0.0
5.814865503984038,83.02327620080315,-0.5372314453125,-0.506103515625,0.51910400390625,0.4310302734375,1.3483870967741933,40.86021505376344,0.0,0.0
5.830975732009392,83.02327620080315,-0.5372314453125,-0.506103515625,0.51910400390625,0.4310302734375,1.3516129032258062,40.957966764418366,0.0,0.0
5.854457548004575,83.31859859412937,-0.5347900390625,-0.50787353515625,0.51904296875,0.4320068359375,1.3516129032258062,40.957966764418366,0.0,0.0
5.87110584101174,83.31859859412937,-0.5347900390625,-0.50787353515625,0.51904296875,0.4320068359375,1.329032258064516,40.27370478983382,0.0,0.0
5.893970902019646,83.5320577110412,-0.53277587890625,-0.5098876953125,0.5191650390625,0.4320068359375,1.3419354838709676,40.66471163245357,0.0,0.0
5.911270094977226,83.5320577110412,-0.53277587890625,-0.5098876953125,0.5191650390625,0.4320068359375,1.3387096774193548,40.56695992179863,0.0064516129032258064,0.19550342130987292
5.931331198022235,83.5320577110412,-0.53277587890625,-0.5098876953125,0.5191650390625,0.4320068359375,1.329032258064516,40.27370478983382,0.0,0.0
5.955422280996572,83.65371450301573,-0.531005859375,-0.511962890625,0.51971435546875,0.43109130859375,1.3354838709677417,40.46920821114369,0.0,0.0
5.971480346983299,83.65371450301573,-0.531005859375,-0.511962890625,0.51971435546875,0.43109130859375,1.3419354838709676,40.66471163245357,0.0,0.0
5.9944293149746954,83.70262923771296,-0.529296875,-0.51434326171875,0.52069091796875,0.42919921875,1.3322580645161288,40.371456500488755,0.0,0.0
6.0126820739824325,83.70262923771296,-0.529296875,-0.51434326171875,0.52069091796875,0.42919921875,1.3387096774193548,40.56695992179863,0.0,0.0
6.031735273019876,83.70262923771296,-0.529296875,-0.51434326171875,0.52069091796875,0.42919921875,1.3096774193548386,39.687194525904204,0.0,0.0
6.05528512399178,83.77350208126958,-0.5267333984375,-0.517333984375,0.522216796875,0.4268798828125,1.296774193548387,39.29618768328446,0.0,0.0
6.071958184998948,83.77350208126958,-0.5267333984375,-0.517333984375,0.522216796875,0.4268798828125,1.2999999999999998,39.39393939393939,0.016129032258064516,0.4887585532746823
6.094353792024776,83.87671425896312,-0.52294921875,-0.52099609375,0.52459716796875,0.4241943359375,1.2903225806451613,39.100684261974585,0.0,0.0
6.112124582985416,83.87671425896312,-0.52294921875,-0.52099609375,0.52459716796875,0.4241943359375,1.2999999999999998,39.39393939393939,0.019354838709677417,0.5865102639296187
6.132180310029071,83.87671425896312,-0.52294921875,-0.52099609375,0.52459716796875,0.4241943359375,1.2838709677419353,38.90518084066471,0.0,0.0
6.1564049330190755,84.026932683308,-0.51812744140625,-0.52508544921875,0.5274658203125,0.42138671875,1.261290322580645,38.220918866080154,0.0,0.0
6.172370709013194,84.026932683308,-0.51812744140625,-0.52508544921875,0.5274658203125,0.42138671875,1.2580645161290323,38.12316715542522,0.0,0.0
6.1953530220198445,84.2637550354517,-0.5128173828125,-0.52996826171875,0.530029296875,0.4185791015625,1.2483870967741935,37.82991202346041,0.0,0.0
6.212535315018613,84.2637550354517,-0.5128173828125,-0.52996826171875,0.530029296875,0.4185791015625,1.2741935483870968,38.6119257086999,0.0,0.0
6.232615649991203,84.2637550354517,-0.5128173828125,-0.52996826171875,0.530029296875,0.4185791015625,1.3129032258064515,39.784946236559136,0.0,0.0
6.257453637022991,84.5479598275991,-0.5068359375,-0.5360107421875,0.53253173828125,0.4149169921875,1.3064516129032258,39.589442815249264,0.0,0.0
6.272750718984753,84.5479598275991,-0.5068359375,-0.5360107421875,0.53253173828125,0.4149169921875,1.3161290322580643,39.882697947214076,0.0,0.0
6.295900141005404,84.92179762916902,-0.4993896484375,-0.54290771484375,0.53558349609375,0.4111328125,1.3096774193548386,39.687194525904204,0.0,0.0
6.312924158002716,84.92179762916902,-0.4993896484375,-0.54290771484375,0.53558349609375,0.4111328125,1.3161290322580643,39.882697947214076,0.0,0.0
6.33304334199056,84.92179762916902,-0.4993896484375,-0.54290771484375,0.53558349609375,0.4111328125,1.3354838709677417,40.46920821114369,0.0,0.0
6.357145946007222,85.356047127768,-0.489990234375,-0.54931640625,0.5400390625,0.40802001953125,1.3580645161290321,41.153470185728246,0.0,0.0
6.373163978976663,85.356047127768,-0.489990234375,-0.54931640625,0.5400390625,0.40802001953125,1.3645161290322578,41.34897360703812,0.0,0.0
6.394739207986277,85.92480012554003,-0.47882080078125,-0.55548095703125,0.5452880859375,0.40606689453125,1.3741935483870966,41.64222873900293,0.0,0.0
6.41534986399347,85.92480012554003,-0.47882080078125,-0.55548095703125,0.5452880859375,0.40606689453125,1.3645161290322578,41.34897360703812,0.0,0.0
6.433407831995282,85.92480012554003,-0.47882080078125,-0.55548095703125,0.5452880859375,0.40606689453125,1.3870967741935485,42.033235581622684,0.0,0.0
6.457457409997005,86.60787782259743,-0.46722412109375,-0.5621337890625,0.54974365234375,0.404296875,1.403225806451613,42.52199413489737,0.0032258064516129032,0.09775171065493646
6.473571670008823,86.60787782259743,-0.46722412109375,-0.5621337890625,0.54974365234375,0.404296875,1.4161290322580644,42.91300097751711,0.0032258064516129032,0.09775171065493646
6.496667746978346,87.07686978868769,-0.4578857421875,-0.56951904296875,0.55316162109375,0.39996337890625,1.4161290322580644,42.91300097751711,0.0,0.0
6.513753237028141,87.07686978868769,-0.4578857421875,-0.56951904296875,0.55316162109375,0.39996337890625,1.4193548387096775,43.01075268817205,0.0,0.0
6.533792579022702,87.07686978868769,-0.4578857421875,-0.56951904296875,0.55316162109375,0.39996337890625,1.4225806451612903,43.10850439882698,0.0,0.0
6.558463616005611,87.37998009729267,-0.45025634765625,-0.57806396484375,0.55548095703125,0.39312744140625,1.429032258064516,43.30400782013685,0.0,0.0
6.574016130995005,87.37998009729267,-0.45025634765625,-0.57806396484375,0.55548095703125,0.39312744140625,1.4419354838709677,43.6950146627566,0.0,0.0
6.595858248998411,87.60432178789966,-0.442138671875,-0.58538818359375,0.5589599609375,0.386474609375,1.4806451612903224,44.868035190615835,0.0,0.0
6.614178145013284,87.60432178789966,-0.442138671875,-0.58538818359375,0.5589599609375,0.386474609375,1.5129032258064514,45.8455522971652,0.0,0.0
6.634242288011592,87.60432178789966,-0.442138671875,-0.58538818359375,0.5589599609375,0.386474609375,1.5,45.45454545454546,0.0,0.0
6.658210486988537,87.76122261559722,-0.43048095703125,-0.59197998046875,0.56634521484375,0.37884521484375,1.4806451612903224,44.868035190615835,0.0,0.0
6.67440020601498,87.76122261559722,-0.43048095703125,-0.59197998046875,0.56634521484375,0.37884521484375,1.4709677419354839,44.57478005865102,0.0,0.0
6.69824385701213,87.82852933423655,-0.41693115234375,-0.59869384765625,0.57568359375,0.3692626953125,1.5096774193548386,45.74780058651026,0.0,0.0
6.714517034008168,87.82852933423655,-0.41693115234375,-0.59869384765625,0.57568359375,0.3692626953125,1.5193548387096774,46.04105571847507,0.0,0.0
6.734738590021152,87.82852933423655,-0.41693115234375,-0.59869384765625,0.57568359375,0.3692626953125,1.5129032258064514,45.8455522971652,0.012903225806451613,0.39100684261974583
6.758194486028515,87.8085933591593,-0.40362548828125,-0.6043701171875,0.58538818359375,0.35931396484375,1.5225806451612902,46.138807429130004,0.0,0.0
6.774778808001429,87.8085933591593,-0.40362548828125,-0.6043701171875,0.58538818359375,0.35931396484375,1.5354838709677419,46.52981427174975,0.0032258064516129032,0.09775171065493646
6.798837570997421,87.94634054423307,-0.392578125,-0.6102294921875,0.59173583984375,0.351318359375,1.5838709677419354,47.9960899315738,0.0,0.0
6.815005624026526,87.94634054423307,-0.392578125,-0.6102294921875,0.59173583984375,0.351318359375,1.5741935483870966,47.702834799608986,0.0032258064516129032,0.09775171065493646
6.83506525499979,87.94634054423307,-0.392578125,-0.6102294921875,0.59173583984375,0.351318359375,1.5774193548387094,47.800586510263926,0.0,0.0
6.85847586899763,88.06540139467998,-0.38275146484375,-0.61614990234375,0.5966796875,0.34326171875,1.6096774193548384,48.77810361681329,0.0,0.0
6.875218564993702,88.06540139467998,-0.38275146484375,-0.61614990234375,0.5966796875,0.34326171875,1.590322580645161,48.19159335288367,0.0,0.0
6.897665533004329,88.1488461063718,-0.37127685546875,-0.6217041015625,0.603271484375,0.33428955078125,1.6161290322580644,48.97360703812317,0.0,0.0
6.915315681020729,88.1488461063718,-0.37127685546875,-0.6217041015625,0.603271484375,0.33428955078125,1.635483870967742,49.56011730205279,0.0,0.0
6.9354584499960765,88.1488461063718,-0.37127685546875,-0.6217041015625,0.603271484375,0.33428955078125,1.6096774193548384,48.77810361681329,0.0,0.0
6.959047020995058,88.1067496683875,-0.358642578125,-0.62579345703125,0.61199951171875,0.3243408203125,1.6258064516129032,49.266862170087975,0.0,0.0
6.975595407013316,88.1067496683875,-0.358642578125,-0.62579345703125,0.61199951171875,0.3243408203125,1.62258064516129,49.169110459433035,0.0,0.0
6.999053255014587,88.10829456067263,-0.34710693359375,-0.6285400390625,0.62005615234375,0.316162109375,1.6483870967741936,49.95112414467254,0.0,0.0
7.015764396986924,88.10829456067263,-0.34710693359375,-0.6285400390625,0.62005615234375,0.316162109375,1.6483870967741936,49.95112414467254,0.0,0.0
7.035853596986271,88.10829456067263,-0.34710693359375,-0.6285400390625,0.62005615234375,0.316162109375,1.6838709677419355,51.02639296187683,0.0,0.0
7.059050315991044,88.14803587904049,-0.3388671875,-0.63055419921875,0.62542724609375,0.31048583984375,1.6516129032258065,50.048875855327466,0.0,0.0
7.076027386996429,88.14803587904049,-0.3388671875,-0.63055419921875,0.62542724609375,0.31048583984375,1.6709677419354838,50.635386119257085,0.012903225806451613,0.39100684261974583
7.0995016189990565,88.01060652019811,-0.33453369140625,-0.63226318359375,0.628662109375,0.30517578125,1.6516129032258065,50.048875855327466,0.0,0.0
7.116207417973783,88.01060652019811,-0.33453369140625,-0.63226318359375,0.628662109375,0.30517578125,1.664516129032258,50.43988269794721,0.0064516129032258064,0.19550342130987292
7.136306440981571,88.01060652019811,-0.33453369140625,-0.63226318359375,0.628662109375,0.30517578125,1.6741935483870967,50.733137829912025,0.0,0.0
7.158654558996204,87.70118428995153,-0.33074951171875,-0.63360595703125,0.63250732421875,0.29852294921875,1.6903225806451612,51.2218963831867,0.0,0.0
7.176458791014738,87.70118428995153,-0.33074951171875,-0.63360595703125,0.63250732421875,0.29852294921875,1.7129032258064516,51.90615835777126,0.0,0.0
7.199630933988374,87.36281997410823,-0.32623291015625,-0.63433837890625,0.6373291015625,0.29150390625,1.7516129032258063,53.0791788856305,0.0,0.0
7.216627780988347,87.36281997410823,-0.32623291015625,-0.63433837890625,0.6373291015625,0.29150390625,1.7548387096774192,53.17693059628543,0.0,0.0
7.236706676019821,87.36281997410823,-0.32623291015625,-0.63433837890625,0.6373291015625,0.29150390625,1.7548387096774192,53.17693059628543,0.0,0.0
7.259659964998718,87.03909729548926,-0.3209228515625,-0.63525390625,0.64251708984375,0.283935546875,1.7838709677419353,54.05669599217986,0.0,0.0
7.276866674015764,87.03909729548926,-0.3209228515625,-0.63525390625,0.64251708984375,0.283935546875,1.8032258064516127,54.64320625610948,0.0,0.0
7.299597044009715,86.62768144575416,-0.31402587890625,-0.6356201171875,0.64959716796875,0.274658203125,1.8032258064516127,54.64320625610948,0.0032258064516129032,0.09775171065493646
7.31702660798328,86.62768144575416,-0.31402587890625,-0.6356201171875,0.64959716796875,0.274658203125,1.7999999999999998,54.54545454545454,0.2870967741935484,8.699902248289346
7.337102335004602,86.62768144575416,-0.31402587890625,-0.6356201171875,0.64959716796875,0.274658203125,1.7516129032258063,53.0791788856305,0.4096774193548387,12.41446725317693
7.359965028997976,86.253426440891,-0.30657958984375,-0.636474609375,0.6563720703125,0.26483154296875,1.8064516129032258,54.74095796676443,0.4612903225806451,13.978494623655912
7.377273437974509,86.253426440891,-0.30657958984375,-0.636474609375,0.6563720703125,0.26483154296875,1.7774193548387096,53.86119257086999,0.4838709677419355,14.66275659824047
7.400297607993707,85.80540326414766,-0.29864501953125,-0.63616943359375,0.66436767578125,0.25439453125,1.8193548387096772,55.13196480938416,0.5,15.151515151515152
7.417423482984304,85.80540326414766,-0.29864501953125,-0.63616943359375,0.66436767578125,0.25439453125,1.8806451612903226,56.98924731182796,0.49032258064516127,14.858260019550343
7.437492201977875,85.80540326414766,-0.29864501953125,-0.63616943359375,0.66436767578125,0.25439453125,1.9193548387096775,58.162267839687196,0.532258064516129,16.129032258064516
7.46087734401226,85.47137533717697,-0.29034423828125,-0.6353759765625,0.6722412109375,0.24505615234375,1.8580645161290321,56.304985337243394,0.5419354838709677,16.422287390029325
7.477679817005992,85.47137533717697,-0.29034423828125,-0.6353759765625,0.6722412109375,0.24505615234375,1.8645161290322578,56.50048875855327,0.529032258064516,16.031280547409576
7.500314278993756,85.07905234337659,-0.2828369140625,-0.634765625,0.6795654296875,0.2352294921875,1.8580645161290321,56.304985337243394,0.5258064516129032,15.933528836754643
7.517823238973506,85.07905234337659,-0.2828369140625,-0.634765625,0.6795654296875,0.2352294921875,1.896774193548387,57.478005865102645,0.5354838709677419,16.226783968719452
7.53792837401852,85.07905234337659,-0.2828369140625,-0.634765625,0.6795654296875,0.2352294921875,1.8516129032258062,56.10948191593352,0.5387096774193548,16.32453567937439
7.560516435012687,84.70331501543922,-0.27642822265625,-0.63519287109375,0.68505859375,0.2254638671875,1.8451612903225805,55.91397849462365,0.5548387096774193,16.81329423264907
7.57806209998671,84.70331501543922,-0.27642822265625,-0.63519287109375,0.68505859375,0.2254638671875,1.9064516129032258,57.77126099706745,0.5580645161290322,16.911045943304007
7.6001347519923,84.37525045668076,-0.27008056640625,-0.63555908203125,0.690185546875,0.2161865234375,1.932258064516129,58.55327468230694,0.5451612903225805,16.520039100684258
7.618217104987707,84.37525045668076,-0.27008056640625,-0.63555908203125,0.690185546875,0.2161865234375,1.9064516129032258,57.77126099706745,0.5774193548387097,17.49755620723363
7.638328992994502,84.37525045668076,-0.27008056640625,-0.63555908203125,0.690185546875,0.2161865234375,1.8806451612903226,56.98924731182796,0.5903225806451613,17.888563049853374
7.660501649021171,84.13867488678541,-0.2645263671875,-0.63616943359375,0.69415283203125,0.2083740234375,1.9064516129032258,57.77126099706745,0.6096774193548387,18.475073313782993
7.678473695006687,84.13867488678541,-0.2645263671875,-0.63616943359375,0.69415283203125,0.2083740234375,1.8806451612903226,56.98924731182796,0.6290322580645161,19.06158357771261
7.700418248015922,83.92317888411695,-0.259521484375,-0.63690185546875,0.697509765625,0.20111083984375,1.8935483870967742,57.380254154447705,0.6354838709677418,19.25708699902248
7.718644349020906,83.92317888411695,-0.259521484375,-0.63690185546875,0.697509765625,0.20111083984375,1.9161290322580644,58.06451612903226,0.6354838709677418,19.25708699902248
7.738742061017547,83.92317888411695,-0.259521484375,-0.63690185546875,0.697509765625,0.20111083984375,1.9,57.57575757575758,0.6387096774193548,19.35483870967742
7.760698678030167,83.75834247708778,-0.25482177734375,-0.63787841796875,0.70025634765625,0.19451904296875,1.903225806451613,57.67350928641252,0.6483870967741935,19.64809384164223
7.778919051983394,83.75834247708778,-0.25482177734375,-0.63787841796875,0.70025634765625,0.19451904296875,1.932258064516129,58.55327468230694,0.6612903225806451,20.039100684261975
7.800732336007059,83.60815942524562,-0.249755859375,-0.638671875,0.703125,0.18780517578125,1.9096774193548387,57.86901270772239,0.6580645161290322,19.941348973607038
7.819059561006725,83.60815942524562,-0.249755859375,-0.638671875,0.703125,0.18780517578125,1.9903225806451612,60.312805474095796,0.6677419354838708,20.234604105571844
7.8391478640260175,83.60815942524562,-0.249755859375,-0.638671875,0.703125,0.18780517578125,1.961290322580645,59.43304007820137,0.6580645161290322,19.941348973607038
7.860771447012667,83.4539890289466,-0.24517822265625,-0.6397705078125,0.70550537109375,0.1812744140625,1.961290322580645,59.43304007820137,0.6677419354838708,20.234604105571844
7.87930079002399,83.4539890289466,-0.24517822265625,-0.6397705078125,0.70550537109375,0.1812744140625,1.9419354838709677,58.846529814271754,0.6677419354838708,20.234604105571844
7.899395940999966,83.11896678197904,-0.24114990234375,-0.6400146484375,0.7086181640625,0.17340087890625,1.8677419354838707,56.59824046920821,0.6677419354838708,20.234604105571844
7.919452532019932,83.11896678197904,-0.24114990234375,-0.6400146484375,0.7086181640625,0.17340087890625,1.896774193548387,57.478005865102645,0.6870967741935483,20.821114369501466
7.939527651004028,83.11896678197904,-0.24114990234375,-0.6400146484375,0.7086181640625,0.17340087890625,1.8838709677419354,57.0869990224829,0.6806451612903225,20.625610948191593
7.961377608007751,82.82427179609354,-0.23681640625,-0.64044189453125,0.7115478515625,0.16558837890625,1.8870967741935485,57.18475073313783,0.6709677419354838,20.332355816226784
7.97972425800981,82.82427179609354,-0.23681640625,-0.64044189453125,0.7115478515625,0.16558837890625,1.8677419354838707,56.59824046920821,0.6677419354838708,20.234604105571844
8.001930226979312,82.64127878044691,-0.23175048828125,-0.64129638671875,0.714111328125,0.158203125,1.9129032258064516,57.96676441837732,0.6741935483870967,20.43010752688172
8.019849694974255,82.64127878044691,-0.23175048828125,-0.64129638671875,0.714111328125,0.158203125,1.9193548387096775,58.162267839687196,0.6709677419354838,20.332355816226784
8.039923341013491,82.64127878044691,-0.23175048828125,-0.64129638671875,0.714111328125,0.158203125,1.9096774193548387,57.86901270772239,0.6838709677419353,20.723362658846526
8.061300100991502,82.45791614681245,-0.2269287109375,-0.64190673828125,0.7166748046875,0.151123046875,1.9193548387096775,58.162267839687196,0.6709677419354838,20.332355816226784
8.08009658800438,82.45791614681245,-0.2269287109375,-0.64190673828125,0.7166748046875,0.151123046875,1.9451612903225806,58.94428152492669,0.6774193548387096,20.527859237536656
8.10151741199661,82.0859640010706,-0.2242431640625,-0.64166259765625,0.71917724609375,0.14404296875,1.9161290322580644,58.06451612903226,0.6709677419354838,20.332355816226784
8.12029002700001,82.0859640010706,-0.2242431640625,-0.64166259765625,0.71917724609375,0.14404296875,1.929032258064516,58.45552297165201,0.6870967741935483,20.821114369501466
8.140324120002333,82.0859640010706,-0.2242431640625,-0.64166259765625,0.71917724609375,0.14404296875,1.9,57.57575757575758,0.6774193548387096,20.527859237536656
8.161704975995235,81.47081365146035,-0.22430419921875,-0.64117431640625,0.7210693359375,0.1365966796875,1.9193548387096775,58.162267839687196,0.6903225806451613,20.918866080156402
8.180522903974634,81.47081365146035,-0.22430419921875,-0.64117431640625,0.7210693359375,0.1365966796875,1.8935483870967742,57.380254154447705,0.6709677419354838,20.332355816226784
8.201814827974886,80.86813359274835,-0.2252197265625,-0.6409912109375,0.72216796875,0.12994384765625,1.9225806451612903,58.260019550342136,0.6709677419354838,20.332355816226784
8.220673429023009,80.86813359274835,-0.2252197265625,-0.6409912109375,0.72216796875,0.12994384765625,1.9419354838709677,58.846529814271754,0.6709677419354838,20.332355816226784
8.240738084015902,80.86813359274835,-0.2252197265625,-0.6409912109375,0.72216796875,0.12994384765625,1.9193548387096775,58.162267839687196,0.664516129032258,20.13685239491691
8.261414980981499,80.35290272589246,-0.22686767578125,-0.6407470703125,0.72271728515625,0.1251220703125,1.935483870967742,58.65102639296188,0.6838709677419353,20.723362658846526
8.280899201985449,80.35290272589246,-0.22686767578125,-0.6407470703125,0.72271728515625,0.1251220703125,1.9161290322580644,58.06451612903226,0.6838709677419353,20.723362658846526
8.302219127013814,79.89567671748976,-0.22906494140625,-0.64105224609375,0.72235107421875,0.12127685546875,1.8935483870967742,57.380254154447705,0.6967741935483871,21.114369501466275
8.321020319010131,79.89567671748976,-0.22906494140625,-0.64105224609375,0.72235107421875,0.12127685546875,1.9096774193548387,57.86901270772239,0.6935483870967742,21.016617790811342
8.341129871027078,79.89567671748976,-0.22906494140625,-0.64105224609375,0.72235107421875,0.12127685546875,1.9064516129032258,57.77126099706745,0.6935483870967742,21.016617790811342
8.363438467029482,79.53656782044663,-0.23089599609375,-0.64154052734375,0.721923828125,0.1182861328125,1.9225806451612903,58.260019550342136,0.7096774193548387,21.505376344086024
8.381341965985484,79.53656782044663,-0.23089599609375,-0.64154052734375,0.721923828125,0.1182861328125,1.9580645161290322,59.33528836754643,0.7064516129032258,21.407624633431084
8.403125394019298,79.24419630643199,-0.232421875,-0.64154052734375,0.72174072265625,0.11602783203125,1.9580645161290322,59.33528836754643,0.7290322580645161,22.09188660801564
8.421468747023027,79.24419630643199,-0.232421875,-0.64154052734375,0.72174072265625,0.11602783203125,1.929032258064516,58.45552297165201,0.7161290322580645,21.700879765395893
8.441539034014568,79.24419630643199,-0.232421875,-0.64154052734375,0.72174072265625,0.11602783203125,1.929032258064516,58.45552297165201,0.7258064516129032,21.994134897360706
8.462871600000653,79.07499968942088,-0.23333740234375,-0.6409912109375,0.72216796875,0.11505126953125,1.935483870967742,58.65102639296188,0.7258064516129032,21.994134897360706
8.48171103198547,79.07499968942088,-0.23333740234375,-0.6409912109375,0.72216796875,0.11505126953125,1.9451612903225806,58.94428152492669,0.7516129032258064,22.776148582600193
8.502975019975565,79.02530867122515,-0.233642578125,-0.6400146484375,0.722900390625,0.11517333984375,1.932258064516129,58.55327468230694,0.7387096774193548,22.385141739980448
8.521893687022384,79.02530867122515,-0.233642578125,-0.6400146484375,0.722900390625,0.11517333984375,1.932258064516129,58.55327468230694,0.7096774193548387,21.505376344086024
8.541960996983107,79.02530867122515,-0.233642578125,-0.6400146484375,0.722900390625,0.11517333984375,1.9064516129032258,57.77126099706745,0.7161290322580645,21.700879765395893
8.563210200984031,79.01233669101488,-0.23382568359375,-0.63897705078125,0.7236328125,0.11566162109375,1.929032258064516,58.45552297165201,0.7161290322580645,21.700879765395893
8.582071873999666,79.01233669101488,-0.23382568359375,-0.63897705078125,0.7236328125,0.11566162109375,1.9580645161290322,59.33528836754643,0.7064516129032258,21.407624633431084
8.603330165031366,78.99276001423475,-0.23419189453125,-0.63763427734375,0.72454833984375,0.11639404296875,1.9096774193548387,57.86901270772239,0.7032258064516129,21.309872922776147
8.622280193027109,78.99276001423475,-0.23419189453125,-0.63763427734375,0.72454833984375,0.11639404296875,1.896774193548387,57.478005865102645,0.7064516129032258,21.407624633431084
8.64237028901698,78.99276001423475,-0.23419189453125,-0.63763427734375,0.72454833984375,0.11639404296875,1.9064516129032258,57.77126099706745,0.6903225806451613,20.918866080156402
8.663405340979807,78.88851769750933,-0.23529052734375,-0.6361083984375,0.72552490234375,0.11688232421875,1.8645161290322578,56.50048875855327,0.6612903225806451,20.039100684261975
8.682539183006156,78.88851769750933,-0.23529052734375,-0.6361083984375,0.72552490234375,0.11688232421875,1.8548387096774193,56.20723362658847,0.6483870967741935,19.64809384164223
8.702627038001083,79.00701223496704,-0.23602294921875,-0.63623046875,0.72479248046875,0.1190185546875,1.8161290322580643,55.034213098729225,0.632258064516129,19.159335288367547
8.722723277984187,79.00701223496704,-0.23602294921875,-0.63623046875,0.72479248046875,0.1190185546875,1.8032258064516127,54.64320625610948,0.6451612903225806,19.550342130987293
8.742804444977082,79.00701223496704,-0.23602294921875,-0.63623046875,0.72479248046875,0.1190185546875,1.7870967741935482,54.154447702834794,0.6580645161290322,19.941348973607038
8.763756007014308,79.18242676258231,-0.2374267578125,-0.63629150390625,0.72369384765625,0.12255859375,1.7709677419354837,53.665689149560116,0.6354838709677418,19.25708699902248
8.782932538015302,79.18242676258231,-0.2374267578125,-0.63629150390625,0.72369384765625,0.12255859375,1.7548387096774192,53.17693059628543,0.6193548387096773,18.768328445747798
8.80355845799204,79.45585316407896,-0.24017333984375,-0.635986328125,0.72198486328125,0.1287841796875,1.7354838709677418,52.59042033235581,0.5967741935483871,18.084066471163247
8.823118839995004,79.45585316407896,-0.24017333984375,-0.635986328125,0.72198486328125,0.1287841796875,1.7193548387096773,52.101661779081134,0.5967741935483871,18.084066471163247
8.84319114300888,79.45585316407896,-0.24017333984375,-0.635986328125,0.72198486328125,0.1287841796875,1.7096774193548387,51.80840664711632,0.6064516129032258,18.377321603128056
8.863736036990304,79.72832193304767,-0.24530029296875,-0.6356201171875,0.718994140625,0.13720703125,1.7258064516129032,52.29716520039101,0.5935483870967742,17.98631476050831
8.883389797993004,79.72832193304767,-0.24530029296875,-0.6356201171875,0.718994140625,0.13720703125,1.696774193548387,51.417399804496576,0.5774193548387097,17.49755620723363
8.90647742699366,79.94493172705454,-0.25360107421875,-0.635009765625,0.71453857421875,0.14788818359375,1.7,51.515151515151516,0.5645161290322581,17.106549364613883
8.923541060008574,79.94493172705454,-0.25360107421875,-0.635009765625,0.71453857421875,0.14788818359375,1.6806451612903226,50.9286412512219,0.5483870967741935,16.617790811339198
8.943608531029895,79.94493172705454,-0.25360107421875,-0.635009765625,0.71453857421875,0.14788818359375,1.6774193548387097,50.83088954056696,0.5258064516129032,15.933528836754643
8.96423969900934,80.0500166331513,-0.26629638671875,-0.63360595703125,0.708251953125,0.16131591796875,1.696774193548387,51.417399804496576,0.5129032258064515,15.542521994134894
8.983751887979452,80.0500166331513,-0.26629638671875,-0.63360595703125,0.708251953125,0.16131591796875,1.6903225806451612,51.2218963831867,0.5,15.151515151515152
9.004414224997163,80.14522073188358,-0.28192138671875,-0.63128662109375,0.700439453125,0.17724609375,1.6838709677419355,51.02639296187683,0.4967741935483871,15.053763440860216
9.023887053015642,80.14522073188358,-0.28192138671875,-0.63128662109375,0.700439453125,0.17724609375,1.6612903225806452,50.34213098729228,0.49032258064516127,14.858260019550343
9.043990685022436,80.14522073188358,-0.28192138671875,-0.63128662109375,0.700439453125,0.17724609375,1.6741935483870967,50.733137829912025,0.48709677419354835,14.760508308895407
9.064313202979974,80.36195901228477,-0.29937744140625,-0.62860107421875,0.69061279296875,0.19573974609375,1.6741935483870967,50.733137829912025,0.46774193548387094,14.173998044965789
9.084155066986568,80.36195901228477,-0.29937744140625,-0.62860107421875,0.69061279296875,0.19573974609375,1.6612903225806452,50.34213098729228,0.4580645161290322,13.880742913000976
9.104410447005648,80.61957923521635,-0.31793212890625,-0.62542724609375,0.6793212890625,0.21502685546875,1.62258064516129,49.169110459433035,0.4419354838709677,13.391984359726294
9.124323480995372,80.61957923521635,-0.31793212890625,-0.62542724609375,0.6793212890625,0.21502685546875,1.664516129032258,50.43988269794721,0.3548387096774194,10.752688172043012
9.144430856977124,80.61957923521635,-0.31793212890625,-0.62542724609375,0.6793212890625,0.21502685546875,1.6096774193548384,48.77810361681329,0.25806451612903225,7.820136852394917
9.165039080020506,80.8240450160294,-0.33660888671875,-0.62109375,0.6680908203125,0.23370361328125,1.6419354838709677,49.75562072336266,0.16774193548387095,5.083088954056696
9.184588550997432,80.8240450160294,-0.33660888671875,-0.62109375,0.6680908203125,0.23370361328125,1.6870967741935483,51.12414467253177,0.15483870967741933,4.6920821114369495
9.204655349021778,81.000571585405,-0.355712890625,-0.61572265625,0.65631103515625,0.25213623046875,1.6806451612903226,50.9286412512219,0.15483870967741933,4.6920821114369495
9.224732708011288,81.000571585405,-0.355712890625,-0.61572265625,0.65631103515625,0.25213623046875,1.7,51.515151515151516,0.07419354838709677,2.248289345063539
9.244782513997052,81.000571585405,-0.355712890625,-0.61572265625,0.65631103515625,0.25213623046875,1.6516129032258065,50.048875855327466,0.06129032258064516,1.857282502443793
9.265318799996749,81.17988743310723,-0.372802734375,-0.60955810546875,0.645751953125,0.2691650390625,1.635483870967742,49.56011730205279,0.0,0.0
9.28497185697779,81.17988743310723,-0.372802734375,-0.60955810546875,0.645751953125,0.2691650390625,1.635483870967742,49.56011730205279,0.0,0.0
9.30561924999347,81.34275285506828,-0.388671875,-0.60302734375,0.63568115234375,0.284912109375,1.6612903225806452,50.34213098729228,0.0,0.0
9.325154191988986,81.34275285506828,-0.388671875,-0.60302734375,0.63568115234375,0.284912109375,1.6870967741935483,51.12414467253177,0.0,0.0
9.345225087017752,81.34275285506828,-0.388671875,-0.60302734375,0.63568115234375,0.284912109375,1.6516129032258065,50.048875855327466,0.0,0.0
9.365297037002165,81.5130191171307,-0.404541015625,-0.5965576171875,0.6248779296875,0.300048828125,1.62258064516129,49.169110459433035,0.0,0.0
9.385403740976471,81.5130191171307,-0.404541015625,-0.5965576171875,0.6248779296875,0.300048828125,1.6548387096774193,50.146627565982406,0.0,0.0
9.40552132501034,81.70442158812982,-0.4210205078125,-0.590087890625,0.6126708984375,0.31488037109375,1.6516129032258065,50.048875855327466,0.0064516129032258064,0.19550342130987292
9.425581339979544,81.70442158812982,-0.4210205078125,-0.590087890625,0.6126708984375,0.31488037109375,1.6580645161290322,50.24437927663734,0.06774193548387096,2.0527859237536656
9.44565089000389,81.70442158812982,-0.4210205078125,-0.590087890625,0.6126708984375,0.31488037109375,1.6516129032258065,50.048875855327466,0.05161290322580645,1.5640273704789833
9.465713081008289,81.84718077465584,-0.4384765625,-0.5838623046875,0.59912109375,0.3284912109375,1.6516129032258065,50.048875855327466,0.06774193548387096,2.0527859237536656
9.487339064013213,81.84718077465584,-0.4384765625,-0.5838623046875,0.59912109375,0.3284912109375,1.6612903225806452,50.34213098729228,0.0,0.0
9.510773742978927,81.94229833286673,-0.45294189453125,-0.57684326171875,0.58831787109375,0.3404541015625,1.6516129032258065,50.048875855327466,0.035483870967741936,1.0752688172043012
9.541715118975844,81.94229833286673,-0.45294189453125,-0.57684326171875,0.58831787109375,0.3404541015625,1.6580645161290322,50.24437927663734,0.012903225806451613,0.39100684261974583
9.547391070984304,81.94229833286673,-0.45294189453125,-0.57684326171875,0.58831787109375,0.3404541015625,1.6548387096774193,50.146627565982406,0.04838709677419355,1.466275659824047
9.571665967989247,82.02834456374238,-0.466064453125,-0.56976318359375,0.5784912109375,0.35150146484375,1.6483870967741936,49.95112414467254,0.0064516129032258064,0.19550342130987292
9.586248020001221,82.02834456374238,-0.466064453125,-0.56976318359375,0.5784912109375,0.35150146484375,1.62258064516129,49.169110459433035,0.038709677419354833,1.1730205278592374
9.606333346979227,82.05441032103126,-0.47991943359375,-0.56146240234375,0.5682373046875,0.36260986328125,1.6129032258064515,48.87585532746823,0.029032258064516127,0.879765395894428
9.626422899018507,82.05441032103126,-0.47991943359375,-0.56146240234375,0.5682373046875,0.36260986328125,1.6258064516129032,49.266862170087975,0.0,0.0
9.646501570008695,82.05441032103126,-0.47991943359375,-0.56146240234375,0.5682373046875,0.36260986328125,1.635483870967742,49.56011730205279,0.04838709677419355,1.466275659824047
9.66653387102997,82.00701683927903,-0.4937744140625,-0.55145263671875,0.55865478515625,0.3741455078125,1.6161290322580644,48.97360703812317,0.0032258064516129032,0.09775171065493646
9.686624990019482,82.00701683927903,-0.4937744140625,-0.55145263671875,0.55865478515625,0.3741455078125,1.6032258064516127,48.58260019550342,0.0,0.0
9.70666721201269,81.88341279473907,-0.50677490234375,-0.54144287109375,0.54986572265625,0.38427734375,1.635483870967742,49.56011730205279,0.0,0.0
9.726732506998815,81.88341279473907,-0.50677490234375,-0.54144287109375,0.54986572265625,0.38427734375,1.6451612903225807,49.8533724340176,0.0,0.0
9.74679764098255,81.88341279473907,-0.50677490234375,-0.54144287109375,0.54986572265625,0.38427734375,1.6451612903225807,49.8533724340176,0.0,0.0
9.766863064025529,81.72268493980896,-0.51568603515625,-0.53515625,0.5439453125,0.3896484375,1.558064516129032,47.21407624633431,0.0,0.0
9.786935046024155,81.72268493980896,-0.51568603515625,-0.53515625,0.5439453125,0.3896484375,1.5451612903225804,46.82306940371456,0.0,0.0
9.807005973008927,81.40557160141853,-0.5244140625,-0.52984619140625,0.538818359375,0.39227294921875,1.564516129032258,47.40957966764419,0.0,0.0
9.827066563011613,81.40557160141853,-0.5244140625,-0.52984619140625,0.538818359375,0.39227294921875,1.6516129032258065,50.048875855327466,0.0,0.0
9.847131025977433,81.40557160141853,-0.5244140625,-0.52984619140625,0.538818359375,0.39227294921875,1.667741935483871,50.53763440860215,0.0,0.0
9.86720592097845,81.14225007881954,-0.5313720703125,-0.52392578125,0.53521728515625,0.3958740234375,1.6774193548387097,50.83088954056696,0.0032258064516129032,0.09775171065493646
9.887263918993995,81.14225007881954,-0.5313720703125,-0.52392578125,0.53521728515625,0.3958740234375,1.6741935483870967,50.733137829912025,0.0,0.0
9.907355965988245,80.98959810680299,-0.53570556640625,-0.51806640625,0.53326416015625,0.4002685546875,1.6516129032258065,50.048875855327466,0.0,0.0
9.927407948009204,80.98959810680299,-0.53570556640625,-0.51806640625,0.53326416015625,0.4002685546875,1.6483870967741936,49.95112414467254,0.0,0.0
9.947493018989917,80.98959810680299,-0.53570556640625,-0.51806640625,0.53326416015625,0.4002685546875,1.667741935483871,50.53763440860215,0.0,0.0
9.967537833028473,80.73059915968749,-0.5394287109375,-0.51263427734375,0.53253173828125,0.40325927734375,1.6516129032258065,50.048875855327466,0.0,0.0
9.987602104025427,80.73059915968749,-0.5394287109375,-0.51263427734375,0.53253173828125,0.40325927734375,1.6516129032258065,50.048875855327466,0.0,0.0
10.00775450502988,80.31062788472838,-0.54388427734375,-0.50714111328125,0.53216552734375,0.40478515625,1.667741935483871,50.53763440860215,0.0,0.0
10.027785461978056,80.31062788472838,-0.54388427734375,-0.50714111328125,0.53216552734375,0.40478515625,1.62258064516129,49.169110459433035,0.0,0.0
10.047843173029833,80.31062788472838,-0.54388427734375,-0.50714111328125,0.53216552734375,0.40478515625,1.6129032258064515,48.87585532746823,0.016129032258064516,0.4887585532746823
10.067902003007475,79.94864069106937,-0.5482177734375,-0.5023193359375,0.53125,0.40606689453125,1.6064516129032256,48.68035190615835,0.0,0.0
10.087967904983088,79.94864069106937,-0.5482177734375,-0.5023193359375,0.53125,0.40606689453125,1.6129032258064515,48.87585532746823,0.0,0.0
10.108033775992226,79.8143745351859,-0.550537109375,-0.49896240234375,0.53045654296875,0.4080810546875,1.564516129032258,47.40957966764419,0.0,0.0
10.12816159997601,79.8143745351859,-0.550537109375,-0.49896240234375,0.53045654296875,0.4080810546875,1.558064516129032,47.21407624633431,0.0,0.0
10.148240879003424,79.8143745351859,-0.550537109375,-0.49896240234375,0.53045654296875,0.4080810546875,1.5548387096774192,47.11632453567937,0.0,0.0
10.168326589977369,79.68535975493518,-0.5526123046875,-0.49603271484375,0.52978515625,0.40972900390625,1.590322580645161,48.19159335288367,0.0,0.0
10.188342955021653,79.68535975493518,-0.5526123046875,-0.49603271484375,0.52978515625,0.40972900390625,1.5483870967741935,46.9208211143695,0.0,0.0
10.208423129981384,79.55086953266225,-0.55462646484375,-0.4940185546875,0.529052734375,0.410400390625,1.5451612903225804,46.82306940371456,0.0,0.0
10.22847053600708,79.55086953266225,-0.55462646484375,-0.4940185546875,0.529052734375,0.410400390625,1.5387096774193547,46.62756598240469,0.0,0.0
10.248535767022986,79.55086953266225,-0.55462646484375,-0.4940185546875,0.529052734375,0.410400390625,1.5419354838709676,46.72531769305962,0.0,0.0
10.26861990999896,79.4195264312795,-0.5560302734375,-0.49224853515625,0.52886962890625,0.410888671875,1.5451612903225804,46.82306940371456,0.0,0.0
10.28867621201789,79.4195264312795,-0.5560302734375,-0.49224853515625,0.52886962890625,0.410888671875,1.464516129032258,44.37927663734115,0.0,0.0
10.308769122988451,79.34775484965502,-0.55657958984375,-0.49139404296875,0.5289306640625,0.4110107421875,1.467741935483871,44.4770283479961,0.0,0.0
10.328881971014198,79.34775484965502,-0.55657958984375,-0.49139404296875,0.5289306640625,0.4110107421875,1.4774193548387096,44.770283479960895,0.0,0.0
10.348904929007404,79.34775484965502,-0.55657958984375,-0.49139404296875,0.5289306640625,0.4110107421875,1.4741935483870967,44.67253176930596,0.0,0.0
10.368977102974895,79.25876934430674,-0.55657958984375,-0.490966796875,0.5296630859375,0.41064453125,1.461290322580645,44.28152492668622,0.0032258064516129032,0.09775171065493646
10.389049598015845,79.25876934430674,-0.55657958984375,-0.490966796875,0.5296630859375,0.41064453125,1.4709677419354839,44.57478005865102,0.0,0.0
10.409107211977243,79.06783073829176,-0.55633544921875,-0.49072265625,0.53131103515625,0.40911865234375,1.461290322580645,44.28152492668622,0.0,0.0
10.429191578994505,79.06783073829176,-0.55633544921875,-0.49072265625,0.53131103515625,0.40911865234375,1.4516129032258065,43.98826979472141,0.0,0.0
10.44933425198542,79.06783073829176,-0.55633544921875,-0.49072265625,0.53131103515625,0.40911865234375,1.4709677419354839,44.57478005865102,0.0032258064516129032,0.09775171065493646
10.469450492004398,79.00387248290725,-0.55511474609375,-0.49163818359375,0.53289794921875,0.40771484375,1.4548387096774194,44.086021505376344,0.0,0.0
10.489458249008749,79.00387248290725,-0.55511474609375,-0.49163818359375,0.53289794921875,0.40771484375,1.4548387096774194,44.086021505376344,0.0,0.0
10.509512823016848,78.99136489209114,-0.55328369140625,-0.4932861328125,0.5345458984375,0.406005859375,1.4483870967741934,43.89051808406647,0.0,0.0
10.529568933008704,78.99136489209114,-0.55328369140625,-0.4932861328125,0.5345458984375,0.406005859375,1.4516129032258065,43.98826979472141,0.0,0.0
10.549626164021902,78.99136489209114,-0.55328369140625,-0.4932861328125,0.5345458984375,0.406005859375,1.461290322580645,44.28152492668622,0.0,0.0
10.569701889995486,78.98964272472017,-0.5509033203125,-0.49560546875,0.53656005859375,0.40374755859375,1.4193548387096775,43.01075268817205,0.0,0.0
10.58976648101816,78.98964272472017,-0.5509033203125,-0.49560546875,0.53656005859375,0.40374755859375,1.4741935483870967,44.67253176930596,0.0,0.0
10.609831135021523,79.0107055321101,-0.54779052734375,-0.49884033203125,0.5389404296875,0.4007568359375,1.467741935483871,44.4770283479961,0.0,0.0
10.629919823026285,79.0107055321101,-0.54779052734375,-0.49884033203125,0.5389404296875,0.4007568359375,1.464516129032258,44.37927663734115,0.0,0.0
10.650045086978935,79.0107055321101,-0.54779052734375,-0.49884033203125,0.5389404296875,0.4007568359375,1.5,45.45454545454546,0.019354838709677417,0.5865102639296187
10.67007079598261,79.04534887210465,-0.54339599609375,-0.50274658203125,0.5423583984375,0.397216796875,1.4903225806451612,45.16129032258064,0.0,0.0
10.690128058020491,79.04534887210465,-0.54339599609375,-0.50274658203125,0.5423583984375,0.397216796875,1.4483870967741934,43.89051808406647,0.0,0.0
10.710208008997142,78.99619125598686,-0.5369873046875,-0.5064697265625,0.54833984375,0.3929443359375,1.4451612903225806,43.79276637341153,0.0,0.0
10.730270648025908,78.99619125598686,-0.5369873046875,-0.5064697265625,0.54833984375,0.3929443359375,1.432258064516129,43.401759530791786,0.0,0.0
10.750330790004227,78.99619125598686,-0.5369873046875,-0.5064697265625,0.54833984375,0.3929443359375,1.4451612903225806,43.79276637341153,0.0,0.0
10.770412629004568,78.89314737875569,-0.5281982421875,-0.50994873046875,0.55706787109375,0.38812255859375,1.4580645161290322,44.18377321603128,0.0,0.0
10.790542981994804,78.89314737875569,-0.5281982421875,-0.50994873046875,0.55706787109375,0.38812255859375,1.4548387096774194,44.086021505376344,0.0,0.0
10.810567571024876,78.72192142378232,-0.5172119140625,-0.51409912109375,0.568115234375,0.38134765625,1.4516129032258065,43.98826979472141,0.0,0.0
10.830627073009964,78.72192142378232,-0.5172119140625,-0.51409912109375,0.568115234375,0.38134765625,1.467741935483871,44.4770283479961,0.0,0.0
10.850694159977138,78.72192142378232,-0.5172119140625,-0.51409912109375,0.568115234375,0.38134765625,1.4806451612903224,44.868035190615835,0.0,0.0
10.87075801397441,78.40082221124283,-0.5050048828125,-0.51983642578125,0.58074951171875,0.37078857421875,1.467741935483871,44.4770283479961,0.0,0.0
10.890823436027858,78.40082221124283,-0.5050048828125,-0.51983642578125,0.58074951171875,0.37078857421875,1.4548387096774194,44.086021505376344,0.0,0.0
10.910891962994356,77.97038648355026,-0.49029541015625,-0.528076171875,0.5953369140625,0.35540771484375,1.4483870967741934,43.89051808406647,0.0,0.0
10.930989162996411,77.97038648355026,-0.49029541015625,-0.528076171875,0.5953369140625,0.35540771484375,1.4387096774193548,43.59726295210166,0.0,0.0
10.951031928008888,77.97038648355026,-0.49029541015625,-0.528076171875,0.5953369140625,0.35540771484375,1.4516129032258065,43.98826979472141,0.0,0.0
10.971111783001106,77.70541352580739,-0.4735107421875,-0.53814697265625,0.60955810546875,0.3385009765625,1.4580645161290322,44.18377321603128,0.0,0.0
10.991166836989578,77.70541352580739,-0.4735107421875,-0.53814697265625,0.60955810546875,0.3385009765625,1.464516129032258,44.37927663734115,0.016129032258064516,0.4887585532746823
11.011234499979764,77.62921724374651,-0.4569091796875,-0.54718017578125,0.62213134765625,0.32373046875,1.4516129032258065,43.98826979472141,0.0,0.0
11.031301105977036,77.62921724374651,-0.4569091796875,-0.54718017578125,0.62213134765625,0.32373046875,1.4483870967741934,43.89051808406647,0.0,0.0
11.0513670410146,77.62921724374651,-0.4569091796875,-0.54718017578125,0.62213134765625,0.32373046875,1.5064516129032257,45.650048875855326,0.0,0.0
11.071431630989537,77.77765099567601,-0.44256591796875,-0.55694580078125,0.63037109375,0.31085205078125,1.496774193548387,45.35679374389051,0.0,0.0
11.091494845983107,77.77765099567601,-0.44256591796875,-0.55694580078125,0.63037109375,0.31085205078125,1.5129032258064514,45.8455522971652,0.0,0.0
11.111585484992247,77.85211058876612,-0.42974853515625,-0.5665283203125,0.6370849609375,0.29754638671875,1.493548387096774,45.25904203323558,0.0,0.0
11.131642778986134,77.85211058876612,-0.42974853515625,-0.5665283203125,0.6370849609375,0.29754638671875,1.5548387096774192,47.11632453567937,0.0064516129032258064,0.19550342130987292
11.151702666014899,77.85211058876612,-0.42974853515625,-0.5665283203125,0.6370849609375,0.29754638671875,1.6064516129032256,48.68035190615835,0.012903225806451613,0.39100684261974583
11.171773496025708,77.80938867993493,-0.41558837890625,-0.5745849609375,0.64569091796875,0.28326416015625,1.6483870967741936,49.95112414467254,0.0,0.0
11.191858439007774,77.80938867993493,-0.41558837890625,-0.5745849609375,0.64569091796875,0.28326416015625,1.6483870967741936,49.95112414467254,0.0,0.0
11.211904117022641,77.69577911341807,-0.400390625,-0.58062744140625,0.656005859375,0.26885986328125,1.635483870967742,49.56011730205279,0.0,0.0
11.231984323996585,77.69577911341807,-0.400390625,-0.58062744140625,0.656005859375,0.26885986328125,1.6387096774193548,49.65786901270772,0.0,0.0
11.252037393976934,77.69577911341807,-0.400390625,-0.58062744140625,0.656005859375,0.26885986328125,1.6516129032258065,50.048875855327466,0.0,0.0
11.27210310503142,77.60971037514909,-0.3853759765625,-0.58575439453125,0.6658935546875,0.25494384765625,1.6516129032258065,50.048875855327466,0.0,0.0
11.292250738013536,77.60971037514909,-0.3853759765625,-0.58575439453125,0.6658935546875,0.25494384765625,1.667741935483871,50.53763440860215,0.0032258064516129032,0.09775171065493646
11.312275838979986,77.45891487433704,-0.370849609375,-0.590087890625,0.67559814453125,0.2406005859375,1.6935483870967742,51.31964809384164,0.0,0.0
11.332354190002661,77.45891487433704,-0.370849609375,-0.590087890625,0.67559814453125,0.2406005859375,1.7096774193548387,51.80840664711632,0.0,0.0
11.35240930801956,77.45891487433704,-0.370849609375,-0.590087890625,0.67559814453125,0.2406005859375,1.6870967741935483,51.12414467253177,0.0,0.0
11.372506250976585,77.26045781849108,-0.35760498046875,-0.593505859375,0.6844482421875,0.22662353515625,1.7032258064516128,51.61290322580645,0.0032258064516129032,0.09775171065493646
11.392559161002282,77.26045781849108,-0.35760498046875,-0.593505859375,0.6844482421875,0.22662353515625,1.6935483870967742,51.31964809384164,0.009677419354838708,0.29325513196480935
11.412709033989813,77.13905214939501,-0.34521484375,-0.597412109375,0.691650390625,0.21337890625,1.7096774193548387,51.80840664711632,0.0,0.0
11.43277474498609,77.13905214939501,-0.34521484375,-0.597412109375,0.691650390625,0.21337890625,1.7032258064516128,51.61290322580645,0.0,0.0
11.452853063994553,77.13905214939501,-0.34521484375,-0.597412109375,0.691650390625,0.21337890625,1.6903225806451612,51.2218963831867,0.0,0.0
11.472955255012494,77.04998503651298,-0.33441162109375,-0.60125732421875,0.69720458984375,0.201416015625,1.7161290322580645,52.003910068426194,0.0,0.0
11.493000964983366,77.04998503651298,-0.33441162109375,-0.60125732421875,0.69720458984375,0.201416015625,1.7129032258064516,51.90615835777126,0.0,0.0
11.513062708021607,76.9519798066229,-0.32427978515625,-0.6051025390625,0.70196533203125,0.18963623046875,1.7129032258064516,51.90615835777126,0.0,0.0
11.53310707298806,76.9519798066229,-0.32427978515625,-0.6051025390625,0.70196533203125,0.18963623046875,1.7258064516129032,52.29716520039101,0.0,0.0
11.553169168008026,76.9519798066229,-0.32427978515625,-0.6051025390625,0.70196533203125,0.18963623046875,1.7161290322580645,52.003910068426194,0.0,0.0
11.573237470001914,76.89710353804682,-0.3148193359375,-0.60919189453125,0.70562744140625,0.1785888671875,1.7096774193548387,51.80840664711632,0.0,0.0
11.59330081299413,76.89710353804682,-0.3148193359375,-0.60919189453125,0.70562744140625,0.1785888671875,1.6870967741935483,51.12414467253177,0.0,0.0
11.613367130979896,76.83485206021342,-0.3048095703125,-0.61248779296875,0.70989990234375,0.1673583984375,1.6870967741935483,51.12414467253177,0.0,0.0
11.633433706010692,76.83485206021342,-0.3048095703125,-0.61248779296875,0.70989990234375,0.1673583984375,1.6580645161290322,50.24437927663734,0.0,0.0
11.653497911989689,76.83485206021342,-0.3048095703125,-0.61248779296875,0.70989990234375,0.1673583984375,1.6935483870967742,51.31964809384164,0.0,0.0
11.673564071010333,76.7389570852943,-0.29461669921875,-0.61505126953125,0.714599609375,0.15582275390625,1.696774193548387,51.417399804496576,0.0,0.0
11.693638293014374,76.7389570852943,-0.29461669921875,-0.61505126953125,0.714599609375,0.15582275390625,1.6096774193548384,48.77810361681329,0.0032258064516129032,0.09775171065493646
11.713706595997792,76.60008516696101,-0.28411865234375,-0.6171875,0.71954345703125,0.14349365234375,1.6193548387096772,49.071358748778096,0.0,0.0
11.733786162978504,76.60008516696101,-0.28411865234375,-0.6171875,0.71954345703125,0.14349365234375,1.6451612903225807,49.8533724340176,0.0,0.0
11.753841632977128,76.60008516696101,-0.28411865234375,-0.6171875,0.71954345703125,0.14349365234375,1.6290322580645162,49.36461388074292,0.0,0.0
11.773925808025524,76.34261933432562,-0.2745361328125,-0.61846923828125,0.72454833984375,0.1307373046875,1.561290322580645,47.31182795698924,0.0,0.0
11.793981374008581,76.34261933432562,-0.2745361328125,-0.61846923828125,0.72454833984375,0.1307373046875,1.564516129032258,47.40957966764419,0.0,0.0
11.814039948978461,76.03354555049158,-0.2657470703125,-0.6190185546875,0.7294921875,0.11822509765625,1.5870967741935482,48.09384164222873,0.0,0.0
11.834114170982502,76.03354555049158,-0.2657470703125,-0.6190185546875,0.7294921875,0.11822509765625,1.62258064516129,49.169110459433035,0.26774193548387093,8.113391984359726
11.854182025999762,76.03354555049158,-0.2657470703125,-0.6190185546875,0.7294921875,0.11822509765625,1.6161290322580644,48.97360703812317,0.2870967741935484,8.699902248289346
11.874246072024107,75.69554406363305,-0.25848388671875,-0.619384765625,0.73358154296875,0.106689453125,1.6258064516129032,49.266862170087975,0.34838709677419355,10.557184750733137
11.894328998983838,75.69554406363305,-0.25848388671875,-0.619384765625,0.73358154296875,0.106689453125,1.6483870967741936,49.95112414467254,0.3548387096774194,10.752688172043012
11.914378996996675,75.34608385574838,-0.2530517578125,-0.6201171875,0.736328125,0.09649658203125,1.664516129032258,50.43988269794721,0.4387096774193548,13.294232649071358
11.934511910018045,75.34608385574838,-0.2530517578125,-0.6201171875,0.736328125,0.09649658203125,1.7161290322580645,52.003910068426194,0.4548387096774193,13.78299120234604
11.954561043996364,75.34608385574838,-0.2530517578125,-0.6201171875,0.736328125,0.09649658203125,1.7,51.515151515151516,0.43548387096774194,13.196480938416421
11.974603937007487,74.9613289849328,-0.2486572265625,-0.6201171875,0.73895263671875,0.08709716796875,1.729032258064516,52.39491691104594,0.47096774193548385,14.271749755620725
11.994681840005796,74.9613289849328,-0.2486572265625,-0.6201171875,0.73895263671875,0.08709716796875,1.7419354838709677,52.785923753665685,0.4935483870967742,14.95601173020528
12.014738845988177,74.58021221990396,-0.24493408203125,-0.61968994140625,0.74151611328125,0.07855224609375,1.7419354838709677,52.785923753665685,0.5129032258064515,15.542521994134894
12.034798605018295,74.58021221990396,-0.24493408203125,-0.61968994140625,0.74151611328125,0.07855224609375,1.7354838709677418,52.59042033235581,0.5161290322580645,15.640273704789834
12.054933437029831,74.58021221990396,-0.24493408203125,-0.61968994140625,0.74151611328125,0.07855224609375,1.729032258064516,52.39491691104594,0.5516129032258064,16.715542521994134
12.074972298985813,74.15765645329014,-0.2423095703125,-0.618896484375,0.74383544921875,0.0706787109375,1.7483870967741935,52.98142717497556,0.5548387096774193,16.81329423264907
12.095026584982406,74.15765645329014,-0.2423095703125,-0.618896484375,0.74383544921875,0.0706787109375,1.7580645161290323,53.27468230694038,0.561290322580645,17.00879765395894
12.115093127998989,73.8699789126842,-0.2410888671875,-0.61749267578125,0.74578857421875,0.06622314453125,1.7032258064516128,51.61290322580645,0.5645161290322581,17.106549364613883
12.135152629984077,73.8699789126842,-0.2410888671875,-0.61749267578125,0.74578857421875,0.06622314453125,1.7096774193548387,51.80840664711632,0.561290322580645,17.00879765395894
12.155218051979318,73.8699789126842,-0.2410888671875,-0.61749267578125,0.74578857421875,0.06622314453125,1.7129032258064516,51.90615835777126,0.561290322580645,17.00879765395894
12.175292946980335,73.5137627579873,-0.24261474609375,-0.61578369140625,0.74688720703125,0.0638427734375,1.7096774193548387,51.80840664711632,0.5774193548387097,17.49755620723363
12.195354848983698,73.5137627579873,-0.24261474609375,-0.61578369140625,0.74688720703125,0.0638427734375,1.7258064516129032,52.29716520039101,0.5741935483870968,17.399804496578692
12.215447761001997,73.06084762476192,-0.24700927734375,-0.6138916015625,0.7470703125,0.06329345703125,1.7258064516129032,52.29716520039101,0.5709677419354839,17.302052785923756
12.235486397985369,73.06084762476192,-0.24700927734375,-0.6138916015625,0.7470703125,0.06329345703125,1.7096774193548387,51.80840664711632,0.5548387096774193,16.81329423264907
12.255567820975557,73.06084762476192,-0.24700927734375,-0.6138916015625,0.7470703125,0.06329345703125,1.7032258064516128,51.61290322580645,0.5548387096774193,16.81329423264907
12.275623131019529,72.56266360493295,-0.2525634765625,-0.61126708984375,0.747314453125,0.06365966796875,1.6741935483870967,50.733137829912025,0.5516129032258064,16.715542521994134
12.29570756200701,72.56266360493295,-0.2525634765625,-0.61126708984375,0.747314453125,0.06365966796875,1.7,51.515151515151516,0.5516129032258064,16.715542521994134
12.31583330698777,72.02052895556437,-0.2596435546875,-0.60809326171875,0.74737548828125,0.0653076171875,1.6741935483870967,50.733137829912025,0.5580645161290322,16.911045943304007
12.33589472901076,72.02052895556437,-0.2596435546875,-0.60809326171875,0.74737548828125,0.0653076171875,1.6741935483870967,50.733137829912025,0.532258064516129,16.129032258064516
12.355941687012091,72.02052895556437,-0.2596435546875,-0.60809326171875,0.74737548828125,0.0653076171875,1.7129032258064516,51.90615835777126,0.5258064516129032,15.933528836754643
12.376007941027638,71.36806492095059,-0.26837158203125,-0.60406494140625,0.747314453125,0.06756591796875,1.6612903225806452,50.34213098729228,0.5161290322580645,15.640273704789834
12.396066099987365,71.36806492095059,-0.26837158203125,-0.60406494140625,0.747314453125,0.06756591796875,1.6903225806451612,51.2218963831867,0.5032258064516129,15.249266862170089
12.416327432030812,70.49102186255703,-0.27947998046875,-0.59979248046875,0.74652099609375,0.0694580078125,1.6903225806451612,51.2218963831867,0.529032258064516,16.031280547409576
12.43619633599883,70.49102186255703,-0.27947998046875,-0.59979248046875,0.74652099609375,0.0694580078125,1.7193548387096773,52.101661779081134,0.4774193548387097,14.467253176930598
12.456260287028272,70.49102186255703,-0.27947998046875,-0.59979248046875,0.74652099609375,0.0694580078125,1.6806451612903226,50.9286412512219,0.5064516129032258,15.347018572825025
12.476353293983266,69.3057181162163,-0.29266357421875,-0.59356689453125,0.746337890625,0.0703125,1.7258064516129032,52.29716520039101,0.4935483870967742,14.95601173020528
12.496495582978241,69.3057181162163,-0.29266357421875,-0.59356689453125,0.746337890625,0.0703125,1.7193548387096773,52.101661779081134,0.5387096774193548,16.32453567937439
12.51654631702695,67.89450597043522,-0.3082275390625,-0.5853271484375,0.74652099609375,0.0716552734375,1.7064516129032257,51.71065493646139,0.5354838709677419,16.226783968719452
12.536612763011362,67.89450597043522,-0.3082275390625,-0.5853271484375,0.74652099609375,0.0716552734375,1.7516129032258063,53.0791788856305,0.5354838709677419,16.226783968719452
12.55667674599681,67.89450597043522,-0.3082275390625,-0.5853271484375,0.74652099609375,0.0716552734375,1.7483870967741935,52.98142717497556,0.5225806451612903,15.835777126099707
12.576775352994446,66.31982544357032,-0.32379150390625,-0.57513427734375,0.747802734375,0.07183837890625,1.7483870967741935,52.98142717497556,0.4967741935483871,15.053763440860216
12.596826374996454,66.31982544357032,-0.32379150390625,-0.57513427734375,0.747802734375,0.07183837890625,1.732258064516129,52.49266862170088,0.5129032258064515,15.542521994134894
12.61687934899237,64.62489373258849,-0.33935546875,-0.5648193359375,0.74884033203125,0.070556640625,1.761290322580645,53.3724340175953,0.5387096774193548,16.32453567937439
12.637243341014255,64.62489373258849,-0.33935546875,-0.5648193359375,0.74884033203125,0.070556640625,1.7774193548387096,53.86119257086999,0.5129032258064515,15.542521994134894
12.657272921991535,64.62489373258849,-0.33935546875,-0.5648193359375,0.74884033203125,0.070556640625,1.7838709677419353,54.05669599217986,0.47096774193548385,14.271749755620725
12.677367625990883,62.76976123429921,-0.3548583984375,-0.55511474609375,0.749267578125,0.06683349609375,1.761290322580645,53.3724340175953,0.4838709677419355,14.66275659824047
12.697447161015589,62.76976123429921,-0.3548583984375,-0.55511474609375,0.749267578125,0.06683349609375,1.7709677419354837,53.665689149560116,0.4774193548387097,14.467253176930598
12.717491078015883,60.71596500745146,-0.37091064453125,-0.544189453125,0.75,0.061767578125,1.7709677419354837,53.665689149560116,0.5032258064516129,15.249266862170089
12.737562772992533,60.71596500745146,-0.37091064453125,-0.544189453125,0.75,0.061767578125,1.7870967741935482,54.154447702834794,0.5225806451612903,15.835777126099707
12.757648356026039,60.71596500745146,-0.37091064453125,-0.544189453125,0.75,0.061767578125,1.764516129032258,53.47018572825024,0.4967741935483871,15.053763440860216
12.777711250993889,58.643175872244726,-0.386474609375,-0.53173828125,0.75140380859375,0.05682373046875,1.7548387096774192,53.17693059628543,0.5096774193548387,15.444770283479961
12.797751968028024,58.643175872244726,-0.386474609375,-0.53173828125,0.75140380859375,0.05682373046875,1.764516129032258,53.47018572825024,0.4967741935483871,15.053763440860216
12.817821167001966,56.53664870489975,-0.40155029296875,-0.518798828125,0.75299072265625,0.0513916015625,1.7741935483870968,53.76344086021506,0.4967741935483871,15.053763440860216
12.837908126006369,56.53664870489975,-0.40155029296875,-0.518798828125,0.75299072265625,0.0513916015625,1.7548387096774192,53.17693059628543,0.4806451612903226,14.565004887585534
12.857960076013114,56.53664870489975,-0.40155029296875,-0.518798828125,0.75299072265625,0.0513916015625,1.7709677419354837,53.665689149560116,0.4580645161290322,13.880742913000976
12.87807461997727,54.50617320066566,-0.41632080078125,-0.507080078125,0.7532958984375,0.04595947265625,1.7516129032258063,53.0791788856305,0.4290322580645161,13.000977517106548
12.898126953979954,54.50617320066566,-0.41632080078125,-0.507080078125,0.7532958984375,0.04595947265625,1.7548387096774192,53.17693059628543,0.4580645161290322,13.880742913000976
12.918203192995861,52.509240341961764,-0.431396484375,-0.4957275390625,0.75262451171875,0.04107666015625,1.7387096774193547,52.68817204301075,0.4838709677419355,14.66275659824047
12.938260935014114,52.509240341961764,-0.431396484375,-0.4957275390625,0.75262451171875,0.04107666015625,1.7548387096774192,53.17693059628543,0.48709677419354835,14.760508308895407
12.958328916982282,52.509240341961764,-0.431396484375,-0.4957275390625,0.75262451171875,0.04107666015625,1.7741935483870968,53.76344086021506,0.47096774193548385,14.271749755620725
12.978420132014435,50.60721079771484,-0.44757080078125,-0.484619140625,0.7506103515625,0.0384521484375,1.7354838709677418,52.59042033235581,0.47096774193548385,14.271749755620725
12.99844472197583,50.60721079771484,-0.44757080078125,-0.484619140625,0.7506103515625,0.0384521484375,1.7548387096774192,53.17693059628543,0.4838709677419355,14.66275659824047
13.018596194975544,48.96450521231972,-0.4649658203125,-0.4742431640625,0.74652099609375,0.03973388671875,1.7677419354838708,53.567937438905176,0.5,15.151515151515152
13.038608591014054,48.96450521231972,-0.4649658203125,-0.4742431640625,0.74652099609375,0.03973388671875,1.7516129032258063,53.0791788856305,0.4548387096774193,13.78299120234604
13.058667965990026,48.96450521231972,-0.4649658203125,-0.4742431640625,0.74652099609375,0.03973388671875,1.7806451612903225,53.95894428152492,0.47419354838709676,14.369501466275661
13.07875950098969,47.44745105177358,-0.4833984375,-0.4639892578125,0.74102783203125,0.04327392578125,1.7548387096774192,53.17693059628543,0.4774193548387097,14.467253176930598
13.098829819995444,47.44745105177358,-0.4833984375,-0.4639892578125,0.74102783203125,0.04327392578125,1.7677419354838708,53.567937438905176,0.39032258064516123,11.82795698924731
13.118908042029943,46.00212758336035,-0.5015869140625,-0.45367431640625,0.735107421875,0.04718017578125,1.7903225806451613,54.25219941348974,0.30967741935483867,9.384164222873899
13.13897868100321,46.00212758336035,-0.5015869140625,-0.45367431640625,0.735107421875,0.04718017578125,1.7741935483870968,53.76344086021506,0.4290322580645161,13.000977517106548
13.159030247014016,46.00212758336035,-0.5015869140625,-0.45367431640625,0.735107421875,0.04718017578125,1.7741935483870968,53.76344086021506,0.38387096774193546,11.632453567937437
13.179093877028208,44.433084269152104,-0.51812744140625,-0.44207763671875,0.7305908203125,0.04864501953125,1.7838709677419353,54.05669599217986,0.4290322580645161,13.000977517106548
13.199203812982887,44.433084269152104,-0.51812744140625,-0.44207763671875,0.7305908203125,0.04864501953125,1.7774193548387096,53.86119257086999,0.4612903225806451,13.978494623655912
13.219310068991035,42.74610633367164,-0.5318603515625,-0.428955078125,0.72857666015625,0.04736328125,1.8032258064516127,54.64320625610948,0.48709677419354835,14.760508308895407
13.239376674988307,42.74610633367164,-0.5318603515625,-0.428955078125,0.72857666015625,0.04736328125,1.7741935483870968,53.76344086021506,0.4935483870967742,14.95601173020528
13.259405457007233,42.74610633367164,-0.5318603515625,-0.428955078125,0.72857666015625,0.04736328125,1.7903225806451613,54.25219941348974,0.4838709677419355,14.66275659824047
13.279483359016012,41.01329634756693,-0.54248046875,-0.4146728515625,0.729248046875,0.044189453125,1.8225806451612903,55.229716520039105,0.46451612903225803,14.076246334310849
13.299581583007239,41.01329634756693,-0.54248046875,-0.4146728515625,0.729248046875,0.044189453125,1.829032258064516,55.42521994134897,0.5258064516129032,15.933528836754643
13.319621180009563,39.17597552864894,-0.55242919921875,-0.40045166015625,0.73004150390625,0.0391845703125,1.8096774193548386,54.83870967741935,0.5419354838709677,16.422287390029325
13.339762189018074,39.17597552864894,-0.55242919921875,-0.40045166015625,0.73004150390625,0.0391845703125,1.796774193548387,54.44770283479961,0.5387096774193548,16.32453567937439
13.359825020015705,39.17597552864894,-0.55242919921875,-0.40045166015625,0.73004150390625,0.0391845703125,1.8225806451612903,55.229716520039105,0.5451612903225805,16.520039100684258
13.379893962002825,37.52533954202076,-0.561767578125,-0.38873291015625,0.7294921875,0.03411865234375,1.7903225806451613,54.25219941348974,0.5096774193548387,15.444770283479961
13.399944120028522,37.52533954202076,-0.561767578125,-0.38873291015625,0.7294921875,0.03411865234375,1.8064516129032258,54.74095796676443,0.5064516129032258,15.347018572825025
13.42000048601767,36.193725440198,-0.56976318359375,-0.37908935546875,0.728515625,0.030517578125,1.7806451612903225,53.95894428152492,0.561290322580645,17.00879765395894
13.440064980997704,36.193725440198,-0.56976318359375,-0.37908935546875,0.728515625,0.030517578125,1.7870967741935482,54.154447702834794,0.5838709677419355,17.6930596285435
13.460198692977428,36.193725440198,-0.56976318359375,-0.37908935546875,0.728515625,0.030517578125,1.7580645161290323,53.27468230694038,0.5838709677419355,17.6930596285435
13.480243282974698,34.90575019195816,-0.5770263671875,-0.36932373046875,0.72796630859375,0.027099609375,1.7709677419354837,53.665689149560116,0.5870967741935484,17.790811339198438
13.500309345021378,34.90575019195816,-0.5770263671875,-0.36932373046875,0.72796630859375,0.027099609375,1.7838709677419353,54.05669599217986,0.6161290322580645,18.670576735092865
13.527750933018979,33.52587062530282,-0.584228515625,-0.3590087890625,0.72747802734375,0.0228271484375,1.7709677419354837,53.665689149560116,0.6161290322580645,18.670576735092865
13.540464895020705,33.52587062530282,-0.584228515625,-0.3590087890625,0.72747802734375,0.0228271484375,1.7548387096774192,53.17693059628543,0.6193548387096773,18.768328445747798
13.560534316988196,33.52587062530282,-0.584228515625,-0.3590087890625,0.72747802734375,0.0228271484375,1.7774193548387096,53.86119257086999,0.603225806451613,18.27956989247312
13.580586427007802,32.339670007456704,-0.58905029296875,-0.3505859375,0.72784423828125,0.0179443359375,1.7580645161290323,53.27468230694038,0.6161290322580645,18.670576735092865
13.600702730997,32.339670007456704,-0.58905029296875,-0.3505859375,0.72784423828125,0.0179443359375,1.761290322580645,53.3724340175953,0.6129032258064516,18.57282502443793
13.620765338011552,31.420675593810174,-0.59173583984375,-0.34527587890625,0.72833251953125,0.012451171875,1.764516129032258,53.47018572825024,0.6193548387096773,18.768328445747798
13.640821992012206,31.420675593810174,-0.59173583984375,-0.34527587890625,0.72833251953125,0.012451171875,1.7548387096774192,53.17693059628543,0.632258064516129,19.159335288367547
13.660874005989172,31.420675593810174,-0.59173583984375,-0.34527587890625,0.72833251953125,0.012451171875,1.761290322580645,53.3724340175953,0.6290322580645161,19.06158357771261
13.68094483698951,30.47277486839321,-0.5950927734375,-0.3408203125,0.727783203125,0.00634765625,1.7516129032258063,53.0791788856305,0.6419354838709677,19.452590420332356
13.701002034998965,30.47277486839321,-0.5950927734375,-0.3408203125,0.727783203125,0.00634765625,1.796774193548387,54.44770283479961,0.6354838709677418,19.25708699902248
13.721067393023986,29.606353262791444,-0.59765625,-0.3370361328125,0.72747802734375,0.00018310546875,1.7999999999999998,54.54545454545454,0.6387096774193548,19.35483870967742
13.741215730027761,29.606353262791444,-0.59765625,-0.3370361328125,0.72747802734375,0.00018310546875,1.7903225806451613,54.25219941348974,0.6483870967741935,19.64809384164223
13.761252095981035,29.606353262791444,-0.59765625,-0.3370361328125,0.72747802734375,0.00018310546875,1.7774193548387096,53.86119257086999,0.6612903225806451,20.039100684261975
13.781405040994287,28.733558156675237,0.59967041015625,0.3319091796875,-0.7281494140625,0.00537109375,1.8225806451612903,55.229716520039105,0.664516129032258,20.13685239491691
13.801457439025398,28.733558156675237,0.59967041015625,0.3319091796875,-0.7281494140625,0.00537109375,1.829032258064516,55.42521994134897,0.6580645161290322,19.941348973607038
13.821498923993204,28.232245042982,0.60015869140625,0.32977294921875,-0.7286376953125,0.009765625,1.829032258064516,55.42521994134897,0.6612903225806451,20.039100684261975
13.841550425975583,28.232245042982,0.60015869140625,0.32977294921875,-0.7286376953125,0.009765625,1.796774193548387,54.44770283479961,0.6741935483870967,20.43010752688172
13.861709163989872,28.232245042982,0.60015869140625,0.32977294921875,-0.7286376953125,0.009765625,1.8193548387096772,55.13196480938416,0.6870967741935483,20.821114369501466
13.881756249989849,28.016523592805676,0.6002197265625,0.33111572265625,-0.72796630859375,0.01348876953125,1.8225806451612903,55.229716520039105,0.7032258064516129,21.309872922776147
13.901829255977646,28.016523592805676,0.6002197265625,0.33111572265625,-0.72796630859375,0.01348876953125,1.7806451612903225,53.95894428152492,0.6774193548387096,20.527859237536656
13.921936792030465,27.874960999564742,0.60003662109375,0.33349609375,-0.7269287109375,0.01739501953125,1.7741935483870968,53.76344086021506,0.6838709677419353,20.723362658846526
13.942002885974944,27.874960999564742,0.60003662109375,0.33349609375,-0.7269287109375,0.01739501953125,1.7774193548387096,53.86119257086999,0.6870967741935483,20.821114369501466
13.96202680299757,27.874960999564742,0.60003662109375,0.33349609375,-0.7269287109375,0.01739501953125,1.8032258064516127,54.64320625610948,0.6935483870967742,21.016617790811342
13.982114274986088,27.757460202767867,0.5997314453125,0.33544921875,-0.7261962890625,0.02069091796875,1.7806451612903225,53.95894428152492,0.6967741935483871,21.114369501466275
14.002177009009756,27.757460202767867,0.5997314453125,0.33544921875,-0.7261962890625,0.02069091796875,1.793548387096774,54.34995112414467,0.7,21.21212121212121
14.022249663015828,27.74696516565161,0.59930419921875,0.33673095703125,-0.7259521484375,0.0220947265625,1.8096774193548386,54.83870967741935,0.7064516129032258,21.407624633431084
14.042352302989457,27.74696516565161,0.59930419921875,0.33673095703125,-0.7259521484375,0.0220947265625,1.7870967741935482,54.154447702834794,0.7032258064516129,21.309872922776147
14.062398781010415,27.74696516565161,0.59930419921875,0.33673095703125,-0.7259521484375,0.0220947265625,1.7516129032258063,53.0791788856305,0.7064516129032258,21.407624633431084
14.082469835004304,27.771373696159948,0.59918212890625,0.33807373046875,-0.72540283203125,0.02294921875,1.8032258064516127,54.64320625610948,0.7258064516129032,21.994134897360706
14.102549722010735,27.771373696159948,0.59918212890625,0.33807373046875,-0.72540283203125,0.02294921875,1.793548387096774,54.34995112414467,0.7064516129032258,21.407624633431084
14.12262576899957,27.824261195165782,0.5994873046875,0.34033203125,-0.7239990234375,0.02398681640625,1.7870967741935482,54.154447702834794,0.7032258064516129,21.309872922776147
14.142704567988403,27.824261195165782,0.5994873046875,0.34033203125,-0.7239990234375,0.02398681640625,1.7806451612903225,53.95894428152492,0.7032258064516129,21.309872922776147
14.162785734981298,27.824261195165782,0.5994873046875,0.34033203125,-0.7239990234375,0.02398681640625,1.8032258064516127,54.64320625610948,0.7096774193548387,21.505376344086024
14.182855220977217,27.880151197945644,0.5997314453125,0.34222412109375,-0.722900390625,0.02459716796875,1.793548387096774,54.34995112414467,0.7129032258064516,21.603128054740957
14.20293206803035,27.880151197945644,0.5997314453125,0.34222412109375,-0.722900390625,0.02459716796875,1.7999999999999998,54.54545454545454,0.7064516129032258,21.407624633431084
14.22300814697519,27.990703666453847,0.59912109375,0.34368896484375,-0.72271728515625,0.0247802734375,1.8161290322580643,55.034213098729225,0.7161290322580645,21.700879765395893
14.243115234014113,27.990703666453847,0.59912109375,0.34368896484375,-0.72271728515625,0.0247802734375,1.793548387096774,54.34995112414467,0.7193548387096774,21.79863147605083
14.263174448977225,28.043650997983484,0.59881591796875,0.34503173828125,-0.72235107421875,0.02532958984375,1.793548387096774,54.34995112414467,0.7193548387096774,21.79863147605083
14.283230974979233,28.043650997983484,0.59881591796875,0.34503173828125,-0.72235107421875,0.02532958984375,1.7999999999999998,54.54545454545454,0.7193548387096774,21.79863147605083
14.30332363001071,28.043650997983484,0.59881591796875,0.34503173828125,-0.72235107421875,0.02532958984375,1.8096774193548386,54.83870967741935,0.7129032258064516,21.603128054740957
14.323355387023184,27.95572790384567,0.59991455078125,0.3463134765625,-0.72076416015625,0.0267333984375,1.7999999999999998,54.54545454545454,0.6935483870967742,21.016617790811342
14.343460267002229,27.95572790384567,0.59991455078125,0.3463134765625,-0.72076416015625,0.0267333984375,1.7903225806451613,54.25219941348974,0.7064516129032258,21.407624633431084
14.363571066991426,27.83977202158738,0.60162353515625,0.347412109375,-0.71875,0.0279541015625,1.7870967741935482,54.154447702834794,0.6806451612903225,20.625610948191593
14.38363847299479,27.83977202158738,0.60162353515625,0.347412109375,-0.71875,0.0279541015625,1.7741935483870968,53.76344086021506,0.6741935483870967,20.43010752688172
14.403723415976856,27.83977202158738,0.60162353515625,0.347412109375,-0.71875,0.0279541015625,1.793548387096774,54.34995112414467,0.6935483870967742,21.016617790811342
14.42379923898261,27.762507484001446,0.60357666015625,0.3477783203125,-0.71685791015625,0.028076171875,1.793548387096774,54.34995112414467,0.6806451612903225,20.625610948191593
14.443881109997164,27.762507484001446,0.60357666015625,0.3477783203125,-0.71685791015625,0.028076171875,1.8129032258064515,54.936461388074285,0.7032258064516129,21.309872922776147
14.463958821026608,27.59767513950453,0.6064453125,0.34674072265625,-0.7149658203125,0.0274658203125,1.7677419354838708,53.567937438905176,0.6741935483870967,20.43010752688172
14.484201017010491,27.59767513950453,0.6064453125,0.34674072265625,-0.7149658203125,0.0274658203125,1.7806451612903225,53.95894428152492,0.6967741935483871,21.114369501466275
14.504229478014167,27.59767513950453,0.6064453125,0.34674072265625,-0.7149658203125,0.0274658203125,1.7806451612903225,53.95894428152492,0.6967741935483871,21.114369501466275
14.52432923699962,27.33580374836388,0.610595703125,0.34454345703125,-0.71258544921875,0.02630615234375,1.793548387096774,54.34995112414467,0.6967741935483871,21.114369501466275
14.544360739004333,27.33580374836388,0.610595703125,0.34454345703125,-0.71258544921875,0.02630615234375,1.793548387096774,54.34995112414467,0.6935483870967742,21.016617790811342
14.56440350401681,26.949418213376113,0.616455078125,0.34185791015625,-0.7088623046875,0.0255126953125,1.7741935483870968,53.76344086021506,0.6806451612903225,20.625610948191593
14.584470559027977,26.949418213376113,0.616455078125,0.34185791015625,-0.7088623046875,0.0255126953125,1.7903225806451613,54.25219941348974,0.6838709677419353,20.723362658846526
14.604525932983961,26.949418213376113,0.616455078125,0.34185791015625,-0.7088623046875,0.0255126953125,1.8096774193548386,54.83870967741935,0.6967741935483871,21.114369501466275
14.624598939029966,26.461012577754758,0.6236572265625,0.3387451171875,-0.70404052734375,0.02520751953125,1.8096774193548386,54.83870967741935,0.6806451612903225,20.625610948191593
14.644689963024575,26.461012577754758,0.6236572265625,0.3387451171875,-0.70404052734375,0.02520751953125,1.796774193548387,54.44770283479961,0.6806451612903225,20.625610948191593
14.664714295999147,26.070985579347685,0.63031005859375,0.3355712890625,-0.69964599609375,0.02423095703125,1.7774193548387096,53.86119257086999,0.6677419354838708,20.234604105571844
14.684780901996419,26.070985579347685,0.63031005859375,0.3355712890625,-0.69964599609375,0.02423095703125,1.8064516129032258,54.74095796676443,0.6580645161290322,19.941348973607038
14.70485819701571,26.070985579347685,0.63031005859375,0.3355712890625,-0.69964599609375,0.02423095703125,1.8258064516129031,55.32746823069403,0.6806451612903225,20.625610948191593
14.724924131005537,25.741221311442956,0.63671875,0.3311767578125,-0.69598388671875,0.0218505859375,1.829032258064516,55.42521994134897,0.6774193548387096,20.527859237536656
14.744985745986924,25.741221311442956,0.63671875,0.3311767578125,-0.69598388671875,0.0218505859375,1.8129032258064515,54.936461388074285,0.6612903225806451,20.039100684261975
14.765045856009237,25.540748601927405,0.643310546875,0.32659912109375,-0.6922607421875,0.01776123046875,1.8193548387096772,55.13196480938416,0.6838709677419353,20.723362658846526
14.785105581977405,25.540748601927405,0.643310546875,0.32659912109375,-0.6922607421875,0.01776123046875,1.829032258064516,55.42521994134897,0.6838709677419353,20.723362658846526
14.805181213014293,25.540748601927405,0.643310546875,0.32659912109375,-0.6922607421875,0.01776123046875,1.8387096774193548,55.71847507331379,0.6870967741935483,20.821114369501466
14.825226987013593,25.445164257500338,0.64990234375,0.32275390625,-0.68798828125,0.0135498046875,1.829032258064516,55.42521994134897,0.6806451612903225,20.625610948191593
14.845299032982439,25.445164257500338,0.64990234375,0.32275390625,-0.68798828125,0.0135498046875,1.8193548387096772,55.13196480938416,0.7096774193548387,21.505376344086024
14.865353094995953,25.1774181949432,0.65673828125,0.31829833984375,-0.68359375,0.01116943359375,1.8032258064516127,54.64320625610948,0.7032258064516129,21.309872922776147
14.885415797005408,25.1774181949432,0.65673828125,0.31829833984375,-0.68359375,0.01116943359375,1.829032258064516,55.42521994134897,0.6935483870967742,21.016617790811342
14.90548390801996,25.1774181949432,0.65673828125,0.31829833984375,-0.68359375,0.01116943359375,1.8258064516129031,55.32746823069403,0.7193548387096774,21.79863147605083
14.925543633988127,24.80547041672915,0.66259765625,0.31524658203125,-0.6793212890625,0.01190185546875,1.8225806451612903,55.229716520039105,0.7,21.21212121212121
14.945687715022359,24.80547041672915,0.66259765625,0.31524658203125,-0.6793212890625,0.01190185546875,1.8064516129032258,54.74095796676443,0.7258064516129032,21.994134897360706
14.965714095975272,24.19346413452935,0.66802978515625,0.31341552734375,-0.6746826171875,0.01715087890625,1.8193548387096772,55.13196480938416,0.7193548387096774,21.79863147605083
14.985768318001647,24.19346413452935,0.66802978515625,0.31341552734375,-0.6746826171875,0.01715087890625,1.8032258064516127,54.64320625610948,0.7096774193548387,21.505376344086024
15.005830699985381,24.19346413452935,0.66802978515625,0.31341552734375,-0.6746826171875,0.01715087890625,1.8064516129032258,54.74095796676443,0.6967741935483871,21.114369501466275
15.02594591601519,23.510543502353272,0.6717529296875,0.31329345703125,-0.6707763671875,0.02520751953125,1.8193548387096772,55.13196480938416,0.6741935483870967,20.43010752688172
15.045960617018864,23.510543502353272,0.6717529296875,0.31329345703125,-0.6707763671875,0.02520751953125,1.8548387096774193,56.20723362658847,0.6451612903225806,19.550342130987293
15.066040151985362,22.97270416888665,0.67449951171875,0.31365966796875,-0.66754150390625,0.03216552734375,1.8225806451612903,55.229716520039105,0.6612903225806451,20.039100684261975
15.086114343022928,22.97270416888665,0.67449951171875,0.31365966796875,-0.66754150390625,0.03216552734375,1.8225806451612903,55.229716520039105,0.6709677419354838,20.332355816226784
15.106214421975892,22.97270416888665,0.67449951171875,0.31365966796875,-0.66754150390625,0.03216552734375,1.8193548387096772,55.13196480938416,0.6709677419354838,20.332355816226784
15.126247395004611,22.64091655508581,0.6766357421875,0.31396484375,-0.6650390625,0.03656005859375,1.829032258064516,55.42521994134897,0.6677419354838708,20.234604105571844
15.146303474029992,22.64091655508581,0.6766357421875,0.31396484375,-0.6650390625,0.03656005859375,1.8032258064516127,54.64320625610948,0.6774193548387096,20.527859237536656
15.166362304007635,22.321394808768773,0.67864990234375,0.3135986328125,-0.6629638671875,0.04022216796875,1.8483870967741933,56.01173020527859,0.6838709677419353,20.723362658846526
15.18642430199543,22.321394808768773,0.67864990234375,0.3135986328125,-0.6629638671875,0.04022216796875,1.8032258064516127,54.64320625610948,0.6935483870967742,21.016617790811342
15.206483003974427,22.321394808768773,0.67864990234375,0.3135986328125,-0.6629638671875,0.04022216796875,1.8322580645161288,55.5229716520039,0.6903225806451613,20.918866080156402
15.226544874021783,22.09459925425446,0.68072509765625,0.313232421875,-0.66082763671875,0.04290771484375,1.8419354838709676,55.816226783968716,0.6870967741935483,20.821114369501466
15.246610264992341,22.09459925425446,0.68072509765625,0.313232421875,-0.66082763671875,0.04290771484375,1.8096774193548386,54.83870967741935,0.6967741935483871,21.114369501466275
15.266672199009918,21.977406760233038,0.68255615234375,0.3128662109375,-0.65899658203125,0.0443115234375,1.829032258064516,55.42521994134897,0.7032258064516129,21.309872922776147
15.286760598013643,21.977406760233038,0.68255615234375,0.3128662109375,-0.65899658203125,0.0443115234375,1.8258064516129031,55.32746823069403,0.7,21.21212121212121
15.306801508006174,21.977406760233038,0.68255615234375,0.3128662109375,-0.65899658203125,0.0443115234375,1.8419354838709676,55.816226783968716,0.6935483870967742,21.016617790811342
15.326940692029893,21.940816933018795,0.68377685546875,0.3131103515625,-0.65753173828125,0.0452880859375,1.829032258064516,55.42521994134897,0.7,21.21212121212121
15.346972097991966,21.940816933018795,0.68377685546875,0.3131103515625,-0.65753173828125,0.0452880859375,1.8354838709677417,55.62072336265884,0.7129032258064516,21.603128054740957
15.367065872997046,21.857955904327298,0.68505859375,0.3134765625,-0.65594482421875,0.046875,1.8193548387096772,55.13196480938416,0.7,21.21212121212121
15.387121247011237,21.857955904327298,0.68505859375,0.3134765625,-0.65594482421875,0.046875,1.8225806451612903,55.229716520039105,0.7,21.21212121212121
15.407196365995333,21.857955904327298,0.68505859375,0.3134765625,-0.65594482421875,0.046875,1.8419354838709676,55.816226783968716,0.7193548387096774,21.79863147605083
15.427292060980108,21.750383537667517,0.6859130859375,0.31463623046875,-0.654296875,0.04962158203125,1.8096774193548386,54.83870967741935,0.6935483870967742,21.016617790811342
15.447322826017626,21.750383537667517,0.6859130859375,0.31463623046875,-0.654296875,0.04962158203125,1.8548387096774193,56.20723362658847,0.6838709677419353,20.723362658846526
15.467432858014945,21.63583601285376,0.6861572265625,0.31573486328125,-0.65325927734375,0.0523681640625,1.8741935483870966,56.79374389051808,0.6709677419354838,20.332355816226784
15.487510537030175,21.63583601285376,0.6861572265625,0.31573486328125,-0.65325927734375,0.0523681640625,1.8193548387096772,55.13196480938416,0.6548387096774193,19.843597262952102
15.50755234301323,21.63583601285376,0.6861572265625,0.31573486328125,-0.65325927734375,0.0523681640625,1.8032258064516127,54.64320625610948,0.6612903225806451,20.039100684261975
15.527620356995612,21.59849647614324,0.6864013671875,0.31640625,-0.652587890625,0.0535888671875,1.8064516129032258,54.74095796676443,0.6612903225806451,20.039100684261975
15.547745141026098,21.59849647614324,0.6864013671875,0.31640625,-0.652587890625,0.0535888671875,1.829032258064516,55.42521994134897,0.6677419354838708,20.234604105571844
15.567850660998374,21.660034986932786,0.68719482421875,0.31640625,-0.65185546875,0.05291748046875,1.8193548387096772,55.13196480938416,0.6774193548387096,20.527859237536656
15.587910322996322,21.660034986932786,0.68719482421875,0.31640625,-0.65185546875,0.05291748046875,1.8193548387096772,55.13196480938416,0.6870967741935483,20.821114369501466
15.60791183897527,21.660034986932786,0.68719482421875,0.31640625,-0.65185546875,0.05291748046875,1.8225806451612903,55.229716520039105,0.6838709677419353,20.723362658846526
15.627974317991175,21.690151695074732,0.6875,0.31597900390625,-0.65179443359375,0.05218505859375,1.8032258064516127,54.64320625610948,0.6870967741935483,20.821114369501466
15.648040604020935,21.690151695074732,0.6875,0.31597900390625,-0.65179443359375,0.05218505859375,1.829032258064516,55.42521994134897,0.6870967741935483,20.821114369501466
15.668103593983687,21.716910905245783,0.6878662109375,0.3155517578125,-0.65155029296875,0.0517578125,1.8258064516129031,55.32746823069403,0.6838709677419353,20.723362658846526
15.688175352988765,21.716910905245783,0.6878662109375,0.3155517578125,-0.65155029296875,0.0517578125,1.8193548387096772,55.13196480938416,0.6935483870967742,21.016617790811342
15.708304425003007,21.716910905245783,0.6878662109375,0.3155517578125,-0.65155029296875,0.0517578125,1.796774193548387,54.44770283479961,0.6935483870967742,21.016617790811342
15.728394424018916,21.73286422282966,0.6885986328125,0.31524658203125,-0.6510009765625,0.05133056640625,1.8548387096774193,56.20723362658847,0.6935483870967742,21.016617790811342
15.74848893599119,21.73286422282966,0.6885986328125,0.31524658203125,-0.6510009765625,0.05133056640625,1.8193548387096772,55.13196480938416,0.6967741935483871,21.114369501466275
15.76853038900299,21.77390205366362,0.68939208984375,0.314697265625,-0.65057373046875,0.05029296875,1.8032258064516127,54.64320625610948,0.6935483870967742,21.016617790811342
15.788594883983023,21.77390205366362,0.68939208984375,0.314697265625,-0.65057373046875,0.05029296875,1.8096774193548386,54.83870967741935,0.6903225806451613,20.918866080156402
15.808667858014815,21.77390205366362,0.68939208984375,0.314697265625,-0.65057373046875,0.05029296875,1.8064516129032258,54.74095796676443,0.7032258064516129,21.309872922776147
15.828759265015833,21.82941422574268,0.6900634765625,0.31378173828125,-0.65032958984375,0.04901123046875,1.8193548387096772,55.13196480938416,0.6935483870967742,21.016617790811342
15.848799151019193,21.82941422574268,0.6900634765625,0.31378173828125,-0.65032958984375,0.04901123046875,1.829032258064516,55.42521994134897,0.6967741935483871,21.114369501466275
15.86886486102594,21.862447842220163,0.6910400390625,0.31317138671875,-0.649658203125,0.0482177734375,1.8161290322580643,55.034213098729225,0.6967741935483871,21.114369501466275
15.88899790198775,21.862447842220163,0.6910400390625,0.31317138671875,-0.649658203125,0.0482177734375,1.8032258064516127,54.64320625610948,0.6935483870967742,21.016617790811342
15.90903778700158,21.862447842220163,0.6910400390625,0.31317138671875,-0.649658203125,0.0482177734375,1.8258064516129031,55.32746823069403,0.6870967741935483,20.821114369501466
15.92909495299682,21.883632271454402,0.6920166015625,0.312744140625,-0.64886474609375,0.04779052734375,1.793548387096774,54.34995112414467,0.6709677419354838,20.332355816226784
15.94914975197753,21.883632271454402,0.6920166015625,0.312744140625,-0.64886474609375,0.04779052734375,1.8032258064516127,54.64320625610948,0.6806451612903225,20.625610948191593
15.96921463002218,21.944528558114968,0.69268798828125,0.31280517578125,-0.648193359375,0.0472412109375,1.764516129032258,53.47018572825024,0.6774193548387096,20.527859237536656
15.98927416402148,21.944528558114968,0.69268798828125,0.31280517578125,-0.648193359375,0.0472412109375,1.7999999999999998,54.54545454545454,0.6677419354838708,20.234604105571844
16.00933334598085,21.944528558114968,0.69268798828125,0.31280517578125,-0.648193359375,0.0472412109375,1.7677419354838708,53.567937438905176,0.6741935483870967,20.43010752688172
16.0293992490042,21.940902618998592,0.69281005859375,0.3131103515625,-0.6478271484375,0.04779052734375,1.8032258064516127,54.64320625610948,0.6709677419354838,20.332355816226784
16.04948508797679,21.940902618998592,0.69281005859375,0.3131103515625,-0.6478271484375,0.04779052734375,1.796774193548387,54.44770283479961,0.6709677419354838,20.332355816226784
16.069562382006552,21.887594737968456,0.69281005859375,0.3134765625,-0.6475830078125,0.048828125,1.7806451612903225,53.95894428152492,0.6709677419354838,20.332355816226784
16.08965340501163,21.887594737968456,0.69281005859375,0.3134765625,-0.6475830078125,0.048828125,1.796774193548387,54.44770283479961,0.6709677419354838,20.332355816226784
