timestamp,elevation_deg,imu_i,imu_j,imu_k,imu_r,ch0_voltage,ch0_percentage,ch1_voltage,ch1_percentage
0.010827986989170313,32.30036654332381,-0.728515625,-0.2469482421875,0.62506103515625,0.132568359375,1.8129032258064515,54.936461388074285,0.6516129032258063,19.745845552297162
0.035104522947221994,32.31297144884814,-0.726806640625,-0.24969482421875,0.6263427734375,0.13079833984375,1.8064516129032258,54.74095796676443,0.6451612903225806,19.550342130987293
0.05070677096955478,32.31297144884814,-0.726806640625,-0.24969482421875,0.6263427734375,0.13079833984375,1.7774193548387096,53.86119257086999,0.6483870967741935,19.64809384164223
0.075253298971802,32.104430578899716,-0.724365234375,-0.25244140625,0.62890625,0.1268310546875,1.8451612903225805,55.91397849462365,0.6419354838709677,19.452590420332356
0.09116381296189502,32.104430578899716,-0.724365234375,-0.25244140625,0.62890625,0.1268310546875,1.829032258064516,55.42521994134897,0.6225806451612903,18.866080156402738
0.11105323594529182,32.104430578899716,-0.724365234375,-0.25244140625,0.62890625,0.1268310546875,1.8129032258064515,54.936461388074285,0.632258064516129,19.159335288367547
0.1353698039893061,31.797743230263663,-0.72125244140625,-0.25634765625,0.632080078125,0.12066650390625,1.796774193548387,54.44770283479961,0.6225806451612903,18.866080156402738
0.1513662729994394,31.797743230263663,-0.72125244140625,-0.25634765625,0.632080078125,0.12066650390625,1.8064516129032258,54.74095796676443,0.632258064516129,19.159335288367547
0.17601939698215574,31.307534836719213,-0.71722412109375,-0.2611083984375,0.6363525390625,0.11187744140625,1.7903225806451613,54.25219941348974,0.632258064516129,19.159335288367547
0.19146384799387306,31.307534836719213,-0.71722412109375,-0.2611083984375,0.6363525390625,0.11187744140625,1.8161290322580643,55.034213098729225,0.6483870967741935,19.64809384164223
0.21138674300163984,31.307534836719213,-0.71722412109375,-0.2611083984375,0.6363525390625,0.11187744140625,1.7774193548387096,53.86119257086999,0.6354838709677418,19.25708699902248
0.2357556019560434,30.802967660926633,-0.7115478515625,-0.266845703125,0.64190673828125,0.10223388671875,1.8096774193548386,54.83870967741935,0.6387096774193548,19.35483870967742
0.2515440639690496,30.802967660926633,-0.7115478515625,-0.266845703125,0.64190673828125,0.10223388671875,1.7903225806451613,54.25219941348974,0.632258064516129,19.159335288367547
0.27509398496476933,30.338789673494787,-0.70477294921875,-0.2725830078125,0.6483154296875,0.0931396484375,1.8032258064516127,54.64320625610948,0.6483870967741935,19.64809384164223
0.2917531619896181,30.338789673494787,-0.70477294921875,-0.2725830078125,0.6483154296875,0.0931396484375,1.7774193548387096,53.86119257086999,0.6483870967741935,19.64809384164223
0.3117567320005037,30.338789673494787,-0.70477294921875,-0.2725830078125,0.6483154296875,0.0931396484375,1.793548387096774,54.34995112414467,0.6354838709677418,19.25708699902248
0.3357416109647602,29.927162127229387,-0.69769287109375,-0.2781982421875,0.65472412109375,0.0843505859375,1.8096774193548386,54.83870967741935,0.6387096774193548,19.35483870967742
0.35269388498272747,29.927162127229387,-0.69769287109375,-0.2781982421875,0.65472412109375,0.0843505859375,1.7999999999999998,54.54545454545454,0.6354838709677418,19.25708699902248
0.374745326989796,29.531024048001235,-0.69122314453125,-0.28289794921875,0.66058349609375,0.07623291015625,1.793548387096774,54.34995112414467,0.632258064516129,19.159335288367547
0.39200935495318845,29.531024048001235,-0.69122314453125,-0.28289794921875,0.66058349609375,0.07623291015625,1.7774193548387096,53.86119257086999,0.6064516129032258,18.377321603128056
0.41204559797188267,29.531024048001235,-0.69122314453125,-0.28289794921875,0.66058349609375,0.07623291015625,1.8032258064516127,54.64320625610948,0.6,18.181818181818183
0.43623806699179113,29.235735933271627,-0.68548583984375,-0.286865234375,0.66558837890625,0.06951904296875,1.7838709677419353,54.05669599217986,0.6096774193548387,18.475073313782993
0.457661009975709,29.235735933271627,-0.68548583984375,-0.286865234375,0.66558837890625,0.06951904296875,1.7741935483870968,53.76344086021506,0.6225806451612903,18.866080156402738
0.4837559699662961,29.13635599714067,-0.67852783203125,-0.28985595703125,0.6717529296875,0.0657958984375,1.8064516129032258,54.74095796676443,0.632258064516129,19.159335288367547
0.4916629699873738,29.13635599714067,-0.67852783203125,-0.28985595703125,0.6717529296875,0.0657958984375,1.8354838709677417,55.62072336265884,0.6258064516129032,18.963831867057674
0.5121851799776778,29.13635599714067,-0.67852783203125,-0.28985595703125,0.6717529296875,0.0657958984375,1.8516129032258062,56.10948191593352,0.6290322580645161,19.06158357771261
0.5371155919856392,29.116783282569294,-0.6700439453125,-0.29241943359375,0.67938232421875,0.06292724609375,1.8161290322580643,55.034213098729225,0.5967741935483871,18.084066471163247
0.552412454970181,29.116783282569294,-0.6700439453125,-0.29241943359375,0.67938232421875,0.06292724609375,1.8354838709677417,55.62072336265884,0.5903225806451613,17.888563049853374
0.5767716169939376,28.972541256294008,-0.66204833984375,-0.2965087890625,0.68597412109375,0.056396484375,1.8354838709677417,55.62072336265884,0.6,18.181818181818183
0.5924917249940336,28.972541256294008,-0.66204833984375,-0.2965087890625,0.68597412109375,0.056396484375,1.8354838709677417,55.62072336265884,0.5806451612903226,17.595307917888565
0.6125149439903907,28.972541256294008,-0.66204833984375,-0.2965087890625,0.68597412109375,0.056396484375,1.829032258064516,55.42521994134897,0.5935483870967742,17.98631476050831
0.6367969839484431,28.780738606012733,-0.65545654296875,-0.3031005859375,0.690185546875,0.04669189453125,1.8064516129032258,54.74095796676443,0.6096774193548387,18.475073313782993
0.6526195909827948,28.780738606012733,-0.65545654296875,-0.3031005859375,0.690185546875,0.04669189453125,1.8161290322580643,55.034213098729225,0.6161290322580645,18.670576735092865
0.6767074799863622,28.711209420794233,-0.65179443359375,-0.310546875,0.69085693359375,0.03790283203125,1.7741935483870968,53.76344086021506,0.6096774193548387,18.475073313782993
0.6930065819760785,28.711209420794233,-0.65179443359375,-0.310546875,0.69085693359375,0.03790283203125,1.764516129032258,53.47018572825024,0.6096774193548387,18.475073313782993
0.7131334839505143,28.711209420794233,-0.65179443359375,-0.310546875,0.69085693359375,0.03790283203125,1.793548387096774,54.34995112414467,0.5967741935483871,18.084066471163247
0.7367878249497153,28.718069676031128,-0.64794921875,-0.31561279296875,0.69244384765625,0.0322265625,1.8419354838709676,55.816226783968716,0.5967741935483871,18.084066471163247
0.7530263489461504,28.718069676031128,-0.64794921875,-0.31561279296875,0.69244384765625,0.0322265625,1.796774193548387,54.44770283479961,0.5935483870967742,17.98631476050831
0.7762761959456839,28.8286921410578,-0.64349365234375,-0.31756591796875,0.69580078125,0.03057861328125,1.7903225806451613,54.25219941348974,0.5806451612903226,17.595307917888565
0.7932330789626576,28.8286921410578,-0.64349365234375,-0.31756591796875,0.69580078125,0.03057861328125,1.7838709677419353,54.05669599217986,0.5838709677419355,17.6930596285435
0.8131806149613112,28.8286921410578,-0.64349365234375,-0.31756591796875,0.69580078125,0.03057861328125,1.8032258064516127,54.64320625610948,0.5806451612903226,17.595307917888565
0.8364063019980676,29.007624389847273,-0.6409912109375,-0.3192138671875,0.69732666015625,0.0303955078125,1.7806451612903225,53.95894428152492,0.5967741935483871,18.084066471163247
0.8532529730000533,29.007624389847273,-0.6409912109375,-0.3192138671875,0.69732666015625,0.0303955078125,1.7870967741935482,54.154447702834794,0.5967741935483871,18.084066471163247
0.8769369459478185,29.007754675952754,-0.6390380859375,-0.32220458984375,0.6978759765625,0.0269775390625,1.7999999999999998,54.54545454545454,0.5903225806451613,17.888563049853374
0.8942771689617075,29.007754675952754,-0.6390380859375,-0.32220458984375,0.6978759765625,0.0269775390625,1.793548387096774,54.34995112414467,0.5580645161290322,16.911045943304007
0.9133182119694538,29.007754675952754,-0.6390380859375,-0.32220458984375,0.6978759765625,0.0269775390625,1.7806451612903225,53.95894428152492,0.567741935483871,17.20430107526882
0.9371295179589652,28.967939724703683,-0.6368408203125,-0.3248291015625,0.69879150390625,0.0233154296875,1.8032258064516127,54.64320625610948,0.5774193548387097,17.49755620723363
0.9535186379798688,28.967939724703683,-0.6368408203125,-0.3248291015625,0.69879150390625,0.0233154296875,1.764516129032258,53.47018572825024,0.5935483870967742,17.98631476050831
0.9781247199862264,29.00517526376437,-0.63446044921875,-0.32666015625,0.7001953125,0.02130126953125,1.7806451612903225,53.95894428152492,0.6,18.181818181818183
0.9940282579627819,29.00517526376437,-0.63446044921875,-0.32666015625,0.7001953125,0.02130126953125,1.7999999999999998,54.54545454545454,0.6,18.181818181818183
1.013877198973205,29.00517526376437,-0.63446044921875,-0.32666015625,0.7001953125,0.02130126953125,1.793548387096774,54.34995112414467,0.6,18.181818181818183
1.0382379609509371,29.114292529100048,-0.63201904296875,-0.32891845703125,0.70135498046875,0.01959228515625,1.7870967741935482,54.154447702834794,0.603225806451613,18.27956989247312
1.0537425099755637,29.114292529100048,-0.63201904296875,-0.32891845703125,0.70135498046875,0.01959228515625,1.796774193548387,54.44770283479961,0.5967741935483871,18.084066471163247
1.07895907596685,29.28315712065259,-0.63031005859375,-0.332275390625,0.701416015625,0.01806640625,1.7999999999999998,54.54545454545454,0.5903225806451613,17.888563049853374
1.0941396469715983,29.28315712065259,-0.63031005859375,-0.332275390625,0.701416015625,0.01806640625,1.7709677419354837,53.665689149560116,0.5741935483870968,17.399804496578692
1.1193457789486274,29.28315712065259,-0.63031005859375,-0.332275390625,0.701416015625,0.01806640625,1.7741935483870968,53.76344086021506,0.5483870967741935,16.617790811339198
1.1385767489555292,29.621768193196452,-0.628662109375,-0.33673095703125,0.70074462890625,0.0174560546875,1.7774193548387096,53.86119257086999,0.532258064516129,16.129032258064516
1.153778280946426,29.621768193196452,-0.628662109375,-0.33673095703125,0.70074462890625,0.0174560546875,1.7548387096774192,53.17693059628543,0.49032258064516127,14.858260019550343
1.178612625983078,30.17582198453057,-0.626708984375,-0.3427734375,0.6995849609375,0.01806640625,1.7483870967741935,52.98142717497556,0.4612903225806451,13.978494623655912
1.1947522349655628,30.17582198453057,-0.626708984375,-0.3427734375,0.6995849609375,0.01806640625,1.7483870967741935,52.98142717497556,0.432258064516129,13.098729227761485
1.2142617729841731,30.17582198453057,-0.626708984375,-0.3427734375,0.6995849609375,0.01806640625,1.7258064516129032,52.29716520039101,0.3870967741935484,11.730205278592376
1.23911970295012,31.102331867412147,-0.6240234375,-0.35223388671875,0.697265625,0.01983642578125,1.7387096774193547,52.68817204301075,0.3548387096774194,10.752688172043012
1.2551633729599416,31.102331867412147,-0.6240234375,-0.35223388671875,0.697265625,0.01983642578125,1.7032258064516128,51.61290322580645,0.3193548387096774,9.67741935483871
1.2789211089839227,32.11808607394715,-0.620849609375,-0.3629150390625,0.694580078125,0.0213623046875,1.6870967741935483,51.12414467253177,0.3129032258064516,9.481915933528837
1.294427161978092,32.11808607394715,-0.620849609375,-0.3629150390625,0.694580078125,0.0213623046875,1.6935483870967742,51.31964809384164,0.30967741935483867,9.384164222873899
1.3145007499842905,32.11808607394715,-0.620849609375,-0.3629150390625,0.694580078125,0.0213623046875,1.667741935483871,50.53763440860215,0.30967741935483867,9.384164222873899
1.3394574669655412,33.081993816765305,-0.616943359375,-0.372802734375,0.6927490234375,0.02264404296875,1.7,51.515151515151516,0.30967741935483867,9.384164222873899
1.3546868389821611,33.081993816765305,-0.616943359375,-0.372802734375,0.6927490234375,0.02264404296875,1.696774193548387,51.417399804496576,0.3064516129032258,9.286412512218964
1.378779272956308,34.23076816279692,-0.61199951171875,-0.38311767578125,0.69140625,0.02545166015625,1.6838709677419355,51.02639296187683,0.30967741935483867,9.384164222873899
1.3948009589803405,34.23076816279692,-0.61199951171875,-0.38311767578125,0.69140625,0.02545166015625,1.6903225806451612,51.2218963831867,0.0,0.0
1.414969781995751,34.23076816279692,-0.61199951171875,-0.38311767578125,0.69140625,0.02545166015625,1.6806451612903226,50.9286412512219,0.0,0.0
1.4402904139715247,35.416407111432584,-0.60662841796875,-0.39288330078125,0.69049072265625,0.02899169921875,1.6774193548387097,50.83088954056696,0.0,0.0
1.4549548409995623,35.416407111432584,-0.60662841796875,-0.39288330078125,0.69049072265625,0.02899169921875,1.7258064516129032,52.29716520039101,0.0,0.0
1.4794755439506844,36.484478586445725,-0.600830078125,-0.40167236328125,0.6904296875,0.03192138671875,1.6774193548387097,50.83088954056696,0.0,0.0
1.4949681569705717,36.484478586445725,-0.600830078125,-0.40167236328125,0.6904296875,0.03192138671875,1.6741935483870967,50.733137829912025,0.0,0.0
1.5150376809760928,36.484478586445725,-0.600830078125,-0.40167236328125,0.6904296875,0.03192138671875,1.6774193548387097,50.83088954056696,0.0,0.0
1.5396409149980173,37.43447221006632,-0.59527587890625,-0.40997314453125,0.69024658203125,0.0338134765625,1.6612903225806452,50.34213098729228,0.0,0.0
1.555370622954797,37.43447221006632,-0.59527587890625,-0.40997314453125,0.69024658203125,0.0338134765625,1.6612903225806452,50.34213098729228,0.0,0.0
1.5796831279876642,38.40192034925361,-0.58935546875,-0.41851806640625,0.69012451171875,0.03558349609375,1.6741935483870967,50.733137829912025,0.0,0.0
1.5950597689952701,38.40192034925361,-0.58935546875,-0.41851806640625,0.69012451171875,0.03558349609375,1.7258064516129032,52.29716520039101,0.0,0.0
1.6158878129790537,38.40192034925361,-0.58935546875,-0.41851806640625,0.69012451171875,0.03558349609375,1.6903225806451612,51.2218963831867,0.0,0.0
1.6398002409841865,39.36592214505169,-0.5831298828125,-0.42578125,0.6907958984375,0.0382080078125,1.6774193548387097,50.83088954056696,0.0,0.0
1.656235923001077,39.36592214505169,-0.5831298828125,-0.42578125,0.6907958984375,0.0382080078125,1.6548387096774193,50.146627565982406,0.0,0.0
1.6797954439534806,40.534888640781254,-0.576416015625,-0.4342041015625,0.69097900390625,0.0421142578125,1.696774193548387,51.417399804496576,0.0,0.0
1.6953726999927312,40.534888640781254,-0.576416015625,-0.4342041015625,0.69097900390625,0.0421142578125,1.696774193548387,51.417399804496576,0.0,0.0
1.7154517919989303,40.534888640781254,-0.576416015625,-0.4342041015625,0.69097900390625,0.0421142578125,1.6838709677419355,51.02639296187683,0.0,0.0
1.7403978529619053,41.71075170524162,-0.569580078125,-0.44244384765625,0.691162109375,0.046142578125,1.6870967741935483,51.12414467253177,0.0064516129032258064,0.19550342130987292
1.7558454079553485,41.71075170524162,-0.569580078125,-0.44244384765625,0.691162109375,0.046142578125,1.6838709677419355,51.02639296187683,0.0,0.0
1.7799315059673972,42.909285771529944,-0.562744140625,-0.45074462890625,0.69110107421875,0.05035400390625,1.6741935483870967,50.733137829912025,0.0,0.0
1.7961532609770074,42.909285771529944,-0.562744140625,-0.45074462890625,0.69110107421875,0.05035400390625,1.6612903225806452,50.34213098729228,0.0,0.0
1.8158009479520842,42.909285771529944,-0.562744140625,-0.45074462890625,0.69110107421875,0.05035400390625,1.6580645161290322,50.24437927663734,0.0,0.0
1.8402111519826576,44.078329225926495,-0.55609130859375,-0.4586181640625,0.69097900390625,0.05462646484375,1.6935483870967742,51.31964809384164,0.0,0.0
1.8559677409939468,44.078329225926495,-0.55609130859375,-0.4586181640625,0.69097900390625,0.05462646484375,1.6741935483870967,50.733137829912025,0.019354838709677417,0.5865102639296187
1.8805078369914554,45.287212332060044,-0.54925537109375,-0.46649169921875,0.6907958984375,0.05926513671875,1.6612903225806452,50.34213098729228,0.009677419354838708,0.29325513196480935
1.895971808989998,45.287212332060044,-0.54925537109375,-0.46649169921875,0.6907958984375,0.05926513671875,1.6709677419354838,50.635386119257085,0.0,0.0
1.9163518699933775,45.287212332060044,-0.54925537109375,-0.46649169921875,0.6907958984375,0.05926513671875,1.6741935483870967,50.733137829912025,0.0,0.0
1.9401957519585267,46.47404674651473,-0.54241943359375,-0.47430419921875,0.69049072265625,0.06365966796875,1.6806451612903226,50.9286412512219,0.0,0.0
1.9559230279992335,46.47404674651473,-0.54241943359375,-0.47430419921875,0.69049072265625,0.06365966796875,1.6741935483870967,50.733137829912025,0.0032258064516129032,0.09775171065493646
1.9811731939553283,47.61234395858581,-0.53582763671875,-0.482177734375,0.68975830078125,0.06744384765625,1.6612903225806452,50.34213098729228,0.0,0.0
1.9962869149749167,47.61234395858581,-0.53582763671875,-0.482177734375,0.68975830078125,0.06744384765625,1.7,51.515151515151516,0.016129032258064516,0.4887585532746823
2.0165262049995363,47.61234395858581,-0.53582763671875,-0.482177734375,0.68975830078125,0.06744384765625,1.6483870967741936,49.95112414467254,0.0,0.0
2.040352677984629,48.62929402249884,-0.5296630859375,-0.48931884765625,0.689208984375,0.0706787109375,1.6516129032258065,50.048875855327466,0.0,0.0
2.056255383999087,48.62929402249884,-0.5296630859375,-0.48931884765625,0.689208984375,0.0706787109375,1.6612903225806452,50.34213098729228,0.0,0.0
2.080782870994881,49.67448316951674,-0.5233154296875,-0.495849609375,0.68902587890625,0.07464599609375,1.664516129032258,50.43988269794721,0.0,0.0
2.096497570979409,49.67448316951674,-0.5233154296875,-0.495849609375,0.68902587890625,0.07464599609375,1.7,51.515151515151516,0.0,0.0
2.1165049169794656,49.67448316951674,-0.5233154296875,-0.495849609375,0.68902587890625,0.07464599609375,1.6806451612903226,50.9286412512219,0.0,0.0
2.1410535889444873,50.78158672298716,-0.51678466796875,-0.50250244140625,0.6885986328125,0.07904052734375,1.6516129032258065,50.048875855327466,0.0,0.0
2.1572641439852305,50.78158672298716,-0.51678466796875,-0.50250244140625,0.6885986328125,0.07904052734375,1.664516129032258,50.43988269794721,0.0,0.0
2.1813346249982715,51.87358640944104,-0.5098876953125,-0.5093994140625,0.688232421875,0.0828857421875,1.6612903225806452,50.34213098729228,0.0064516129032258064,0.19550342130987292
2.1967264989507385,51.87358640944104,-0.5098876953125,-0.5093994140625,0.688232421875,0.0828857421875,1.635483870967742,49.56011730205279,0.0,0.0
2.2168837699573487,51.87358640944104,-0.5098876953125,-0.5093994140625,0.688232421875,0.0828857421875,1.6161290322580644,48.97360703812317,0.0,0.0
2.24127298098756,53.066686955775516,-0.5023193359375,-0.5169677734375,0.6876220703125,0.08697509765625,1.6064516129032256,48.68035190615835,0.0,0.0
2.2570250899880193,53.066686955775516,-0.5023193359375,-0.5169677734375,0.6876220703125,0.08697509765625,1.6096774193548384,48.77810361681329,0.0032258064516129032,0.09775171065493646
2.2858080059522763,54.21692133032712,-0.49505615234375,-0.52398681640625,0.68707275390625,0.0911865234375,1.5709677419354837,47.60508308895405,0.0,0.0
2.296929473988712,54.21692133032712,-0.49505615234375,-0.52398681640625,0.68707275390625,0.0911865234375,1.6064516129032256,48.68035190615835,0.0,0.0
2.3171365709858947,54.21692133032712,-0.49505615234375,-0.52398681640625,0.68707275390625,0.0911865234375,1.5999999999999999,48.484848484848484,0.0,0.0
2.342114311992191,55.31352199927701,-0.48828125,-0.5306396484375,0.68621826171875,0.09521484375,1.5999999999999999,48.484848484848484,0.0,0.0
2.3571520949481055,55.31352199927701,-0.48828125,-0.5306396484375,0.68621826171875,0.09521484375,1.5806451612903225,47.898338220918866,0.0,0.0
2.3814116699504666,56.351333185305336,-0.48211669921875,-0.53594970703125,0.685791015625,0.0999755859375,1.5451612903225804,46.82306940371456,0.0,0.0
2.397551854955964,56.351333185305336,-0.48211669921875,-0.53594970703125,0.685791015625,0.0999755859375,1.5741935483870966,47.702834799608986,0.0,0.0
2.417346361966338,56.351333185305336,-0.48211669921875,-0.53594970703125,0.685791015625,0.0999755859375,1.5741935483870966,47.702834799608986,0.0,0.0
2.441462380986195,57.41537541836803,-0.47540283203125,-0.5419921875,0.68511962890625,0.1041259765625,1.5774193548387094,47.800586510263926,0.0,0.0
2.457480417971965,57.41537541836803,-0.47540283203125,-0.5419921875,0.68511962890625,0.1041259765625,1.593548387096774,48.289345063538605,0.0,0.0
2.4817213039495982,58.342542971827015,-0.46875,-0.54632568359375,0.6856689453125,0.10797119140625,1.5806451612903225,47.898338220918866,0.0,0.0
2.497580263996497,58.342542971827015,-0.46875,-0.54632568359375,0.6856689453125,0.10797119140625,1.5709677419354837,47.60508308895405,0.0064516129032258064,0.19550342130987292
2.5184649499715306,58.342542971827015,-0.46875,-0.54632568359375,0.6856689453125,0.10797119140625,1.558064516129032,47.21407624633431,0.0,0.0
2.5417369099450298,59.33804184801143,-0.4619140625,-0.55169677734375,0.6854248046875,0.1116943359375,1.5548387096774192,47.11632453567937,0.0064516129032258064,0.19550342130987292
2.557786627963651,59.33804184801143,-0.4619140625,-0.55169677734375,0.6854248046875,0.1116943359375,1.561290322580645,47.31182795698924,0.0,0.0
2.5818005319451913,60.28969715595194,-0.45587158203125,-0.555908203125,0.685302734375,0.1162109375,1.5451612903225804,46.82306940371456,0.0,0.0
2.598766310955398,60.28969715595194,-0.45587158203125,-0.555908203125,0.685302734375,0.1162109375,1.5709677419354837,47.60508308895405,0.0,0.0
2.619188677985221,60.28969715595194,-0.45587158203125,-0.555908203125,0.685302734375,0.1162109375,1.5483870967741935,46.9208211143695,0.0,0.0
2.6420900019584224,61.29854519520232,-0.44989013671875,-0.5599365234375,0.68505859375,0.12158203125,1.558064516129032,47.21407624633431,0.0,0.0
2.657916544994805,61.29854519520232,-0.44989013671875,-0.5599365234375,0.68505859375,0.12158203125,1.5483870967741935,46.9208211143695,0.0,0.0
2.6821102619869635,62.41747730447939,-0.44342041015625,-0.564697265625,0.684326171875,0.12738037109375,1.5064516129032257,45.650048875855326,0.0,0.0
2.69892307597911,62.41747730447939,-0.44342041015625,-0.564697265625,0.684326171875,0.12738037109375,1.5193548387096774,46.04105571847507,0.0,0.0
2.7181924149626866,62.41747730447939,-0.44342041015625,-0.564697265625,0.684326171875,0.12738037109375,1.493548387096774,45.25904203323558,0.0,0.0
2.742512855969835,63.500983917666005,-0.4368896484375,-0.5689697265625,0.683837890625,0.13299560546875,1.5709677419354837,47.60508308895405,0.0032258064516129032,0.09775171065493646
2.7584254179964773,63.500983917666005,-0.4368896484375,-0.5689697265625,0.683837890625,0.13299560546875,1.5451612903225804,46.82306940371456,0.0,0.0
2.7823932079481892,64.65199582394722,-0.43048095703125,-0.5738525390625,0.68267822265625,0.13909912109375,1.6290322580645162,49.36461388074292,0.0,0.0
2.798413612996228,64.65199582394722,-0.43048095703125,-0.5738525390625,0.68267822265625,0.13909912109375,1.558064516129032,47.21407624633431,0.0,0.0
2.8185721319750883,64.65199582394722,-0.43048095703125,-0.5738525390625,0.68267822265625,0.13909912109375,1.5516129032258064,47.018572825024435,0.0,0.0
2.8431570289540105,65.75483839939847,-0.42437744140625,-0.57843017578125,0.681396484375,0.14495849609375,1.496774193548387,45.35679374389051,0.0,0.0
2.858720235992223,65.75483839939847,-0.42437744140625,-0.57843017578125,0.681396484375,0.14495849609375,1.5032258064516129,45.552297165200386,0.0,0.0
2.8834119209786877,66.82920293539749,-0.41851806640625,-0.58331298828125,0.6796875,0.150390625,1.5161290322580645,45.94330400782014,0.0032258064516129032,0.09775171065493646
2.8989248540019616,66.82920293539749,-0.41851806640625,-0.58331298828125,0.6796875,0.150390625,1.496774193548387,45.35679374389051,0.0,0.0
2.9189287439803593,66.82920293539749,-0.41851806640625,-0.58331298828125,0.6796875,0.150390625,1.4838709677419355,44.965786901270775,0.0,0.0
2.951246202981565,67.88050428869451,-0.41229248046875,-0.58819580078125,0.67816162109375,0.1552734375,1.493548387096774,45.25904203323558,0.0064516129032258064,0.19550342130987292
2.9590717599494383,67.88050428869451,-0.41229248046875,-0.58819580078125,0.67816162109375,0.1552734375,1.532258064516129,46.432062561094824,0.0,0.0
2.9829998369677924,68.91424087626525,-0.406005859375,-0.59283447265625,0.67681884765625,0.16009521484375,1.429032258064516,43.30400782013685,0.0,0.0
2.9989864169619977,68.91424087626525,-0.406005859375,-0.59283447265625,0.67681884765625,0.16009521484375,1.4387096774193548,43.59726295210166,0.0,0.0
3.0191098939976655,68.91424087626525,-0.406005859375,-0.59283447265625,0.67681884765625,0.16009521484375,1.4806451612903224,44.868035190615835,0.0064516129032258064,0.19550342130987292
3.0433763819746673,69.93804377682565,-0.39990234375,-0.59674072265625,0.67572021484375,0.1654052734375,1.4516129032258065,43.98826979472141,0.0,0.0
3.0614557309891097,69.93804377682565,-0.39990234375,-0.59674072265625,0.67572021484375,0.1654052734375,1.3387096774193548,40.56695992179863,0.0,0.0
3.083180954970885,70.91712157245009,-0.39434814453125,-0.6004638671875,0.67437744140625,0.170654296875,1.3516129032258062,40.957966764418366,0.0,0.0
3.0992772669997066,70.91712157245009,-0.39434814453125,-0.6004638671875,0.67437744140625,0.170654296875,1.3516129032258062,40.957966764418366,0.0,0.0
3.119369094958529,70.91712157245009,-0.39434814453125,-0.6004638671875,0.67437744140625,0.170654296875,1.4064516129032258,42.619745845552295,0.0,0.0
3.1436941439751536,71.72485224253171,-0.3896484375,-0.60406494140625,0.67291259765625,0.17449951171875,1.3580645161290321,41.153470185728246,0.0,0.0
3.159439532959368,71.72485224253171,-0.3896484375,-0.60406494140625,0.67291259765625,0.17449951171875,1.3387096774193548,40.56695992179863,0.0,0.0
3.183723044989165,72.34615217471726,-0.38592529296875,-0.60693359375,0.6717529296875,0.17730712890625,1.3935483870967742,42.22873900293255,0.0,0.0
3.1998798059648834,72.34615217471726,-0.38592529296875,-0.60693359375,0.6717529296875,0.17730712890625,1.361290322580645,41.251221896383186,0.0,0.0
3.2195493179606274,72.34615217471726,-0.38592529296875,-0.60693359375,0.6717529296875,0.17730712890625,1.3387096774193548,40.56695992179863,0.0,0.0
3.2445384199963883,72.79020727617646,-0.38311767578125,-0.6083984375,0.67138671875,0.17962646484375,1.3677419354838707,41.44672531769305,0.0032258064516129032,0.09775171065493646
3.2602917119511403,72.79020727617646,-0.38311767578125,-0.6083984375,0.67138671875,0.17962646484375,1.3774193548387097,41.73998044965787,0.0,0.0
3.2837879039580002,72.96190546625888,-0.3819580078125,-0.6090087890625,0.67132568359375,0.18048095703125,1.3774193548387097,41.73998044965787,0.0,0.0
3.3000094989547506,72.96190546625888,-0.3819580078125,-0.6090087890625,0.67132568359375,0.18048095703125,1.4193548387096775,43.01075268817205,0.0,0.0
3.319789029948879,72.96190546625888,-0.3819580078125,-0.6090087890625,0.67132568359375,0.18048095703125,1.429032258064516,43.30400782013685,0.0032258064516129032,0.09775171065493646
3.3440566689823754,72.947400013805,-0.38201904296875,-0.609130859375,0.67120361328125,0.18023681640625,1.4161290322580644,42.91300097751711,0.0,0.0
3.360176693997346,72.947400013805,-0.38201904296875,-0.609130859375,0.67120361328125,0.18023681640625,1.4225806451612903,43.10850439882698,0.0,0.0
3.384308712964412,72.85020755178968,-0.38238525390625,-0.6083984375,0.6717529296875,0.17987060546875,1.4064516129032258,42.619745845552295,0.0,0.0
3.400582661968656,72.85020755178968,-0.38238525390625,-0.6083984375,0.6717529296875,0.17987060546875,1.435483870967742,43.49951124144673,0.0,0.0
3.4207812779932283,72.85020755178968,-0.38238525390625,-0.6083984375,0.6717529296875,0.17987060546875,1.4225806451612903,43.10850439882698,0.0032258064516129032,0.09775171065493646
3.444206714979373,72.72268514450812,-0.3828125,-0.607421875,0.67254638671875,0.17938232421875,1.429032258064516,43.30400782013685,0.0032258064516129032,0.09775171065493646
3.460401844989974,72.72268514450812,-0.3828125,-0.607421875,0.67254638671875,0.17938232421875,1.4193548387096775,43.01075268817205,0.0,0.0
3.4846170349628665,72.6216229745561,-0.3831787109375,-0.60687255859375,0.6729736328125,0.1788330078125,1.432258064516129,43.401759530791786,0.0,0.0
3.50050713197561,72.6216229745561,-0.3831787109375,-0.60687255859375,0.6729736328125,0.1788330078125,1.4451612903225806,43.79276637341153,0.0,0.0
3.520960795984138,72.6216229745561,-0.3831787109375,-0.60687255859375,0.6729736328125,0.1788330078125,1.4419354838709677,43.6950146627566,0.0,0.0
3.5454256259836257,72.51726288286211,-0.3836669921875,-0.60614013671875,0.6734619140625,0.178466796875,1.4741935483870967,44.67253176930596,0.009677419354838708,0.29325513196480935
3.560372940963134,72.51726288286211,-0.3836669921875,-0.60614013671875,0.6734619140625,0.178466796875,1.4451612903225806,43.79276637341153,0.0,0.0
3.5847529999446124,72.46819822887437,-0.3839111328125,-0.605712890625,0.6737060546875,0.1783447265625,1.464516129032258,44.37927663734115,0.0064516129032258064,0.19550342130987292
3.601562997966539,72.46819822887437,-0.3839111328125,-0.605712890625,0.6737060546875,0.1783447265625,1.4483870967741934,43.89051808406647,0.0,0.0
3.620863185962662,72.46819822887437,-0.3839111328125,-0.605712890625,0.6737060546875,0.1783447265625,1.467741935483871,44.4770283479961,0.0,0.0
3.6451796269975603,72.45614265576327,-0.3839111328125,-0.60546875,0.6739501953125,0.17840576171875,1.4741935483870967,44.67253176930596,0.009677419354838708,0.29325513196480935
3.6609742009895854,72.45614265576327,-0.3839111328125,-0.60546875,0.6739501953125,0.17840576171875,1.4419354838709677,43.6950146627566,0.0,0.0
3.6857308149919845,72.45511023021382,-0.38372802734375,-0.6051025390625,0.67431640625,0.17852783203125,1.464516129032258,44.37927663734115,0.0,0.0
3.700976923981216,72.45511023021382,-0.38372802734375,-0.6051025390625,0.67431640625,0.17852783203125,1.464516129032258,44.37927663734115,0.0,0.0
3.721146226976998,72.45511023021382,-0.38372802734375,-0.6051025390625,0.67431640625,0.17852783203125,1.461290322580645,44.28152492668622,0.0,0.0
3.746111136977561,72.43630884818373,-0.3836669921875,-0.6048583984375,0.67462158203125,0.178466796875,1.4774193548387096,44.770283479960895,0.0,0.0
3.7613338849623688,72.43630884818373,-0.3836669921875,-0.6048583984375,0.67462158203125,0.178466796875,1.467741935483871,44.4770283479961,0.0,0.0
3.7866818459588103,72.4050354487206,-0.383544921875,-0.60455322265625,0.67498779296875,0.17822265625,1.467741935483871,44.4770283479961,0.0,0.0
3.8016784429783,72.4050354487206,-0.383544921875,-0.60455322265625,0.67498779296875,0.17822265625,1.4419354838709677,43.6950146627566,0.0,0.0
3.8253635040018708,72.39799171662764,-0.38330078125,-0.6043701171875,0.67529296875,0.1781005859375,1.4741935483870967,44.67253176930596,0.0,0.0
3.841585739981383,72.39799171662764,-0.38330078125,-0.6043701171875,0.67529296875,0.1781005859375,1.403225806451613,42.52199413489737,0.0,0.0
3.8621331669855863,72.39799171662764,-0.38330078125,-0.6043701171875,0.67529296875,0.1781005859375,1.4193548387096775,43.01075268817205,0.0,0.0
3.8893179209553637,72.38094374449838,-0.383056640625,-0.6044921875,0.67547607421875,0.17767333984375,1.4258064516129032,43.20625610948191,0.0,0.0
3.9018078160006553,72.38094374449838,-0.383056640625,-0.6044921875,0.67547607421875,0.17767333984375,1.3903225806451613,42.13098729227762,0.0,0.0
3.9260520939715207,72.36879500654513,-0.3829345703125,-0.60455322265625,0.67559814453125,0.17742919921875,1.4258064516129032,43.20625610948191,0.0,0.0
3.94238351698732,72.36879500654513,-0.3829345703125,-0.60455322265625,0.67559814453125,0.17742919921875,1.435483870967742,43.49951124144673,0.0,0.0
3.96329332300229,72.36879500654513,-0.3829345703125,-0.60455322265625,0.67559814453125,0.17742919921875,1.403225806451613,42.52199413489737,0.0,0.0
3.9867055119830184,72.3586728965936,-0.3826904296875,-0.60443115234375,0.6759033203125,0.17724609375,1.429032258064516,43.30400782013685,0.0032258064516129032,0.09775171065493646
4.0024142589536496,72.3586728965936,-0.3826904296875,-0.60443115234375,0.6759033203125,0.17724609375,1.435483870967742,43.49951124144673,0.0,0.0
4.022127611970063,72.3586728965936,-0.3826904296875,-0.60443115234375,0.6759033203125,0.17724609375,1.4161290322580644,42.91300097751711,0.0,0.0
4.047564375970978,72.3485797844934,-0.38250732421875,-0.6041259765625,0.67620849609375,0.17718505859375,1.4451612903225806,43.79276637341153,0.0,0.0
4.062159328954294,72.3485797844934,-0.38250732421875,-0.6041259765625,0.67620849609375,0.17718505859375,1.4387096774193548,43.59726295210166,0.0,0.0
4.087247856950853,72.32759885051678,-0.38238525390625,-0.6038818359375,0.67657470703125,0.17706298828125,1.3903225806451613,42.13098729227762,0.0,0.0
4.102287239977159,72.32759885051678,-0.38238525390625,-0.6038818359375,0.67657470703125,0.17706298828125,1.429032258064516,43.30400782013685,0.0,0.0
4.126307894999627,72.30879044848731,-0.38226318359375,-0.60345458984375,0.677001953125,0.17706298828125,1.4225806451612903,43.10850439882698,0.0,0.0
4.143162406980991,72.30879044848731,-0.38226318359375,-0.60345458984375,0.677001953125,0.17706298828125,1.429032258064516,43.30400782013685,0.0,0.0
4.162536324991379,72.30879044848731,-0.38226318359375,-0.60345458984375,0.677001953125,0.17706298828125,1.461290322580645,44.28152492668622,0.0,0.0
4.191262343956623,72.30856820203867,-0.382080078125,-0.60296630859375,0.677490234375,0.17730712890625,1.4129032258064516,42.81524926686217,0.0,0.0
4.203475941962097,72.30856820203867,-0.382080078125,-0.60296630859375,0.677490234375,0.17730712890625,1.4387096774193548,43.59726295210166,0.012903225806451613,0.39100684261974583
4.226618681976106,72.29356189776867,-0.3819580078125,-0.6026611328125,0.67779541015625,0.17724609375,1.396774193548387,42.32649071358749,0.0,0.0
4.242704656964634,72.29356189776867,-0.3819580078125,-0.6026611328125,0.67779541015625,0.17724609375,1.396774193548387,42.32649071358749,0.0,0.0
4.263014955969993,72.29356189776867,-0.3819580078125,-0.6026611328125,0.67779541015625,0.17724609375,1.396774193548387,42.32649071358749,0.0,0.0
4.2884792409604415,72.26307402637393,-0.382080078125,-0.60235595703125,0.6781005859375,0.17724609375,1.3806451612903226,41.837732160312804,0.0,0.0
4.303117650968488,72.26307402637393,-0.382080078125,-0.60235595703125,0.6781005859375,0.17724609375,1.4258064516129032,43.20625610948191,0.0,0.0
4.327575535979122,72.21484257555932,-0.38226318359375,-0.60186767578125,0.67840576171875,0.1771240234375,1.4064516129032258,42.619745845552295,0.0,0.0
4.343664391955826,72.21484257555932,-0.38226318359375,-0.60186767578125,0.67840576171875,0.1771240234375,1.4129032258064516,42.81524926686217,0.0,0.0
4.363304653961677,72.21484257555932,-0.38226318359375,-0.60186767578125,0.67840576171875,0.1771240234375,1.4225806451612903,43.10850439882698,0.0,0.0
4.389140853949357,72.17742026501094,-0.3824462890625,-0.60162353515625,0.6785888671875,0.177001953125,1.4516129032258065,43.98826979472141,0.0,0.0
4.403823457949329,72.17742026501094,-0.3824462890625,-0.60162353515625,0.6785888671875,0.177001953125,1.467741935483871,44.4770283479961,0.0,0.0
4.427791727997828,72.17742026501094,-0.3824462890625,-0.60162353515625,0.6785888671875,0.177001953125,1.4580645161290322,44.18377321603128,0.0,0.0
4.443679328949656,72.17742026501094,-0.3824462890625,-0.60162353515625,0.6785888671875,0.177001953125,1.4709677419354839,44.57478005865102,0.0,0.0
4.463227587984875,72.17742026501094,-0.3824462890625,-0.60162353515625,0.6785888671875,0.177001953125,1.467741935483871,44.4770283479961,0.0032258064516129032,0.09775171065493646
4.489617917977739,72.20152451319952,-0.38226318359375,-0.6015625,0.67864990234375,0.17718505859375,1.4870967741935484,45.06353861192571,0.0,0.0
4.5049983989447355,72.20152451319952,-0.38226318359375,-0.6015625,0.67864990234375,0.17718505859375,1.5096774193548386,45.74780058651026,0.0,0.0
4.528220309992321,72.23290506248925,-0.38201904296875,-0.6016845703125,0.67864990234375,0.17730712890625,1.4806451612903224,44.868035190615835,0.0032258064516129032,0.09775171065493646
4.5439419219619595,72.23290506248925,-0.38201904296875,-0.6016845703125,0.67864990234375,0.17730712890625,1.5,45.45454545454546,0.0,0.0
4.564242812979501,72.23290506248925,-0.38201904296875,-0.6016845703125,0.67864990234375,0.17730712890625,1.467741935483871,44.4770283479961,0.0,0.0
4.58945060899714,72.26751375587618,-0.3818359375,-0.6019287109375,0.67852783203125,0.17742919921875,1.4806451612903224,44.868035190615835,0.0,0.0
4.603989047987852,72.26751375587618,-0.3818359375,-0.6019287109375,0.67852783203125,0.17742919921875,1.5064516129032257,45.650048875855326,0.0,0.0
4.6302648459677584,72.29614750411741,-0.3817138671875,-0.60205078125,0.678466796875,0.1776123046875,1.529032258064516,46.33431085043988,0.0,0.0
4.644606574962381,72.29614750411741,-0.3817138671875,-0.60205078125,0.678466796875,0.1776123046875,1.5161290322580645,45.94330400782014,0.0,0.0
4.6643132389872335,72.29614750411741,-0.3817138671875,-0.60205078125,0.678466796875,0.1776123046875,1.496774193548387,45.35679374389051,0.0032258064516129032,0.09775171065493646
4.690729169989936,72.30112861232892,-0.38165283203125,-0.60205078125,0.678466796875,0.1776123046875,1.5193548387096774,46.04105571847507,0.0,0.0
4.704438846965786,72.30112861232892,-0.38165283203125,-0.60205078125,0.678466796875,0.1776123046875,1.5064516129032257,45.650048875855326,0.0,0.0
4.729497006977908,72.31369817146155,-0.38153076171875,-0.6021728515625,0.678466796875,0.1776123046875,1.496774193548387,45.35679374389051,0.0,0.0
4.744979538954794,72.31369817146155,-0.38153076171875,-0.6021728515625,0.678466796875,0.1776123046875,1.5225806451612902,46.138807429130004,0.0,0.0
4.764673562953249,72.31369817146155,-0.38153076171875,-0.6021728515625,0.678466796875,0.1776123046875,1.5193548387096774,46.04105571847507,0.0,0.0
4.7900655579869635,72.3048567353193,-0.38153076171875,-0.6021728515625,0.678466796875,0.177490234375,1.5193548387096774,46.04105571847507,0.0,0.0
4.804816514952108,72.3048567353193,-0.38153076171875,-0.6021728515625,0.678466796875,0.177490234375,1.532258064516129,46.432062561094824,0.0,0.0
4.829703725990839,72.31092866035189,-0.38153076171875,-0.60247802734375,0.67828369140625,0.1773681640625,1.5193548387096774,46.04105571847507,0.0,0.0
4.845084110973403,72.31092866035189,-0.38153076171875,-0.60247802734375,0.67828369140625,0.1773681640625,1.5225806451612902,46.138807429130004,0.0,0.0
4.865764053945895,72.31092866035189,-0.38153076171875,-0.60247802734375,0.67828369140625,0.1773681640625,1.532258064516129,46.432062561094824,0.0,0.0
4.890539356973022,72.3681007170332,-0.3812255859375,-0.60284423828125,0.67803955078125,0.17755126953125,1.5064516129032257,45.650048875855326,0.0032258064516129032,0.09775171065493646
4.905342924001161,72.3681007170332,-0.3812255859375,-0.60284423828125,0.67803955078125,0.17755126953125,1.5096774193548386,45.74780058651026,0.0,0.0
4.93016638897825,72.54082587957234,-0.38031005859375,-0.60369873046875,0.67755126953125,0.1783447265625,1.5032258064516129,45.552297165200386,0.0032258064516129032,0.09775171065493646
4.945207786979154,72.54082587957234,-0.38031005859375,-0.60369873046875,0.67755126953125,0.1783447265625,1.4870967741935484,45.06353861192571,0.0,0.0
4.965421187982429,72.54082587957234,-0.38031005859375,-0.60369873046875,0.67755126953125,0.1783447265625,1.493548387096774,45.25904203323558,0.0,0.0
4.990648824954405,72.93287780550767,-0.378662109375,-0.60565185546875,0.67620849609375,0.18048095703125,1.496774193548387,45.35679374389051,0.0,0.0
5.0052388809854165,72.93287780550767,-0.378662109375,-0.60565185546875,0.67620849609375,0.18048095703125,1.493548387096774,45.25904203323558,0.0032258064516129032,0.09775171065493646
5.030815232952591,73.59113683378811,-0.37579345703125,-0.6092529296875,0.6737060546875,0.1837158203125,1.4548387096774194,44.086021505376344,0.0,0.0
5.045942266995553,73.59113683378811,-0.37579345703125,-0.6092529296875,0.6737060546875,0.1837158203125,1.4516129032258065,43.98826979472141,0.0,0.0
5.065788711945061,73.59113683378811,-0.37579345703125,-0.6092529296875,0.6737060546875,0.1837158203125,1.4258064516129032,43.20625610948191,0.0064516129032258064,0.19550342130987292
5.091362343984656,74.36234569020922,-0.37188720703125,-0.61309814453125,0.67132568359375,0.1873779296875,1.4225806451612903,43.10850439882698,0.0,0.0
5.105513761984184,74.36234569020922,-0.37188720703125,-0.61309814453125,0.67132568359375,0.1873779296875,1.4064516129032258,42.619745845552295,0.0,0.0
5.1312537679914385,75.31761366274598,-0.36669921875,-0.61651611328125,0.6695556640625,0.19268798828125,1.4161290322580644,42.91300097751711,0.0032258064516129032,0.09775171065493646
5.145705292001367,75.31761366274598,-0.36669921875,-0.61651611328125,0.6695556640625,0.19268798828125,1.4516129032258065,43.98826979472141,0.0,0.0
5.165758014947642,75.31761366274598,-0.36669921875,-0.61651611328125,0.6695556640625,0.19268798828125,1.4193548387096775,43.01075268817205,0.0,0.0
5.190783597994596,76.36992164134526,-0.36053466796875,-0.6197509765625,0.668212890625,0.1986083984375,1.396774193548387,42.32649071358749,0.0,0.0
5.206406518991571,76.36992164134526,-0.36053466796875,-0.6197509765625,0.668212890625,0.1986083984375,1.4516129032258065,43.98826979472141,0.0032258064516129032,0.09775171065493646
5.231923476967495,77.2112476946994,-0.3551025390625,-0.6224365234375,0.66729736328125,0.202880859375,1.4225806451612903,43.10850439882698,0.0,0.0
5.245989868999459,77.2112476946994,-0.3551025390625,-0.6224365234375,0.66729736328125,0.202880859375,1.4193548387096775,43.01075268817205,0.0,0.0
5.2661217949935235,77.2112476946994,-0.3551025390625,-0.6224365234375,0.66729736328125,0.202880859375,1.4548387096774194,44.086021505376344,0.0,0.0
5.292028940981254,78.02179750956587,-0.35003662109375,-0.62554931640625,0.6658935546875,0.20672607421875,1.4580645161290322,44.18377321603128,0.0,0.0
5.306434863945469,78.02179750956587,-0.35003662109375,-0.62554931640625,0.6658935546875,0.20672607421875,1.4806451612903224,44.868035190615835,0.0,0.0
5.331882475991733,78.81807542485922,-0.34552001953125,-0.6287841796875,0.6639404296875,0.21063232421875,1.5225806451612902,46.138807429130004,0.0,0.0
5.346401681948919,78.81807542485922,-0.34552001953125,-0.6287841796875,0.6639404296875,0.21063232421875,1.525806451612903,46.236559139784944,0.0,0.0
5.366435332980473,78.81807542485922,-0.34552001953125,-0.6287841796875,0.6639404296875,0.21063232421875,1.529032258064516,46.33431085043988,0.0,0.0
5.392887360998429,79.60809671640536,-0.34136962890625,-0.63177490234375,0.66192626953125,0.21490478515625,1.5387096774193547,46.62756598240469,0.0,0.0
5.406511754961684,79.60809671640536,-0.34136962890625,-0.63177490234375,0.66192626953125,0.21490478515625,1.5387096774193547,46.62756598240469,0.0,0.0
5.432049353956245,80.45655164961983,-0.33673095703125,-0.63482666015625,0.65985107421875,0.21942138671875,1.5161290322580645,45.94330400782014,0.0,0.0
5.446913786989171,80.45655164961983,-0.33673095703125,-0.63482666015625,0.65985107421875,0.21942138671875,1.5225806451612902,46.138807429130004,0.0,0.0
5.468755109992344,80.45655164961983,-0.33673095703125,-0.63482666015625,0.65985107421875,0.21942138671875,1.5354838709677419,46.52981427174975,0.0,0.0
5.492329383967444,81.33876984971515,-0.33197021484375,-0.63848876953125,0.65728759765625,0.22381591796875,1.5451612903225804,46.82306940371456,0.019354838709677417,0.5865102639296187
5.506791339954361,81.33876984971515,-0.33197021484375,-0.63848876953125,0.65728759765625,0.22381591796875,1.5870967741935482,48.09384164222873,0.019354838709677417,0.5865102639296187
5.532165221986361,82.24306650049989,-0.32696533203125,-0.64190673828125,0.6549072265625,0.22845458984375,1.5709677419354837,47.60508308895405,0.0032258064516129032,0.09775171065493646
5.546755981980823,82.24306650049989,-0.32696533203125,-0.64190673828125,0.6549072265625,0.22845458984375,1.5483870967741935,46.9208211143695,0.0,0.0
5.567572824948002,82.24306650049989,-0.32696533203125,-0.64190673828125,0.6549072265625,0.22845458984375,1.564516129032258,47.40957966764419,0.0,0.0
5.591734348970931,83.187957014569,-0.32183837890625,-0.645263671875,0.65234375,0.23345947265625,1.5451612903225804,46.82306940371456,0.0,0.0
5.608123117999639,83.187957014569,-0.32183837890625,-0.645263671875,0.65234375,0.23345947265625,1.558064516129032,47.21407624633431,0.0,0.0
5.632043225981761,84.13718151124999,-0.31689453125,-0.64874267578125,0.64947509765625,0.238525390625,1.5483870967741935,46.9208211143695,0.0,0.0
5.647414458973799,84.13718151124999,-0.31689453125,-0.64874267578125,0.64947509765625,0.238525390625,1.5419354838709676,46.72531769305962,0.0,0.0
5.667192933964543,84.13718151124999,-0.31689453125,-0.64874267578125,0.64947509765625,0.238525390625,1.5516129032258064,47.018572825024435,0.0,0.0
5.691880585975014,84.97467617321823,-0.3125,-0.65191650390625,0.64678955078125,0.24285888671875,1.5548387096774192,47.11632453567937,0.0,0.0
5.707864701980725,84.97467617321823,-0.3125,-0.65191650390625,0.64678955078125,0.24285888671875,1.5548387096774192,47.11632453567937,0.0,0.0
5.732724679983221,85.6288560851634,-0.3092041015625,-0.65447998046875,0.64453125,0.24627685546875,1.6483870967741936,49.95112414467254,0.0,0.0
5.748401170945726,85.6288560851634,-0.3092041015625,-0.65447998046875,0.64453125,0.24627685546875,1.62258064516129,49.169110459433035,0.0,0.0
5.767419076990336,85.6288560851634,-0.3092041015625,-0.65447998046875,0.64453125,0.24627685546875,1.596774193548387,48.38709677419355,0.0,0.0
5.792285006958991,86.28721779967064,-0.3057861328125,-0.65576171875,0.6431884765625,0.25054931640625,1.590322580645161,48.19159335288367,0.0,0.0
5.808011930959765,86.28721779967064,-0.3057861328125,-0.65576171875,0.6431884765625,0.25054931640625,1.6064516129032256,48.68035190615835,0.0,0.0
5.832326803996693,86.91237487810702,-0.30194091796875,-0.65673828125,0.64251708984375,0.25439453125,1.5741935483870966,47.702834799608986,0.0,0.0
5.848522863001563,86.91237487810702,-0.30194091796875,-0.65673828125,0.64251708984375,0.25439453125,1.5483870967741935,46.9208211143695,0.0,0.0
5.8680877949809656,86.91237487810702,-0.30194091796875,-0.65673828125,0.64251708984375,0.25439453125,1.564516129032258,47.40957966764419,0.0,0.0
5.892539695953019,87.52576343971889,-0.298095703125,-0.6585693359375,0.64117431640625,0.2574462890625,1.6096774193548384,48.77810361681329,0.0,0.0
5.908192312985193,87.52576343971889,-0.298095703125,-0.6585693359375,0.64117431640625,0.2574462890625,1.5741935483870966,47.702834799608986,0.0,0.0
5.931537875963841,88.16157734740982,-0.294189453125,-0.66021728515625,0.63995361328125,0.2608642578125,1.5193548387096774,46.04105571847507,0.0,0.0
5.948433315963484,88.16157734740982,-0.294189453125,-0.66021728515625,0.63995361328125,0.2608642578125,1.5483870967741935,46.9208211143695,0.0,0.0
5.968116235977504,88.16157734740982,-0.294189453125,-0.66021728515625,0.63995361328125,0.2608642578125,1.5838709677419354,47.9960899315738,0.0,0.0
5.992897362972144,90.14662895360708,-0.2861328125,-0.667724609375,0.63092041015625,0.27227783203125,1.6064516129032256,48.68035190615835,0.0,0.0
6.008507194987033,90.14662895360708,-0.2861328125,-0.667724609375,0.63092041015625,0.27227783203125,1.62258064516129,49.169110459433035,0.0,0.0
6.033111484954134,92.48272930747758,-0.27777099609375,-0.66748046875,0.625732421875,0.2928466796875,1.6193548387096772,49.071358748778096,0.0,0.0
6.048723908956163,92.48272930747758,-0.27777099609375,-0.66748046875,0.625732421875,0.2928466796875,1.6193548387096772,49.071358748778096,0.0,0.0
6.06881423399318,92.48272930747758,-0.27777099609375,-0.66748046875,0.625732421875,0.2928466796875,1.6193548387096772,49.071358748778096,0.0064516129032258064,0.19550342130987292
6.093513694999274,93.67759675541782,-0.2718505859375,-0.67041015625,0.621826171875,0.29998779296875,1.6129032258064515,48.87585532746823,0.0,0.0
6.121900982980151,93.67759675541782,-0.2718505859375,-0.67041015625,0.621826171875,0.29998779296875,1.6161290322580644,48.97360703812317,0.0,0.0
6.133225176949054,94.1298739102705,-0.26806640625,-0.67449951171875,0.6192626953125,0.29949951171875,1.6290322580645162,49.36461388074292,0.0,0.0
6.148686652944889,94.1298739102705,-0.26806640625,-0.67449951171875,0.6192626953125,0.29949951171875,1.6290322580645162,49.36461388074292,0.0,0.0
6.168931189982686,94.1298739102705,-0.26806640625,-0.67449951171875,0.6192626953125,0.29949951171875,1.6419354838709677,49.75562072336266,0.0,0.0
6.193558551953174,94.87393672058423,-0.26593017578125,-0.67755126953125,0.61468505859375,0.303955078125,1.6419354838709677,49.75562072336266,0.0,0.0
6.20886699896073,94.87393672058423,-0.26593017578125,-0.67755126953125,0.61468505859375,0.303955078125,1.62258064516129,49.169110459433035,0.0,0.0
6.233598108985461,95.65242190645739,-0.26239013671875,-0.67926025390625,0.61181640625,0.308837890625,1.6451612903225807,49.8533724340176,0.0,0.0
6.248816504958086,95.65242190645739,-0.26239013671875,-0.67926025390625,0.61181640625,0.308837890625,1.632258064516129,49.462365591397855,0.0,0.0
6.269178966002073,95.65242190645739,-0.26239013671875,-0.67926025390625,0.61181640625,0.308837890625,1.6419354838709677,49.75562072336266,0.0,0.0
6.293457068968564,96.50320469335502,-0.2569580078125,-0.68133544921875,0.60968017578125,0.31304931640625,1.6483870967741936,49.95112414467254,0.0032258064516129032,0.09775171065493646
6.309723465994466,96.50320469335502,-0.2569580078125,-0.68133544921875,0.60968017578125,0.31304931640625,1.6483870967741936,49.95112414467254,0.0,0.0
6.334267017955426,97.44492191097,-0.25164794921875,-0.6837158203125,0.606689453125,0.31805419921875,1.6483870967741936,49.95112414467254,0.0,0.0
6.349161179969087,97.44492191097,-0.25164794921875,-0.6837158203125,0.606689453125,0.31805419921875,1.6483870967741936,49.95112414467254,0.0,0.0
6.369486391951796,97.44492191097,-0.25164794921875,-0.6837158203125,0.606689453125,0.31805419921875,1.6483870967741936,49.95112414467254,0.0032258064516129032,0.09775171065493646
6.3944203239516355,98.428199217509,-0.24658203125,-0.68646240234375,0.60284423828125,0.32330322265625,1.6451612903225807,49.8533724340176,0.0,0.0
6.409676928946283,98.428199217509,-0.24658203125,-0.68646240234375,0.60284423828125,0.32330322265625,1.635483870967742,49.56011730205279,0.0,0.0
6.432928183989134,99.40218920477768,-0.24151611328125,-0.68927001953125,0.59893798828125,0.328369140625,1.6451612903225807,49.8533724340176,0.0032258064516129032,0.09775171065493646
6.44970038899919,99.40218920477768,-0.24151611328125,-0.68927001953125,0.59893798828125,0.328369140625,1.635483870967742,49.56011730205279,0.0,0.0
6.469958110945299,99.40218920477768,-0.24151611328125,-0.68927001953125,0.59893798828125,0.328369140625,1.635483870967742,49.56011730205279,0.0,0.0
6.496387737977784,100.44829007882858,-0.236572265625,-0.69207763671875,0.594482421875,0.334228515625,1.6483870967741936,49.95112414467254,0.0,0.0
6.509898783988319,100.44829007882858,-0.236572265625,-0.69207763671875,0.594482421875,0.334228515625,1.6290322580645162,49.36461388074292,0.0,0.0
6.5346861519501545,101.6407644994852,-0.2310791015625,-0.69427490234375,0.58978271484375,0.34161376953125,1.6096774193548384,48.77810361681329,0.0,0.0
6.549865633947775,101.6407644994852,-0.2310791015625,-0.69427490234375,0.58978271484375,0.34161376953125,1.6419354838709677,49.75562072336266,0.0,0.0
6.5699092369759455,101.6407644994852,-0.2310791015625,-0.69427490234375,0.58978271484375,0.34161376953125,1.6290322580645162,49.36461388074292,0.0,0.0
6.595362769963685,102.66744647087774,-0.22601318359375,-0.69635009765625,0.5858154296875,0.34759521484375,1.6161290322580644,48.97360703812317,0.0,0.0
6.609991290955804,102.66744647087774,-0.22601318359375,-0.69635009765625,0.5858154296875,0.34759521484375,1.6129032258064515,48.87585532746823,0.0,0.0
6.63497508096043,103.62112294755867,-0.2213134765625,-0.69854736328125,0.58184814453125,0.3529052734375,1.62258064516129,49.169110459433035,0.0,0.0
6.650072577001993,103.62112294755867,-0.2213134765625,-0.69854736328125,0.58184814453125,0.3529052734375,1.6161290322580644,48.97360703812317,0.0,0.0
6.670833034964744,103.62112294755867,-0.2213134765625,-0.69854736328125,0.58184814453125,0.3529052734375,1.632258064516129,49.462365591397855,0.0,0.0
6.695296999998391,104.49088336334113,-0.21795654296875,-0.70050048828125,0.57745361328125,0.3582763671875,1.596774193548387,48.38709677419355,0.0,0.0
6.7107003619894385,104.49088336334113,-0.21795654296875,-0.70050048828125,0.57745361328125,0.3582763671875,1.6193548387096772,49.071358748778096,0.0,0.0
6.734284587961156,105.37356930748336,-0.21514892578125,-0.70257568359375,0.5723876953125,0.36395263671875,1.6387096774193548,49.65786901270772,0.0,0.0
6.750752398977056,105.37356930748336,-0.21514892578125,-0.70257568359375,0.5723876953125,0.36395263671875,1.6290322580645162,49.36461388074292,0.0,0.0
6.7703753169626,105.37356930748336,-0.21514892578125,-0.70257568359375,0.5723876953125,0.36395263671875,1.6129032258064515,48.87585532746823,0.0,0.0
6.79561626596842,106.23556294834445,-0.21221923828125,-0.70404052734375,0.56793212890625,0.3697509765625,1.632258064516129,49.462365591397855,0.0,0.0
6.810649887949694,106.23556294834445,-0.21221923828125,-0.70404052734375,0.56793212890625,0.3697509765625,1.62258064516129,49.169110459433035,0.0,0.0
6.835376517963596,107.0620976558986,-0.2093505859375,-0.70550537109375,0.5635986328125,0.37518310546875,1.593548387096774,48.289345063538605,0.0,0.0
6.85222805297235,107.0620976558986,-0.2093505859375,-0.70550537109375,0.5635986328125,0.37518310546875,1.62258064516129,49.169110459433035,0.0,0.0
6.870851899962872,107.0620976558986,-0.2093505859375,-0.70550537109375,0.5635986328125,0.37518310546875,1.596774193548387,48.38709677419355,0.012903225806451613,0.39100684261974583
6.89545657299459,107.72188261086231,-0.20654296875,-0.7066650390625,0.560546875,0.37921142578125,1.6096774193548384,48.77810361681329,0.0,0.0
6.911221802001819,107.72188261086231,-0.20654296875,-0.7066650390625,0.560546875,0.37921142578125,1.6193548387096772,49.071358748778096,0.009677419354838708,0.29325513196480935
6.935656742949504,108.21644757490212,-0.20452880859375,-0.70782470703125,0.557861328125,0.38201904296875,1.6096774193548384,48.77810361681329,0.0,0.0
6.951019430998713,108.21644757490212,-0.20452880859375,-0.70782470703125,0.557861328125,0.38201904296875,1.6161290322580644,48.97360703812317,0.0,0.0
6.971037946001161,108.21644757490212,-0.20452880859375,-0.70782470703125,0.557861328125,0.38201904296875,1.635483870967742,49.56011730205279,0.0,0.0
6.995753150957171,108.47140619898934,-0.203369140625,-0.7083740234375,0.55657958984375,0.3834228515625,1.6161290322580644,48.97360703812317,0.0,0.0
7.01141530496534,108.47140619898934,-0.203369140625,-0.7083740234375,0.55657958984375,0.3834228515625,1.5999999999999999,48.484848484848484,0.0,0.0
7.036870468989946,108.53446908965871,-0.20269775390625,-0.7083740234375,0.55670166015625,0.3836669921875,1.6064516129032256,48.68035190615835,0.0,0.0
7.0512943439534865,108.53446908965871,-0.20269775390625,-0.7083740234375,0.55670166015625,0.3836669921875,1.6129032258064515,48.87585532746823,0.0,0.0
7.071325466968119,108.53446908965871,-0.20269775390625,-0.7083740234375,0.55670166015625,0.3836669921875,1.6161290322580644,48.97360703812317,0.0,0.0
7.096129665966146,108.46131224135759,-0.2025146484375,-0.70794677734375,0.55767822265625,0.3831787109375,1.6064516129032256,48.68035190615835,0.0,0.0
7.111821036960464,108.46131224135759,-0.2025146484375,-0.70794677734375,0.55767822265625,0.3831787109375,1.6161290322580644,48.97360703812317,0.0032258064516129032,0.09775171065493646
7.136734840983991,108.28291321603704,-0.2032470703125,-0.7073974609375,0.5587158203125,0.38226318359375,1.6064516129032256,48.68035190615835,0.0,0.0
7.1515834969468415,108.28291321603704,-0.2032470703125,-0.7073974609375,0.5587158203125,0.38226318359375,1.6096774193548384,48.77810361681329,0.0,0.0
7.171683069958817,108.28291321603704,-0.2032470703125,-0.7073974609375,0.5587158203125,0.38226318359375,1.5870967741935482,48.09384164222873,0.0032258064516129032,0.09775171065493646
7.196756301971618,108.07348626888849,-0.2041015625,-0.706787109375,0.5599365234375,0.38116455078125,1.6096774193548384,48.77810361681329,0.0,0.0
7.212742241972592,108.07348626888849,-0.2041015625,-0.706787109375,0.5599365234375,0.38116455078125,1.6032258064516127,48.58260019550342,0.0,0.0
7.23682856396772,107.85724671424799,-0.2049560546875,-0.706298828125,0.56103515625,0.3798828125,1.5870967741935482,48.09384164222873,0.0,0.0
7.251825768966228,107.85724671424799,-0.2049560546875,-0.706298828125,0.56103515625,0.3798828125,1.6161290322580644,48.97360703812317,0.0,0.0
7.272067937999964,107.85724671424799,-0.2049560546875,-0.706298828125,0.56103515625,0.3798828125,1.6032258064516127,48.58260019550342,0.0,0.0
7.2967497979989275,107.64230005997794,-0.20574951171875,-0.705810546875,0.562255859375,0.37860107421875,1.6096774193548384,48.77810361681329,0.0,0.0
7.3121137349517085,107.64230005997794,-0.20574951171875,-0.705810546875,0.562255859375,0.37860107421875,1.6032258064516127,48.58260019550342,0.0,0.0
7.3371134929475375,107.70414063006653,-0.2049560546875,-0.70489501953125,0.56317138671875,0.37945556640625,1.5999999999999999,48.484848484848484,0.0,0.0
7.352245037967805,107.70414063006653,-0.2049560546875,-0.70489501953125,0.56317138671875,0.37945556640625,1.62258064516129,49.169110459433035,0.0,0.0
7.372167068999261,107.70414063006653,-0.2049560546875,-0.70489501953125,0.56317138671875,0.37945556640625,1.6032258064516127,48.58260019550342,0.0,0.0
7.39713610598119,107.67581786140651,-0.20477294921875,-0.70428466796875,0.56390380859375,0.3795166015625,1.5999999999999999,48.484848484848484,0.0,0.0
7.412389254954178,107.67581786140651,-0.20477294921875,-0.70428466796875,0.56390380859375,0.3795166015625,1.590322580645161,48.19159335288367,0.009677419354838708,0.29325513196480935
7.437388084945269,107.69148780769439,-0.2047119140625,-0.70379638671875,0.564208984375,0.3800048828125,1.5774193548387094,47.800586510263926,0.0,0.0
7.452516110963188,107.69148780769439,-0.2047119140625,-0.70379638671875,0.564208984375,0.3800048828125,1.6129032258064515,48.87585532746823,0.0,0.0
7.472573761944659,107.69148780769439,-0.2047119140625,-0.70379638671875,0.564208984375,0.3800048828125,1.6064516129032256,48.68035190615835,0.009677419354838708,0.29325513196480935
7.497504525992554,107.70970444399195,-0.204833984375,-0.70355224609375,0.56414794921875,0.38043212890625,1.590322580645161,48.19159335288367,0.0,0.0
7.512954672973137,107.70970444399195,-0.204833984375,-0.70355224609375,0.56414794921875,0.38043212890625,1.6064516129032256,48.68035190615835,0.0032258064516129032,0.09775171065493646
7.538013024954125,107.70288637592905,-0.20501708984375,-0.703369140625,0.564208984375,0.380615234375,1.5999999999999999,48.484848484848484,0.0,0.0
7.552781966980547,107.70288637592905,-0.20501708984375,-0.703369140625,0.564208984375,0.380615234375,1.5838709677419354,47.9960899315738,0.0,0.0
7.57427377498243,107.70288637592905,-0.20501708984375,-0.703369140625,0.564208984375,0.380615234375,1.6419354838709677,49.75562072336266,0.0,0.0
7.597980372956954,107.71359016410375,-0.205078125,-0.7030029296875,0.56439208984375,0.38104248046875,1.5838709677419354,47.9960899315738,0.016129032258064516,0.4887585532746823
7.612543771974742,107.71359016410375,-0.205078125,-0.7030029296875,0.56439208984375,0.38104248046875,1.6290322580645162,49.36461388074292,0.0,0.0
7.6379140699864365,107.67882870779216,-0.2054443359375,-0.70281982421875,0.564453125,0.38104248046875,1.5999999999999999,48.484848484848484,0.0,0.0
7.653612256981432,107.67882870779216,-0.2054443359375,-0.70281982421875,0.564453125,0.38104248046875,1.5838709677419354,47.9960899315738,0.0,0.0
7.673145443957765,107.67882870779216,-0.2054443359375,-0.70281982421875,0.564453125,0.38104248046875,1.5999999999999999,48.484848484848484,0.0,0.0
7.698036718997173,107.64755151805512,-0.20574951171875,-0.70257568359375,0.56463623046875,0.381103515625,1.6290322580645162,49.36461388074292,0.0,0.0
7.713188041001558,107.64755151805512,-0.20574951171875,-0.70257568359375,0.56463623046875,0.381103515625,1.593548387096774,48.289345063538605,0.0032258064516129032,0.09775171065493646
7.737927789974492,107.62812685951361,-0.205810546875,-0.70245361328125,0.5648193359375,0.38104248046875,1.593548387096774,48.289345063538605,0.0,0.0
7.754586967988871,107.62812685951361,-0.205810546875,-0.70245361328125,0.5648193359375,0.38104248046875,1.6032258064516127,48.58260019550342,0.0,0.0
7.773605161986779,107.62812685951361,-0.205810546875,-0.70245361328125,0.5648193359375,0.38104248046875,1.593548387096774,48.289345063538605,0.0,0.0
7.798201419995166,107.60606858590549,-0.2059326171875,-0.70233154296875,0.56494140625,0.3809814453125,1.6096774193548384,48.77810361681329,0.0,0.0
7.813499241950922,107.60606858590549,-0.2059326171875,-0.70233154296875,0.56494140625,0.3809814453125,1.6032258064516127,48.58260019550342,0.0,0.0
7.837396277987864,107.60772166485503,-0.20574951171875,-0.7021484375,0.56524658203125,0.38104248046875,1.5870967741935482,48.09384164222873,0.0,0.0
7.853620592970401,107.60772166485503,-0.20574951171875,-0.7021484375,0.56524658203125,0.38104248046875,1.5838709677419354,47.9960899315738,0.0,0.0
7.87392231595004,107.60772166485503,-0.20574951171875,-0.7021484375,0.56524658203125,0.38104248046875,1.5741935483870966,47.702834799608986,0.0,0.0
7.898500556999352,107.61324801185309,-0.20556640625,-0.701904296875,0.56549072265625,0.38116455078125,1.590322580645161,48.19159335288367,0.0,0.0
7.913376669981517,107.61324801185309,-0.20556640625,-0.701904296875,0.56549072265625,0.38116455078125,1.5741935483870966,47.702834799608986,0.0,0.0
7.9394481419585645,107.60143861222585,-0.20556640625,-0.701904296875,0.5655517578125,0.38104248046875,1.5741935483870966,47.702834799608986,0.0,0.0
7.954274493968114,107.60143861222585,-0.20556640625,-0.701904296875,0.5655517578125,0.38104248046875,1.5741935483870966,47.702834799608986,0.0,0.0
7.974540087976493,107.60143861222585,-0.20556640625,-0.701904296875,0.5655517578125,0.38104248046875,1.5709677419354837,47.60508308895405,0.0,0.0
7.998933202994522,107.58717099606167,-0.20562744140625,-0.7017822265625,0.56573486328125,0.38104248046875,1.5838709677419354,47.9960899315738,0.0,0.0
8.023054372984916,107.58717099606167,-0.20562744140625,-0.7017822265625,0.56573486328125,0.38104248046875,1.558064516129032,47.21407624633431,0.0,0.0
8.038238527951762,107.55250464955212,-0.20587158203125,-0.70159912109375,0.56591796875,0.3809814453125,1.5838709677419354,47.9960899315738,0.0,0.0
8.05432584695518,107.55250464955212,-0.20587158203125,-0.70159912109375,0.56591796875,0.3809814453125,1.558064516129032,47.21407624633431,0.0,0.0
8.074597200960852,107.55250464955212,-0.20587158203125,-0.70159912109375,0.56591796875,0.3809814453125,1.5709677419354837,47.60508308895405,0.0,0.0
8.098403577983845,107.49924525030316,-0.20623779296875,-0.701416015625,0.56610107421875,0.38079833984375,1.5838709677419354,47.9960899315738,0.0,0.0
8.115118148969486,107.49924525030316,-0.20623779296875,-0.701416015625,0.56610107421875,0.38079833984375,1.596774193548387,48.38709677419355,0.0,0.0
8.138587266963441,107.4409871699297,-0.20648193359375,-0.70123291015625,0.56640625,0.3804931640625,1.5870967741935482,48.09384164222873,0.0,0.0
8.154588950972538,107.4409871699297,-0.20648193359375,-0.70123291015625,0.56640625,0.3804931640625,1.596774193548387,48.38709677419355,0.0,0.0
8.175340415968094,107.4409871699297,-0.20648193359375,-0.70123291015625,0.56640625,0.3804931640625,1.5709677419354837,47.60508308895405,0.0,0.0
8.198685530980583,107.37276969710898,-0.20660400390625,-0.700927734375,0.5670166015625,0.380126953125,1.596774193548387,48.38709677419355,0.0032258064516129032,0.09775171065493646
8.214743312972132,107.37276969710898,-0.20660400390625,-0.700927734375,0.5670166015625,0.380126953125,1.596774193548387,48.38709677419355,0.0,0.0
8.238801312982105,107.33216507435523,-0.20660400390625,-0.7005615234375,0.56756591796875,0.3800048828125,1.596774193548387,48.38709677419355,0.0,0.0
8.255079230992123,107.33216507435523,-0.20660400390625,-0.7005615234375,0.56756591796875,0.3800048828125,1.6032258064516127,48.58260019550342,0.009677419354838708,0.29325513196480935
8.275057550985366,107.33216507435523,-0.20660400390625,-0.7005615234375,0.56756591796875,0.3800048828125,1.6032258064516127,48.58260019550342,0.0,0.0
8.299946521990933,107.27212546999615,-0.20709228515625,-0.70037841796875,0.56768798828125,0.37982177734375,1.5806451612903225,47.898338220918866,0.0,0.0
8.31500657700235,107.27212546999615,-0.20709228515625,-0.70037841796875,0.56768798828125,0.37982177734375,1.5870967741935482,48.09384164222873,0.0,0.0
8.339146691956557,107.17871733914882,-0.20770263671875,-0.7001953125,0.5679931640625,0.37939453125,1.5806451612903225,47.898338220918866,0.0032258064516129032,0.09775171065493646
8.3547777729691,107.17871733914882,-0.20770263671875,-0.7001953125,0.5679931640625,0.37939453125,1.5709677419354837,47.60508308895405,0.0,0.0
8.37519719597185,107.17871733914882,-0.20770263671875,-0.7001953125,0.5679931640625,0.37939453125,1.5806451612903225,47.898338220918866,0.0,0.0
8.40046422596788,107.13548536319539,-0.207763671875,-0.6998291015625,0.5684814453125,0.3792724609375,1.558064516129032,47.21407624633431,0.0,0.0
8.415361395978834,107.13548536319539,-0.207763671875,-0.6998291015625,0.5684814453125,0.3792724609375,1.5806451612903225,47.898338220918866,0.0,0.0
8.439311424968764,107.1001990219946,-0.2076416015625,-0.699462890625,0.56915283203125,0.379150390625,1.5677419354838709,47.507331378299114,0.0,0.0
8.455395255994517,107.1001990219946,-0.2076416015625,-0.699462890625,0.56915283203125,0.379150390625,1.5806451612903225,47.898338220918866,0.0,0.0
8.476083742978517,107.1001990219946,-0.2076416015625,-0.699462890625,0.56915283203125,0.379150390625,1.5451612903225804,46.82306940371456,0.0,0.0
8.499532060988713,106.98312270405599,-0.2078857421875,-0.69891357421875,0.57012939453125,0.3785400390625,1.5741935483870966,47.702834799608986,0.0064516129032258064,0.19550342130987292
8.515750903985463,106.98312270405599,-0.2078857421875,-0.69891357421875,0.57012939453125,0.3785400390625,1.5838709677419354,47.9960899315738,0.0,0.0
8.539694596955087,106.73936421721245,-0.20855712890625,-0.697998046875,0.5718994140625,0.377197265625,1.5677419354838709,47.507331378299114,0.0,0.0
8.555674648960121,106.73936421721245,-0.20855712890625,-0.697998046875,0.5718994140625,0.377197265625,1.590322580645161,48.19159335288367,0.0,0.0
8.57583828800125,106.73936421721245,-0.20855712890625,-0.697998046875,0.5718994140625,0.377197265625,1.5677419354838709,47.507331378299114,0.0,0.0
8.599751483998261,106.42093404719628,-0.20989990234375,-0.69708251953125,0.5736083984375,0.37548828125,1.5806451612903225,47.898338220918866,0.0,0.0
8.61594626196893,106.42093404719628,-0.20989990234375,-0.69708251953125,0.5736083984375,0.37548828125,1.5741935483870966,47.702834799608986,0.0064516129032258064,0.19550342130987292
8.640144010947552,105.87241727412243,-0.2125244140625,-0.69525146484375,0.5765380859375,0.3729248046875,1.5709677419354837,47.60508308895405,0.0,0.0
8.656871733954176,105.87241727412243,-0.2125244140625,-0.69525146484375,0.5765380859375,0.3729248046875,1.5548387096774192,47.11632453567937,0.0,0.0
8.676039597950876,105.87241727412243,-0.2125244140625,-0.69525146484375,0.5765380859375,0.3729248046875,1.558064516129032,47.21407624633431,0.0,0.0
8.700124734954443,105.21232640122942,-0.2158203125,-0.6932373046875,0.57977294921875,0.3697509765625,1.5516129032258064,47.018572825024435,0.0,0.0
8.716007375973277,105.21232640122942,-0.2158203125,-0.6932373046875,0.57977294921875,0.3697509765625,1.5516129032258064,47.018572825024435,0.0,0.0
8.740475052967668,104.37879264385016,-0.21929931640625,-0.690673828125,0.58428955078125,0.36529541015625,1.5451612903225804,46.82306940371456,0.0,0.0
8.756275163963437,104.37879264385016,-0.21929931640625,-0.690673828125,0.58428955078125,0.36529541015625,1.5419354838709676,46.72531769305962,0.0,0.0
8.77650574798463,104.37879264385016,-0.21929931640625,-0.690673828125,0.58428955078125,0.36529541015625,1.525806451612903,46.236559139784944,0.0,0.0
8.800326140946709,103.58192834382785,-0.22283935546875,-0.68829345703125,0.58837890625,0.361083984375,1.525806451612903,46.236559139784944,0.0,0.0
8.816397747956216,103.58192834382785,-0.22283935546875,-0.68829345703125,0.58837890625,0.361083984375,1.5387096774193547,46.62756598240469,0.0032258064516129032,0.09775171065493646
8.841358944948297,102.79721232756141,-0.22637939453125,-0.68585205078125,0.59234619140625,0.35699462890625,1.532258064516129,46.432062561094824,0.0,0.0
8.85652738698991,102.79721232756141,-0.22637939453125,-0.68585205078125,0.59234619140625,0.35699462890625,1.5,45.45454545454546,0.0,0.0
8.876556269999128,102.79721232756141,-0.22637939453125,-0.68585205078125,0.59234619140625,0.35699462890625,1.532258064516129,46.432062561094824,0.0,0.0
8.900744833983481,101.94492119054694,-0.23016357421875,-0.68353271484375,0.596435546875,0.35223388671875,1.5225806451612902,46.138807429130004,0.0,0.0
8.917085632972885,101.94492119054694,-0.23016357421875,-0.68353271484375,0.596435546875,0.35223388671875,1.5387096774193547,46.62756598240469,0.0,0.0
8.939901706995443,101.07949845414169,-0.23388671875,-0.680908203125,0.60076904296875,0.34747314453125,1.5451612903225804,46.82306940371456,0.0032258064516129032,0.09775171065493646
8.957226248981897,101.07949845414169,-0.23388671875,-0.680908203125,0.60076904296875,0.34747314453125,1.532258064516129,46.432062561094824,0.0,0.0
8.976906575961038,101.07949845414169,-0.23388671875,-0.680908203125,0.60076904296875,0.34747314453125,1.5161290322580645,45.94330400782014,0.0,0.0
9.001215592958033,101.0173338957551,-0.23333740234375,-0.6810302734375,0.6014404296875,0.34637451171875,1.5161290322580645,45.94330400782014,0.0,0.0
9.017770126985852,101.0173338957551,-0.23333740234375,-0.6810302734375,0.6014404296875,0.34637451171875,1.532258064516129,46.432062561094824,0.0032258064516129032,0.09775171065493646
9.041176842991263,100.60721970610675,-0.234619140625,-0.67987060546875,0.60382080078125,0.34375,1.532258064516129,46.432062561094824,0.0064516129032258064,0.19550342130987292
9.057334435987286,100.60721970610675,-0.234619140625,-0.67987060546875,0.60382080078125,0.34375,1.5193548387096774,46.04105571847507,0.0,0.0
9.077198416984174,100.60721970610675,-0.234619140625,-0.67987060546875,0.60382080078125,0.34375,1.5096774193548386,45.74780058651026,0.0,0.0
9.100739249959588,99.9304317206303,-0.23748779296875,-0.6781005859375,0.60693359375,0.3397216796875,1.5129032258064514,45.8455522971652,0.0,0.0
9.117350392974913,99.9304317206303,-0.23748779296875,-0.6781005859375,0.60693359375,0.3397216796875,1.529032258064516,46.33431085043988,0.0,0.0
9.140895481978077,99.07225232730283,-0.241455078125,-0.67596435546875,0.61053466796875,0.334716796875,1.5064516129032257,45.650048875855326,0.0,0.0
9.15733423596248,99.07225232730283,-0.241455078125,-0.67596435546875,0.61053466796875,0.334716796875,1.532258064516129,46.432062561094824,0.0,0.0
9.177601269970182,99.07225232730283,-0.241455078125,-0.67596435546875,0.61053466796875,0.334716796875,1.532258064516129,46.432062561094824,0.0,0.0
9.203269239980727,98.23386578182559,-0.24591064453125,-0.67413330078125,0.61334228515625,0.3299560546875,1.564516129032258,47.40957966764419,0.0,0.0
9.217675770982169,98.23386578182559,-0.24591064453125,-0.67413330078125,0.61334228515625,0.3299560546875,1.525806451612903,46.236559139784944,0.0,0.0
9.240895696973894,97.41577607559543,-0.25030517578125,-0.672119140625,0.6162109375,0.32550048828125,1.5387096774193547,46.62756598240469,0.0,0.0
9.258018376945984,97.41577607559543,-0.25030517578125,-0.672119140625,0.6162109375,0.32550048828125,1.529032258064516,46.33431085043988,0.0,0.0
9.27796367299743,97.41577607559543,-0.25030517578125,-0.672119140625,0.6162109375,0.32550048828125,1.525806451612903,46.236559139784944,0.0,0.0
9.301239856984466,96.61709806619342,-0.25482177734375,-0.67041015625,0.6185302734375,0.321044921875,1.532258064516129,46.432062561094824,0.0,0.0
9.317942010995466,96.61709806619342,-0.25482177734375,-0.67041015625,0.6185302734375,0.321044921875,1.5193548387096774,46.04105571847507,0.0,0.0
9.342395991960075,95.63932380466409,-0.260009765625,-0.66802978515625,0.62176513671875,0.3155517578125,1.529032258064516,46.33431085043988,0.0,0.0
9.358319497958291,95.63932380466409,-0.260009765625,-0.66802978515625,0.62176513671875,0.3155517578125,1.532258064516129,46.432062561094824,0.0,0.0
9.391184749954846,95.63932380466409,-0.260009765625,-0.66802978515625,0.62176513671875,0.3155517578125,1.5225806451612902,46.138807429130004,0.0,0.0
9.407134912966285,94.58072809975089,-0.26544189453125,-0.66534423828125,0.6253662109375,0.30950927734375,1.5709677419354837,47.60508308895405,0.0,0.0
9.426216725958511,94.58072809975089,-0.26544189453125,-0.66534423828125,0.6253662109375,0.30950927734375,1.5354838709677419,46.52981427174975,0.0,0.0
9.468494463944808,93.52598079675877,-0.27069091796875,-0.6624755859375,0.62908935546875,0.303466796875,1.5225806451612902,46.138807429130004,0.0,0.0
9.468905644956976,93.52598079675877,-0.27069091796875,-0.6624755859375,0.62908935546875,0.303466796875,1.532258064516129,46.432062561094824,0.0,0.0
9.489040514978115,93.52598079675877,-0.27069091796875,-0.6624755859375,0.62908935546875,0.303466796875,1.5387096774193547,46.62756598240469,0.0,0.0
9.509115766966715,92.57058436542725,-0.275634765625,-0.65985107421875,0.63226318359375,0.298095703125,1.5741935483870966,47.702834799608986,0.016129032258064516,0.4887585532746823
9.52919402695261,92.57058436542725,-0.275634765625,-0.65985107421875,0.63226318359375,0.298095703125,1.5451612903225804,46.82306940371456,0.019354838709677417,0.5865102639296187
9.549269949959125,91.56761256759917,-0.28070068359375,-0.656982421875,0.63568115234375,0.29241943359375,1.5387096774193547,46.62756598240469,0.0,0.0
9.56934932997683,91.56761256759917,-0.28070068359375,-0.656982421875,0.63568115234375,0.29241943359375,1.525806451612903,46.236559139784944,0.0,0.0
9.589422885968816,91.56761256759917,-0.28070068359375,-0.656982421875,0.63568115234375,0.29241943359375,1.5451612903225804,46.82306940371456,0.0,0.0
9.609474778000731,90.49516200827344,-0.2861328125,-0.65374755859375,0.63934326171875,0.28643798828125,1.5225806451612902,46.138807429130004,0.0,0.0
9.629531436949037,90.49516200827344,-0.2861328125,-0.65374755859375,0.63934326171875,0.28643798828125,1.525806451612903,46.236559139784944,0.0032258064516129032,0.09775171065493646
9.649616000999231,89.29276888632434,-0.2923583984375,-0.6502685546875,0.64300537109375,0.27960205078125,1.5451612903225804,46.82306940371456,0.0,0.0
9.669702100974973,89.29276888632434,-0.2923583984375,-0.6502685546875,0.64300537109375,0.27960205078125,1.5354838709677419,46.52981427174975,0.0,0.0
9.689749191980809,89.29276888632434,-0.2923583984375,-0.6502685546875,0.64300537109375,0.27960205078125,1.5387096774193547,46.62756598240469,0.0,0.0
9.709806267987005,87.93842138333808,-0.29913330078125,-0.645751953125,0.64764404296875,0.27215576171875,1.525806451612903,46.236559139784944,0.0,0.0
9.729911823989823,87.93842138333808,-0.29913330078125,-0.645751953125,0.64764404296875,0.27215576171875,1.5451612903225804,46.82306940371456,0.0,0.0
9.749966883973684,86.52251273384185,-0.306396484375,-0.64141845703125,0.65185546875,0.26409912109375,1.5354838709677419,46.52981427174975,0.0,0.0
9.770095224957913,86.52251273384185,-0.306396484375,-0.64141845703125,0.65185546875,0.26409912109375,1.561290322580645,47.31182795698924,0.0064516129032258064,0.19550342130987292
9.790131755988114,86.52251273384185,-0.306396484375,-0.64141845703125,0.65185546875,0.26409912109375,1.5451612903225804,46.82306940371456,0.0064516129032258064,0.19550342130987292
9.810222239990253,85.1467829835446,-0.31317138671875,-0.6370849609375,0.65606689453125,0.256103515625,1.558064516129032,47.21407624633431,0.0,0.0
9.830305780982599,85.1467829835446,-0.31317138671875,-0.6370849609375,0.65606689453125,0.256103515625,1.5548387096774192,47.11632453567937,0.0,0.0
9.850397736998275,83.92743322157068,-0.31878662109375,-0.63238525390625,0.6605224609375,0.24932861328125,1.5419354838709676,46.72531769305962,0.0,0.0
9.870482717000414,83.92743322157068,-0.31878662109375,-0.63238525390625,0.6605224609375,0.24932861328125,1.5387096774193547,46.62756598240469,0.0,0.0
9.892837207997218,83.92743322157068,-0.31878662109375,-0.63238525390625,0.6605224609375,0.24932861328125,1.5451612903225804,46.82306940371456,0.0,0.0
9.912923403957393,82.7660263578492,-0.32373046875,-0.626953125,0.66552734375,0.24322509765625,1.5354838709677419,46.52981427174975,0.0,0.0
9.933008352993056,82.7660263578492,-0.32373046875,-0.626953125,0.66552734375,0.24322509765625,1.5870967741935482,48.09384164222873,0.0032258064516129032,0.09775171065493646
9.953061875945423,81.69315281142502,-0.328857421875,-0.62286376953125,0.66900634765625,0.23724365234375,1.564516129032258,47.40957966764419,0.009677419354838708,0.29325513196480935
9.973098438000306,81.69315281142502,-0.328857421875,-0.62286376953125,0.66900634765625,0.23724365234375,1.5419354838709676,46.72531769305962,0.0,0.0
9.993151929986198,81.69315281142502,-0.328857421875,-0.62286376953125,0.66900634765625,0.23724365234375,1.5419354838709676,46.72531769305962,0.0,0.0
10.013222668960225,80.46865599618441,-0.33465576171875,-0.61865234375,0.67254638671875,0.22998046875,1.564516129032258,47.40957966764419,0.0,0.0
10.033364962961059,80.46865599618441,-0.33465576171875,-0.61865234375,0.67254638671875,0.22998046875,1.5354838709677419,46.52981427174975,0.0,0.0
10.053378388984129,79.19895061275284,-0.3409423828125,-0.61431884765625,0.6759033203125,0.22259521484375,1.5451612903225804,46.82306940371456,0.0,0.0
10.073492873983923,79.19895061275284,-0.3409423828125,-0.61431884765625,0.6759033203125,0.22259521484375,1.5451612903225804,46.82306940371456,0.0,0.0
10.093570845958311,79.19895061275284,-0.3409423828125,-0.61431884765625,0.6759033203125,0.22259521484375,1.5193548387096774,46.04105571847507,0.0,0.0
10.113659666967578,78.03643794611517,-0.34674072265625,-0.61029052734375,0.67877197265625,0.2158203125,1.5516129032258064,47.018572825024435,0.0,0.0
10.133738150994759,78.03643794611517,-0.34674072265625,-0.61029052734375,0.67877197265625,0.2158203125,1.558064516129032,47.21407624633431,0.0,0.0
10.153809497947805,76.94613896124929,-0.3515625,-0.606201171875,0.6820068359375,0.209228515625,1.5516129032258064,47.018572825024435,0.0,0.0
10.17389367800206,76.94613896124929,-0.3515625,-0.606201171875,0.6820068359375,0.209228515625,1.532258064516129,46.432062561094824,0.0064516129032258064,0.19550342130987292
10.193968673993368,76.94613896124929,-0.3515625,-0.606201171875,0.6820068359375,0.209228515625,1.532258064516129,46.432062561094824,0.0,0.0
10.214071734983008,75.93265194485231,-0.35552978515625,-0.60174560546875,0.68572998046875,0.20318603515625,1.5354838709677419,46.52981427174975,0.0,0.0
10.234135722974315,75.93265194485231,-0.35552978515625,-0.60174560546875,0.68572998046875,0.20318603515625,1.5483870967741935,46.9208211143695,0.0,0.0
10.25421548698796,75.02044307908255,-0.359130859375,-0.59759521484375,0.68902587890625,0.19781494140625,1.5516129032258064,47.018572825024435,0.0,0.0
10.274293618975207,75.02044307908255,-0.359130859375,-0.59759521484375,0.68902587890625,0.19781494140625,1.558064516129032,47.21407624633431,0.0,0.0
10.294383334985469,75.02044307908255,-0.359130859375,-0.59759521484375,0.68902587890625,0.19781494140625,1.564516129032258,47.40957966764419,0.0,0.0
10.314473594946321,74.13883072191231,-0.36322021484375,-0.594482421875,0.69110107421875,0.1923828125,1.5387096774193547,46.62756598240469,0.0,0.0
10.33456289494643,74.13883072191231,-0.36322021484375,-0.594482421875,0.69110107421875,0.1923828125,1.5419354838709676,46.72531769305962,0.0032258064516129032,0.09775171065493646
10.354636674979702,73.26576838634941,-0.36724853515625,-0.59100341796875,0.693359375,0.187255859375,1.5483870967741935,46.9208211143695,0.0,0.0
10.374722519947682,73.26576838634941,-0.36724853515625,-0.59100341796875,0.693359375,0.187255859375,1.558064516129032,47.21407624633431,0.0,0.0
10.394799114961643,73.26576838634941,-0.36724853515625,-0.59100341796875,0.693359375,0.187255859375,1.558064516129032,47.21407624633431,0.0,0.0
10.414920544950292,72.65898299056602,-0.3701171875,-0.58868408203125,0.69476318359375,0.18365478515625,1.5483870967741935,46.9208211143695,0.0,0.0
10.43498840398388,72.65898299056602,-0.3701171875,-0.58868408203125,0.69476318359375,0.18365478515625,1.5774193548387094,47.800586510263926,0.0032258064516129032,0.09775171065493646
10.455035910999868,72.03967027019598,-0.37274169921875,-0.58575439453125,0.69677734375,0.18017578125,1.5483870967741935,46.9208211143695,0.0,0.0
10.475068025989458,72.03967027019598,-0.37274169921875,-0.58575439453125,0.69677734375,0.18017578125,1.5709677419354837,47.60508308895405,0.0,0.0
10.495128620998003,72.03967027019598,-0.37274169921875,-0.58575439453125,0.69677734375,0.18017578125,1.5483870967741935,46.9208211143695,0.0,0.0
10.515190496982541,71.38667619236558,-0.37548828125,-0.5821533203125,0.69915771484375,0.17681884765625,1.5677419354838709,47.507331378299114,0.0,0.0
10.535333014966454,71.38667619236558,-0.37548828125,-0.5821533203125,0.69915771484375,0.17681884765625,1.5774193548387094,47.800586510263926,0.009677419354838708,0.29325513196480935
10.555368968984112,70.72840635932384,-0.37860107421875,-0.5784912109375,0.7012939453125,0.1737060546875,1.5516129032258064,47.018572825024435,0.0,0.0
10.575427484989632,70.72840635932384,-0.37860107421875,-0.5784912109375,0.7012939453125,0.1737060546875,1.561290322580645,47.31182795698924,0.0,0.0
10.595488111954182,70.72840635932384,-0.37860107421875,-0.5784912109375,0.7012939453125,0.1737060546875,1.5741935483870966,47.702834799608986,0.0,0.0
10.615565027983394,70.08627233756569,-0.3817138671875,-0.576171875,0.70245361328125,0.1697998046875,1.5677419354838709,47.507331378299114,0.0064516129032258064,0.19550342130987292
10.635622518952005,70.08627233756569,-0.3817138671875,-0.576171875,0.70245361328125,0.1697998046875,1.5741935483870966,47.702834799608986,0.0,0.0
10.655700074974447,69.27846640592738,-0.3851318359375,-0.57269287109375,0.70458984375,0.1649169921875,1.5806451612903225,47.898338220918866,0.0,0.0
10.675763134961016,69.27846640592738,-0.3851318359375,-0.57269287109375,0.70458984375,0.1649169921875,1.590322580645161,48.19159335288367,0.0,0.0
10.695859442988876,69.27846640592738,-0.3851318359375,-0.57269287109375,0.70458984375,0.1649169921875,1.5806451612903225,47.898338220918866,0.0032258064516129032,0.09775171065493646
10.71590400597779,68.51163636721847,-0.38800048828125,-0.56884765625,0.70721435546875,0.160400390625,1.5838709677419354,47.9960899315738,0.0,0.0
10.735969241999555,68.51163636721847,-0.38800048828125,-0.56884765625,0.70721435546875,0.160400390625,1.5677419354838709,47.507331378299114,0.0,0.0
10.75602794898441,67.78412091223855,-0.39013671875,-0.5650634765625,0.7100830078125,0.15570068359375,1.5709677419354837,47.60508308895405,0.0,0.0
10.776092672953382,67.78412091223855,-0.39013671875,-0.5650634765625,0.7100830078125,0.15570068359375,1.5709677419354837,47.60508308895405,0.0,0.0
10.796153395960573,67.78412091223855,-0.39013671875,-0.5650634765625,0.7100830078125,0.15570068359375,1.5741935483870966,47.702834799608986,0.0,0.0
10.816222855995875,67.29526998653654,-0.39227294921875,-0.5638427734375,0.710693359375,0.15216064453125,1.5870967741935482,48.09384164222873,0.0,0.0
10.836290810955688,67.29526998653654,-0.39227294921875,-0.5638427734375,0.710693359375,0.15216064453125,1.5838709677419354,47.9960899315738,0.0,0.0
10.856357230979484,67.0652075537543,-0.39324951171875,-0.5638427734375,0.7105712890625,0.1500244140625,1.5451612903225804,46.82306940371456,0.0,0.0
10.876426850969438,67.0652075537543,-0.39324951171875,-0.5638427734375,0.7105712890625,0.1500244140625,1.5806451612903225,47.898338220918866,0.0,0.0
10.896496597968508,67.0652075537543,-0.39324951171875,-0.5638427734375,0.7105712890625,0.1500244140625,1.6161290322580644,48.97360703812317,0.0,0.0
10.916566697997041,67.15412410697067,-0.39263916015625,-0.56475830078125,0.710205078125,0.1500244140625,1.6129032258064515,48.87585532746823,0.009677419354838708,0.29325513196480935
10.936633181001525,67.15412410697067,-0.39263916015625,-0.56475830078125,0.710205078125,0.1500244140625,1.593548387096774,48.289345063538605,0.0,0.0
10.956732209946495,67.39565208185802,-0.39166259765625,-0.56646728515625,0.70916748046875,0.15106201171875,1.6032258064516127,48.58260019550342,0.0,0.0
10.976776836963836,67.39565208185802,-0.39166259765625,-0.56646728515625,0.70916748046875,0.15106201171875,1.5870967741935482,48.09384164222873,0.0,0.0
10.99687112896936,67.39565208185802,-0.39166259765625,-0.56646728515625,0.70916748046875,0.15106201171875,1.561290322580645,47.31182795698924,0.0032258064516129032,0.09775171065493646
11.017025775974616,67.60794797821866,-0.39111328125,-0.56829833984375,0.70782470703125,0.1519775390625,1.558064516129032,47.21407624633431,0.0,0.0
11.037207558983937,67.60794797821866,-0.39111328125,-0.56829833984375,0.70782470703125,0.1519775390625,1.590322580645161,48.19159335288367,0.0,0.0
11.057327579997946,67.73072163560852,-0.390869140625,-0.56964111328125,0.706787109375,0.15234375,1.596774193548387,48.38709677419355,0.0,0.0
11.077329485968221,67.73072163560852,-0.390869140625,-0.56964111328125,0.706787109375,0.15234375,1.5870967741935482,48.09384164222873,0.0,0.0
11.097324094967917,67.73072163560852,-0.390869140625,-0.56964111328125,0.706787109375,0.15234375,1.5838709677419354,47.9960899315738,0.0,0.0
11.117414034961257,67.78337758886559,-0.39080810546875,-0.570068359375,0.7064208984375,0.15264892578125,1.590322580645161,48.19159335288367,0.0,0.0
11.137474438990466,67.78337758886559,-0.39080810546875,-0.570068359375,0.7064208984375,0.15264892578125,1.5741935483870966,47.702834799608986,0.0,0.0
11.157543673994951,67.79471975868867,-0.39056396484375,-0.57000732421875,0.70660400390625,0.15264892578125,1.5709677419354837,47.60508308895405,0.012903225806451613,0.39100684261974583
11.177650670986623,67.79471975868867,-0.39056396484375,-0.57000732421875,0.70660400390625,0.15264892578125,1.590322580645161,48.19159335288367,0.0,0.0
11.197720930969808,67.79471975868867,-0.39056396484375,-0.57000732421875,0.70660400390625,0.15264892578125,1.596774193548387,48.38709677419355,0.0032258064516129032,0.09775171065493646
11.217794998956379,67.77533450428193,-0.39044189453125,-0.5703125,0.70654296875,0.152099609375,1.5806451612903225,47.898338220918866,0.0,0.0
11.237892362987623,67.77533450428193,-0.39044189453125,-0.5703125,0.70654296875,0.152099609375,1.5838709677419354,47.9960899315738,0.0,0.0
11.25791519699851,67.45458962697766,-0.3917236328125,-0.56927490234375,0.7071533203125,0.14984130859375,1.561290322580645,47.31182795698924,0.0,0.0
11.277977200981695,67.45458962697766,-0.3917236328125,-0.56927490234375,0.7071533203125,0.14984130859375,1.564516129032258,47.40957966764419,0.0,0.0
11.298103941953741,67.45458962697766,-0.3917236328125,-0.56927490234375,0.7071533203125,0.14984130859375,1.5774193548387094,47.800586510263926,0.0064516129032258064,0.19550342130987292
11.318168953992426,67.24842597523349,-0.39263916015625,-0.56878662109375,0.70733642578125,0.1483154296875,1.558064516129032,47.21407624633431,0.0,0.0
11.338240332959685,67.24842597523349,-0.39263916015625,-0.56878662109375,0.70733642578125,0.1483154296875,1.5741935483870966,47.702834799608986,0.0,0.0
11.358315904974006,67.12210958942819,-0.39312744140625,-0.56842041015625,0.70758056640625,0.14739990234375,1.596774193548387,48.38709677419355,0.012903225806451613,0.39100684261974583
11.37845717498567,67.12210958942819,-0.39312744140625,-0.56842041015625,0.70758056640625,0.14739990234375,1.5774193548387094,47.800586510263926,0.0,0.0
11.39848458499182,67.12210958942819,-0.39312744140625,-0.56842041015625,0.70758056640625,0.14739990234375,1.558064516129032,47.21407624633431,0.0,0.0
11.418526491965167,67.07310678978205,-0.3931884765625,-0.56817626953125,0.707763671875,0.14697265625,1.6161290322580644,48.97360703812317,0.0,0.0
11.438586703967303,67.07310678978205,-0.3931884765625,-0.56817626953125,0.707763671875,0.14697265625,1.5838709677419354,47.9960899315738,0.0,0.0
11.458722948969807,67.02074315325883,-0.393310546875,-0.568115234375,0.7078857421875,0.146484375,1.558064516129032,47.21407624633431,0.0,0.0
11.478746775945183,67.02074315325883,-0.393310546875,-0.568115234375,0.7078857421875,0.146484375,1.5838709677419354,47.9960899315738,0.0,0.0
11.498861548956484,67.02074315325883,-0.393310546875,-0.568115234375,0.7078857421875,0.146484375,1.5806451612903225,47.898338220918866,0.0,0.0
11.518973313970491,66.94742072536697,-0.3935546875,-0.568115234375,0.7078857421875,0.145751953125,1.5741935483870966,47.702834799608986,0.0032258064516129032,0.09775171065493646
11.538986034982372,66.94742072536697,-0.3935546875,-0.568115234375,0.7078857421875,0.145751953125,1.590322580645161,48.19159335288367,0.019354838709677417,0.5865102639296187
11.559044838999398,66.92502663152915,-0.3936767578125,-0.5684814453125,0.7076416015625,0.14532470703125,1.5741935483870966,47.702834799608986,0.0,0.0
11.579094585962594,66.92502663152915,-0.3936767578125,-0.5684814453125,0.7076416015625,0.14532470703125,1.558064516129032,47.21407624633431,0.0,0.0
11.59916014096234,66.92502663152915,-0.3936767578125,-0.5684814453125,0.7076416015625,0.14532470703125,1.5774193548387094,47.800586510263926,0.0032258064516129032,0.09775171065493646
11.619235456979368,66.90149549961839,-0.393798828125,-0.56878662109375,0.7073974609375,0.1448974609375,1.5774193548387094,47.800586510263926,0.0,0.0
11.63929752499098,66.90149549961839,-0.393798828125,-0.56878662109375,0.7073974609375,0.1448974609375,1.5709677419354837,47.60508308895405,0.0,0.0
11.659363783954177,66.91790480123909,-0.39373779296875,-0.5692138671875,0.7071533203125,0.144775390625,1.564516129032258,47.40957966764419,0.0,0.0
11.679428987961728,66.91790480123909,-0.39373779296875,-0.5692138671875,0.7071533203125,0.144775390625,1.5774193548387094,47.800586510263926,0.016129032258064516,0.4887585532746823
11.699557328945957,66.91790480123909,-0.39373779296875,-0.5692138671875,0.7071533203125,0.144775390625,1.561290322580645,47.31182795698924,0.0,0.0
11.719679525995161,66.93298418577055,-0.39361572265625,-0.5692138671875,0.7071533203125,0.14483642578125,1.5516129032258064,47.018572825024435,0.0,0.0
11.739743353973608,66.93298418577055,-0.39361572265625,-0.5692138671875,0.7071533203125,0.14483642578125,1.5387096774193547,46.62756598240469,0.0,0.0
11.759819117956795,66.96015881835204,-0.3935546875,-0.56951904296875,0.7069091796875,0.1448974609375,1.525806451612903,46.236559139784944,0.0,0.0
11.779867296980228,66.96015881835204,-0.3935546875,-0.56951904296875,0.7069091796875,0.1448974609375,1.525806451612903,46.236559139784944,0.0,0.0
11.799916563963052,66.96015881835204,-0.3935546875,-0.56951904296875,0.7069091796875,0.1448974609375,1.532258064516129,46.432062561094824,0.0,0.0
11.820038728998043,66.94311627835928,-0.3936767578125,-0.5693359375,0.70697021484375,0.1448974609375,1.5225806451612902,46.138807429130004,0.0,0.0
11.840087355987635,66.94311627835928,-0.3936767578125,-0.5693359375,0.70697021484375,0.1448974609375,1.5161290322580645,45.94330400782014,0.0,0.0
11.860148078994825,66.93428054972809,-0.39373779296875,-0.5694580078125,0.7069091796875,0.144775390625,1.5225806451612902,46.138807429130004,0.0064516129032258064,0.19550342130987292
11.880206562986132,66.93428054972809,-0.39373779296875,-0.5694580078125,0.7069091796875,0.144775390625,1.525806451612903,46.236559139784944,0.0,0.0
11.900300118955784,66.93428054972809,-0.39373779296875,-0.5694580078125,0.7069091796875,0.144775390625,1.5,45.45454545454546,0.0,0.0
11.920408683945425,66.9057400207079,-0.39385986328125,-0.569580078125,0.706787109375,0.1444091796875,1.532258064516129,46.432062561094824,0.0,0.0
11.940507839957718,66.9057400207079,-0.39385986328125,-0.569580078125,0.706787109375,0.1444091796875,1.4870967741935484,45.06353861192571,0.0,0.0
11.960547698952723,66.85825091223462,-0.39410400390625,-0.569580078125,0.706787109375,0.14404296875,1.532258064516129,46.432062561094824,0.0,0.0
11.980685096990783,66.85825091223462,-0.39410400390625,-0.569580078125,0.706787109375,0.14404296875,1.5193548387096774,46.04105571847507,0.0,0.0
12.00071388296783,66.85825091223462,-0.39410400390625,-0.569580078125,0.706787109375,0.14404296875,1.4806451612903224,44.868035190615835,0.0,0.0
12.02074177400209,66.81289144512249,-0.39434814453125,-0.5694580078125,0.706787109375,0.14373779296875,1.467741935483871,44.4770283479961,0.0,0.0
12.040917059988715,66.81289144512249,-0.39434814453125,-0.5694580078125,0.706787109375,0.14373779296875,1.5032258064516129,45.552297165200386,0.0,0.0
12.060965046985075,66.76343075106627,-0.39459228515625,-0.56927490234375,0.70684814453125,0.1434326171875,1.467741935483871,44.4770283479961,0.0,0.0
12.081008649955038,66.76343075106627,-0.39459228515625,-0.56927490234375,0.70684814453125,0.1434326171875,1.5,45.45454545454546,0.0,0.0
12.101073949947022,66.76343075106627,-0.39459228515625,-0.56927490234375,0.70684814453125,0.1434326171875,1.496774193548387,45.35679374389051,0.0,0.0
12.12118965096306,66.73686067722434,-0.39483642578125,-0.5694580078125,0.7066650390625,0.1431884765625,1.496774193548387,45.35679374389051,0.0,0.0
12.141254149959423,66.73686067722434,-0.39483642578125,-0.5694580078125,0.7066650390625,0.1431884765625,1.5,45.45454545454546,0.0,0.0
12.161335801996756,66.71261139068851,-0.39495849609375,-0.569580078125,0.70654296875,0.14288330078125,1.5129032258064514,45.8455522971652,0.0,0.0
12.181424846989103,66.71261139068851,-0.39495849609375,-0.569580078125,0.70654296875,0.14288330078125,1.532258064516129,46.432062561094824,0.0,0.0
12.201484769990202,66.71261139068851,-0.39495849609375,-0.569580078125,0.70654296875,0.14288330078125,1.525806451612903,46.236559139784944,0.0,0.0
12.22153358894866,66.70710912214722,-0.39483642578125,-0.56964111328125,0.70654296875,0.14263916015625,1.525806451612903,46.236559139784944,0.0,0.0
12.241604231996462,66.70710912214722,-0.39483642578125,-0.56964111328125,0.70654296875,0.14263916015625,1.5225806451612902,46.138807429130004,0.0,0.0
12.261677819944452,66.71841457590895,-0.3946533203125,-0.57000732421875,0.7064208984375,0.14239501953125,1.5419354838709676,46.72531769305962,0.0,0.0
12.281785232946277,66.71841457590895,-0.3946533203125,-0.57000732421875,0.7064208984375,0.14239501953125,1.532258064516129,46.432062561094824,0.0,0.0
12.301879076985642,66.72520036153227,-0.39459228515625,-0.5703125,0.70623779296875,0.1422119140625,1.529032258064516,46.33431085043988,0.0,0.0
12.321913399966434,66.72520036153227,-0.39459228515625,-0.5703125,0.70623779296875,0.1422119140625,1.5451612903225804,46.82306940371456,0.0,0.0
12.342015148955397,66.72520036153227,-0.39459228515625,-0.5703125,0.70623779296875,0.1422119140625,1.5225806451612902,46.138807429130004,0.0,0.0
12.362083935993724,66.74758096637851,-0.3944091796875,-0.57049560546875,0.7061767578125,0.1422119140625,1.5225806451612902,46.138807429130004,0.0,0.0
12.382158643973526,66.74758096637851,-0.3944091796875,-0.57049560546875,0.7061767578125,0.1422119140625,1.5193548387096774,46.04105571847507,0.0,0.0
12.402233095956035,66.75326415426693,-0.3944091796875,-0.57049560546875,0.70623779296875,0.142333984375,1.532258064516129,46.432062561094824,0.0,0.0
12.422319643956143,66.75326415426693,-0.3944091796875,-0.57049560546875,0.70623779296875,0.142333984375,1.5451612903225804,46.82306940371456,0.0032258064516129032,0.09775171065493646
12.442385966947768,66.75326415426693,-0.3944091796875,-0.57049560546875,0.70623779296875,0.142333984375,1.5387096774193547,46.62756598240469,0.0,0.0
12.462488131946884,66.76972182468137,-0.39453125,-0.57061767578125,0.70599365234375,0.14251708984375,1.5419354838709676,46.72531769305962,0.0,0.0
12.482551222958136,66.76972182468137,-0.39453125,-0.57061767578125,0.70599365234375,0.14251708984375,1.529032258064516,46.33431085043988,0.0,0.0
12.502599433995783,66.79264721819378,-0.39459228515625,-0.57080078125,0.70574951171875,0.1427001953125,1.5193548387096774,46.04105571847507,0.009677419354838708,0.29325513196480935
12.522641948948149,66.79264721819378,-0.39459228515625,-0.57080078125,0.70574951171875,0.1427001953125,1.5451612903225804,46.82306940371456,0.0,0.0
12.542702864971943,66.79264721819378,-0.39459228515625,-0.57080078125,0.70574951171875,0.1427001953125,1.5064516129032257,45.650048875855326,0.0,0.0
12.562822821957525,66.8123230193537,-0.3946533203125,-0.571044921875,0.70550537109375,0.142822265625,1.532258064516129,46.432062561094824,0.0064516129032258064,0.19550342130987292
12.582893880957272,66.8123230193537,-0.3946533203125,-0.571044921875,0.70550537109375,0.142822265625,1.5354838709677419,46.52981427174975,0.0,0.0
12.602969772997312,66.84395614270531,-0.39471435546875,-0.57122802734375,0.70526123046875,0.14312744140625,1.5354838709677419,46.52981427174975,0.0,0.0
12.623078177974094,66.84395614270531,-0.39471435546875,-0.57122802734375,0.70526123046875,0.14312744140625,1.5161290322580645,45.94330400782014,0.0,0.0
12.64311230898602,66.84395614270531,-0.39471435546875,-0.57122802734375,0.70526123046875,0.14312744140625,1.5193548387096774,46.04105571847507,0.0,0.0
12.66318173595937,66.83973752466525,-0.39483642578125,-0.57110595703125,0.70526123046875,0.14324951171875,1.529032258064516,46.33431085043988,0.0,0.0
12.683269659988582,66.83973752466525,-0.39483642578125,-0.57110595703125,0.70526123046875,0.14324951171875,1.532258064516129,46.432062561094824,0.0,0.0
12.703300270950422,66.78149716322926,-0.39508056640625,-0.57061767578125,0.70556640625,0.14306640625,1.5709677419354837,47.60508308895405,0.0,0.0
12.723378050955944,66.78149716322926,-0.39508056640625,-0.57061767578125,0.70556640625,0.14306640625,1.5419354838709676,46.72531769305962,0.0,0.0
12.743502935976721,66.78149716322926,-0.39508056640625,-0.57061767578125,0.70556640625,0.14306640625,1.564516129032258,47.40957966764419,0.0,0.0
12.763543594977818,66.63143645286115,-0.39556884765625,-0.5693359375,0.70648193359375,0.14251708984375,1.5516129032258064,47.018572825024435,0.0,0.0
12.783593341999222,66.63143645286115,-0.39556884765625,-0.5693359375,0.70648193359375,0.14251708984375,1.5193548387096774,46.04105571847507,0.0032258064516129032,0.09775171065493646
12.80365316895768,66.24012471975647,-0.3970947265625,-0.56634521484375,0.70831298828125,0.14093017578125,1.5483870967741935,46.9208211143695,0.0032258064516129032,0.09775171065493646
12.823720388987567,66.24012471975647,-0.3970947265625,-0.56634521484375,0.70831298828125,0.14093017578125,1.564516129032258,47.40957966764419,0.0,0.0
12.843795927998144,66.24012471975647,-0.3970947265625,-0.56634521484375,0.70831298828125,0.14093017578125,1.5677419354838709,47.507331378299114,0.0,0.0
12.863852619950194,65.63036131318646,-0.400390625,-0.56304931640625,0.7095947265625,0.13818359375,1.5709677419354837,47.60508308895405,0.0,0.0
12.88391142297769,65.63036131318646,-0.400390625,-0.56304931640625,0.7095947265625,0.13818359375,1.5870967741935482,48.09384164222873,0.0,0.0
12.903974225977436,64.79704710879301,-0.405029296875,-0.5601806640625,0.710205078125,0.1334228515625,1.5741935483870966,47.702834799608986,0.0,0.0
12.924090662971139,64.79704710879301,-0.405029296875,-0.5601806640625,0.710205078125,0.1334228515625,1.6161290322580644,48.97360703812317,0.0,0.0
12.94418226799462,64.79704710879301,-0.405029296875,-0.5601806640625,0.710205078125,0.1334228515625,1.6064516129032256,48.68035190615835,0.0,0.0
12.964299184968695,63.82501246347585,-0.41046142578125,-0.55645751953125,0.7109375,0.1280517578125,1.6032258064516127,48.58260019550342,0.0,0.0
12.984366755990777,63.82501246347585,-0.41046142578125,-0.55645751953125,0.7109375,0.1280517578125,1.6193548387096772,49.071358748778096,0.0,0.0
13.004466744954698,62.883080997307275,-0.41558837890625,-0.55169677734375,0.71246337890625,0.12359619140625,1.5999999999999999,48.484848484848484,0.0,0.0
13.024485866946634,62.883080997307275,-0.41558837890625,-0.55169677734375,0.71246337890625,0.12359619140625,1.62258064516129,49.169110459433035,0.0,0.0
13.04453548596939,62.883080997307275,-0.41558837890625,-0.55169677734375,0.71246337890625,0.12359619140625,1.5999999999999999,48.484848484848484,0.0,0.0
13.064672979002353,61.940731626824714,-0.4205322265625,-0.5460205078125,0.714599609375,0.11962890625,1.6419354838709677,49.75562072336266,0.0,0.0
13.084780935954768,61.940731626824714,-0.4205322265625,-0.5460205078125,0.714599609375,0.11962890625,1.6161290322580644,48.97360703812317,0.0032258064516129032,0.09775171065493646
13.104833914956544,61.03225028361912,-0.4256591796875,-0.541015625,0.716064453125,0.11578369140625,1.6096774193548384,48.77810361681329,0.0,0.0
13.124886381963734,61.03225028361912,-0.4256591796875,-0.541015625,0.716064453125,0.11578369140625,1.6258064516129032,49.266862170087975,0.24516129032258063,7.429130009775172
13.144963521976024,61.03225028361912,-0.4256591796875,-0.541015625,0.716064453125,0.11578369140625,1.635483870967742,49.56011730205279,0.0,0.0
13.16506450297311,60.10007478330657,-0.43096923828125,-0.536376953125,0.717041015625,0.1114501953125,1.6290322580645162,49.36461388074292,0.019354838709677417,0.5865102639296187
13.185131593956612,60.10007478330657,-0.43096923828125,-0.536376953125,0.717041015625,0.1114501953125,1.635483870967742,49.56011730205279,0.0064516129032258064,0.19550342130987292
13.205201117962133,59.186077538190546,-0.436279296875,-0.5321044921875,0.71771240234375,0.10711669921875,1.6290322580645162,49.36461388074292,0.0,0.0
13.225280305952765,59.186077538190546,-0.436279296875,-0.5321044921875,0.71771240234375,0.10711669921875,1.6387096774193548,49.65786901270772,0.0,0.0
13.245350340963341,59.186077538190546,-0.436279296875,-0.5321044921875,0.71771240234375,0.10711669921875,1.6387096774193548,49.65786901270772,0.0032258064516129032,0.09775171065493646
13.265452377963811,58.34415431321158,-0.4415283203125,-0.52783203125,0.7181396484375,0.10357666015625,1.6419354838709677,49.75562072336266,0.0032258064516129032,0.09775171065493646
13.28553617396392,58.34415431321158,-0.4415283203125,-0.52783203125,0.7181396484375,0.10357666015625,1.6483870967741936,49.95112414467254,0.0,0.0
13.305593472963665,57.47749489133169,-0.447021484375,-0.5230712890625,0.71868896484375,0.10028076171875,1.6419354838709677,49.75562072336266,0.0,0.0
13.325668244971894,57.47749489133169,-0.447021484375,-0.5230712890625,0.71868896484375,0.10028076171875,1.6483870967741936,49.95112414467254,0.0,0.0
13.345718887983821,57.47749489133169,-0.447021484375,-0.5230712890625,0.71868896484375,0.10028076171875,1.6258064516129032,49.266862170087975,0.0,0.0
13.365819387952797,56.61500957398368,-0.452880859375,-0.51837158203125,0.7188720703125,0.0972900390625,1.6483870967741936,49.95112414467254,0.0,0.0
13.385917488951236,56.61500957398368,-0.452880859375,-0.51837158203125,0.7188720703125,0.0972900390625,1.632258064516129,49.462365591397855,0.0,0.0
13.405987171980087,55.843661583943096,-0.45855712890625,-0.5137939453125,0.71881103515625,0.09515380859375,1.6290322580645162,49.36461388074292,0.0,0.0
13.426091096946038,55.843661583943096,-0.45855712890625,-0.5137939453125,0.71881103515625,0.09515380859375,1.6451612903225807,49.8533724340176,0.1064516129032258,3.225806451612903
13.446158924954943,55.843661583943096,-0.45855712890625,-0.5137939453125,0.71881103515625,0.09515380859375,1.6161290322580644,48.97360703812317,0.0,0.0
13.466255552950315,55.118947673020294,-0.464599609375,-0.50909423828125,0.71844482421875,0.093994140625,1.6387096774193548,49.65786901270772,0.0,0.0
13.486311091983225,55.118947673020294,-0.464599609375,-0.50909423828125,0.71844482421875,0.093994140625,1.664516129032258,50.43988269794721,0.0064516129032258064,0.19550342130987292
13.506409096997231,54.40339752124669,-0.47064208984375,-0.5045166015625,0.71783447265625,0.0927734375,1.632258064516129,49.462365591397855,0.0,0.0
13.526485948998015,54.40339752124669,-0.47064208984375,-0.5045166015625,0.71783447265625,0.0927734375,1.6161290322580644,48.97360703812317,0.0032258064516129032,0.09775171065493646
13.546535246947315,54.40339752124669,-0.47064208984375,-0.5045166015625,0.71783447265625,0.0927734375,1.6129032258064515,48.87585532746823,0.0,0.0
13.566623011953197,53.78738793227041,-0.475830078125,-0.5008544921875,0.71722412109375,0.09161376953125,1.6096774193548384,48.77810361681329,0.0,0.0
13.586692278971896,53.78738793227041,-0.475830078125,-0.5008544921875,0.71722412109375,0.09161376953125,1.6193548387096772,49.071358748778096,0.0,0.0
13.606761418981478,53.624912893614606,-0.47833251953125,-0.4991455078125,0.716552734375,0.09259033203125,1.6193548387096772,49.071358748778096,0.0,0.0
13.626865022990387,53.624912893614606,-0.47833251953125,-0.4991455078125,0.716552734375,0.09259033203125,1.6161290322580644,48.97360703812317,0.009677419354838708,0.29325513196480935
13.646927474997938,53.624912893614606,-0.47833251953125,-0.4991455078125,0.716552734375,0.09259033203125,1.6129032258064515,48.87585532746823,0.0,0.0
13.666985253978055,53.443053858457134,-0.48028564453125,-0.49755859375,0.71636962890625,0.09295654296875,1.6129032258064515,48.87585532746823,0.0,0.0
13.687041880970355,53.443053858457134,-0.48028564453125,-0.49755859375,0.71636962890625,0.09295654296875,1.6096774193548384,48.77810361681329,0.0032258064516129032,0.09775171065493646
13.707098347949795,52.95857092106689,-0.48321533203125,-0.494384765625,0.71673583984375,0.09130859375,1.6290322580645162,49.36461388074292,0.0,0.0
13.72716931195464,52.95857092106689,-0.48321533203125,-0.494384765625,0.71673583984375,0.09130859375,1.62258064516129,49.169110459433035,0.009677419354838708,0.29325513196480935
13.747293716995046,52.95857092106689,-0.48321533203125,-0.494384765625,0.71673583984375,0.09130859375,1.62258064516129,49.169110459433035,0.0,0.0
13.76739357796032,52.285103738549175,-0.48687744140625,-0.4896240234375,0.71783447265625,0.089111328125,1.6290322580645162,49.36461388074292,0.0,0.0
13.787457532947883,52.285103738549175,-0.48687744140625,-0.4896240234375,0.71783447265625,0.089111328125,1.6032258064516127,48.58260019550342,0.0,0.0
13.807505871984176,51.62099112527505,-0.49017333984375,-0.48529052734375,0.7188720703125,0.08642578125,1.632258064516129,49.462365591397855,0.0,0.0
13.827581795980223,51.62099112527505,-0.49017333984375,-0.48529052734375,0.7188720703125,0.08642578125,1.590322580645161,48.19159335288367,0.27419354838709675,8.308895405669599
13.84765695198439,51.62099112527505,-0.49017333984375,-0.48529052734375,0.7188720703125,0.08642578125,1.632258064516129,49.462365591397855,0.3,9.090909090909092
13.867756523948628,50.8440369350811,-0.4937744140625,-0.480712890625,0.71990966796875,0.08270263671875,1.6258064516129032,49.266862170087975,0.3064516129032258,9.286412512218964
13.887834047956858,50.8440369350811,-0.4937744140625,-0.480712890625,0.71990966796875,0.08270263671875,1.6419354838709677,49.75562072336266,0.22580645161290322,6.842619745845553
13.90789589099586,50.15249246874875,-0.49725341796875,-0.47698974609375,0.72039794921875,0.079345703125,1.6483870967741936,49.95112414467254,0.0032258064516129032,0.09775171065493646
13.927943333983421,50.15249246874875,-0.49725341796875,-0.47698974609375,0.72039794921875,0.079345703125,1.635483870967742,49.56011730205279,0.0,0.0
13.948000248987228,50.15249246874875,-0.49725341796875,-0.47698974609375,0.72039794921875,0.079345703125,1.62258064516129,49.169110459433035,0.016129032258064516,0.4887585532746823
13.968058188969735,49.52613422553242,-0.5003662109375,-0.4735107421875,0.7208251953125,0.0762939453125,1.6387096774193548,49.65786901270772,0.0,0.0
13.98813574394444,49.52613422553242,-0.5003662109375,-0.4735107421875,0.7208251953125,0.0762939453125,1.6483870967741936,49.95112414467254,0.2903225806451613,8.797653958944283
14.008189170970581,48.77895611690562,-0.50439453125,-0.46923828125,0.72119140625,0.07305908203125,1.6258064516129032,49.266862170087975,0.0,0.0
14.028321352961939,48.77895611690562,-0.50439453125,-0.46923828125,0.72119140625,0.07305908203125,1.635483870967742,49.56011730205279,0.0,0.0
14.048414844961371,48.77895611690562,-0.50439453125,-0.46923828125,0.72119140625,0.07305908203125,1.6483870967741936,49.95112414467254,0.0,0.0
14.068548018985894,48.07730431538243,-0.50860595703125,-0.46575927734375,0.72076416015625,0.06982421875,1.6451612903225807,49.8533724340176,0.0032258064516129032,0.09775171065493646
14.088603333977517,48.07730431538243,-0.50860595703125,-0.46575927734375,0.72076416015625,0.06982421875,1.6483870967741936,49.95112414467254,0.0,0.0
14.108749979990534,47.36418511259554,-0.5130615234375,-0.46234130859375,0.72015380859375,0.066650390625,1.6483870967741936,49.95112414467254,0.0,0.0
14.128833295952063,47.36418511259554,-0.5130615234375,-0.46234130859375,0.72015380859375,0.066650390625,1.6451612903225807,49.8533724340176,0.0,0.0
14.148864705988672,47.36418511259554,-0.5130615234375,-0.46234130859375,0.72015380859375,0.066650390625,1.6451612903225807,49.8533724340176,0.0,0.0
14.168860530946404,46.616460822047166,-0.51806640625,-0.45806884765625,0.719482421875,0.06396484375,1.6483870967741936,49.95112414467254,0.0,0.0
14.188913093996234,46.616460822047166,-0.51806640625,-0.45806884765625,0.719482421875,0.06396484375,1.6258064516129032,49.266862170087975,0.0,0.0
14.208973273984157,45.76451228662893,-0.524658203125,-0.4537353515625,0.71771240234375,0.0611572265625,1.6548387096774193,50.146627565982406,0.0,0.0
14.22903700498864,45.76451228662893,-0.524658203125,-0.4537353515625,0.71771240234375,0.0611572265625,1.6516129032258065,50.048875855327466,0.0,0.0
14.249265925958753,45.76451228662893,-0.524658203125,-0.4537353515625,0.71771240234375,0.0611572265625,1.6516129032258065,50.048875855327466,0.3225806451612903,9.775171065493646
14.269235541985836,44.87630379683102,-0.53125,-0.4495849609375,0.71575927734375,0.05767822265625,1.6741935483870967,50.733137829912025,0.3290322580645161,9.970674486803519
14.289284552971367,44.87630379683102,-0.53125,-0.4495849609375,0.71575927734375,0.05767822265625,1.6612903225806452,50.34213098729228,0.3354838709677419,10.166177908113392
14.309430430992506,44.033439661633146,-0.5369873046875,-0.445068359375,0.71453857421875,0.054443359375,1.6483870967741936,49.95112414467254,0.34193548387096767,10.361681329423263
14.329438896966167,44.033439661633146,-0.5369873046875,-0.445068359375,0.71453857421875,0.054443359375,1.6387096774193548,49.65786901270772,0.3354838709677419,10.166177908113392
14.34949437197065,44.033439661633146,-0.5369873046875,-0.445068359375,0.71453857421875,0.054443359375,1.62258064516129,49.169110459433035,0.3290322580645161,9.970674486803519
14.36956152698258,43.28485745194351,-0.54150390625,-0.4403076171875,0.71429443359375,0.05181884765625,1.6451612903225807,49.8533724340176,0.3161290322580645,9.579667644183774
14.389712940959726,43.28485745194351,-0.54150390625,-0.4403076171875,0.71429443359375,0.05181884765625,1.62258064516129,49.169110459433035,0.3225806451612903,9.775171065493646
14.40975075197639,42.68799904026762,-0.544921875,-0.43609619140625,0.71441650390625,0.0499267578125,1.6483870967741936,49.95112414467254,0.3225806451612903,9.775171065493646
14.431198909995146,42.68799904026762,-0.544921875,-0.43609619140625,0.71441650390625,0.0499267578125,1.6451612903225807,49.8533724340176,0.34838709677419355,10.557184750733137
14.449909607996233,42.68799904026762,-0.544921875,-0.43609619140625,0.71441650390625,0.0499267578125,1.6935483870967742,51.31964809384164,0.3225806451612903,9.775171065493646
14.469948857964482,42.13970240212196,-0.5478515625,-0.43255615234375,0.7144775390625,0.04779052734375,1.6516129032258065,50.048875855327466,0.332258064516129,10.068426197458455
14.48999706900213,42.13970240212196,-0.5478515625,-0.43255615234375,0.7144775390625,0.04779052734375,1.6258064516129032,49.266862170087975,0.34193548387096767,10.361681329423263
14.510067552968394,41.72865115189957,-0.55059814453125,-0.4306640625,0.713623046875,0.0458984375,1.6451612903225807,49.8533724340176,0.35806451612903223,10.850439882697946
14.530155860993546,41.72865115189957,-0.55059814453125,-0.4306640625,0.713623046875,0.0458984375,1.6387096774193548,49.65786901270772,0.36451612903225805,11.04594330400782
14.550204039958771,41.72865115189957,-0.55059814453125,-0.4306640625,0.713623046875,0.0458984375,1.6387096774193548,49.65786901270772,0.34193548387096767,10.361681329423263
14.57025570695987,41.3574888227526,-0.5528564453125,-0.42864990234375,0.71319580078125,0.0443115234375,1.6709677419354838,50.635386119257085,0.3387096774193548,10.263929618768328
14.590317069960292,41.3574888227526,-0.5528564453125,-0.42864990234375,0.71319580078125,0.0443115234375,1.667741935483871,50.53763440860215,0.36129032258064514,10.948191593352883
14.61039065796649,40.81540951592276,-0.55548095703125,-0.425048828125,0.7135009765625,0.04217529296875,1.6612903225806452,50.34213098729228,0.3709677419354839,11.241446725317694
14.630476693972014,40.81540951592276,-0.55548095703125,-0.425048828125,0.7135009765625,0.04217529296875,1.6612903225806452,50.34213098729228,0.38064516129032255,11.534701857282501
14.650560041947756,40.81540951592276,-0.55548095703125,-0.425048828125,0.7135009765625,0.04217529296875,1.6612903225806452,50.34213098729228,0.36774193548387096,11.143695014662756
14.670591195987072,40.28765391373914,-0.55804443359375,-0.42138671875,0.7137451171875,0.04010009765625,1.6741935483870967,50.733137829912025,0.41935483870967744,12.70772238514174
14.690655214944854,40.28765391373914,-0.55804443359375,-0.42138671875,0.7137451171875,0.04010009765625,1.6870967741935483,51.12414467253177,0.3387096774193548,10.263929618768328
14.710723426949698,39.99606872720587,-0.56085205078125,-0.4195556640625,0.712646484375,0.0396728515625,1.7,51.515151515151516,0.3225806451612903,9.775171065493646
14.730787445965689,39.99606872720587,-0.56085205078125,-0.4195556640625,0.712646484375,0.0396728515625,1.6516129032258065,50.048875855327466,0.25483870967741934,7.722385141739981
14.750856681959704,39.99606872720587,-0.56085205078125,-0.4195556640625,0.712646484375,0.0396728515625,1.667741935483871,50.53763440860215,0.27419354838709675,8.308895405669599
14.770920924958773,39.49700028707168,-0.564208984375,-0.416748046875,0.7117919921875,0.037841796875,1.6516129032258065,50.048875855327466,0.4129032258064516,12.512218963831867
14.791008944972418,39.49700028707168,-0.564208984375,-0.416748046875,0.7117919921875,0.037841796875,1.696774193548387,51.417399804496576,0.36451612903225805,11.04594330400782
14.811074948986061,38.97910902500313,-0.56744384765625,-0.41375732421875,0.7110595703125,0.0357666015625,1.6838709677419355,51.02639296187683,0.47096774193548385,14.271749755620725
14.83112575195264,38.97910902500313,-0.56744384765625,-0.41375732421875,0.7110595703125,0.0357666015625,1.6870967741935483,51.12414467253177,0.46451612903225803,14.076246334310849
14.851191146997735,38.97910902500313,-0.56744384765625,-0.41375732421875,0.7110595703125,0.0357666015625,1.7,51.515151515151516,0.49032258064516127,14.858260019550343
14.871257918945048,38.60363470024952,-0.5697021484375,-0.4111328125,0.71075439453125,0.03448486328125,1.664516129032258,50.43988269794721,0.4774193548387097,14.467253176930598
14.89139957196312,38.60363470024952,-0.5697021484375,-0.4111328125,0.71075439453125,0.03448486328125,1.6709677419354838,50.635386119257085,0.5,15.151515151515152
14.911444454977755,38.23071250497279,-0.5712890625,-0.408935546875,0.71087646484375,0.03265380859375,1.6838709677419355,51.02639296187683,0.4967741935483871,15.053763440860216
14.931488185946364,38.23071250497279,-0.5712890625,-0.408935546875,0.71087646484375,0.03265380859375,1.667741935483871,50.53763440860215,0.5096774193548387,15.444770283479961
14.951586701965425,38.23071250497279,-0.5712890625,-0.408935546875,0.71087646484375,0.03265380859375,1.664516129032258,50.43988269794721,0.5193548387096774,15.73802541544477
14.97163590497803,37.959272478774125,-0.57171630859375,-0.407470703125,0.71142578125,0.03070068359375,1.6516129032258065,50.048875855327466,0.5580645161290322,16.911045943304007
14.991697459947318,37.959272478774125,-0.57171630859375,-0.407470703125,0.71142578125,0.03070068359375,1.6580645161290322,50.24437927663734,0.5645161290322581,17.106549364613883
15.011778343992773,37.909712757574766,-0.57159423828125,-0.40765380859375,0.71148681640625,0.0299072265625,1.6580645161290322,50.24437927663734,0.5774193548387097,17.49755620723363
15.031947294948623,37.909712757574766,-0.57159423828125,-0.40765380859375,0.71148681640625,0.0299072265625,1.635483870967742,49.56011730205279,0.5709677419354839,17.302052785923756
15.051963856967632,37.909712757574766,-0.57159423828125,-0.40765380859375,0.71148681640625,0.0299072265625,1.6483870967741936,49.95112414467254,0.6064516129032258,18.377321603128056
15.072019363986328,37.96846231832951,-0.57171630859375,-0.408935546875,0.71063232421875,0.02960205078125,1.6483870967741936,49.95112414467254,0.5709677419354839,17.302052785923756
15.09211480797967,37.96846231832951,-0.57171630859375,-0.408935546875,0.71063232421875,0.02960205078125,1.6483870967741936,49.95112414467254,0.5806451612903226,17.595307917888565
15.112198379996698,37.96396166337559,-0.572265625,-0.41021728515625,0.70953369140625,0.02886962890625,1.6580645161290322,50.24437927663734,0.5709677419354839,17.302052785923756
15.13231251295656,37.96396166337559,-0.572265625,-0.41021728515625,0.70953369140625,0.02886962890625,1.6612903225806452,50.34213098729228,0.5774193548387097,17.49755620723363
15.152368819981348,37.96396166337559,-0.572265625,-0.41021728515625,0.70953369140625,0.02886962890625,1.6516129032258065,50.048875855327466,0.5806451612903226,17.595307917888565
15.17243363999296,38.00189703726409,-0.572265625,-0.41107177734375,0.70904541015625,0.02862548828125,1.6419354838709677,49.75562072336266,0.5903225806451613,17.888563049853374
15.192509626969695,38.00189703726409,-0.572265625,-0.41107177734375,0.70904541015625,0.02862548828125,1.6516129032258065,50.048875855327466,0.5967741935483871,18.084066471163247
15.212587150977924,38.08257050065752,-0.57171630859375,-0.4117431640625,0.70904541015625,0.0286865234375,1.6516129032258065,50.048875855327466,0.6,18.181818181818183
15.232638017972931,38.08257050065752,-0.57171630859375,-0.4117431640625,0.70904541015625,0.0286865234375,1.6483870967741936,49.95112414467254,0.6,18.181818181818183
15.25271419796627,38.08257050065752,-0.57171630859375,-0.4117431640625,0.70904541015625,0.0286865234375,1.6612903225806452,50.34213098729228,0.6064516129032258,18.377321603128056
15.272785928973462,38.07647404146851,-0.57171630859375,-0.41241455078125,0.708740234375,0.02813720703125,1.62258064516129,49.169110459433035,0.6064516129032258,18.377321603128056
15.29283775598742,38.07647404146851,-0.57171630859375,-0.41241455078125,0.708740234375,0.02813720703125,1.6451612903225807,49.8533724340176,0.5967741935483871,18.084066471163247
15.312924239959102,38.028542859654436,-0.57244873046875,-0.4127197265625,0.70794677734375,0.02764892578125,1.6451612903225807,49.8533724340176,0.603225806451613,18.27956989247312
15.333059621974826,38.028542859654436,-0.57244873046875,-0.4127197265625,0.70794677734375,0.02764892578125,1.6612903225806452,50.34213098729228,0.5967741935483871,18.084066471163247
15.35311903298134,38.028542859654436,-0.57244873046875,-0.4127197265625,0.70794677734375,0.02764892578125,1.6612903225806452,50.34213098729228,0.603225806451613,18.27956989247312
15.373176395951305,37.77033788173748,-0.5738525390625,-0.4117431640625,0.7073974609375,0.0260009765625,1.6741935483870967,50.733137829912025,0.6129032258064516,18.57282502443793
15.393253951973747,37.77033788173748,-0.5738525390625,-0.4117431640625,0.7073974609375,0.0260009765625,1.6516129032258065,50.048875855327466,0.6064516129032258,18.377321603128056
15.413326483976562,37.58607190286411,-0.57470703125,-0.410888671875,0.707275390625,0.02496337890625,1.667741935483871,50.53763440860215,0.6096774193548387,18.475073313782993
15.43343219999224,37.58607190286411,-0.57470703125,-0.410888671875,0.707275390625,0.02496337890625,1.6516129032258065,50.048875855327466,0.6161290322580645,18.670576735092865
15.453448697982822,37.58607190286411,-0.57470703125,-0.410888671875,0.707275390625,0.02496337890625,1.6483870967741936,49.95112414467254,0.6129032258064516,18.57282502443793
15.473532014002558,37.47952176156111,-0.57525634765625,-0.41058349609375,0.70709228515625,0.0242919921875,1.6516129032258065,50.048875855327466,0.6064516129032258,18.377321603128056
15.493622689973563,37.47952176156111,-0.57525634765625,-0.41058349609375,0.70709228515625,0.0242919921875,1.6516129032258065,50.048875855327466,0.6225806451612903,18.866080156402738
15.51366744498955,37.44267273333451,-0.57562255859375,-0.41070556640625,0.70672607421875,0.02392578125,1.6516129032258065,50.048875855327466,0.6096774193548387,18.475073313782993
15.533786249987315,37.44267273333451,-0.57562255859375,-0.41070556640625,0.70672607421875,0.02392578125,1.6516129032258065,50.048875855327466,0.6,18.181818181818183
15.553840380976908,37.44267273333451,-0.57562255859375,-0.41070556640625,0.70672607421875,0.02392578125,1.667741935483871,50.53763440860215,0.6129032258064516,18.57282502443793
15.573912464955356,37.43970111608588,-0.57574462890625,-0.4111328125,0.70635986328125,0.0235595703125,1.664516129032258,50.43988269794721,0.6193548387096773,18.768328445747798
15.593957154953387,37.43970111608588,-0.57574462890625,-0.4111328125,0.70635986328125,0.0235595703125,1.6516129032258065,50.048875855327466,0.6161290322580645,18.670576735092865
15.614043830952141,37.44946133719118,-0.57562255859375,-0.411376953125,0.706298828125,0.02337646484375,1.6483870967741936,49.95112414467254,0.6225806451612903,18.866080156402738
15.63409850699827,37.44946133719118,-0.57562255859375,-0.411376953125,0.706298828125,0.02337646484375,1.6516129032258065,50.048875855327466,0.6129032258064516,18.57282502443793
15.654216928000096,37.44946133719118,-0.57562255859375,-0.411376953125,0.706298828125,0.02337646484375,1.6580645161290322,50.24437927663734,0.603225806451613,18.27956989247312
15.674268690985627,37.43827351665696,-0.57550048828125,-0.411376953125,0.7064208984375,0.023193359375,1.6709677419354838,50.635386119257085,0.6161290322580645,18.670576735092865
15.694322629948147,37.43827351665696,-0.57550048828125,-0.411376953125,0.7064208984375,0.023193359375,1.6516129032258065,50.048875855327466,0.6225806451612903,18.866080156402738
15.714427642000373,37.42132626481229,-0.57562255859375,-0.41143798828125,0.706298828125,0.02301025390625,1.6419354838709677,49.75562072336266,0.6193548387096773,18.768328445747798
15.734475084987935,37.42132626481229,-0.57562255859375,-0.41143798828125,0.706298828125,0.02301025390625,1.6483870967741936,49.95112414467254,0.6161290322580645,18.670576735092865
15.754535487969406,37.42132626481229,-0.57562255859375,-0.41143798828125,0.706298828125,0.02301025390625,1.6483870967741936,49.95112414467254,0.6225806451612903,18.866080156402738
15.774601587967481,37.37376043962581,-0.575927734375,-0.411376953125,0.7060546875,0.0225830078125,1.6483870967741936,49.95112414467254,0.6419354838709677,19.452590420332356
15.794675078999717,37.37376043962581,-0.575927734375,-0.411376953125,0.7060546875,0.0225830078125,1.62258064516129,49.169110459433035,0.6258064516129032,18.963831867057674
15.814762939000502,37.308973230845005,-0.5762939453125,-0.41119384765625,0.7059326171875,0.022216796875,1.6548387096774193,50.146627565982406,0.6258064516129032,18.963831867057674
15.834817229944747,37.308973230845005,-0.5762939453125,-0.41119384765625,0.7059326171875,0.022216796875,1.6483870967741936,49.95112414467254,0.6290322580645161,19.06158357771261
15.854918466997333,37.308973230845005,-0.5762939453125,-0.41119384765625,0.7059326171875,0.022216796875,1.6741935483870967,50.733137829912025,0.6290322580645161,19.06158357771261
15.874962165951729,37.264518974567764,-0.57647705078125,-0.41094970703125,0.7059326171875,0.02197265625,1.6387096774193548,49.65786901270772,0.6258064516129032,18.963831867057674
15.895022376964334,37.264518974567764,-0.57647705078125,-0.41094970703125,0.7059326171875,0.02197265625,1.6387096774193548,49.65786901270772,0.6290322580645161,19.06158357771261
15.915087291970849,37.18153802218453,-0.5767822265625,-0.410400390625,0.70599365234375,0.02154541015625,1.6096774193548384,48.77810361681329,0.6290322580645161,19.06158357771261
15.93515367998043,37.18153802218453,-0.5767822265625,-0.410400390625,0.70599365234375,0.02154541015625,1.6709677419354838,50.635386119257085,0.6258064516129032,18.963831867057674
15.95522499497747,37.18153802218453,-0.5767822265625,-0.410400390625,0.70599365234375,0.02154541015625,1.6451612903225807,49.8533724340176,0.632258064516129,19.159335288367547
15.975288597983308,37.102809325048966,-0.57720947265625,-0.4097900390625,0.70599365234375,0.02130126953125,1.635483870967742,49.56011730205279,0.6419354838709677,19.452590420332356
15.99535796197597,37.102809325048966,-0.57720947265625,-0.4097900390625,0.70599365234375,0.02130126953125,1.6387096774193548,49.65786901270772,0.6290322580645161,19.06158357771261
16.015505599963944,37.040059160466214,-0.57745361328125,-0.409423828125,0.70599365234375,0.02093505859375,1.6483870967741936,49.95112414467254,0.6161290322580645,18.670576735092865
16.03554324997822,37.040059160466214,-0.57745361328125,-0.409423828125,0.70599365234375,0.02093505859375,1.6483870967741936,49.95112414467254,0.6354838709677418,19.25708699902248
16.055597572994884,37.040059160466214,-0.57745361328125,-0.409423828125,0.70599365234375,0.02093505859375,1.6483870967741936,49.95112414467254,0.6225806451612903,18.866080156402738
16.075683672970627,36.994217603238404,-0.57769775390625,-0.40924072265625,0.7059326171875,0.02069091796875,1.6419354838709677,49.75562072336266,0.6387096774193548,19.35483870967742
16.095748044957872,36.994217603238404,-0.57769775390625,-0.40924072265625,0.7059326171875,0.02069091796875,1.6483870967741936,49.95112414467254,0.632258064516129,19.159335288367547
16.115831328963395,36.96483021422785,-0.57794189453125,-0.40911865234375,0.705810546875,0.02056884765625,1.6451612903225807,49.8533724340176,0.6419354838709677,19.452590420332356
16.135928116971627,36.96483021422785,-0.57794189453125,-0.40911865234375,0.705810546875,0.02056884765625,1.6483870967741936,49.95112414467254,0.6354838709677418,19.25708699902248
16.15597683994565,36.96483021422785,-0.57794189453125,-0.40911865234375,0.705810546875,0.02056884765625,1.6290322580645162,49.36461388074292,0.6387096774193548,19.35483870967742
16.176098236988764,36.93096837481853,-0.57806396484375,-0.4088134765625,0.70587158203125,0.02044677734375,1.6612903225806452,50.34213098729228,0.6419354838709677,19.452590420332356
16.196139758976642,36.93096837481853,-0.57806396484375,-0.4088134765625,0.70587158203125,0.02044677734375,1.6516129032258065,50.048875855327466,0.6419354838709677,19.452590420332356
16.216216386994347,36.91881480256642,-0.57818603515625,-0.40869140625,0.70587158203125,0.0205078125,1.667741935483871,50.53763440860215,0.6258064516129032,18.963831867057674
16.236252949980553,36.91881480256642,-0.57818603515625,-0.40869140625,0.70587158203125,0.0205078125,1.6516129032258065,50.048875855327466,0.6258064516129032,18.963831867057674
16.256321736960672,36.91881480256642,-0.57818603515625,-0.40869140625,0.70587158203125,0.0205078125,1.6580645161290322,50.24437927663734,0.6193548387096773,18.768328445747798
16.276379163959064,36.892139381745565,-0.57830810546875,-0.40850830078125,0.70587158203125,0.0203857421875,1.667741935483871,50.53763440860215,0.6225806451612903,18.866080156402738
16.296501616947353,36.892139381745565,-0.57830810546875,-0.40850830078125,0.70587158203125,0.0203857421875,1.6612903225806452,50.34213098729228,0.6193548387096773,18.768328445747798
16.316540995961986,36.85726876236966,-0.578369140625,-0.4080810546875,0.7060546875,0.02032470703125,1.6741935483870967,50.733137829912025,0.632258064516129,19.159335288367547
16.33663944795262,36.85726876236966,-0.578369140625,-0.4080810546875,0.7060546875,0.02032470703125,1.6612903225806452,50.34213098729228,0.6354838709677418,19.25708699902248
16.35675838094903,36.85726876236966,-0.578369140625,-0.4080810546875,0.7060546875,0.02032470703125,1.667741935483871,50.53763440860215,0.6516129032258063,19.745845552297162
16.376786622975487,36.82794862764757,-0.57861328125,-0.4075927734375,0.7061767578125,0.02056884765625,1.6709677419354838,50.635386119257085,0.6387096774193548,19.35483870967742
16.39685960294446,36.82794862764757,-0.57861328125,-0.4075927734375,0.7061767578125,0.02056884765625,1.6612903225806452,50.34213098729228,0.6354838709677418,19.25708699902248
16.416918789967895,36.785770072630875,-0.57867431640625,-0.40704345703125,0.7064208984375,0.0205078125,1.6483870967741936,49.95112414467254,0.632258064516129,19.159335288367547
16.43700664996868,36.785770072630875,-0.57867431640625,-0.40704345703125,0.7064208984375,0.0205078125,1.6516129032258065,50.048875855327466,0.6451612903225806,19.550342130987293
16.457080205960665,36.785770072630875,-0.57867431640625,-0.40704345703125,0.7064208984375,0.0205078125,1.6516129032258065,50.048875855327466,0.6419354838709677,19.452590420332356
16.47715273796348,36.76549397672637,-0.5787353515625,-0.4071044921875,0.70635986328125,0.020263671875,1.6483870967741936,49.95112414467254,0.6419354838709677,19.452590420332356
16.497227796993684,36.76549397672637,-0.5787353515625,-0.4071044921875,0.70635986328125,0.020263671875,1.6580645161290322,50.24437927663734,0.6419354838709677,19.452590420332356
16.517292263975833,36.77789778988078,-0.57861328125,-0.407470703125,0.70623779296875,0.02001953125,1.6903225806451612,51.2218963831867,0.6483870967741935,19.64809384164223
16.53735407599015,36.77789778988078,-0.57861328125,-0.407470703125,0.70623779296875,0.02001953125,1.6451612903225807,49.8533724340176,0.6516129032258063,19.745845552297162
16.55743777594762,36.77789778988078,-0.57861328125,-0.407470703125,0.70623779296875,0.02001953125,1.6451612903225807,49.8533724340176,0.6483870967741935,19.64809384164223
16.57753024395788,36.829239066536616,-0.5782470703125,-0.407958984375,0.70623779296875,0.02001953125,1.6483870967741936,49.95112414467254,0.6483870967741935,19.64809384164223
16.597596502979286,36.829239066536616,-0.5782470703125,-0.407958984375,0.70623779296875,0.02001953125,1.6806451612903226,50.9286412512219,0.6419354838709677,19.452590420332356
16.61768567498075,36.90730610672268,-0.5777587890625,-0.40887451171875,0.70611572265625,0.01995849609375,1.6387096774193548,49.65786901270772,0.6354838709677418,19.25708699902248
16.637721245991997,36.90730610672268,-0.5777587890625,-0.40887451171875,0.70611572265625,0.01995849609375,1.6258064516129032,49.266862170087975,0.632258064516129,19.159335288367547
16.657834354962688,36.90730610672268,-0.5777587890625,-0.40887451171875,0.70611572265625,0.01995849609375,1.6612903225806452,50.34213098729228,0.6290322580645161,19.06158357771261
16.677910086000338,36.98763574440331,-0.5772705078125,-0.41015625,0.705810546875,0.0196533203125,1.6290322580645162,49.36461388074292,0.6290322580645161,19.06158357771261
16.69797852198826,36.98763574440331,-0.5772705078125,-0.41015625,0.705810546875,0.0196533203125,1.6419354838709677,49.75562072336266,0.6290322580645161,19.06158357771261
16.71806161396671,37.06624881590981,-0.57672119140625,-0.41143798828125,0.70550537109375,0.01922607421875,1.6483870967741936,49.95112414467254,0.6354838709677418,19.25708699902248
16.73813049698947,37.06624881590981,-0.57672119140625,-0.41143798828125,0.70550537109375,0.01922607421875,1.6483870967741936,49.95112414467254,0.603225806451613,18.27956989247312
16.758205492980778,37.06624881590981,-0.57672119140625,-0.41143798828125,0.70550537109375,0.01922607421875,1.6419354838709677,49.75562072336266,0.6096774193548387,18.475073313782993
16.778323689999525,37.17439395760313,-0.57611083984375,-0.41265869140625,0.70526123046875,0.0191650390625,1.6387096774193548,49.65786901270772,0.6258064516129032,18.963831867057674
16.798366619972512,37.17439395760313,-0.57611083984375,-0.41265869140625,0.70526123046875,0.0191650390625,1.635483870967742,49.56011730205279,0.603225806451613,18.27956989247312
16.818474416970275,37.315698800800284,-0.5751953125,-0.41424560546875,0.70513916015625,0.0191650390625,1.632258064516129,49.462365591397855,0.5967741935483871,18.084066471163247
16.838565988990013,37.315698800800284,-0.5751953125,-0.41424560546875,0.70513916015625,0.0191650390625,1.62258064516129,49.169110459433035,0.5838709677419355,17.6930596285435
16.85862440796336,37.315698800800284,-0.5751953125,-0.41424560546875,0.70513916015625,0.0191650390625,1.6451612903225807,49.8533724340176,0.5548387096774193,16.81329423264907
16.878670602978673,37.500903771231854,-0.57421875,-0.41656494140625,0.70452880859375,0.0189208984375,1.6258064516129032,49.266862170087975,0.5645161290322581,17.106549364613883
16.898748542997055,37.500903771231854,-0.57421875,-0.41656494140625,0.70452880859375,0.0189208984375,1.6258064516129032,49.266862170087975,0.5064516129032258,15.347018572825025
16.918854514951818,37.88007952418824,-0.572265625,-0.42047119140625,0.70379638671875,0.019287109375,1.6161290322580644,48.97360703812317,0.45161290322580644,13.685239491691107
16.93893882294651,37.88007952418824,-0.572265625,-0.42047119140625,0.70379638671875,0.019287109375,1.632258064516129,49.462365591397855,0.4774193548387097,14.467253176930598
16.958982521959115,37.88007952418824,-0.572265625,-0.42047119140625,0.70379638671875,0.019287109375,1.6290322580645162,49.36461388074292,0.4419354838709677,13.391984359726294
16.979039404948708,38.322883809391634,-0.5697021484375,-0.42413330078125,0.70367431640625,0.02032470703125,1.596774193548387,48.38709677419355,0.4225806451612903,12.805474095796676
16.99912300897995,38.322883809391634,-0.5697021484375,-0.42413330078125,0.70367431640625,0.02032470703125,1.6290322580645162,49.36461388074292,0.3548387096774194,10.752688172043012
17.01916587597225,38.86981755155622,-0.56671142578125,-0.4281005859375,0.70361328125,0.0220947265625,1.6419354838709677,49.75562072336266,0.4064516129032258,12.316715542521994
17.03922135097673,38.86981755155622,-0.56671142578125,-0.4281005859375,0.70361328125,0.0220947265625,1.62258064516129,49.169110459433035,0.432258064516129,13.098729227761485
17.05933333898429,38.86981755155622,-0.56671142578125,-0.4281005859375,0.70361328125,0.0220947265625,1.62258064516129,49.169110459433035,0.4225806451612903,12.805474095796676
17.079379661998246,39.39532527859864,-0.56390380859375,-0.4324951171875,0.70318603515625,0.0234375,1.6258064516129032,49.266862170087975,0.4032258064516129,12.218963831867057
17.099493730987888,39.39532527859864,-0.56390380859375,-0.4324951171875,0.70318603515625,0.0234375,1.593548387096774,48.289345063538605,0.39999999999999997,12.121212121212121
17.119535060948692,39.92050221624404,-0.5609130859375,-0.4375,0.70245361328125,0.02410888671875,1.6161290322580644,48.97360703812317,0.39677419354838706,12.023460410557183
17.13965729100164,39.92050221624404,-0.5609130859375,-0.4375,0.70245361328125,0.02410888671875,1.6258064516129032,49.266862170087975,0.3387096774193548,10.263929618768328
17.15976019098889,39.92050221624404,-0.5609130859375,-0.4375,0.70245361328125,0.02410888671875,1.6032258064516127,48.58260019550342,0.3870967741935484,11.730205278592376
17.179847250983585,40.62748247543524,-0.5570068359375,-0.44329833984375,0.7017822265625,0.0257568359375,1.6032258064516127,48.58260019550342,0.36451612903225805,11.04594330400782
17.199982344987802,40.62748247543524,-0.5570068359375,-0.44329833984375,0.7017822265625,0.0257568359375,1.6129032258064515,48.87585532746823,0.37741935483870964,11.436950146627565
17.21999032999156,41.50055869337075,-0.5521240234375,-0.44921875,0.7017822265625,0.0289306640625,1.596774193548387,48.38709677419355,0.32580645161290317,9.872922776148581
17.240046380960848,41.50055869337075,-0.5521240234375,-0.44921875,0.7017822265625,0.0289306640625,1.5999999999999999,48.484848484848484,0.23225806451612901,7.038123167155424
17.260092607990373,41.50055869337075,-0.5521240234375,-0.44921875,0.7017822265625,0.0289306640625,1.6096774193548384,48.77810361681329,0.2290322580645161,6.940371456500488
17.28015291498741,42.56179618535392,-0.54620361328125,-0.45587158203125,0.701904296875,0.03314208984375,1.5774193548387094,47.800586510263926,0.0,0.0
17.300247751001734,42.56179618535392,-0.54620361328125,-0.45587158203125,0.701904296875,0.03314208984375,1.5741935483870966,47.702834799608986,0.0,0.0
17.320325882988982,43.62391480110489,-0.540283203125,-0.46337890625,0.70147705078125,0.03680419921875,1.5806451612903225,47.898338220918866,0.0,0.0
17.340404526970815,43.62391480110489,-0.540283203125,-0.46337890625,0.70147705078125,0.03680419921875,1.590322580645161,48.19159335288367,0.0,0.0
17.36047532997327,43.62391480110489,-0.540283203125,-0.46337890625,0.70147705078125,0.03680419921875,1.5677419354838709,47.507331378299114,0.0,0.0
17.380550453963224,44.58652044511916,-0.5347900390625,-0.47076416015625,0.70062255859375,0.03948974609375,1.558064516129032,47.21407624633431,0.0032258064516129032,0.09775171065493646
17.40058890398359,44.58652044511916,-0.5347900390625,-0.47076416015625,0.70062255859375,0.03948974609375,1.5709677419354837,47.60508308895405,0.0,0.0
17.420749598997645,45.453651581770366,-0.5301513671875,-0.4766845703125,0.699951171875,0.04266357421875,1.5806451612903225,47.898338220918866,0.0,0.0
17.440771952969953,45.453651581770366,-0.5301513671875,-0.4766845703125,0.699951171875,0.04266357421875,1.5677419354838709,47.507331378299114,0.0,0.0
17.46085958898766,45.453651581770366,-0.5301513671875,-0.4766845703125,0.699951171875,0.04266357421875,1.5774193548387094,47.800586510263926,0.0,0.0
17.48089311097283,46.34792220415841,-0.52532958984375,-0.48187255859375,0.69976806640625,0.046630859375,1.5677419354838709,47.507331378299114,0.0,0.0
17.501019467948936,46.34792220415841,-0.52532958984375,-0.48187255859375,0.69976806640625,0.046630859375,1.5838709677419354,47.9960899315738,0.0064516129032258064,0.19550342130987292
17.521072702948004,47.34351142773309,-0.5196533203125,-0.48779296875,0.6995849609375,0.05072021484375,1.6032258064516127,48.58260019550342,0.0064516129032258064,0.19550342130987292
17.54113128199242,47.34351142773309,-0.5196533203125,-0.48779296875,0.6995849609375,0.05072021484375,1.561290322580645,47.31182795698924,0.0,0.0
17.561194533947855,47.34351142773309,-0.5196533203125,-0.48779296875,0.6995849609375,0.05072021484375,1.5548387096774192,47.11632453567937,0.009677419354838708,0.29325513196480935
17.58128703397233,48.35465095232496,-0.51385498046875,-0.49432373046875,0.698974609375,0.054443359375,1.5838709677419354,47.9960899315738,0.0,0.0
17.60137258999748,48.35465095232496,-0.51385498046875,-0.49432373046875,0.698974609375,0.054443359375,1.5677419354838709,47.507331378299114,0.0,0.0
17.621472865983378,49.340562978764225,-0.50836181640625,-0.5001220703125,0.6986083984375,0.0587158203125,1.561290322580645,47.31182795698924,0.0,0.0
17.641490803973284,49.340562978764225,-0.50836181640625,-0.5001220703125,0.6986083984375,0.0587158203125,1.5677419354838709,47.507331378299114,0.0,0.0
17.661549318989273,49.340562978764225,-0.50836181640625,-0.5001220703125,0.6986083984375,0.0587158203125,1.558064516129032,47.21407624633431,0.0,0.0
17.681654651998542,50.42615226410731,-0.50213623046875,-0.50579833984375,0.69854736328125,0.063720703125,1.5709677419354837,47.60508308895405,0.0,0.0
17.7017462879885,50.42615226410731,-0.50213623046875,-0.50579833984375,0.69854736328125,0.063720703125,1.5548387096774192,47.11632453567937,0.0,0.0
17.72183472395409,51.5519490900128,-0.49566650390625,-0.51104736328125,0.69879150390625,0.06939697265625,1.561290322580645,47.31182795698924,0.0,0.0
17.741907894960605,51.5519490900128,-0.49566650390625,-0.51104736328125,0.69879150390625,0.06939697265625,1.5677419354838709,47.507331378299114,0.0032258064516129032,0.09775171065493646
17.761956809961703,51.5519490900128,-0.49566650390625,-0.51104736328125,0.69879150390625,0.06939697265625,1.5677419354838709,47.507331378299114,0.0,0.0
17.782053213973995,52.65825153458493,-0.4892578125,-0.516845703125,0.69854736328125,0.074462890625,1.5483870967741935,46.9208211143695,0.0,0.0
17.802082352980506,52.65825153458493,-0.4892578125,-0.516845703125,0.69854736328125,0.074462890625,1.5483870967741935,46.9208211143695,0.0,0.0
17.822144707955886,53.66832422287037,-0.4830322265625,-0.52313232421875,0.69781494140625,0.07806396484375,1.561290322580645,47.31182795698924,0.0,0.0
17.842207158973906,53.66832422287037,-0.4830322265625,-0.52313232421875,0.69781494140625,0.07806396484375,1.5387096774193547,46.62756598240469,0.009677419354838708,0.29325513196480935
17.862301194982138,53.66832422287037,-0.4830322265625,-0.52313232421875,0.69781494140625,0.07806396484375,1.532258064516129,46.432062561094824,0.0,0.0
17.882357501948718,54.61279563436276,-0.47705078125,-0.5286865234375,0.69732666015625,0.08154296875,1.5451612903225804,46.82306940371456,0.0,0.0
17.90244737797184,54.61279563436276,-0.47705078125,-0.5286865234375,0.69732666015625,0.08154296875,1.5419354838709676,46.72531769305962,0.0,0.0
17.922521093976684,55.69988009165792,-0.47039794921875,-0.53436279296875,0.69696044921875,0.08624267578125,1.558064516129032,47.21407624633431,0.0,0.0
17.94259215297643,55.69988009165792,-0.47039794921875,-0.53436279296875,0.69696044921875,0.08624267578125,1.558064516129032,47.21407624633431,0.0,0.0
17.96266314899549,55.69988009165792,-0.47039794921875,-0.53436279296875,0.69696044921875,0.08624267578125,1.532258064516129,46.432062561094824,0.0,0.0
17.982717567996588,56.729094626192335,-0.46429443359375,-0.53961181640625,0.6964111328125,0.09088134765625,1.5483870967741935,46.9208211143695,0.0032258064516129032,0.09775171065493646
18.00278984295437,56.729094626192335,-0.46429443359375,-0.53961181640625,0.6964111328125,0.09088134765625,1.558064516129032,47.21407624633431,0.0,0.0
18.022850565961562,57.731844080346335,-0.4581298828125,-0.54522705078125,0.695556640625,0.0948486328125,1.5677419354838709,47.507331378299114,0.0064516129032258064,0.19550342130987292
18.0429102339549,57.731844080346335,-0.4581298828125,-0.54522705078125,0.695556640625,0.0948486328125,1.5451612903225804,46.82306940371456,0.0064516129032258064,0.19550342130987292
18.062966924975626,57.731844080346335,-0.4581298828125,-0.54522705078125,0.695556640625,0.0948486328125,1.529032258064516,46.33431085043988,0.0,0.0
18.083098433970008,58.727493347332064,-0.45166015625,-0.5509033203125,0.69482421875,0.0985107421875,1.5387096774193547,46.62756598240469,0.0,0.0
18.10320018196944,58.727493347332064,-0.45166015625,-0.5509033203125,0.69482421875,0.0985107421875,1.5354838709677419,46.52981427174975,0.009677419354838708,0.29325513196480935
18.123291465977672,59.801680503494936,-0.44476318359375,-0.55633544921875,0.6943359375,0.10302734375,1.5161290322580645,45.94330400782014,0.0,0.0
18.143375133979134,59.801680503494936,-0.44476318359375,-0.55633544921875,0.6943359375,0.10302734375,1.5161290322580645,45.94330400782014,0.0,0.0
18.16341908898903,59.801680503494936,-0.44476318359375,-0.55633544921875,0.6943359375,0.10302734375,1.5064516129032257,45.650048875855326,0.0,0.0
18.18345936294645,60.90916139193484,-0.438232421875,-0.56195068359375,0.69317626953125,0.10797119140625,1.493548387096774,45.25904203323558,0.0,0.0
18.20360517699737,60.90916139193484,-0.438232421875,-0.56195068359375,0.69317626953125,0.10797119140625,1.5064516129032257,45.650048875855326,0.0,0.0
18.223676428955514,62.041788447267365,-0.43218994140625,-0.5672607421875,0.69171142578125,0.11376953125,1.5451612903225804,46.82306940371456,0.0,0.0
18.243723166990094,62.041788447267365,-0.43218994140625,-0.5672607421875,0.69171142578125,0.11376953125,1.532258064516129,46.432062561094824,0.0,0.0
18.263796146959066,62.041788447267365,-0.43218994140625,-0.5672607421875,0.69171142578125,0.11376953125,1.5483870967741935,46.9208211143695,0.0,0.0
18.28387456695782,63.303571850866476,-0.42572021484375,-0.57293701171875,0.68988037109375,0.12054443359375,1.564516129032258,47.40957966764419,0.0,0.0
18.303949433960952,63.303571850866476,-0.42572021484375,-0.57293701171875,0.68988037109375,0.12054443359375,1.558064516129032,47.21407624633431,0.0,0.0
18.324021165957674,64.57731182574707,-0.41888427734375,-0.577880859375,0.68865966796875,0.12774658203125,1.5548387096774192,47.11632453567937,0.0,0.0
18.344094784988556,64.57731182574707,-0.41888427734375,-0.577880859375,0.68865966796875,0.12774658203125,1.5741935483870966,47.702834799608986,0.0,0.0
18.364173492998816,64.57731182574707,-0.41888427734375,-0.577880859375,0.68865966796875,0.12774658203125,1.5677419354838709,47.507331378299114,0.0032258064516129032,0.09775171065493646
18.384245511959307,65.82496165173639,-0.4119873046875,-0.58251953125,0.68756103515625,0.134765625,1.564516129032258,47.40957966764419,0.0,0.0
18.40434114896925,65.82496165173639,-0.4119873046875,-0.58251953125,0.68756103515625,0.134765625,1.5548387096774192,47.11632453567937,0.0,0.0
18.424394831992686,67.07609727341986,-0.40496826171875,-0.58709716796875,0.68646240234375,0.14178466796875,1.5806451612903225,47.898338220918866,0.0,0.0
18.444467970984988,67.07609727341986,-0.40496826171875,-0.58709716796875,0.68646240234375,0.14178466796875,1.558064516129032,47.21407624633431,0.0,0.0
18.464541302993894,67.07609727341986,-0.40496826171875,-0.58709716796875,0.68646240234375,0.14178466796875,1.6032258064516127,48.58260019550342,0.0,0.0
18.48462061799364,68.3153238874765,-0.398193359375,-0.59234619140625,0.68450927734375,0.14825439453125,1.5709677419354837,47.60508308895405,0.0032258064516129032,0.09775171065493646
18.50471359898802,68.3153238874765,-0.398193359375,-0.59234619140625,0.68450927734375,0.14825439453125,1.596774193548387,48.38709677419355,0.0,0.0
18.524792817945126,69.5120704949359,-0.3916015625,-0.59771728515625,0.68231201171875,0.15423583984375,1.564516129032258,47.40957966764419,0.0,0.0
18.544885765993968,69.5120704949359,-0.3916015625,-0.59771728515625,0.68231201171875,0.15423583984375,1.5709677419354837,47.60508308895405,0.0,0.0
18.56497813895112,69.5120704949359,-0.3916015625,-0.59771728515625,0.68231201171875,0.15423583984375,1.5806451612903225,47.898338220918866,0.0032258064516129032,0.09775171065493646
18.585009388974868,70.56036265326486,-0.38592529296875,-0.6021728515625,0.680419921875,0.15972900390625,1.561290322580645,47.31182795698924,0.0,0.0
18.605077119951602,70.56036265326486,-0.38592529296875,-0.6021728515625,0.680419921875,0.15972900390625,1.5677419354838709,47.507331378299114,0.0,0.0
18.62515809998149,71.56614024930047,-0.38079833984375,-0.6064453125,0.67822265625,0.1651611328125,1.5483870967741935,46.9208211143695,0.0,0.0
18.645223782979883,71.56614024930047,-0.38079833984375,-0.6064453125,0.67822265625,0.1651611328125,1.564516129032258,47.40957966764419,0.009677419354838708,0.29325513196480935
18.66526239394443,71.56614024930047,-0.38079833984375,-0.6064453125,0.67822265625,0.1651611328125,1.590322580645161,48.19159335288367,0.0,0.0
18.685335148999002,72.59393494305506,-0.37554931640625,-0.61041259765625,0.6761474609375,0.17095947265625,1.6129032258064515,48.87585532746823,0.0,0.0
18.70539135998115,72.59393494305506,-0.37554931640625,-0.61041259765625,0.6761474609375,0.17095947265625,1.5838709677419354,47.9960899315738,0.0,0.0
18.72545717196772,73.57620432675348,-0.37066650390625,-0.6141357421875,0.6739501953125,0.17657470703125,1.596774193548387,48.38709677419355,0.0,0.0
18.745587752957363,73.57620432675348,-0.37066650390625,-0.6141357421875,0.6739501953125,0.17657470703125,1.5741935483870966,47.702834799608986,0.0,0.0
18.76565734000178,73.57620432675348,-0.37066650390625,-0.6141357421875,0.6739501953125,0.17657470703125,1.5774193548387094,47.800586510263926,0.0,0.0
18.78572401596466,74.45492958474334,-0.36639404296875,-0.6175537109375,0.671875,0.181640625,1.5548387096774192,47.11632453567937,0.0,0.0
18.80580249900231,74.45492958474334,-0.36639404296875,-0.6175537109375,0.671875,0.181640625,1.5709677419354837,47.60508308895405,0.0,0.0
18.825879958982114,75.28641261553102,-0.3623046875,-0.62078857421875,0.6697998046875,0.18634033203125,1.5806451612903225,47.898338220918866,0.0,0.0
18.845949577982537,75.28641261553102,-0.3623046875,-0.62078857421875,0.6697998046875,0.18634033203125,1.558064516129032,47.21407624633431,0.0,0.0
18.866050206997897,75.28641261553102,-0.3623046875,-0.62078857421875,0.6697998046875,0.18634033203125,1.590322580645161,48.19159335288367,0.0,0.0
18.886161906993948,76.06363258787354,-0.35845947265625,-0.62359619140625,0.66796875,0.19085693359375,1.596774193548387,48.38709677419355,0.0,0.0
18.90620112599572,76.06363258787354,-0.35845947265625,-0.62359619140625,0.66796875,0.19085693359375,1.5741935483870966,47.702834799608986,0.0,0.0
18.926264216948766,76.79818251612352,-0.3546142578125,-0.626220703125,0.6663818359375,0.19500732421875,1.5483870967741935,46.9208211143695,0.0,0.0
18.946372781996615,76.79818251612352,-0.3546142578125,-0.626220703125,0.6663818359375,0.19500732421875,1.532258064516129,46.432062561094824,0.0,0.0
18.966416607960127,76.79818251612352,-0.3546142578125,-0.626220703125,0.6663818359375,0.19500732421875,1.5838709677419354,47.9960899315738,0.0,0.0
18.986492723983247,77.3699715559144,-0.35137939453125,-0.62786865234375,0.66558837890625,0.1983642578125,1.5677419354838709,47.507331378299114,0.0,0.0
19.00656909495592,77.3699715559144,-0.35137939453125,-0.62786865234375,0.66558837890625,0.1983642578125,1.558064516129032,47.21407624633431,0.0,0.0
19.026642810960766,77.71868860934622,-0.349365234375,-0.62884521484375,0.66510009765625,0.20037841796875,1.564516129032258,47.40957966764419,0.0,0.0
19.04671518196119,77.71868860934622,-0.349365234375,-0.62884521484375,0.66510009765625,0.20037841796875,1.590322580645161,48.19159335288367,0.0064516129032258064,0.19550342130987292
19.066790625976864,77.71868860934622,-0.349365234375,-0.62884521484375,0.66510009765625,0.20037841796875,1.5677419354838709,47.507331378299114,0.0,0.0
19.08686267695157,77.86474212719955,-0.3485107421875,-0.62939453125,0.664794921875,0.20111083984375,1.5838709677419354,47.9960899315738,0.0,0.0
19.106953608978074,77.86474212719955,-0.3485107421875,-0.62939453125,0.664794921875,0.20111083984375,1.561290322580645,47.31182795698924,0.0064516129032258064,0.19550342130987292
19.12701938895043,77.77233698786424,-0.3486328125,-0.62884521484375,0.6654052734375,0.20050048828125,1.558064516129032,47.21407624633431,0.0,0.0
19.147141681984067,77.77233698786424,-0.3486328125,-0.62884521484375,0.6654052734375,0.20050048828125,1.6096774193548384,48.77810361681329,0.0,0.0
19.167181891971268,77.77233698786424,-0.3486328125,-0.62884521484375,0.6654052734375,0.20050048828125,1.564516129032258,47.40957966764419,0.0,0.0
19.187241782958154,77.65130007754085,-0.348876953125,-0.62750244140625,0.66668701171875,0.20025634765625,1.5548387096774192,47.11632453567937,0.0,0.0
19.207322282949463,77.65130007754085,-0.348876953125,-0.62750244140625,0.66668701171875,0.20025634765625,1.5774193548387094,47.800586510263926,0.0,0.0
19.22739295795327,77.49766429374611,-0.349365234375,-0.62664794921875,0.66748046875,0.19940185546875,1.5838709677419354,47.9960899315738,0.0,0.0
19.24746884999331,77.49766429374611,-0.349365234375,-0.62664794921875,0.66748046875,0.19940185546875,1.593548387096774,48.289345063538605,0.0,0.0
19.267542213958222,77.49766429374611,-0.349365234375,-0.62664794921875,0.66748046875,0.19940185546875,1.5838709677419354,47.9960899315738,0.0,0.0
19.287618360947818,77.32311131057232,-0.35028076171875,-0.626220703125,0.66766357421875,0.1982421875,1.558064516129032,47.21407624633431,0.0,0.0
19.307693580980413,77.32311131057232,-0.35028076171875,-0.626220703125,0.66766357421875,0.1982421875,1.5483870967741935,46.9208211143695,0.0,0.0
19.32777068798896,77.19517314713988,-0.3509521484375,-0.62567138671875,0.6680908203125,0.1976318359375,1.5419354838709676,46.72531769305962,0.0,0.0
19.347872052981984,77.19517314713988,-0.3509521484375,-0.62567138671875,0.6680908203125,0.1976318359375,1.5548387096774192,47.11632453567937,0.0,0.0
19.36792275996413,77.19517314713988,-0.3509521484375,-0.62567138671875,0.6680908203125,0.1976318359375,1.5548387096774192,47.11632453567937,0.0,0.0
19.388020507991314,77.16762077394027,-0.35089111328125,-0.62506103515625,0.66864013671875,0.19769287109375,1.5483870967741935,46.9208211143695,0.0,0.0
19.408085934992414,77.16762077394027,-0.35089111328125,-0.62506103515625,0.66864013671875,0.19769287109375,1.5483870967741935,46.9208211143695,0.0,0.0
19.428178626985755,77.12356458886578,-0.35089111328125,-0.62469482421875,0.6690673828125,0.19744873046875,1.5451612903225804,46.82306940371456,0.0,0.0
19.448242293961812,77.12356458886578,-0.35089111328125,-0.62469482421875,0.6690673828125,0.19744873046875,1.5774193548387094,47.800586510263926,0.0,0.0
19.46830967394635,77.12356458886578,-0.35089111328125,-0.62469482421875,0.6690673828125,0.19744873046875,1.5741935483870966,47.702834799608986,0.0,0.0
19.488384796946775,77.0725240441674,-0.3509521484375,-0.62457275390625,0.66925048828125,0.19696044921875,1.5774193548387094,47.800586510263926,0.0,0.0
19.508485009951983,77.0725240441674,-0.3509521484375,-0.62457275390625,0.66925048828125,0.19696044921875,1.5516129032258064,47.018572825024435,0.0,0.0
19.52854963694699,77.04232556738694,-0.35089111328125,-0.6246337890625,0.66937255859375,0.196533203125,1.590322580645161,48.19159335288367,0.0,0.0
19.548623479960952,77.04232556738694,-0.35089111328125,-0.6246337890625,0.66937255859375,0.196533203125,1.558064516129032,47.21407624633431,0.0,0.0
19.568739052978344,77.04232556738694,-0.35089111328125,-0.6246337890625,0.66937255859375,0.196533203125,1.590322580645161,48.19159335288367,0.0,0.0
19.58877091098111,77.01371852418968,-0.35089111328125,-0.62432861328125,0.669677734375,0.1964111328125,1.593548387096774,48.289345063538605,0.0032258064516129032,0.09775171065493646
19.608825745992362,77.01371852418968,-0.35089111328125,-0.62432861328125,0.669677734375,0.1964111328125,1.5741935483870966,47.702834799608986,0.0,0.0
19.628923174983356,77.03446786190081,-0.35089111328125,-0.62451171875,0.66949462890625,0.196533203125,1.5774193548387094,47.800586510263926,0.0,0.0
19.64900671399664,77.03446786190081,-0.35089111328125,-0.62451171875,0.66949462890625,0.196533203125,1.5709677419354837,47.60508308895405,0.0,0.0
19.669112366973422,77.03446786190081,-0.35089111328125,-0.62451171875,0.66949462890625,0.196533203125,1.596774193548387,48.38709677419355,0.0,0.0
19.689125888980925,77.05411166077494,-0.35089111328125,-0.62481689453125,0.669189453125,0.196533203125,1.5838709677419354,47.9960899315738,0.0,0.0
19.709236468945164,77.05411166077494,-0.35089111328125,-0.62481689453125,0.669189453125,0.196533203125,1.561290322580645,47.31182795698924,0.0032258064516129032,0.09775171065493646
19.729301575978752,77.0715503948151,-0.350830078125,-0.6251220703125,0.6689453125,0.19647216796875,1.5516129032258064,47.018572825024435,0.0064516129032258064,0.19550342130987292
19.749354042985942,77.0715503948151,-0.350830078125,-0.6251220703125,0.6689453125,0.19647216796875,1.5806451612903225,47.898338220918866,0.0,0.0
19.769395245995838,77.0715503948151,-0.350830078125,-0.6251220703125,0.6689453125,0.19647216796875,1.5677419354838709,47.507331378299114,0.0,0.0
19.789475169964135,77.07892296769245,-0.3507080078125,-0.62530517578125,0.66888427734375,0.19635009765625,1.561290322580645,47.31182795698924,0.0,0.0
19.809532724961173,77.07892296769245,-0.3507080078125,-0.62530517578125,0.66888427734375,0.19635009765625,1.5387096774193547,46.62756598240469,0.0,0.0
19.829597607953474,77.09089127393082,-0.35040283203125,-0.62530517578125,0.6690673828125,0.1962890625,1.5419354838709676,46.72531769305962,0.0,0.0
19.849676538957283,77.09089127393082,-0.35040283203125,-0.62530517578125,0.6690673828125,0.1962890625,1.5483870967741935,46.9208211143695,0.0,0.0
19.86973086197395,77.09089127393082,-0.35040283203125,-0.62530517578125,0.6690673828125,0.1962890625,1.5483870967741935,46.9208211143695,0.0,0.0
19.889853026950732,77.09326804905825,-0.3502197265625,-0.62530517578125,0.66925048828125,0.19622802734375,1.558064516129032,47.21407624633431,0.0,0.0
19.909916533972137,77.09326804905825,-0.3502197265625,-0.62530517578125,0.66925048828125,0.19622802734375,1.5548387096774192,47.11632453567937,0.0,0.0
19.929980073997285,77.10720109405175,-0.34991455078125,-0.6253662109375,0.6693115234375,0.19610595703125,1.5709677419354837,47.60508308895405,0.0,0.0
19.950039741001092,77.10720109405175,-0.34991455078125,-0.6253662109375,0.6693115234375,0.19610595703125,1.558064516129032,47.21407624633431,0.019354838709677417,0.5865102639296187
19.97009956795955,77.10720109405175,-0.34991455078125,-0.6253662109375,0.6693115234375,0.19610595703125,1.5774193548387094,47.800586510263926,0.0032258064516129032,0.09775171065493646
19.990154594997875,77.1151318318601,-0.34979248046875,-0.62548828125,0.6693115234375,0.196044921875,1.558064516129032,47.21407624633431,0.0,0.0
20.010288759949617,77.1151318318601,-0.34979248046875,-0.62548828125,0.6693115234375,0.196044921875,1.5419354838709676,46.72531769305962,0.0,0.0
20.030362923978828,77.12206740876532,-0.34954833984375,-0.62530517578125,0.66961669921875,0.19610595703125,1.5709677419354837,47.60508308895405,0.0,0.0
20.050436478981283,77.12206740876532,-0.34954833984375,-0.62530517578125,0.66961669921875,0.19610595703125,1.5709677419354837,47.60508308895405,0.0,0.0
20.07051281898748,77.12206740876532,-0.34954833984375,-0.62530517578125,0.66961669921875,0.19610595703125,1.5677419354838709,47.507331378299114,0.0,0.0
20.090590821986552,77.13471762048172,-0.34918212890625,-0.62506103515625,0.66998291015625,0.1961669921875,1.564516129032258,47.40957966764419,0.0,0.0
20.110672281996813,77.13471762048172,-0.34918212890625,-0.62506103515625,0.66998291015625,0.1961669921875,1.5483870967741935,46.9208211143695,0.0,0.0
20.130776621983387,77.14585964764032,-0.34893798828125,-0.6251220703125,0.67010498046875,0.19610595703125,1.5451612903225804,46.82306940371456,0.0,0.0
20.150842721981462,77.14585964764032,-0.34893798828125,-0.6251220703125,0.67010498046875,0.19610595703125,1.561290322580645,47.31182795698924,0.0,0.0
20.170938741997816,77.14585964764032,-0.34893798828125,-0.6251220703125,0.67010498046875,0.19610595703125,1.558064516129032,47.21407624633431,0.0032258064516129032,0.09775171065493646
20.190990472969133,77.15079296528592,-0.3487548828125,-0.6251220703125,0.67022705078125,0.196044921875,1.561290322580645,47.31182795698924,0.0,0.0
20.211117565981112,77.15079296528592,-0.3487548828125,-0.6251220703125,0.67022705078125,0.196044921875,1.561290322580645,47.31182795698924,0.0,0.0
20.231207345961593,77.1420292210944,-0.34857177734375,-0.62493896484375,0.67047119140625,0.1959228515625,1.558064516129032,47.21407624633431,0.0,0.0
20.25132320699049,77.1420292210944,-0.34857177734375,-0.62493896484375,0.67047119140625,0.1959228515625,1.558064516129032,47.21407624633431,0.0,0.0
20.271305686968844,77.1420292210944,-0.34857177734375,-0.62493896484375,0.67047119140625,0.1959228515625,1.5451612903225804,46.82306940371456,0.0,0.0
20.29135748196859,77.13916818535577,-0.348388671875,-0.62481689453125,0.67071533203125,0.19586181640625,1.5451612903225804,46.82306940371456,0.0,0.0
20.311425852996763,77.13916818535577,-0.348388671875,-0.62481689453125,0.67071533203125,0.19586181640625,1.5483870967741935,46.9208211143695,0.0,0.0
20.331489615957253,77.12919108601767,-0.34832763671875,-0.62469482421875,0.6708984375,0.19580078125,1.5709677419354837,47.60508308895405,0.0064516129032258064,0.19550342130987292
20.351551619998645,77.12919108601767,-0.34832763671875,-0.62469482421875,0.6708984375,0.19580078125,1.5516129032258064,47.018572825024435,0.0,0.0
20.371612470946275,77.12919108601767,-0.34832763671875,-0.62469482421875,0.6708984375,0.19580078125,1.558064516129032,47.21407624633431,0.0,0.0
20.39168282598257,77.12586442224638,-0.3482666015625,-0.62481689453125,0.67083740234375,0.19561767578125,1.5774193548387094,47.800586510263926,0.0,0.0
20.411834559985436,77.12586442224638,-0.3482666015625,-0.62481689453125,0.67083740234375,0.19561767578125,1.5774193548387094,47.800586510263926,0.0,0.0
20.431859985983465,77.13198874236646,-0.34808349609375,-0.62469482421875,0.67108154296875,0.1956787109375,1.5709677419354837,47.60508308895405,0.0,0.0
20.45192598894937,77.13198874236646,-0.34808349609375,-0.62469482421875,0.67108154296875,0.1956787109375,1.5548387096774192,47.11632453567937,0.0,0.0
20.47196911199717,77.13198874236646,-0.34808349609375,-0.62469482421875,0.67108154296875,0.1956787109375,1.5709677419354837,47.60508308895405,0.0,0.0
20.492034730967134,77.1389676401521,-0.34808349609375,-0.62469482421875,0.6710205078125,0.19573974609375,1.5451612903225804,46.82306940371456,0.0,0.0
20.512118526967242,77.1389676401521,-0.34808349609375,-0.62469482421875,0.6710205078125,0.19573974609375,1.5774193548387094,47.800586510263926,0.0,0.0
20.532170993974432,77.14286904755474,-0.34808349609375,-0.624755859375,0.67095947265625,0.19573974609375,1.5838709677419354,47.9960899315738,0.0,0.0
20.55223734898027,77.14286904755474,-0.34808349609375,-0.624755859375,0.67095947265625,0.19573974609375,1.590322580645161,48.19159335288367,0.0,0.0
20.572310519986786,77.14286904755474,-0.34808349609375,-0.624755859375,0.67095947265625,0.19573974609375,1.5483870967741935,46.9208211143695,0.009677419354838708,0.29325513196480935
20.592469517956488,77.17606008663722,-0.347900390625,-0.6248779296875,0.6708984375,0.1959228515625,1.5870967741935482,48.09384164222873,0.0,0.0
20.612497535999864,77.17606008663722,-0.347900390625,-0.6248779296875,0.6708984375,0.1959228515625,1.5741935483870966,47.702834799608986,0.0,0.0
20.632544178981334,77.22259688186682,-0.3475341796875,-0.62506103515625,0.6708984375,0.19610595703125,1.5741935483870966,47.702834799608986,0.0,0.0
20.652708040957805,77.22259688186682,-0.3475341796875,-0.62506103515625,0.6708984375,0.19610595703125,1.596774193548387,48.38709677419355,0.0,0.0
20.67277625296265,77.22259688186682,-0.3475341796875,-0.62506103515625,0.6708984375,0.19610595703125,1.593548387096774,48.289345063538605,0.0,0.0
20.69281780696474,77.30788007299813,-0.34698486328125,-0.62530517578125,0.6707763671875,0.196533203125,1.5870967741935482,48.09384164222873,0.0,0.0
20.712869345967192,77.30788007299813,-0.34698486328125,-0.62530517578125,0.6707763671875,0.196533203125,1.593548387096774,48.289345063538605,0.0064516129032258064,0.19550342130987292
20.73297723894939,77.39986100443043,-0.346435546875,-0.625732421875,0.67059326171875,0.19696044921875,1.5870967741935482,48.09384164222873,0.0,0.0
20.753043369972147,77.39986100443043,-0.346435546875,-0.625732421875,0.67059326171875,0.19696044921875,1.5806451612903225,47.898338220918866,0.0,0.0
20.773122044978663,77.39986100443043,-0.346435546875,-0.625732421875,0.67059326171875,0.19696044921875,1.5774193548387094,47.800586510263926,0.0,0.0
20.79321249696659,77.55653097481216,-0.3455810546875,-0.6265869140625,0.66998291015625,0.19757080078125,1.5709677419354837,47.60508308895405,0.0,0.0
20.813245667959563,77.55653097481216,-0.3455810546875,-0.6265869140625,0.66998291015625,0.19757080078125,1.5806451612903225,47.898338220918866,0.0,0.0
20.833313686947804,77.75495498947245,-0.34429931640625,-0.62762451171875,0.66949462890625,0.19830322265625,1.5774193548387094,47.800586510263926,0.0,0.0
20.853368201991543,77.75495498947245,-0.34429931640625,-0.62762451171875,0.66949462890625,0.19830322265625,1.5677419354838709,47.507331378299114,0.0,0.0
20.873508510994725,78.0529398879485,-0.34259033203125,-0.6287841796875,0.66888427734375,0.1998291015625,1.5483870967741935,46.9208211143695,0.0,0.0
20.893568977946416,78.0529398879485,-0.34259033203125,-0.6287841796875,0.66888427734375,0.1998291015625,1.5516129032258064,47.018572825024435,0.0,0.0
20.913673158967867,78.0529398879485,-0.34259033203125,-0.6287841796875,0.66888427734375,0.1998291015625,1.5516129032258064,47.018572825024435,0.0,0.0
20.933745497954078,78.52751937378503,-0.340087890625,-0.63079833984375,0.66748046875,0.20220947265625,1.5451612903225804,46.82306940371456,0.0,0.0
20.953800524992403,78.52751937378503,-0.340087890625,-0.63079833984375,0.66748046875,0.20220947265625,1.5225806451612902,46.138807429130004,0.0,0.0
20.973827102978248,79.2017662824305,-0.3365478515625,-0.6337890625,0.66546630859375,0.20556640625,1.493548387096774,45.25904203323558,0.0,0.0
20.993883057963103,79.2017662824305,-0.3365478515625,-0.6337890625,0.66546630859375,0.20556640625,1.5096774193548386,45.74780058651026,0.0,0.0
21.013989093946293,79.2017662824305,-0.3365478515625,-0.6337890625,0.66546630859375,0.20556640625,1.4774193548387096,44.770283479960895,0.0,0.0
21.03406440996332,80.02269402776122,-0.33233642578125,-0.63714599609375,0.6629638671875,0.2098388671875,1.4258064516129032,43.20625610948191,0.0064516129032258064,0.19550342130987292
21.054140013002325,80.02269402776122,-0.33233642578125,-0.63714599609375,0.6629638671875,0.2098388671875,1.3870967741935485,42.033235581622684,0.0032258064516129032,0.09775171065493646
21.07420870498754,81.02420391145594,-0.32720947265625,-0.64105224609375,0.6600341796875,0.2152099609375,1.4451612903225806,43.79276637341153,0.0,0.0
21.094285779981874,81.02420391145594,-0.32720947265625,-0.64105224609375,0.6600341796875,0.2152099609375,1.4548387096774194,44.086021505376344,0.0,0.0
21.114358887949493,81.02420391145594,-0.32720947265625,-0.64105224609375,0.6600341796875,0.2152099609375,1.4419354838709677,43.6950146627566,0.0,0.0
21.134435514977667,82.0474526604922,-0.32183837890625,-0.64495849609375,0.6571044921875,0.22064208984375,1.4419354838709677,43.6950146627566,0.0,0.0
21.154521646967623,82.0474526604922,-0.32183837890625,-0.64495849609375,0.6571044921875,0.22064208984375,1.4193548387096775,43.01075268817205,0.0,0.0
21.17459302599309,83.11674031974445,-0.31622314453125,-0.64910888671875,0.65380859375,0.2261962890625,1.403225806451613,42.52199413489737,0.0,0.0
21.194697238970548,83.11674031974445,-0.31622314453125,-0.64910888671875,0.65380859375,0.2261962890625,1.4451612903225806,43.79276637341153,0.0,0.0
21.214742280950304,83.11674031974445,-0.31622314453125,-0.64910888671875,0.65380859375,0.2261962890625,1.4193548387096775,43.01075268817205,0.0,0.0
21.234788795991335,84.2570230044012,-0.31024169921875,-0.6533203125,0.65032958984375,0.23223876953125,1.403225806451613,42.52199413489737,0.0,0.0
21.254921936953906,84.2570230044012,-0.31024169921875,-0.6533203125,0.65032958984375,0.23223876953125,1.4483870967741934,43.89051808406647,0.0,0.0
21.275001764995977,85.39201853203731,-0.3043212890625,-0.657470703125,0.64678955078125,0.23828125,1.435483870967742,43.49951124144673,0.0,0.0
21.295106200966984,85.39201853203731,-0.3043212890625,-0.657470703125,0.64678955078125,0.23828125,1.4387096774193548,43.59726295210166,0.0,0.0
21.315170988964383,85.39201853203731,-0.3043212890625,-0.657470703125,0.64678955078125,0.23828125,1.4419354838709677,43.6950146627566,0.0,0.0
21.335217438987456,86.61157643974771,-0.2979736328125,-0.66168212890625,0.6429443359375,0.244873046875,1.4580645161290322,44.18377321603128,0.0,0.0
21.35529451497132,86.61157643974771,-0.2979736328125,-0.66168212890625,0.6429443359375,0.244873046875,1.4548387096774194,44.086021505376344,0.0,0.0
21.375345701002516,87.8239045293721,-0.2916259765625,-0.6656494140625,0.63922119140625,0.25152587890625,1.5096774193548386,45.74780058651026,0.0,0.0
21.395416152954567,87.8239045293721,-0.2916259765625,-0.6656494140625,0.63922119140625,0.25152587890625,1.5064516129032257,45.650048875855326,0.0,0.0
21.41553841397399,87.8239045293721,-0.2916259765625,-0.6656494140625,0.63922119140625,0.25152587890625,1.5129032258064514,45.8455522971652,0.0032258064516129032,0.09775171065493646
21.435615008987952,88.97973865527898,-0.28564453125,-0.66961669921875,0.63525390625,0.2576904296875,1.4774193548387096,44.770283479960895,0.0,0.0
21.455657203972805,88.97973865527898,-0.28564453125,-0.66961669921875,0.63525390625,0.2576904296875,1.4709677419354839,44.57478005865102,0.0,0.0
21.475721062975936,90.35185641844734,-0.279052734375,-0.67413330078125,0.6302490234375,0.26544189453125,1.4806451612903224,44.868035190615835,0.0,0.0
21.495768569991924,90.35185641844734,-0.279052734375,-0.67413330078125,0.6302490234375,0.26544189453125,1.5,45.45454545454546,0.0,0.0
21.51583217299776,90.35185641844734,-0.279052734375,-0.67413330078125,0.6302490234375,0.26544189453125,1.496774193548387,45.35679374389051,0.019354838709677417,0.5865102639296187
21.53590198396705,91.62893310582784,-0.27276611328125,-0.67669677734375,0.626708984375,0.27362060546875,1.4838709677419355,44.965786901270775,0.009677419354838708,0.29325513196480935
21.55596142698778,91.62893310582784,-0.27276611328125,-0.67669677734375,0.626708984375,0.27362060546875,1.4709677419354839,44.57478005865102,0.0,0.0
21.57602387794759,92.66370013855229,-0.26800537109375,-0.67999267578125,0.62255859375,0.279541015625,1.5064516129032257,45.650048875855326,0.0,0.0
21.596108537982218,92.66370013855229,-0.26800537109375,-0.67999267578125,0.62255859375,0.279541015625,1.4709677419354839,44.57478005865102,0.0,0.0
21.616271184000652,92.66370013855229,-0.26800537109375,-0.67999267578125,0.62255859375,0.279541015625,1.5096774193548386,45.74780058651026,0.0064516129032258064,0.19550342130987292
21.636317858996335,93.58480889268081,-0.2645263671875,-0.68316650390625,0.61810302734375,0.28509521484375,1.5,45.45454545454546,0.0,0.0
21.656392757955473,93.58480889268081,-0.2645263671875,-0.68316650390625,0.61810302734375,0.28509521484375,1.4903225806451612,45.16129032258064,0.0,0.0
21.676445640972815,94.59142255753251,-0.26239013671875,-0.686279296875,0.61212158203125,0.2923583984375,1.5064516129032257,45.650048875855326,0.0,0.0
21.69654095696751,94.59142255753251,-0.26239013671875,-0.686279296875,0.61212158203125,0.2923583984375,1.5451612903225804,46.82306940371456,0.0,0.0
21.71658091194695,94.59142255753251,-0.26239013671875,-0.686279296875,0.61212158203125,0.2923583984375,1.5451612903225804,46.82306940371456,0.0,0.0
21.73668486799579,95.78784694007484,-0.2607421875,-0.68927001953125,0.60479736328125,0.30194091796875,1.529032258064516,46.33431085043988,0.0,0.0
21.75680613698205,95.78784694007484,-0.2607421875,-0.68927001953125,0.60479736328125,0.30194091796875,1.5354838709677419,46.52981427174975,0.0,0.0
21.776840523001738,96.8578843045699,-0.25872802734375,-0.6920166015625,0.598388671875,0.30999755859375,1.5161290322580645,45.94330400782014,0.0,0.0
21.796910493983887,96.8578843045699,-0.25872802734375,-0.6920166015625,0.598388671875,0.30999755859375,1.5354838709677419,46.52981427174975,0.0032258064516129032,0.09775171065493646
21.81698104197858,96.8578843045699,-0.25872802734375,-0.6920166015625,0.598388671875,0.30999755859375,1.5548387096774192,47.11632453567937,0.0,0.0
21.83705494896276,98.19100911397891,-0.25360107421875,-0.695556640625,0.59210205078125,0.31829833984375,1.525806451612903,46.236559139784944,0.0,0.0
21.857136920967605,98.19100911397891,-0.25360107421875,-0.695556640625,0.59210205078125,0.31829833984375,1.5387096774193547,46.62756598240469,0.0032258064516129032,0.09775171065493646
21.87720772397006,99.33370824935172,-0.24798583984375,-0.69781494140625,0.58807373046875,0.3251953125,1.596774193548387,48.38709677419355,0.0,0.0
21.897280991950538,99.33370824935172,-0.24798583984375,-0.69781494140625,0.58807373046875,0.3251953125,1.561290322580645,47.31182795698924,0.0,0.0
21.91738305997569,99.33370824935172,-0.24798583984375,-0.69781494140625,0.58807373046875,0.3251953125,1.564516129032258,47.40957966764419,0.0032258064516129032,0.09775171065493646
21.937461638997775,100.39246879370741,-0.243408203125,-0.70025634765625,0.58343505859375,0.33160400390625,1.561290322580645,47.31182795698924,0.0,0.0
21.957563099975232,100.39246879370741,-0.243408203125,-0.70025634765625,0.58343505859375,0.33160400390625,1.5677419354838709,47.507331378299114,0.0,0.0
21.977594094001688,101.54006569070089,-0.23907470703125,-0.702880859375,0.577880859375,0.3388671875,1.5838709677419354,47.9960899315738,0.0,0.0
21.997677345992997,101.54006569070089,-0.23907470703125,-0.702880859375,0.577880859375,0.3388671875,1.590322580645161,48.19159335288367,0.016129032258064516,0.4887585532746823
22.01772392395651,101.54006569070089,-0.23907470703125,-0.702880859375,0.577880859375,0.3388671875,1.6806451612903226,50.9286412512219,0.0,0.0
22.03778643894475,102.58692526745014,-0.23504638671875,-0.70489501953125,0.572998046875,0.34564208984375,1.7129032258064516,51.90615835777126,0.0064516129032258064,0.19550342130987292
22.057907451991923,102.58692526745014,-0.23504638671875,-0.70489501953125,0.572998046875,0.34564208984375,1.7516129032258063,53.0791788856305,0.0,0.0
22.077974542975426,103.78025126806016,-0.23077392578125,-0.70770263671875,0.56671142578125,0.35308837890625,1.7032258064516128,51.61290322580645,0.0,0.0
22.098002752987668,103.78025126806016,-0.23077392578125,-0.70770263671875,0.56671142578125,0.35308837890625,1.62258064516129,49.169110459433035,0.0,0.0
22.118063923961017,103.78025126806016,-0.23077392578125,-0.70770263671875,0.56671142578125,0.35308837890625,1.5870967741935482,48.09384164222873,0.0,0.0
22.138130055973306,104.86130340060959,-0.22723388671875,-0.70977783203125,0.56103515625,0.36029052734375,1.6838709677419355,51.02639296187683,0.009677419354838708,0.29325513196480935
22.15824341995176,104.86130340060959,-0.22723388671875,-0.70977783203125,0.56103515625,0.36029052734375,1.6935483870967742,51.31964809384164,0.009677419354838708,0.29325513196480935
22.17829582298873,105.85768427963922,-0.22479248046875,-0.71197509765625,0.5548095703125,0.3670654296875,1.6580645161290322,50.24437927663734,0.0,0.0
22.198350209975615,105.85768427963922,-0.22479248046875,-0.71197509765625,0.5548095703125,0.3670654296875,1.7516129032258063,53.0791788856305,0.0,0.0
22.218432597001083,105.85768427963922,-0.22479248046875,-0.71197509765625,0.5548095703125,0.3670654296875,1.7096774193548387,51.80840664711632,0.0,0.0
22.238493703946006,106.83442132420433,-0.22235107421875,-0.71380615234375,0.54888916015625,0.37384033203125,1.7516129032258063,53.0791788856305,0.0064516129032258064,0.19550342130987292
22.25855564296944,106.83442132420433,-0.22235107421875,-0.71380615234375,0.54888916015625,0.37384033203125,1.7032258064516128,51.61290322580645,0.0,0.0
22.278609965986107,107.96091490666836,-0.219970703125,-0.7158203125,0.5416259765625,0.3818359375,1.7225806451612902,52.19941348973607,0.0,0.0
22.29867353697773,107.96091490666836,-0.219970703125,-0.7158203125,0.5416259765625,0.3818359375,1.696774193548387,51.417399804496576,0.0,0.0
22.318736884975806,107.96091490666836,-0.219970703125,-0.7158203125,0.5416259765625,0.3818359375,1.6870967741935483,51.12414467253177,0.0,0.0
22.33879911195254,108.97267931280473,-0.21771240234375,-0.717041015625,0.53564453125,0.38934326171875,1.7258064516129032,52.29716520039101,0.0,0.0
22.35890962794656,108.97267931280473,-0.21771240234375,-0.717041015625,0.53564453125,0.38934326171875,1.7387096774193547,52.68817204301075,0.0,0.0
22.378949421981815,109.83784660290087,-0.216064453125,-0.7177734375,0.5303955078125,0.39605712890625,1.761290322580645,53.3724340175953,0.0,0.0
22.399011713976506,109.83784660290087,-0.216064453125,-0.7177734375,0.5303955078125,0.39605712890625,1.7580645161290323,53.27468230694038,0.0,0.0
22.41936361399712,109.83784660290087,-0.216064453125,-0.7177734375,0.5303955078125,0.39605712890625,1.7870967741935482,54.154447702834794,0.0,0.0
22.43942628899822,110.60724188986424,-0.2159423828125,-0.71893310546875,0.524169921875,0.4022216796875,1.7516129032258063,53.0791788856305,0.0064516129032258064,0.19550342130987292
22.459479587967508,110.60724188986424,-0.2159423828125,-0.71893310546875,0.524169921875,0.4022216796875,1.7903225806451613,54.25219941348974,0.0,0.0
22.479559126950335,111.39045485363906,-0.217529296875,-0.72003173828125,0.5164794921875,0.4093017578125,1.7419354838709677,52.785923753665685,0.0,0.0
22.499697068997193,111.39045485363906,-0.217529296875,-0.72003173828125,0.5164794921875,0.4093017578125,1.7516129032258063,53.0791788856305,0.0,0.0
22.519703901954927,111.39045485363906,-0.217529296875,-0.72003173828125,0.5164794921875,0.4093017578125,1.7548387096774192,53.17693059628543,0.0,0.0
22.53980660997331,112.87666072550509,-0.2203369140625,-0.7222900390625,0.5015869140625,0.422119140625,1.7741935483870968,53.76344086021506,0.0,0.0
22.559870564960875,112.87666072550509,-0.2203369140625,-0.7222900390625,0.5015869140625,0.422119140625,1.7709677419354837,53.665689149560116,0.0,0.0
22.579970041988418,113.72210496878412,-0.2230224609375,-0.723388671875,0.4921875,0.4298095703125,1.796774193548387,54.44770283479961,0.0,0.0
22.6000315650017,113.72210496878412,-0.2230224609375,-0.723388671875,0.4921875,0.4298095703125,1.7709677419354837,53.665689149560116,0.0,0.0
22.620104223955423,113.72210496878412,-0.2230224609375,-0.723388671875,0.4921875,0.4298095703125,1.7677419354838708,53.567937438905176,0.0,0.0
22.64019518799614,113.88196525825569,-0.22265625,-0.724365234375,0.49053955078125,0.43023681640625,1.7870967741935482,54.154447702834794,0.016129032258064516,0.4887585532746823
22.66026026295731,113.88196525825569,-0.22265625,-0.724365234375,0.49053955078125,0.43023681640625,1.7806451612903225,53.95894428152492,0.0,0.0
22.680332825984806,114.01542783868138,-0.22296142578125,-0.724609375,0.4891357421875,0.43133544921875,1.761290322580645,53.3724340175953,0.0,0.0
22.700428110954817,114.01542783868138,-0.22296142578125,-0.724609375,0.4891357421875,0.43133544921875,1.7870967741935482,54.154447702834794,0.0,0.0
22.72052105894545,114.01542783868138,-0.22296142578125,-0.724609375,0.4891357421875,0.43133544921875,1.7580645161290323,53.27468230694038,0.0,0.0
22.74059803795535,113.99437581115706,-0.22381591796875,-0.7239990234375,0.489013671875,0.4320068359375,1.7516129032258063,53.0791788856305,0.0,0.0
22.760620583954733,113.99437581115706,-0.22381591796875,-0.7239990234375,0.489013671875,0.4320068359375,1.7741935483870968,53.76344086021506,0.0,0.0
22.780698618968017,113.87492008710379,-0.22454833984375,-0.72393798828125,0.4893798828125,0.43133544921875,1.7870967741935482,54.154447702834794,0.0,0.0
22.800808047992177,113.87492008710379,-0.22454833984375,-0.72393798828125,0.4893798828125,0.43133544921875,1.8032258064516127,54.64320625610948,0.0,0.0
22.820908963971306,113.87492008710379,-0.22454833984375,-0.72393798828125,0.4893798828125,0.43133544921875,1.7741935483870968,53.76344086021506,0.0,0.0
22.84093419800047,113.78350111112451,-0.22509765625,-0.72406005859375,0.489501953125,0.4306640625,1.7999999999999998,54.54545454545454,0.0,0.0
22.86102013796335,113.78350111112451,-0.22509765625,-0.72406005859375,0.489501953125,0.4306640625,1.7838709677419353,54.05669599217986,0.0,0.0
22.88105375599116,113.72698332721731,-0.22503662109375,-0.723876953125,0.4901123046875,0.4302978515625,1.7838709677419353,54.05669599217986,0.0032258064516129032,0.09775171065493646
22.901126766984817,113.72698332721731,-0.22503662109375,-0.723876953125,0.4901123046875,0.4302978515625,1.7709677419354837,53.665689149560116,0.0,0.0
22.921181569981854,113.72698332721731,-0.22503662109375,-0.723876953125,0.4901123046875,0.4302978515625,1.8032258064516127,54.64320625610948,0.0,0.0
22.941278165963013,113.73522827058345,-0.22479248046875,-0.72406005859375,0.4901123046875,0.43011474609375,1.7838709677419353,54.05669599217986,0.0,0.0
22.96132692095125,113.73522827058345,-0.22479248046875,-0.72406005859375,0.4901123046875,0.43011474609375,1.7903225806451613,54.25219941348974,0.0,0.0
22.981476990971714,113.72295360911454,-0.22479248046875,-0.7242431640625,0.4901123046875,0.42987060546875,1.7903225806451613,54.25219941348974,0.019354838709677417,0.5865102639296187
23.001571794971824,113.72295360911454,-0.22479248046875,-0.7242431640625,0.4901123046875,0.42987060546875,1.7903225806451613,54.25219941348974,0.009677419354838708,0.29325513196480935
23.02162659697933,113.72295360911454,-0.22479248046875,-0.7242431640625,0.4901123046875,0.42987060546875,1.8032258064516127,54.64320625610948,0.009677419354838708,0.29325513196480935
23.041663447977044,113.72249758082181,-0.22442626953125,-0.72418212890625,0.49041748046875,0.42974853515625,1.8064516129032258,54.74095796676443,0.0,0.0
23.06172097095987,113.72249758082181,-0.22442626953125,-0.72418212890625,0.49041748046875,0.42974853515625,1.8032258064516127,54.64320625610948,0.0,0.0
23.08178169396706,113.72319467993009,-0.223876953125,-0.72406005859375,0.490966796875,0.42962646484375,1.7903225806451613,54.25219941348974,0.0,0.0
23.10185656097019,113.72319467993009,-0.223876953125,-0.72406005859375,0.490966796875,0.42962646484375,1.8258064516129031,55.32746823069403,0.0,0.0
23.121912228001747,113.72319467993009,-0.223876953125,-0.72406005859375,0.490966796875,0.42962646484375,1.793548387096774,54.34995112414467,0.0,0.0
23.141972982964944,113.7239710522203,-0.22332763671875,-0.72393798828125,0.49151611328125,0.42950439453125,1.8387096774193548,55.71847507331379,0.0,0.0
23.16204004199244,113.7239710522203,-0.22332763671875,-0.72393798828125,0.49151611328125,0.42950439453125,1.8322580645161288,55.5229716520039,0.0,0.0
23.18210905295564,113.70629562260487,-0.22314453125,-0.72393798828125,0.49176025390625,0.42926025390625,1.8193548387096772,55.13196480938416,0.0,0.0
23.202221425948665,113.70629562260487,-0.22314453125,-0.72393798828125,0.49176025390625,0.42926025390625,1.8193548387096772,55.13196480938416,0.0,0.0
23.22230528498767,113.70629562260487,-0.22314453125,-0.72393798828125,0.49176025390625,0.42926025390625,1.8064516129032258,54.74095796676443,0.0,0.0
23.242378360999282,113.72207093002893,-0.2230224609375,-0.72406005859375,0.49169921875,0.42926025390625,1.793548387096774,54.34995112414467,0.0,0.0
23.26271730096778,113.72207093002893,-0.2230224609375,-0.72406005859375,0.49169921875,0.42926025390625,1.8225806451612903,55.229716520039105,0.012903225806451613,0.39100684261974583
23.282791911973618,113.7195991806122,-0.22314453125,-0.72430419921875,0.49139404296875,0.4290771484375,1.8129032258064515,54.936461388074285,0.0,0.0
23.30289673199877,113.7195991806122,-0.22314453125,-0.72430419921875,0.49139404296875,0.4290771484375,1.8064516129032258,54.74095796676443,0.0,0.0
23.32301806495525,113.7195991806122,-0.22314453125,-0.72430419921875,0.49139404296875,0.4290771484375,1.8225806451612903,55.229716520039105,0.0,0.0
23.343085091968533,113.71188068574973,-0.223388671875,-0.7244873046875,0.4910888671875,0.428955078125,1.8064516129032258,54.74095796676443,0.0,0.0
23.36312175099738,113.71188068574973,-0.223388671875,-0.7244873046875,0.4910888671875,0.428955078125,1.8129032258064515,54.936461388074285,0.0,0.0
23.383220426971093,113.7599625007364,-0.22369384765625,-0.7247314453125,0.4903564453125,0.4293212890625,1.8096774193548386,54.83870967741935,0.0,0.0
23.403244956978597,113.7599625007364,-0.22369384765625,-0.7247314453125,0.4903564453125,0.4293212890625,1.8161290322580643,55.034213098729225,0.0,0.0
23.423304272000678,113.7599625007364,-0.22369384765625,-0.7247314453125,0.4903564453125,0.4293212890625,1.8032258064516127,54.64320625610948,0.0,0.0
23.443375810980797,113.87027938170702,-0.2242431640625,-0.724609375,0.4891357421875,0.43060302734375,1.7774193548387096,53.86119257086999,0.0032258064516129032,0.09775171065493646
23.463431221956853,113.87027938170702,-0.2242431640625,-0.724609375,0.4891357421875,0.43060302734375,1.7999999999999998,54.54545454545454,0.0,0.0
23.483519240980968,113.95343304978587,-0.2242431640625,-0.72467041015625,0.48846435546875,0.4312744140625,1.8064516129032258,54.74095796676443,0.0,0.0
23.503607996972278,113.95343304978587,-0.2242431640625,-0.72467041015625,0.48846435546875,0.4312744140625,1.8064516129032258,54.74095796676443,0.0,0.0
23.523754290945362,113.95343304978587,-0.2242431640625,-0.72467041015625,0.48846435546875,0.4312744140625,1.8096774193548386,54.83870967741935,0.0,0.0
23.543774341000244,113.96592716442089,-0.22412109375,-0.7244873046875,0.488525390625,0.43145751953125,1.8129032258064515,54.936461388074285,0.0032258064516129032,0.09775171065493646
23.563825622957665,113.96592716442089,-0.22412109375,-0.7244873046875,0.488525390625,0.43145751953125,1.7999999999999998,54.54545454545454,0.0,0.0
23.583916842995677,113.95574062805309,-0.22430419921875,-0.72412109375,0.48876953125,0.4317626953125,1.793548387096774,54.34995112414467,0.0,0.0
23.60396374197444,113.95574062805309,-0.22430419921875,-0.72412109375,0.48876953125,0.4317626953125,1.8032258064516127,54.64320625610948,0.0,0.0
23.62405572994612,113.95574062805309,-0.22430419921875,-0.72412109375,0.48876953125,0.4317626953125,1.7999999999999998,54.54545454545454,0.0,0.0
23.644165349949617,113.90264781314755,-0.22467041015625,-0.72381591796875,0.48907470703125,0.43170166015625,1.793548387096774,54.34995112414467,0.0,0.0
23.66422271297779,113.90264781314755,-0.22467041015625,-0.72381591796875,0.48907470703125,0.43170166015625,1.764516129032258,53.47018572825024,0.0,0.0
23.684292651945725,113.80556957167897,-0.22528076171875,-0.7235107421875,0.4896240234375,0.431396484375,1.7870967741935482,54.154447702834794,0.0,0.0
23.704361727985088,113.80556957167897,-0.22528076171875,-0.7235107421875,0.4896240234375,0.431396484375,1.7677419354838708,53.567937438905176,0.0,0.0
23.724446610955056,113.80556957167897,-0.22528076171875,-0.7235107421875,0.4896240234375,0.431396484375,1.7774193548387096,53.86119257086999,0.0,0.0
23.74455082399072,113.72167272388182,-0.22576904296875,-0.72314453125,0.49005126953125,0.43115234375,1.7741935483870968,53.76344086021506,0.0,0.0
23.764612666971516,113.72167272388182,-0.22576904296875,-0.72314453125,0.49005126953125,0.43115234375,1.761290322580645,53.3724340175953,0.0,0.0
23.784691661945544,113.66467044095253,-0.2259521484375,-0.72296142578125,0.49053955078125,0.430908203125,1.7516129032258063,53.0791788856305,0.0,0.0
23.8047555849771,113.66467044095253,-0.2259521484375,-0.72296142578125,0.49053955078125,0.430908203125,1.7548387096774192,53.17693059628543,0.0,0.0
23.824813907966018,113.66467044095253,-0.2259521484375,-0.72296142578125,0.49053955078125,0.430908203125,1.7129032258064516,51.90615835777126,0.0,0.0
23.844861798977945,113.56611824627188,-0.22637939453125,-0.72265625,0.49114990234375,0.43048095703125,1.7483870967741935,52.98142717497556,0.0,0.0
23.864998395962175,113.56611824627188,-0.22637939453125,-0.72265625,0.49114990234375,0.43048095703125,1.732258064516129,52.49266862170088,0.0,0.0
23.88504526298493,113.43860662917707,-0.22698974609375,-0.7222900390625,0.49188232421875,0.429931640625,1.7,51.515151515151516,0.0,0.0
23.905097536975518,113.43860662917707,-0.22698974609375,-0.7222900390625,0.49188232421875,0.429931640625,1.7129032258064516,51.90615835777126,0.0032258064516129032,0.09775171065493646
23.925148787966464,113.43860662917707,-0.22698974609375,-0.7222900390625,0.49188232421875,0.429931640625,1.696774193548387,51.417399804496576,0.0,0.0
23.94527444097912,113.23127928261302,-0.22784423828125,-0.72186279296875,0.4930419921875,0.4288330078125,1.7,51.515151515151516,0.0,0.0
23.965344603988342,113.23127928261302,-0.22784423828125,-0.72186279296875,0.4930419921875,0.4288330078125,1.7032258064516128,51.61290322580645,0.0,0.0
23.98545297695091,112.99674758929878,-0.22869873046875,-0.72125244140625,0.49462890625,0.42767333984375,1.6741935483870967,50.733137829912025,0.0,0.0
24.00551888399059,112.99674758929878,-0.22869873046875,-0.72125244140625,0.49462890625,0.42767333984375,1.7129032258064516,51.90615835777126,0.0,0.0
24.025558517954778,112.99674758929878,-0.22869873046875,-0.72125244140625,0.49462890625,0.42767333984375,1.664516129032258,50.43988269794721,0.0,0.0
24.04561815300258,112.71806147289736,-0.22943115234375,-0.7205810546875,0.49658203125,0.42608642578125,1.6612903225806452,50.34213098729228,0.0,0.0
24.06567186798202,112.71806147289736,-0.22943115234375,-0.7205810546875,0.49658203125,0.42608642578125,1.6709677419354838,50.635386119257085,0.0,0.0
24.08574718295131,112.38043799460709,-0.2298583984375,-0.7193603515625,0.49969482421875,0.42431640625,1.6709677419354838,50.635386119257085,0.0064516129032258064,0.19550342130987292
24.105804033984896,112.38043799460709,-0.2298583984375,-0.7193603515625,0.49969482421875,0.42431640625,1.6580645161290322,50.24437927663734,0.0,0.0
24.125862644985318,112.38043799460709,-0.2298583984375,-0.7193603515625,0.49969482421875,0.42431640625,1.6903225806451612,51.2218963831867,0.0,0.0
24.14597741694888,112.03661907968656,-0.23016357421875,-0.71820068359375,0.50286865234375,0.42236328125,1.6548387096774193,50.146627565982406,0.0032258064516129032,0.09775171065493646
24.166089245991316,112.03661907968656,-0.23016357421875,-0.71820068359375,0.50286865234375,0.42236328125,1.6709677419354838,50.635386119257085,0.0,0.0
24.18612388795009,111.58417788367636,-0.2310791015625,-0.717041015625,0.50628662109375,0.419677734375,1.664516129032258,50.43988269794721,0.0,0.0
24.206239236984402,111.58417788367636,-0.2310791015625,-0.717041015625,0.50628662109375,0.419677734375,1.6741935483870967,50.733137829912025,0.0,0.0
24.226313879946247,111.58417788367636,-0.2310791015625,-0.717041015625,0.50628662109375,0.419677734375,1.6774193548387097,50.83088954056696,0.0,0.0
24.246385034988634,110.97305167482256,-0.23309326171875,-0.7156982421875,0.5101318359375,0.41619873046875,1.6709677419354838,50.635386119257085,0.0,0.0
24.2664944959688,110.97305167482256,-0.23309326171875,-0.7156982421875,0.5101318359375,0.41619873046875,1.6032258064516127,48.58260019550342,0.0032258064516129032,0.09775171065493646
24.286523601971567,110.28217620030561,-0.23553466796875,-0.7138671875,0.51446533203125,0.41253662109375,1.6193548387096772,49.071358748778096,0.0,0.0
24.306572355970275,110.28217620030561,-0.23553466796875,-0.7138671875,0.51446533203125,0.41253662109375,1.6129032258064515,48.87585532746823,0.0032258064516129032,0.09775171065493646
24.326696952979546,110.28217620030561,-0.23553466796875,-0.7138671875,0.51446533203125,0.41253662109375,1.5741935483870966,47.702834799608986,0.0,0.0
24.34675770800095,109.48648432784131,-0.23785400390625,-0.71160888671875,0.52001953125,0.408203125,1.5838709677419354,47.9960899315738,0.0,0.0
24.36682406294858,109.48648432784131,-0.23785400390625,-0.71160888671875,0.52001953125,0.408203125,1.5774193548387094,47.800586510263926,0.0,0.0
24.38689813099336,108.6040655543507,-0.2401123046875,-0.70904541015625,0.52630615234375,0.4031982421875,1.5806451612903225,47.898338220918866,0.0064516129032258064,0.19550342130987292
24.406973989971448,108.6040655543507,-0.2401123046875,-0.70904541015625,0.52630615234375,0.4031982421875,1.5451612903225804,46.82306940371456,0.012903225806451613,0.39100684261974583
24.42706850596005,108.6040655543507,-0.2401123046875,-0.70904541015625,0.52630615234375,0.4031982421875,1.5419354838709676,46.72531769305962,0.04838709677419355,1.466275659824047
24.44712049298687,107.73075717269657,-0.2423095703125,-0.706787109375,0.5323486328125,0.39794921875,1.5096774193548386,45.74780058651026,0.11935483870967742,3.6168132942326494
24.46717257599812,107.73075717269657,-0.2423095703125,-0.706787109375,0.5323486328125,0.39794921875,1.6387096774193548,49.65786901270772,0.0032258064516129032,0.09775171065493646
24.48726958798943,106.83780560124207,-0.2447509765625,-0.7044677734375,0.5382080078125,0.392578125,1.590322580645161,48.19159335288367,0.0,0.0
24.507349446997978,106.83780560124207,-0.2447509765625,-0.7044677734375,0.5382080078125,0.392578125,1.5709677419354837,47.60508308895405,0.0,0.0
24.527397497964557,106.83780560124207,-0.2447509765625,-0.7044677734375,0.5382080078125,0.392578125,1.5516129032258064,47.018572825024435,0.0,0.0
24.547469484969042,105.84492569607238,-0.24737548828125,-0.70184326171875,0.5447998046875,0.38653564453125,1.5774193548387094,47.800586510263926,0.0,0.0
24.567516575974878,105.84492569607238,-0.24737548828125,-0.70184326171875,0.5447998046875,0.38653564453125,1.5161290322580645,45.94330400782014,0.0,0.0
24.587593842996284,104.72617533782784,-0.24993896484375,-0.69842529296875,0.55267333984375,0.3797607421875,1.5548387096774192,47.11632453567937,0.0032258064516129032,0.09775171065493646
24.60765318997437,104.72617533782784,-0.24993896484375,-0.69842529296875,0.55267333984375,0.3797607421875,1.5483870967741935,46.9208211143695,0.0,0.0
24.62781045999145,104.72617533782784,-0.24993896484375,-0.69842529296875,0.55267333984375,0.3797607421875,1.561290322580645,47.31182795698924,0.02258064516129032,0.6842619745845552
24.64785873395158,103.60381002643116,-0.252685546875,-0.69464111328125,0.56060791015625,0.37322998046875,1.6516129032258065,50.048875855327466,0.0064516129032258064,0.19550342130987292
24.6679288019659,103.60381002643116,-0.252685546875,-0.69464111328125,0.56060791015625,0.37322998046875,1.6741935483870967,50.733137829912025,0.0,0.0
24.688035125960596,102.4269835204951,-0.2557373046875,-0.69091796875,0.5684814453125,0.36614990234375,1.7032258064516128,51.61290322580645,0.0,0.0
24.70808352896711,102.4269835204951,-0.2557373046875,-0.69091796875,0.5684814453125,0.36614990234375,1.7032258064516128,51.61290322580645,0.0,0.0
24.728131642972585,102.4269835204951,-0.2557373046875,-0.69091796875,0.5684814453125,0.36614990234375,1.7032258064516128,51.61290322580645,0.0032258064516129032,0.09775171065493646
24.74819758196827,101.23373874473626,-0.25970458984375,-0.6875,0.5753173828125,0.3590087890625,1.6870967741935483,51.12414467253177,0.0,0.0
24.768355107982643,101.23373874473626,-0.25970458984375,-0.6875,0.5753173828125,0.3590087890625,1.696774193548387,51.417399804496576,0.0,0.0
24.788370613998268,100.15775568755734,-0.263671875,-0.6846923828125,0.58087158203125,0.35247802734375,1.7129032258064516,51.90615835777126,0.0,0.0
24.808417991967872,100.15775568755734,-0.263671875,-0.6846923828125,0.58087158203125,0.35247802734375,1.7258064516129032,52.29716520039101,0.0,0.0
24.828495771973394,100.15775568755734,-0.263671875,-0.6846923828125,0.58087158203125,0.35247802734375,1.6870967741935483,51.12414467253177,0.0,0.0
24.84854551794706,99.29994302818768,-0.267333984375,-0.6824951171875,0.5848388671875,0.34747314453125,1.6903225806451612,51.2218963831867,0.0,0.0
24.868609728990123,99.29994302818768,-0.267333984375,-0.6824951171875,0.5848388671875,0.34747314453125,1.7516129032258063,53.0791788856305,0.0,0.0
24.88869067694759,98.5446914876802,-0.27056884765625,-0.6805419921875,0.58819580078125,0.343017578125,1.7,51.515151515151516,0.0,0.0
24.90874426398659,98.5446914876802,-0.27056884765625,-0.6805419921875,0.58819580078125,0.343017578125,1.7258064516129032,52.29716520039101,0.0032258064516129032,0.09775171065493646
24.928807834978215,98.5446914876802,-0.27056884765625,-0.6805419921875,0.58819580078125,0.343017578125,1.7161290322580645,52.003910068426194,0.0,0.0
24.948914510954637,97.7332497669909,-0.274169921875,-0.67840576171875,0.59173583984375,0.33831787109375,1.7193548387096773,52.101661779081134,0.0,0.0
24.969006946950685,97.7332497669909,-0.274169921875,-0.67840576171875,0.59173583984375,0.33831787109375,1.7419354838709677,52.785923753665685,0.0,0.0
24.98908318998292,96.7730145483607,-0.27752685546875,-0.67529296875,0.596923828125,0.3326416015625,1.729032258064516,52.39491691104594,0.0,0.0
25.00912189699011,96.7730145483607,-0.27752685546875,-0.67529296875,0.596923828125,0.3326416015625,1.7387096774193547,52.68817204301075,0.0,0.0
25.02920869999798,96.7730145483607,-0.27752685546875,-0.67529296875,0.596923828125,0.3326416015625,1.7064516129032257,51.71065493646139,0.0,0.0
25.049348177970387,95.80064937180343,-0.2808837890625,-0.67169189453125,0.6024169921875,0.3271484375,1.7129032258064516,51.90615835777126,0.009677419354838708,0.29325513196480935
25.069396163977217,95.80064937180343,-0.2808837890625,-0.67169189453125,0.6024169921875,0.3271484375,1.7161290322580645,52.003910068426194,0.0,0.0
25.089431029977277,94.87196891679305,-0.2845458984375,-0.66796875,0.607421875,0.32232666015625,1.7225806451612902,52.19941348973607,0.0,0.0
25.109550410998054,94.87196891679305,-0.2845458984375,-0.66796875,0.607421875,0.32232666015625,1.7258064516129032,52.29716520039101,0.0,0.0
25.129590076976456,94.87196891679305,-0.2845458984375,-0.66796875,0.607421875,0.32232666015625,1.7193548387096773,52.101661779081134,0.0032258064516129032,0.09775171065493646
25.149696433974896,93.96245801805493,-0.28851318359375,-0.66473388671875,0.61163330078125,0.31744384765625,1.7193548387096773,52.101661779081134,0.0,0.0
25.169735779985785,93.96245801805493,-0.28851318359375,-0.66473388671875,0.61163330078125,0.31744384765625,1.6935483870967742,51.31964809384164,0.0,0.0
25.1898039910011,93.05402228543561,-0.2928466796875,-0.6619873046875,0.61517333984375,0.3123779296875,1.6806451612903226,50.9286412512219,0.0,0.0
25.20992362796096,93.05402228543561,-0.2928466796875,-0.6619873046875,0.61517333984375,0.3123779296875,1.7,51.515151515151516,0.0,0.0
25.229949181957636,93.05402228543561,-0.2928466796875,-0.6619873046875,0.61517333984375,0.3123779296875,1.6838709677419355,51.02639296187683,0.0032258064516129032,0.09775171065493646
25.25002424098784,92.2089556619419,-0.29754638671875,-0.659423828125,0.617919921875,0.30804443359375,1.6870967741935483,51.12414467253177,0.0,0.0
25.270141541957855,92.2089556619419,-0.29754638671875,-0.659423828125,0.617919921875,0.30804443359375,1.6935483870967742,51.31964809384164,0.0,0.0
25.2902411139803,91.32388957015564,-0.3021240234375,-0.65655517578125,0.6209716796875,0.3033447265625,1.6806451612903226,50.9286412512219,0.0,0.0
25.31031102099223,91.32388957015564,-0.3021240234375,-0.65655517578125,0.6209716796875,0.3033447265625,1.664516129032258,50.43988269794721,0.0,0.0
25.330357534985524,91.32388957015564,-0.3021240234375,-0.65655517578125,0.6209716796875,0.3033447265625,1.6903225806451612,51.2218963831867,0.0,0.0
25.350438834982924,90.42154813768771,-0.30609130859375,-0.65338134765625,0.62481689453125,0.29833984375,1.635483870967742,49.56011730205279,0.0,0.0
25.370485092978925,90.42154813768771,-0.30609130859375,-0.65338134765625,0.62481689453125,0.29833984375,1.6129032258064515,48.87585532746823,0.0,0.0
25.390586329973303,89.3475640962049,-0.31048583984375,-0.64898681640625,0.62994384765625,0.2926025390625,1.632258064516129,49.462365591397855,0.0,0.0
25.410661068977788,89.3475640962049,-0.31048583984375,-0.64898681640625,0.62994384765625,0.2926025390625,1.6129032258064515,48.87585532746823,0.0,0.0
25.43073302396806,89.3475640962049,-0.31048583984375,-0.64898681640625,0.62994384765625,0.2926025390625,1.6451612903225807,49.8533724340176,0.0,0.0
25.450809235975612,88.24289962146122,-0.314697265625,-0.64398193359375,0.6356201171875,0.28680419921875,1.6451612903225807,49.8533724340176,0.0032258064516129032,0.09775171065493646
25.470909543975722,88.24289962146122,-0.314697265625,-0.64398193359375,0.6356201171875,0.28680419921875,1.5677419354838709,47.507331378299114,0.0,0.0
25.49095964198932,87.12188718597054,-0.3193359375,-0.63922119140625,0.6407470703125,0.28082275390625,1.5999999999999999,48.484848484848484,0.0,0.0
25.51103991799755,87.12188718597054,-0.3193359375,-0.63922119140625,0.6407470703125,0.28082275390625,1.6032258064516127,48.58260019550342,0.0064516129032258064,0.19550342130987292
25.531088160001673,87.12188718597054,-0.3193359375,-0.63922119140625,0.6407470703125,0.28082275390625,1.5677419354838709,47.507331378299114,0.009677419354838708,0.29325513196480935
25.551149906998035,86.00205124166693,-0.324462890625,-0.6346435546875,0.645263671875,0.27496337890625,1.5516129032258064,47.018572825024435,0.0,0.0
25.57123619900085,86.00205124166693,-0.324462890625,-0.6346435546875,0.645263671875,0.27496337890625,1.590322580645161,48.19159335288367,0.0,0.0
25.591313049953897,84.97944145470247,-0.32977294921875,-0.63067626953125,0.64862060546875,0.269775390625,1.5548387096774192,47.11632453567937,0.0,0.0
25.611386413977016,84.97944145470247,-0.32977294921875,-0.63067626953125,0.64862060546875,0.269775390625,1.532258064516129,46.432062561094824,0.0,0.0
25.631425983970985,84.97944145470247,-0.32977294921875,-0.63067626953125,0.64862060546875,0.269775390625,1.561290322580645,47.31182795698924,0.0,0.0
25.651485778973438,83.93140118735396,-0.33538818359375,-0.627197265625,0.6514892578125,0.26409912109375,1.529032258064516,46.33431085043988,0.0,0.0
25.67154957394814,83.93140118735396,-0.33538818359375,-0.627197265625,0.6514892578125,0.26409912109375,1.5451612903225804,46.82306940371456,0.0032258064516129032,0.09775171065493646
25.69165992998751,82.84725466985094,-0.3406982421875,-0.62371826171875,0.65460205078125,0.25775146484375,1.561290322580645,47.31182795698924,0.019354838709677417,0.5865102639296187
25.711745453998446,82.84725466985094,-0.3406982421875,-0.62371826171875,0.65460205078125,0.25775146484375,1.5774193548387094,47.800586510263926,0.0,0.0
25.731795040948782,82.84725466985094,-0.3406982421875,-0.62371826171875,0.65460205078125,0.25775146484375,1.5741935483870966,47.702834799608986,0.0,0.0
25.751888884988148,81.76459306197015,-0.3453369140625,-0.619384765625,0.65863037109375,0.2515869140625,1.5709677419354837,47.60508308895405,0.0,0.0
25.771988584951032,81.76459306197015,-0.3453369140625,-0.619384765625,0.65863037109375,0.2515869140625,1.5483870967741935,46.9208211143695,0.0,0.0
25.792068251990713,80.76814205065773,-0.34942626953125,-0.615234375,0.66253662109375,0.24591064453125,1.5451612903225804,46.82306940371456,0.0,0.0
25.812108717975207,80.76814205065773,-0.34942626953125,-0.615234375,0.66253662109375,0.24591064453125,1.496774193548387,45.35679374389051,0.0,0.0
25.832149600959383,80.76814205065773,-0.34942626953125,-0.615234375,0.66253662109375,0.24591064453125,1.5451612903225804,46.82306940371456,0.0,0.0
25.85225806897506,79.73671662260256,-0.35369873046875,-0.611328125,0.6661376953125,0.23968505859375,1.5193548387096774,46.04105571847507,0.0,0.0
25.87231152795721,79.73671662260256,-0.35369873046875,-0.611328125,0.6661376953125,0.23968505859375,1.5129032258064514,45.8455522971652,0.0,0.0
25.89241570798913,78.6627808383026,-0.35833740234375,-0.60760498046875,0.66943359375,0.2330322265625,1.5225806451612902,46.138807429130004,0.0,0.0
25.91249604697805,78.6627808383026,-0.35833740234375,-0.60760498046875,0.66943359375,0.2330322265625,1.5096774193548386,45.74780058651026,0.0,0.0
25.932561122986954,78.6627808383026,-0.35833740234375,-0.60760498046875,0.66943359375,0.2330322265625,1.558064516129032,47.21407624633431,0.009677419354838708,0.29325513196480935
25.952630965970457,77.70761290634417,-0.3629150390625,-0.6044921875,0.67181396484375,0.22723388671875,1.5451612903225804,46.82306940371456,0.0,0.0
25.97269060096005,77.70761290634417,-0.3629150390625,-0.6044921875,0.67181396484375,0.22723388671875,1.558064516129032,47.21407624633431,0.0,0.0
25.9927773399977,76.77266149907429,-0.36724853515625,-0.60137939453125,0.67413330078125,0.221435546875,1.5225806451612902,46.138807429130004,0.0,0.0
26.012812013970688,76.77266149907429,-0.36724853515625,-0.60137939453125,0.67413330078125,0.221435546875,1.5354838709677419,46.52981427174975,0.0,0.0
26.032948611944448,76.77266149907429,-0.36724853515625,-0.60137939453125,0.67413330078125,0.221435546875,1.5096774193548386,45.74780058651026,0.0,0.0
26.053021590982098,76.01179190110206,-0.3707275390625,-0.5989990234375,0.6759033203125,0.216552734375,1.5096774193548386,45.74780058651026,0.0,0.0
26.073093993996736,76.01179190110206,-0.3707275390625,-0.5989990234375,0.6759033203125,0.216552734375,1.5483870967741935,46.9208211143695,0.0,0.0
26.093156508984976,75.39265793559737,-0.373291015625,-0.5966796875,0.67779541015625,0.21270751953125,1.5193548387096774,46.04105571847507,0.009677419354838708,0.29325513196480935
26.113227599998936,75.39265793559737,-0.373291015625,-0.5966796875,0.67779541015625,0.21270751953125,1.5387096774193547,46.62756598240469,0.0,0.0
26.133281154965516,75.39265793559737,-0.373291015625,-0.5966796875,0.67779541015625,0.21270751953125,1.5451612903225804,46.82306940371456,0.0,0.0
26.153372022963595,75.08132741718265,-0.3746337890625,-0.5955810546875,0.67864990234375,0.21075439453125,1.558064516129032,47.21407624633431,0.0,0.0
26.173453321971465,75.08132741718265,-0.3746337890625,-0.5955810546875,0.67864990234375,0.21075439453125,1.5451612903225804,46.82306940371456,0.0,0.0
26.193526140996255,74.96748454739837,-0.375,-0.594970703125,0.67913818359375,0.2100830078125,1.5709677419354837,47.60508308895405,0.0,0.0
26.213607985002454,74.96748454739837,-0.375,-0.594970703125,0.67913818359375,0.2100830078125,1.5709677419354837,47.60508308895405,0.0,0.0
26.23368717194535,74.96748454739837,-0.375,-0.594970703125,0.67913818359375,0.2100830078125,1.5741935483870966,47.702834799608986,0.0032258064516129032,0.09775171065493646
26.253757527971175,75.00583811076889,-0.375,-0.5953369140625,0.67877197265625,0.21026611328125,1.558064516129032,47.21407624633431,0.0,0.0
26.27383729099529,75.00583811076889,-0.375,-0.5953369140625,0.67877197265625,0.21026611328125,1.5483870967741935,46.9208211143695,0.0,0.0
26.293912317953072,75.08269162387843,-0.374755859375,-0.595703125,0.678466796875,0.21075439453125,1.5483870967741935,46.9208211143695,0.0032258064516129032,0.09775171065493646
26.313961456995457,75.08269162387843,-0.374755859375,-0.595703125,0.678466796875,0.21075439453125,1.5193548387096774,46.04105571847507,0.0,0.0
26.33412864699494,75.08269162387843,-0.374755859375,-0.595703125,0.678466796875,0.21075439453125,1.5483870967741935,46.9208211143695,0.0,0.0
26.354254747973755,75.18355670895242,-0.374267578125,-0.59600830078125,0.67822265625,0.21136474609375,1.5193548387096774,46.04105571847507,0.0,0.0
26.37433067098027,75.18355670895242,-0.374267578125,-0.59600830078125,0.67822265625,0.21136474609375,1.5354838709677419,46.52981427174975,0.0,0.0
26.394373089948203,75.2511751081222,-0.37408447265625,-0.59637451171875,0.67791748046875,0.2117919921875,1.5741935483870966,47.702834799608986,0.0,0.0
26.41444744495675,75.2511751081222,-0.37408447265625,-0.59637451171875,0.67791748046875,0.2117919921875,1.5225806451612902,46.138807429130004,0.0,0.0
26.434524679963943,75.2511751081222,-0.37408447265625,-0.59637451171875,0.67791748046875,0.2117919921875,1.5483870967741935,46.9208211143695,0.0,0.0
26.454595163988415,75.26169195905037,-0.374267578125,-0.59649658203125,0.6776123046875,0.2119140625,1.5387096774193547,46.62756598240469,0.0,0.0
26.47467780695297,75.26169195905037,-0.374267578125,-0.59649658203125,0.6776123046875,0.2119140625,1.5354838709677419,46.52981427174975,0.0,0.0
26.49475244997302,75.26672750790495,-0.37432861328125,-0.59674072265625,0.67742919921875,0.21185302734375,1.5387096774193547,46.62756598240469,0.0,0.0
26.51483256596839,75.26672750790495,-0.37432861328125,-0.59674072265625,0.67742919921875,0.21185302734375,1.5451612903225804,46.82306940371456,0.0032258064516129032,0.09775171065493646
26.534939370001666,75.26672750790495,-0.37432861328125,-0.59674072265625,0.67742919921875,0.21185302734375,1.5193548387096774,46.04105571847507,0.0,0.0
26.55501385399839,75.22197907778343,-0.3746337890625,-0.5965576171875,0.677490234375,0.211669921875,1.5516129032258064,47.018572825024435,0.0,0.0
26.5750911529758,75.22197907778343,-0.3746337890625,-0.5965576171875,0.677490234375,0.211669921875,1.532258064516129,46.432062561094824,0.0,0.0
26.59519130096305,75.10459682458063,-0.37518310546875,-0.5960693359375,0.67779541015625,0.21099853515625,1.5483870967741935,46.9208211143695,0.0,0.0
26.615249047987163,75.10459682458063,-0.37518310546875,-0.5960693359375,0.67779541015625,0.21099853515625,1.5419354838709676,46.72531769305962,0.0,0.0
26.63532637897879,75.10459682458063,-0.37518310546875,-0.5960693359375,0.67779541015625,0.21099853515625,1.5161290322580645,45.94330400782014,0.0,0.0
26.655412670981605,75.06888349102967,-0.37542724609375,-0.5968017578125,0.67730712890625,0.210205078125,1.5387096774193547,46.62756598240469,0.0,0.0
26.67549060995225,75.06888349102967,-0.37542724609375,-0.5968017578125,0.67730712890625,0.210205078125,1.5451612903225804,46.82306940371456,0.0,0.0
26.695538020983804,75.09787490787582,-0.3751220703125,-0.5970458984375,0.67724609375,0.21014404296875,1.525806451612903,46.236559139784944,0.0,0.0
26.71560395997949,75.09787490787582,-0.3751220703125,-0.5970458984375,0.67724609375,0.21014404296875,1.5354838709677419,46.52981427174975,0.0,0.0
26.73567034699954,75.09787490787582,-0.3751220703125,-0.5970458984375,0.67724609375,0.21014404296875,1.529032258064516,46.33431085043988,0.0,0.0
26.755788415961433,75.12764331871351,-0.3748779296875,-0.59710693359375,0.67724609375,0.21026611328125,1.5419354838709676,46.72531769305962,0.0,0.0
26.775902964000124,75.12764331871351,-0.3748779296875,-0.59710693359375,0.67724609375,0.21026611328125,1.525806451612903,46.236559139784944,0.0032258064516129032,0.09775171065493646
26.795919750002213,75.10149629644403,-0.37506103515625,-0.59716796875,0.67724609375,0.2100830078125,1.5161290322580645,45.94330400782014,0.0,0.0
26.816040953970514,75.10149629644403,-0.37506103515625,-0.59716796875,0.67724609375,0.2100830078125,1.5161290322580645,45.94330400782014,0.0,0.0
26.836128909955733,75.10149629644403,-0.37506103515625,-0.59716796875,0.67724609375,0.2100830078125,1.525806451612903,46.236559139784944,0.0,0.0
26.85616863996256,75.06714012633448,-0.37530517578125,-0.5972900390625,0.67706298828125,0.209716796875,1.525806451612903,46.236559139784944,0.0,0.0
26.876223506988026,75.06714012633448,-0.37530517578125,-0.5972900390625,0.67706298828125,0.209716796875,1.5387096774193547,46.62756598240469,0.012903225806451613,0.39100684261974583
26.896280037995894,75.02934504089968,-0.3753662109375,-0.59722900390625,0.67718505859375,0.2093505859375,1.5161290322580645,45.94330400782014,0.0,0.0
26.916393689985853,75.02934504089968,-0.3753662109375,-0.59722900390625,0.67718505859375,0.2093505859375,1.525806451612903,46.236559139784944,0.0,0.0
26.936437996977475,75.02934504089968,-0.3753662109375,-0.59722900390625,0.67718505859375,0.2093505859375,1.5032258064516129,45.552297165200386,0.0,0.0
26.95653747295728,75.00296198693862,-0.37530517578125,-0.59716796875,0.6773681640625,0.20904541015625,1.4870967741935484,45.06353861192571,0.0,0.0
26.97658875497291,75.00296198693862,-0.37530517578125,-0.59716796875,0.6773681640625,0.20904541015625,1.4903225806451612,45.16129032258064,0.0,0.0
26.996663813944906,75.01916288070002,-0.375244140625,-0.5975341796875,0.6771240234375,0.20892333984375,1.5032258064516129,45.552297165200386,0.0,0.0
27.01673013798427,75.01916288070002,-0.375244140625,-0.5975341796875,0.6771240234375,0.20892333984375,1.532258064516129,46.432062561094824,0.0,0.0
27.036782251961995,75.01916288070002,-0.375244140625,-0.5975341796875,0.6771240234375,0.20892333984375,1.564516129032258,47.40957966764419,0.0032258064516129032,0.09775171065493646
27.05691120098345,75.02679225503255,-0.37518310546875,-0.59783935546875,0.67694091796875,0.208740234375,1.558064516129032,47.21407624633431,0.0,0.0
27.076987571956124,75.02679225503255,-0.37518310546875,-0.59783935546875,0.67694091796875,0.208740234375,1.5354838709677419,46.52981427174975,0.0064516129032258064,0.19550342130987292
27.09702791098971,75.0736120646068,-0.37481689453125,-0.59808349609375,0.6768798828125,0.2088623046875,1.5225806451612902,46.138807429130004,0.0,0.0
27.117075928952545,75.0736120646068,-0.37481689453125,-0.59808349609375,0.6768798828125,0.2088623046875,1.493548387096774,45.25904203323558,0.0,0.0
27.137140555947553,75.0736120646068,-0.37481689453125,-0.59808349609375,0.6768798828125,0.2088623046875,1.532258064516129,46.432062561094824,0.0,0.0
27.157272384967655,75.13179289247007,-0.37445068359375,-0.59832763671875,0.6767578125,0.2091064453125,1.5193548387096774,46.04105571847507,0.0032258064516129032,0.09775171065493646
27.177413877972867,75.13179289247007,-0.37445068359375,-0.59832763671875,0.6767578125,0.2091064453125,1.525806451612903,46.236559139784944,0.0,0.0
27.197478408983443,75.13308964551028,-0.37445068359375,-0.5985107421875,0.6766357421875,0.208984375,1.5161290322580645,45.94330400782014,0.016129032258064516,0.4887585532746823
27.2175579489558,75.13308964551028,-0.37445068359375,-0.5985107421875,0.6766357421875,0.208984375,1.493548387096774,45.25904203323558,0.0,0.0
27.237657808989752,75.13308964551028,-0.37445068359375,-0.5985107421875,0.6766357421875,0.208984375,1.5064516129032257,45.650048875855326,0.0,0.0
27.257747460971586,75.14794079915778,-0.3743896484375,-0.59869384765625,0.676513671875,0.208984375,1.525806451612903,46.236559139784944,0.0,0.0
27.277781366952695,75.14794079915778,-0.3743896484375,-0.59869384765625,0.676513671875,0.208984375,1.525806451612903,46.236559139784944,0.0,0.0
27.29784848995041,75.13607444460037,-0.37457275390625,-0.5986328125,0.676513671875,0.20904541015625,1.532258064516129,46.432062561094824,0.0032258064516129032,0.09775171065493646
27.317913980979938,75.13607444460037,-0.37457275390625,-0.5986328125,0.676513671875,0.20904541015625,1.529032258064516,46.33431085043988,0.0,0.0
27.338002095988486,75.13607444460037,-0.37457275390625,-0.5986328125,0.676513671875,0.20904541015625,1.5193548387096774,46.04105571847507,0.0,0.0
27.358105220948346,75.11403065462774,-0.374755859375,-0.5985107421875,0.676513671875,0.208984375,1.5419354838709676,46.72531769305962,0.0,0.0
27.37816597498022,75.11403065462774,-0.374755859375,-0.5985107421875,0.676513671875,0.208984375,1.5225806451612902,46.138807429130004,0.0,0.0
27.3982392429607,75.07413338093598,-0.375244140625,-0.5986328125,0.67620849609375,0.208740234375,1.5709677419354837,47.60508308895405,0.0,0.0
27.41828646097565,75.07413338093598,-0.375244140625,-0.5986328125,0.67620849609375,0.208740234375,1.5451612903225804,46.82306940371456,0.0,0.0
27.438344143971335,75.07413338093598,-0.375244140625,-0.5986328125,0.67620849609375,0.208740234375,1.525806451612903,46.236559139784944,0.0,0.0
27.45840435498394,75.02800214764272,-0.37554931640625,-0.59832763671875,0.67633056640625,0.2086181640625,1.525806451612903,46.236559139784944,0.0,0.0
27.47848792595323,75.02800214764272,-0.37554931640625,-0.59832763671875,0.67633056640625,0.2086181640625,1.5064516129032257,45.650048875855326,0.0,0.0
27.49858170596417,74.95795143904479,-0.3759765625,-0.59771728515625,0.67669677734375,0.20855712890625,1.5451612903225804,46.82306940371456,0.0,0.0
27.518632732972037,74.95795143904479,-0.3759765625,-0.59771728515625,0.67669677734375,0.20855712890625,1.5451612903225804,46.82306940371456,0.0,0.0
27.53869371197652,74.95795143904479,-0.3759765625,-0.59771728515625,0.67669677734375,0.20855712890625,1.532258064516129,46.432062561094824,0.009677419354838708,0.29325513196480935
27.55878544296138,74.88625048397304,-0.37640380859375,-0.59710693359375,0.677001953125,0.20843505859375,1.529032258064516,46.33431085043988,0.0,0.0
27.578868822951335,74.88625048397304,-0.37640380859375,-0.59710693359375,0.677001953125,0.20843505859375,1.5225806451612902,46.138807429130004,0.0064516129032258064,0.19550342130987292
27.598902408964932,74.74112657274986,-0.37738037109375,-0.5965576171875,0.6771240234375,0.207763671875,1.5225806451612902,46.138807429130004,0.0,0.0
27.618980411964003,74.74112657274986,-0.37738037109375,-0.5965576171875,0.6771240234375,0.207763671875,1.5451612903225804,46.82306940371456,0.0,0.0
27.63902782299556,74.74112657274986,-0.37738037109375,-0.5965576171875,0.6771240234375,0.207763671875,1.5387096774193547,46.62756598240469,0.0,0.0
27.659127842984162,74.4905921246353,-0.37896728515625,-0.59600830078125,0.67724609375,0.206298828125,1.5193548387096774,46.04105571847507,0.0,0.0
27.679181236948352,74.4905921246353,-0.37896728515625,-0.59600830078125,0.67724609375,0.206298828125,1.529032258064516,46.33431085043988,0.0,0.0
27.69929229799891,74.13285109997037,-0.38104248046875,-0.5948486328125,0.67767333984375,0.20428466796875,1.5387096774193547,46.62756598240469,0.0032258064516129032,0.09775171065493646
27.719330427993555,74.13285109997037,-0.38104248046875,-0.5948486328125,0.67767333984375,0.20428466796875,1.5225806451612902,46.138807429130004,0.0,0.0
27.739429807988927,74.13285109997037,-0.38104248046875,-0.5948486328125,0.67767333984375,0.20428466796875,1.529032258064516,46.33431085043988,0.0,0.0
27.759527875983622,73.52726176823481,-0.3841552734375,-0.59228515625,0.67913818359375,0.20111083984375,1.493548387096774,45.25904203323558,0.0,0.0
27.77956296596676,73.52726176823481,-0.3841552734375,-0.59228515625,0.67913818359375,0.20111083984375,1.525806451612903,46.236559139784944,0.0,0.0
27.79963546496583,72.83259357190556,-0.387939453125,-0.58966064453125,0.68035888671875,0.19732666015625,1.5,45.45454545454546,0.0032258064516129032,0.09775171065493646
27.81975807796698,72.83259357190556,-0.387939453125,-0.58966064453125,0.68035888671875,0.19732666015625,1.5193548387096774,46.04105571847507,0.0,0.0
27.839842161978595,72.83259357190556,-0.387939453125,-0.58966064453125,0.68035888671875,0.19732666015625,1.5129032258064514,45.8455522971652,0.0,0.0
27.85988179600099,71.98392615969783,-0.39251708984375,-0.58624267578125,0.68194580078125,0.19281005859375,1.525806451612903,46.236559139784944,0.0,0.0
27.879924437962472,71.98392615969783,-0.39251708984375,-0.58624267578125,0.68194580078125,0.19281005859375,1.493548387096774,45.25904203323558,0.0,0.0
27.90002544998424,71.09937187763016,-0.39715576171875,-0.58245849609375,0.68377685546875,0.18817138671875,1.4806451612903224,44.868035190615835,0.0,0.0
27.920086492958944,71.09937187763016,-0.39715576171875,-0.58245849609375,0.68377685546875,0.18817138671875,1.493548387096774,45.25904203323558,0.019354838709677417,0.5865102639296187
27.940141807950567,71.09937187763016,-0.39715576171875,-0.58245849609375,0.68377685546875,0.18817138671875,1.467741935483871,44.4770283479961,0.0,0.0
27.960261987987906,70.26715805391284,-0.40130615234375,-0.5784912109375,0.68585205078125,0.1839599609375,1.4774193548387096,44.770283479960895,0.0,0.0
27.98029358999338,70.26715805391284,-0.40130615234375,-0.5784912109375,0.68585205078125,0.1839599609375,1.461290322580645,44.28152492668622,0.0,0.0
28.000359112978913,69.51945787210506,-0.40545654296875,-0.5753173828125,0.6871337890625,0.18017578125,1.4741935483870967,44.67253176930596,0.0,0.0
28.020428091986105,69.51945787210506,-0.40545654296875,-0.5753173828125,0.6871337890625,0.18017578125,1.493548387096774,45.25904203323558,0.0032258064516129032,0.09775171065493646
28.040492046973668,69.51945787210506,-0.40545654296875,-0.5753173828125,0.6871337890625,0.18017578125,1.467741935483871,44.4770283479961,0.0,0.0
28.06055891397409,68.66356925666702,-0.4102783203125,-0.57196044921875,0.68829345703125,0.1756591796875,1.4419354838709677,43.6950146627566,0.0,0.0
28.080625172995497,68.66356925666702,-0.4102783203125,-0.57196044921875,0.68829345703125,0.1756591796875,1.4774193548387096,44.770283479960895,0.0,0.0
28.100723592971917,67.89430738454254,-0.41461181640625,-0.56878662109375,0.68927001953125,0.171630859375,1.429032258064516,43.30400782013685,0.0,0.0
28.120773979986552,67.89430738454254,-0.41461181640625,-0.56878662109375,0.68927001953125,0.171630859375,1.5032258064516129,45.552297165200386,0.0,0.0
28.14086625498021,67.89430738454254,-0.41461181640625,-0.56878662109375,0.68927001953125,0.171630859375,1.4903225806451612,45.16129032258064,0.0032258064516129032,0.09775171065493646
28.160959394997917,67.17571380612473,-0.41900634765625,-0.5653076171875,0.69024658203125,0.16851806640625,1.4709677419354839,44.57478005865102,0.0,0.0
28.1810038620024,67.17571380612473,-0.41900634765625,-0.5653076171875,0.69024658203125,0.16851806640625,1.493548387096774,45.25904203323558,0.0032258064516129032,0.09775171065493646
28.201068936963566,66.38055101126656,-0.4237060546875,-0.5618896484375,0.69110107421875,0.16461181640625,1.4870967741935484,45.06353861192571,0.0,0.0
28.22116063599242,66.38055101126656,-0.4237060546875,-0.5618896484375,0.69110107421875,0.16461181640625,1.5,45.45454545454546,0.0,0.0
28.241198765987065,66.38055101126656,-0.4237060546875,-0.5618896484375,0.69110107421875,0.16461181640625,1.4741935483870967,44.67253176930596,0.0,0.0
28.261259616992902,65.55633830388234,-0.42803955078125,-0.55810546875,0.6925048828125,0.160400390625,1.4709677419354839,44.57478005865102,0.0,0.0
28.281332051963545,65.55633830388234,-0.42803955078125,-0.55810546875,0.6925048828125,0.160400390625,1.4709677419354839,44.57478005865102,0.0032258064516129032,0.09775171065493646
28.301397350966,64.75498172082409,-0.431640625,-0.55364990234375,0.69476318359375,0.156494140625,1.5193548387096774,46.04105571847507,0.0,0.0
28.32157119800104,64.75498172082409,-0.431640625,-0.55364990234375,0.69476318359375,0.156494140625,1.5129032258064514,45.8455522971652,0.0,0.0
28.34165400097845,64.75498172082409,-0.431640625,-0.55364990234375,0.69476318359375,0.156494140625,1.5451612903225804,46.82306940371456,0.0,0.0
28.361680322967004,64.5203513065866,-0.4327392578125,-0.55181884765625,0.6956787109375,0.15576171875,1.5129032258064514,45.8455522971652,0.0,0.0
28.38176699896576,64.5203513065866,-0.4327392578125,-0.55181884765625,0.6956787109375,0.15576171875,1.5677419354838709,47.507331378299114,0.0,0.0
28.401791207958013,63.786954881077875,-0.4364013671875,-0.54827880859375,0.697021484375,0.1519775390625,1.5516129032258064,47.018572825024435,0.0,0.0
28.421884539944585,63.786954881077875,-0.4364013671875,-0.54827880859375,0.697021484375,0.1519775390625,1.5774193548387094,47.800586510263926,0.0,0.0
28.44195863895584,63.786954881077875,-0.4364013671875,-0.54827880859375,0.697021484375,0.1519775390625,1.564516129032258,47.40957966764419,0.0032258064516129032,0.09775171065493646
28.46207405196037,62.941004330680386,-0.440673828125,-0.54461669921875,0.6982421875,0.1473388671875,1.5451612903225804,46.82306940371456,0.0064516129032258064,0.19550342130987292
28.482108565978706,62.941004330680386,-0.440673828125,-0.54461669921875,0.6982421875,0.1473388671875,1.5483870967741935,46.9208211143695,0.0064516129032258064,0.19550342130987292
28.50219713000115,62.11635544168382,-0.4449462890625,-0.54071044921875,0.69940185546875,0.14306640625,1.564516129032258,47.40957966764419,0.0064516129032258064,0.19550342130987292
28.522251035959926,62.11635544168382,-0.4449462890625,-0.54071044921875,0.69940185546875,0.14306640625,1.5709677419354837,47.60508308895405,0.0032258064516129032,0.09775171065493646
28.54231655894546,62.11635544168382,-0.4449462890625,-0.54071044921875,0.69940185546875,0.14306640625,1.561290322580645,47.31182795698924,0.0064516129032258064,0.19550342130987292
28.56238240195671,61.1794364335394,-0.44989013671875,-0.53662109375,0.700439453125,0.1380615234375,1.596774193548387,48.38709677419355,0.0064516129032258064,0.19550342130987292
28.582475989998784,61.1794364335394,-0.44989013671875,-0.53662109375,0.700439453125,0.1380615234375,1.5741935483870966,47.702834799608986,0.0064516129032258064,0.19550342130987292
28.602583049971145,60.27672273738617,-0.45465087890625,-0.53265380859375,0.7012939453125,0.1331787109375,1.5516129032258064,47.018572825024435,0.11612903225806451,3.519061583577712
28.62263564497698,60.27672273738617,-0.45465087890625,-0.53265380859375,0.7012939453125,0.1331787109375,1.5516129032258064,47.018572825024435,0.14193548387096774,4.301075268817205
28.642742672993336,60.27672273738617,-0.45465087890625,-0.53265380859375,0.7012939453125,0.1331787109375,1.5838709677419354,47.9960899315738,0.3129032258064516,9.481915933528837
28.66277504299069,59.28395811482594,-0.45947265625,-0.527587890625,0.70294189453125,0.12811279296875,1.6193548387096772,49.071358748778096,0.35161290322580646,10.654936461388074
28.682835477986373,59.28395811482594,-0.45947265625,-0.527587890625,0.70294189453125,0.12811279296875,1.5806451612903225,47.898338220918866,0.332258064516129,10.068426197458455
28.702895016002003,58.27192993335929,-0.46441650390625,-0.5228271484375,0.7042236328125,0.12261962890625,1.6064516129032256,48.68035190615835,0.3161290322580645,9.579667644183774
28.722964155953377,58.27192993335929,-0.46441650390625,-0.5228271484375,0.7042236328125,0.12261962890625,1.596774193548387,48.38709677419355,0.4129032258064516,12.512218963831867
28.743109680945054,58.27192993335929,-0.46441650390625,-0.5228271484375,0.7042236328125,0.12261962890625,1.5999999999999999,48.484848484848484,0.4161290322580645,12.609970674486803
28.763131362968124,57.21878626286216,-0.4697265625,-0.51715087890625,0.70574951171875,0.1175537109375,1.6129032258064515,48.87585532746823,0.4290322580645161,13.000977517106548
28.783198901975993,57.21878626286216,-0.4697265625,-0.51715087890625,0.70574951171875,0.1175537109375,1.6258064516129032,49.266862170087975,0.4419354838709677,13.391984359726294
28.803257095976733,56.18833927981404,-0.47528076171875,-0.5107421875,0.70733642578125,0.11346435546875,1.62258064516129,49.169110459433035,0.41935483870967744,12.70772238514174
28.8233961899532,56.18833927981404,-0.47528076171875,-0.5107421875,0.70733642578125,0.11346435546875,1.62258064516129,49.169110459433035,0.41935483870967744,12.70772238514174
28.84343310398981,56.18833927981404,-0.47528076171875,-0.5107421875,0.70733642578125,0.11346435546875,1.6483870967741936,49.95112414467254,0.4290322580645161,13.000977517106548
28.86351401900174,55.27824905917,-0.480224609375,-0.50518798828125,0.70855712890625,0.10980224609375,1.6387096774193548,49.65786901270772,0.36129032258064514,10.948191593352883
28.883603478956502,55.27824905917,-0.480224609375,-0.50518798828125,0.70855712890625,0.10980224609375,1.62258064516129,49.169110459433035,0.2903225806451613,8.797653958944283
28.90363133698702,54.40754849917065,-0.485107421875,-0.5,0.70953369140625,0.10638427734375,1.6258064516129032,49.266862170087975,0.35161290322580646,10.654936461388074
28.92369977198541,54.40754849917065,-0.485107421875,-0.5,0.70953369140625,0.10638427734375,1.62258064516129,49.169110459433035,0.39354838709677414,11.925708699902247
28.94376343797194,54.40754849917065,-0.485107421875,-0.5,0.70953369140625,0.10638427734375,1.6483870967741936,49.95112414467254,0.4032258064516129,12.218963831867057
28.963850273983553,53.55986955542389,-0.4906005859375,-0.49456787109375,0.70989990234375,0.10369873046875,1.6483870967741936,49.95112414467254,0.4225806451612903,12.805474095796676
28.983969686960336,53.55986955542389,-0.4906005859375,-0.49456787109375,0.70989990234375,0.10369873046875,1.6612903225806452,50.34213098729228,0.4548387096774193,13.78299120234604
29.004006664967164,52.58578292059343,-0.4974365234375,-0.4879150390625,0.7100830078125,0.101318359375,1.6483870967741936,49.95112414467254,0.39677419354838706,12.023460410557183
29.02406725898618,52.58578292059343,-0.4974365234375,-0.4879150390625,0.7100830078125,0.101318359375,1.6516129032258065,50.048875855327466,0.4064516129032258,12.316715542521994
29.04413418995682,52.58578292059343,-0.4974365234375,-0.4879150390625,0.7100830078125,0.101318359375,1.6451612903225807,49.8533724340176,0.26774193548387093,8.113391984359726
29.064260834944434,51.722544997766136,-0.50408935546875,-0.48291015625,0.70916748046875,0.098876953125,1.6516129032258065,50.048875855327466,0.3387096774193548,10.263929618768328
29.084302324976306,51.722544997766136,-0.50408935546875,-0.48291015625,0.70916748046875,0.098876953125,1.6580645161290322,50.24437927663734,0.3,9.090909090909092
29.104421481955796,50.74527763250515,-0.5113525390625,-0.4774169921875,0.7081298828125,0.09576416015625,1.6741935483870967,50.733137829912025,0.04516129032258064,1.3685239491691104
29.124529341992456,50.74527763250515,-0.5113525390625,-0.4774169921875,0.7081298828125,0.09576416015625,1.6870967741935483,51.12414467253177,0.2935483870967742,8.895405669599219
29.144541391986422,50.74527763250515,-0.5113525390625,-0.4774169921875,0.7081298828125,0.09576416015625,1.6741935483870967,50.733137829912025,0.27096774193548384,8.211143695014663
29.164641187991947,49.793650226364235,-0.51885986328125,-0.47161865234375,0.70684814453125,0.09326171875,1.6741935483870967,50.733137829912025,0.24516129032258063,7.429130009775172
29.18469986197306,49.793650226364235,-0.51885986328125,-0.47161865234375,0.70684814453125,0.09326171875,1.7,51.515151515151516,0.2290322580645161,6.940371456500488
29.204762184992433,48.885663344843394,-0.52593994140625,-0.4654541015625,0.70599365234375,0.09136962890625,1.6838709677419355,51.02639296187683,0.2290322580645161,6.940371456500488
29.224800666968804,48.885663344843394,-0.52593994140625,-0.4654541015625,0.70599365234375,0.09136962890625,1.696774193548387,51.417399804496576,0.3225806451612903,9.775171065493646
29.244874573952984,48.885663344843394,-0.52593994140625,-0.4654541015625,0.70599365234375,0.09136962890625,1.7032258064516128,51.61290322580645,0.36129032258064514,10.948191593352883
29.264933952945285,48.01210084103865,-0.5322265625,-0.45965576171875,0.705322265625,0.0889892578125,1.6870967741935483,51.12414467253177,0.39999999999999997,12.121212121212121
29.28499377996195,48.01210084103865,-0.5322265625,-0.45965576171875,0.705322265625,0.0889892578125,1.7129032258064516,51.90615835777126,0.37741935483870964,11.436950146627565
29.305063718988094,47.14408325805883,-0.53826904296875,-0.4541015625,0.7047119140625,0.08642578125,1.7,51.515151515151516,0.38064516129032255,11.534701857282501
29.325126457959414,47.14408325805883,-0.53826904296875,-0.4541015625,0.7047119140625,0.08642578125,1.7129032258064516,51.90615835777126,0.4032258064516129,12.218963831867057
29.34520599700045,46.38516875735552,-0.54351806640625,-0.44903564453125,0.70416259765625,0.084228515625,1.7387096774193547,52.68817204301075,0.4032258064516129,12.218963831867057
29.365259743994102,46.38516875735552,-0.54351806640625,-0.44903564453125,0.70416259765625,0.084228515625,1.7225806451612902,52.19941348973607,0.41935483870967744,12.70772238514174
29.385440437996294,46.38516875735552,-0.54351806640625,-0.44903564453125,0.70416259765625,0.084228515625,1.7032258064516128,51.61290322580645,0.37419354838709673,11.339198435972628
29.405544169945642,45.702921308092215,-0.54840087890625,-0.4443359375,0.70355224609375,0.08245849609375,1.7,51.515151515151516,0.37419354838709673,11.339198435972628
29.425629981968086,45.702921308092215,-0.54840087890625,-0.4443359375,0.70355224609375,0.08245849609375,1.7161290322580645,52.003910068426194,0.4129032258064516,12.512218963831867
29.445725937956013,45.01548644199927,-0.55316162109375,-0.44000244140625,0.70281982421875,0.08026123046875,1.7193548387096773,52.101661779081134,0.4032258064516129,12.218963831867057
29.465739074978046,45.01548644199927,-0.55316162109375,-0.44000244140625,0.70281982421875,0.08026123046875,1.7225806451612902,52.19941348973607,0.4258064516129032,12.903225806451612
29.485777876980137,45.01548644199927,-0.55316162109375,-0.44000244140625,0.70281982421875,0.08026123046875,1.7225806451612902,52.19941348973607,0.37741935483870964,11.436950146627565
29.50589351396775,44.32467977343972,-0.55712890625,-0.4356689453125,0.70269775390625,0.07757568359375,1.7096774193548387,51.80840664711632,0.3870967741935484,11.730205278592376
29.52601945499191,44.32467977343972,-0.55712890625,-0.4356689453125,0.70269775390625,0.07757568359375,1.7161290322580645,52.003910068426194,0.39677419354838706,12.023460410557183
29.54601086297771,44.10261071719091,-0.5584716796875,-0.432861328125,0.703369140625,0.0780029296875,1.7225806451612902,52.19941348973607,0.4258064516129032,12.903225806451612
29.566129667975474,44.10261071719091,-0.5584716796875,-0.432861328125,0.703369140625,0.0780029296875,1.7193548387096773,52.101661779081134,0.4129032258064516,12.512218963831867
29.586217974952888,44.10261071719091,-0.5584716796875,-0.432861328125,0.703369140625,0.0780029296875,1.7483870967741935,52.98142717497556,0.43548387096774194,13.196480938416421
29.606293354998343,43.607537831746065,-0.560791015625,-0.428955078125,0.70404052734375,0.076416015625,1.7548387096774192,53.17693059628543,0.4612903225806451,13.978494623655912
29.62638092599809,43.607537831746065,-0.560791015625,-0.428955078125,0.70404052734375,0.076416015625,1.7774193548387096,53.86119257086999,0.46451612903225803,14.076246334310849
29.646449808962643,42.98265702289549,-0.563720703125,-0.42498779296875,0.70440673828125,0.07366943359375,1.764516129032258,53.47018572825024,0.5,15.151515151515152
29.66655411699321,42.98265702289549,-0.563720703125,-0.42498779296875,0.70440673828125,0.07366943359375,1.764516129032258,53.47018572825024,0.47419354838709676,14.369501466275661
29.686605751980096,42.98265702289549,-0.563720703125,-0.42498779296875,0.70440673828125,0.07366943359375,1.7774193548387096,53.86119257086999,0.5096774193548387,15.444770283479961
29.706682538962923,42.34145808677512,-0.5665283203125,-0.42120361328125,0.7047119140625,0.0704345703125,1.8032258064516127,54.64320625610948,0.4967741935483871,15.053763440860216
29.72675746999448,42.34145808677512,-0.5665283203125,-0.42120361328125,0.7047119140625,0.0704345703125,1.7870967741935482,54.154447702834794,0.49032258064516127,14.858260019550343
29.746844785986468,41.70497525478502,-0.56939697265625,-0.41754150390625,0.7049560546875,0.06732177734375,1.7870967741935482,54.154447702834794,0.5161290322580645,15.640273704789834
29.766919620975386,41.70497525478502,-0.56939697265625,-0.41754150390625,0.7049560546875,0.06732177734375,1.7806451612903225,53.95894428152492,0.5161290322580645,15.640273704789834
29.7870004089782,41.70497525478502,-0.56939697265625,-0.41754150390625,0.7049560546875,0.06732177734375,1.764516129032258,53.47018572825024,0.5419354838709677,16.422287390029325
29.807081515959,41.13456265331253,-0.5716552734375,-0.4140625,0.7054443359375,0.064453125,1.764516129032258,53.47018572825024,0.5741935483870968,17.399804496578692
29.82716118398821,41.13456265331253,-0.5716552734375,-0.4140625,0.7054443359375,0.064453125,1.7774193548387096,53.86119257086999,0.5870967741935484,17.790811339198438
29.847233394975774,40.40069844664419,-0.57379150390625,-0.40875244140625,0.70703125,0.06097412109375,1.8032258064516127,54.64320625610948,0.5935483870967742,17.98631476050831
29.867324581951834,40.40069844664419,-0.57379150390625,-0.40875244140625,0.70703125,0.06097412109375,1.8032258064516127,54.64320625610948,0.5903225806451613,17.888563049853374
29.887427098001353,40.40069844664419,-0.57379150390625,-0.40875244140625,0.70703125,0.06097412109375,1.7677419354838708,53.567937438905176,0.6064516129032258,18.377321603128056
29.9075057739974,39.652963494430075,-0.57550048828125,-0.403076171875,0.709228515625,0.05755615234375,1.829032258064516,55.42521994134897,0.6161290322580645,18.670576735092865
29.927556768001523,39.652963494430075,-0.57550048828125,-0.403076171875,0.709228515625,0.05755615234375,1.796774193548387,54.44770283479961,0.6096774193548387,18.475073313782993
29.947632498980965,38.76670311982768,-0.57830810546875,-0.39715576171875,0.71063232421875,0.05316162109375,1.7999999999999998,54.54545454545454,0.6161290322580645,18.670576735092865
29.967712390993256,38.76670311982768,-0.57830810546875,-0.39715576171875,0.71063232421875,0.05316162109375,1.8096774193548386,54.83870967741935,0.6161290322580645,18.670576735092865
29.987788153986912,38.76670311982768,-0.57830810546875,-0.39715576171875,0.71063232421875,0.05316162109375,1.8161290322580643,55.034213098729225,0.6193548387096773,18.768328445747798
30.007871980953496,37.74016457197316,-0.5819091796875,-0.39093017578125,0.7115478515625,0.0477294921875,1.8548387096774193,56.20723362658847,0.6354838709677418,19.25708699902248
30.027947456983384,37.74016457197316,-0.5819091796875,-0.39093017578125,0.7115478515625,0.0477294921875,1.8516129032258062,56.10948191593352,0.6451612903225806,19.550342130987293
30.048028211982455,36.83506549890396,-0.5853271484375,-0.38482666015625,0.71234130859375,0.0435791015625,1.8161290322580643,55.034213098729225,0.632258064516129,19.159335288367547
30.068099622963928,36.83506549890396,-0.5853271484375,-0.38482666015625,0.71234130859375,0.0435791015625,1.8258064516129031,55.32746823069403,0.6451612903225806,19.550342130987293
30.088175193988718,36.83506549890396,-0.5853271484375,-0.38482666015625,0.71234130859375,0.0435791015625,1.8225806451612903,55.229716520039105,0.6483870967741935,19.64809384164223
30.10825399798341,36.163942092667284,-0.58807373046875,-0.37957763671875,0.7130126953125,0.04119873046875,1.8419354838709676,55.816226783968716,0.6677419354838708,20.234604105571844
30.12833827297436,36.163942092667284,-0.58807373046875,-0.37957763671875,0.7130126953125,0.04119873046875,1.8548387096774193,56.20723362658847,0.6741935483870967,20.43010752688172
30.14845819794573,35.58449069708338,-0.5908203125,-0.3748779296875,0.71337890625,0.03961181640625,1.8387096774193548,55.71847507331379,0.6806451612903225,20.625610948191593
30.168522472959012,35.58449069708338,-0.5908203125,-0.3748779296875,0.71337890625,0.03961181640625,1.8451612903225805,55.91397849462365,0.6838709677419353,20.723362658846526
30.18857311498141,35.58449069708338,-0.5908203125,-0.3748779296875,0.71337890625,0.03961181640625,1.8451612903225805,55.91397849462365,0.6935483870967742,21.016617790811342
30.20871828799136,35.0332917776344,-0.59442138671875,-0.37054443359375,0.712646484375,0.038330078125,1.8548387096774193,56.20723362658847,0.6838709677419353,20.723362658846526
30.228759873949457,35.0332917776344,-0.59442138671875,-0.37054443359375,0.712646484375,0.038330078125,1.8032258064516127,54.64320625610948,0.6677419354838708,20.234604105571844
30.248834037978668,34.57516371511214,-0.59808349609375,-0.3670654296875,0.71142578125,0.03759765625,1.8580645161290321,56.304985337243394,0.6774193548387096,20.527859237536656
30.268917256966233,34.57516371511214,-0.59808349609375,-0.3670654296875,0.71142578125,0.03759765625,1.8709677419354838,56.695992179863154,0.6709677419354838,20.332355816226784
30.28898652398493,34.57516371511214,-0.59808349609375,-0.3670654296875,0.71142578125,0.03759765625,1.8774193548387097,56.89149560117303,0.6806451612903225,20.625610948191593
30.309062958986033,34.17034691836553,-0.60162353515625,-0.36322021484375,0.71038818359375,0.0377197265625,1.8870967741935485,57.18475073313783,0.6774193548387096,20.527859237536656
30.32910108898068,34.17034691836553,-0.60162353515625,-0.36322021484375,0.71038818359375,0.0377197265625,1.861290322580645,56.402737047898334,0.6774193548387096,20.527859237536656
30.349195636983495,33.80460509538952,-0.60491943359375,-0.3603515625,0.7091064453125,0.03741455078125,1.8838709677419354,57.0869990224829,0.6870967741935483,20.821114369501466
30.369258535967674,33.80460509538952,-0.60491943359375,-0.3603515625,0.7091064453125,0.03741455078125,1.8774193548387097,56.89149560117303,0.6870967741935483,20.821114369501466
30.389370939985383,33.80460509538952,-0.60491943359375,-0.3603515625,0.7091064453125,0.03741455078125,1.8806451612903226,56.98924731182796,0.6806451612903225,20.625610948191593
30.409441903000697,33.55541354092287,-0.60687255859375,-0.3585205078125,0.7083740234375,0.036865234375,1.8741935483870966,56.79374389051808,0.6548387096774193,19.843597262952102
30.42948454595171,33.55541354092287,-0.60687255859375,-0.3585205078125,0.7083740234375,0.036865234375,1.8806451612903226,56.98924731182796,0.6838709677419353,20.723362658846526
30.4496459759539,33.37399186345664,-0.6087646484375,-0.3565673828125,0.70770263671875,0.0372314453125,1.8838709677419354,57.0869990224829,0.7,21.21212121212121
30.469660873000976,33.37399186345664,-0.6087646484375,-0.3565673828125,0.70770263671875,0.0372314453125,1.8935483870967742,57.380254154447705,0.6967741935483871,21.114369501466275
30.489708314999007,33.37399186345664,-0.6087646484375,-0.3565673828125,0.70770263671875,0.0372314453125,1.8677419354838707,56.59824046920821,0.6935483870967742,21.016617790811342
30.509805678972043,33.13184050552377,-0.61212158203125,-0.3538818359375,0.70611572265625,0.0382080078125,1.8870967741935485,57.18475073313783,0.7032258064516129,21.309872922776147
30.529852352978196,33.13184050552377,-0.61212158203125,-0.3538818359375,0.70611572265625,0.0382080078125,1.8741935483870966,56.79374389051808,0.6903225806451613,20.918866080156402
30.549912980000954,32.8501763694765,-0.6151123046875,-0.351806640625,0.70458984375,0.0379638671875,1.8838709677419354,57.0869990224829,0.6870967741935483,20.821114369501466
30.56998032698175,32.8501763694765,-0.6151123046875,-0.351806640625,0.70458984375,0.0379638671875,1.8806451612903226,56.98924731182796,0.6806451612903225,20.625610948191593
30.59008533897577,32.8501763694765,-0.6151123046875,-0.351806640625,0.70458984375,0.0379638671875,1.896774193548387,57.478005865102645,0.6967741935483871,21.114369501466275
30.610136142000556,32.385055719226905,-0.61907958984375,-0.34912109375,0.7025146484375,0.03631591796875,1.8935483870967742,57.380254154447705,0.7032258064516129,21.309872922776147
30.63020096096443,32.385055719226905,-0.61907958984375,-0.34912109375,0.7025146484375,0.03631591796875,1.9161290322580644,58.06451612903226,0.7096774193548387,21.505376344086024
30.65026757097803,31.805044373971214,-0.62359619140625,-0.34490966796875,0.70068359375,0.03485107421875,1.8806451612903226,56.98924731182796,0.7032258064516129,21.309872922776147
30.67033526999876,31.805044373971214,-0.62359619140625,-0.34490966796875,0.70068359375,0.03485107421875,1.9225806451612903,58.260019550342136,0.7064516129032258,21.407624633431084
30.69042325799819,31.805044373971214,-0.62359619140625,-0.34490966796875,0.70068359375,0.03485107421875,1.9129032258064516,57.96676441837732,0.7032258064516129,21.309872922776147
30.710466731979977,31.226967371648144,-0.62738037109375,-0.3404541015625,0.6995849609375,0.0333251953125,1.9225806451612903,58.260019550342136,0.6935483870967742,21.016617790811342
30.73053219099529,31.226967371648144,-0.62738037109375,-0.3404541015625,0.6995849609375,0.0333251953125,1.9225806451612903,58.260019550342136,0.6870967741935483,20.821114369501466
30.75065685197478,30.857207511577947,-0.63043212890625,-0.33673095703125,0.6986083984375,0.03326416015625,1.8806451612903226,56.98924731182796,0.7,21.21212121212121
30.77069933398161,30.857207511577947,-0.63043212890625,-0.33673095703125,0.6986083984375,0.03326416015625,1.9096774193548387,57.86901270772239,0.6935483870967742,21.016617790811342
30.790758968971204,30.857207511577947,-0.63043212890625,-0.33673095703125,0.6986083984375,0.03326416015625,1.9225806451612903,58.260019550342136,0.6903225806451613,20.918866080156402
30.81082237994997,30.494022071042984,-0.6341552734375,-0.33404541015625,0.69659423828125,0.03265380859375,1.9225806451612903,58.260019550342136,0.6967741935483871,21.114369501466275
30.830971168994438,30.494022071042984,-0.6341552734375,-0.33404541015625,0.69659423828125,0.03265380859375,1.9451612903225806,58.94428152492669,0.6903225806451613,20.918866080156402
30.85105640499387,30.14731359026355,-0.638427734375,-0.33148193359375,0.69390869140625,0.0321044921875,1.9419354838709677,58.846529814271754,0.6967741935483871,21.114369501466275
30.871084549988154,30.14731359026355,-0.638427734375,-0.33148193359375,0.69390869140625,0.0321044921875,1.935483870967742,58.65102639296188,0.6967741935483871,21.114369501466275
30.891209786990657,30.14731359026355,-0.638427734375,-0.33148193359375,0.69390869140625,0.0321044921875,1.935483870967742,58.65102639296188,0.6935483870967742,21.016617790811342
30.911278029961977,29.863260393680655,-0.64312744140625,-0.32977294921875,0.6904296875,0.0316162109375,1.932258064516129,58.55327468230694,0.7,21.21212121212121
30.931322463962715,29.863260393680655,-0.64312744140625,-0.32977294921875,0.6904296875,0.0316162109375,1.9387096774193548,58.748778103616814,0.6967741935483871,21.114369501466275
30.951399250945542,29.55750233822068,-0.64715576171875,-0.3265380859375,0.68817138671875,0.03192138671875,1.9419354838709677,58.846529814271754,0.7,21.21212121212121
30.971454405982513,29.55750233822068,-0.64715576171875,-0.3265380859375,0.68817138671875,0.03192138671875,1.935483870967742,58.65102639296188,0.7225806451612903,21.896383186705766
30.991518520982936,29.55750233822068,-0.64715576171875,-0.3265380859375,0.68817138671875,0.03192138671875,1.9580645161290322,59.33528836754643,0.7193548387096774,21.79863147605083
31.011658669973258,29.196972229286224,-0.651123046875,-0.32208251953125,0.68646240234375,0.0325927734375,1.964516129032258,59.530791788856305,0.7290322580645161,22.09188660801564
31.031739232945256,29.196972229286224,-0.651123046875,-0.32208251953125,0.68646240234375,0.0325927734375,1.9774193548387096,59.92179863147605,0.7193548387096774,21.79863147605083
31.051845876965672,28.87232426151138,-0.65447998046875,-0.3182373046875,0.68505859375,0.03302001953125,1.9838709677419355,60.117302052785924,0.732258064516129,22.189638318670575
31.072186000994407,28.87232426151138,-0.65447998046875,-0.3182373046875,0.68505859375,0.03302001953125,1.9806451612903224,60.01955034213099,0.7290322580645161,22.09188660801564
31.09227344399551,28.87232426151138,-0.65447998046875,-0.3182373046875,0.68505859375,0.03302001953125,1.961290322580645,59.43304007820137,0.7387096774193548,22.385141739980448
31.1122885979712,28.55366736614107,-0.65716552734375,-0.31512451171875,0.6839599609375,0.03265380859375,1.993548387096774,60.410557184750736,0.7064516129032258,21.407624633431084
31.132354984991252,28.55366736614107,-0.65716552734375,-0.31512451171875,0.6839599609375,0.03265380859375,1.9741935483870967,59.82404692082112,0.7290322580645161,22.09188660801564
31.152415322954766,28.37738017738726,-0.65875244140625,-0.3134765625,0.6832275390625,0.03240966796875,1.9741935483870967,59.82404692082112,0.7161290322580645,21.700879765395893
31.17250017495826,28.37738017738726,-0.65875244140625,-0.3134765625,0.6832275390625,0.03240966796875,2.0032258064516126,60.703812316715535,0.7161290322580645,21.700879765395893
31.192570529994555,28.37738017738726,-0.65875244140625,-0.3134765625,0.6832275390625,0.03240966796875,1.9870967741935484,60.215053763440864,0.7516129032258064,22.776148582600193
31.212604083993938,28.378068179845286,-0.6597900390625,-0.31280517578125,0.68243408203125,0.0330810546875,1.9870967741935484,60.215053763440864,0.7354838709677419,22.28739002932551
31.232729735958856,28.378068179845286,-0.6597900390625,-0.31280517578125,0.68243408203125,0.0330810546875,1.9903225806451612,60.312805474095796,0.7290322580645161,22.09188660801564
31.25281020399416,28.365254093771128,-0.6602783203125,-0.312744140625,0.6820068359375,0.0330810546875,2.009677419354839,60.899315738025415,0.7290322580645161,22.09188660801564
31.27284318197053,28.365254093771128,-0.6602783203125,-0.312744140625,0.6820068359375,0.0330810546875,1.9741935483870967,59.82404692082112,0.7290322580645161,22.09188660801564
31.29295984195778,28.365254093771128,-0.6602783203125,-0.312744140625,0.6820068359375,0.0330810546875,1.9709677419354839,59.72629521016618,0.7354838709677419,22.28739002932551
31.313041172979865,28.362103660615496,-0.66009521484375,-0.31280517578125,0.68218994140625,0.03302001953125,1.9451612903225806,58.94428152492669,0.7419354838709677,22.482893450635387
31.333126536977943,28.362103660615496,-0.66009521484375,-0.31280517578125,0.68218994140625,0.03302001953125,1.9483870967741934,59.04203323558163,0.7451612903225806,22.58064516129032
31.35320623597363,28.3474129778753,-0.6600341796875,-0.3131103515625,0.68212890625,0.03253173828125,1.935483870967742,58.65102639296188,0.7483870967741935,22.678396871945257
31.37329374399269,28.3474129778753,-0.6600341796875,-0.3131103515625,0.68212890625,0.03253173828125,1.9709677419354839,59.72629521016618,0.732258064516129,22.189638318670575
31.3933995559928,28.3474129778753,-0.6600341796875,-0.3131103515625,0.68212890625,0.03253173828125,1.929032258064516,58.45552297165201,0.7548387096774193,22.87390029325513
31.41344274196308,28.320270243349192,-0.65997314453125,-0.31396484375,0.68182373046875,0.03131103515625,1.8806451612903226,56.98924731182796,0.7580645161290323,22.97165200391007
31.433544905972667,28.320270243349192,-0.65997314453125,-0.31396484375,0.68182373046875,0.03131103515625,1.8677419354838707,56.59824046920821,0.7419354838709677,22.482893450635387
31.45363228599308,28.282414794288037,-0.6600341796875,-0.31524658203125,0.68121337890625,0.029541015625,1.9,57.57575757575758,0.7354838709677419,22.28739002932551
31.47371633700095,28.282414794288037,-0.6600341796875,-0.31524658203125,0.68121337890625,0.029541015625,1.9,57.57575757575758,0.7419354838709677,22.482893450635387
31.493775651964825,28.282414794288037,-0.6600341796875,-0.31524658203125,0.68121337890625,0.029541015625,1.8806451612903226,56.98924731182796,0.732258064516129,22.189638318670575
31.51385887095239,28.239703543367447,-0.660400390625,-0.31683349609375,0.68023681640625,0.027587890625,1.9064516129032258,57.77126099706745,0.7258064516129032,21.994134897360706
31.533962186949793,28.239703543367447,-0.660400390625,-0.31683349609375,0.68023681640625,0.027587890625,1.932258064516129,58.55327468230694,0.7225806451612903,21.896383186705766
31.5540023969952,28.212726723404813,-0.66064453125,-0.318115234375,0.679443359375,0.0260009765625,1.8838709677419354,57.0869990224829,0.7290322580645161,22.09188660801564
31.574107697000727,28.212726723404813,-0.66064453125,-0.318115234375,0.679443359375,0.0260009765625,1.8903225806451613,57.28250244379277,0.7387096774193548,22.385141739980448
31.594184900983237,28.212726723404813,-0.66064453125,-0.318115234375,0.679443359375,0.0260009765625,1.9,57.57575757575758,0.7387096774193548,22.385141739980448
31.614273399987724,28.177433744502885,-0.66143798828125,-0.31829833984375,0.67864990234375,0.02557373046875,1.8935483870967742,57.380254154447705,0.7258064516129032,21.994134897360706
31.63435735600069,28.177433744502885,-0.66143798828125,-0.31829833984375,0.67864990234375,0.02557373046875,1.8903225806451613,57.28250244379277,0.7161290322580645,21.700879765395893
31.65444217500044,28.164268225968726,-0.6619873046875,-0.318115234375,0.67816162109375,0.02557373046875,1.8548387096774193,56.20723362658847,0.7096774193548387,21.505376344086024
31.674541426997166,28.164268225968726,-0.6619873046875,-0.318115234375,0.67816162109375,0.02557373046875,1.9161290322580644,58.06451612903226,0.7129032258064516,21.603128054740957
31.69460720597999,28.164268225968726,-0.6619873046875,-0.318115234375,0.67816162109375,0.02557373046875,1.896774193548387,57.478005865102645,0.7129032258064516,21.603128054740957
31.714711545966566,28.101449862084714,-0.66241455078125,-0.317626953125,0.677978515625,0.02532958984375,1.8806451612903226,56.98924731182796,0.7129032258064516,21.603128054740957
31.73477434896631,28.101449862084714,-0.66241455078125,-0.317626953125,0.677978515625,0.02532958984375,1.9,57.57575757575758,0.7096774193548387,21.505376344086024
31.75486700894544,28.02592548946619,-0.6630859375,-0.31689453125,0.67767333984375,0.02520751953125,1.8935483870967742,57.380254154447705,0.7129032258064516,21.603128054740957
31.77490581094753,28.02592548946619,-0.6630859375,-0.31689453125,0.67767333984375,0.02520751953125,1.896774193548387,57.478005865102645,0.7096774193548387,21.505376344086024
31.794976389966905,28.02592548946619,-0.6630859375,-0.31689453125,0.67767333984375,0.02520751953125,1.9064516129032258,57.77126099706745,0.7193548387096774,21.79863147605083
31.815039095992688,27.99137310243406,-0.6636962890625,-0.31597900390625,0.677490234375,0.0257568359375,1.8903225806451613,57.28250244379277,0.7096774193548387,21.505376344086024
31.835102666984312,27.99137310243406,-0.6636962890625,-0.31597900390625,0.677490234375,0.0257568359375,1.9225806451612903,58.260019550342136,0.7129032258064516,21.603128054740957
31.855229887994938,27.965629238558904,-0.66412353515625,-0.31451416015625,0.677734375,0.0269775390625,1.9,57.57575757575758,0.7129032258064516,21.603128054740957
31.875303314998746,27.965629238558904,-0.66412353515625,-0.31451416015625,0.677734375,0.0269775390625,1.896774193548387,57.478005865102645,0.7,21.21212121212121
31.89533005299745,27.965629238558904,-0.66412353515625,-0.31451416015625,0.677734375,0.0269775390625,1.896774193548387,57.478005865102645,0.7032258064516129,21.309872922776147
31.91539176699007,27.924064786735258,-0.6644287109375,-0.3128662109375,0.6781005859375,0.02801513671875,1.932258064516129,58.55327468230694,0.6967741935483871,21.114369501466275
31.935478890954982,27.924064786735258,-0.6644287109375,-0.3128662109375,0.6781005859375,0.02801513671875,1.9064516129032258,57.77126099706745,0.7032258064516129,21.309872922776147
31.95554086199263,27.842543456319767,-0.66497802734375,-0.310791015625,0.678466796875,0.02911376953125,1.9193548387096775,58.162267839687196,0.7,21.21212121212121
31.97559889598051,27.842543456319767,-0.66497802734375,-0.310791015625,0.678466796875,0.02911376953125,1.8935483870967742,57.380254154447705,0.7161290322580645,21.700879765395893
31.99566038697958,27.842543456319767,-0.66497802734375,-0.310791015625,0.678466796875,0.02911376953125,1.9064516129032258,57.77126099706745,0.7129032258064516,21.603128054740957
32.01572408596985,27.800384175027204,-0.66595458984375,-0.30877685546875,0.67840576171875,0.03076171875,1.8709677419354838,56.695992179863154,0.7,21.21212121212121
32.035794056952,27.800384175027204,-0.66595458984375,-0.30877685546875,0.67840576171875,0.03076171875,1.896774193548387,57.478005865102645,0.6903225806451613,20.918866080156402
32.05586255597882,27.785410813102473,-0.6678466796875,-0.3070068359375,0.67730712890625,0.03253173828125,1.9129032258064516,57.96676441837732,0.6967741935483871,21.114369501466275
32.075926989957225,27.785410813102473,-0.6678466796875,-0.3070068359375,0.67730712890625,0.03253173828125,1.8838709677419354,57.0869990224829,0.6967741935483871,21.114369501466275
32.09599081694614,27.785410813102473,-0.6678466796875,-0.3070068359375,0.67730712890625,0.03253173828125,1.8838709677419354,57.0869990224829,0.7064516129032258,21.407624633431084
32.11606082000071,27.80566496604792,-0.66973876953125,-0.30535888671875,0.676025390625,0.03436279296875,1.8677419354838707,56.59824046920821,0.6935483870967742,21.016617790811342
32.13620656897547,27.80566496604792,-0.66973876953125,-0.30535888671875,0.676025390625,0.03436279296875,1.8548387096774193,56.20723362658847,0.6967741935483871,21.114369501466275
32.15627295599552,27.85159455428486,-0.6715087890625,-0.303955078125,0.6748046875,0.036376953125,1.9193548387096775,58.162267839687196,0.6903225806451613,20.918866080156402
32.17636900796788,27.85159455428486,-0.6715087890625,-0.303955078125,0.6748046875,0.036376953125,1.9387096774193548,58.748778103616814,0.6806451612903225,20.625610948191593
32.19645673997002,27.85159455428486,-0.6715087890625,-0.303955078125,0.6748046875,0.036376953125,1.929032258064516,58.45552297165201,0.6774193548387096,20.527859237536656
32.21658155997284,27.885146095807315,-0.67327880859375,-0.3026123046875,0.67352294921875,0.0380859375,1.8548387096774193,56.20723362658847,0.6774193548387096,20.527859237536656
32.23657504899893,27.885146095807315,-0.67327880859375,-0.3026123046875,0.67352294921875,0.0380859375,1.9064516129032258,57.77126099706745,0.6838709677419353,20.723362658846526
32.256643195985816,27.938815797244978,-0.6748046875,-0.30224609375,0.672119140625,0.03912353515625,1.9064516129032258,57.77126099706745,0.7,21.21212121212121
32.27671156695578,27.938815797244978,-0.6748046875,-0.30224609375,0.672119140625,0.03912353515625,1.896774193548387,57.478005865102645,0.7,21.21212121212121
32.296756032970734,27.938815797244978,-0.6748046875,-0.30224609375,0.672119140625,0.03912353515625,1.9,57.57575757575758,0.6741935483870967,20.43010752688172
32.31684526900062,27.9414105635365,-0.67633056640625,-0.301513671875,0.6708984375,0.0399169921875,1.9064516129032258,57.77126099706745,0.6903225806451613,20.918866080156402
32.33689895097632,27.9414105635365,-0.67633056640625,-0.301513671875,0.6708984375,0.0399169921875,1.8935483870967742,57.380254154447705,0.6677419354838708,20.234604105571844
32.356960569974035,27.848860501421655,-0.67840576171875,-0.3004150390625,0.6693115234375,0.03985595703125,1.896774193548387,57.478005865102645,0.6806451612903225,20.625610948191593
32.37702695699409,27.848860501421655,-0.67840576171875,-0.3004150390625,0.6693115234375,0.03985595703125,1.8806451612903226,56.98924731182796,0.6774193548387096,20.527859237536656
32.39708972699009,27.848860501421655,-0.67840576171875,-0.3004150390625,0.6693115234375,0.03985595703125,1.896774193548387,57.478005865102645,0.6741935483870967,20.43010752688172
32.41720542794792,27.725854930940287,-0.68017578125,-0.29937744140625,0.66802978515625,0.03936767578125,1.903225806451613,57.67350928641252,0.6774193548387096,20.527859237536656
32.4372352049686,27.725854930940287,-0.68017578125,-0.29937744140625,0.66802978515625,0.03936767578125,1.8935483870967742,57.380254154447705,0.6903225806451613,20.918866080156402
32.45745522895595,27.63637735179465,-0.681640625,-0.29864501953125,0.6668701171875,0.03887939453125,1.9193548387096775,58.162267839687196,0.6774193548387096,20.527859237536656
32.47749879898038,27.63637735179465,-0.681640625,-0.29864501953125,0.6668701171875,0.03887939453125,1.9064516129032258,57.77126099706745,0.7064516129032258,21.407624633431084
32.49765075696632,27.63637735179465,-0.681640625,-0.29864501953125,0.6668701171875,0.03887939453125,1.903225806451613,57.67350928641252,0.6903225806451613,20.918866080156402
32.517667029984295,27.58216254355279,-0.6826171875,-0.2987060546875,0.6658935546875,0.0380859375,1.9193548387096775,58.162267839687196,0.6967741935483871,21.114369501466275
32.53772935294546,27.58216254355279,-0.6826171875,-0.2987060546875,0.6658935546875,0.0380859375,1.9225806451612903,58.260019550342136,0.7,21.21212121212121
32.55780466797296,27.62299327441162,-0.68365478515625,-0.29913330078125,0.66461181640625,0.0379638671875,1.9161290322580644,58.06451612903226,0.6870967741935483,20.821114369501466
32.57788052695105,27.62299327441162,-0.68365478515625,-0.29913330078125,0.66461181640625,0.0379638671875,1.9258064516129032,58.35777126099707,0.6903225806451613,20.918866080156402
32.59795744199073,27.62299327441162,-0.68365478515625,-0.29913330078125,0.66461181640625,0.0379638671875,1.9258064516129032,58.35777126099707,0.6903225806451613,20.918866080156402
32.618029396981,27.735433647041624,-0.68487548828125,-0.2996826171875,0.6630859375,0.03863525390625,1.9064516129032258,57.77126099706745,0.6838709677419353,20.723362658846526
32.63809882395435,27.735433647041624,-0.68487548828125,-0.2996826171875,0.6630859375,0.03863525390625,1.9225806451612903,58.260019550342136,0.6774193548387096,20.527859237536656
32.658232252986636,27.911128745440784,-0.6849365234375,-0.30029296875,0.66265869140625,0.04010009765625,1.9387096774193548,58.748778103616814,0.6677419354838708,20.234604105571844
32.67826091096504,27.911128745440784,-0.6849365234375,-0.30029296875,0.66265869140625,0.04010009765625,1.9258064516129032,58.35777126099707,0.6774193548387096,20.527859237536656
32.69834435399389,27.911128745440784,-0.6849365234375,-0.30029296875,0.66265869140625,0.04010009765625,1.9225806451612903,58.260019550342136,0.6935483870967742,21.016617790811342
32.71844885399332,28.071958125225187,-0.68524169921875,-0.30029296875,0.6622314453125,0.0419921875,1.9451612903225806,58.94428152492669,0.6935483870967742,21.016617790811342
32.73855386598734,28.071958125225187,-0.68524169921875,-0.30029296875,0.6622314453125,0.0419921875,1.9225806451612903,58.260019550342136,0.7064516129032258,21.407624633431084
32.75863193394616,28.217765011824724,-0.68572998046875,-0.2999267578125,0.6617431640625,0.04400634765625,1.9064516129032258,57.77126099706745,0.7032258064516129,21.309872922776147
32.778648142993916,28.217765011824724,-0.68572998046875,-0.2999267578125,0.6617431640625,0.04400634765625,1.9129032258064516,57.96676441837732,0.6903225806451613,20.918866080156402
32.79870704194764,28.217765011824724,-0.68572998046875,-0.2999267578125,0.6617431640625,0.04400634765625,1.9064516129032258,57.77126099706745,0.6935483870967742,21.016617790811342
32.81876981200185,28.383966769123973,-0.686279296875,-0.29974365234375,0.6611328125,0.046142578125,1.9225806451612903,58.260019550342136,0.6967741935483871,21.114369501466275
32.8388436549576,28.383966769123973,-0.686279296875,-0.29974365234375,0.6611328125,0.046142578125,1.9387096774193548,58.748778103616814,0.6935483870967742,21.016617790811342
32.858906841953285,28.442317347501834,-0.6873779296875,-0.29864501953125,0.66033935546875,0.0477294921875,1.9129032258064516,57.96676441837732,0.6935483870967742,21.016617790811342
32.87897530896589,28.442317347501834,-0.6873779296875,-0.29864501953125,0.66033935546875,0.0477294921875,1.932258064516129,58.55327468230694,0.7,21.21212121212121
32.899046495964285,28.442317347501834,-0.6873779296875,-0.29864501953125,0.66033935546875,0.0477294921875,1.9419354838709677,58.846529814271754,0.6967741935483871,21.114369501466275
32.919183188991155,28.45115724653681,-0.688232421875,-0.297607421875,0.6597900390625,0.04864501953125,1.9193548387096775,58.162267839687196,0.6967741935483871,21.114369501466275
32.93920496595092,28.45115724653681,-0.688232421875,-0.297607421875,0.6597900390625,0.04864501953125,1.9387096774193548,58.748778103616814,0.7,21.21212121212121
32.95933276298456,28.43484484476263,-0.6895751953125,-0.2972412109375,0.65863037109375,0.04876708984375,1.929032258064516,58.45552297165201,0.6967741935483871,21.114369501466275
32.97935844497988,28.43484484476263,-0.6895751953125,-0.2972412109375,0.65863037109375,0.04876708984375,1.9387096774193548,58.748778103616814,0.7032258064516129,21.309872922776147
32.99940377497114,28.43484484476263,-0.6895751953125,-0.2972412109375,0.65863037109375,0.04876708984375,1.9451612903225806,58.94428152492669,0.7,21.21212121212121
33.01947028998984,28.433903482982522,-0.6907958984375,-0.2974853515625,0.6572265625,0.04815673828125,1.9161290322580644,58.06451612903226,0.7032258064516129,21.309872922776147
33.03954976500245,28.433903482982522,-0.6907958984375,-0.2974853515625,0.6572265625,0.04815673828125,1.9387096774193548,58.748778103616814,0.6935483870967742,21.016617790811342
33.05960482294904,28.487805581921428,-0.69140625,-0.29833984375,0.65625,0.0478515625,1.929032258064516,58.45552297165201,0.7064516129032258,21.407624633431084
33.07966775394743,28.487805581921428,-0.69140625,-0.29833984375,0.65625,0.0478515625,1.9096774193548387,57.86901270772239,0.6935483870967742,21.016617790811342
33.09975526196649,28.487805581921428,-0.69140625,-0.29833984375,0.65625,0.0478515625,1.9064516129032258,57.77126099706745,0.6935483870967742,21.016617790811342
33.11981867195573,28.56403724490331,-0.6920166015625,-0.2987060546875,0.6553955078125,0.0482177734375,1.9225806451612903,58.260019550342136,0.7,21.21212121212121
33.13987977895886,28.56403724490331,-0.6920166015625,-0.2987060546875,0.6553955078125,0.0482177734375,1.929032258064516,58.45552297165201,0.6806451612903225,20.625610948191593
