timestamp,elevation_deg,imu_i,imu_j,imu_k,imu_r,ch0_voltage,ch0_percentage,ch1_voltage,ch1_percentage
0.00885927799390629,28.390406515345994,0.16302490234375,0.65167236328125,-0.4949951171875,0.5511474609375,1.4096774193548387,42.717497556207235,0.6161290322580645,18.670576735092865
0.034066477965097874,28.575420228850817,0.15911865234375,0.65252685546875,-0.49359130859375,0.55255126953125,1.429032258064516,43.30400782013685,0.6225806451612903,18.866080156402738
0.0488769129733555,28.575420228850817,0.15911865234375,0.65252685546875,-0.49359130859375,0.55255126953125,1.464516129032258,44.37927663734115,0.6741935483870967,20.43010752688172
0.06938963400898501,28.575420228850817,0.15911865234375,0.65252685546875,-0.49359130859375,0.55255126953125,1.4419354838709677,43.6950146627566,0.6483870967741935,19.64809384164223
0.0936387240071781,28.858508360247832,0.1558837890625,0.65069580078125,-0.49481201171875,0.554443359375,1.4225806451612903,43.10850439882698,0.5935483870967742,17.98631476050831
0.10883089900016785,28.858508360247832,0.1558837890625,0.65069580078125,-0.49481201171875,0.554443359375,1.4419354838709677,43.6950146627566,0.6290322580645161,19.06158357771261
0.13368522399105132,28.92864395403513,0.15826416015625,0.6466064453125,-0.49932861328125,0.5545654296875,1.467741935483871,44.4770283479961,0.6419354838709677,19.452590420332356
0.14884715800872073,28.92864395403513,0.15826416015625,0.6466064453125,-0.49932861328125,0.5545654296875,1.5129032258064514,45.8455522971652,0.7064516129032258,21.407624633431084
0.16967704001581296,28.92864395403513,0.15826416015625,0.6466064453125,-0.49932861328125,0.5545654296875,1.5193548387096774,46.04105571847507,0.7161290322580645,21.700879765395893
0.19387268897844478,28.699464160873056,0.1673583984375,0.64312744140625,-0.50543212890625,0.5504150390625,1.5,45.45454545454546,0.664516129032258,20.13685239491691
0.20978318998822942,28.699464160873056,0.1673583984375,0.64312744140625,-0.50543212890625,0.5504150390625,1.5129032258064514,45.8455522971652,0.5967741935483871,18.084066471163247
0.2338483709609136,28.46795991588153,0.1802978515625,0.64080810546875,-0.51348876953125,0.54144287109375,1.5483870967741935,46.9208211143695,0.561290322580645,17.00879765395894
0.24919418198987842,28.46795991588153,0.1802978515625,0.64080810546875,-0.51348876953125,0.54144287109375,1.561290322580645,47.31182795698924,0.5516129032258064,16.715542521994134
0.26997113501420245,28.46795991588153,0.1802978515625,0.64080810546875,-0.51348876953125,0.54144287109375,1.564516129032258,47.40957966764419,0.4387096774193548,13.294232649071358
0.29415903898188844,28.19873798351096,0.1954345703125,0.639892578125,-0.521728515625,0.529296875,1.558064516129032,47.21407624633431,0.35806451612903223,10.850439882697946
0.3093780630151741,28.19873798351096,0.1954345703125,0.639892578125,-0.521728515625,0.529296875,1.561290322580645,47.31182795698924,0.36129032258064514,10.948191593352883
0.33427414897596464,27.84104625496184,0.21197509765625,0.63909912109375,-0.529296875,0.5162353515625,1.5709677419354837,47.60508308895405,0.34516129032258064,10.459433040078201
0.34947313996963203,27.84104625496184,0.21197509765625,0.63909912109375,-0.529296875,0.5162353515625,1.5677419354838709,47.507331378299114,0.37419354838709673,11.339198435972628
0.3697667180094868,27.84104625496184,0.21197509765625,0.63909912109375,-0.529296875,0.5162353515625,1.529032258064516,46.33431085043988,0.39677419354838706,12.023460410557183
0.39457070600474253,27.380017967032927,0.2303466796875,0.637939453125,-0.53631591796875,0.5023193359375,1.5677419354838709,47.507331378299114,0.39999999999999997,12.121212121212121
0.4097025269875303,27.380017967032927,0.2303466796875,0.637939453125,-0.53631591796875,0.5023193359375,1.5741935483870966,47.702834799608986,0.4032258064516129,12.218963831867057
0.43390531197655946,27.107177301994966,0.24896240234375,0.63568115234375,-0.5450439453125,0.4866943359375,1.5451612903225804,46.82306940371456,0.3870967741935484,11.730205278592376
0.4499725849600509,27.107177301994966,0.24896240234375,0.63568115234375,-0.5450439453125,0.4866943359375,1.5870967741935482,48.09384164222873,0.46774193548387094,14.173998044965789
0.4698706310009584,27.107177301994966,0.24896240234375,0.63568115234375,-0.5450439453125,0.4866943359375,1.596774193548387,48.38709677419355,0.4483870967741935,13.587487781036167
0.4943408799590543,27.01462579989171,0.267333984375,0.63189697265625,-0.55523681640625,0.47003173828125,1.558064516129032,47.21407624633431,0.4419354838709677,13.391984359726294
0.5100577109842561,27.01462579989171,0.267333984375,0.63189697265625,-0.55523681640625,0.47003173828125,1.6096774193548384,48.77810361681329,0.5,15.151515151515152
0.5340164569788612,26.86745657579393,0.2860107421875,0.62847900390625,-0.56378173828125,0.453125,1.5999999999999999,48.484848484848484,0.4967741935483871,15.053763440860216
0.5501126910094172,26.86745657579393,0.2860107421875,0.62847900390625,-0.56378173828125,0.453125,1.590322580645161,48.19159335288367,0.5548387096774193,16.81329423264907
0.5709606540040113,26.86745657579393,0.2860107421875,0.62847900390625,-0.56378173828125,0.453125,1.6161290322580644,48.97360703812317,0.5645161290322581,17.106549364613883
0.5946020460105501,26.62257600036306,0.30450439453125,0.6240234375,-0.57135009765625,0.4375,1.590322580645161,48.19159335288367,0.47096774193548385,14.271749755620725
0.6125652170157991,26.62257600036306,0.30450439453125,0.6240234375,-0.57135009765625,0.4375,1.596774193548387,48.38709677419355,0.5225806451612903,15.835777126099707
0.6344701079651713,26.1219198654766,0.32208251953125,0.61932373046875,-0.5760498046875,0.42529296875,1.593548387096774,48.289345063538605,0.46774193548387094,14.173998044965789
0.650423810002394,26.1219198654766,0.32208251953125,0.61932373046875,-0.5760498046875,0.42529296875,1.5774193548387094,47.800586510263926,0.5419354838709677,16.422287390029325
0.6703797139925882,26.1219198654766,0.32208251953125,0.61932373046875,-0.5760498046875,0.42529296875,1.5999999999999999,48.484848484848484,0.5516129032258064,16.715542521994134
0.6947469839942642,25.43846971699621,0.33831787109375,0.61407470703125,-0.5787353515625,0.41644287109375,1.5999999999999999,48.484848484848484,0.5548387096774193,16.81329423264907
0.7105876909918152,25.43846971699621,0.33831787109375,0.61407470703125,-0.5787353515625,0.41644287109375,1.6290322580645162,49.36461388074292,0.5967741935483871,18.084066471163247
0.7347856439882889,24.356393607767217,0.35491943359375,0.60455322265625,-0.58245849609375,0.4114990234375,1.6193548387096772,49.071358748778096,0.5258064516129032,15.933528836754643
0.7513360999873839,24.356393607767217,0.35491943359375,0.60455322265625,-0.58245849609375,0.4114990234375,1.5999999999999999,48.484848484848484,0.5483870967741935,16.617790811339198
0.7708201489876956,24.356393607767217,0.35491943359375,0.60455322265625,-0.58245849609375,0.4114990234375,1.593548387096774,48.289345063538605,0.6,18.181818181818183
0.795216251979582,24.17653075507677,0.36651611328125,0.5965576171875,-0.5899658203125,0.40216064453125,1.5870967741935482,48.09384164222873,0.6419354838709677,19.452590420332356
0.8108692409587093,24.17653075507677,0.36651611328125,0.5965576171875,-0.5899658203125,0.40216064453125,1.5999999999999999,48.484848484848484,0.6354838709677418,19.25708699902248
0.8350411129649729,24.412610045656237,0.3751220703125,0.58929443359375,-0.59912109375,0.3912353515625,1.6193548387096772,49.071358748778096,0.6387096774193548,19.35483870967742
0.8509798069717363,24.412610045656237,0.3751220703125,0.58929443359375,-0.59912109375,0.3912353515625,1.632258064516129,49.462365591397855,0.532258064516129,16.129032258064516
0.8711138279759325,24.412610045656237,0.3751220703125,0.58929443359375,-0.59912109375,0.3912353515625,1.6483870967741936,49.95112414467254,0.6612903225806451,20.039100684261975
0.8950859819888137,24.440443174254398,0.38262939453125,0.583984375,-0.604736328125,0.38323974609375,1.6516129032258065,50.048875855327466,0.6709677419354838,20.332355816226784
0.9113725579809397,24.440443174254398,0.38262939453125,0.583984375,-0.604736328125,0.38323974609375,1.6870967741935483,51.12414467253177,0.6935483870967742,21.016617790811342
0.9360552299767733,24.28257597491455,0.38922119140625,0.58154296875,-0.606201171875,0.37799072265625,1.6516129032258065,50.048875855327466,0.6483870967741935,19.64809384164223
0.9512867979938164,24.28257597491455,0.38922119140625,0.58154296875,-0.606201171875,0.37799072265625,1.6516129032258065,50.048875855327466,0.6483870967741935,19.64809384164223
0.9713996659847908,24.28257597491455,0.38922119140625,0.58154296875,-0.606201171875,0.37799072265625,1.664516129032258,50.43988269794721,0.7709677419354838,23.36265884652981
0.9953987649641931,23.965055469102992,0.39501953125,0.5784912109375,-0.60693359375,0.3753662109375,1.6516129032258065,50.048875855327466,0.8096774193548386,24.535679374389048
1.0128458570106886,23.965055469102992,0.39501953125,0.5784912109375,-0.60693359375,0.3753662109375,1.6741935483870967,50.733137829912025,0.9483870967741935,28.739002932551323
1.0350130919832736,23.599031351253984,0.40106201171875,0.5755615234375,-0.607421875,0.372802734375,1.664516129032258,50.43988269794721,0.9451612903225807,28.641251221896386
1.0515591640141793,23.599031351253984,0.40106201171875,0.5755615234375,-0.607421875,0.372802734375,1.6774193548387097,50.83088954056696,0.9774193548387097,29.61876832844575
1.0715337239671499,23.599031351253984,0.40106201171875,0.5755615234375,-0.607421875,0.372802734375,1.6548387096774193,50.146627565982406,1.0064516129032257,30.498533724340177
1.0956751629710197,22.91313926447998,0.4095458984375,0.571044921875,-0.60693359375,0.3712158203125,1.6806451612903226,50.9286412512219,0.9870967741935484,29.91202346041056
1.112671936978586,22.91313926447998,0.4095458984375,0.571044921875,-0.60693359375,0.3712158203125,1.6838709677419355,51.02639296187683,1.0096774193548386,30.596285434995107
1.1359363899682648,22.80919189816005,0.4150390625,0.568115234375,-0.60888671875,0.366455078125,1.6806451612903226,50.9286412512219,0.8999999999999999,27.27272727272727
1.151726823009085,22.80919189816005,0.4150390625,0.568115234375,-0.60888671875,0.366455078125,1.6612903225806452,50.34213098729228,0.8516129032258064,25.806451612903224
1.1718206829973496,22.80919189816005,0.4150390625,0.568115234375,-0.60888671875,0.366455078125,1.6709677419354838,50.635386119257085,0.8741935483870967,26.49071358748778
1.1959892910090275,22.989935731977084,0.41900634765625,0.56646728515625,-0.61126708984375,0.36041259765625,1.6516129032258065,50.048875855327466,0.864516129032258,26.19745845552297
1.2120860369759612,22.989935731977084,0.41900634765625,0.56646728515625,-0.61126708984375,0.36041259765625,1.6741935483870967,50.733137829912025,0.967741935483871,29.32551319648094
1.2365667509729974,23.162383308079214,0.4212646484375,0.56640625,-0.6123046875,0.356201171875,1.6774193548387097,50.83088954056696,0.964516129032258,29.227761485826004
1.2521873220102862,23.162383308079214,0.4212646484375,0.56640625,-0.6123046875,0.356201171875,1.6774193548387097,50.83088954056696,0.996774193548387,30.205278592375368
1.2723380159586668,23.162383308079214,0.4212646484375,0.56640625,-0.6123046875,0.356201171875,1.6741935483870967,50.733137829912025,1.0032258064516129,30.40078201368524
1.2969023159821518,23.387099918598736,0.4190673828125,0.56805419921875,-0.6121826171875,0.35626220703125,1.6774193548387097,50.83088954056696,1.0129032258064516,30.69403714565005
1.3123828519601375,23.387099918598736,0.4190673828125,0.56805419921875,-0.6121826171875,0.35626220703125,1.6774193548387097,50.83088954056696,1.0096774193548386,30.596285434995107
1.336801707977429,23.66934862919888,0.413818359375,0.57080078125,-0.61175537109375,0.3587646484375,1.6838709677419355,51.02639296187683,1.0225806451612902,30.98729227761486
1.352733617008198,23.66934862919888,0.413818359375,0.57080078125,-0.61175537109375,0.3587646484375,1.6935483870967742,51.31964809384164,1.0161290322580645,30.791788856304986
1.3725783489644527,23.66934862919888,0.413818359375,0.57080078125,-0.61175537109375,0.3587646484375,1.6870967741935483,51.12414467253177,1.025806451612903,31.08504398826979
1.3968915059813298,24.094541476135362,0.4085693359375,0.57275390625,-0.61285400390625,0.3597412109375,1.7,51.515151515151516,1.0161290322580645,30.791788856304986
1.4127068030065857,24.094541476135362,0.4085693359375,0.57275390625,-0.61285400390625,0.3597412109375,1.696774193548387,51.417399804496576,1.0290322580645161,31.182795698924732
1.437084314005915,24.422282031467773,0.4051513671875,0.5728759765625,-0.61492919921875,0.35980224609375,1.6870967741935483,51.12414467253177,1.025806451612903,31.08504398826979
1.4644478670088574,24.422282031467773,0.4051513671875,0.5728759765625,-0.61492919921875,0.35980224609375,1.6806451612903226,50.9286412512219,1.0290322580645161,31.182795698924732
1.4735057429643348,24.422282031467773,0.4051513671875,0.5728759765625,-0.61492919921875,0.35980224609375,1.6774193548387097,50.83088954056696,1.0612903225806452,32.16031280547409
1.4962287389789708,24.489488025775458,0.405029296875,0.572998046875,-0.6153564453125,0.359130859375,1.664516129032258,50.43988269794721,1.0677419354838709,32.355816226783965
1.5129792650113814,24.489488025775458,0.405029296875,0.572998046875,-0.6153564453125,0.359130859375,1.6741935483870967,50.733137829912025,1.090322580645161,33.040078201368516
1.5362917190068401,24.513961515464857,0.40631103515625,0.57305908203125,-0.61529541015625,0.35760498046875,1.6612903225806452,50.34213098729228,1.0838709677419354,32.84457478005865
1.5535533329821192,24.513961515464857,0.40631103515625,0.57305908203125,-0.61529541015625,0.35760498046875,1.664516129032258,50.43988269794721,1.0935483870967742,33.137829912023456
1.5732965909992345,24.513961515464857,0.40631103515625,0.57305908203125,-0.61529541015625,0.35760498046875,1.6838709677419355,51.02639296187683,1.0709677419354837,32.453567937438905
1.5964936490054242,24.526984587522705,0.4063720703125,0.57000732421875,-0.6182861328125,0.35723876953125,1.7,51.515151515151516,1.0709677419354837,32.453567937438905
1.6133312179590575,24.526984587522705,0.4063720703125,0.57000732421875,-0.6182861328125,0.35723876953125,1.6774193548387097,50.83088954056696,1.0290322580645161,31.182795698924732
1.6365762779605575,24.46951632304048,0.40606689453125,0.56683349609375,-0.62103271484375,0.35797119140625,1.6870967741935483,51.12414467253177,0.996774193548387,30.205278592375368
1.6550091590033844,24.46951632304048,0.40606689453125,0.56683349609375,-0.62103271484375,0.35797119140625,1.6870967741935483,51.12414467253177,0.9935483870967742,30.107526881720432
1.6733358610072173,24.46951632304048,0.40606689453125,0.56683349609375,-0.62103271484375,0.35797119140625,1.6580645161290322,50.24437927663734,1.0096774193548386,30.596285434995107
1.697033318981994,24.324350926943623,0.40533447265625,0.56573486328125,-0.62109375,0.3603515625,1.7,51.515151515151516,1.025806451612903,31.08504398826979
1.7136271049967036,24.324350926943623,0.40533447265625,0.56573486328125,-0.62109375,0.3603515625,1.7193548387096773,52.101661779081134,0.9580645161290322,29.03225806451613
1.737349490984343,24.17972113844398,0.40386962890625,0.5650634765625,-0.62078857421875,0.363525390625,1.6870967741935483,51.12414467253177,0.864516129032258,26.19745845552297
1.7539665409713052,24.17972113844398,0.40386962890625,0.5650634765625,-0.62078857421875,0.363525390625,1.6870967741935483,51.12414467253177,0.9161290322580644,27.76148582600195
1.7736203559907153,24.17972113844398,0.40386962890625,0.5650634765625,-0.62078857421875,0.363525390625,1.7,51.515151515151516,0.9451612903225807,28.641251221896386
1.798593211977277,24.12818673478459,0.40240478515625,0.56414794921875,-0.621337890625,0.36566162109375,1.6612903225806452,50.34213098729228,0.9774193548387097,29.61876832844575
1.8139018070069142,24.12818673478459,0.40240478515625,0.56414794921875,-0.621337890625,0.36566162109375,1.6483870967741936,49.95112414467254,0.9709677419354839,29.423264907135877
1.8395667799632065,24.09906463313716,0.4005126953125,0.5638427734375,-0.6214599609375,0.3680419921875,1.6709677419354838,50.635386119257085,0.9258064516129031,28.05474095796676
1.8541765689733438,24.09906463313716,0.4005126953125,0.5638427734375,-0.6214599609375,0.3680419921875,1.6612903225806452,50.34213098729228,0.9354838709677419,28.347996089931577
1.8738279839744791,24.09906463313716,0.4005126953125,0.5638427734375,-0.6214599609375,0.3680419921875,1.6774193548387097,50.83088954056696,0.9612903225806452,29.130009775171068
1.8983827159972861,24.094727604217596,0.3978271484375,0.5648193359375,-0.62054443359375,0.37103271484375,1.6774193548387097,50.83088954056696,0.9548387096774194,28.934506353861195
1.9142223660019226,24.094727604217596,0.3978271484375,0.5648193359375,-0.62054443359375,0.37103271484375,1.6709677419354838,50.635386119257085,0.967741935483871,29.32551319648094
1.9386878790101036,24.182222305742968,0.394775390625,0.56549072265625,-0.62042236328125,0.37347412109375,1.6612903225806452,50.34213098729228,0.9806451612903225,29.716520039100686
1.954347267979756,24.182222305742968,0.394775390625,0.56549072265625,-0.62042236328125,0.37347412109375,1.6774193548387097,50.83088954056696,0.9741935483870967,29.521016617790814
1.9742727389675565,24.182222305742968,0.394775390625,0.56549072265625,-0.62042236328125,0.37347412109375,1.667741935483871,50.53763440860215,0.9709677419354839,29.423264907135877
1.9987421879777685,24.35763880311437,0.39190673828125,0.56561279296875,-0.6212158203125,0.3748779296875,1.6612903225806452,50.34213098729228,0.9806451612903225,29.716520039100686
2.0153795270016417,24.35763880311437,0.39190673828125,0.56561279296875,-0.6212158203125,0.3748779296875,1.6612903225806452,50.34213098729228,0.9806451612903225,29.716520039100686
2.039023415010888,24.49017799502529,0.38958740234375,0.5657958984375,-0.621826171875,0.37603759765625,1.6612903225806452,50.34213098729228,1.0129032258064516,30.69403714565005
2.054441260988824,24.49017799502529,0.38958740234375,0.5657958984375,-0.621826171875,0.37603759765625,1.6838709677419355,51.02639296187683,1.0,30.303030303030305
2.074576561979484,24.49017799502529,0.38958740234375,0.5657958984375,-0.621826171875,0.37603759765625,1.7,51.515151515151516,0.9806451612903225,29.716520039100686
2.0992571539827622,24.613658654559003,0.386962890625,0.56683349609375,-0.62164306640625,0.3775634765625,1.664516129032258,50.43988269794721,0.9870967741935484,29.91202346041056
2.11653691198444,24.613658654559003,0.386962890625,0.56683349609375,-0.62164306640625,0.3775634765625,1.6709677419354838,50.635386119257085,1.0516129032258064,31.867057673509287
2.1380363189964555,24.82957861050913,0.3837890625,0.56903076171875,-0.620849609375,0.37872314453125,1.6483870967741936,49.95112414467254,1.0612903225806452,32.16031280547409
2.1548862399649806,24.82957861050913,0.3837890625,0.56903076171875,-0.620849609375,0.37872314453125,1.6516129032258065,50.048875855327466,1.0290322580645161,31.182795698924732
2.174755293002818,24.82957861050913,0.3837890625,0.56903076171875,-0.620849609375,0.37872314453125,1.6516129032258065,50.048875855327466,1.032258064516129,31.28054740957967
2.199727797997184,25.12557766110568,0.37994384765625,0.5726318359375,-0.619384765625,0.37957763671875,1.6709677419354838,50.635386119257085,1.0064516129032257,30.498533724340177
2.215200748993084,25.12557766110568,0.37994384765625,0.5726318359375,-0.619384765625,0.37957763671875,1.664516129032258,50.43988269794721,0.964516129032258,29.227761485826004
2.239421358972322,25.565528638072593,0.37451171875,0.57781982421875,-0.6173095703125,0.3804931640625,1.6838709677419355,51.02639296187683,0.8032258064516128,24.340175953079175
2.2549979289760813,25.565528638072593,0.37451171875,0.57781982421875,-0.6173095703125,0.3804931640625,1.6580645161290322,50.24437927663734,0.6677419354838708,20.234604105571844
2.275232882006094,25.565528638072593,0.37451171875,0.57781982421875,-0.6173095703125,0.3804931640625,1.6516129032258065,50.048875855327466,0.7096774193548387,21.505376344086024
2.299709722981788,26.022724987197527,0.36883544921875,0.58221435546875,-0.61602783203125,0.3814697265625,1.6516129032258065,50.048875855327466,0.8354838709677419,25.317693059628542
2.315192467009183,26.022724987197527,0.36883544921875,0.58221435546875,-0.61602783203125,0.3814697265625,1.6483870967741936,49.95112414467254,0.796774193548387,24.144672531769302
2.339775455009658,26.64700166876561,0.36212158203125,0.58642578125,-0.6158447265625,0.38177490234375,1.6419354838709677,49.75562072336266,0.7741935483870968,23.46041055718475
2.355366777977906,26.64700166876561,0.36212158203125,0.58642578125,-0.6158447265625,0.38177490234375,1.6419354838709677,49.75562072336266,0.6903225806451613,20.918866080156402
2.3758611300145276,26.64700166876561,0.36212158203125,0.58642578125,-0.6158447265625,0.38177490234375,1.6032258064516127,48.58260019550342,0.6548387096774193,19.843597262952102
2.399771074997261,27.511375418635573,0.354736328125,0.591064453125,-0.61663818359375,0.38018798828125,1.6032258064516127,48.58260019550342,0.6290322580645161,19.06158357771261
2.415272795013152,27.511375418635573,0.354736328125,0.591064453125,-0.61663818359375,0.38018798828125,1.6032258064516127,48.58260019550342,0.5,15.151515151515152
2.439882343984209,28.71063625816503,0.34576416015625,0.597412109375,-0.6180419921875,0.3763427734375,1.5870967741935482,48.09384164222873,0.48709677419354835,14.760508308895407
2.457583106996026,28.71063625816503,0.34576416015625,0.597412109375,-0.6180419921875,0.3763427734375,1.5677419354838709,47.507331378299114,0.39677419354838706,12.023460410557183
2.475745196978096,28.71063625816503,0.34576416015625,0.597412109375,-0.6180419921875,0.3763427734375,1.5,45.45454545454546,0.4451612903225806,13.48973607038123
2.500104114005808,30.344196398240797,0.334228515625,0.60546875,-0.6201171875,0.370361328125,1.4741935483870967,44.67253176930596,0.46451612903225803,14.076246334310849
2.5157438869937323,30.344196398240797,0.334228515625,0.60546875,-0.6201171875,0.370361328125,1.493548387096774,45.25904203323558,0.46774193548387094,14.173998044965789
2.539968272962142,32.20691058771353,0.32049560546875,0.61334228515625,-0.623291015625,0.36407470703125,1.5064516129032257,45.650048875855326,0.5967741935483871,18.084066471163247
2.555743664968759,32.20691058771353,0.32049560546875,0.61334228515625,-0.623291015625,0.36407470703125,1.4548387096774194,44.086021505376344,0.4967741935483871,15.053763440860216
2.5755844289669767,32.20691058771353,0.32049560546875,0.61334228515625,-0.623291015625,0.36407470703125,1.4225806451612903,43.10850439882698,0.4451612903225806,13.48973607038123
2.6002845100010745,34.13679213722353,0.30584716796875,0.62017822265625,-0.62750244140625,0.35784912109375,1.435483870967742,43.49951124144673,0.46774193548387094,14.173998044965789
2.6156785470084287,34.13679213722353,0.30584716796875,0.62017822265625,-0.62750244140625,0.35784912109375,1.4161290322580644,42.91300097751711,0.34838709677419355,10.557184750733137
2.6396516289678402,36.12364065840472,0.29144287109375,0.6263427734375,-0.63232421875,0.3505859375,1.4,42.42424242424242,0.3161290322580645,9.579667644183774
2.6560094070155174,36.12364065840472,0.29144287109375,0.6263427734375,-0.63232421875,0.3505859375,1.4064516129032258,42.619745845552295,0.3290322580645161,9.970674486803519
2.6861660690046847,36.12364065840472,0.29144287109375,0.6263427734375,-0.63232421875,0.3505859375,1.396774193548387,42.32649071358749,0.3161290322580645,9.579667644183774
2.7046239440096542,38.08762187799354,0.27813720703125,0.63226318359375,-0.6370849609375,0.3421630859375,1.4129032258064516,42.81524926686217,0.32580645161290317,9.872922776148581
2.7266900559770875,38.08762187799354,0.27813720703125,0.63226318359375,-0.6370849609375,0.3421630859375,1.396774193548387,42.32649071358749,0.36129032258064514,10.948191593352883
2.7407681479817256,40.066773679511435,0.2646484375,0.63800048828125,-0.6416015625,0.3336181640625,1.3838709677419354,41.935483870967744,0.37741935483870964,11.436950146627565
2.7566957699600607,40.066773679511435,0.2646484375,0.63800048828125,-0.6416015625,0.3336181640625,1.403225806451613,42.52199413489737,0.34516129032258064,10.459433040078201
2.776308430999052,40.066773679511435,0.2646484375,0.63800048828125,-0.6416015625,0.3336181640625,1.3741935483870966,41.64222873900293,0.37419354838709673,11.339198435972628
2.80061765096616,42.04222481897591,0.25103759765625,0.6435546875,-0.64581298828125,0.3250732421875,1.3741935483870966,41.64222873900293,0.3548387096774194,10.752688172043012
2.8172372929984704,42.04222481897591,0.25103759765625,0.6435546875,-0.64581298828125,0.3250732421875,1.3806451612903226,41.837732160312804,0.36774193548387096,11.143695014662756
2.8405612040078267,44.080818786858785,0.237060546875,0.64898681640625,-0.6502685546875,0.31591796875,1.3483870967741933,40.86021505376344,0.3354838709677419,10.166177908113392
2.856374164985027,44.080818786858785,0.237060546875,0.64898681640625,-0.6502685546875,0.31591796875,1.3548387096774193,41.05571847507331,0.37741935483870964,11.436950146627565
2.8765460439608432,44.080818786858785,0.237060546875,0.64898681640625,-0.6502685546875,0.31591796875,1.3709677419354838,41.54447702834799,0.3870967741935484,11.730205278592376
2.900570423982572,46.14699905591269,0.2227783203125,0.6534423828125,-0.6551513671875,0.3067626953125,1.2903225806451613,39.100684261974585,0.39677419354838706,12.023460410557183
2.924836730991956,46.14699905591269,0.2227783203125,0.6534423828125,-0.6551513671875,0.3067626953125,1.2677419354838708,38.41642228739003,0.38387096774193546,11.632453567937437
2.941242989967577,48.24766846940814,0.20855712890625,0.6575927734375,-0.66021728515625,0.29693603515625,1.293548387096774,39.19843597262952,0.37741935483870964,11.436950146627565
2.9568962670164183,48.24766846940814,0.20855712890625,0.6575927734375,-0.66021728515625,0.29693603515625,1.3161290322580643,39.882697947214076,0.37419354838709673,11.339198435972628
2.976859562972095,48.24766846940814,0.20855712890625,0.6575927734375,-0.66021728515625,0.29693603515625,1.3129032258064515,39.784946236559136,0.3354838709677419,10.166177908113392
3.0020449059666134,50.43263331800057,0.19354248046875,0.66192626953125,-0.6649169921875,0.2867431640625,1.3548387096774193,41.05571847507331,0.34193548387096767,10.361681329423263
3.016938479966484,50.43263331800057,0.19354248046875,0.66192626953125,-0.6649169921875,0.2867431640625,1.3548387096774193,41.05571847507331,0.2967741935483871,8.993157380254155
3.0417288989992812,52.608278786008256,0.1783447265625,0.666259765625,-0.66912841796875,0.276611328125,1.3741935483870966,41.64222873900293,0.2935483870967742,8.895405669599219
3.0570761499693617,52.608278786008256,0.1783447265625,0.666259765625,-0.66912841796875,0.276611328125,1.3774193548387097,41.73998044965787,0.24838709677419354,7.526881720430108
3.0772859179996885,52.608278786008256,0.1783447265625,0.666259765625,-0.66912841796875,0.276611328125,1.3387096774193548,40.56695992179863,0.06774193548387096,2.0527859237536656
3.1040155320079066,54.80873469916402,0.16241455078125,0.67059326171875,-0.67291259765625,0.2667236328125,1.3741935483870966,41.64222873900293,0.06774193548387096,2.0527859237536656
3.1173160650068894,54.80873469916402,0.16241455078125,0.67059326171875,-0.67291259765625,0.2667236328125,1.3677419354838707,41.44672531769305,0.15161290322580645,4.594330400782014
3.1421469649649225,57.00987253038451,0.14599609375,0.67425537109375,-0.6766357421875,0.25726318359375,1.3548387096774193,41.05571847507331,0.07096774193548387,2.1505376344086025
3.1574504710151814,57.00987253038451,0.14599609375,0.67425537109375,-0.6766357421875,0.25726318359375,1.3161290322580643,39.882697947214076,0.19032258064516128,5.7673509286412505
3.178123068995774,57.00987253038451,0.14599609375,0.67425537109375,-0.6766357421875,0.25726318359375,1.2903225806451613,39.100684261974585,0.18387096774193548,5.571847507331378
3.2015460539842024,59.26221332093807,0.12884521484375,0.6768798828125,-0.68096923828125,0.2479248046875,1.3064516129032258,39.589442815249264,0.27419354838709675,8.308895405669599
3.217442922992632,59.26221332093807,0.12884521484375,0.6768798828125,-0.68096923828125,0.2479248046875,1.3774193548387097,41.73998044965787,0.2935483870967742,8.895405669599219
3.2421267780009657,61.582132802314725,0.11138916015625,0.6793212890625,-0.68524169921875,0.2379150390625,1.3741935483870966,41.64222873900293,0.2967741935483871,8.993157380254155
3.2578956749639474,61.582132802314725,0.11138916015625,0.6793212890625,-0.68524169921875,0.2379150390625,1.3935483870967742,42.22873900293255,0.2935483870967742,8.895405669599219
3.277700117963832,61.582132802314725,0.11138916015625,0.6793212890625,-0.68524169921875,0.2379150390625,1.4,42.42424242424242,0.2903225806451613,8.797653958944283
3.3010604130104184,63.824321794584456,0.094970703125,0.68133544921875,-0.68914794921875,0.2276611328125,1.4419354838709677,43.6950146627566,0.2967741935483871,8.993157380254155
3.3179398069623858,63.824321794584456,0.094970703125,0.68133544921875,-0.68914794921875,0.2276611328125,1.4741935483870967,44.67253176930596,0.2838709677419355,8.60215053763441
3.3420212129713036,65.9217488627516,0.07989501953125,0.683837890625,-0.69189453125,0.21746826171875,1.493548387096774,45.25904203323558,0.27741935483870966,8.406647116324535
3.358979296986945,65.9217488627516,0.07989501953125,0.683837890625,-0.69189453125,0.21746826171875,1.5225806451612902,46.138807429130004,0.2806451612903225,8.50439882697947
3.378015076974407,65.9217488627516,0.07989501953125,0.683837890625,-0.69189453125,0.21746826171875,1.5225806451612902,46.138807429130004,0.23548387096774193,7.1358748778103624
3.4019863349967636,67.7753861526674,0.06695556640625,0.6871337890625,-0.6929931640625,0.20770263671875,1.5419354838709676,46.72531769305962,0.26774193548387093,8.113391984359726
3.420173544960562,67.7753861526674,0.06695556640625,0.6871337890625,-0.6929931640625,0.20770263671875,1.5483870967741935,46.9208211143695,0.24193548387096775,7.331378299120235
3.4424601439968683,69.4977536187233,0.0546875,0.69036865234375,-0.6934814453125,0.19873046875,1.5451612903225804,46.82306940371456,0.3,9.090909090909092
3.458207183983177,69.4977536187233,0.0546875,0.69036865234375,-0.6934814453125,0.19873046875,1.525806451612903,46.236559139784944,0.34516129032258064,10.459433040078201
3.478608028963208,69.4977536187233,0.0546875,0.69036865234375,-0.6934814453125,0.19873046875,1.5387096774193547,46.62756598240469,0.3354838709677419,10.166177908113392
3.5036166950012557,71.27852841208475,0.0419921875,0.69183349609375,-0.6954345703125,0.18975830078125,1.5354838709677419,46.52981427174975,0.2903225806451613,8.797653958944283
3.5188620549743064,71.27852841208475,0.0419921875,0.69183349609375,-0.6954345703125,0.18975830078125,1.5483870967741935,46.9208211143695,0.332258064516129,10.068426197458455
3.5430698639829643,73.04483915688344,0.0296630859375,0.69195556640625,-0.6983642578125,0.1807861328125,1.561290322580645,47.31182795698924,0.2903225806451613,8.797653958944283
3.5585751039907336,73.04483915688344,0.0296630859375,0.69195556640625,-0.6983642578125,0.1807861328125,1.5483870967741935,46.9208211143695,0.2967741935483871,8.993157380254155
3.578759206982795,73.04483915688344,0.0296630859375,0.69195556640625,-0.6983642578125,0.1807861328125,1.5483870967741935,46.9208211143695,0.2903225806451613,8.797653958944283
3.6026652149739675,74.61626008227395,0.01861572265625,0.69244384765625,-0.70025634765625,0.1727294921875,1.5419354838709676,46.72531769305962,0.2806451612903225,8.50439882697947
3.6186988559784368,74.61626008227395,0.01861572265625,0.69244384765625,-0.70025634765625,0.1727294921875,1.5419354838709676,46.72531769305962,0.27096774193548384,8.211143695014663
3.6426716819987632,76.16749408374098,0.0078125,0.6939697265625,-0.700927734375,0.16436767578125,1.5354838709677419,46.52981427174975,0.24838709677419354,7.526881720430108
3.6588197259698063,76.16749408374098,0.0078125,0.6939697265625,-0.700927734375,0.16436767578125,1.5,45.45454545454546,0.25161290322580643,7.624633431085044
3.67918933799956,76.16749408374098,0.0078125,0.6939697265625,-0.700927734375,0.16436767578125,1.5129032258064514,45.8455522971652,0.24193548387096775,7.331378299120235
3.7030042709666304,77.64341871574076,-0.0020751953125,0.6951904296875,-0.70172119140625,0.156005859375,1.5064516129032257,45.650048875855326,0.2225806451612903,6.744868035190615
3.719705035968218,77.64341871574076,-0.0020751953125,0.6951904296875,-0.70172119140625,0.156005859375,1.525806451612903,46.236559139784944,0.26129032258064516,7.9178885630498534
3.742652166984044,79.16820598738799,-0.011962890625,0.6956787109375,-0.7030029296875,0.14715576171875,1.5161290322580645,45.94330400782014,0.27096774193548384,8.211143695014663
3.7594613829860464,79.16820598738799,-0.011962890625,0.6956787109375,-0.7030029296875,0.14715576171875,1.5193548387096774,46.04105571847507,0.23548387096774193,7.1358748778103624
3.7795721709844656,79.16820598738799,-0.011962890625,0.6956787109375,-0.7030029296875,0.14715576171875,1.5161290322580645,45.94330400782014,0.25483870967741934,7.722385141739981
3.803317022975534,80.75166687120407,-0.022216796875,0.696533203125,-0.703857421875,0.1378173828125,1.5129032258064514,45.8455522971652,0.24516129032258063,7.429130009775172
3.8193524869857356,80.75166687120407,-0.022216796875,0.696533203125,-0.703857421875,0.1378173828125,1.5161290322580645,45.94330400782014,0.2032258064516129,6.158357771260997
3.843341249972582,82.32288770612728,-0.03271484375,0.69805908203125,-0.70361328125,0.128662109375,1.5032258064516129,45.552297165200386,0.19677419354838707,5.962854349951123
3.859794902964495,82.32288770612728,-0.03271484375,0.69805908203125,-0.70361328125,0.128662109375,1.5161290322580645,45.94330400782014,0.20967741935483872,6.35386119257087
3.8800800970057026,82.32288770612728,-0.03271484375,0.69805908203125,-0.70361328125,0.128662109375,1.5129032258064514,45.8455522971652,0.20967741935483872,6.35386119257087
3.904034969978966,83.74886395888596,-0.0419921875,0.69866943359375,-0.70404052734375,0.1202392578125,1.5193548387096774,46.04105571847507,0.27419354838709675,8.308895405669599
3.9196706140064634,83.74886395888596,-0.0419921875,0.69866943359375,-0.70404052734375,0.1202392578125,1.5096774193548386,45.74780058651026,0.2935483870967742,8.895405669599219
3.9436342240078375,85.2378664261472,-0.05096435546875,0.69891357421875,-0.7047119140625,0.11077880859375,1.5096774193548386,45.74780058651026,0.27096774193548384,8.211143695014663
3.9596980729838833,85.2378664261472,-0.05096435546875,0.69891357421875,-0.7047119140625,0.11077880859375,1.564516129032258,47.40957966764419,0.25483870967741934,7.722385141739981
3.9801089029642753,85.2378664261472,-0.05096435546875,0.69891357421875,-0.7047119140625,0.11077880859375,1.5451612903225804,46.82306940371456,0.25161290322580643,7.624633431085044
4.003852345980704,86.71356705922588,-0.0596923828125,0.69866943359375,-0.7056884765625,0.101318359375,1.5516129032258064,47.018572825024435,0.264516129032258,8.015640273704788
4.020023846998811,86.71356705922588,-0.0596923828125,0.69866943359375,-0.7056884765625,0.101318359375,1.5483870967741935,46.9208211143695,0.2838709677419355,8.60215053763441
4.043926495010965,87.96218814588207,-0.06732177734375,0.6988525390625,-0.7059326171875,0.09344482421875,1.525806451612903,46.236559139784944,0.25483870967741934,7.722385141739981
4.060021416982636,87.96218814588207,-0.06732177734375,0.6988525390625,-0.7059326171875,0.09344482421875,1.5483870967741935,46.9208211143695,0.2290322580645161,6.940371456500488
4.0809034609701484,87.96218814588207,-0.06732177734375,0.6988525390625,-0.7059326171875,0.09344482421875,1.5451612903225804,46.82306940371456,0.24516129032258063,7.429130009775172
4.103901600989047,89.07284673506499,-0.07427978515625,0.7005615234375,-0.7044677734375,0.08624267578125,1.5354838709677419,46.52981427174975,0.27741935483870966,8.406647116324535
4.120259763963986,89.07284673506499,-0.07427978515625,0.7005615234375,-0.7044677734375,0.08624267578125,1.5451612903225804,46.82306940371456,0.35806451612903223,10.850439882697946
4.144092393980827,89.91662214382671,-0.07965087890625,0.701171875,-0.703857421875,0.08099365234375,1.5451612903225804,46.82306940371456,0.39999999999999997,12.121212121212121
4.160140433989,89.91662214382671,-0.07965087890625,0.701171875,-0.703857421875,0.08099365234375,1.5193548387096774,46.04105571847507,0.39999999999999997,12.121212121212121
4.180219830013812,89.91662214382671,-0.07965087890625,0.701171875,-0.703857421875,0.08099365234375,1.5354838709677419,46.52981427174975,0.4290322580645161,13.000977517106548
4.2044200230157,90.42665939364416,-0.0830078125,0.70013427734375,-0.704833984375,0.0782470703125,1.5709677419354837,47.60508308895405,0.4161290322580645,12.609970674486803
4.220386684988625,90.42665939364416,-0.0830078125,0.70013427734375,-0.704833984375,0.0782470703125,1.558064516129032,47.21407624633431,0.41935483870967744,12.70772238514174
4.2446563839912415,90.59003119741202,-0.084228515625,0.69921875,-0.70562744140625,0.07763671875,1.5483870967741935,46.9208211143695,0.48709677419354835,14.760508308895407
4.261873868992552,90.59003119741202,-0.084228515625,0.69921875,-0.70562744140625,0.07763671875,1.5548387096774192,47.11632453567937,0.5,15.151515151515152
4.280793484998867,90.59003119741202,-0.084228515625,0.69921875,-0.70562744140625,0.07763671875,1.561290322580645,47.31182795698924,0.5129032258064515,15.542521994134894
4.304912747989874,90.49485848041431,-0.08367919921875,0.69879150390625,-0.7060546875,0.078369140625,1.558064516129032,47.21407624633431,0.5387096774193548,16.32453567937439
4.320756366010755,90.49485848041431,-0.08367919921875,0.69879150390625,-0.7060546875,0.078369140625,1.5419354838709676,46.72531769305962,0.4838709677419355,14.66275659824047
4.344868429005146,90.28970626942586,-0.08221435546875,0.698486328125,-0.7064208984375,0.07952880859375,1.5451612903225804,46.82306940371456,0.49032258064516127,14.858260019550343
4.3606924950145185,90.28970626942586,-0.08221435546875,0.698486328125,-0.7064208984375,0.07952880859375,1.5451612903225804,46.82306940371456,0.4967741935483871,15.053763440860216
4.381119548983406,90.28970626942586,-0.08221435546875,0.698486328125,-0.7064208984375,0.07952880859375,1.5064516129032257,45.650048875855326,0.47419354838709676,14.369501466275661
4.404783948964905,90.0261280358018,-0.0802001953125,0.6978759765625,-0.70709228515625,0.0809326171875,1.4580645161290322,44.18377321603128,0.5096774193548387,15.444770283479961
4.421104189998005,90.0261280358018,-0.0802001953125,0.6978759765625,-0.70709228515625,0.0809326171875,1.4580645161290322,44.18377321603128,0.5161290322580645,15.640273704789834
4.445706347993109,89.77778948358379,-0.077880859375,0.697265625,-0.7078857421875,0.08184814453125,1.467741935483871,44.4770283479961,0.46451612903225803,14.076246334310849
4.461218404001556,89.77778948358379,-0.077880859375,0.697265625,-0.7078857421875,0.08184814453125,1.4870967741935484,45.06353861192571,0.36774193548387096,11.143695014662756
4.481121377961244,89.77778948358379,-0.077880859375,0.697265625,-0.7078857421875,0.08184814453125,1.467741935483871,44.4770283479961,0.2838709677419355,8.60215053763441
4.505799186008517,89.51551225993684,-0.07513427734375,0.69683837890625,-0.70849609375,0.08245849609375,1.4806451612903224,44.868035190615835,0.18064516129032257,5.474095796676441
4.521185223013163,89.51551225993684,-0.07513427734375,0.69683837890625,-0.70849609375,0.08245849609375,1.4548387096774194,44.086021505376344,0.12580645161290321,3.812316715542522
4.5462770909653045,89.20828757903759,-0.07080078125,0.697021484375,-0.70880126953125,0.0819091796875,1.4387096774193548,43.59726295210166,0.0,0.0
4.5626262609730475,89.20828757903759,-0.07080078125,0.697021484375,-0.70880126953125,0.0819091796875,1.4419354838709677,43.6950146627566,0.12903225806451613,3.9100684261974585
4.581907104002312,89.20828757903759,-0.07080078125,0.697021484375,-0.70880126953125,0.0819091796875,1.429032258064516,43.30400782013685,0.04838709677419355,1.466275659824047
4.606454860011581,88.85232596965083,-0.06488037109375,0.6983642578125,-0.708251953125,0.08013916015625,1.403225806451613,42.52199413489737,0.08709677419354839,2.6392961876832843
4.622276205976959,88.85232596965083,-0.06488037109375,0.6983642578125,-0.708251953125,0.08013916015625,1.3516129032258062,40.957966764418366,0.05161290322580645,1.5640273704789833
4.646656051976606,88.45011876156299,-0.057373046875,0.70025634765625,-0.7073974609375,0.0772705078125,1.3129032258064515,39.784946236559136,0.0,0.0
4.6618803240126,88.45011876156299,-0.057373046875,0.70025634765625,-0.7073974609375,0.0772705078125,1.2741935483870968,38.6119257086999,0.0,0.0
4.686054467980284,88.10806605167102,-0.0494384765625,0.7015380859375,-0.7071533203125,0.0733642578125,1.261290322580645,38.220918866080154,0.0,0.0
4.702179854968563,88.10806605167102,-0.0494384765625,0.7015380859375,-0.7071533203125,0.0733642578125,1.2096774193548387,36.65689149560117,0.08064516129032258,2.4437927663734116
4.721787203976419,88.10806605167102,-0.0494384765625,0.7015380859375,-0.7071533203125,0.0733642578125,1.196774193548387,36.26588465298143,0.058064516129032254,1.759530791788856
4.747120456013363,87.85972439833485,-0.0413818359375,0.70172119140625,-0.70794677734375,0.068359375,1.1903225806451614,36.07038123167156,0.058064516129032254,1.759530791788856
4.76257852697745,87.85972439833485,-0.0413818359375,0.70172119140625,-0.70794677734375,0.068359375,1.1838709677419355,35.87487781036168,0.07419354838709677,2.248289345063539
4.792655186960474,87.67413178794436,-0.0325927734375,0.70233154296875,-0.70843505859375,0.061767578125,1.167741935483871,35.386119257087,0.016129032258064516,0.4887585532746823
4.805528602970298,87.67413178794436,-0.0325927734375,0.70233154296875,-0.70843505859375,0.061767578125,1.1709677419354838,35.483870967741936,0.08064516129032258,2.4437927663734116
4.822103956015781,87.67413178794436,-0.0325927734375,0.70233154296875,-0.70843505859375,0.061767578125,1.1612903225806452,35.19061583577713,0.09032258064516129,2.7370478983382207
4.84795517497696,87.4340802164637,-0.022216796875,0.705078125,-0.70672607421875,0.05401611328125,1.1451612903225807,34.701857282502445,0.09354838709677418,2.834799608993157
4.8622405380010605,87.4340802164637,-0.022216796875,0.705078125,-0.70672607421875,0.05401611328125,1.164516129032258,35.28836754643206,0.0064516129032258064,0.19550342130987292
4.886370329011697,87.02873396799494,-0.00830078125,0.70892333984375,-0.70379638671875,0.0447998046875,1.1580645161290324,35.0928641251222,0.06451612903225806,1.9550342130987293
4.903559428988956,87.02873396799494,-0.00830078125,0.70892333984375,-0.70379638671875,0.0447998046875,1.1612903225806452,35.19061583577713,0.12580645161290321,3.812316715542522
4.922657577961218,87.02873396799494,-0.00830078125,0.70892333984375,-0.70379638671875,0.0447998046875,1.164516129032258,35.28836754643206,0.14838709677419354,4.496578690127078
4.947278231964447,86.58956627304818,0.00750732421875,0.714111328125,-0.69915771484375,0.0343017578125,1.1580645161290324,35.0928641251222,0.14516129032258066,4.398826979472141
4.962777359993197,86.58956627304818,0.00750732421875,0.714111328125,-0.69915771484375,0.0343017578125,1.1548387096774193,34.99511241446726,0.15161290322580645,4.594330400782014
4.9876025000121444,86.01083399233818,0.02362060546875,0.7183837890625,-0.69482421875,0.02557373046875,1.164516129032258,35.28836754643206,0.11290322580645161,3.4213098729227767
5.002790770959109,86.01083399233818,0.02362060546875,0.7183837890625,-0.69482421875,0.02557373046875,1.1516129032258065,34.89736070381232,0.11612903225806451,3.519061583577712
5.022697808977682,86.01083399233818,0.02362060546875,0.7183837890625,-0.69482421875,0.02557373046875,1.164516129032258,35.28836754643206,0.1096774193548387,3.3235581622678394
5.048389439994935,85.46981702933519,0.03875732421875,0.720458984375,-0.69219970703125,0.017578125,1.167741935483871,35.386119257087,0.07419354838709677,2.248289345063539
5.063303078000899,85.46981702933519,0.03875732421875,0.720458984375,-0.69219970703125,0.017578125,1.1516129032258065,34.89736070381232,0.0,0.0
5.08666833397001,85.08526935817083,0.0511474609375,0.7216796875,-0.69024658203125,0.01043701171875,1.1419354838709679,34.60410557184751,0.0,0.0
5.103106657974422,85.08526935817083,0.0511474609375,0.7216796875,-0.69024658203125,0.01043701171875,1.1129032258064515,33.724340175953074,0.0,0.0
5.1229993919841945,85.08526935817083,0.0511474609375,0.7216796875,-0.69024658203125,0.01043701171875,1.1290322580645162,34.21309872922777,0.0,0.0
5.148570123012178,84.72419620295697,0.0615234375,0.72186279296875,-0.68927001953125,0.00494384765625,1.1387096774193548,34.50635386119257,0.0,0.0
5.164113699982408,84.72419620295697,0.0615234375,0.72186279296875,-0.68927001953125,0.00494384765625,1.135483870967742,34.40860215053764,0.0,0.0
5.188184641010594,84.45281444483233,-0.0716552734375,-0.72210693359375,0.68804931640625,0.0013427734375,1.1580645161290324,35.0928641251222,0.0,0.0
5.203885791997891,84.45281444483233,-0.0716552734375,-0.72210693359375,0.68804931640625,0.0013427734375,1.12258064516129,34.01759530791788,0.0,0.0
5.223329103959259,84.45281444483233,-0.0716552734375,-0.72210693359375,0.68804931640625,0.0013427734375,1.1064516129032256,33.5288367546432,0.0,0.0
5.252770992985461,84.33719857901572,-0.08087158203125,-0.72357177734375,0.6854248046875,0.0084228515625,1.0870967741935482,32.94232649071358,0.0,0.0
5.26466156297829,84.33719857901572,-0.08087158203125,-0.72357177734375,0.6854248046875,0.0084228515625,1.0774193548387097,32.64907135874878,0.0,0.0
5.2881192690110765,84.19244147657872,-0.0888671875,-0.72418212890625,0.6837158203125,0.0140380859375,1.0741935483870966,32.55131964809384,0.009677419354838708,0.29325513196480935
5.304380115994718,84.19244147657872,-0.0888671875,-0.72418212890625,0.6837158203125,0.0140380859375,1.0612903225806452,32.16031280547409,0.0,0.0
5.324438038980588,84.19244147657872,-0.0888671875,-0.72418212890625,0.6837158203125,0.0140380859375,1.0548387096774192,31.964809384164223,0.0,0.0
5.349627317977138,84.16087164124016,-0.09674072265625,-0.724853515625,0.6817626953125,0.02081298828125,1.0354838709677419,31.378299120234605,0.0,0.0
5.364367127011064,84.16087164124016,-0.09674072265625,-0.724853515625,0.6817626953125,0.02081298828125,1.058064516129032,32.06256109481915,0.0,0.0
5.388718812959269,84.20671966732061,-0.10675048828125,-0.726318359375,0.6783447265625,0.03021240234375,1.0451612903225806,31.671554252199414,0.0,0.0
5.40441945096245,84.20671966732061,-0.10675048828125,-0.726318359375,0.6783447265625,0.03021240234375,1.0548387096774192,31.964809384164223,0.0,0.0
5.424495166982524,84.20671966732061,-0.10675048828125,-0.726318359375,0.6783447265625,0.03021240234375,1.1032258064516127,33.43108504398827,0.0,0.0
5.449410069966689,84.2811534347884,-0.11688232421875,-0.729248046875,0.67303466796875,0.03955078125,1.0548387096774192,31.964809384164223,0.0,0.0
5.464389086002484,84.2811534347884,-0.11688232421875,-0.729248046875,0.67303466796875,0.03955078125,1.0774193548387097,32.64907135874878,0.0,0.0
5.487394297961146,84.1189989140879,-0.12677001953125,-0.7310791015625,0.6688232421875,0.0458984375,1.0548387096774192,31.964809384164223,0.0,0.0
5.504875918966718,84.1189989140879,-0.12677001953125,-0.7310791015625,0.6688232421875,0.0458984375,1.0774193548387097,32.64907135874878,0.0,0.0
5.525528291997034,84.1189989140879,-0.12677001953125,-0.7310791015625,0.6688232421875,0.0458984375,1.0774193548387097,32.64907135874878,0.0032258064516129032,0.09775171065493646
5.550273077969905,84.00310246122963,-0.1351318359375,-0.73187255859375,0.6658935546875,0.05157470703125,1.058064516129032,32.06256109481915,0.0,0.0
5.564583400962874,84.00310246122963,-0.1351318359375,-0.73187255859375,0.6658935546875,0.05157470703125,1.0677419354838709,32.355816226783965,0.0,0.0
5.589657604985405,84.0902565808402,-0.1419677734375,-0.7315673828125,0.66424560546875,0.05853271484375,1.0548387096774192,31.964809384164223,0.0,0.0
5.60517183796037,84.0902565808402,-0.1419677734375,-0.7315673828125,0.66424560546875,0.05853271484375,1.0677419354838709,32.355816226783965,0.0,0.0
5.625429895007983,84.0902565808402,-0.1419677734375,-0.7315673828125,0.66424560546875,0.05853271484375,1.058064516129032,32.06256109481915,0.0,0.0
5.650468609004747,84.25402657930371,-0.14886474609375,-0.73138427734375,0.6622314453125,0.06634521484375,1.0612903225806452,32.16031280547409,0.0,0.0
5.664915192988701,84.25402657930371,-0.14886474609375,-0.73138427734375,0.6622314453125,0.06634521484375,1.0741935483870966,32.55131964809384,0.0,0.0
5.6899470599601045,84.40232957740345,-0.156005859375,-0.73193359375,0.65911865234375,0.0738525390625,1.0709677419354837,32.453567937438905,0.0,0.0
5.706981369992718,84.40232957740345,-0.156005859375,-0.73193359375,0.65911865234375,0.0738525390625,1.0419354838709676,31.57380254154447,0.0,0.0
5.725124515010975,84.40232957740345,-0.156005859375,-0.73193359375,0.65911865234375,0.0738525390625,1.0548387096774192,31.964809384164223,0.0,0.0
5.750538248976227,84.49827174756909,-0.1632080078125,-0.73309326171875,0.65533447265625,0.08050537109375,1.0741935483870966,32.55131964809384,0.009677419354838708,0.29325513196480935
5.765264296962414,84.49827174756909,-0.1632080078125,-0.73309326171875,0.65533447265625,0.08050537109375,1.0677419354838709,32.355816226783965,0.0,0.0
5.789856213959865,84.61504304611202,-0.17083740234375,-0.734130859375,0.65130615234375,0.087646484375,1.0935483870967742,33.137829912023456,0.0,0.0
5.80541319999611,84.61504304611202,-0.17083740234375,-0.734130859375,0.65130615234375,0.087646484375,1.064516129032258,32.25806451612903,0.029032258064516127,0.879765395894428
5.825740762986243,84.61504304611202,-0.17083740234375,-0.734130859375,0.65130615234375,0.087646484375,1.064516129032258,32.25806451612903,0.0,0.0
5.851463755010627,84.79300351849744,-0.17828369140625,-0.73431396484375,0.64794921875,0.09552001953125,1.0516129032258064,31.867057673509287,0.016129032258064516,0.4887585532746823
5.865541464008857,84.79300351849744,-0.17828369140625,-0.73431396484375,0.64794921875,0.09552001953125,1.0612903225806452,32.16031280547409,0.0,0.0
5.891427691967692,84.83857397884773,-0.18267822265625,-0.73370361328125,0.64678955078125,0.0997314453125,1.0548387096774192,31.964809384164223,0.0,0.0
5.905832898977678,84.83857397884773,-0.18267822265625,-0.73370361328125,0.64678955078125,0.0997314453125,1.0419354838709676,31.57380254154447,0.0,0.0
5.926053035014775,84.83857397884773,-0.18267822265625,-0.73370361328125,0.64678955078125,0.0997314453125,1.0548387096774192,31.964809384164223,0.0,0.0
5.951396013959311,84.77928252685456,-0.1876220703125,-0.7332763671875,0.6453857421875,0.10308837890625,1.0516129032258064,31.867057673509287,0.0,0.0
5.965884935983922,84.77928252685456,-0.1876220703125,-0.7332763671875,0.6453857421875,0.10308837890625,1.0483870967741935,31.76930596285435,0.0032258064516129032,0.09775171065493646
5.991567157965619,84.75378629270148,-0.19244384765625,-0.732666015625,0.64398193359375,0.10675048828125,1.0161290322580645,30.791788856304986,0.0,0.0
6.006123184983153,84.75378629270148,-0.19244384765625,-0.732666015625,0.64398193359375,0.10675048828125,1.0677419354838709,32.355816226783965,0.03225806451612903,0.9775171065493646
6.026065360987559,84.75378629270148,-0.19244384765625,-0.732666015625,0.64398193359375,0.10675048828125,1.0290322580645161,31.182795698924732,0.0064516129032258064,0.19550342130987292
6.051974822010379,84.68279497203238,-0.1964111328125,-0.73162841796875,0.6435546875,0.10943603515625,1.032258064516129,31.28054740957967,0.0,0.0
6.066828906012233,84.68279497203238,-0.1964111328125,-0.73162841796875,0.6435546875,0.10943603515625,1.032258064516129,31.28054740957967,0.0,0.0
6.091585404006764,84.64790122351617,-0.19952392578125,-0.730712890625,0.64324951171875,0.11181640625,1.0354838709677419,31.378299120234605,0.0,0.0
6.105874606990255,84.64790122351617,-0.19952392578125,-0.730712890625,0.64324951171875,0.11181640625,1.0354838709677419,31.378299120234605,0.0,0.0
6.126421344990376,84.64790122351617,-0.19952392578125,-0.730712890625,0.64324951171875,0.11181640625,1.0225806451612902,30.98729227761486,0.0032258064516129032,0.09775171065493646
6.1520812310045585,84.55849472326699,-0.20330810546875,-0.72979736328125,0.6427001953125,0.11407470703125,1.032258064516129,31.28054740957967,0.06451612903225806,1.9550342130987293
6.166542118997313,84.55849472326699,-0.20330810546875,-0.72979736328125,0.6427001953125,0.11407470703125,1.032258064516129,31.28054740957967,0.016129032258064516,0.4887585532746823
6.192052239959594,84.45150717029252,-0.20635986328125,-0.7294921875,0.641845703125,0.11529541015625,1.0354838709677419,31.378299120234605,0.0,0.0
6.206523016968276,84.45150717029252,-0.20635986328125,-0.7294921875,0.641845703125,0.11529541015625,1.0419354838709676,31.57380254154447,0.0,0.0
6.22693615098251,84.45150717029252,-0.20635986328125,-0.7294921875,0.641845703125,0.11529541015625,1.032258064516129,31.28054740957967,0.0,0.0
6.253027664963156,84.39922838905441,-0.208740234375,-0.7288818359375,0.6414794921875,0.11676025390625,1.0419354838709676,31.57380254154447,0.0032258064516129032,0.09775171065493646
6.266829493979458,84.39922838905441,-0.208740234375,-0.7288818359375,0.6414794921875,0.11676025390625,1.0483870967741935,31.76930596285435,0.0,0.0
6.2922828769660555,84.54922829593977,-0.20928955078125,-0.72711181640625,0.64276123046875,0.11968994140625,1.0387096774193547,31.47605083088954,0.009677419354838708,0.29325513196480935
6.306793719006237,84.54922829593977,-0.20928955078125,-0.72711181640625,0.64276123046875,0.11968994140625,1.0354838709677419,31.378299120234605,0.02258064516129032,0.6842619745845552
6.326617459009867,84.54922829593977,-0.20928955078125,-0.72711181640625,0.64276123046875,0.11968994140625,1.064516129032258,32.25806451612903,0.06774193548387096,2.0527859237536656
6.352338369993959,84.7003148435874,-0.209716796875,-0.725341796875,0.64410400390625,0.12255859375,1.0548387096774192,31.964809384164223,0.0032258064516129032,0.09775171065493646
6.367368459992576,84.7003148435874,-0.209716796875,-0.725341796875,0.64410400390625,0.12255859375,1.0451612903225806,31.671554252199414,0.0,0.0
6.392695790971629,84.72108509768248,-0.2109375,-0.72418212890625,0.64471435546875,0.124267578125,1.0516129032258064,31.867057673509287,0.07741935483870967,2.3460410557184748
6.407140807015821,84.72108509768248,-0.2109375,-0.72418212890625,0.64471435546875,0.124267578125,1.0129032258064516,30.69403714565005,0.0,0.0
6.428035010991152,84.72108509768248,-0.2109375,-0.72418212890625,0.64471435546875,0.124267578125,1.0193548387096774,30.889540566959923,0.0,0.0
6.452674289990682,84.66384602548315,-0.21282958984375,-0.72320556640625,0.6448974609375,0.12548828125,1.0161290322580645,30.791788856304986,0.058064516129032254,1.759530791788856
6.467898241011426,84.66384602548315,-0.21282958984375,-0.72320556640625,0.6448974609375,0.12548828125,1.0161290322580645,30.791788856304986,0.0,0.0
6.492973980959505,84.55381114080741,-0.21453857421875,-0.7222900390625,0.64532470703125,0.1259765625,1.0193548387096774,30.889540566959923,0.0,0.0
6.50734069099417,84.55381114080741,-0.21453857421875,-0.7222900390625,0.64532470703125,0.1259765625,1.0193548387096774,30.889540566959923,0.0,0.0
6.527542425959837,84.55381114080741,-0.21453857421875,-0.7222900390625,0.64532470703125,0.1259765625,1.0032258064516129,30.40078201368524,0.0,0.0
6.551870302995667,84.46066660905609,-0.2158203125,-0.7215576171875,0.6456298828125,0.126220703125,0.9387096774193548,28.445747800586513,0.0,0.0
6.568152238964103,84.46066660905609,-0.2158203125,-0.7215576171875,0.6456298828125,0.126220703125,0.9290322580645161,28.152492668621697,0.0032258064516129032,0.09775171065493646
6.593180713010952,84.37445003139722,-0.21630859375,-0.72119140625,0.64599609375,0.12579345703125,0.9290322580645161,28.152492668621697,0.0,0.0
6.60835723899072,84.37445003139722,-0.21630859375,-0.72119140625,0.64599609375,0.12579345703125,0.9387096774193548,28.445747800586513,0.025806451612903226,0.7820136852394917
6.627831432968378,84.37445003139722,-0.21630859375,-0.72119140625,0.64599609375,0.12579345703125,0.996774193548387,30.205278592375368,0.03225806451612903,0.9775171065493646
6.652535896981135,84.2367131628951,-0.21697998046875,-0.72076416015625,0.64642333984375,0.12493896484375,1.0161290322580645,30.791788856304986,0.029032258064516127,0.879765395894428
6.667947853973601,84.2367131628951,-0.21697998046875,-0.72076416015625,0.64642333984375,0.12493896484375,1.0193548387096774,30.889540566959923,0.029032258064516127,0.879765395894428
6.693049130961299,84.07274540262442,-0.2177734375,-0.72076416015625,0.6463623046875,0.1236572265625,1.0290322580645161,31.182795698924732,0.04193548387096774,1.270772238514174
6.708377533999737,84.07274540262442,-0.2177734375,-0.72076416015625,0.6463623046875,0.1236572265625,1.0387096774193547,31.47605083088954,0.04838709677419355,1.466275659824047
6.728478242002893,84.07274540262442,-0.2177734375,-0.72076416015625,0.6463623046875,0.1236572265625,1.0290322580645161,31.182795698924732,0.05161290322580645,1.5640273704789833
6.753106224001385,83.94224629635136,-0.21820068359375,-0.72113037109375,0.64605712890625,0.122314453125,1.0419354838709676,31.57380254154447,0.05161290322580645,1.5640273704789833
6.767890897986945,83.94224629635136,-0.21820068359375,-0.72113037109375,0.64605712890625,0.122314453125,1.0451612903225806,31.671554252199414,0.05161290322580645,1.5640273704789833
6.793844104977325,83.93926233548335,-0.21746826171875,-0.72119140625,0.6463623046875,0.1217041015625,1.0483870967741935,31.76930596285435,0.05483870967741935,1.6617790811339197
6.808348482998554,83.93926233548335,-0.21746826171875,-0.72119140625,0.6463623046875,0.1217041015625,1.0483870967741935,31.76930596285435,0.04516129032258064,1.3685239491691104
6.828321410983335,83.93926233548335,-0.21746826171875,-0.72119140625,0.6463623046875,0.1217041015625,1.0483870967741935,31.76930596285435,0.035483870967741936,1.0752688172043012
6.853194455965422,83.962613288837,-0.21636962890625,-0.721435546875,0.6466064453125,0.12103271484375,1.0612903225806452,32.16031280547409,0.04193548387096774,1.270772238514174
6.868530731007922,83.962613288837,-0.21636962890625,-0.721435546875,0.6466064453125,0.12103271484375,1.0451612903225806,31.671554252199414,0.07096774193548387,2.1505376344086025
6.8931811460061,84.02162195465817,-0.21514892578125,-0.7218017578125,0.64666748046875,0.12060546875,1.0516129032258064,31.867057673509287,0.06774193548387096,2.0527859237536656
6.90914540796075,84.02162195465817,-0.21514892578125,-0.7218017578125,0.64666748046875,0.12060546875,1.0419354838709676,31.57380254154447,0.06451612903225806,1.9550342130987293
6.929377385007683,84.02162195465817,-0.21514892578125,-0.7218017578125,0.64666748046875,0.12060546875,1.0516129032258064,31.867057673509287,0.06129032258064516,1.857282502443793
6.953464069985785,84.09403195632268,-0.21380615234375,-0.721923828125,0.64703369140625,0.120361328125,1.0516129032258064,31.867057673509287,0.06451612903225806,1.9550342130987293
6.969457613013219,84.09403195632268,-0.21380615234375,-0.721923828125,0.64703369140625,0.120361328125,1.0516129032258064,31.867057673509287,0.07096774193548387,2.1505376344086025
6.9929866819875315,84.1418873471685,-0.212646484375,-0.72198486328125,0.64739990234375,0.1199951171875,1.0612903225806452,32.16031280547409,0.0,0.0
7.009181895002257,84.1418873471685,-0.212646484375,-0.72198486328125,0.64739990234375,0.1199951171875,1.0548387096774192,31.964809384164223,0.0,0.0
7.028889598965179,84.1418873471685,-0.212646484375,-0.72198486328125,0.64739990234375,0.1199951171875,1.0677419354838709,32.355816226783965,0.07096774193548387,2.1505376344086025
7.053766644967254,84.17988575806771,-0.21185302734375,-0.7222900390625,0.64739990234375,0.11968994140625,1.0709677419354837,32.453567937438905,0.06774193548387096,2.0527859237536656
7.069256940972991,84.17988575806771,-0.21185302734375,-0.7222900390625,0.64739990234375,0.11968994140625,1.0774193548387097,32.64907135874878,0.07419354838709677,2.248289345063539
7.094122370006517,84.16199119670324,-0.21142578125,-0.72247314453125,0.6474609375,0.11907958984375,1.090322580645161,33.040078201368516,0.08387096774193548,2.541544477028348
7.109201421961188,84.16199119670324,-0.21142578125,-0.72247314453125,0.6474609375,0.11907958984375,1.0677419354838709,32.355816226783965,0.09032258064516129,2.7370478983382207
7.129444981983397,84.16199119670324,-0.21142578125,-0.72247314453125,0.6474609375,0.11907958984375,1.0806451612903225,32.74682306940371,0.07419354838709677,2.248289345063539
7.154764600971248,84.1162240524846,-0.21142578125,-0.7227783203125,0.647216796875,0.118408203125,1.0741935483870966,32.55131964809384,0.08387096774193548,2.541544477028348
7.169238225964364,84.1162240524846,-0.21142578125,-0.7227783203125,0.647216796875,0.118408203125,1.064516129032258,32.25806451612903,0.08709677419354839,2.6392961876832843
7.194158633006737,84.06854541835074,-0.21142578125,-0.722900390625,0.64715576171875,0.1177978515625,1.0677419354838709,32.355816226783965,0.07741935483870967,2.3460410557184748
7.208957291964907,84.06854541835074,-0.21142578125,-0.722900390625,0.64715576171875,0.1177978515625,1.0419354838709676,31.57380254154447,0.08709677419354839,2.6392961876832843
7.229864552966319,84.06854541835074,-0.21142578125,-0.722900390625,0.64715576171875,0.1177978515625,1.0677419354838709,32.355816226783965,0.09032258064516129,2.7370478983382207
7.254336209967732,84.02842979042535,-0.21136474609375,-0.7227783203125,0.6474609375,0.11737060546875,1.0677419354838709,32.355816226783965,0.09354838709677418,2.834799608993157
7.2696800690027885,84.02842979042535,-0.21136474609375,-0.7227783203125,0.6474609375,0.11737060546875,1.058064516129032,32.06256109481915,0.09354838709677418,2.834799608993157
7.294384981971234,83.99892383477557,-0.211181640625,-0.72265625,0.647705078125,0.116943359375,1.058064516129032,32.06256109481915,0.13870967741935483,4.203323558162268
7.3099897769861855,83.99892383477557,-0.211181640625,-0.72265625,0.647705078125,0.116943359375,1.0516129032258064,31.867057673509287,0.09032258064516129,2.7370478983382207
7.331059090967756,83.99892383477557,-0.211181640625,-0.72265625,0.647705078125,0.116943359375,1.0612903225806452,32.16031280547409,0.132258064516129,4.007820136852394
7.355135119985789,83.95630473299079,-0.211181640625,-0.7227783203125,0.64764404296875,0.11639404296875,1.0677419354838709,32.355816226783965,0.13870967741935483,4.203323558162268
7.369852303992957,83.95630473299079,-0.211181640625,-0.7227783203125,0.64764404296875,0.11639404296875,1.0677419354838709,32.355816226783965,0.14516129032258066,4.398826979472141
7.395017966977321,83.90941108515104,-0.21075439453125,-0.72344970703125,0.64727783203125,0.115234375,1.058064516129032,32.06256109481915,0.05161290322580645,1.5640273704789833
7.40986542700557,83.90941108515104,-0.21075439453125,-0.72344970703125,0.64727783203125,0.115234375,1.0709677419354837,32.453567937438905,0.07096774193548387,2.1505376344086025
7.430691373010632,83.90941108515104,-0.21075439453125,-0.72344970703125,0.64727783203125,0.115234375,1.0612903225806452,32.16031280547409,0.029032258064516127,0.879765395894428
7.455487711995374,83.89266558283109,-0.20880126953125,-0.72442626953125,0.64715576171875,0.11309814453125,1.0419354838709676,31.57380254154447,0.009677419354838708,0.29325513196480935
7.471388420963194,83.89266558283109,-0.20880126953125,-0.72442626953125,0.64715576171875,0.11309814453125,0.9774193548387097,29.61876832844575,0.03225806451612903,0.9775171065493646
7.49428738997085,83.81413910449099,-0.205322265625,-0.72479248046875,0.64849853515625,0.109375,0.9322580645161289,28.250244379276634,0.0,0.0
7.510821942007169,83.81413910449099,-0.205322265625,-0.72479248046875,0.64849853515625,0.109375,0.9516129032258065,28.83675464320626,0.019354838709677417,0.5865102639296187
7.530254372977652,83.81413910449099,-0.205322265625,-0.72479248046875,0.64849853515625,0.109375,0.9580645161290322,29.03225806451613,0.02258064516129032,0.6842619745845552
7.5558787059853785,83.60541283013808,-0.2012939453125,-0.723388671875,0.65216064453125,0.1044921875,1.0290322580645161,31.182795698924732,0.0064516129032258064,0.19550342130987292
7.57097842998337,83.60541283013808,-0.2012939453125,-0.723388671875,0.65216064453125,0.1044921875,1.1161290322580644,33.822091886608014,0.0,0.0
7.5958225459908135,83.44205988478105,-0.19720458984375,-0.72216796875,0.65545654296875,0.09991455078125,1.1290322580645162,34.21309872922777,0.06129032258064516,1.857282502443793
7.610472400963772,83.44205988478105,-0.19720458984375,-0.72216796875,0.65545654296875,0.09991455078125,1.1258064516129034,34.115347018572834,0.09032258064516129,2.7370478983382207
7.631138149998151,83.44205988478105,-0.19720458984375,-0.72216796875,0.65545654296875,0.09991455078125,1.1903225806451614,36.07038123167156,0.009677419354838708,0.29325513196480935
7.65568315400742,83.38543057417964,-0.19281005859375,-0.722900390625,0.6566162109375,0.095458984375,1.1903225806451614,36.07038123167156,0.0,0.0
7.671055173967034,83.38543057417964,-0.19281005859375,-0.722900390625,0.6566162109375,0.095458984375,1.196774193548387,36.26588465298143,0.0,0.0
7.696537550014909,83.3833222287696,-0.18682861328125,-0.72503662109375,0.65679931640625,0.08978271484375,1.2096774193548387,36.65689149560117,0.13870967741935483,4.203323558162268
7.711011238978244,83.3833222287696,-0.18682861328125,-0.72503662109375,0.65679931640625,0.08978271484375,1.1903225806451614,36.07038123167156,0.14838709677419354,4.496578690127078
7.731005415960681,83.3833222287696,-0.18682861328125,-0.72503662109375,0.65679931640625,0.08978271484375,1.2225806451612904,37.047898338220925,0.2290322580645161,6.940371456500488
7.756036130012944,83.35903864871425,-0.17510986328125,-0.724853515625,0.66143798828125,0.08001708984375,1.1870967741935483,35.97262952101662,0.27096774193548384,8.211143695014663
7.771099980978761,83.35903864871425,-0.17510986328125,-0.724853515625,0.66143798828125,0.08001708984375,1.1935483870967742,36.168132942326494,0.2838709677419355,8.60215053763441
7.796251722960733,83.32811483320619,-0.15802001953125,-0.72283935546875,0.66943359375,0.06597900390625,1.1548387096774193,34.99511241446726,0.11935483870967742,3.6168132942326494
7.811342325992882,83.32811483320619,-0.15802001953125,-0.72283935546875,0.66943359375,0.06597900390625,1.1774193548387097,35.67937438905181,0.15483870967741933,4.6920821114369495
7.832888678996824,83.32811483320619,-0.15802001953125,-0.72283935546875,0.66943359375,0.06597900390625,1.1774193548387097,35.67937438905181,0.13548387096774192,4.105571847507331
7.8561529709841125,83.41408186558323,-0.1383056640625,-0.72076416015625,0.6773681640625,0.0504150390625,1.1709677419354838,35.483870967741936,0.2806451612903225,8.50439882697947
7.872164722997695,83.41408186558323,-0.1383056640625,-0.72076416015625,0.6773681640625,0.0504150390625,1.1806451612903226,35.77712609970675,0.2935483870967742,8.895405669599219
7.895429654978216,83.451299174071,-0.119384765625,-0.71783447265625,0.68499755859375,0.03448486328125,1.1774193548387097,35.67937438905181,0.3290322580645161,9.970674486803519
7.911832938960288,83.451299174071,-0.119384765625,-0.71783447265625,0.68499755859375,0.03448486328125,1.1806451612903226,35.77712609970675,0.2870967741935484,8.699902248289346
7.931566020008177,83.451299174071,-0.119384765625,-0.71783447265625,0.68499755859375,0.03448486328125,1.2032258064516128,36.4613880742913,0.11290322580645161,3.4213098729227767
7.956287220993545,83.54613448817553,-0.1044921875,-0.7171630859375,0.68865966796875,0.02197265625,1.232258064516129,37.34115347018573,0.12580645161290321,3.812316715542522
7.971961522009224,83.54613448817553,-0.1044921875,-0.7171630859375,0.68865966796875,0.02197265625,1.2451612903225806,37.732160312805476,0.2806451612903225,8.50439882697947
7.996265174995642,83.72950958962655,-0.0904541015625,-0.71722412109375,0.69085693359375,0.010986328125,1.2548387096774192,38.025415444770275,0.25483870967741934,7.722385141739981
8.011892306967638,83.72950958962655,-0.0904541015625,-0.71722412109375,0.69085693359375,0.010986328125,1.2548387096774192,38.025415444770275,0.14193548387096774,4.301075268817205
8.0318437939859,83.72950958962655,-0.0904541015625,-0.71722412109375,0.69085693359375,0.010986328125,1.2548387096774192,38.025415444770275,0.19677419354838707,5.962854349951123
8.057381275983062,83.791244128411,0.07574462890625,0.71453857421875,-0.69549560546875,0.001953125,1.264516129032258,38.318670576735094,0.2129032258064516,6.451612903225806
8.071901526011061,83.791244128411,0.07574462890625,0.71453857421875,-0.69549560546875,0.001953125,1.2870967741935482,39.00293255131964,0.2161290322580645,6.549364613880742
8.097423359984532,83.83765266717478,0.0614013671875,0.7110595703125,-0.70025634765625,0.0150146484375,1.2806451612903225,38.80742913000977,0.23548387096774193,7.1358748778103624
8.11225101101445,83.83765266717478,0.0614013671875,0.7110595703125,-0.70025634765625,0.0150146484375,1.2903225806451613,39.100684261974585,0.24193548387096775,7.331378299120235
8.132463498972356,83.83765266717478,0.0614013671875,0.7110595703125,-0.70025634765625,0.0150146484375,1.2774193548387096,38.70967741935484,0.0,0.0
8.15700475795893,83.99571826787887,0.0467529296875,0.70697021484375,-0.7052001953125,0.02734375,1.293548387096774,39.19843597262952,0.0,0.0
8.17214163497556,83.99571826787887,0.0467529296875,0.70697021484375,-0.7052001953125,0.02734375,1.296774193548387,39.29618768328446,0.016129032258064516,0.4887585532746823
8.195190592959989,83.9373099378289,0.0341796875,0.70184326171875,-0.7103271484375,0.0406494140625,1.261290322580645,38.220918866080154,0.05483870967741935,1.6617790811339197
8.212315018987283,83.9373099378289,0.0341796875,0.70184326171875,-0.7103271484375,0.0406494140625,1.2774193548387096,38.70967741935484,0.0,0.0
8.233350506983697,83.9373099378289,0.0341796875,0.70184326171875,-0.7103271484375,0.0406494140625,1.261290322580645,38.220918866080154,0.016129032258064516,0.4887585532746823
8.257634190958925,83.85879131298759,0.02325439453125,0.69793701171875,-0.71380615234375,0.0528564453125,1.2774193548387096,38.70967741935484,0.019354838709677417,0.5865102639296187
8.272677208995447,83.85879131298759,0.02325439453125,0.69793701171875,-0.71380615234375,0.0528564453125,1.2483870967741935,37.82991202346041,0.0,0.0
8.297417483001482,83.62188315921718,0.01458740234375,0.6943359375,-0.71661376953125,0.06494140625,1.2741935483870968,38.6119257086999,0.24516129032258063,7.429130009775172
8.312570584006608,83.62188315921718,0.01458740234375,0.6943359375,-0.71661376953125,0.06494140625,1.2225806451612904,37.047898338220925,0.24516129032258063,7.429130009775172
8.332976293982938,83.62188315921718,0.01458740234375,0.6943359375,-0.71661376953125,0.06494140625,1.2258064516129032,37.14565004887586,0.24838709677419354,7.526881720430108
8.357773272960912,83.34484183698365,0.00665283203125,0.69134521484375,-0.7183837890625,0.076904296875,1.232258064516129,37.34115347018573,0.012903225806451613,0.39100684261974583
8.37309617199935,83.34484183698365,0.00665283203125,0.69134521484375,-0.7183837890625,0.076904296875,1.2419354838709677,37.634408602150536,0.0,0.0
8.397536179982126,83.05191033050168,-0.00164794921875,0.6873779296875,-0.720703125,0.0897216796875,1.2354838709677418,37.43890518084066,0.0,0.0
8.41357951698592,83.05191033050168,-0.00164794921875,0.6873779296875,-0.720703125,0.0897216796875,1.264516129032258,38.318670576735094,0.0,0.0
8.433094062958844,83.05191033050168,-0.00164794921875,0.6873779296875,-0.720703125,0.0897216796875,1.2999999999999998,39.39393939393939,0.08387096774193548,2.541544477028348
8.458146889985073,82.8582061711922,-0.01031494140625,0.68304443359375,-0.72314453125,0.1019287109375,1.2806451612903225,38.80742913000977,0.0,0.0
8.473122513969429,82.8582061711922,-0.01031494140625,0.68304443359375,-0.72314453125,0.1019287109375,1.261290322580645,38.220918866080154,0.0,0.0
8.49606174096698,82.69789979639872,-0.02032470703125,0.67864990234375,-0.72503662109375,0.1153564453125,1.2838709677419353,38.90518084066471,0.0967741935483871,2.932551319648094
8.51327506499365,82.69789979639872,-0.02032470703125,0.67864990234375,-0.72503662109375,0.1153564453125,1.2774193548387096,38.70967741935484,0.09354838709677418,2.834799608993157
8.533637540997006,82.69789979639872,-0.02032470703125,0.67864990234375,-0.72503662109375,0.1153564453125,1.264516129032258,38.318670576735094,0.02258064516129032,0.6842619745845552
8.558236465964,82.51186978796781,-0.02984619140625,0.674072265625,-0.72674560546875,0.12884521484375,1.2774193548387096,38.70967741935484,0.035483870967741936,1.0752688172043012
8.573656040010974,82.51186978796781,-0.02984619140625,0.674072265625,-0.72674560546875,0.12884521484375,1.3032258064516127,39.491691104594324,0.04516129032258064,1.3685239491691104
8.598399385984521,82.39821496110308,-0.039306640625,0.66998291015625,-0.72772216796875,0.14141845703125,1.3193548387096772,39.980449657869,0.0967741935483871,2.932551319648094
8.613724844006356,82.39821496110308,-0.039306640625,0.66998291015625,-0.72772216796875,0.14141845703125,1.3258064516129031,40.17595307917888,0.18387096774193548,5.571847507331378
8.633726605970878,82.39821496110308,-0.039306640625,0.66998291015625,-0.72772216796875,0.14141845703125,1.3387096774193548,40.56695992179863,0.0,0.0
8.658346586977132,82.29035294171996,-0.0477294921875,0.666748046875,-0.7279052734375,0.1527099609375,1.3354838709677417,40.46920821114369,0.0,0.0
8.674010487971827,82.29035294171996,-0.0477294921875,0.666748046875,-0.7279052734375,0.1527099609375,1.3258064516129031,40.17595307917888,0.0,0.0
8.69864451896865,82.16124579302898,-0.0550537109375,0.66363525390625,-0.72796630859375,0.16314697265625,1.3161290322580643,39.882697947214076,0.11935483870967742,3.6168132942326494
8.733705363003537,82.16124579302898,-0.0550537109375,0.66363525390625,-0.72796630859375,0.16314697265625,1.3193548387096772,39.980449657869,0.11935483870967742,3.6168132942326494
8.73437959101284,82.16124579302898,-0.0550537109375,0.66363525390625,-0.72796630859375,0.16314697265625,1.3258064516129031,40.17595307917888,0.12580645161290321,3.812316715542522
8.758738189004362,82.07006958285133,-0.061279296875,0.660888671875,-0.72796630859375,0.171875,1.3225806451612903,40.07820136852395,0.12903225806451613,3.9100684261974585
8.774806166009512,82.07006958285133,-0.061279296875,0.660888671875,-0.72796630859375,0.171875,1.3161290322580643,39.882697947214076,0.16451612903225804,4.9853372434017595
8.799066264997236,81.97372228922019,-0.067626953125,0.65814208984375,-0.7276611328125,0.18084716796875,1.3419354838709676,40.66471163245357,0.2903225806451613,8.797653958944283
8.81612656096695,81.97372228922019,-0.067626953125,0.65814208984375,-0.7276611328125,0.18084716796875,1.2999999999999998,39.39393939393939,0.3032258064516129,9.188660801564028
8.834482799982652,81.97372228922019,-0.067626953125,0.65814208984375,-0.7276611328125,0.18084716796875,1.2709677419354837,38.51417399804496,0.3032258064516129,9.188660801564028
8.859158782986924,81.89377411717237,-0.0740966796875,0.654541015625,-0.72796630859375,0.19012451171875,1.3645161290322578,41.34897360703812,0.3193548387096774,9.67741935483871
8.875123429985251,81.89377411717237,-0.0740966796875,0.654541015625,-0.72796630859375,0.19012451171875,1.3806451612903226,41.837732160312804,0.30967741935483867,9.384164222873899
8.898962108010892,81.82284055018317,-0.079833984375,0.64996337890625,-0.7291259765625,0.198974609375,1.4419354838709677,43.6950146627566,0.4290322580645161,13.000977517106548
8.914889920968562,81.82284055018317,-0.079833984375,0.64996337890625,-0.7291259765625,0.198974609375,1.4193548387096775,43.01075268817205,0.432258064516129,13.098729227761485
8.93591113697039,81.82284055018317,-0.079833984375,0.64996337890625,-0.7291259765625,0.198974609375,1.4064516129032258,42.619745845552295,0.39032258064516123,11.82795698924731
8.960799990978558,81.73456239347247,-0.08465576171875,0.6458740234375,-0.72998046875,0.20697021484375,1.4387096774193548,43.59726295210166,0.24838709677419354,7.526881720430108
8.97505543299485,81.73456239347247,-0.08465576171875,0.6458740234375,-0.72998046875,0.20697021484375,1.4193548387096775,43.01075268817205,0.36774193548387096,11.143695014662756
8.999610196973663,81.56496501125679,-0.08795166015625,0.64385986328125,-0.7294921875,0.21356201171875,1.403225806451613,42.52199413489737,0.3,9.090909090909092
9.015168718993664,81.56496501125679,-0.08795166015625,0.64385986328125,-0.7294921875,0.21356201171875,1.3838709677419354,41.935483870967744,0.25806451612903225,7.820136852394917
9.037005607970059,81.56496501125679,-0.08795166015625,0.64385986328125,-0.7294921875,0.21356201171875,1.3387096774193548,40.56695992179863,0.3354838709677419,10.166177908113392
9.059728380001616,81.35143077270172,-0.09014892578125,0.64324951171875,-0.7281494140625,0.21893310546875,1.3548387096774193,41.05571847507331,0.432258064516129,13.098729227761485
9.07590692100348,81.35143077270172,-0.09014892578125,0.64324951171875,-0.7281494140625,0.21893310546875,1.3387096774193548,40.56695992179863,0.4129032258064516,12.512218963831867
9.100053575995844,81.17665090988629,-0.09259033203125,0.64208984375,-0.7271728515625,0.22430419921875,1.3419354838709676,40.66471163245357,0.4387096774193548,13.294232649071358
9.119910501001868,81.17665090988629,-0.09259033203125,0.64208984375,-0.7271728515625,0.22430419921875,1.3516129032258062,40.957966764418366,0.4129032258064516,12.512218963831867
9.141706429014448,81.17665090988629,-0.09259033203125,0.64208984375,-0.7271728515625,0.22430419921875,1.3516129032258062,40.957966764418366,0.4451612903225806,13.48973607038123
9.15910484699998,81.02618415088703,-0.0953369140625,0.64007568359375,-0.726806640625,0.2301025390625,1.4225806451612903,43.10850439882698,0.4387096774193548,13.294232649071358
9.175718472979497,81.02618415088703,-0.0953369140625,0.64007568359375,-0.726806640625,0.2301025390625,1.4064516129032258,42.619745845552295,0.4129032258064516,12.512218963831867
9.199209171987604,80.92778398545069,-0.0986328125,0.637939453125,-0.7264404296875,0.23590087890625,1.432258064516129,43.401759530791786,0.35161290322580646,10.654936461388074
9.215832173998933,80.92778398545069,-0.0986328125,0.637939453125,-0.7264404296875,0.23590087890625,1.435483870967742,43.49951124144673,0.2903225806451613,8.797653958944283
9.23590884997975,80.92778398545069,-0.0986328125,0.637939453125,-0.7264404296875,0.23590087890625,1.435483870967742,43.49951124144673,0.41935483870967744,12.70772238514174
9.259764936985448,80.8429110161709,-0.10113525390625,0.6363525390625,-0.7259521484375,0.24041748046875,1.4516129032258065,43.98826979472141,0.3225806451612903,9.775171065493646
9.276087130012456,80.8429110161709,-0.10113525390625,0.6363525390625,-0.7259521484375,0.24041748046875,1.429032258064516,43.30400782013685,0.36774193548387096,11.143695014662756
9.29943238501437,80.68659764860527,-0.1021728515625,0.63525390625,-0.7255859375,0.24407958984375,1.429032258064516,43.30400782013685,0.34838709677419355,10.557184750733137
9.316557193989865,80.68659764860527,-0.1021728515625,0.63525390625,-0.7255859375,0.24407958984375,1.4419354838709677,43.6950146627566,0.39999999999999997,12.121212121212121
9.336388933996204,80.68659764860527,-0.1021728515625,0.63525390625,-0.7255859375,0.24407958984375,1.4258064516129032,43.20625610948191,0.32580645161290317,9.872922776148581
9.359664331015665,80.54442450136541,-0.10235595703125,0.6351318359375,-0.72491455078125,0.24615478515625,1.403225806451613,42.52199413489737,0.4064516129032258,12.316715542521994
9.376493068004493,80.54442450136541,-0.10235595703125,0.6351318359375,-0.72491455078125,0.24615478515625,1.4129032258064516,42.81524926686217,0.2870967741935484,8.699902248289346
9.39979278499959,80.40838495941003,-0.1021728515625,0.63531494140625,-0.72430419921875,0.24761962890625,1.3419354838709676,40.66471163245357,0.34838709677419355,10.557184750733137
9.416728596959729,80.40838495941003,-0.1021728515625,0.63531494140625,-0.72430419921875,0.24761962890625,1.3677419354838707,41.44672531769305,0.26774193548387093,8.113391984359726
9.436785719997715,80.40838495941003,-0.1021728515625,0.63531494140625,-0.72430419921875,0.24761962890625,1.3451612903225805,40.7624633431085,0.332258064516129,10.068426197458455
9.460254531004466,80.3541151522296,-0.10235595703125,0.635498046875,-0.72381591796875,0.2484130859375,1.3677419354838707,41.44672531769305,0.32580645161290317,9.872922776148581
9.476941406959668,80.3541151522296,-0.10235595703125,0.635498046875,-0.72381591796875,0.2484130859375,1.3903225806451613,42.13098729227762,0.2967741935483871,8.993157380254155
9.500581774977036,80.29905143467889,-0.10211181640625,0.63568115234375,-0.7236328125,0.248779296875,1.3838709677419354,41.935483870967744,0.25483870967741934,7.722385141739981
9.517102949961554,80.29905143467889,-0.10211181640625,0.63568115234375,-0.7236328125,0.248779296875,1.3838709677419354,41.935483870967744,0.20967741935483872,6.35386119257087
9.537173865013756,80.29905143467889,-0.10211181640625,0.63568115234375,-0.7236328125,0.248779296875,1.3645161290322578,41.34897360703812,0.19032258064516128,5.7673509286412505
9.560332747001667,80.27592245482403,-0.101806640625,0.635986328125,-0.72344970703125,0.24859619140625,1.4096774193548387,42.717497556207235,0.19999999999999998,6.0606060606060606
9.577264397987165,80.27592245482403,-0.101806640625,0.635986328125,-0.72344970703125,0.24859619140625,1.4548387096774194,44.086021505376344,0.22580645161290322,6.842619745845553
9.600295851996634,80.257093788562,-0.101318359375,0.63604736328125,-0.72357177734375,0.248291015625,1.467741935483871,44.4770283479961,0.18064516129032257,5.474095796676441
9.617397941008676,80.257093788562,-0.101318359375,0.63604736328125,-0.72357177734375,0.248291015625,1.4903225806451612,45.16129032258064,0.19032258064516128,5.7673509286412505
9.637484280974604,80.257093788562,-0.101318359375,0.63604736328125,-0.72357177734375,0.248291015625,1.4903225806451612,45.16129032258064,0.19999999999999998,6.0606060606060606
9.660486005013809,80.01608830463802,-0.09912109375,0.636962890625,-0.72296142578125,0.24859619140625,1.467741935483871,44.4770283479961,0.2064516129032258,6.256109481915933
9.677615999011323,80.01608830463802,-0.09912109375,0.636962890625,-0.72296142578125,0.24859619140625,1.493548387096774,45.25904203323558,0.18064516129032257,5.474095796676441
9.70118650898803,79.73604462180687,-0.09625244140625,0.6380615234375,-0.72235107421875,0.24859619140625,1.5032258064516129,45.552297165200386,0.2032258064516129,6.158357771260997
9.71778186201118,79.73604462180687,-0.09625244140625,0.6380615234375,-0.72235107421875,0.24859619140625,1.5032258064516129,45.552297165200386,0.14193548387096774,4.301075268817205
9.73783271299908,79.73604462180687,-0.09625244140625,0.6380615234375,-0.72235107421875,0.24859619140625,1.5064516129032257,45.650048875855326,0.14516129032258066,4.398826979472141
9.760904135997407,79.55382954800201,-0.09368896484375,0.6397705078125,-0.72161865234375,0.24737548828125,1.4838709677419355,44.965786901270775,0.09354838709677418,2.834799608993157
9.777961006970145,79.55382954800201,-0.09368896484375,0.6397705078125,-0.72161865234375,0.24737548828125,1.5032258064516129,45.552297165200386,0.18709677419354837,5.669599217986314
9.80115268897498,79.4849058189028,-0.0911865234375,0.64178466796875,-0.7210693359375,0.24462890625,1.496774193548387,45.35679374389051,0.04838709677419355,1.466275659824047
9.818099476979114,79.4849058189028,-0.0911865234375,0.64178466796875,-0.7210693359375,0.24462890625,1.5,45.45454545454546,0.012903225806451613,0.39100684261974583
9.838158583967015,79.4849058189028,-0.0911865234375,0.64178466796875,-0.7210693359375,0.24462890625,1.432258064516129,43.401759530791786,0.0,0.0
9.861991662008222,79.58174884636341,-0.08880615234375,0.64300537109375,-0.72174072265625,0.24029541015625,1.432258064516129,43.401759530791786,0.0,0.0
9.878291166969575,79.58174884636341,-0.08880615234375,0.64300537109375,-0.72174072265625,0.24029541015625,1.4096774193548387,42.717497556207235,0.0,0.0
9.902112659998238,79.73183124406754,-0.08575439453125,0.64373779296875,-0.7232666015625,0.23480224609375,1.3870967741935485,42.033235581622684,0.0,0.0
9.918517255980987,79.73183124406754,-0.08575439453125,0.64373779296875,-0.7232666015625,0.23480224609375,1.4161290322580644,42.91300097751711,0.0,0.0
9.938578795001376,79.73183124406754,-0.08575439453125,0.64373779296875,-0.7232666015625,0.23480224609375,1.3645161290322578,41.34897360703812,0.0967741935483871,2.932551319648094
9.961520773998927,79.99154452746217,-0.08209228515625,0.64544677734375,-0.7247314453125,0.226806640625,1.3645161290322578,41.34897360703812,0.0032258064516129032,0.09775171065493646
9.978696912992746,79.99154452746217,-0.08209228515625,0.64544677734375,-0.7247314453125,0.226806640625,1.3677419354838707,41.44672531769305,0.0,0.0
10.00161511497572,80.37079120127129,-0.0784912109375,0.649169921875,-0.7249755859375,0.21649169921875,1.3548387096774193,41.05571847507331,0.0,0.0
10.018888121005148,80.37079120127129,-0.0784912109375,0.649169921875,-0.7249755859375,0.21649169921875,1.3483870967741933,40.86021505376344,0.0,0.0
10.038949051988311,80.37079120127129,-0.0784912109375,0.649169921875,-0.7249755859375,0.21649169921875,1.3451612903225805,40.7624633431085,0.0,0.0
10.062886900966987,80.7300334035622,-0.07501220703125,0.65478515625,-0.72332763671875,0.20587158203125,1.3516129032258062,40.957966764418366,0.0,0.0
10.079082241980359,80.7300334035622,-0.07501220703125,0.65478515625,-0.72332763671875,0.20587158203125,1.3387096774193548,40.56695992179863,0.0,0.0
10.101849398983177,80.94821235326089,-0.0701904296875,0.65960693359375,-0.72216796875,0.19610595703125,1.3258064516129031,40.17595307917888,0.0,0.0
10.119294666976202,80.94821235326089,-0.0701904296875,0.65960693359375,-0.72216796875,0.19610595703125,1.2999999999999998,39.39393939393939,0.0,0.0
10.139322381000966,80.94821235326089,-0.0701904296875,0.65960693359375,-0.72216796875,0.19610595703125,1.296774193548387,39.29618768328446,0.0,0.0
10.16239383496577,81.18282887761531,-0.06341552734375,0.6622314453125,-0.72332763671875,0.18499755859375,1.2677419354838708,38.41642228739003,0.0,0.0
10.179454578959849,81.18282887761531,-0.06341552734375,0.6622314453125,-0.72332763671875,0.18499755859375,1.2129032258064516,36.75464320625611,0.0,0.0
10.201638198981527,81.4396218620932,-0.05633544921875,0.663330078125,-0.72564697265625,0.173828125,1.2,36.36363636363637,0.0,0.0
10.219617849972565,81.4396218620932,-0.05633544921875,0.663330078125,-0.72564697265625,0.173828125,1.2225806451612904,37.047898338220925,0.0,0.0
10.239676285011228,81.4396218620932,-0.05633544921875,0.663330078125,-0.72564697265625,0.173828125,1.2032258064516128,36.4613880742913,0.0,0.0
10.26754324598005,81.72101635622023,-0.0504150390625,0.66595458984375,-0.7261962890625,0.1630859375,1.196774193548387,36.26588465298143,0.0,0.0
10.292781807016581,81.72101635622023,-0.0504150390625,0.66595458984375,-0.7261962890625,0.1630859375,1.229032258064516,37.24340175953079,0.0,0.0
10.30176656000549,81.82792262182596,-0.044189453125,0.6702880859375,-0.72467041015625,0.15380859375,1.1935483870967742,36.168132942326494,0.0,0.0
10.320016235986259,81.82792262182596,-0.044189453125,0.6702880859375,-0.72467041015625,0.15380859375,1.1774193548387097,35.67937438905181,0.0,0.0
10.340029901999515,81.82792262182596,-0.044189453125,0.6702880859375,-0.72467041015625,0.15380859375,1.1870967741935483,35.97262952101662,0.0,0.0
10.362062604981475,81.83186092406604,-0.0361328125,0.6748046875,-0.722900390625,0.14398193359375,1.1903225806451614,36.07038123167156,0.0032258064516129032,0.09775171065493646
10.380159283988178,81.83186092406604,-0.0361328125,0.6748046875,-0.722900390625,0.14398193359375,1.2,36.36363636363637,0.0,0.0
10.404881636961363,81.89821152228127,-0.0267333984375,0.67816162109375,-0.722412109375,0.13238525390625,1.2354838709677418,37.43890518084066,0.0,0.0
10.424371414002962,81.89821152228127,-0.0267333984375,0.67816162109375,-0.722412109375,0.13238525390625,1.2129032258064516,36.75464320625611,0.0,0.0
10.440426718967501,81.89821152228127,-0.0267333984375,0.67816162109375,-0.722412109375,0.13238525390625,1.232258064516129,37.34115347018573,0.0,0.0
10.4623005699832,82.09948269583813,-0.01776123046875,0.68133544921875,-0.721923828125,0.11968994140625,1.2387096774193547,37.536656891495596,0.0,0.0
10.480518275988288,82.09948269583813,-0.01776123046875,0.68133544921875,-0.721923828125,0.11968994140625,1.2387096774193547,37.536656891495596,0.0,0.0
10.503605923964642,82.39230954851998,-0.01031494140625,0.68536376953125,-0.72015380859375,0.107421875,1.2096774193548387,36.65689149560117,0.0,0.0
10.520728972973302,82.39230954851998,-0.01031494140625,0.68536376953125,-0.72015380859375,0.107421875,1.2483870967741935,37.82991202346041,0.0,0.0
10.54075947101228,82.39230954851998,-0.01031494140625,0.68536376953125,-0.72015380859375,0.107421875,1.2451612903225806,37.732160312805476,0.0,0.0
10.563619046995882,82.56360179500724,-0.001953125,0.68951416015625,-0.7178955078125,0.09588623046875,1.2451612903225806,37.732160312805476,0.0032258064516129032,0.09775171065493646
10.580906613962725,82.56360179500724,-0.001953125,0.68951416015625,-0.7178955078125,0.09588623046875,1.2580645161290323,38.12316715542522,0.0,0.0
10.604183546965942,82.75655853353125,0.0072021484375,0.69384765625,-0.71527099609375,0.08343505859375,1.2419354838709677,37.634408602150536,0.0,0.0
10.621095006004907,82.75655853353125,0.0072021484375,0.69384765625,-0.71527099609375,0.08343505859375,1.2419354838709677,37.634408602150536,0.0,0.0
10.641202849976253,82.75655853353125,0.0072021484375,0.69384765625,-0.71527099609375,0.08343505859375,1.2483870967741935,37.82991202346041,0.0,0.0
10.663994391972665,82.9223430291292,0.017333984375,0.6973876953125,-0.7130126953125,0.07061767578125,1.2419354838709677,37.634408602150536,0.0064516129032258064,0.19550342130987292
10.681297990959138,82.9223430291292,0.017333984375,0.6973876953125,-0.7130126953125,0.07061767578125,1.2354838709677418,37.43890518084066,0.0,0.0
10.704076029011048,83.08878481618397,0.02777099609375,0.70123291015625,-0.7100830078125,0.05767822265625,1.2516129032258063,37.92766373411535,0.0,0.0
10.721531440969557,83.08878481618397,0.02777099609375,0.70123291015625,-0.7100830078125,0.05767822265625,1.2677419354838708,38.41642228739003,0.0,0.0
10.741599316010252,83.08878481618397,0.02777099609375,0.70123291015625,-0.7100830078125,0.05767822265625,1.2516129032258063,37.92766373411535,0.0,0.0
10.765058334975038,83.24576168806225,0.038330078125,0.7054443359375,-0.706298828125,0.04498291015625,1.2451612903225806,37.732160312805476,0.0,0.0
10.7817657229607,83.24576168806225,0.038330078125,0.7054443359375,-0.706298828125,0.04498291015625,1.2677419354838708,38.41642228739003,0.0,0.0
10.804649235971738,83.3950572527134,0.05035400390625,0.71044921875,-0.70123291015625,0.03125,1.264516129032258,38.318670576735094,0.0,0.0
10.821923457959201,83.3950572527134,0.05035400390625,0.71044921875,-0.70123291015625,0.03125,1.264516129032258,38.318670576735094,0.0,0.0
10.841984068974853,83.3950572527134,0.05035400390625,0.71044921875,-0.70123291015625,0.03125,1.261290322580645,38.220918866080154,0.009677419354838708,0.29325513196480935
10.864032164972741,83.47951829678362,0.06365966796875,0.7152099609375,-0.69580078125,0.0174560546875,1.261290322580645,38.220918866080154,0.0,0.0
10.882097802998032,83.47951829678362,0.06365966796875,0.7152099609375,-0.69580078125,0.0174560546875,1.264516129032258,38.318670576735094,0.0032258064516129032,0.09775171065493646
10.904702683968935,83.44626575492867,0.07763671875,0.71807861328125,-0.69158935546875,0.00469970703125,1.264516129032258,38.318670576735094,0.0,0.0
10.922277298988774,83.44626575492867,0.07763671875,0.71807861328125,-0.69158935546875,0.00469970703125,1.264516129032258,38.318670576735094,0.0,0.0
10.942371862998698,83.44626575492867,0.07763671875,0.71807861328125,-0.69158935546875,0.00469970703125,1.2741935483870968,38.6119257086999,0.0,0.0
10.964930341986474,83.42278925764494,-0.090087890625,-0.71929931640625,0.6888427734375,0.00665283203125,1.2709677419354837,38.51417399804496,0.0,0.0
10.982504317013081,83.42278925764494,-0.090087890625,-0.71929931640625,0.6888427734375,0.00665283203125,1.2741935483870968,38.6119257086999,0.0,0.0
11.004966953012627,83.47291772124002,-0.0999755859375,-0.72021484375,0.68634033203125,0.016357421875,1.2580645161290323,38.12316715542522,0.0,0.0
11.022655171982478,83.47291772124002,-0.0999755859375,-0.72021484375,0.68634033203125,0.016357421875,1.2516129032258063,37.92766373411535,0.0,0.0
11.042730759014376,83.47291772124002,-0.0999755859375,-0.72021484375,0.68634033203125,0.016357421875,1.2516129032258063,37.92766373411535,0.0,0.0
11.065293463005219,83.57229745503675,-0.10723876953125,-0.720458984375,0.68475341796875,0.02423095703125,1.2387096774193547,37.536656891495596,0.0,0.0
11.08293793600751,83.57229745503675,-0.10723876953125,-0.720458984375,0.68475341796875,0.02423095703125,1.2354838709677418,37.43890518084066,0.0,0.0
11.105130515992641,83.64623695381418,-0.11651611328125,-0.72100830078125,0.6822509765625,0.03350830078125,1.229032258064516,37.24340175953079,0.0,0.0
11.123055189964361,83.64623695381418,-0.11651611328125,-0.72100830078125,0.6822509765625,0.03350830078125,1.2387096774193547,37.536656891495596,0.0,0.0
11.14314437797293,83.64623695381418,-0.11651611328125,-0.72100830078125,0.6822509765625,0.03350830078125,1.2387096774193547,37.536656891495596,0.0,0.0
11.165179384988733,83.69755707421383,-0.12860107421875,-0.7220458984375,0.6783447265625,0.0447998046875,1.2387096774193547,37.536656891495596,0.0,0.0
11.183342273987364,83.69755707421383,-0.12860107421875,-0.7220458984375,0.6783447265625,0.0447998046875,1.2483870967741935,37.82991202346041,0.0,0.0
11.205249340971932,83.77482984626265,-0.14080810546875,-0.72320556640625,0.67376708984375,0.05621337890625,1.2354838709677418,37.43890518084066,0.0,0.0
11.223471879959106,83.77482984626265,-0.14080810546875,-0.72320556640625,0.67376708984375,0.05621337890625,1.2387096774193547,37.536656891495596,0.0,0.0
11.243545964010991,83.77482984626265,-0.14080810546875,-0.72320556640625,0.67376708984375,0.05621337890625,1.2483870967741935,37.82991202346041,0.0,0.0
11.265534664969891,83.8661241440801,-0.15240478515625,-0.7237548828125,0.669677734375,0.06719970703125,1.2354838709677418,37.43890518084066,0.0,0.0
11.283715154975653,83.8661241440801,-0.15240478515625,-0.7237548828125,0.669677734375,0.06719970703125,1.2354838709677418,37.43890518084066,0.009677419354838708,0.29325513196480935
11.306155933998525,84.05456884537676,-0.16314697265625,-0.72406005859375,0.66552734375,0.07843017578125,1.2225806451612904,37.047898338220925,0.0,0.0
11.323856088973116,84.05456884537676,-0.16314697265625,-0.72406005859375,0.66552734375,0.07843017578125,1.2193548387096773,36.950146627565985,0.0,0.0
11.343952190014534,84.05456884537676,-0.16314697265625,-0.72406005859375,0.66552734375,0.07843017578125,1.1903225806451614,36.07038123167156,0.0,0.0
11.365811414958443,84.23536549769203,-0.174072265625,-0.72430419921875,0.66107177734375,0.08953857421875,1.2193548387096773,36.950146627565985,0.0,0.0
11.384125828975812,84.23536549769203,-0.174072265625,-0.72430419921875,0.66107177734375,0.08953857421875,1.2,36.36363636363637,0.0,0.0
11.405930908978917,84.29281885673787,-0.18505859375,-0.72406005859375,0.656982421875,0.0992431640625,1.2,36.36363636363637,0.0,0.0
11.42425761098275,84.29281885673787,-0.18505859375,-0.72406005859375,0.656982421875,0.0992431640625,1.206451612903226,36.55913978494624,0.0,0.0
11.444411761010997,84.29281885673787,-0.18505859375,-0.72406005859375,0.656982421875,0.0992431640625,1.2161290322580645,36.852394916911045,0.0,0.0
11.465978690015618,84.3336667732891,-0.19635009765625,-0.723876953125,0.65240478515625,0.1087646484375,1.1838709677419355,35.87487781036168,0.0,0.0
11.484576696006116,84.3336667732891,-0.19635009765625,-0.723876953125,0.65240478515625,0.1087646484375,1.1870967741935483,35.97262952101662,0.0,0.0
11.505849984008819,84.30923396144006,-0.20318603515625,-0.72271728515625,0.650634765625,0.11431884765625,1.164516129032258,35.28836754643206,0.0,0.0
11.524690110003576,84.30923396144006,-0.20318603515625,-0.72271728515625,0.650634765625,0.11431884765625,1.1612903225806452,35.19061583577713,0.0,0.0
11.544743808975909,84.30923396144006,-0.20318603515625,-0.72271728515625,0.650634765625,0.11431884765625,1.1451612903225807,34.701857282502445,0.0,0.0
11.566000679973513,84.25653132404446,-0.208984375,-0.72100830078125,0.64984130859375,0.11895751953125,1.135483870967742,34.40860215053764,0.0,0.0
11.584936617000494,84.25653132404446,-0.208984375,-0.72100830078125,0.64984130859375,0.11895751953125,1.132258064516129,34.3108504398827,0.0,0.0
11.606057739991229,84.24297733993737,-0.2152099609375,-0.719482421875,0.64849853515625,0.124267578125,1.135483870967742,34.40860215053764,0.0,0.0
11.625041166960727,84.24297733993737,-0.2152099609375,-0.719482421875,0.64849853515625,0.124267578125,1.1580645161290324,35.0928641251222,0.009677419354838708,0.29325513196480935
11.645098896988202,84.24297733993737,-0.2152099609375,-0.719482421875,0.64849853515625,0.124267578125,1.132258064516129,34.3108504398827,0.0,0.0
11.667655519966502,84.06795786435285,-0.22174072265625,-0.71826171875,0.64703369140625,0.1278076171875,1.1709677419354838,35.483870967741936,0.0,0.0
11.685272600967437,84.06795786435285,-0.22174072265625,-0.71826171875,0.64703369140625,0.1278076171875,1.1483870967741936,34.799608993157385,0.0,0.0
11.706774056016002,83.93507205557248,-0.22784423828125,-0.71746826171875,0.64508056640625,0.1312255859375,1.135483870967742,34.40860215053764,0.04516129032258064,1.3685239491691104
11.725403966964222,83.93507205557248,-0.22784423828125,-0.71746826171875,0.64508056640625,0.1312255859375,1.135483870967742,34.40860215053764,0.08709677419354839,2.6392961876832843
11.745440832979511,83.93507205557248,-0.22784423828125,-0.71746826171875,0.64508056640625,0.1312255859375,1.1290322580645162,34.21309872922777,0.0,0.0
11.766748233989347,83.81208233727789,-0.2337646484375,-0.716064453125,0.64373779296875,0.1348876953125,1.0999999999999999,33.33333333333333,0.11935483870967742,3.6168132942326494
11.785650442005135,83.81208233727789,-0.2337646484375,-0.716064453125,0.64373779296875,0.1348876953125,1.096774193548387,33.235581622678396,0.11612903225806451,3.519061583577712
11.80645488400478,83.83557967524403,-0.23760986328125,-0.71490478515625,0.642822265625,0.1385498046875,1.090322580645161,33.040078201368516,0.0,0.0
11.825790513015818,83.83557967524403,-0.23760986328125,-0.71490478515625,0.642822265625,0.1385498046875,1.096774193548387,33.235581622678396,0.0,0.0
11.845870003977325,83.83557967524403,-0.23760986328125,-0.71490478515625,0.642822265625,0.1385498046875,1.1258064516129034,34.115347018572834,0.12903225806451613,3.9100684261974585
11.867389443970751,83.78106325439781,-0.24127197265625,-0.712890625,0.64306640625,0.14166259765625,1.132258064516129,34.3108504398827,0.19032258064516128,5.7673509286412505
11.886013210983947,83.78106325439781,-0.24127197265625,-0.712890625,0.64306640625,0.14166259765625,1.1516129032258065,34.89736070381232,0.0,0.0
11.907193312013987,83.77157870552146,-0.24432373046875,-0.710205078125,0.64410400390625,0.14520263671875,1.1612903225806452,35.19061583577713,0.0,0.0
11.926213986997027,83.77157870552146,-0.24432373046875,-0.710205078125,0.64410400390625,0.14520263671875,1.167741935483871,35.386119257087,0.04193548387096774,1.270772238514174
11.946344583993778,83.77157870552146,-0.24432373046875,-0.710205078125,0.64410400390625,0.14520263671875,1.1483870967741936,34.799608993157385,0.07741935483870967,2.3460410557184748
11.970814608968794,83.74980099655758,-0.24652099609375,-0.70745849609375,0.64556884765625,0.14801025390625,1.164516129032258,35.28836754643206,0.27096774193548384,8.211143695014663
11.98645847797161,83.74980099655758,-0.24652099609375,-0.70745849609375,0.64556884765625,0.14801025390625,1.1451612903225807,34.701857282502445,0.27741935483870966,8.406647116324535
12.008427146996837,83.57851912910897,-0.24945068359375,-0.7044677734375,0.6473388671875,0.14984130859375,1.132258064516129,34.3108504398827,0.34193548387096767,10.361681329423263
12.026645333971828,83.57851912910897,-0.24945068359375,-0.7044677734375,0.6473388671875,0.14984130859375,1.1548387096774193,34.99511241446726,0.2967741935483871,8.993157380254155
12.046686871966813,83.57851912910897,-0.24945068359375,-0.7044677734375,0.6473388671875,0.14984130859375,1.0935483870967742,33.137829912023456,0.2225806451612903,6.744868035190615
12.067471280985046,83.43777362485599,-0.25213623046875,-0.70257568359375,0.6480712890625,0.1512451171875,1.132258064516129,34.3108504398827,0.2129032258064516,6.451612903225806
12.086803901998792,83.43777362485599,-0.25213623046875,-0.70257568359375,0.6480712890625,0.1512451171875,1.1612903225806452,35.19061583577713,0.3290322580645161,9.970674486803519
12.108216746011749,83.16206771312649,-0.25518798828125,-0.7012939453125,0.64825439453125,0.1510009765625,1.1064516129032256,33.5288367546432,0.26774193548387093,8.113391984359726
12.126941924972925,83.16206771312649,-0.25518798828125,-0.7012939453125,0.64825439453125,0.1510009765625,1.1129032258064515,33.724340175953074,0.30967741935483867,9.384164222873899
12.147011943976395,83.16206771312649,-0.25518798828125,-0.7012939453125,0.64825439453125,0.1510009765625,1.1258064516129034,34.115347018572834,0.3129032258064516,9.481915933528837
12.167529753001872,82.88408001491317,-0.25811767578125,-0.70062255859375,0.64801025390625,0.15032958984375,1.132258064516129,34.3108504398827,0.3225806451612903,9.775171065493646
12.187177806976251,82.88408001491317,-0.25811767578125,-0.70062255859375,0.64801025390625,0.15032958984375,1.1129032258064515,33.724340175953074,0.38387096774193546,11.632453567937437
12.207671615004074,82.6779651369667,-0.26043701171875,-0.70068359375,0.64715576171875,0.14959716796875,1.1064516129032256,33.5288367546432,0.3032258064516129,9.188660801564028
12.227284948981833,82.6779651369667,-0.26043701171875,-0.70068359375,0.64715576171875,0.14959716796875,1.132258064516129,34.3108504398827,0.34516129032258064,10.459433040078201
12.247370007971767,82.6779651369667,-0.26043701171875,-0.70068359375,0.64715576171875,0.14959716796875,1.1032258064516127,33.43108504398827,0.4290322580645161,13.000977517106548
12.267954250972252,82.46373066387252,-0.262451171875,-0.70086669921875,0.64642333984375,0.14849853515625,1.096774193548387,33.235581622678396,0.37741935483870964,11.436950146627565
12.287499166966882,82.46373066387252,-0.262451171875,-0.70086669921875,0.64642333984375,0.14849853515625,1.0935483870967742,33.137829912023456,0.3354838709677419,10.166177908113392
12.30790989997331,82.41828595237362,-0.26312255859375,-0.7015380859375,0.6455078125,0.1480712890625,1.0677419354838709,32.355816226783965,0.32580645161290317,9.872922776148581
12.327615684014745,82.41828595237362,-0.26312255859375,-0.7015380859375,0.6455078125,0.1480712890625,1.0774193548387097,32.64907135874878,0.3161290322580645,9.579667644183774
12.347680518985726,82.41828595237362,-0.26312255859375,-0.7015380859375,0.6455078125,0.1480712890625,1.0677419354838709,32.355816226783965,0.41935483870967744,12.70772238514174
12.368014834995847,82.43678161562643,-0.26300048828125,-0.70208740234375,0.64501953125,0.14788818359375,1.0709677419354837,32.453567937438905,0.4096774193548387,12.41446725317693
12.38780990196392,82.43678161562643,-0.26300048828125,-0.70208740234375,0.64501953125,0.14788818359375,1.0806451612903225,32.74682306940371,0.39032258064516123,11.82795698924731
12.40823455597274,82.48091151810625,-0.2623291015625,-0.70257568359375,0.64483642578125,0.14764404296875,1.0709677419354837,32.453567937438905,0.37419354838709673,11.339198435972628
12.427944979979657,82.48091151810625,-0.2623291015625,-0.70257568359375,0.64483642578125,0.14764404296875,1.0612903225806452,32.16031280547409,0.37741935483870964,11.436950146627565
12.448010102962144,82.48091151810625,-0.2623291015625,-0.70257568359375,0.64483642578125,0.14764404296875,1.032258064516129,31.28054740957967,0.34838709677419355,10.557184750733137
12.46822316700127,82.56873126503555,-0.26104736328125,-0.7025146484375,0.6453857421875,0.14776611328125,1.0161290322580645,30.791788856304986,0.34193548387096767,10.361681329423263
12.488271937007084,82.56873126503555,-0.26104736328125,-0.7025146484375,0.6453857421875,0.14776611328125,1.0032258064516129,30.40078201368524,0.34193548387096767,10.361681329423263
12.509265184984542,82.72553045597913,-0.259033203125,-0.7012939453125,0.64727783203125,0.1488037109375,1.0,30.303030303030305,0.2935483870967742,8.895405669599219
12.528377190988977,82.72553045597913,-0.259033203125,-0.7012939453125,0.64727783203125,0.1488037109375,1.0193548387096774,30.889540566959923,0.3129032258064516,9.481915933528837
12.548473130969796,82.72553045597913,-0.259033203125,-0.7012939453125,0.64727783203125,0.1488037109375,1.0064516129032257,30.498533724340177,0.2903225806451613,8.797653958944283
12.568639728997368,82.85088067626432,-0.25799560546875,-0.70074462890625,0.64801025390625,0.1497802734375,1.0161290322580645,30.791788856304986,0.19677419354838707,5.962854349951123
12.588644913979806,82.85088067626432,-0.25799560546875,-0.70074462890625,0.64801025390625,0.1497802734375,1.0193548387096774,30.889540566959923,0.2838709677419355,8.60215053763441
12.608757718990091,82.9685283618394,-0.25787353515625,-0.70111083984375,0.64739990234375,0.15081787109375,1.0193548387096774,30.889540566959923,0.24193548387096775,7.331378299120235
12.628810393973254,82.9685283618394,-0.25787353515625,-0.70111083984375,0.64739990234375,0.15081787109375,1.0096774193548386,30.596285434995107,0.3,9.090909090909092
12.648872668971308,82.9685283618394,-0.25787353515625,-0.70111083984375,0.64739990234375,0.15081787109375,1.0,30.303030303030305,0.26774193548387093,8.113391984359726
12.669101668987423,82.98446108851482,-0.258544921875,-0.70123291015625,0.64691162109375,0.15142822265625,1.0064516129032257,30.498533724340177,0.2032258064516129,6.158357771260997
12.689022211008705,82.98446108851482,-0.258544921875,-0.70123291015625,0.64691162109375,0.15142822265625,1.0096774193548386,30.596285434995107,0.264516129032258,8.015640273704788
12.709463793959003,82.95717300897284,-0.25872802734375,-0.7010498046875,0.6470947265625,0.1513671875,1.0096774193548386,30.596285434995107,0.3548387096774194,10.752688172043012
12.729272588971071,82.95717300897284,-0.25872802734375,-0.7010498046875,0.6470947265625,0.1513671875,1.0032258064516129,30.40078201368524,0.27419354838709675,8.308895405669599
12.749361008987762,82.95717300897284,-0.25872802734375,-0.7010498046875,0.6470947265625,0.1513671875,1.0,30.303030303030305,0.2064516129032258,6.256109481915933
12.769466580997687,82.92874125380717,-0.2586669921875,-0.7005615234375,0.6475830078125,0.1512451171875,1.0,30.303030303030305,0.17096774193548384,5.180840664711631
12.789499287959188,82.92874125380717,-0.2586669921875,-0.7005615234375,0.6475830078125,0.1512451171875,1.0032258064516129,30.40078201368524,0.0967741935483871,2.932551319648094
12.80956399498973,82.83827686723316,-0.2591552734375,-0.70025634765625,0.64788818359375,0.1507568359375,1.0064516129032257,30.498533724340177,0.2032258064516129,6.158357771260997
12.829640350013506,82.83827686723316,-0.2591552734375,-0.70025634765625,0.64788818359375,0.1507568359375,0.9935483870967742,30.107526881720432,0.12258064516129032,3.714565004887586
12.84971676999703,82.83827686723316,-0.2591552734375,-0.70025634765625,0.64788818359375,0.1507568359375,1.0064516129032257,30.498533724340177,0.16774193548387095,5.083088954056696
12.870210897992365,82.75912969446172,-0.25958251953125,-0.699951171875,0.64813232421875,0.15032958984375,0.996774193548387,30.205278592375368,0.23870967741935484,7.233626588465299
12.889893129002303,82.75912969446172,-0.25958251953125,-0.699951171875,0.64813232421875,0.15032958984375,0.996774193548387,30.205278592375368,0.23870967741935484,7.233626588465299
12.909929482964799,82.67710778633402,-0.26019287109375,-0.69952392578125,0.6484375,0.15008544921875,0.9935483870967742,30.107526881720432,0.30967741935483867,9.384164222873899
12.93004100798862,82.67710778633402,-0.26019287109375,-0.69952392578125,0.6484375,0.15008544921875,0.9774193548387097,29.61876832844575,0.23870967741935484,7.233626588465299
12.95012728398433,82.67710778633402,-0.26019287109375,-0.69952392578125,0.6484375,0.15008544921875,1.0,30.303030303030305,0.18387096774193548,5.571847507331378
12.970236568013206,82.60062863915377,-0.2606201171875,-0.6993408203125,0.64849853515625,0.14959716796875,0.9774193548387097,29.61876832844575,0.15483870967741933,4.6920821114369495
12.990311899979133,82.60062863915377,-0.2606201171875,-0.6993408203125,0.64849853515625,0.14959716796875,0.9870967741935484,29.91202346041056,0.12258064516129032,3.714565004887586
13.010408447997179,82.4866650145159,-0.2615966796875,-0.69915771484375,0.6484375,0.14910888671875,0.9903225806451612,30.009775171065495,0.1064516129032258,3.225806451612903
13.030463201983366,82.4866650145159,-0.2615966796875,-0.69915771484375,0.6484375,0.14910888671875,0.996774193548387,30.205278592375368,0.12258064516129032,3.714565004887586
13.05050237296382,82.4866650145159,-0.2615966796875,-0.69915771484375,0.6484375,0.14910888671875,0.9806451612903225,29.716520039100686,0.19999999999999998,6.0606060606060606
13.072255355014931,82.41582821604861,-0.26214599609375,-0.698974609375,0.64849853515625,0.1488037109375,0.9806451612903225,29.716520039100686,0.1935483870967742,5.865102639296188
13.104731927975081,82.41582821604861,-0.26214599609375,-0.698974609375,0.64849853515625,0.1488037109375,0.9774193548387097,29.61876832844575,0.24838709677419354,7.526881720430108
13.110740047006402,82.3495092392644,-0.26300048828125,-0.698486328125,0.64862060546875,0.14892578125,0.9709677419354839,29.423264907135877,0.2806451612903225,8.50439882697947
13.130877332994714,82.3495092392644,-0.26300048828125,-0.698486328125,0.64862060546875,0.14892578125,0.9806451612903225,29.716520039100686,0.2290322580645161,6.940371456500488
13.150959160004277,82.3495092392644,-0.26300048828125,-0.698486328125,0.64862060546875,0.14892578125,0.9709677419354839,29.423264907135877,0.24193548387096775,7.331378299120235
13.171022907015868,82.27644538534551,-0.263671875,-0.6982421875,0.64874267578125,0.14874267578125,0.9548387096774194,28.934506353861195,0.3225806451612903,9.775171065493646
13.191097854985856,82.27644538534551,-0.263671875,-0.6982421875,0.64874267578125,0.14874267578125,0.964516129032258,29.227761485826004,0.3548387096774194,10.752688172043012
13.21116563398391,82.19316404665595,-0.26409912109375,-0.69805908203125,0.64886474609375,0.148193359375,0.9419354838709677,28.54349951124145,0.37741935483870964,11.436950146627565
13.231273190001957,82.19316404665595,-0.26409912109375,-0.69805908203125,0.64886474609375,0.148193359375,0.9258064516129031,28.05474095796676,0.4225806451612903,12.805474095796676
13.251320425013546,82.19316404665595,-0.26409912109375,-0.69805908203125,0.64886474609375,0.148193359375,0.8483870967741935,25.708699902248288,0.41935483870967744,12.70772238514174
13.274369062972255,82.11111677141172,-0.264404296875,-0.69805908203125,0.64886474609375,0.1474609375,0.864516129032258,26.19745845552297,0.39677419354838706,12.023460410557183
13.291483792010695,82.11111677141172,-0.264404296875,-0.69805908203125,0.64886474609375,0.1474609375,0.9193548387096774,27.859237536656895,0.5129032258064515,15.542521994134894
13.311599156993907,81.99027139995601,-0.2647705078125,-0.69793701171875,0.64910888671875,0.14642333984375,0.8516129032258064,25.806451612903224,0.46774193548387094,14.173998044965789
13.33166699996218,81.99027139995601,-0.2647705078125,-0.69793701171875,0.64910888671875,0.14642333984375,0.8709677419354839,26.392961876832842,0.47096774193548385,14.271749755620725
13.35173324297648,81.99027139995601,-0.2647705078125,-0.69793701171875,0.64910888671875,0.14642333984375,0.8677419354838709,26.295210166177906,0.4483870967741935,13.587487781036167
13.371819294989109,81.94811312113559,-0.264404296875,-0.6981201171875,0.64923095703125,0.14556884765625,0.8483870967741935,25.708699902248288,0.45161290322580644,13.685239491691107
13.391862977005076,81.94811312113559,-0.264404296875,-0.6981201171875,0.64923095703125,0.14556884765625,0.8612903225806451,26.099706744868033,0.4387096774193548,13.294232649071358
13.412461300962605,81.97019062142529,-0.26373291015625,-0.698486328125,0.64923095703125,0.1451416015625,0.8451612903225806,25.61094819159335,0.46451612903225803,14.076246334310849
13.43206519400701,81.97019062142529,-0.26373291015625,-0.698486328125,0.64923095703125,0.1451416015625,0.8516129032258064,25.806451612903224,0.4967741935483871,15.053763440860216
13.452169517986476,81.97019062142529,-0.26373291015625,-0.698486328125,0.64923095703125,0.1451416015625,0.8612903225806451,26.099706744868033,0.5354838709677419,16.226783968719452
13.472225169010926,81.98497668893933,-0.26287841796875,-0.69921875,0.64898681640625,0.144287109375,0.8354838709677419,25.317693059628542,0.561290322580645,17.00879765395894
13.492308148997836,81.98497668893933,-0.26287841796875,-0.69921875,0.64898681640625,0.144287109375,0.8387096774193549,25.41544477028348,0.5806451612903226,17.595307917888565
13.512374967976939,82.01955445348369,-0.2618408203125,-0.69976806640625,0.64892578125,0.14361572265625,0.8548387096774194,25.90420332355816,0.5709677419354839,17.302052785923756
13.532460123009514,82.01955445348369,-0.2618408203125,-0.69976806640625,0.64892578125,0.14361572265625,0.8548387096774194,25.90420332355816,0.5774193548387097,17.49755620723363
13.552574367960915,82.06247169785676,-0.2607421875,-0.700439453125,0.6488037109375,0.1429443359375,0.9290322580645161,28.152492668621697,0.5870967741935484,17.790811339198438
13.572656452015508,82.06247169785676,-0.2607421875,-0.700439453125,0.6488037109375,0.1429443359375,0.9354838709677419,28.347996089931577,0.5870967741935484,17.790811339198438
13.592724487010855,82.06247169785676,-0.2607421875,-0.700439453125,0.6488037109375,0.1429443359375,0.9193548387096774,27.859237536656895,0.5870967741935484,17.790811339198438
13.612801034003496,82.08895550353661,-0.260009765625,-0.70123291015625,0.64837646484375,0.14227294921875,0.9612903225806452,29.130009775171068,0.6193548387096773,18.768328445747798
13.632873166003264,82.08895550353661,-0.260009765625,-0.70123291015625,0.64837646484375,0.14227294921875,0.9387096774193548,28.445747800586513,0.632258064516129,19.159335288367547
13.652920815977268,82.09954518758053,-0.2589111328125,-0.7021484375,0.64813232421875,0.14111328125,0.9290322580645161,28.152492668621697,0.6451612903225806,19.550342130987293
13.673034100967925,82.09954518758053,-0.2589111328125,-0.7021484375,0.64813232421875,0.14111328125,0.9387096774193548,28.445747800586513,0.6806451612903225,20.625610948191593
13.693075318995398,82.09954518758053,-0.2589111328125,-0.7021484375,0.64813232421875,0.14111328125,0.9387096774193548,28.445747800586513,0.664516129032258,20.13685239491691
13.713137498009019,82.14964544372818,-0.25775146484375,-0.70306396484375,0.647705078125,0.14031982421875,0.9483870967741935,28.739002932551323,0.6806451612903225,20.625610948191593
13.744804702990223,82.14964544372818,-0.25775146484375,-0.70306396484375,0.647705078125,0.14031982421875,0.9483870967741935,28.739002932551323,0.6354838709677418,19.25708699902248
13.753329025988933,82.14883702693544,-0.25701904296875,-0.7042236328125,0.64703369140625,0.13916015625,0.9516129032258065,28.83675464320626,0.6548387096774193,19.843597262952102
13.773437318974175,82.14883702693544,-0.25701904296875,-0.7042236328125,0.64703369140625,0.13916015625,0.9451612903225807,28.641251221896386,0.6419354838709677,19.452590420332356
13.793484488967806,82.14883702693544,-0.25701904296875,-0.7042236328125,0.64703369140625,0.13916015625,0.9387096774193548,28.445747800586513,0.5903225806451613,17.888563049853374
13.813716433010995,82.04193368883637,-0.2572021484375,-0.70611572265625,0.64532470703125,0.13702392578125,0.9483870967741935,28.739002932551323,0.4774193548387097,14.467253176930598
13.833655120979529,82.04193368883637,-0.2572021484375,-0.70611572265625,0.64532470703125,0.13702392578125,0.9451612903225807,28.641251221896386,0.43548387096774194,13.196480938416421
13.853746484965086,82.02805317237332,-0.25665283203125,-0.7083740234375,0.64349365234375,0.13525390625,0.9741935483870967,29.521016617790814,0.37419354838709673,11.339198435972628
13.8737985509797,82.02805317237332,-0.25665283203125,-0.7083740234375,0.64349365234375,0.13525390625,0.9806451612903225,29.716520039100686,0.14193548387096774,4.301075268817205
13.893850521999411,82.02805317237332,-0.25665283203125,-0.7083740234375,0.64349365234375,0.13525390625,1.0032258064516129,30.40078201368524,0.11612903225806451,3.519061583577712
13.913977502961643,82.08721904696138,-0.254150390625,-0.7093505859375,0.64373779296875,0.13360595703125,1.0225806451612902,30.98729227761486,0.08709677419354839,2.6392961876832843
13.934037922008429,82.08721904696138,-0.254150390625,-0.7093505859375,0.64373779296875,0.13360595703125,1.0032258064516129,30.40078201368524,0.0,0.0
13.954138214001432,82.169404626569,-0.2510986328125,-0.71038818359375,0.64410400390625,0.13177490234375,0.9870967741935484,29.91202346041056,0.19677419354838707,5.962854349951123
13.974216361995786,82.169404626569,-0.2510986328125,-0.71038818359375,0.64410400390625,0.13177490234375,0.9322580645161289,28.250244379276634,0.2032258064516129,6.158357771260997
13.994317293982022,82.169404626569,-0.2510986328125,-0.71038818359375,0.64410400390625,0.13177490234375,0.9516129032258065,28.83675464320626,0.07741935483870967,2.3460410557184748
14.01541079999879,82.29552701843284,-0.2474365234375,-0.71136474609375,0.64483642578125,0.13006591796875,0.9290322580645161,28.152492668621697,0.20967741935483872,6.35386119257087
14.034519670007285,82.29552701843284,-0.2474365234375,-0.71136474609375,0.64483642578125,0.13006591796875,0.9354838709677419,28.347996089931577,0.22580645161290322,6.842619745845553
14.055677466967609,82.54860609231501,-0.24200439453125,-0.71234130859375,0.6461181640625,0.12847900390625,0.9096774193548386,27.56598240469208,0.1935483870967742,5.865102639296188
14.074650619993918,82.54860609231501,-0.24200439453125,-0.71234130859375,0.6461181640625,0.12847900390625,1.0032258064516129,30.40078201368524,0.12580645161290321,3.812316715542522
14.09472127998015,82.54860609231501,-0.24200439453125,-0.71234130859375,0.6461181640625,0.12847900390625,1.0129032258064516,30.69403714565005,0.15161290322580645,4.594330400782014
14.115071275969967,82.87995910660811,-0.23492431640625,-0.7130126953125,0.64837646484375,0.126708984375,1.0290322580645161,31.182795698924732,0.0,0.0
14.134914183989167,82.87995910660811,-0.23492431640625,-0.7130126953125,0.64837646484375,0.126708984375,1.0193548387096774,30.889540566959923,0.06129032258064516,1.857282502443793
14.154986794979777,83.20773344060247,-0.22735595703125,-0.71368408203125,0.6507568359375,0.12445068359375,1.0419354838709676,31.57380254154447,0.13870967741935483,4.203323558162268
14.175062862981576,83.20773344060247,-0.22735595703125,-0.71368408203125,0.6507568359375,0.12445068359375,1.0806451612903225,32.74682306940371,0.14838709677419354,4.496578690127078
14.19513864198234,83.20773344060247,-0.22735595703125,-0.71368408203125,0.6507568359375,0.12445068359375,1.0774193548387097,32.64907135874878,0.13548387096774192,4.105571847507331
14.215334168984555,83.42483383757242,-0.21942138671875,-0.71478271484375,0.65301513671875,0.120361328125,1.0548387096774192,31.964809384164223,0.11935483870967742,3.6168132942326494
14.235325818008278,83.42483383757242,-0.21942138671875,-0.71478271484375,0.65301513671875,0.120361328125,1.0870967741935482,32.94232649071358,0.11935483870967742,3.6168132942326494
14.264719769009389,83.54697781071259,-0.21160888671875,-0.7174072265625,0.65374755859375,0.114501953125,1.1096774193548387,33.62658846529814,0.0,0.0
14.276832969975658,83.54697781071259,-0.21160888671875,-0.7174072265625,0.65374755859375,0.114501953125,1.1290322580645162,34.21309872922777,0.0,0.0
14.304899456968997,83.54697781071259,-0.21160888671875,-0.7174072265625,0.65374755859375,0.114501953125,1.1129032258064515,33.724340175953074,0.0,0.0
14.334378339000978,83.63066514236809,-0.20233154296875,-0.7197265625,0.6553955078125,0.107177734375,1.1096774193548387,33.62658846529814,0.04516129032258064,1.3685239491691104
14.341034540964756,83.63066514236809,-0.20233154296875,-0.7197265625,0.6553955078125,0.107177734375,1.1064516129032256,33.5288367546432,0.08387096774193548,2.541544477028348
14.356541093962733,83.4893059971784,-0.19091796875,-0.72119140625,0.658935546875,0.0958251953125,1.1161290322580644,33.822091886608014,0.16774193548387095,5.083088954056696
14.37585448200116,83.4893059971784,-0.19091796875,-0.72119140625,0.658935546875,0.0958251953125,1.096774193548387,33.235581622678396,0.1935483870967742,5.865102639296188
14.395932308980264,83.4893059971784,-0.19091796875,-0.72119140625,0.658935546875,0.0958251953125,1.0999999999999999,33.33333333333333,0.19999999999999998,6.0606060606060606
14.416271328984294,83.18552064146235,-0.17572021484375,-0.72222900390625,0.66424560546875,0.0794677734375,1.0935483870967742,33.137829912023456,0.19999999999999998,6.0606060606060606
14.436095261014998,83.18552064146235,-0.17572021484375,-0.72222900390625,0.66424560546875,0.0794677734375,1.0935483870967742,33.137829912023456,0.2129032258064516,6.451612903225806
14.456189856980927,82.86747225727395,-0.1578369140625,-0.72161865234375,0.6712646484375,0.060791015625,1.1161290322580644,33.822091886608014,0.15161290322580645,4.594330400782014
14.476288356992882,82.86747225727395,-0.1578369140625,-0.72161865234375,0.6712646484375,0.060791015625,1.1258064516129034,34.115347018572834,0.17419354838709677,5.278592375366569
14.496554637968075,82.86747225727395,-0.1578369140625,-0.72161865234375,0.6712646484375,0.060791015625,1.1096774193548387,33.62658846529814,0.19032258064516128,5.7673509286412505
14.516663826012518,82.7704581195536,-0.13897705078125,-0.720703125,0.67779541015625,0.04339599609375,1.1548387096774193,34.99511241446726,0.14516129032258066,4.398826979472141
14.536790774960537,82.7704581195536,-0.13897705078125,-0.720703125,0.67779541015625,0.04339599609375,1.1903225806451614,36.07038123167156,0.0967741935483871,2.932551319648094
14.556891612010077,82.80991820540471,-0.11895751953125,-0.71923828125,0.68402099609375,0.026123046875,1.1580645161290324,35.0928641251222,0.1032258064516129,3.1280547409579667
14.57694396597799,82.80991820540471,-0.11895751953125,-0.71923828125,0.68402099609375,0.026123046875,1.1580645161290324,35.0928641251222,0.016129032258064516,0.4887585532746823
14.59702963399468,82.80991820540471,-0.11895751953125,-0.71923828125,0.68402099609375,0.026123046875,1.1709677419354838,35.483870967741936,0.264516129032258,8.015640273704788
14.617104934004601,82.58766738098538,-0.09869384765625,-0.7166748046875,0.69036865234375,0.00506591796875,1.2,36.36363636363637,0.3354838709677419,10.166177908113392
14.637219146010466,82.58766738098538,-0.09869384765625,-0.7166748046875,0.69036865234375,0.00506591796875,1.1741935483870969,35.581622678396876,0.2870967741935484,8.699902248289346
14.65727678098483,82.44416949608438,0.07952880859375,0.71429443359375,-0.69512939453125,0.0146484375,1.1838709677419355,35.87487781036168,0.3161290322580645,9.579667644183774
14.677362737013027,82.44416949608438,0.07952880859375,0.71429443359375,-0.69512939453125,0.0146484375,1.1870967741935483,35.97262952101662,0.30967741935483867,9.384164222873899
14.698354127991479,82.44416949608438,0.07952880859375,0.71429443359375,-0.69512939453125,0.0146484375,1.1935483870967742,36.168132942326494,0.3064516129032258,9.286412512218964
14.718061799998395,82.42261828677734,0.06182861328125,0.71197509765625,-0.69879150390625,0.03192138671875,1.196774193548387,36.26588465298143,0.32580645161290317,9.872922776148581
14.73814231599681,82.42261828677734,0.06182861328125,0.71197509765625,-0.69879150390625,0.03192138671875,1.2225806451612904,37.047898338220925,0.4774193548387097,14.467253176930598
14.758258192974608,82.30309524642645,0.0465087890625,0.709228515625,-0.7017822265625,0.04840087890625,1.2354838709677418,37.43890518084066,0.49032258064516127,14.858260019550343
14.778312498994637,82.30309524642645,0.0465087890625,0.709228515625,-0.7017822265625,0.04840087890625,1.403225806451613,42.52199413489737,0.561290322580645,17.00879765395894
14.79842079197988,82.30309524642645,0.0465087890625,0.709228515625,-0.7017822265625,0.04840087890625,1.4161290322580644,42.91300097751711,0.5354838709677419,16.226783968719452
14.82011562801199,82.01171035327681,0.033203125,0.704345703125,-0.7060546875,0.06536865234375,1.4419354838709677,43.6950146627566,0.632258064516129,19.159335288367547
14.838543901976664,82.01171035327681,0.033203125,0.704345703125,-0.7060546875,0.06536865234375,1.467741935483871,44.4770283479961,0.5516129032258064,16.715542521994134
14.858633538009599,81.96134191701327,0.02020263671875,0.6993408203125,-0.7100830078125,0.0794677734375,1.467741935483871,44.4770283479961,0.561290322580645,17.00879765395894
14.878703172958922,81.96134191701327,0.02020263671875,0.6993408203125,-0.7100830078125,0.0794677734375,1.493548387096774,45.25904203323558,0.5709677419354839,17.302052785923756
14.898781319963746,81.96134191701327,0.02020263671875,0.6993408203125,-0.7100830078125,0.0794677734375,1.5354838709677419,46.52981427174975,0.6,18.181818181818183
14.918893708963878,82.08151355684718,0.0067138671875,0.69647216796875,-0.711669921875,0.092041015625,1.5548387096774192,47.11632453567937,0.6870967741935483,20.821114369501466
14.938969584007282,82.08151355684718,0.0067138671875,0.69647216796875,-0.711669921875,0.092041015625,1.5483870967741935,46.9208211143695,0.5516129032258064,16.715542521994134
14.959034034982324,82.12790167261244,-0.0068359375,0.69537353515625,-0.7108154296875,0.10546875,1.5774193548387094,47.800586510263926,0.43548387096774194,13.196480938416421
14.979113815003075,82.12790167261244,-0.0068359375,0.69537353515625,-0.7108154296875,0.10546875,1.5709677419354837,47.60508308895405,0.41935483870967744,12.70772238514174
14.999191801995039,82.12790167261244,-0.0068359375,0.69537353515625,-0.7108154296875,0.10546875,1.5709677419354837,47.60508308895405,0.5741935483870968,17.399804496578692
15.01930079900194,82.17369426289794,-0.02093505859375,0.6943359375,-0.7093505859375,0.11944580078125,1.596774193548387,48.38709677419355,0.4419354838709677,13.391984359726294
15.039379041991197,82.17369426289794,-0.02093505859375,0.6943359375,-0.7093505859375,0.11944580078125,1.5870967741935482,48.09384164222873,0.5129032258064515,15.542521994134894
15.05946205399232,82.22762530215869,-0.03521728515625,0.690673828125,-0.70977783203125,0.13409423828125,1.590322580645161,48.19159335288367,0.4580645161290322,13.880742913000976
15.079504552006256,82.22762530215869,-0.03521728515625,0.690673828125,-0.70977783203125,0.13409423828125,1.5870967741935482,48.09384164222873,0.4064516129032258,12.316715542521994
15.099603981012478,82.22762530215869,-0.03521728515625,0.690673828125,-0.70977783203125,0.13409423828125,1.6032258064516127,48.58260019550342,0.47096774193548385,14.271749755620725
15.119691183965188,82.38866858342118,-0.04913330078125,0.683349609375,-0.71319580078125,0.148193359375,1.590322580645161,48.19159335288367,0.4806451612903226,14.565004887585534
15.139760691963602,82.38866858342118,-0.04913330078125,0.683349609375,-0.71319580078125,0.148193359375,1.5774193548387094,47.800586510263926,0.5096774193548387,15.444770283479961
15.159844150999561,82.72100529521545,-0.06378173828125,0.675537109375,-0.71661376953125,0.16143798828125,1.5741935483870966,47.702834799608986,0.5419354838709677,16.422287390029325
15.179922170995269,82.72100529521545,-0.06378173828125,0.675537109375,-0.71661376953125,0.16143798828125,1.5354838709677419,46.52981427174975,0.46451612903225803,14.076246334310849
15.199975260999054,82.72100529521545,-0.06378173828125,0.675537109375,-0.71661376953125,0.16143798828125,1.564516129032258,47.40957966764419,0.5516129032258064,16.715542521994134
15.220092545961961,82.971302208676,-0.07745361328125,0.67034912109375,-0.7171630859375,0.17413330078125,1.5709677419354837,47.60508308895405,0.5645161290322581,17.106549364613883
15.240215078985784,82.971302208676,-0.07745361328125,0.67034912109375,-0.7171630859375,0.17413330078125,1.5548387096774192,47.11632453567937,0.5129032258064515,15.542521994134894
15.260228456987534,82.98855869994236,-0.0888671875,0.667724609375,-0.71514892578125,0.18658447265625,1.596774193548387,48.38709677419355,0.48709677419354835,14.760508308895407
15.28038737497991,82.98855869994236,-0.0888671875,0.667724609375,-0.71514892578125,0.18658447265625,1.6096774193548384,48.77810361681329,0.47419354838709676,14.369501466275661
15.30042456096271,82.98855869994236,-0.0888671875,0.667724609375,-0.71514892578125,0.18658447265625,1.6387096774193548,49.65786901270772,0.3709677419354839,11.241446725317694
15.320521685003769,82.95315211512103,-0.09796142578125,0.66510009765625,-0.71356201171875,0.19732666015625,1.6419354838709677,49.75562072336266,0.3129032258064516,9.481915933528837
15.340581143973395,82.95315211512103,-0.09796142578125,0.66510009765625,-0.71356201171875,0.19732666015625,1.6451612903225807,49.8533724340176,0.32580645161290317,9.872922776148581
15.360664475010708,82.89899051935443,-0.10528564453125,0.66058349609375,-0.71380615234375,0.20733642578125,1.6483870967741936,49.95112414467254,0.46774193548387094,14.173998044965789
15.380755743011832,82.89899051935443,-0.10528564453125,0.66058349609375,-0.71380615234375,0.20733642578125,1.596774193548387,48.38709677419355,0.5,15.151515151515152
15.400829315010924,82.89899051935443,-0.10528564453125,0.66058349609375,-0.71380615234375,0.20733642578125,1.5548387096774192,47.11632453567937,0.5419354838709677,16.422287390029325
15.42093693499919,82.74316071880439,-0.11212158203125,0.65484619140625,-0.71466064453125,0.21881103515625,1.7032258064516128,51.61290322580645,0.47419354838709676,14.369501466275661
15.441000777995214,82.74316071880439,-0.11212158203125,0.65484619140625,-0.71466064453125,0.21881103515625,1.7,51.515151515151516,0.5483870967741935,16.617790811339198
15.46107838198077,82.51704679478705,-0.119140625,0.64837646484375,-0.71533203125,0.23187255859375,1.6290322580645162,49.36461388074292,0.5935483870967742,17.98631476050831
15.481160336988978,82.51704679478705,-0.119140625,0.64837646484375,-0.71533203125,0.23187255859375,1.5774193548387094,47.800586510263926,0.6064516129032258,18.377321603128056
15.501239540986717,82.51704679478705,-0.119140625,0.64837646484375,-0.71533203125,0.23187255859375,1.564516129032258,47.40957966764419,0.6193548387096773,18.768328445747798
15.522792004980147,82.31030451594279,-0.12615966796875,0.64227294921875,-0.71539306640625,0.24468994140625,1.6483870967741936,49.95112414467254,0.5935483870967742,17.98631476050831
15.5413997079595,82.31030451594279,-0.12615966796875,0.64227294921875,-0.71539306640625,0.24468994140625,1.6516129032258065,50.048875855327466,0.5451612903225805,16.520039100684258
15.561554465966765,82.12834684161278,-0.13189697265625,0.63739013671875,-0.71490478515625,0.25537109375,1.62258064516129,49.169110459433035,0.5387096774193548,16.32453567937439
15.581588995992206,82.12834684161278,-0.13189697265625,0.63739013671875,-0.71490478515625,0.25537109375,1.596774193548387,48.38709677419355,0.6,18.181818181818183
15.601670695992652,82.12834684161278,-0.13189697265625,0.63739013671875,-0.71490478515625,0.25537109375,1.632258064516129,49.462365591397855,0.6387096774193548,19.35483870967742
15.621765067975502,81.86543324577815,-0.1346435546875,0.63385009765625,-0.71466064453125,0.263427734375,1.7258064516129032,52.29716520039101,0.632258064516129,19.159335288367547
15.641799309989437,81.86543324577815,-0.1346435546875,0.63385009765625,-0.71466064453125,0.263427734375,1.7548387096774192,53.17693059628543,0.7064516129032258,21.407624633431084
15.661913521995302,81.51192713408913,-0.13482666015625,0.632568359375,-0.7137451171875,0.268798828125,1.793548387096774,54.34995112414467,0.7741935483870968,23.46041055718475
15.681988981959876,81.51192713408913,-0.13482666015625,0.632568359375,-0.7137451171875,0.268798828125,1.793548387096774,54.34995112414467,0.7483870967741935,22.678396871945257
15.702075097011402,81.51192713408913,-0.13482666015625,0.632568359375,-0.7137451171875,0.268798828125,1.8129032258064515,54.936461388074285,0.7709677419354838,23.36265884652981
15.722158076998312,81.01384097186936,-0.1343994140625,0.63275146484375,-0.71142578125,0.2745361328125,1.7999999999999998,54.54545454545454,0.7096774193548387,21.505376344086024
15.742270689981524,81.01384097186936,-0.1343994140625,0.63275146484375,-0.71142578125,0.2745361328125,1.8064516129032258,54.74095796676443,0.7258064516129032,21.994134897360706
15.762291555001866,80.48257050791702,-0.1346435546875,0.63323974609375,-0.70843505859375,0.28118896484375,1.8064516129032258,54.74095796676443,0.7806451612903225,23.65591397849462
15.782387559011113,80.48257050791702,-0.1346435546875,0.63323974609375,-0.70843505859375,0.28118896484375,1.8548387096774193,56.20723362658847,0.7741935483870968,23.46041055718475
15.80249550001463,80.48257050791702,-0.1346435546875,0.63323974609375,-0.70843505859375,0.28118896484375,1.861290322580645,56.402737047898334,0.7870967741935483,23.851417399804493
15.8225375500042,80.06079698851912,-0.13519287109375,0.6324462890625,-0.70648193359375,0.2874755859375,1.8548387096774193,56.20723362658847,0.7903225806451613,23.949169110459433
15.842574640992098,80.06079698851912,-0.13519287109375,0.6324462890625,-0.70648193359375,0.2874755859375,1.8806451612903226,56.98924731182796,0.9387096774193548,28.445747800586513
15.862679604964796,79.90376348282263,-0.1357421875,0.63275146484375,-0.70513916015625,0.289794921875,1.8774193548387097,56.89149560117303,0.8903225806451612,26.97947214076246
15.882769208983518,79.90376348282263,-0.1357421875,0.63275146484375,-0.70513916015625,0.289794921875,1.8709677419354838,56.695992179863154,0.967741935483871,29.32551319648094
15.902824187010992,79.90376348282263,-0.1357421875,0.63275146484375,-0.70513916015625,0.289794921875,1.8741935483870966,56.79374389051808,1.0032258064516129,30.40078201368524
15.922893374983687,79.85707424164958,-0.13543701171875,0.6353759765625,-0.703369140625,0.28851318359375,1.8548387096774193,56.20723362658847,1.025806451612903,31.08504398826979
15.942942208959721,79.85707424164958,-0.13543701171875,0.6353759765625,-0.703369140625,0.28851318359375,1.8677419354838707,56.59824046920821,1.0032258064516129,30.40078201368524
15.963042404968292,79.99767479361,-0.134033203125,0.64013671875,-0.70172119140625,0.2825927734375,1.8903225806451613,57.28250244379277,0.9580645161290322,29.03225806451613
15.983101543970406,79.99767479361,-0.134033203125,0.64013671875,-0.70172119140625,0.2825927734375,1.8838709677419354,57.0869990224829,0.9516129032258065,28.83675464320626
16.003221516963094,79.99767479361,-0.134033203125,0.64013671875,-0.70172119140625,0.2825927734375,1.8709677419354838,56.695992179863154,0.9548387096774194,28.934506353861195
16.023290320008527,80.22915721366557,-0.1307373046875,0.6446533203125,-0.70166015625,0.27392578125,1.9064516129032258,57.77126099706745,0.9580645161290322,29.03225806451613
16.043395221000537,80.22915721366557,-0.1307373046875,0.6446533203125,-0.70166015625,0.27392578125,1.9419354838709677,58.846529814271754,1.025806451612903,31.08504398826979
16.06345135200536,80.71341974984891,-0.12384033203125,0.65240478515625,-0.7021484375,0.2569580078125,1.961290322580645,59.43304007820137,0.967741935483871,29.32551319648094
16.08352105098311,80.71341974984891,-0.12384033203125,0.65240478515625,-0.7021484375,0.2569580078125,1.9774193548387096,59.92179863147605,1.2354838709677418,37.43890518084066
16.10356217296794,80.71341974984891,-0.12384033203125,0.65240478515625,-0.7021484375,0.2569580078125,1.9451612903225806,58.94428152492669,1.1870967741935483,35.97262952101662
16.123617951991037,81.04263458748575,-0.11273193359375,0.66192626953125,-0.70208740234375,0.2371826171875,2.009677419354839,60.899315738025415,1.2870967741935482,39.00293255131964
16.143678978958633,81.04263458748575,-0.11273193359375,0.66192626953125,-0.70208740234375,0.2371826171875,2.0806451612903225,63.049853372434015,1.293548387096774,39.19843597262952
16.16379219997907,81.33373532932292,-0.09820556640625,0.674560546875,-0.69976806640625,0.21356201171875,2.1322580645161286,64.61388074291298,1.2870967741935482,39.00293255131964
16.1838794350042,81.33373532932292,-0.09820556640625,0.674560546875,-0.69976806640625,0.21356201171875,2.1645161290322577,65.59139784946235,1.296774193548387,39.29618768328446
16.203985296015162,81.33373532932292,-0.09820556640625,0.674560546875,-0.69976806640625,0.21356201171875,2.1548387096774193,65.29814271749756,1.2999999999999998,39.39393939393939
16.224051635013893,81.52683480841885,-0.0811767578125,0.685546875,-0.69805908203125,0.19012451171875,2.190322580645161,66.37341153470186,1.3709677419354838,41.54447702834799
16.244144150987267,81.52683480841885,-0.0811767578125,0.685546875,-0.69805908203125,0.19012451171875,2.1870967741935483,66.27565982404691,1.5096774193548386,45.74780058651026
16.26422879396705,81.88061813703962,-0.06072998046875,0.6968994140625,-0.696044921875,0.1619873046875,2.193548387096774,66.47116324535679,1.4516129032258065,43.98826979472141
16.284300350002013,81.88061813703962,-0.06072998046875,0.6968994140625,-0.696044921875,0.1619873046875,2.22258064516129,67.35092864125122,1.6032258064516127,48.58260019550342
16.30440976197133,81.88061813703962,-0.06072998046875,0.6968994140625,-0.696044921875,0.1619873046875,2.2516129032258068,68.23069403714567,1.6419354838709677,49.75562072336266
16.32448467798531,82.13986159875577,-0.0384521484375,0.70733642578125,-0.69293212890625,0.13433837890625,2.261290322580645,68.52394916911047,1.7387096774193547,52.68817204301075
16.344535239972174,82.13986159875577,-0.0384521484375,0.70733642578125,-0.69293212890625,0.13433837890625,2.261290322580645,68.52394916911047,1.7870967741935482,54.154447702834794
16.364611660013907,82.33059974424188,-0.01470947265625,0.71673583984375,-0.68890380859375,0.10723876953125,2.274193548387097,68.91495601173021,1.8322580645161288,55.5229716520039
16.384702959971037,82.33059974424188,-0.01470947265625,0.71673583984375,-0.68890380859375,0.10723876953125,2.306451612903226,69.89247311827957,1.9,57.57575757575758
16.404788531013764,82.33059974424188,-0.01470947265625,0.71673583984375,-0.68890380859375,0.10723876953125,2.296774193548387,69.59921798631477,1.9161290322580644,58.06451612903226
16.424860982981045,82.52665190861093,0.0098876953125,0.7242431640625,-0.684814453125,0.0804443359375,2.358064516129032,71.45650048875855,1.9258064516129032,58.35777126099707
16.444939097971655,82.52665190861093,0.0098876953125,0.7242431640625,-0.684814453125,0.0804443359375,2.3000000000000003,69.69696969696972,1.9741935483870967,59.82404692082112
16.465015869995113,82.65979471781644,0.0355224609375,0.7281494140625,-0.68231201171875,0.054443359375,2.338709677419355,70.86999022482894,2.061290322580645,62.4633431085044
16.48509427299723,82.65979471781644,0.0355224609375,0.7281494140625,-0.68231201171875,0.054443359375,2.3419354838709676,70.96774193548387,2.051612903225806,62.17008797653958
16.505201188963838,82.65979471781644,0.0355224609375,0.7281494140625,-0.68231201171875,0.054443359375,2.3193548387096774,70.28347996089931,2.0774193548387094,62.95210166177908
16.525284425006248,82.85107686183694,0.0596923828125,0.73223876953125,-0.67779541015625,0.02972412109375,2.370967741935484,71.8475073313783,2.0451612903225804,61.97458455522972
16.54537095699925,82.85107686183694,0.0596923828125,0.73223876953125,-0.67779541015625,0.02972412109375,2.3548387096774195,71.35874877810362,2.029032258064516,61.48582600195503
16.565456560987514,82.9536592451827,0.082275390625,0.73504638671875,-0.6729736328125,0.00811767578125,2.370967741935484,71.8475073313783,1.9903225806451612,60.312805474095796
16.585572468989994,82.9536592451827,0.082275390625,0.73504638671875,-0.6729736328125,0.00811767578125,2.3193548387096774,70.28347996089931,2.0129032258064514,60.997067448680355
16.60562555998331,82.9536592451827,0.082275390625,0.73504638671875,-0.6729736328125,0.00811767578125,2.3548387096774195,71.35874877810362,2.019354838709677,61.19257086999021
16.625711355998646,82.99075007070903,-0.1053466796875,-0.73626708984375,0.6683349609375,0.01275634765625,2.370967741935484,71.8475073313783,2.074193548387097,62.85434995112414
16.645801247970667,82.99075007070903,-0.1053466796875,-0.73626708984375,0.6683349609375,0.01275634765625,2.3483870967741938,71.16324535679375,2.0129032258064514,60.997067448680355
16.66588678699918,83.04598857347344,-0.127197265625,-0.7354736328125,0.66473388671875,0.03265380859375,2.3451612903225807,71.0654936461388,2.0064516129032257,60.80156402737048
16.685972806997597,83.04598857347344,-0.127197265625,-0.7354736328125,0.66473388671875,0.03265380859375,2.3322580645161293,70.67448680351907,1.932258064516129,58.55327468230694
16.7060565869906,83.04598857347344,-0.127197265625,-0.7354736328125,0.66473388671875,0.03265380859375,2.329032258064516,70.57673509286413,1.9096774193548387,57.86901270772239
16.726145358989015,83.13785087289513,-0.14642333984375,-0.73394775390625,0.66131591796875,0.050537109375,2.338709677419355,70.86999022482894,1.903225806451613,57.67350928641252
16.7462319220067,83.13785087289513,-0.14642333984375,-0.73394775390625,0.66131591796875,0.050537109375,2.335483870967742,70.772238514174,1.8032258064516127,54.64320625610948
16.766317141999025,83.51038886377192,-0.16204833984375,-0.7349853515625,0.6549072265625,0.0675048828125,2.270967741935484,68.81720430107528,1.7451612903225806,52.883675464320625
16.786412378016394,83.51038886377192,-0.16204833984375,-0.7349853515625,0.6549072265625,0.0675048828125,2.2870967741935484,69.30596285434996,1.6516129032258065,50.048875855327466
16.8065060779918,83.51038886377192,-0.16204833984375,-0.7349853515625,0.6549072265625,0.0675048828125,2.2677419354838713,68.71945259042035,1.635483870967742,49.56011730205279
16.826556353014894,83.73363321091773,-0.1728515625,-0.736572265625,0.649169921875,0.0782470703125,2.2387096774193544,67.8396871945259,1.467741935483871,44.4770283479961
16.846659684961196,83.73363321091773,-0.1728515625,-0.736572265625,0.649169921875,0.0782470703125,2.261290322580645,68.52394916911047,1.3903225806451613,42.13098729227762
16.866712199989706,83.89076024165743,-0.18450927734375,-0.7384033203125,0.642578125,0.0885009765625,2.2096774193548385,66.95992179863147,1.4451612903225806,43.79276637341153
16.886781451001298,83.89076024165743,-0.18450927734375,-0.7384033203125,0.642578125,0.0885009765625,2.2096774193548385,66.95992179863147,1.4387096774193548,43.59726295210166
16.906859533977695,83.89076024165743,-0.18450927734375,-0.7384033203125,0.642578125,0.0885009765625,2.2290322580645157,67.54643206256108,1.4225806451612903,43.10850439882698
16.926924625004176,83.98967537099632,-0.19586181640625,-0.73736572265625,0.63885498046875,0.09869384765625,2.212903225806451,67.0576735092864,1.4903225806451612,45.16129032258064
16.94695736397989,83.98967537099632,-0.19586181640625,-0.73736572265625,0.63885498046875,0.09869384765625,2.1774193548387095,65.98240469208211,1.5193548387096774,46.04105571847507
16.96705989597831,84.03426452035045,-0.20574951171875,-0.7353515625,0.63671875,0.10748291015625,2.1741935483870964,65.88465298142717,1.5225806451612902,46.138807429130004
16.987127386964858,84.03426452035045,-0.20574951171875,-0.7353515625,0.63671875,0.10748291015625,2.1645161290322577,65.59139784946235,1.596774193548387,48.38709677419355
17.007172796991654,84.03426452035045,-0.20574951171875,-0.7353515625,0.63671875,0.10748291015625,2.1322580645161286,64.61388074291298,1.5451612903225804,46.82306940371456
17.02731641900027,84.0018830009788,-0.21636962890625,-0.73248291015625,0.6348876953125,0.1162109375,2.1419354838709674,64.90713587487781,1.4870967741935484,45.06353861192571
17.047391973959748,84.0018830009788,-0.21636962890625,-0.73248291015625,0.6348876953125,0.1162109375,2.1354838709677417,64.71163245356793,1.5999999999999999,48.484848484848484
17.06748292199336,83.86242790147531,-0.22869873046875,-0.73040771484375,0.63140869140625,0.12451171875,2.0999999999999996,63.636363636363626,1.6612903225806452,50.34213098729228
17.087549932999536,83.86242790147531,-0.22869873046875,-0.73040771484375,0.63140869140625,0.12451171875,2.051612903225806,62.17008797653958,1.6483870967741936,49.95112414467254
17.10766097798478,83.86242790147531,-0.22869873046875,-0.73040771484375,0.63140869140625,0.12451171875,2.0483870967741935,62.07233626588465,1.6741935483870967,50.733137829912025
17.127698579977732,83.51130141787624,-0.24249267578125,-0.72796630859375,0.627685546875,0.1314697265625,1.9838709677419355,60.117302052785924,1.6516129032258065,50.048875855327466
17.147788663976826,83.51130141787624,-0.24249267578125,-0.72796630859375,0.627685546875,0.1314697265625,2.029032258064516,61.48582600195503,1.596774193548387,48.38709677419355
17.167860794987064,82.91809814482453,-0.25628662109375,-0.72412109375,0.6256103515625,0.13629150390625,2.0354838709677416,61.6813294232649,1.4903225806451612,45.16129032258064
17.187952670967206,82.91809814482453,-0.25628662109375,-0.72412109375,0.6256103515625,0.13629150390625,2.0032258064516126,60.703812316715535,1.596774193548387,48.38709677419355
17.208021347003523,82.91809814482453,-0.25628662109375,-0.72412109375,0.6256103515625,0.13629150390625,1.9838709677419355,60.117302052785924,1.4387096774193548,43.59726295210166
17.22810531797586,82.23267348181022,-0.2696533203125,-0.71905517578125,0.62493896484375,0.140380859375,1.9516129032258065,59.13978494623656,1.4806451612903224,44.868035190615835
17.248175240994897,82.23267348181022,-0.2696533203125,-0.71905517578125,0.62493896484375,0.140380859375,1.9516129032258065,59.13978494623656,1.596774193548387,48.38709677419355
17.268268972984515,81.38315569858727,-0.2823486328125,-0.7138671875,0.6248779296875,0.1422119140625,1.896774193548387,57.478005865102645,1.4161290322580644,42.91300097751711
17.28835035295924,81.38315569858727,-0.2823486328125,-0.7138671875,0.6248779296875,0.1422119140625,1.7258064516129032,52.29716520039101,1.3516129032258062,40.957966764418366
17.308430356963072,81.38315569858727,-0.2823486328125,-0.7138671875,0.6248779296875,0.1422119140625,1.761290322580645,53.3724340175953,1.432258064516129,43.401759530791786
17.32857224997133,80.556342257317,-0.29425048828125,-0.708251953125,0.6253662109375,0.14398193359375,1.8258064516129031,55.32746823069403,1.4064516129032258,42.619745845552295
17.34863615699578,80.556342257317,-0.29425048828125,-0.708251953125,0.6253662109375,0.14398193359375,1.7419354838709677,52.785923753665685,1.361290322580645,41.251221896383186
17.368714144977275,79.85632530246266,-0.3050537109375,-0.70281982421875,0.625732421875,0.14630126953125,1.7774193548387096,53.86119257086999,1.329032258064516,40.27370478983382
17.388772482983768,79.85632530246266,-0.3050537109375,-0.70281982421875,0.625732421875,0.14630126953125,1.729032258064516,52.39491691104594,1.1838709677419355,35.87487781036168
17.40884253499098,79.85632530246266,-0.3050537109375,-0.70281982421875,0.625732421875,0.14630126953125,1.7516129032258063,53.0791788856305,1.2354838709677418,37.43890518084066
17.42892701801611,79.19908142311878,-0.31591796875,-0.69769287109375,0.62548828125,0.14892578125,1.732258064516129,52.49266862170088,1.1258064516129034,34.115347018572834
17.449030062998645,79.19908142311878,-0.31591796875,-0.69769287109375,0.62548828125,0.14892578125,1.7387096774193547,52.68817204301075,1.1387096774193548,34.50635386119257
17.46911409799941,78.53716403742888,-0.32659912109375,-0.693115234375,0.62457275390625,0.15093994140625,1.7387096774193547,52.68817204301075,1.2451612903225806,37.732160312805476
17.48920219799038,78.53716403742888,-0.32659912109375,-0.693115234375,0.62457275390625,0.15093994140625,1.7,51.515151515151516,1.2387096774193547,37.536656891495596
17.50928879401181,78.53716403742888,-0.32659912109375,-0.693115234375,0.62457275390625,0.15093994140625,1.7193548387096773,52.101661779081134,1.2903225806451613,39.100684261974585
17.529375133977737,77.95782715232909,-0.337158203125,-0.6884765625,0.62347412109375,0.15380859375,1.6548387096774193,50.146627565982406,1.2096774193548387,36.65689149560117
17.54945814498933,77.95782715232909,-0.337158203125,-0.6884765625,0.62347412109375,0.15380859375,1.696774193548387,51.417399804496576,1.3741935483870966,41.64222873900293
17.56957552599488,77.34911944604589,-0.34759521484375,-0.683837890625,0.6221923828125,0.1561279296875,1.7096774193548387,51.80840664711632,1.3741935483870966,41.64222873900293
17.589671689958777,77.34911944604589,-0.34759521484375,-0.683837890625,0.6221923828125,0.1561279296875,1.732258064516129,52.49266862170088,1.467741935483871,44.4770283479961
17.60976948600728,77.34911944604589,-0.34759521484375,-0.683837890625,0.6221923828125,0.1561279296875,1.7258064516129032,52.29716520039101,1.4451612903225806,43.79276637341153
17.62986840197118,76.62417723824575,-0.3568115234375,-0.679931640625,0.621337890625,0.15594482421875,1.7161290322580645,52.003910068426194,1.464516129032258,44.37927663734115
17.649923604971264,76.62417723824575,-0.3568115234375,-0.679931640625,0.621337890625,0.15594482421875,1.7129032258064516,51.90615835777126,1.4129032258064516,42.81524926686217
17.670017944998108,75.97586681919688,-0.36407470703125,-0.676025390625,0.6214599609375,0.15545654296875,1.7129032258064516,51.90615835777126,1.3774193548387097,41.73998044965787
17.690085756010376,75.97586681919688,-0.36407470703125,-0.676025390625,0.6214599609375,0.15545654296875,1.7032258064516128,51.61290322580645,1.3709677419354838,41.54447702834799
17.710160512011498,75.97586681919688,-0.36407470703125,-0.676025390625,0.6214599609375,0.15545654296875,1.6806451612903226,50.9286412512219,1.3419354838709676,40.66471163245357
17.73024029098451,75.4412518664366,-0.36920166015625,-0.67242431640625,0.62255859375,0.1549072265625,1.7,51.515151515151516,1.3935483870967742,42.22873900293255
17.750312229967676,75.4412518664366,-0.36920166015625,-0.67242431640625,0.62255859375,0.1549072265625,1.6870967741935483,51.12414467253177,1.493548387096774,45.25904203323558
17.77042196301045,75.14157929875837,-0.37225341796875,-0.6705322265625,0.622802734375,0.154541015625,1.6903225806451612,51.2218963831867,1.5129032258064514,45.8455522971652
17.79049175797263,75.14157929875837,-0.37225341796875,-0.6705322265625,0.622802734375,0.154541015625,1.7,51.515151515151516,1.493548387096774,45.25904203323558
17.810560176963918,75.14157929875837,-0.37225341796875,-0.6705322265625,0.622802734375,0.154541015625,1.6709677419354838,50.635386119257085,1.4548387096774194,44.086021505376344
17.830665525980294,74.98868951188265,-0.37396240234375,-0.6700439453125,0.6224365234375,0.15411376953125,1.6483870967741936,49.95112414467254,1.4258064516129032,43.20625610948191
17.850713335967157,74.98868951188265,-0.37396240234375,-0.6700439453125,0.6224365234375,0.15411376953125,1.6290322580645162,49.36461388074292,1.4838709677419355,44.965786901270775
17.870814524008892,74.7944265444928,-0.37481689453125,-0.669921875,0.62249755859375,0.15252685546875,1.6193548387096772,49.071358748778096,1.5064516129032257,45.650048875855326
17.89084729499882,74.7944265444928,-0.37481689453125,-0.669921875,0.62249755859375,0.15252685546875,1.5999999999999999,48.484848484848484,1.5032258064516129,45.552297165200386
17.910972515004687,74.7944265444928,-0.37481689453125,-0.669921875,0.62249755859375,0.15252685546875,1.6096774193548384,48.77810361681329,1.4161290322580644,42.91300097751711
17.93102189397905,74.56211752089393,-0.37518310546875,-0.6689453125,0.6236572265625,0.15081787109375,1.6129032258064515,48.87585532746823,1.496774193548387,45.35679374389051
17.951107369968668,74.56211752089393,-0.37518310546875,-0.6689453125,0.6236572265625,0.15081787109375,1.6193548387096772,49.071358748778096,1.496774193548387,45.35679374389051
17.971185644972138,74.41093925790756,-0.3748779296875,-0.66815185546875,0.62506103515625,0.14959716796875,1.5999999999999999,48.484848484848484,1.4548387096774194,44.086021505376344
17.991297458007466,74.41093925790756,-0.3748779296875,-0.66815185546875,0.62506103515625,0.14959716796875,1.6419354838709677,49.75562072336266,1.461290322580645,44.28152492668622
18.01135038898792,74.41093925790756,-0.3748779296875,-0.66815185546875,0.62506103515625,0.14959716796875,1.632258064516129,49.462365591397855,1.4580645161290322,44.18377321603128
18.03142764000222,74.31166767551491,-0.3746337890625,-0.669189453125,0.62451171875,0.1475830078125,1.6096774193548384,48.77810361681329,1.5193548387096774,46.04105571847507
18.05148633097997,74.31166767551491,-0.3746337890625,-0.669189453125,0.62451171875,0.1475830078125,1.62258064516129,49.169110459433035,1.4741935483870967,44.67253176930596
18.071562781988177,74.08189684412781,-0.375,-0.67059326171875,0.62359619140625,0.14422607421875,1.5999999999999999,48.484848484848484,1.4903225806451612,45.16129032258064
18.09168617898831,74.08189684412781,-0.375,-0.67059326171875,0.62359619140625,0.14422607421875,1.5774193548387094,47.800586510263926,1.5387096774193547,46.62756598240469
18.111730789998546,74.08189684412781,-0.375,-0.67059326171875,0.62359619140625,0.14422607421875,1.5774193548387094,47.800586510263926,1.4870967741935484,45.06353861192571
18.131837641994935,73.98993828525866,-0.373291015625,-0.6717529296875,0.6240234375,0.1414794921875,1.5709677419354837,47.60508308895405,1.5064516129032257,45.650048875855326
18.151908684987575,73.98993828525866,-0.373291015625,-0.6717529296875,0.6240234375,0.1414794921875,1.590322580645161,48.19159335288367,1.3677419354838707,41.44672531769305
18.171974000986665,73.95849886182117,-0.37078857421875,-0.6727294921875,0.625,0.13909912109375,1.5741935483870966,47.702834799608986,1.3870967741935485,42.033235581622684
18.192046963959,73.95849886182117,-0.37078857421875,-0.6727294921875,0.625,0.13909912109375,1.564516129032258,47.40957966764419,1.3322580645161288,40.371456500488755
18.212130679981783,73.95849886182117,-0.37078857421875,-0.6727294921875,0.625,0.13909912109375,1.5193548387096774,46.04105571847507,1.2677419354838708,38.41642228739003
18.23220617097104,73.93290253336855,-0.36798095703125,-0.67449951171875,0.62542724609375,0.13604736328125,1.4225806451612903,43.10850439882698,1.2161290322580645,36.852394916911045
18.25229151896201,73.93290253336855,-0.36798095703125,-0.67449951171875,0.62542724609375,0.13604736328125,1.3645161290322578,41.34897360703812,1.2451612903225806,37.732160312805476
18.272371553990524,73.97872990366731,-0.36492919921875,-0.6763916015625,0.62567138671875,0.133544921875,1.3838709677419354,41.935483870967744,1.1870967741935483,35.97262952101662
18.292446277977433,73.97872990366731,-0.36492919921875,-0.6763916015625,0.62567138671875,0.133544921875,1.3677419354838707,41.44672531769305,1.1483870967741936,34.799608993157385
18.31254778598668,73.97872990366731,-0.36492919921875,-0.6763916015625,0.62567138671875,0.133544921875,1.3741935483870966,41.64222873900293,1.032258064516129,31.28054740957967
18.332614156999625,74.08851452503532,-0.36163330078125,-0.67828369140625,0.6259765625,0.13165283203125,1.3741935483870966,41.64222873900293,0.9354838709677419,28.347996089931577
18.352721553004812,74.08851452503532,-0.36163330078125,-0.67828369140625,0.6259765625,0.13165283203125,1.3870967741935485,42.033235581622684,0.8612903225806451,26.099706744868033
18.37280238897074,74.15481204906875,-0.35888671875,-0.6793212890625,0.626708984375,0.130126953125,1.2677419354838708,38.41642228739003,0.9129032258064516,27.663734115347015
18.392853208002634,74.15481204906875,-0.35888671875,-0.6793212890625,0.626708984375,0.130126953125,1.2741935483870968,38.6119257086999,0.9354838709677419,28.347996089931577
18.41292908298783,74.15481204906875,-0.35888671875,-0.6793212890625,0.626708984375,0.130126953125,1.2258064516129032,37.14565004887586,0.9387096774193548,28.445747800586513
18.433049087994732,74.26883379229682,-0.35693359375,-0.68017578125,0.626953125,0.12969970703125,1.2096774193548387,36.65689149560117,1.0,30.303030303030305
18.453100898012053,74.26883379229682,-0.35693359375,-0.68017578125,0.626953125,0.12969970703125,1.2,36.36363636363637,0.9935483870967742,30.107526881720432
18.47319783101557,74.33996249552783,-0.35601806640625,-0.68096923828125,0.626708984375,0.12945556640625,1.1483870967741936,34.799608993157385,1.0161290322580645,30.791788856304986
18.493274569977075,74.33996249552783,-0.35601806640625,-0.68096923828125,0.626708984375,0.12945556640625,1.1516129032258065,34.89736070381232,1.0096774193548386,30.596285434995107
18.51334785297513,74.33996249552783,-0.35601806640625,-0.68096923828125,0.626708984375,0.12945556640625,1.1129032258064515,33.724340175953074,0.9709677419354839,29.423264907135877
18.533437776961364,74.39150666993584,-0.35540771484375,-0.681640625,0.6263427734375,0.12921142578125,1.132258064516129,34.3108504398827,1.0064516129032257,30.498533724340177
18.553549525968265,74.39150666993584,-0.35540771484375,-0.681640625,0.6263427734375,0.12921142578125,1.0935483870967742,33.137829912023456,1.0,30.303030303030305
18.573611928964965,74.3892528226943,-0.35491943359375,-0.681884765625,0.62652587890625,0.1287841796875,1.0838709677419354,32.84457478005865,0.9548387096774194,28.934506353861195
18.59367279597791,74.3892528226943,-0.35491943359375,-0.681884765625,0.62652587890625,0.1287841796875,1.0354838709677419,31.378299120234605,0.9064516129032257,27.468230694037143
18.613758751016576,74.3892528226943,-0.35491943359375,-0.681884765625,0.62652587890625,0.1287841796875,1.0548387096774192,31.964809384164223,0.9129032258064516,27.663734115347015
18.633885891991667,74.32892471445227,-0.3543701171875,-0.68194580078125,0.626953125,0.12774658203125,1.0387096774193547,31.47605083088954,0.8870967741935484,26.88172043010753
18.653911813977174,74.32892471445227,-0.3543701171875,-0.68194580078125,0.626953125,0.12774658203125,1.0354838709677419,31.378299120234605,0.8999999999999999,27.27272727272727
18.673989545961376,74.24915481979544,-0.35382080078125,-0.681884765625,0.6275634765625,0.1265869140625,1.0387096774193547,31.47605083088954,0.8580645161290322,26.001955034213097
18.694068140990566,74.24915481979544,-0.35382080078125,-0.681884765625,0.6275634765625,0.1265869140625,1.032258064516129,31.28054740957967,0.8483870967741935,25.708699902248288
18.71411713596899,74.24915481979544,-0.35382080078125,-0.681884765625,0.6275634765625,0.1265869140625,1.0161290322580645,30.791788856304986,0.8870967741935484,26.88172043010753
18.73420696397079,74.1883628192449,-0.353271484375,-0.6817626953125,0.628173828125,0.12567138671875,1.0161290322580645,30.791788856304986,0.8612903225806451,26.099706744868033
18.759501557971817,74.1883628192449,-0.353271484375,-0.6817626953125,0.628173828125,0.12567138671875,1.0354838709677419,31.378299120234605,0.8354838709677419,25.317693059628542
18.77438885997981,74.16122144249732,-0.35296630859375,-0.68206787109375,0.628173828125,0.125,1.025806451612903,31.08504398826979,0.8677419354838709,26.295210166177906
18.794467518979218,74.16122144249732,-0.35296630859375,-0.68206787109375,0.628173828125,0.125,1.0387096774193547,31.47605083088954,0.8548387096774194,25.90420332355816
18.814541633997578,74.16122144249732,-0.35296630859375,-0.68206787109375,0.628173828125,0.125,1.032258064516129,31.28054740957967,0.7999999999999999,24.242424242424242
18.8346589509747,74.13016611479793,-0.35260009765625,-0.68231201171875,0.62823486328125,0.124267578125,1.0516129032258064,31.867057673509287,0.7709677419354838,23.36265884652981
18.854764746967703,74.13016611479793,-0.35260009765625,-0.68231201171875,0.62823486328125,0.124267578125,1.032258064516129,31.28054740957967,0.7677419354838709,23.264907135874875
18.87482625397388,74.08210947625008,-0.35235595703125,-0.682373046875,0.62841796875,0.12353515625,1.032258064516129,31.28054740957967,0.7290322580645161,22.09188660801564
18.894951155001763,74.08210947625008,-0.35235595703125,-0.682373046875,0.62841796875,0.12353515625,1.0387096774193547,31.47605083088954,0.8032258064516128,24.340175953079175
18.91499765397748,74.08210947625008,-0.35235595703125,-0.682373046875,0.62841796875,0.12353515625,1.032258064516129,31.28054740957967,0.8096774193548386,24.535679374389048
18.935096697998233,74.03989958185699,-0.35211181640625,-0.6824951171875,0.62860107421875,0.12286376953125,1.032258064516129,31.28054740957967,0.8419354838709677,25.513196480938415
18.955178909993265,74.03989958185699,-0.35211181640625,-0.6824951171875,0.62860107421875,0.12286376953125,1.0354838709677419,31.378299120234605,0.8258064516129032,25.024437927663733
18.975252769014332,73.98472966601796,-0.35205078125,-0.6824951171875,0.62872314453125,0.1221923828125,1.0290322580645161,31.182795698924732,0.8548387096774194,25.90420332355816
18.995315875974484,73.98472966601796,-0.35205078125,-0.6824951171875,0.62872314453125,0.1221923828125,1.0548387096774192,31.964809384164223,0.8225806451612904,24.9266862170088
19.01536167098675,73.98472966601796,-0.35205078125,-0.6824951171875,0.62872314453125,0.1221923828125,1.0290322580645161,31.182795698924732,0.8354838709677419,25.317693059628542
19.03547553101089,73.94922855749837,-0.3521728515625,-0.68255615234375,0.628662109375,0.121826171875,1.0193548387096774,30.889540566959923,0.8838709677419354,26.783968719452588
19.05558020697208,73.94922855749837,-0.3521728515625,-0.68255615234375,0.628662109375,0.121826171875,1.0419354838709676,31.57380254154447,0.8935483870967741,27.077223851417397
19.075696851999965,73.87769187365959,-0.3525390625,-0.68243408203125,0.62872314453125,0.121337890625,1.032258064516129,31.28054740957967,0.8999999999999999,27.27272727272727
19.09574767097365,73.87769187365959,-0.3525390625,-0.68243408203125,0.62872314453125,0.121337890625,1.0225806451612902,30.98729227761486,0.9129032258064516,27.663734115347015
19.115854714997113,73.87769187365959,-0.3525390625,-0.68243408203125,0.62872314453125,0.121337890625,1.032258064516129,31.28054740957967,0.8225806451612904,24.9266862170088
19.135904797993135,73.8197442176611,-0.3529052734375,-0.68206787109375,0.62896728515625,0.12115478515625,1.032258064516129,31.28054740957967,0.7935483870967741,24.046920821114366
19.155996417975985,73.8197442176611,-0.3529052734375,-0.68206787109375,0.62896728515625,0.12115478515625,1.032258064516129,31.28054740957967,0.7838709677419354,23.753665689149557
19.17605846899096,73.74626867469838,-0.3541259765625,-0.68157958984375,0.62872314453125,0.121337890625,1.0709677419354837,32.453567937438905,0.8451612903225806,25.61094819159335
19.196129543997813,73.74626867469838,-0.3541259765625,-0.68157958984375,0.62872314453125,0.121337890625,1.1129032258064515,33.724340175953074,0.8354838709677419,25.317693059628542
19.216170441999566,73.74626867469838,-0.3541259765625,-0.68157958984375,0.62872314453125,0.121337890625,1.1548387096774193,34.99511241446726,0.8774193548387096,26.588465298142715
19.23629156698007,73.78228454456197,-0.35540771484375,-0.68182373046875,0.6275634765625,0.122314453125,1.1741935483870969,35.581622678396876,0.9032258064516129,27.370478983382213
19.256378898979165,73.78228454456197,-0.35540771484375,-0.68182373046875,0.6275634765625,0.122314453125,1.1838709677419355,35.87487781036168,0.9451612903225807,28.641251221896386
19.27644613396842,73.90131325533336,-0.3558349609375,-0.68280029296875,0.6260986328125,0.12322998046875,1.1838709677419355,35.87487781036168,0.9419354838709677,28.54349951124145
19.296494136971887,73.90131325533336,-0.3558349609375,-0.68280029296875,0.6260986328125,0.12322998046875,1.2096774193548387,36.65689149560117,0.9419354838709677,28.54349951124145
19.316544570960104,73.90131325533336,-0.3558349609375,-0.68280029296875,0.6260986328125,0.12322998046875,1.2354838709677418,37.43890518084066,0.896774193548387,27.174975562072333
19.336638494976796,73.92474701556948,-0.3558349609375,-0.6834716796875,0.62542724609375,0.123046875,1.2096774193548387,36.65689149560117,1.0290322580645161,31.182795698924732
19.356671808985993,73.92474701556948,-0.3558349609375,-0.6834716796875,0.62542724609375,0.123046875,1.206451612903226,36.55913978494624,1.0290322580645161,31.182795698924732
19.376757572987117,73.98017778643627,-0.35626220703125,-0.6842041015625,0.62432861328125,0.1234130859375,1.2096774193548387,36.65689149560117,1.0741935483870966,32.55131964809384
19.396818695997354,73.98017778643627,-0.35626220703125,-0.6842041015625,0.62432861328125,0.1234130859375,1.2548387096774192,38.025415444770275,1.0483870967741935,31.76930596285435
19.416871370980516,73.98017778643627,-0.35626220703125,-0.6842041015625,0.62432861328125,0.1234130859375,1.2774193548387096,38.70967741935484,1.1193548387096772,33.91984359726295
19.436942350002937,74.05431046663927,-0.35809326171875,-0.68426513671875,0.622802734375,0.12518310546875,1.2903225806451613,39.100684261974585,1.1516129032258065,34.89736070381232
19.45701160101453,74.05431046663927,-0.35809326171875,-0.68426513671875,0.622802734375,0.12518310546875,1.4064516129032258,42.619745845552295,1.1806451612903226,35.77712609970675
19.477070099965204,74.13729744552732,-0.36053466796875,-0.68463134765625,0.62060546875,0.127197265625,1.5161290322580645,45.94330400782014,1.3322580645161288,40.371456500488755
19.497138359001838,74.13729744552732,-0.36053466796875,-0.68463134765625,0.62060546875,0.127197265625,1.5774193548387094,47.800586510263926,1.3096774193548386,39.687194525904204
19.517205850977916,74.13729744552732,-0.36053466796875,-0.68463134765625,0.62060546875,0.127197265625,1.5709677419354837,47.60508308895405,1.2741935483870968,38.6119257086999
19.537274045986123,74.15686126662919,-0.363037109375,-0.6846923828125,0.6187744140625,0.12872314453125,1.6483870967741936,49.95112414467254,1.3838709677419354,41.935483870967744
19.557340416999068,74.15686126662919,-0.363037109375,-0.6846923828125,0.6187744140625,0.12872314453125,1.6516129032258065,50.048875855327466,1.4161290322580644,42.91300097751711
19.577466182003263,74.19754045712426,-0.364013671875,-0.68475341796875,0.617919921875,0.129638671875,1.6806451612903226,50.9286412512219,1.3741935483870966,41.64222873900293
19.597551145998295,74.19754045712426,-0.364013671875,-0.68475341796875,0.617919921875,0.129638671875,1.667741935483871,50.53763440860215,1.4129032258064516,42.81524926686217
19.617588268010877,74.19754045712426,-0.364013671875,-0.68475341796875,0.617919921875,0.129638671875,1.6774193548387097,50.83088954056696,1.5419354838709676,46.72531769305962
19.637684112007264,74.17488709534646,-0.3646240234375,-0.6846923828125,0.61761474609375,0.1297607421875,1.7,51.515151515151516,1.5806451612903225,47.898338220918866
19.657749683014117,74.17488709534646,-0.3646240234375,-0.6846923828125,0.61761474609375,0.1297607421875,1.6612903225806452,50.34213098729228,1.6483870967741936,49.95112414467254
19.677798773976974,74.17579047434111,-0.36572265625,-0.68414306640625,0.61737060546875,0.1307373046875,1.729032258064516,52.39491691104594,1.6870967741935483,51.12414467253177
19.697930010966957,74.17579047434111,-0.36572265625,-0.68414306640625,0.61737060546875,0.1307373046875,1.7258064516129032,52.29716520039101,1.7516129032258063,53.0791788856305
19.71805977600161,74.17579047434111,-0.36572265625,-0.68414306640625,0.61737060546875,0.1307373046875,1.7548387096774192,53.17693059628543,1.7774193548387096,53.86119257086999
19.738067264959682,74.29451471590497,-0.36676025390625,-0.6845703125,0.61590576171875,0.13226318359375,1.7548387096774192,53.17693059628543,1.6741935483870967,50.733137829912025
19.758108418958727,74.29451471590497,-0.36676025390625,-0.6845703125,0.61590576171875,0.13226318359375,1.7741935483870968,53.76344086021506,1.7354838709677418,52.59042033235581
19.778186854964588,74.38804233915265,-0.36663818359375,-0.68548583984375,0.6148681640625,0.132568359375,1.7741935483870968,53.76344086021506,1.6870967741935483,51.12414467253177
19.79824903397821,74.38804233915265,-0.36663818359375,-0.68548583984375,0.6148681640625,0.132568359375,1.7774193548387096,53.86119257086999,1.7161290322580645,52.003910068426194
19.818317356985062,74.38804233915265,-0.36663818359375,-0.68548583984375,0.6148681640625,0.132568359375,1.761290322580645,53.3724340175953,1.8419354838709676,55.816226783968716
19.838381904002745,74.48406148332614,-0.36602783203125,-0.686279296875,0.61431884765625,0.13275146484375,1.796774193548387,54.44770283479961,1.8645161290322578,56.50048875855327
19.85844481899403,74.48406148332614,-0.36602783203125,-0.686279296875,0.61431884765625,0.13275146484375,1.8032258064516127,54.64320625610948,1.8580645161290321,56.304985337243394
19.878541430982295,74.586891271967,-0.3656005859375,-0.68707275390625,0.6136474609375,0.13311767578125,1.7516129032258063,53.0791788856305,1.896774193548387,57.478005865102645
19.898583545989823,74.586891271967,-0.3656005859375,-0.68707275390625,0.6136474609375,0.13311767578125,1.7451612903225806,52.883675464320625,1.8741935483870966,56.79374389051808
19.91866415698314,74.586891271967,-0.3656005859375,-0.68707275390625,0.6136474609375,0.13311767578125,1.7806451612903225,53.95894428152492,1.8677419354838707,56.59824046920821
19.93871964799473,74.63443153067625,-0.36505126953125,-0.6873779296875,0.61358642578125,0.13311767578125,1.7516129032258063,53.0791788856305,1.8580645161290321,56.304985337243394
19.95878118701512,74.63443153067625,-0.36505126953125,-0.6873779296875,0.61358642578125,0.13311767578125,1.7258064516129032,52.29716520039101,1.8580645161290321,56.304985337243394
19.978874086984433,74.67637202982155,-0.3648681640625,-0.6878662109375,0.61322021484375,0.1331787109375,1.7419354838709677,52.785923753665685,1.8161290322580643,55.034213098729225
19.99892775400076,74.67637202982155,-0.3648681640625,-0.6878662109375,0.61322021484375,0.1331787109375,1.7483870967741935,52.98142717497556,1.8161290322580643,55.034213098729225
20.018995916994754,74.67637202982155,-0.3648681640625,-0.6878662109375,0.61322021484375,0.1331787109375,1.7161290322580645,52.003910068426194,1.829032258064516,55.42521994134897
20.039163218985777,74.67014069436041,-0.3651123046875,-0.68792724609375,0.61297607421875,0.1331787109375,1.732258064516129,52.49266862170088,1.8193548387096772,55.13196480938416
20.059502143005375,74.67014069436041,-0.3651123046875,-0.68792724609375,0.61297607421875,0.1331787109375,1.729032258064516,52.39491691104594,1.8354838709677417,55.62072336265884
20.07954044896178,74.67188113151163,-0.365234375,-0.6883544921875,0.6124267578125,0.1329345703125,1.7258064516129032,52.29716520039101,1.8387096774193548,55.71847507331379
20.09959776396863,74.67188113151163,-0.365234375,-0.6883544921875,0.6124267578125,0.1329345703125,1.7,51.515151515151516,1.8419354838709676,55.816226783968716
20.119688775972463,74.67188113151163,-0.365234375,-0.6883544921875,0.6124267578125,0.1329345703125,1.7064516129032257,51.71065493646139,1.8741935483870966,56.79374389051808
20.13974189799046,74.71645653038618,-0.3651123046875,-0.6890869140625,0.61175537109375,0.13287353515625,1.7225806451612902,52.19941348973607,1.8935483870967742,57.380254154447705
20.15987105498789,74.71645653038618,-0.3651123046875,-0.6890869140625,0.61175537109375,0.13287353515625,1.7516129032258063,53.0791788856305,1.8580645161290321,56.304985337243394
20.17992843396496,74.70775384018057,-0.36474609375,-0.68951416015625,0.611572265625,0.13226318359375,1.7,51.515151515151516,1.8580645161290321,56.304985337243394
20.20000725396676,74.70775384018057,-0.36474609375,-0.68951416015625,0.611572265625,0.13226318359375,1.7387096774193547,52.68817204301075,1.8419354838709676,55.816226783968716
20.220392131013796,74.70775384018057,-0.36474609375,-0.68951416015625,0.611572265625,0.13226318359375,1.7,51.515151515151516,1.8548387096774193,56.20723362658847
20.240427172975615,74.66668677781604,-0.36419677734375,-0.68994140625,0.61163330078125,0.1312255859375,1.7258064516129032,52.29716520039101,1.8129032258064515,54.936461388074285
20.260484487982467,74.66668677781604,-0.36419677734375,-0.68994140625,0.61163330078125,0.1312255859375,1.7193548387096773,52.101661779081134,1.732258064516129,52.49266862170088
20.280547402973752,74.57567673640135,-0.363525390625,-0.690185546875,0.612060546875,0.12969970703125,1.6870967741935483,51.12414467253177,1.696774193548387,51.417399804496576
20.300607565965038,74.57567673640135,-0.363525390625,-0.690185546875,0.612060546875,0.12969970703125,1.664516129032258,50.43988269794721,1.6258064516129032,49.266862170087975
20.320679600990843,74.57567673640135,-0.363525390625,-0.690185546875,0.612060546875,0.12969970703125,1.6516129032258065,50.048875855327466,1.496774193548387,45.35679374389051
20.340835318958852,74.46203095032784,-0.3623046875,-0.69049072265625,0.6129150390625,0.12762451171875,1.5999999999999999,48.484848484848484,1.4161290322580644,42.91300097751711
20.360914969991427,74.46203095032784,-0.3623046875,-0.69049072265625,0.6129150390625,0.12762451171875,1.5516129032258064,47.018572825024435,1.2903225806451613,39.100684261974585
20.380950075981673,74.3722158612937,-0.36016845703125,-0.69097900390625,0.6141357421875,0.12518310546875,1.596774193548387,48.38709677419355,1.2838709677419353,38.90518084066471
20.40104316797806,74.3722158612937,-0.36016845703125,-0.69097900390625,0.6141357421875,0.12518310546875,1.5741935483870966,47.702834799608986,1.2354838709677418,37.43890518084066
20.42108003498288,74.3722158612937,-0.36016845703125,-0.69097900390625,0.6141357421875,0.12518310546875,1.5548387096774192,47.11632453567937,1.2161290322580645,36.852394916911045
20.441131556988694,74.26902937495932,-0.35821533203125,-0.6912841796875,0.61541748046875,0.122802734375,1.5451612903225804,46.82306940371456,1.135483870967742,34.40860215053764
20.461205992964096,74.26902937495932,-0.35821533203125,-0.6912841796875,0.61541748046875,0.122802734375,1.4903225806451612,45.16129032258064,1.0741935483870966,32.55131964809384
20.481271819968242,74.08051273224464,-0.35723876953125,-0.69097900390625,0.6168212890625,0.12042236328125,1.3935483870967742,42.22873900293255,1.1129032258064515,33.724340175953074
20.501354223000817,74.08051273224464,-0.35723876953125,-0.69097900390625,0.6168212890625,0.12042236328125,1.3483870967741933,40.86021505376344,1.132258064516129,34.3108504398827
20.521400497993454,74.08051273224464,-0.35723876953125,-0.69097900390625,0.6168212890625,0.12042236328125,1.3129032258064515,39.784946236559136,1.1290322580645162,34.21309872922777
20.541469044983387,73.78965017082442,-0.357177734375,-0.6903076171875,0.61810302734375,0.11761474609375,1.3193548387096772,39.980449657869,1.1193548387096772,33.91984359726295
20.56153250398347,73.78965017082442,-0.357177734375,-0.6903076171875,0.61810302734375,0.11761474609375,1.2741935483870968,38.6119257086999,1.0193548387096774,30.889540566959923
20.581598651013337,73.60545011957149,-0.35675048828125,-0.69024658203125,0.618896484375,0.11541748046875,1.2709677419354837,38.51417399804496,0.9838709677419355,29.814271749755623
20.601664637972135,73.60545011957149,-0.35675048828125,-0.69024658203125,0.618896484375,0.11541748046875,1.2677419354838708,38.41642228739003,0.8774193548387096,26.588465298142715
20.6217925149831,73.60545011957149,-0.35675048828125,-0.69024658203125,0.618896484375,0.11541748046875,1.2741935483870968,38.6119257086999,0.796774193548387,24.144672531769302
20.64191661600489,73.56471600942496,-0.3555908203125,-0.69061279296875,0.619384765625,0.11407470703125,1.261290322580645,38.220918866080154,0.7387096774193548,22.385141739980448
20.662004267971497,73.56471600942496,-0.3555908203125,-0.69061279296875,0.619384765625,0.11407470703125,1.2580645161290323,38.12316715542522,0.7387096774193548,22.385141739980448
20.68214100896148,73.52381932730155,-0.35382080078125,-0.6915283203125,0.61968994140625,0.11199951171875,1.2096774193548387,36.65689149560117,0.7709677419354838,23.36265884652981
20.702146771014668,73.52381932730155,-0.35382080078125,-0.6915283203125,0.61968994140625,0.11199951171875,1.196774193548387,36.26588465298143,0.7354838709677419,22.28739002932551
20.722245974990074,73.52381932730155,-0.35382080078125,-0.6915283203125,0.61968994140625,0.11199951171875,1.206451612903226,36.55913978494624,0.6935483870967742,21.016617790811342
20.742317210009787,73.40596611009049,-0.351318359375,-0.69232177734375,0.62078857421875,0.1087646484375,1.2096774193548387,36.65689149560117,0.5516129032258064,16.715542521994134
20.76239228597842,73.40596611009049,-0.351318359375,-0.69232177734375,0.62078857421875,0.1087646484375,1.1935483870967742,36.168132942326494,0.39032258064516123,11.82795698924731
20.78244486398762,73.28056497035149,-0.34808349609375,-0.69342041015625,0.62213134765625,0.1048583984375,1.1580645161290324,35.0928641251222,0.49032258064516127,14.858260019550343
20.802503586979583,73.28056497035149,-0.34808349609375,-0.69342041015625,0.62213134765625,0.1048583984375,1.1451612903225807,34.701857282502445,0.4290322580645161,13.000977517106548
20.822626503999345,73.28056497035149,-0.34808349609375,-0.69342041015625,0.62213134765625,0.1048583984375,1.1419354838709679,34.60410557184751,0.3225806451612903,9.775171065493646
20.84271706797881,73.06853407912334,-0.3433837890625,-0.69488525390625,0.6240234375,0.09881591796875,1.0709677419354837,32.453567937438905,0.22580645161290322,6.842619745845553
20.862806863966398,73.06853407912334,-0.3433837890625,-0.69488525390625,0.6240234375,0.09881591796875,1.0806451612903225,32.74682306940371,0.2967741935483871,8.993157380254155
20.882880082994234,72.71222590683064,-0.33709716796875,-0.69610595703125,0.62744140625,0.09039306640625,1.0741935483870966,32.55131964809384,0.2129032258064516,6.451612903225806
20.902961526997387,72.71222590683064,-0.33709716796875,-0.69610595703125,0.62744140625,0.09039306640625,1.0548387096774192,31.964809384164223,0.132258064516129,4.007820136852394
20.92295762395952,72.71222590683064,-0.33709716796875,-0.69610595703125,0.62744140625,0.09039306640625,1.0483870967741935,31.76930596285435,0.25806451612903225,7.820136852394917
20.943056283984333,72.42260282861778,-0.32904052734375,-0.6956787109375,0.63323974609375,0.08245849609375,1.0838709677419354,32.84457478005865,0.0,0.0
20.963096318009775,72.42260282861778,-0.32904052734375,-0.6956787109375,0.63323974609375,0.08245849609375,1.1193548387096772,33.91984359726295,0.14516129032258066,4.398826979472141
20.98323056299705,72.31986075180151,-0.320068359375,-0.69525146484375,0.63909912109375,0.0758056640625,1.135483870967742,34.40860215053764,0.15806451612903225,4.789833822091887
21.00337735301582,72.31986075180151,-0.320068359375,-0.69525146484375,0.63909912109375,0.0758056640625,1.1258064516129034,34.115347018572834,0.16451612903225804,4.9853372434017595
21.023365065979306,72.31986075180151,-0.320068359375,-0.69525146484375,0.63909912109375,0.0758056640625,1.164516129032258,35.28836754643206,0.23548387096774193,7.1358748778103624
21.043411499995273,72.24369317921892,-0.30999755859375,-0.6964111328125,0.6436767578125,0.06756591796875,1.132258064516129,34.3108504398827,0.1935483870967742,5.865102639296188
21.063473838963546,72.24369317921892,-0.30999755859375,-0.6964111328125,0.6436767578125,0.06756591796875,1.1483870967741936,34.799608993157385,0.11612903225806451,3.519061583577712
21.083535281999502,72.01281610496252,-0.29998779296875,-0.69854736328125,0.64715576171875,0.056884765625,1.164516129032258,35.28836754643206,0.14193548387096774,4.301075268817205
21.10360142897116,72.01281610496252,-0.29998779296875,-0.69854736328125,0.64715576171875,0.056884765625,1.164516129032258,35.28836754643206,0.17096774193548384,5.180840664711631
21.123751387000084,72.01281610496252,-0.29998779296875,-0.69854736328125,0.64715576171875,0.056884765625,1.1838709677419355,35.87487781036168,0.07741935483870967,2.3460410557184748
21.143836574978195,71.85982851381,-0.28924560546875,-0.7005615234375,0.65069580078125,0.04644775390625,1.1741935483870969,35.581622678396876,0.11935483870967742,3.6168132942326494
21.163901889987756,71.85982851381,-0.28924560546875,-0.7005615234375,0.65069580078125,0.04644775390625,1.1580645161290324,35.0928641251222,0.1774193548387097,5.376344086021506
21.183998757973313,72.01452835548452,-0.27593994140625,-0.7025146484375,0.6549072265625,0.0374755859375,1.1838709677419355,35.87487781036168,0.18709677419354837,5.669599217986314
21.204111433995422,72.01452835548452,-0.27593994140625,-0.7025146484375,0.6549072265625,0.0374755859375,1.2354838709677418,37.43890518084066,0.12903225806451613,3.9100684261974585
21.22417082899483,72.01452835548452,-0.27593994140625,-0.7025146484375,0.6549072265625,0.0374755859375,1.2354838709677418,37.43890518084066,0.132258064516129,4.007820136852394
21.2442512169946,72.26109793936538,-0.25946044921875,-0.7054443359375,0.65899658203125,0.02642822265625,1.1838709677419355,35.87487781036168,0.12580645161290321,3.812316715542522
21.264343604969326,72.26109793936538,-0.25946044921875,-0.7054443359375,0.65899658203125,0.02642822265625,1.2225806451612904,37.047898338220925,0.16774193548387095,5.083088954056696
21.284459032991435,72.27479205687085,-0.23992919921875,-0.7091064453125,0.6629638671875,0.0096435546875,1.2,36.36363636363637,0.19999999999999998,6.0606060606060606
21.304519772005733,72.27479205687085,-0.23992919921875,-0.7091064453125,0.6629638671875,0.0096435546875,1.2161290322580645,36.852394916911045,0.132258064516129,4.007820136852394
21.32456243096385,72.27479205687085,-0.23992919921875,-0.7091064453125,0.6629638671875,0.0096435546875,1.2096774193548387,36.65689149560117,0.22580645161290322,6.842619745845553
21.344615969981533,72.3765663873471,0.21844482421875,0.71270751953125,-0.66650390625,0.00811767578125,1.196774193548387,36.26588465298143,0.24516129032258063,7.429130009775172
21.36467654799344,72.3765663873471,0.21844482421875,0.71270751953125,-0.66650390625,0.00811767578125,1.196774193548387,36.26588465298143,0.1935483870967742,5.865102639296188
21.384742696012836,72.80805139226332,0.196533203125,0.71466064453125,-0.67095947265625,0.02227783203125,1.2129032258064516,36.75464320625611,0.0,0.0
21.404808619001415,72.80805139226332,0.196533203125,0.71466064453125,-0.67095947265625,0.02227783203125,1.2161290322580645,36.852394916911045,0.17096774193548384,5.180840664711631
21.424904111016076,72.80805139226332,0.196533203125,0.71466064453125,-0.67095947265625,0.02227783203125,1.2387096774193547,37.536656891495596,0.132258064516129,4.007820136852394
21.444942160975188,73.48099314635206,0.1734619140625,0.71490478515625,-0.67645263671875,0.03472900390625,1.2387096774193547,37.536656891495596,0.264516129032258,8.015640273704788
21.46503026096616,73.48099314635206,0.1734619140625,0.71490478515625,-0.67645263671875,0.03472900390625,1.1741935483870969,35.581622678396876,0.17419354838709677,5.278592375366569
21.48507829499431,74.19771303851627,0.14898681640625,0.71539306640625,-0.680908203125,0.04852294921875,1.2096774193548387,36.65689149560117,0.1935483870967742,5.865102639296188
21.505277823016513,74.19771303851627,0.14898681640625,0.71539306640625,-0.680908203125,0.04852294921875,1.206451612903226,36.55913978494624,0.15161290322580645,4.594330400782014
21.525333249010146,74.19771303851627,0.14898681640625,0.71539306640625,-0.680908203125,0.04852294921875,1.2870967741935482,39.00293255131964,0.19999999999999998,6.0606060606060606
21.545700718008447,74.77834740938387,0.1243896484375,0.71575927734375,-0.68414306640625,0.06451416015625,1.2677419354838708,38.41642228739003,0.2290322580645161,6.940371456500488
21.56551693700021,74.77834740938387,0.1243896484375,0.71575927734375,-0.68414306640625,0.06451416015625,1.3064516129032258,39.589442815249264,0.30967741935483867,9.384164222873899
21.585552331001963,75.45288377878175,0.0997314453125,0.71685791015625,-0.6854248046875,0.079833984375,1.3580645161290321,41.153470185728246,0.264516129032258,8.015640273704788
21.605686832976062,75.45288377878175,0.0997314453125,0.71685791015625,-0.6854248046875,0.079833984375,1.361290322580645,41.251221896383186,0.2838709677419355,8.60215053763441
21.62576933199307,75.45288377878175,0.0997314453125,0.71685791015625,-0.6854248046875,0.079833984375,1.435483870967742,43.49951124144673,0.2806451612903225,8.50439882697947
21.645848696003668,75.963575044378,0.076171875,0.71636962890625,-0.68682861328125,0.09625244140625,1.429032258064516,43.30400782013685,0.3354838709677419,10.166177908113392
21.665894265985116,75.963575044378,0.076171875,0.71636962890625,-0.68682861328125,0.09625244140625,1.4419354838709677,43.6950146627566,0.35806451612903223,10.850439882697946
21.686059808009304,76.42777355959765,0.05474853515625,0.71466064453125,-0.6883544921875,0.1114501953125,1.5193548387096774,46.04105571847507,0.39999999999999997,12.121212121212121
21.70610966696404,76.42777355959765,0.05474853515625,0.71466064453125,-0.6883544921875,0.1114501953125,1.5548387096774192,47.11632453567937,0.5838709677419355,17.6930596285435
21.72614608501317,76.42777355959765,0.05474853515625,0.71466064453125,-0.6883544921875,0.1114501953125,1.5709677419354837,47.60508308895405,0.6741935483870967,20.43010752688172
21.746230504999403,76.80014906853606,0.03521728515625,0.711181640625,-0.69061279296875,0.1263427734375,1.558064516129032,47.21407624633431,0.6903225806451613,20.918866080156402
21.766315084998496,76.80014906853606,0.03521728515625,0.711181640625,-0.69061279296875,0.1263427734375,1.5516129032258064,47.018572825024435,0.6612903225806451,20.039100684261975
21.786357583012432,77.006510500225,0.01800537109375,0.707763671875,-0.69195556640625,0.1412353515625,1.5806451612903225,47.898338220918866,0.732258064516129,22.189638318670575
21.806460243009496,77.006510500225,0.01800537109375,0.707763671875,-0.69195556640625,0.1412353515625,1.5838709677419354,47.9960899315738,0.6612903225806451,20.039100684261975
21.826517749985214,77.006510500225,0.01800537109375,0.707763671875,-0.69195556640625,0.1412353515625,1.558064516129032,47.21407624633431,0.7419354838709677,22.482893450635387
21.846575064992066,76.9467309835983,0.00360107421875,0.70458984375,-0.69207763671875,0.15673828125,1.593548387096774,48.289345063538605,0.6870967741935483,20.821114369501466
21.866632571967784,76.9467309835983,0.00360107421875,0.70458984375,-0.69207763671875,0.15673828125,1.590322580645161,48.19159335288367,0.6677419354838708,20.234604105571844
21.886696383007802,76.96559826944765,-0.009521484375,0.70166015625,-0.69189453125,0.17010498046875,1.5741935483870966,47.702834799608986,0.6774193548387096,20.527859237536656
21.906756129988935,76.96559826944765,-0.009521484375,0.70166015625,-0.69189453125,0.17010498046875,1.561290322580645,47.31182795698924,0.6741935483870967,20.43010752688172
21.926881830964703,76.96559826944765,-0.009521484375,0.70166015625,-0.69189453125,0.17010498046875,1.5677419354838709,47.507331378299114,0.6580645161290322,19.941348973607038
21.946912808984052,76.90773291487457,-0.020751953125,0.69708251953125,-0.69293212890625,0.18310546875,1.5838709677419354,47.9960899315738,0.7193548387096774,21.79863147605083
21.967053485976066,76.90773291487457,-0.020751953125,0.69708251953125,-0.69293212890625,0.18310546875,1.5483870967741935,46.9208211143695,0.7129032258064516,21.603128054740957
21.98705620697001,76.91297117234289,-0.0325927734375,0.6927490234375,-0.6932373046875,0.196044921875,1.5516129032258064,47.018572825024435,0.764516129032258,23.16715542521994
22.0071144499816,76.91297117234289,-0.0325927734375,0.6927490234375,-0.6932373046875,0.196044921875,1.5483870967741935,46.9208211143695,0.7774193548387096,23.558162267839684
22.027174580958672,76.91297117234289,-0.0325927734375,0.6927490234375,-0.6932373046875,0.196044921875,1.558064516129032,47.21407624633431,0.7580645161290323,22.97165200391007
22.047240504005458,76.65743300391098,-0.043701171875,0.68695068359375,-0.69366455078125,0.21209716796875,1.529032258064516,46.33431085043988,0.6935483870967742,21.016617790811342
22.067328315984923,76.65743300391098,-0.043701171875,0.68695068359375,-0.69366455078125,0.21209716796875,1.529032258064516,46.33431085043988,0.664516129032258,20.13685239491691
22.08737535896944,76.34345929021133,-0.05499267578125,0.68121337890625,-0.693115234375,0.229248046875,1.4870967741935484,45.06353861192571,0.6516129032258063,19.745845552297162
22.107441729982384,76.34345929021133,-0.05499267578125,0.68121337890625,-0.693115234375,0.229248046875,1.558064516129032,47.21407624633431,0.7096774193548387,21.505376344086024
22.127504709002096,76.0030801865224,-0.06622314453125,0.67388916015625,-0.6929931640625,0.24755859375,1.5451612903225804,46.82306940371456,0.7354838709677419,22.28739002932551
22.147635753965005,76.0030801865224,-0.06622314453125,0.67388916015625,-0.6929931640625,0.24755859375,1.5129032258064514,45.8455522971652,0.7580645161290323,22.97165200391007
22.16770330897998,76.0030801865224,-0.06622314453125,0.67388916015625,-0.6929931640625,0.24755859375,1.5451612903225804,46.82306940371456,0.7096774193548387,21.505376344086024
22.187830034003127,75.60021359327439,-0.07513427734375,0.6650390625,-0.69403076171875,0.265380859375,1.5451612903225804,46.82306940371456,0.6419354838709677,19.452590420332356
22.20791083801305,75.60021359327439,-0.07513427734375,0.6650390625,-0.69403076171875,0.265380859375,1.5419354838709676,46.72531769305962,0.6064516129032258,18.377321603128056
22.227962295990437,75.19830858464502,-0.08209228515625,0.65728759765625,-0.69439697265625,0.28106689453125,1.5516129032258064,47.018572825024435,0.5774193548387097,17.49755620723363
22.24802754697157,75.19830858464502,-0.08209228515625,0.65728759765625,-0.69439697265625,0.28106689453125,1.532258064516129,46.432062561094824,0.5806451612903226,17.595307917888565
22.268326534016524,75.19830858464502,-0.08209228515625,0.65728759765625,-0.69439697265625,0.28106689453125,1.5806451612903225,47.898338220918866,0.6354838709677418,19.25708699902248
22.288381927995943,74.70395003371073,-0.08642578125,0.653076171875,-0.69268798828125,0.29364013671875,1.5838709677419354,47.9960899315738,0.5967741935483871,18.084066471163247
22.308467755967285,74.70395003371073,-0.08642578125,0.653076171875,-0.69268798828125,0.29364013671875,1.5677419354838709,47.507331378299114,0.6580645161290322,19.941348973607038
22.328538030968048,74.11793455606016,-0.08770751953125,0.6514892578125,-0.69000244140625,0.30291748046875,1.5451612903225804,46.82306940371456,0.5483870967741935,16.617790811339198
22.34862152300775,74.11793455606016,-0.08770751953125,0.6514892578125,-0.69000244140625,0.30291748046875,1.558064516129032,47.21407624633431,0.6161290322580645,18.670576735092865
22.368656628997996,74.11793455606016,-0.08770751953125,0.6514892578125,-0.69000244140625,0.30291748046875,1.558064516129032,47.21407624633431,0.632258064516129,19.159335288367547
22.388765242008958,73.60665467484907,-0.08587646484375,0.65130615234375,-0.68841552734375,0.30743408203125,1.558064516129032,47.21407624633431,0.5806451612903226,17.595307917888565
22.40884831699077,73.60665467484907,-0.08587646484375,0.65130615234375,-0.68841552734375,0.30743408203125,1.5774193548387094,47.800586510263926,0.6903225806451613,20.918866080156402
22.42890073597664,73.19425518741656,-0.082763671875,0.65203857421875,-0.6873779296875,0.3089599609375,1.5451612903225804,46.82306940371456,0.6225806451612903,18.866080156402738
22.44903760496527,73.19425518741656,-0.082763671875,0.65203857421875,-0.6873779296875,0.3089599609375,1.5516129032258064,47.018572825024435,0.5387096774193548,16.32453567937439
22.46914212196134,73.19425518741656,-0.082763671875,0.65203857421875,-0.6873779296875,0.3089599609375,1.5064516129032257,45.650048875855326,0.48709677419354835,14.760508308895407
22.489201899967156,72.5897980416993,-0.07720947265625,0.653076171875,-0.6865234375,0.31024169921875,1.4806451612903224,44.868035190615835,0.46774193548387094,14.173998044965789
22.50925223896047,72.5897980416993,-0.07720947265625,0.653076171875,-0.6865234375,0.31024169921875,1.4903225806451612,45.16129032258064,0.49032258064516127,14.858260019550343
22.529337075015064,71.8469998448831,-0.06903076171875,0.6552734375,-0.6854248046875,0.3099365234375,1.4903225806451612,45.16129032258064,0.5129032258064515,15.542521994134894
22.549408597988077,71.8469998448831,-0.06903076171875,0.6552734375,-0.6854248046875,0.3099365234375,1.4387096774193548,43.59726295210166,0.5387096774193548,16.32453567937439
22.56949609000003,71.8469998448831,-0.06903076171875,0.6552734375,-0.6854248046875,0.3099365234375,1.4516129032258065,43.98826979472141,0.4967741935483871,15.053763440860216
22.589575868973043,70.75609346079548,-0.05670166015625,0.65643310546875,-0.685302734375,0.31024169921875,1.4225806451612903,43.10850439882698,0.4548387096774193,13.78299120234604
22.609654400963336,70.75609346079548,-0.05670166015625,0.65643310546875,-0.685302734375,0.31024169921875,1.329032258064516,40.27370478983382,0.4290322580645161,13.000977517106548
22.62973254796816,69.4134640301506,-0.04144287109375,0.65863037109375,-0.68438720703125,0.30999755859375,1.296774193548387,39.29618768328446,0.4064516129032258,12.316715542521994
22.649812616000418,69.4134640301506,-0.04144287109375,0.65863037109375,-0.68438720703125,0.30999755859375,1.2677419354838708,38.41642228739003,0.48709677419354835,14.760508308895407
22.66989191499306,69.4134640301506,-0.04144287109375,0.65863037109375,-0.68438720703125,0.30999755859375,1.261290322580645,38.220918866080154,0.4225806451612903,12.805474095796676
22.68997121497523,67.38994954130459,-0.021240234375,0.65997314453125,-0.6824951171875,0.313232421875,1.2451612903225806,37.732160312805476,0.3709677419354839,11.241446725317694
22.710045297979377,67.38994954130459,-0.021240234375,0.65997314453125,-0.6824951171875,0.313232421875,1.2548387096774192,38.025415444770275,0.3161290322580645,9.579667644183774
22.730146166984923,64.78754280360255,0.0032958984375,0.66046142578125,-0.6796875,0.319091796875,1.2483870967741935,37.82991202346041,0.3129032258064516,9.481915933528837
22.750201273011044,64.78754280360255,0.0032958984375,0.66046142578125,-0.6796875,0.319091796875,1.2999999999999998,39.39393939393939,0.2129032258064516,6.451612903225806
22.770293692999985,64.78754280360255,0.0032958984375,0.66046142578125,-0.6796875,0.319091796875,1.2903225806451613,39.100684261974585,0.3,9.090909090909092
22.790402818005532,61.88793959627355,0.03082275390625,0.65826416015625,-0.67779541015625,0.326171875,1.2709677419354837,38.51417399804496,0.23548387096774193,7.1358748778103624
22.81045946001541,61.88793959627355,0.03082275390625,0.65826416015625,-0.67779541015625,0.326171875,1.2870967741935482,39.00293255131964,0.23870967741935484,7.233626588465299
22.830537608009763,58.79328489208228,0.060791015625,0.65496826171875,-0.6756591796875,0.33282470703125,1.2999999999999998,39.39393939393939,0.34516129032258064,10.459433040078201
22.85064145200886,58.79328489208228,0.060791015625,0.65496826171875,-0.6756591796875,0.33282470703125,1.2903225806451613,39.100684261974585,0.3387096774193548,10.263929618768328
22.870691470976453,58.79328489208228,0.060791015625,0.65496826171875,-0.6756591796875,0.33282470703125,1.3387096774193548,40.56695992179863,0.32580645161290317,9.872922776148581
22.89073656097753,55.15635012724981,0.09588623046875,0.6549072265625,-0.6689453125,0.3382568359375,1.3516129032258062,40.957966764418366,0.19032258064516128,5.7673509286412505
22.910884342971258,55.15635012724981,0.09588623046875,0.6549072265625,-0.6689453125,0.3382568359375,1.4129032258064516,42.81524926686217,0.2935483870967742,8.895405669599219
22.930944313993677,51.01765126340806,0.13916015625,0.65753173828125,-0.65826416015625,0.33905029296875,1.5161290322580645,45.94330400782014,0.35806451612903223,10.850439882697946
22.95102803001646,51.01765126340806,0.13916015625,0.65753173828125,-0.65826416015625,0.33905029296875,1.5741935483870966,47.702834799608986,0.37419354838709673,11.339198435972628
22.971078143978957,51.01765126340806,0.13916015625,0.65753173828125,-0.65826416015625,0.33905029296875,1.564516129032258,47.40957966764419,0.4225806451612903,12.805474095796676
22.991190341010224,47.10700796420107,0.18505859375,0.65777587890625,-0.6488037109375,0.3348388671875,1.5709677419354837,47.60508308895405,0.4096774193548387,12.41446725317693
23.011235943005886,47.10700796420107,0.18505859375,0.65777587890625,-0.6488037109375,0.3348388671875,1.5193548387096774,46.04105571847507,0.4387096774193548,13.294232649071358
23.03131684300024,43.95324396936372,0.22772216796875,0.6536865234375,-0.6436767578125,0.326416015625,1.5451612903225804,46.82306940371456,0.4387096774193548,13.294232649071358
23.05138724599965,43.95324396936372,0.22772216796875,0.6536865234375,-0.6436767578125,0.326416015625,1.5354838709677419,46.52981427174975,0.30967741935483867,9.384164222873899
23.071467441972345,43.95324396936372,0.22772216796875,0.6536865234375,-0.6436767578125,0.326416015625,1.5451612903225804,46.82306940371456,0.3225806451612903,9.775171065493646
23.091564822010696,41.241365503747296,0.26568603515625,0.6451416015625,-0.6416015625,0.31854248046875,1.5709677419354837,47.60508308895405,0.38387096774193546,11.632453567937437
23.111632024985738,41.241365503747296,0.26568603515625,0.6451416015625,-0.6416015625,0.31854248046875,1.5483870967741935,46.9208211143695,0.34516129032258064,10.459433040078201
23.131709243985824,38.6002799879926,0.29913330078125,0.6336669921875,-0.64044189453125,0.3143310546875,1.5354838709677419,46.52981427174975,0.39999999999999997,12.121212121212121
23.151785632013343,38.6002799879926,0.29913330078125,0.6336669921875,-0.64044189453125,0.3143310546875,1.5451612903225804,46.82306940371456,0.43548387096774194,13.196480938416421
23.17186864296673,38.6002799879926,0.29913330078125,0.6336669921875,-0.64044189453125,0.3143310546875,1.5354838709677419,46.52981427174975,0.6,18.181818181818183
23.191944679012522,35.944327293660045,0.3272705078125,0.61944580078125,-0.64007568359375,0.3153076171875,1.5548387096774192,47.11632453567937,0.6677419354838708,20.234604105571844
23.21205255499808,35.944327293660045,0.3272705078125,0.61944580078125,-0.64007568359375,0.3153076171875,1.5354838709677419,46.52981427174975,0.7096774193548387,21.505376344086024
23.23212830297416,33.42101387827927,0.35186767578125,0.60504150390625,-0.6396484375,0.3177490234375,1.5483870967741935,46.9208211143695,0.6451612903225806,19.550342130987293
23.25223022699356,33.42101387827927,0.35186767578125,0.60504150390625,-0.6396484375,0.3177490234375,1.561290322580645,47.31182795698924,0.6580645161290322,19.941348973607038
23.272275477007497,33.42101387827927,0.35186767578125,0.60504150390625,-0.6396484375,0.3177490234375,1.5709677419354837,47.60508308895405,0.5580645161290322,16.911045943304007
23.29235244099982,31.143820678348717,0.37274169921875,0.59222412109375,-0.63818359375,0.3209228515625,1.5483870967741935,46.9208211143695,0.6064516129032258,18.377321603128056
23.31243753200397,31.143820678348717,0.37274169921875,0.59222412109375,-0.63818359375,0.3209228515625,1.564516129032258,47.40957966764419,0.6258064516129032,18.963831867057674
23.3324840629939,29.112492117055268,0.39056396484375,0.57940673828125,-0.63775634765625,0.32403564453125,1.596774193548387,48.38709677419355,0.6612903225806451,20.039100684261975
23.352585154992994,29.112492117055268,0.39056396484375,0.57940673828125,-0.63775634765625,0.32403564453125,1.5870967741935482,48.09384164222873,0.7483870967741935,22.678396871945257
23.372662439011037,29.112492117055268,0.39056396484375,0.57940673828125,-0.63775634765625,0.32403564453125,1.5838709677419354,47.9960899315738,0.8838709677419354,26.783968719452588
23.39275085797999,27.22686359239345,0.40667724609375,0.56646728515625,-0.6378173828125,0.32696533203125,1.596774193548387,48.38709677419355,0.9548387096774194,28.934506353861195
23.41288916801568,27.22686359239345,0.40667724609375,0.56646728515625,-0.6378173828125,0.32696533203125,1.6258064516129032,49.266862170087975,1.0096774193548386,30.596285434995107
23.4329582270002,25.479335752069588,0.42041015625,0.55316162109375,-0.63885498046875,0.3304443359375,1.632258064516129,49.462365591397855,1.0225806451612902,30.98729227761486
23.453016821993515,25.479335752069588,0.42041015625,0.55316162109375,-0.63885498046875,0.3304443359375,1.596774193548387,48.38709677419355,1.0741935483870966,32.55131964809384
23.47312466596486,25.479335752069588,0.42041015625,0.55316162109375,-0.63885498046875,0.3304443359375,1.6258064516129032,49.266862170087975,1.0999999999999999,33.33333333333333
23.49319612601539,24.13386812107285,0.4322509765625,0.5439453125,-0.63818359375,0.33172607421875,1.6387096774193548,49.65786901270772,1.0838709677419354,32.84457478005865
23.513249440002255,24.13386812107285,0.4322509765625,0.5439453125,-0.63818359375,0.33172607421875,1.6516129032258065,50.048875855327466,1.1193548387096772,33.91984359726295
23.53332374797901,23.19112451525615,0.44329833984375,0.538818359375,-0.6358642578125,0.329833984375,1.6870967741935483,51.12414467253177,1.12258064516129,34.01759530791788
23.553431815991644,23.19112451525615,0.44329833984375,0.538818359375,-0.6358642578125,0.329833984375,1.6612903225806452,50.34213098729228,1.0806451612903225,32.74682306940371
23.573503786989022,23.19112451525615,0.44329833984375,0.538818359375,-0.6358642578125,0.329833984375,1.6774193548387097,50.83088954056696,1.135483870967742,34.40860215053764
23.59356906998437,22.300119615232447,0.452880859375,0.5340576171875,-0.6336669921875,0.328857421875,1.6709677419354838,50.635386119257085,1.1064516129032256,33.5288367546432
23.61363422498107,22.300119615232447,0.452880859375,0.5340576171875,-0.6336669921875,0.328857421875,1.6903225806451612,51.2218963831867,1.1290322580645162,34.21309872922777
23.633768086961936,21.34675717455025,0.461181640625,0.52813720703125,-0.63214111328125,0.32977294921875,1.6806451612903226,50.9286412512219,1.1774193548387097,35.67937438905181
23.653813112992793,21.34675717455025,0.461181640625,0.52813720703125,-0.63214111328125,0.32977294921875,1.6774193548387097,50.83088954056696,1.1838709677419355,35.87487781036168
23.673906620999333,21.34675717455025,0.461181640625,0.52813720703125,-0.63214111328125,0.32977294921875,1.6548387096774193,50.146627565982406,1.2129032258064516,36.75464320625611
23.694057282991707,20.37202740206017,0.46881103515625,0.521728515625,-0.63092041015625,0.33148193359375,1.6838709677419355,51.02639296187683,1.2129032258064516,36.75464320625611
23.714092612965032,20.37202740206017,0.46881103515625,0.521728515625,-0.63092041015625,0.33148193359375,1.667741935483871,50.53763440860215,1.232258064516129,37.34115347018573
23.73422231397126,19.543287771437576,0.47491455078125,0.517822265625,-0.6285400390625,0.33349609375,1.664516129032258,50.43988269794721,1.1064516129032256,33.5288367546432
23.754360110964626,19.543287771437576,0.47491455078125,0.517822265625,-0.6285400390625,0.33349609375,1.6516129032258065,50.048875855327466,1.2032258064516128,36.4613880742913
23.774373776977882,19.543287771437576,0.47491455078125,0.517822265625,-0.6285400390625,0.33349609375,1.6483870967741936,49.95112414467254,1.2580645161290323,38.12316715542522
23.794431091984734,18.92918184125506,0.47979736328125,0.5181884765625,-0.6236572265625,0.33526611328125,1.6516129032258065,50.048875855327466,1.1774193548387097,35.67937438905181
23.81450091896113,18.92918184125506,0.47979736328125,0.5181884765625,-0.6236572265625,0.33526611328125,1.6774193548387097,50.83088954056696,1.1290322580645162,34.21309872922777
23.834571801999118,18.527431513375802,0.48272705078125,0.5196533203125,-0.6190185546875,0.3372802734375,1.6483870967741936,49.95112414467254,1.1580645161290324,35.0928641251222
23.854671805980615,18.527431513375802,0.48272705078125,0.5196533203125,-0.6190185546875,0.3372802734375,1.6516129032258065,50.048875855327466,1.1064516129032256,33.5288367546432
23.874710848962422,18.527431513375802,0.48272705078125,0.5196533203125,-0.6190185546875,0.3372802734375,1.6548387096774193,50.146627565982406,1.0709677419354837,32.453567937438905
23.894770275976043,18.23272518234934,0.48486328125,0.52020263671875,-0.61627197265625,0.3385009765625,1.6516129032258065,50.048875855327466,1.0032258064516129,30.40078201368524
23.914854247006588,18.23272518234934,0.48486328125,0.52020263671875,-0.61627197265625,0.3385009765625,1.6612903225806452,50.34213098729228,0.964516129032258,29.227761485826004
23.934920137980953,17.981909356903884,0.48785400390625,0.5191650390625,-0.6148681640625,0.3382568359375,1.6741935483870967,50.733137829912025,1.032258064516129,31.28054740957967
23.954967405006755,17.981909356903884,0.48785400390625,0.5191650390625,-0.6148681640625,0.3382568359375,1.667741935483871,50.53763440860215,1.0548387096774192,31.964809384164223
23.975116787012666,17.981909356903884,0.48785400390625,0.5191650390625,-0.6148681640625,0.3382568359375,1.664516129032258,50.43988269794721,0.996774193548387,30.205278592375368
23.9951880860026,17.714236840096305,0.4918212890625,0.5189208984375,-0.6123046875,0.3375244140625,1.6516129032258065,50.048875855327466,1.0451612903225806,31.671554252199414
24.015296633995604,17.714236840096305,0.4918212890625,0.5189208984375,-0.6123046875,0.3375244140625,1.6483870967741936,49.95112414467254,1.0419354838709676,31.57380254154447
24.035331804014277,17.428832547902402,0.495849609375,0.51959228515625,-0.60858154296875,0.33734130859375,1.6548387096774193,50.146627565982406,1.0548387096774192,31.964809384164223
24.055366078973748,17.428832547902402,0.495849609375,0.51959228515625,-0.60858154296875,0.33734130859375,1.6580645161290322,50.24437927663734,1.0290322580645161,31.182795698924732
24.07548214698909,17.428832547902402,0.495849609375,0.51959228515625,-0.60858154296875,0.33734130859375,1.6516129032258065,50.048875855327466,1.0096774193548386,30.596285434995107
24.095535717962775,17.184722015635316,0.4996337890625,0.520263671875,-0.60504150390625,0.33709716796875,1.6516129032258065,50.048875855327466,0.9903225806451612,30.009775171065495
24.115630569984205,17.184722015635316,0.4996337890625,0.520263671875,-0.60504150390625,0.33709716796875,1.664516129032258,50.43988269794721,1.025806451612903,31.08504398826979
24.13572279800428,16.96807046139145,0.502685546875,0.521240234375,-0.60150146484375,0.33740234375,1.6870967741935483,51.12414467253177,0.9129032258064516,27.663734115347015
24.15576139197219,16.96807046139145,0.502685546875,0.521240234375,-0.60150146484375,0.33740234375,1.667741935483871,50.53763440860215,0.9129032258064516,27.663734115347015
24.17581630696077,16.96807046139145,0.502685546875,0.521240234375,-0.60150146484375,0.33740234375,1.7,51.515151515151516,1.1290322580645162,34.21309872922777
24.19593448797241,16.80881211512326,0.5047607421875,0.5240478515625,-0.5965576171875,0.3387451171875,1.7,51.515151515151516,1.0548387096774192,31.964809384164223
24.21595880901441,16.80881211512326,0.5047607421875,0.5240478515625,-0.5965576171875,0.3387451171875,1.6935483870967742,51.31964809384164,1.0354838709677419,31.378299120234605
24.23607046197867,16.76972241346604,0.50604248046875,0.52764892578125,-0.5914306640625,0.340087890625,1.696774193548387,51.417399804496576,1.0806451612903225,32.74682306940371
24.25617340998724,16.76972241346604,0.50604248046875,0.52764892578125,-0.5914306640625,0.340087890625,1.7,51.515151515151516,1.0935483870967742,33.137829912023456
24.276279526995495,16.76972241346604,0.50604248046875,0.52764892578125,-0.5914306640625,0.340087890625,1.6935483870967742,51.31964809384164,1.090322580645161,33.040078201368516
24.29632365697762,16.86207422744566,0.50799560546875,0.5306396484375,-0.5875244140625,0.33929443359375,1.7032258064516128,51.61290322580645,1.0806451612903225,32.74682306940371
24.316406861005817,16.86207422744566,0.50799560546875,0.5306396484375,-0.5875244140625,0.33929443359375,1.6741935483870967,50.733137829912025,1.058064516129032,32.06256109481915
24.336482575978152,17.094835034128593,0.51080322265625,0.5333251953125,-0.58447265625,0.3363037109375,1.6935483870967742,51.31964809384164,1.0516129032258064,31.867057673509287
24.356576499994844,17.094835034128593,0.51080322265625,0.5333251953125,-0.58447265625,0.3363037109375,1.6870967741935483,51.12414467253177,1.0548387096774192,31.964809384164223
24.376661047979724,17.094835034128593,0.51080322265625,0.5333251953125,-0.58447265625,0.3363037109375,1.7193548387096773,52.101661779081134,1.0677419354838709,32.355816226783965
24.396742874989286,17.418861712114406,0.5128173828125,0.53619384765625,-0.581787109375,0.33331298828125,1.6935483870967742,51.31964809384164,1.1064516129032256,33.5288367546432
24.416888288978953,17.418861712114406,0.5128173828125,0.53619384765625,-0.581787109375,0.33331298828125,1.6903225806451612,51.2218963831867,1.1387096774193548,34.50635386119257
24.436919299012516,17.768986529293045,0.513671875,0.5394287109375,-0.5791015625,0.33123779296875,1.6612903225806452,50.34213098729228,1.135483870967742,34.40860215053764
24.4570044229622,17.768986529293045,0.513671875,0.5394287109375,-0.5791015625,0.33123779296875,1.6806451612903226,50.9286412512219,1.1161290322580644,33.822091886608014
24.477069129992742,17.768986529293045,0.513671875,0.5394287109375,-0.5791015625,0.33123779296875,1.7,51.515151515151516,1.0935483870967742,33.137829912023456
24.497184493986424,18.04202942883623,0.5140380859375,0.54248046875,-0.57684326171875,0.32977294921875,1.6838709677419355,51.02639296187683,1.0612903225806452,32.16031280547409
24.517255378013942,18.04202942883623,0.5140380859375,0.54248046875,-0.57684326171875,0.32977294921875,1.7,51.515151515151516,1.0548387096774192,31.964809384164223
24.537307475984562,18.28380159648796,0.51409912109375,0.5450439453125,-0.574951171875,0.3287353515625,1.6935483870967742,51.31964809384164,1.032258064516129,31.28054740957967
24.5573806319735,18.28380159648796,0.51409912109375,0.5450439453125,-0.574951171875,0.3287353515625,1.6935483870967742,51.31964809384164,1.0354838709677419,31.378299120234605
24.577492219978012,18.28380159648796,0.51409912109375,0.5450439453125,-0.574951171875,0.3287353515625,1.7,51.515151515151516,1.0290322580645161,31.182795698924732
