timestamp,elevation_deg,imu_i,imu_j,imu_k,imu_r,ch0_voltage,ch0_percentage,ch1_voltage,ch1_percentage
0.009486048948019743,22.354255940943958,0.19366455078125,0.64910888671875,-0.45782470703125,0.5758056640625,1.5419354838709676,46.72531769305962,0.34516129032258064,10.459433040078201
0.03361039998708293,22.50269803916578,0.19598388671875,0.64764404296875,-0.46185302734375,0.573486328125,1.5193548387096774,46.04105571847507,0.37741935483870964,11.436950146627565
0.049689097970258445,22.50269803916578,0.19598388671875,0.64764404296875,-0.46185302734375,0.573486328125,1.5419354838709676,46.72531769305962,0.39032258064516123,11.82795698924731
0.07415701099671423,22.932091673751316,0.2003173828125,0.6463623046875,-0.469970703125,0.5667724609375,1.5838709677419354,47.9960899315738,0.45161290322580644,13.685239491691107
0.08978206297615543,22.932091673751316,0.2003173828125,0.6463623046875,-0.469970703125,0.5667724609375,1.5419354838709676,46.72531769305962,0.4612903225806451,13.978494623655912
0.11005567194661126,22.932091673751316,0.2003173828125,0.6463623046875,-0.469970703125,0.5667724609375,1.5709677419354837,47.60508308895405,0.4612903225806451,13.978494623655912
0.13432313199155033,23.15706697351287,0.20751953125,0.64532470703125,-0.47784423828125,0.5587158203125,1.6129032258064515,48.87585532746823,0.4580645161290322,13.880742913000976
0.1497856509522535,23.15706697351287,0.20751953125,0.64532470703125,-0.47784423828125,0.5587158203125,1.6129032258064515,48.87585532746823,0.4483870967741935,13.587487781036167
0.1743094379780814,23.486847444774043,0.21588134765625,0.6451416015625,-0.48681640625,0.54791259765625,1.635483870967742,49.56011730205279,0.4612903225806451,13.978494623655912
0.18969845096580684,23.486847444774043,0.21588134765625,0.6451416015625,-0.48681640625,0.54791259765625,1.6258064516129032,49.266862170087975,0.4225806451612903,12.805474095796676
0.20975861395709217,23.486847444774043,0.21588134765625,0.6451416015625,-0.48681640625,0.54791259765625,1.6580645161290322,50.24437927663734,0.3870967741935484,11.730205278592376
0.23432512197177857,23.86556440343172,0.227783203125,0.6453857421875,-0.4976806640625,0.5328369140625,1.664516129032258,50.43988269794721,0.3161290322580645,9.579667644183774
0.25004000100307167,23.86556440343172,0.227783203125,0.6453857421875,-0.4976806640625,0.5328369140625,1.696774193548387,51.417399804496576,0.332258064516129,10.068426197458455
0.2746506059775129,24.08348848133886,0.24517822265625,0.6435546875,-0.5106201171875,0.5147705078125,1.6806451612903226,50.9286412512219,0.34516129032258064,10.459433040078201
0.2906991909840144,24.08348848133886,0.24517822265625,0.6435546875,-0.5106201171875,0.5147705078125,1.6806451612903226,50.9286412512219,0.2903225806451613,8.797653958944283
0.3100713329622522,24.08348848133886,0.24517822265625,0.6435546875,-0.5106201171875,0.5147705078125,1.6870967741935483,51.12414467253177,0.3129032258064516,9.481915933528837
0.33424115797970444,24.284516026981805,0.26531982421875,0.63970947265625,-0.5250244140625,0.49468994140625,1.7064516129032257,51.71065493646139,0.24838709677419354,7.526881720430108
0.3501326819532551,24.284516026981805,0.26531982421875,0.63970947265625,-0.5250244140625,0.49468994140625,1.7161290322580645,52.003910068426194,0.3387096774193548,10.263929618768328
0.37488975597079843,24.371769600624148,0.2872314453125,0.63702392578125,-0.53656005859375,0.4730224609375,1.7225806451612902,52.19941348973607,0.34516129032258064,10.459433040078201
0.3904442779603414,24.371769600624148,0.2872314453125,0.63702392578125,-0.53656005859375,0.4730224609375,1.7741935483870968,53.76344086021506,0.38387096774193546,11.632453567937437
0.4110324889770709,24.371769600624148,0.2872314453125,0.63702392578125,-0.53656005859375,0.4730224609375,1.7741935483870968,53.76344086021506,0.4096774193548387,12.41446725317693
0.4346353519940749,24.240295666975086,0.310302734375,0.63494873046875,-0.544189453125,0.45208740234375,1.7387096774193547,52.68817204301075,0.45161290322580644,13.685239491691107
0.4507418900029734,24.240295666975086,0.310302734375,0.63494873046875,-0.544189453125,0.45208740234375,1.7580645161290323,53.27468230694038,0.43548387096774194,13.196480938416421
0.4754865799914114,24.248318216744565,0.32989501953125,0.630615234375,-0.552490234375,0.43389892578125,1.7548387096774192,53.17693059628543,0.39354838709677414,11.925708699902247
0.4907026279834099,24.248318216744565,0.32989501953125,0.630615234375,-0.552490234375,0.43389892578125,1.7838709677419353,54.05669599217986,0.39032258064516123,11.82795698924731
0.5106739879702218,24.248318216744565,0.32989501953125,0.630615234375,-0.552490234375,0.43389892578125,1.7580645161290323,53.27468230694038,0.3870967741935484,11.730205278592376
0.5347858589957468,24.094195357960686,0.34552001953125,0.62286376953125,-0.561279296875,0.42144775390625,1.796774193548387,54.44770283479961,0.4032258064516129,12.218963831867057
0.5507279439480044,24.094195357960686,0.34552001953125,0.62286376953125,-0.561279296875,0.42144775390625,1.764516129032258,53.47018572825024,0.4096774193548387,12.41446725317693
0.5748681999975815,23.647054284885073,0.35955810546875,0.61517333984375,-0.56707763671875,0.4130859375,1.7999999999999998,54.54545454545454,0.38064516129032255,11.534701857282501
0.5910350919584744,23.647054284885073,0.35955810546875,0.61517333984375,-0.56707763671875,0.4130859375,1.7999999999999998,54.54545454545454,0.5580645161290322,16.911045943304007
0.6109447549679317,23.647054284885073,0.35955810546875,0.61517333984375,-0.56707763671875,0.4130859375,1.8161290322580643,55.034213098729225,0.5806451612903226,17.595307917888565
0.6349290369544178,23.362980021721555,0.37139892578125,0.60772705078125,-0.57342529296875,0.40484619140625,1.7999999999999998,54.54545454545454,0.5709677419354839,17.302052785923756
0.6518663209863007,23.362980021721555,0.37139892578125,0.60772705078125,-0.57342529296875,0.40484619140625,1.7903225806451613,54.25219941348974,0.5838709677419355,17.6930596285435
0.6752323449472897,23.26668588777312,0.38043212890625,0.6007080078125,-0.5802001953125,0.397216796875,1.7677419354838708,53.567937438905176,0.5838709677419355,17.6930596285435
0.6913995249778964,23.26668588777312,0.38043212890625,0.6007080078125,-0.5802001953125,0.397216796875,1.7580645161290323,53.27468230694038,0.6258064516129032,18.963831867057674
0.7112884829984978,23.26668588777312,0.38043212890625,0.6007080078125,-0.5802001953125,0.397216796875,1.764516129032258,53.47018572825024,0.6096774193548387,18.475073313782993
0.7352627169457264,23.182399850403314,0.386962890625,0.59625244140625,-0.58428955078125,0.39166259765625,1.7709677419354837,53.665689149560116,0.567741935483871,17.20430107526882
0.751442345965188,23.182399850403314,0.386962890625,0.59625244140625,-0.58428955078125,0.39166259765625,1.7838709677419353,54.05669599217986,0.6483870967741935,19.64809384164223
0.7755313679808751,23.02256023261438,0.3907470703125,0.59466552734375,-0.5845947265625,0.38970947265625,1.7483870967741935,52.98142717497556,0.5967741935483871,18.084066471163247
0.7919005389558151,23.02256023261438,0.3907470703125,0.59466552734375,-0.5845947265625,0.38970947265625,1.7516129032258063,53.0791788856305,0.7193548387096774,21.79863147605083
0.8117644399753772,23.02256023261438,0.3907470703125,0.59466552734375,-0.5845947265625,0.38970947265625,1.7483870967741935,52.98142717497556,0.7548387096774193,22.87390029325513
0.8361902079777792,22.79285257206982,0.3935546875,0.59332275390625,-0.58447265625,0.38922119140625,1.7903225806451613,54.25219941348974,0.7516129032258064,22.776148582600193
0.8516208219807595,22.79285257206982,0.3935546875,0.59332275390625,-0.58447265625,0.38922119140625,1.7903225806451613,54.25219941348974,0.7451612903225806,22.58064516129032
0.8758364079985768,22.602490137088864,0.398193359375,0.58935546875,-0.5870361328125,0.3865966796875,1.7870967741935482,54.154447702834794,0.7354838709677419,22.28739002932551
0.8920339249889366,22.602490137088864,0.398193359375,0.58935546875,-0.5870361328125,0.3865966796875,1.8258064516129031,55.32746823069403,0.7193548387096774,21.79863147605083
0.9121502179768868,22.602490137088864,0.398193359375,0.58935546875,-0.5870361328125,0.3865966796875,1.796774193548387,54.44770283479961,0.7258064516129032,21.994134897360706
0.9362399120000191,22.474785916986207,0.40472412109375,0.58233642578125,-0.5931396484375,0.38116455078125,1.7774193548387096,53.86119257086999,0.6677419354838708,20.234604105571844
0.9519059889717028,22.474785916986207,0.40472412109375,0.58233642578125,-0.5931396484375,0.38116455078125,1.793548387096774,54.34995112414467,0.6419354838709677,19.452590420332356
0.9761131579871289,22.491839540161422,0.4107666015625,0.5750732421875,-0.60015869140625,0.3746337890625,1.8064516129032258,54.74095796676443,0.6,18.181818181818183
1.0018122129840776,22.491839540161422,0.4107666015625,0.5750732421875,-0.60015869140625,0.3746337890625,1.793548387096774,54.34995112414467,0.5516129032258064,16.715542521994134
1.0319348589982837,22.491839540161422,0.4107666015625,0.5750732421875,-0.60015869140625,0.3746337890625,1.796774193548387,54.44770283479961,0.6225806451612903,18.866080156402738
1.0377010819502175,22.63432528727641,0.41326904296875,0.57135009765625,-0.604736328125,0.37030029296875,1.7838709677419353,54.05669599217986,0.7290322580645161,22.09188660801564
1.052418523002416,22.63432528727641,0.41326904296875,0.57135009765625,-0.604736328125,0.37030029296875,1.8032258064516127,54.64320625610948,0.7290322580645161,22.09188660801564
1.076393397001084,22.86788813100371,0.41192626953125,0.57244873046875,-0.60516357421875,0.36932373046875,1.793548387096774,54.34995112414467,0.7064516129032258,21.407624633431084
1.0925782419508323,22.86788813100371,0.41192626953125,0.57244873046875,-0.60516357421875,0.36932373046875,1.7774193548387096,53.86119257086999,0.7387096774193548,22.385141739980448
1.1126577979885042,22.86788813100371,0.41192626953125,0.57244873046875,-0.60516357421875,0.36932373046875,1.7709677419354837,53.665689149560116,0.7419354838709677,22.482893450635387
1.137361045985017,23.148395335126935,0.40777587890625,0.57635498046875,-0.60345458984375,0.3707275390625,1.7451612903225806,52.883675464320625,0.6612903225806451,20.039100684261975
1.1528182529727928,23.148395335126935,0.40777587890625,0.57635498046875,-0.60345458984375,0.3707275390625,1.7741935483870968,53.76344086021506,0.6806451612903225,20.625610948191593
1.1767495419480838,23.504416356930562,0.403076171875,0.57977294921875,-0.6025390625,0.3719482421875,1.7451612903225806,52.883675464320625,0.6935483870967742,21.016617790811342
1.192979283980094,23.504416356930562,0.403076171875,0.57977294921875,-0.6025390625,0.3719482421875,1.7677419354838708,53.567937438905176,0.6580645161290322,19.941348973607038
1.2133493449655361,23.504416356930562,0.403076171875,0.57977294921875,-0.6025390625,0.3719482421875,1.7548387096774192,53.17693059628543,0.6806451612903225,20.625610948191593
1.236716744955629,23.831051654886522,0.400634765625,0.579345703125,-0.60516357421875,0.3709716796875,1.7677419354838708,53.567937438905176,0.6838709677419353,20.723362658846526
1.253212158975657,23.831051654886522,0.400634765625,0.579345703125,-0.60516357421875,0.3709716796875,1.7548387096774192,53.17693059628543,0.6967741935483871,21.114369501466275
1.2768162379506975,24.027226048409716,0.4012451171875,0.57672119140625,-0.60888671875,0.36822509765625,1.761290322580645,53.3724340175953,0.6903225806451613,20.918866080156402
1.2933842309867032,24.027226048409716,0.4012451171875,0.57672119140625,-0.60888671875,0.36822509765625,1.761290322580645,53.3724340175953,0.6935483870967742,21.016617790811342
1.3134239449864253,24.027226048409716,0.4012451171875,0.57672119140625,-0.60888671875,0.36822509765625,1.7677419354838708,53.567937438905176,0.6741935483870967,20.43010752688172
1.337186460965313,23.976796424319957,0.4022216796875,0.5753173828125,-0.60992431640625,0.36767578125,1.7903225806451613,54.25219941348974,0.6580645161290322,19.941348973607038
1.3535673439619131,23.976796424319957,0.4022216796875,0.5753173828125,-0.60992431640625,0.36767578125,1.7516129032258063,53.0791788856305,0.6290322580645161,19.06158357771261
1.3774361669784412,23.80485378756262,0.40081787109375,0.57586669921875,-0.60833740234375,0.3709716796875,1.7677419354838708,53.567937438905176,0.6516129032258063,19.745845552297162
1.3938246019533835,23.80485378756262,0.40081787109375,0.57586669921875,-0.60833740234375,0.3709716796875,1.7838709677419353,54.05669599217986,0.6354838709677418,19.25708699902248
1.4138227159855887,23.80485378756262,0.40081787109375,0.57586669921875,-0.60833740234375,0.3709716796875,1.7709677419354837,53.665689149560116,0.6225806451612903,18.866080156402738
1.4373634649673477,23.68462632690145,0.3978271484375,0.57586669921875,-0.6077880859375,0.375244140625,1.7774193548387096,53.86119257086999,0.6419354838709677,19.452590420332356
1.4540151399560273,23.68462632690145,0.3978271484375,0.57586669921875,-0.6077880859375,0.375244140625,1.7548387096774192,53.17693059628543,0.6161290322580645,18.670576735092865
1.4775259039597586,23.736639259511804,0.394775390625,0.57464599609375,-0.6090087890625,0.37811279296875,1.7709677419354837,53.665689149560116,0.6161290322580645,18.670576735092865
1.4942237889626995,23.736639259511804,0.394775390625,0.57464599609375,-0.6090087890625,0.37811279296875,1.764516129032258,53.47018572825024,0.6290322580645161,19.06158357771261
1.5142264780006371,23.736639259511804,0.394775390625,0.57464599609375,-0.6090087890625,0.37811279296875,1.729032258064516,52.39491691104594,0.6258064516129032,18.963831867057674
1.537578229967039,23.783992787470623,0.39239501953125,0.57415771484375,-0.60980224609375,0.380126953125,1.7,51.515151515151516,0.632258064516129,19.159335288367547
1.554338387970347,23.783992787470623,0.39239501953125,0.57415771484375,-0.60980224609375,0.380126953125,1.7516129032258063,53.0791788856305,0.6483870967741935,19.64809384164223
1.5785532059962861,23.905090508229165,0.3896484375,0.57513427734375,-0.609619140625,0.38177490234375,1.7225806451612902,52.19941348973607,0.6451612903225806,19.550342130987293
1.5945453089661896,23.905090508229165,0.3896484375,0.57513427734375,-0.609619140625,0.38177490234375,1.7161290322580645,52.003910068426194,0.6419354838709677,19.452590420332356
1.6145746549591422,23.905090508229165,0.3896484375,0.57513427734375,-0.609619140625,0.38177490234375,1.7064516129032257,51.71065493646139,0.6451612903225806,19.550342130987293
1.6378689970006235,24.20008503474648,0.38604736328125,0.57672119140625,-0.60992431640625,0.38250732421875,1.7,51.515151515151516,0.6225806451612903,18.866080156402738
1.6547738629742526,24.20008503474648,0.38604736328125,0.57672119140625,-0.60992431640625,0.38250732421875,1.664516129032258,50.43988269794721,0.6193548387096773,18.768328445747798
1.6789057989954017,24.582002604638788,0.3818359375,0.57891845703125,-0.61029052734375,0.38287353515625,1.667741935483871,50.53763440860215,0.603225806451613,18.27956989247312
1.6948998859734274,24.582002604638788,0.3818359375,0.57891845703125,-0.61029052734375,0.38287353515625,1.6806451612903226,50.9286412512219,0.6290322580645161,19.06158357771261
1.7149541289545596,24.582002604638788,0.3818359375,0.57891845703125,-0.61029052734375,0.38287353515625,1.664516129032258,50.43988269794721,0.632258064516129,19.159335288367547
1.7388445839751512,24.994278224558528,0.37713623046875,0.58184814453125,-0.61016845703125,0.38336181640625,1.6483870967741936,49.95112414467254,0.603225806451613,18.27956989247312
1.755205338995438,24.994278224558528,0.37713623046875,0.58184814453125,-0.61016845703125,0.38336181640625,1.6258064516129032,49.266862170087975,0.567741935483871,17.20430107526882
1.7783005379606038,25.71658242140225,0.3699951171875,0.58551025390625,-0.61114501953125,0.3831787109375,1.6258064516129032,49.266862170087975,0.529032258064516,16.031280547409576
1.795250398979988,25.71658242140225,0.3699951171875,0.58551025390625,-0.61114501953125,0.3831787109375,1.6096774193548384,48.77810361681329,0.5096774193548387,15.444770283479961
1.8186704719555564,26.613742757759127,0.36248779296875,0.58966064453125,-0.6126708984375,0.3814697265625,1.6483870967741936,49.95112414467254,0.4612903225806451,13.978494623655912
1.8354043259751052,26.613742757759127,0.36248779296875,0.58966064453125,-0.6126708984375,0.3814697265625,1.5709677419354837,47.60508308895405,0.37741935483870964,11.436950146627565
1.8554657049826346,26.613742757759127,0.36248779296875,0.58966064453125,-0.6126708984375,0.3814697265625,1.6161290322580644,48.97360703812317,0.4258064516129032,12.903225806451612
1.8792969589703716,27.857178857630373,0.3525390625,0.5955810546875,-0.6146240234375,0.37841796875,1.5193548387096774,46.04105571847507,0.3225806451612903,9.775171065493646
1.8956032799906097,27.857178857630373,0.3525390625,0.5955810546875,-0.6146240234375,0.37841796875,1.5225806451612902,46.138807429130004,0.3193548387096774,9.67741935483871
1.915719155978877,27.857178857630373,0.3525390625,0.5955810546875,-0.6146240234375,0.37841796875,1.493548387096774,45.25904203323558,0.264516129032258,8.015640273704788
1.9401551009505056,29.40435665824215,0.33978271484375,0.6025390625,-0.6171875,0.3748779296875,1.4580645161290322,44.18377321603128,0.1774193548387097,5.376344086021506
1.9558125059702434,29.40435665824215,0.33978271484375,0.6025390625,-0.6171875,0.3748779296875,1.4483870967741934,43.89051808406647,0.016129032258064516,0.4887585532746823
1.9796256150002591,31.193634858216946,0.324951171875,0.61004638671875,-0.620361328125,0.37066650390625,1.464516129032258,44.37927663734115,0.029032258064516127,0.879765395894428
1.9959565449971706,31.193634858216946,0.324951171875,0.61004638671875,-0.620361328125,0.37066650390625,1.4516129032258065,43.98826979472141,0.06129032258064516,1.857282502443793
2.019214436993934,33.20482394698428,0.30780029296875,0.6181640625,-0.62371826171875,0.3662109375,1.4419354838709677,43.6950146627566,0.26129032258064516,7.9178885630498534
2.036081286962144,33.20482394698428,0.30780029296875,0.6181640625,-0.62371826171875,0.3662109375,1.461290322580645,44.28152492668622,0.12258064516129032,3.714565004887586
2.0561960119521245,33.20482394698428,0.30780029296875,0.6181640625,-0.62371826171875,0.3662109375,1.4741935483870967,44.67253176930596,0.0967741935483871,2.932551319648094
2.0813591459882446,35.31111953155629,0.2904052734375,0.62542724609375,-0.62799072265625,0.36077880859375,1.3903225806451613,42.13098729227762,0.07419354838709677,2.248289345063539
2.0963879879564047,35.31111953155629,0.2904052734375,0.62542724609375,-0.62799072265625,0.36077880859375,1.3774193548387097,41.73998044965787,0.08387096774193548,2.541544477028348
2.119598454970401,37.59043466984551,0.2725830078125,0.63238525390625,-0.633056640625,0.3536376953125,1.3483870967741933,40.86021505376344,0.132258064516129,4.007820136852394
2.1365119619877078,37.59043466984551,0.2725830078125,0.63238525390625,-0.633056640625,0.3536376953125,1.3451612903225805,40.7624633431085,0.19032258064516128,5.7673509286412505
2.1565833899658173,37.59043466984551,0.2725830078125,0.63238525390625,-0.633056640625,0.3536376953125,1.3483870967741933,40.86021505376344,0.19677419354838707,5.962854349951123
2.1809306269860826,39.7810010078474,0.256103515625,0.63720703125,-0.63916015625,0.34613037109375,1.3129032258064515,39.784946236559136,0.0,0.0
2.1967584689846262,39.7810010078474,0.256103515625,0.63720703125,-0.63916015625,0.34613037109375,1.3193548387096772,39.980449657869,0.0,0.0
2.241263056988828,41.900002339077695,0.2401123046875,0.64202880859375,-0.6446533203125,0.33856201171875,1.3161290322580643,39.882697947214076,0.0,0.0
2.2420494809630327,41.900002339077695,0.2401123046875,0.64202880859375,-0.6446533203125,0.33856201171875,1.3161290322580643,39.882697947214076,0.11935483870967742,3.6168132942326494
2.261802402965259,41.900002339077695,0.2401123046875,0.64202880859375,-0.6446533203125,0.33856201171875,1.3387096774193548,40.56695992179863,0.11290322580645161,3.4213098729227767
2.291016860981472,43.921213454809624,0.22406005859375,0.647216796875,-0.64862060546875,0.3319091796875,1.3548387096774193,41.05571847507331,0.08709677419354839,2.6392961876832843
2.3148645629989915,43.921213454809624,0.22406005859375,0.647216796875,-0.64862060546875,0.3319091796875,1.3129032258064515,39.784946236559136,0.0,0.0
2.3219689709949307,45.83290577472739,0.20855712890625,0.65185546875,-0.65228271484375,0.32574462890625,1.2999999999999998,39.39393939393939,0.0,0.0
2.342054062988609,45.83290577472739,0.20855712890625,0.65185546875,-0.65228271484375,0.32574462890625,1.296774193548387,39.29618768328446,0.0,0.0
2.3621420989511535,45.83290577472739,0.20855712890625,0.65185546875,-0.65228271484375,0.32574462890625,1.3193548387096772,39.980449657869,0.0,0.0
2.382287608983461,47.77494575335392,0.193603515625,0.65594482421875,-0.6563720703125,0.31854248046875,1.3516129032258062,40.957966764418366,0.0064516129032258064,0.19550342130987292
2.4022529529756866,47.77494575335392,0.193603515625,0.65594482421875,-0.6563720703125,0.31854248046875,1.3161290322580643,39.882697947214076,0.0,0.0
2.4223106839926913,49.84524217193053,0.17889404296875,0.65960693359375,-0.6611328125,0.30950927734375,1.3225806451612903,40.07820136852395,0.0,0.0
2.4423703989596106,49.84524217193053,0.17889404296875,0.65960693359375,-0.6611328125,0.30950927734375,1.3161290322580643,39.882697947214076,0.0,0.0
2.4625063079874963,49.84524217193053,0.17889404296875,0.65960693359375,-0.6611328125,0.30950927734375,1.3161290322580643,39.882697947214076,0.0,0.0
2.482531941961497,51.85796958497598,0.164794921875,0.66339111328125,-0.665283203125,0.30023193359375,1.329032258064516,40.27370478983382,0.0,0.0
2.502715212991461,51.85796958497598,0.164794921875,0.66339111328125,-0.665283203125,0.30023193359375,1.329032258064516,40.27370478983382,0.0,0.0
2.5289025389938615,53.84585396012315,0.15057373046875,0.66705322265625,-0.66900634765625,0.29119873046875,1.3903225806451613,42.13098729227762,0.0032258064516129032,0.09775171065493646
2.542802033945918,53.84585396012315,0.15057373046875,0.66705322265625,-0.66900634765625,0.29119873046875,1.3870967741935485,42.033235581622684,0.0,0.0
2.5628719899686985,53.84585396012315,0.15057373046875,0.66705322265625,-0.66900634765625,0.29119873046875,1.3806451612903226,41.837732160312804,0.0,0.0
2.582923096953891,55.866237677036565,0.1358642578125,0.670166015625,-0.67291259765625,0.2822265625,1.396774193548387,42.32649071358749,0.0,0.0
2.60298636398511,55.866237677036565,0.1358642578125,0.670166015625,-0.67291259765625,0.2822265625,1.3806451612903226,41.837732160312804,0.0,0.0
2.6231384339625947,58.048206534092344,0.119873046875,0.6729736328125,-0.67706298828125,0.2725830078125,1.3451612903225805,40.7624633431085,0.0,0.0
2.6431576350005344,58.048206534092344,0.119873046875,0.6729736328125,-0.67706298828125,0.2725830078125,1.3161290322580643,39.882697947214076,0.0,0.0
2.6632138619897887,58.048206534092344,0.119873046875,0.6729736328125,-0.67706298828125,0.2725830078125,1.296774193548387,39.29618768328446,0.0,0.0
2.683322570985183,60.20919976473749,0.1043701171875,0.6748046875,-0.68170166015625,0.2626953125,1.2870967741935482,39.00293255131964,0.0,0.0
2.7034077589632943,60.20919976473749,0.1043701171875,0.6748046875,-0.68170166015625,0.2626953125,1.2774193548387096,38.70967741935484,0.0,0.0
2.723518130951561,62.422398449627856,0.08837890625,0.67730712890625,-0.6854248046875,0.2523193359375,1.3064516129032258,39.589442815249264,0.0,0.0
2.7436057509621605,62.422398449627856,0.08837890625,0.67730712890625,-0.6854248046875,0.2523193359375,1.3096774193548386,39.687194525904204,0.0,0.0
2.763673466979526,62.422398449627856,0.08837890625,0.67730712890625,-0.6854248046875,0.2523193359375,1.3645161290322578,41.34897360703812,0.0,0.0
2.7837734389468096,64.55833507091403,0.07342529296875,0.6787109375,-0.68951416015625,0.24188232421875,1.3451612903225805,40.7624633431085,0.0,0.0
2.803843713947572,64.55833507091403,0.07342529296875,0.6787109375,-0.68951416015625,0.24188232421875,1.3516129032258062,40.957966764418366,0.07096774193548387,2.1505376344086025
2.8239099249476567,66.80174772323556,0.05853271484375,0.68048095703125,-0.693359375,0.22979736328125,1.3935483870967742,42.22873900293255,0.0032258064516129032,0.09775171065493646
2.844011209963355,66.80174772323556,0.05853271484375,0.68048095703125,-0.693359375,0.22979736328125,1.3741935483870966,41.64222873900293,0.08709677419354839,2.6392961876832843
2.864084908971563,66.80174772323556,0.05853271484375,0.68048095703125,-0.693359375,0.22979736328125,1.3870967741935485,42.033235581622684,0.09032258064516129,2.7370478983382207
2.8841539369896054,69.0074064652395,0.0435791015625,0.68310546875,-0.69573974609375,0.21783447265625,1.396774193548387,42.32649071358749,0.058064516129032254,1.759530791788856
2.9042309319484048,69.0074064652395,0.0435791015625,0.68310546875,-0.69573974609375,0.21783447265625,1.3774193548387097,41.73998044965787,0.132258064516129,4.007820136852394
2.9243094959529117,71.15248596515951,0.02880859375,0.685546875,-0.6976318359375,0.206298828125,1.3903225806451613,42.13098729227762,0.12580645161290321,3.812316715542522
2.944408315990586,71.15248596515951,0.02880859375,0.685546875,-0.6976318359375,0.206298828125,1.403225806451613,42.52199413489737,0.11612903225806451,3.519061583577712
2.964487007993739,71.15248596515951,0.02880859375,0.685546875,-0.6976318359375,0.206298828125,1.429032258064516,43.30400782013685,0.14516129032258066,4.398826979472141
2.9845637469552457,73.34299129926278,0.0140380859375,0.6873779296875,-0.69970703125,0.1942138671875,1.4161290322580644,42.91300097751711,0.1064516129032258,3.225806451612903
3.00464096700307,73.34299129926278,0.0140380859375,0.6873779296875,-0.69970703125,0.1942138671875,1.3516129032258062,40.957966764418366,0.14838709677419354,4.496578690127078
3.024684936972335,75.48346545596537,-0.00018310546875,0.6888427734375,-0.70172119140625,0.18212890625,1.4419354838709677,43.6950146627566,0.18064516129032257,5.474095796676441
3.0447896139812656,75.48346545596537,-0.00018310546875,0.6888427734375,-0.70172119140625,0.18212890625,1.4548387096774194,44.086021505376344,0.2225806451612903,6.744868035190615
3.0648280159803107,75.48346545596537,-0.00018310546875,0.6888427734375,-0.70172119140625,0.18212890625,1.4709677419354839,44.57478005865102,0.25806451612903225,7.820136852394917
3.0848836669465527,77.52934019433927,-0.0140380859375,0.69049072265625,-0.7027587890625,0.170654296875,1.464516129032258,44.37927663734115,0.2193548387096774,6.647116324535679
3.104961559001822,77.52934019433927,-0.0140380859375,0.69049072265625,-0.7027587890625,0.170654296875,1.4709677419354839,44.57478005865102,0.2032258064516129,6.158357771260997
3.1250223299721256,79.42941894910754,-0.02716064453125,0.6917724609375,-0.70361328125,0.16021728515625,1.4774193548387096,44.770283479960895,0.17419354838709677,5.278592375366569
3.145082236966118,79.42941894910754,-0.02716064453125,0.6917724609375,-0.70361328125,0.16021728515625,1.4419354838709677,43.6950146627566,0.0,0.0
3.1651468799682334,79.42941894910754,-0.02716064453125,0.6917724609375,-0.70361328125,0.16021728515625,1.4419354838709677,43.6950146627566,0.19999999999999998,6.0606060606060606
3.1852140189730562,81.09812237176764,-0.03863525390625,0.692138671875,-0.7047119140625,0.151123046875,1.4419354838709677,43.6950146627566,0.16451612903225804,4.9853372434017595
3.2052849349565804,81.09812237176764,-0.03863525390625,0.692138671875,-0.7047119140625,0.151123046875,1.3903225806451613,42.13098729227762,0.18064516129032257,5.474095796676441
3.225390442996286,82.68319270210085,-0.0491943359375,0.69268798828125,-0.7054443359375,0.14202880859375,1.3774193548387097,41.73998044965787,0.18387096774193548,5.571847507331378
3.245479182980489,82.68319270210085,-0.0491943359375,0.69268798828125,-0.7054443359375,0.14202880859375,1.4225806451612903,43.10850439882698,0.0,0.0
3.265524561982602,82.68319270210085,-0.0491943359375,0.69268798828125,-0.7054443359375,0.14202880859375,1.3903225806451613,42.13098729227762,0.06451612903225806,1.9550342130987293
3.2856307099573314,84.08065902006386,-0.05902099609375,0.69366455078125,-0.7052001953125,0.13433837890625,1.4064516129032258,42.619745845552295,0.2032258064516129,6.158357771260997
3.305655320000369,84.08065902006386,-0.05902099609375,0.69366455078125,-0.7052001953125,0.13433837890625,1.3935483870967742,42.22873900293255,0.16451612903225804,4.9853372434017595
3.3257059149909765,85.1442013025476,-0.06640625,0.69354248046875,-0.70574951171875,0.12860107421875,1.3935483870967742,42.22873900293255,0.16451612903225804,4.9853372434017595
3.345769662002567,85.1442013025476,-0.06640625,0.69354248046875,-0.70574951171875,0.12860107421875,1.3903225806451613,42.13098729227762,0.09999999999999999,3.0303030303030303
3.3658781789708883,85.1442013025476,-0.06640625,0.69354248046875,-0.70574951171875,0.12860107421875,1.4064516129032258,42.619745845552295,0.0,0.0
3.385986918990966,86.0789163977045,-0.072509765625,0.693359375,-0.70623779296875,0.1231689453125,1.4225806451612903,43.10850439882698,0.0,0.0
3.406058378983289,86.0789163977045,-0.072509765625,0.693359375,-0.70623779296875,0.1231689453125,1.3903225806451613,42.13098729227762,0.20967741935483872,6.35386119257087
3.427923748968169,86.62384989743387,-0.07611083984375,0.69342041015625,-0.70635986328125,0.1199951171875,1.403225806451613,42.52199413489737,0.2193548387096774,6.647116324535679
3.4461970729753375,86.62384989743387,-0.07611083984375,0.69342041015625,-0.70635986328125,0.1199951171875,1.4225806451612903,43.10850439882698,0.2064516129032258,6.256109481915933
3.4710710469516926,86.62384989743387,-0.07611083984375,0.69342041015625,-0.70635986328125,0.1199951171875,1.4225806451612903,43.10850439882698,0.20967741935483872,6.35386119257087
3.4864186189952306,86.85459780611049,-0.0775146484375,0.6932373046875,-0.7066650390625,0.11859130859375,1.403225806451613,42.52199413489737,0.2064516129032258,6.256109481915933
3.506510942999739,86.85459780611049,-0.0775146484375,0.6932373046875,-0.7066650390625,0.11859130859375,1.4129032258064516,42.81524926686217,0.2129032258064516,6.451612903225806
3.5266419559484348,86.86518298991219,-0.07733154296875,0.69232177734375,-0.70758056640625,0.1185302734375,1.4225806451612903,43.10850439882698,0.2129032258064516,6.451612903225806
3.5466935109579936,86.86518298991219,-0.07733154296875,0.69232177734375,-0.70758056640625,0.1185302734375,1.403225806451613,42.52199413489737,0.2193548387096774,6.647116324535679
3.5667079759878106,86.86518298991219,-0.07733154296875,0.69232177734375,-0.70758056640625,0.1185302734375,1.467741935483871,44.4770283479961,0.2193548387096774,6.647116324535679
3.586763658968266,86.7510818230929,-0.07635498046875,0.6910400390625,-0.70880126953125,0.11932373046875,1.4548387096774194,44.086021505376344,0.2290322580645161,6.940371456500488
3.606857582984958,86.7510818230929,-0.07635498046875,0.6910400390625,-0.70880126953125,0.11932373046875,1.4161290322580644,42.91300097751711,0.23225806451612901,7.038123167155424
3.626912817999255,86.5801311132533,-0.074951171875,0.6903076171875,-0.70947265625,0.1202392578125,1.4258064516129032,43.20625610948191,0.19999999999999998,6.0606060606060606
3.646999861986842,86.5801311132533,-0.074951171875,0.6903076171875,-0.70947265625,0.1202392578125,1.4161290322580644,42.91300097751711,0.2032258064516129,6.158357771260997
3.6671027779811993,86.5801311132533,-0.074951171875,0.6903076171875,-0.70947265625,0.1202392578125,1.467741935483871,44.4770283479961,0.2032258064516129,6.158357771260997
3.687199134961702,86.38029374320006,-0.0733642578125,0.69000244140625,-0.70977783203125,0.1212158203125,1.4838709677419355,44.965786901270775,0.17096774193548384,5.180840664711631
3.707210911961738,86.38029374320006,-0.0733642578125,0.69000244140625,-0.70977783203125,0.1212158203125,1.4806451612903224,44.868035190615835,0.18709677419354837,5.669599217986314
3.72730467596557,86.1682286659481,-0.07183837890625,0.6895751953125,-0.71014404296875,0.1224365234375,1.4419354838709677,43.6950146627566,0.19032258064516128,5.7673509286412505
3.7474543459829874,86.1682286659481,-0.07183837890625,0.6895751953125,-0.71014404296875,0.1224365234375,1.4709677419354839,44.57478005865102,0.25483870967741934,7.722385141739981
3.7674837239901535,86.1682286659481,-0.07183837890625,0.6895751953125,-0.71014404296875,0.1224365234375,1.4806451612903224,44.868035190615835,0.24838709677419354,7.526881720430108
3.787555695977062,86.01944120230866,-0.0704345703125,0.68896484375,-0.7108154296875,0.123046875,1.464516129032258,44.37927663734115,0.24838709677419354,7.526881720430108
3.807655027951114,86.01944120230866,-0.0704345703125,0.68896484375,-0.7108154296875,0.123046875,1.467741935483871,44.4770283479961,0.24193548387096775,7.331378299120235
3.8396571869961917,85.92636178248144,-0.0694580078125,0.6884765625,-0.7113037109375,0.12335205078125,1.4548387096774194,44.086021505376344,0.24516129032258063,7.429130009775172
3.847800218965858,85.92636178248144,-0.0694580078125,0.6884765625,-0.7113037109375,0.12335205078125,1.4451612903225806,43.79276637341153,0.24516129032258063,7.429130009775172
3.8678731819964014,85.92636178248144,-0.0694580078125,0.6884765625,-0.7113037109375,0.12335205078125,1.4516129032258065,43.98826979472141,0.25161290322580643,7.624633431085044
3.8879752989741974,85.83786164554107,-0.0684814453125,0.6884765625,-0.71142578125,0.12347412109375,1.461290322580645,44.28152492668622,0.24838709677419354,7.526881720430108
3.908922848990187,85.83786164554107,-0.0684814453125,0.6884765625,-0.71142578125,0.12347412109375,1.4580645161290322,44.18377321603128,0.25161290322580643,7.624633431085044
3.928145321959164,85.79071216479996,-0.06781005859375,0.68902587890625,-0.7109375,0.12322998046875,1.4709677419354839,44.57478005865102,0.24838709677419354,7.526881720430108
3.9482174220029265,85.79071216479996,-0.06781005859375,0.68902587890625,-0.7109375,0.12322998046875,1.4838709677419355,44.965786901270775,0.25161290322580643,7.624633431085044
3.9682920489576645,85.79071216479996,-0.06781005859375,0.68902587890625,-0.7109375,0.12322998046875,1.4774193548387096,44.770283479960895,0.25483870967741934,7.722385141739981
3.988372500985861,85.79418228890462,-0.067626953125,0.6893310546875,-0.71075439453125,0.1229248046875,1.4741935483870967,44.67253176930596,0.23870967741935484,7.233626588465299
4.008818563946988,85.79418228890462,-0.067626953125,0.6893310546875,-0.71075439453125,0.1229248046875,1.4774193548387096,44.770283479960895,0.23225806451612901,7.038123167155424
4.028584318002686,85.85874510852551,-0.068115234375,0.6890869140625,-0.71099853515625,0.1226806640625,1.4548387096774194,44.086021505376344,0.2064516129032258,6.256109481915933
4.048633440979756,85.85874510852551,-0.068115234375,0.6890869140625,-0.71099853515625,0.1226806640625,1.4774193548387096,44.770283479960895,0.2193548387096774,6.647116324535679
4.0687142119859345,85.85874510852551,-0.068115234375,0.6890869140625,-0.71099853515625,0.1226806640625,1.5064516129032257,45.650048875855326,0.2064516129032258,6.256109481915933
4.088744773995131,85.92717235356557,-0.0687255859375,0.68865966796875,-0.71136474609375,0.12255859375,1.4870967741935484,45.06353861192571,0.2064516129032258,6.256109481915933
4.1088078820030205,85.92717235356557,-0.0687255859375,0.68865966796875,-0.71136474609375,0.12255859375,1.493548387096774,45.25904203323558,0.2032258064516129,6.158357771260997
4.128928781952709,85.96547369109035,-0.069091796875,0.6884765625,-0.71148681640625,0.12249755859375,1.467741935483871,44.4770283479961,0.2064516129032258,6.256109481915933
4.148966992972419,85.96547369109035,-0.069091796875,0.6884765625,-0.71148681640625,0.12249755859375,1.4870967741935484,45.06353861192571,0.2129032258064516,6.451612903225806
4.169038547959644,85.96547369109035,-0.069091796875,0.6884765625,-0.71148681640625,0.12249755859375,1.461290322580645,44.28152492668622,0.2129032258064516,6.451612903225806
4.189120535971597,85.9864484041232,-0.0692138671875,0.68841552734375,-0.7115478515625,0.12237548828125,1.4838709677419355,44.965786901270775,0.2064516129032258,6.256109481915933
4.209185914951377,85.9864484041232,-0.0692138671875,0.68841552734375,-0.7115478515625,0.12237548828125,1.4806451612903224,44.868035190615835,0.23548387096774193,7.1358748778103624
4.229246429982595,85.97545079433483,-0.0692138671875,0.6884765625,-0.71148681640625,0.12249755859375,1.4870967741935484,45.06353861192571,0.2161290322580645,6.549364613880742
4.2493975079851225,85.97545079433483,-0.0692138671875,0.6884765625,-0.71148681640625,0.12249755859375,1.4903225806451612,45.16129032258064,0.2193548387096774,6.647116324535679
4.269428453990258,85.97545079433483,-0.0692138671875,0.6884765625,-0.71148681640625,0.12249755859375,1.4741935483870967,44.67253176930596,0.2161290322580645,6.549364613880742
4.2894726489903405,85.94971523285906,-0.069091796875,0.68829345703125,-0.71160888671875,0.12274169921875,1.4806451612903224,44.868035190615835,0.2161290322580645,6.549364613880742
4.309545291995164,85.94971523285906,-0.069091796875,0.68829345703125,-0.71160888671875,0.12274169921875,1.493548387096774,45.25904203323558,0.2161290322580645,6.549364613880742
4.329593422997277,85.964925490353,-0.0693359375,0.68804931640625,-0.7117919921875,0.12286376953125,1.4838709677419355,44.965786901270775,0.2193548387096774,6.647116324535679
4.349653233948629,85.964925490353,-0.0693359375,0.68804931640625,-0.7117919921875,0.12286376953125,1.4838709677419355,44.965786901270775,0.2193548387096774,6.647116324535679
4.369762582995463,85.964925490353,-0.0693359375,0.68804931640625,-0.7117919921875,0.12286376953125,1.4903225806451612,45.16129032258064,0.22580645161290322,6.842619745845553
4.389841017953586,85.95932235261279,-0.0693359375,0.6878662109375,-0.71197509765625,0.12298583984375,1.4709677419354839,44.57478005865102,0.2193548387096774,6.647116324535679
4.409917629964184,85.95932235261279,-0.0693359375,0.6878662109375,-0.71197509765625,0.12298583984375,1.4838709677419355,44.965786901270775,0.2161290322580645,6.549364613880742
4.430004033958539,85.94181898431685,-0.0692138671875,0.68798828125,-0.71185302734375,0.123046875,1.4838709677419355,44.965786901270775,0.2161290322580645,6.549364613880742
4.4500795569620095,85.94181898431685,-0.0692138671875,0.68798828125,-0.71185302734375,0.123046875,1.4709677419354839,44.57478005865102,0.2161290322580645,6.549364613880742
4.470181993965525,85.94181898431685,-0.0692138671875,0.68798828125,-0.71185302734375,0.123046875,1.5032258064516129,45.552297165200386,0.2161290322580645,6.549364613880742
4.490222316002473,85.89830456249133,-0.0689697265625,0.687744140625,-0.71209716796875,0.1234130859375,1.4709677419354839,44.57478005865102,0.2129032258064516,6.451612903225806
4.510324367962312,85.89830456249133,-0.0689697265625,0.687744140625,-0.71209716796875,0.1234130859375,1.467741935483871,44.4770283479961,0.2161290322580645,6.549364613880742
4.53043445298681,85.87569689444996,-0.06878662109375,0.68719482421875,-0.71258544921875,0.1236572265625,1.4903225806451612,45.16129032258064,0.20967741935483872,6.35386119257087
4.550482295977417,85.87569689444996,-0.06878662109375,0.68719482421875,-0.71258544921875,0.1236572265625,1.464516129032258,44.37927663734115,0.2064516129032258,6.256109481915933
4.570583387976512,85.87569689444996,-0.06878662109375,0.68719482421875,-0.71258544921875,0.1236572265625,1.4806451612903224,44.868035190615835,0.19999999999999998,6.0606060606060606
4.590603325981647,85.83465152163821,-0.0687255859375,0.687255859375,-0.71240234375,0.12408447265625,1.4419354838709677,43.6950146627566,0.19677419354838707,5.962854349951123
4.610690145986155,85.83465152163821,-0.0687255859375,0.687255859375,-0.71240234375,0.12408447265625,1.4516129032258065,43.98826979472141,0.19032258064516128,5.7673509286412505
4.630741699947976,85.77140939704496,-0.0684814453125,0.68701171875,-0.71258544921875,0.12469482421875,1.4483870967741934,43.89051808406647,0.1935483870967742,5.865102639296188
4.650940779945813,85.77140939704496,-0.0684814453125,0.68701171875,-0.71258544921875,0.12469482421875,1.467741935483871,44.4770283479961,0.1935483870967742,5.865102639296188
4.67101761494996,85.77140939704496,-0.0684814453125,0.68701171875,-0.71258544921875,0.12469482421875,1.4387096774193548,43.59726295210166,0.19677419354838707,5.962854349951123
4.691083058947697,85.7517063377491,-0.06854248046875,0.68658447265625,-0.71295166015625,0.1251220703125,1.467741935483871,44.4770283479961,0.18709677419354837,5.669599217986314
4.711157173966058,85.7517063377491,-0.06854248046875,0.68658447265625,-0.71295166015625,0.1251220703125,1.464516129032258,44.37927663734115,0.2032258064516129,6.158357771260997
4.73123036097968,85.76677828792805,-0.06890869140625,0.68658447265625,-0.712890625,0.12530517578125,1.4516129032258065,43.98826979472141,0.19032258064516128,5.7673509286412505
4.751365150965285,85.76677828792805,-0.06890869140625,0.68658447265625,-0.712890625,0.12530517578125,1.4580645161290322,44.18377321603128,0.18387096774193548,5.571847507331378
4.771427649946418,85.76677828792805,-0.06890869140625,0.68658447265625,-0.712890625,0.12530517578125,1.4548387096774194,44.086021505376344,0.19032258064516128,5.7673509286412505
4.7914710129844025,85.73903000467557,-0.0689697265625,0.68695068359375,-0.71246337890625,0.1256103515625,1.4709677419354839,44.57478005865102,0.1935483870967742,5.865102639296188
4.811540583963506,85.73903000467557,-0.0689697265625,0.68695068359375,-0.71246337890625,0.1256103515625,1.4580645161290322,44.18377321603128,0.19999999999999998,6.0606060606060606
4.831604810955469,85.71427774096627,-0.06890869140625,0.68695068359375,-0.71240234375,0.1258544921875,1.461290322580645,44.28152492668622,0.19677419354838707,5.962854349951123
4.851735855976585,85.71427774096627,-0.06890869140625,0.68695068359375,-0.71240234375,0.1258544921875,1.493548387096774,45.25904203323558,0.2129032258064516,6.451612903225806
4.871772882994264,85.71427774096627,-0.06890869140625,0.68695068359375,-0.71240234375,0.1258544921875,1.461290322580645,44.28152492668622,0.19999999999999998,6.0606060606060606
4.891843477962539,85.70088630498395,-0.0689697265625,0.6868896484375,-0.71240234375,0.1260986328125,1.4451612903225806,43.79276637341153,0.19999999999999998,6.0606060606060606
4.911919993988704,85.70088630498395,-0.0689697265625,0.6868896484375,-0.71240234375,0.1260986328125,1.4741935483870967,44.67253176930596,0.19999999999999998,6.0606060606060606
4.931983676971868,85.63289678547406,-0.06854248046875,0.68707275390625,-0.71221923828125,0.12646484375,1.5064516129032257,45.650048875855326,0.19677419354838707,5.962854349951123
4.952064383949619,85.63289678547406,-0.06854248046875,0.68707275390625,-0.71221923828125,0.12646484375,1.4709677419354839,44.57478005865102,0.1935483870967742,5.865102639296188
4.9721388519974425,85.63289678547406,-0.06854248046875,0.68707275390625,-0.71221923828125,0.12646484375,1.4774193548387096,44.770283479960895,0.1935483870967742,5.865102639296188
4.992214854981285,85.55665794950508,-0.06787109375,0.6873779296875,-0.7119140625,0.12664794921875,1.4741935483870967,44.67253176930596,0.19677419354838707,5.962854349951123
5.0122881069546565,85.55665794950508,-0.06787109375,0.6873779296875,-0.7119140625,0.12664794921875,1.4451612903225806,43.79276637341153,0.19032258064516128,5.7673509286412505
5.032365102961194,85.5238792356855,-0.06756591796875,0.68731689453125,-0.7120361328125,0.12677001953125,1.4451612903225806,43.79276637341153,0.1935483870967742,5.865102639296188
5.052411440992728,85.5238792356855,-0.06756591796875,0.68731689453125,-0.7120361328125,0.12677001953125,1.461290322580645,44.28152492668622,0.19677419354838707,5.962854349951123
5.072518965986092,85.5238792356855,-0.06756591796875,0.68731689453125,-0.7120361328125,0.12677001953125,1.432258064516129,43.401759530791786,0.17419354838709677,5.278592375366569
5.092611993954051,85.54866818441864,-0.0677490234375,0.68707275390625,-0.71221923828125,0.126708984375,1.4129032258064516,42.81524926686217,0.1774193548387097,5.376344086021506
5.112695548974443,85.54866818441864,-0.0677490234375,0.68707275390625,-0.71221923828125,0.126708984375,1.4161290322580644,42.91300097751711,0.18064516129032257,5.474095796676441
5.132758208957966,85.62465652517034,-0.068115234375,0.6865234375,-0.7127685546875,0.12628173828125,1.4161290322580644,42.91300097751711,0.18387096774193548,5.571847507331378
5.152832067979034,85.62465652517034,-0.068115234375,0.6865234375,-0.7127685546875,0.12628173828125,1.403225806451613,42.52199413489737,0.18709677419354837,5.669599217986314
5.172933767957147,85.62465652517034,-0.068115234375,0.6865234375,-0.7127685546875,0.12628173828125,1.4225806451612903,43.10850439882698,0.16774193548387095,5.083088954056696
5.193000395956915,85.69747783405853,-0.068603515625,0.68658447265625,-0.7127685546875,0.1258544921875,1.4387096774193548,43.59726295210166,0.17096774193548384,5.180840664711631
5.213068910990842,85.69747783405853,-0.068603515625,0.68658447265625,-0.7127685546875,0.1258544921875,1.4129032258064516,42.81524926686217,0.16451612903225804,4.9853372434017595
5.233138577954378,85.72276830867186,-0.068603515625,0.686767578125,-0.712646484375,0.12548828125,1.4258064516129032,43.20625610948191,0.17096774193548384,5.180840664711631
5.253238582983613,85.72276830867186,-0.068603515625,0.686767578125,-0.712646484375,0.12548828125,1.429032258064516,43.30400782013685,0.17419354838709677,5.278592375366569
5.273275128973182,85.72276830867186,-0.068603515625,0.686767578125,-0.712646484375,0.12548828125,1.429032258064516,43.30400782013685,0.17096774193548384,5.180840664711631
5.293398653971963,85.71196437241167,-0.06829833984375,0.68658447265625,-0.712890625,0.1253662109375,1.403225806451613,42.52199413489737,0.14516129032258066,4.398826979472141
5.31343471998116,85.71196437241167,-0.06829833984375,0.68658447265625,-0.712890625,0.1253662109375,1.3774193548387097,41.73998044965787,0.14516129032258066,4.398826979472141
5.33353498094948,85.62750746768863,-0.06768798828125,0.6864013671875,-0.71307373046875,0.1258544921875,1.3806451612903226,41.837732160312804,0.06774193548387096,2.0527859237536656
5.35355882300064,85.62750746768863,-0.06768798828125,0.6864013671875,-0.71307373046875,0.1258544921875,1.3677419354838707,41.44672531769305,0.06451612903225806,1.9550342130987293
5.373619945952669,85.62750746768863,-0.06768798828125,0.6864013671875,-0.71307373046875,0.1258544921875,1.3419354838709676,40.66471163245357,0.07419354838709677,2.248289345063539
5.393707021954469,85.48772987332391,-0.06671142578125,0.68603515625,-0.71337890625,0.126708984375,1.3677419354838707,41.44672531769305,0.08064516129032258,2.4437927663734116
5.4137818409944884,85.48772987332391,-0.06671142578125,0.68603515625,-0.71337890625,0.126708984375,1.3548387096774193,41.05571847507331,0.08064516129032258,2.4437927663734116
5.433847507985774,85.30143509313744,-0.0653076171875,0.68572998046875,-0.71356201171875,0.127685546875,1.3709677419354838,41.54447702834799,0.07741935483870967,2.3460410557184748
5.453904086956754,85.30143509313744,-0.0653076171875,0.68572998046875,-0.71356201171875,0.127685546875,1.3774193548387097,41.73998044965787,0.14516129032258066,4.398826979472141
5.473999515001196,85.30143509313744,-0.0653076171875,0.68572998046875,-0.71356201171875,0.127685546875,1.3645161290322578,41.34897360703812,0.2161290322580645,6.549364613880742
5.494048829947133,85.23935499487533,-0.06451416015625,0.68585205078125,-0.71356201171875,0.12762451171875,1.396774193548387,42.32649071358749,0.2225806451612903,6.744868035190615
5.514112992968876,85.23935499487533,-0.06451416015625,0.68585205078125,-0.71356201171875,0.12762451171875,1.4225806451612903,43.10850439882698,0.18709677419354837,5.669599217986314
5.534208516997751,85.57763816417778,-0.066162109375,0.6859130859375,-0.71380615234375,0.12506103515625,1.432258064516129,43.401759530791786,0.19999999999999998,6.0606060606060606
5.5542463119491,85.57763816417778,-0.066162109375,0.6859130859375,-0.71380615234375,0.12506103515625,1.4548387096774194,44.086021505376344,0.2032258064516129,6.158357771260997
5.574309866991825,85.57763816417778,-0.066162109375,0.6859130859375,-0.71380615234375,0.12506103515625,1.467741935483871,44.4770283479961,0.11290322580645161,3.4213098729227767
5.594392558967229,86.3854582628527,-0.07147216796875,0.68682861328125,-0.7132568359375,0.1201171875,1.3935483870967742,42.22873900293255,0.0967741935483871,2.932551319648094
5.6144862590008415,86.3854582628527,-0.07147216796875,0.68682861328125,-0.7132568359375,0.1201171875,1.3387096774193548,40.56695992179863,0.0,0.0
5.634583190956619,87.56241118449816,-0.0794677734375,0.68701171875,-0.71331787109375,0.11346435546875,1.3903225806451613,42.13098729227762,0.0,0.0
5.654632858000696,87.56241118449816,-0.0794677734375,0.68701171875,-0.71331787109375,0.11346435546875,1.396774193548387,42.32649071358749,0.0,0.0
5.674700316973031,87.56241118449816,-0.0794677734375,0.68701171875,-0.71331787109375,0.11346435546875,1.3419354838709676,40.66471163245357,0.0,0.0
5.694777088996489,88.81484009966621,-0.087890625,0.684326171875,-0.71588134765625,0.1070556640625,1.3387096774193548,40.56695992179863,0.0,0.0
5.714851075957995,88.81484009966621,-0.087890625,0.684326171875,-0.71588134765625,0.1070556640625,1.3838709677419354,41.935483870967744,0.0,0.0
5.734929223952349,90.19728997715762,-0.09722900390625,0.68280029296875,-0.71722412109375,0.099609375,1.3677419354838707,41.44672531769305,0.0,0.0
5.755004042992368,90.19728997715762,-0.09722900390625,0.68280029296875,-0.71722412109375,0.099609375,1.3451612903225805,40.7624633431085,0.0,0.0
5.775061517953873,90.19728997715762,-0.09722900390625,0.68280029296875,-0.71722412109375,0.099609375,1.396774193548387,42.32649071358749,0.019354838709677417,0.5865102639296187
5.7951973309973255,91.60037114716097,-0.107177734375,0.6820068359375,-0.717529296875,0.09228515625,1.403225806451613,42.52199413489737,0.2032258064516129,6.158357771260997
5.81530015199678,91.60037114716097,-0.107177734375,0.6820068359375,-0.717529296875,0.09228515625,1.2903225806451613,39.100684261974585,0.11612903225806451,3.519061583577712
5.835321753984317,93.17840169020108,-0.11810302734375,0.68243408203125,-0.71649169921875,0.0833740234375,1.2387096774193547,37.536656891495596,0.035483870967741936,1.0752688172043012
5.855444318964146,93.17840169020108,-0.11810302734375,0.68243408203125,-0.71649169921875,0.0833740234375,1.2774193548387096,38.70967741935484,0.019354838709677417,0.5865102639296187
5.8755056979716755,93.17840169020108,-0.11810302734375,0.68243408203125,-0.71649169921875,0.0833740234375,1.3064516129032258,39.589442815249264,0.06129032258064516,1.857282502443793
5.895582725002896,94.88202735525618,-0.12945556640625,0.68255615234375,-0.71551513671875,0.0733642578125,1.3225806451612903,40.07820136852395,0.2032258064516129,6.158357771260997
5.915653288946487,94.88202735525618,-0.12945556640625,0.68255615234375,-0.71551513671875,0.0733642578125,1.3516129032258062,40.957966764418366,0.2161290322580645,6.549364613880742
5.93576254096115,96.70670731132606,-0.1414794921875,0.68212890625,-0.71466064453125,0.0626220703125,1.3129032258064515,39.784946236559136,0.2161290322580645,6.549364613880742
5.955910578952171,96.70670731132606,-0.1414794921875,0.68212890625,-0.71466064453125,0.0626220703125,1.403225806451613,42.52199413489737,0.2064516129032258,6.256109481915933
5.975939956959337,96.70670731132606,-0.1414794921875,0.68212890625,-0.71466064453125,0.0626220703125,1.467741935483871,44.4770283479961,0.1935483870967742,5.865102639296188
5.996015160984825,98.50070642924464,-0.15301513671875,0.68145751953125,-0.71380615234375,0.05181884765625,1.5451612903225804,46.82306940371456,0.2032258064516129,6.158357771260997
6.016083163965959,98.50070642924464,-0.15301513671875,0.68145751953125,-0.71380615234375,0.05181884765625,1.6161290322580644,48.97360703812317,0.2064516129032258,6.256109481915933
6.036168415972497,100.12414257169455,-0.1634521484375,0.680908203125,-0.712646484375,0.0419921875,1.632258064516129,49.462365591397855,0.2032258064516129,6.158357771260997
6.056242338963784,100.12414257169455,-0.1634521484375,0.680908203125,-0.712646484375,0.0419921875,1.7,51.515151515151516,0.12580645161290321,3.812316715542522
6.076311590964906,100.12414257169455,-0.1634521484375,0.680908203125,-0.712646484375,0.0419921875,1.6838709677419355,51.02639296187683,0.09999999999999999,3.0303030303030303
6.096386249992065,101.56126999416183,-0.17230224609375,0.6812744140625,-0.710693359375,0.03265380859375,1.6870967741935483,51.12414467253177,0.4451612903225806,13.48973607038123
6.116480814001989,101.56126999416183,-0.17230224609375,0.6812744140625,-0.710693359375,0.03265380859375,1.7129032258064516,51.90615835777126,0.4935483870967742,14.95601173020528
6.136534705001395,103.09994278857104,-0.180908203125,0.68218994140625,-0.7081298828125,0.02166748046875,1.7903225806451613,54.25219941348974,0.5483870967741935,16.617790811339198
6.156605523952749,103.09994278857104,-0.180908203125,0.68218994140625,-0.7081298828125,0.02166748046875,1.7032258064516128,51.61290322580645,0.6419354838709677,19.452590420332356
6.176681847951841,103.09994278857104,-0.180908203125,0.68218994140625,-0.7081298828125,0.02166748046875,1.7387096774193547,52.68817204301075,0.6387096774193548,19.35483870967742
6.196758363978006,104.4310846018695,-0.1883544921875,0.6817626953125,-0.70684814453125,0.01251220703125,1.7032258064516128,51.61290322580645,0.6870967741935483,20.821114369501466
6.216840606997721,104.4310846018695,-0.1883544921875,0.6817626953125,-0.70684814453125,0.01251220703125,1.7548387096774192,53.17693059628543,0.6612903225806451,20.039100684261975
6.236914050998166,105.65555313286804,-0.1951904296875,0.6815185546875,-0.705322265625,0.0040283203125,1.7999999999999998,54.54545454545454,0.9741935483870967,29.521016617790814
6.25699101400096,105.65555313286804,-0.1951904296875,0.6815185546875,-0.705322265625,0.0040283203125,1.7999999999999998,54.54545454545454,1.0161290322580645,30.791788856304986
6.2770626659621485,105.65555313286804,-0.1951904296875,0.6815185546875,-0.705322265625,0.0040283203125,1.761290322580645,53.3724340175953,1.0096774193548386,30.596285434995107
6.297164077986963,106.75382308692517,0.20074462890625,-0.68115234375,0.7041015625,0.00408935546875,1.729032258064516,52.39491691104594,1.0096774193548386,30.596285434995107
6.3172081770026125,106.75382308692517,0.20074462890625,-0.68115234375,0.7041015625,0.00408935546875,1.764516129032258,53.47018572825024,1.2,36.36363636363637
6.337282227992546,107.80269178013788,0.205810546875,-0.68109130859375,0.70257568359375,0.01214599609375,1.793548387096774,54.34995112414467,1.196774193548387,36.26588465298143
6.35796701797517,107.80269178013788,0.205810546875,-0.68109130859375,0.70257568359375,0.01214599609375,1.7741935483870968,53.76344086021506,1.164516129032258,35.28836754643206
6.377502556948457,107.80269178013788,0.205810546875,-0.68109130859375,0.70257568359375,0.01214599609375,1.7870967741935482,54.154447702834794,1.1935483870967742,36.168132942326494
6.3975995849468745,108.78942637973894,0.2105712890625,-0.68060302734375,0.70147705078125,0.01959228515625,1.7387096774193547,52.68817204301075,1.2225806451612904,37.047898338220925
6.417954989999998,108.78942637973894,0.2105712890625,-0.68060302734375,0.70147705078125,0.01959228515625,1.8064516129032258,54.74095796676443,1.2129032258064516,36.75464320625611
6.438109714945313,109.50593023350842,0.21331787109375,-0.6796875,0.70135498046875,0.0255126953125,1.7580645161290323,53.27468230694038,1.2096774193548387,36.65689149560117
6.45788151799934,109.50593023350842,0.21331787109375,-0.6796875,0.70135498046875,0.0255126953125,1.7741935483870968,53.76344086021506,1.1838709677419355,35.87487781036168
6.477906447951682,109.50593023350842,0.21331787109375,-0.6796875,0.70135498046875,0.0255126953125,1.7903225806451613,54.25219941348974,1.2096774193548387,36.65689149560117
6.497977554972749,110.0017378403804,0.2147216796875,-0.67926025390625,0.70111083984375,0.0301513671875,1.7870967741935482,54.154447702834794,1.2451612903225806,37.732160312805476
6.518079030967783,110.0017378403804,0.2147216796875,-0.67926025390625,0.70111083984375,0.0301513671875,1.7129032258064516,51.90615835777126,1.2838709677419353,38.90518084066471
6.538243165996391,110.5299059183262,0.2149658203125,-0.68017578125,0.6998291015625,0.03662109375,1.7709677419354837,53.665689149560116,1.2741935483870968,38.6119257086999
6.558345025987364,110.5299059183262,0.2149658203125,-0.68017578125,0.6998291015625,0.03662109375,1.793548387096774,54.34995112414467,1.2999999999999998,39.39393939393939
6.578425477957353,110.5299059183262,0.2149658203125,-0.68017578125,0.6998291015625,0.03662109375,1.7806451612903225,53.95894428152492,1.2774193548387096,38.70967741935484
6.598507368995342,110.78157184272057,0.2135009765625,-0.681396484375,0.6988525390625,0.0413818359375,1.7516129032258063,53.0791788856305,1.2129032258064516,36.75464320625611
6.61857265298022,110.78157184272057,0.2135009765625,-0.681396484375,0.6988525390625,0.0413818359375,1.761290322580645,53.3724340175953,1.232258064516129,37.34115347018573
6.638593005947769,110.81362623705319,0.2119140625,-0.68310546875,0.697509765625,0.043701171875,1.761290322580645,53.3724340175953,1.232258064516129,37.34115347018573
6.65866830595769,110.81362623705319,0.2119140625,-0.68310546875,0.697509765625,0.043701171875,1.8096774193548386,54.83870967741935,1.2580645161290323,38.12316715542522
6.678741876967251,110.81362623705319,0.2119140625,-0.68310546875,0.697509765625,0.043701171875,1.7548387096774192,53.17693059628543,1.2193548387096773,36.950146627565985
6.698794647993054,110.86670295128172,0.2113037109375,-0.682861328125,0.6978759765625,0.04486083984375,1.7677419354838708,53.567937438905176,1.2580645161290323,38.12316715542522
6.718916284968145,110.86670295128172,0.2113037109375,-0.682861328125,0.6978759765625,0.04486083984375,1.7838709677419353,54.05669599217986,1.261290322580645,38.220918866080154
6.738954271946568,110.8931500950713,0.21136474609375,-0.6824951171875,0.69818115234375,0.0450439453125,1.7709677419354837,53.665689149560116,1.264516129032258,38.318670576735094
6.759011426998768,110.8931500950713,0.21136474609375,-0.6824951171875,0.69818115234375,0.0450439453125,1.7838709677419353,54.05669599217986,1.2903225806451613,39.100684261974585
6.779078213963658,110.8931500950713,0.21136474609375,-0.6824951171875,0.69818115234375,0.0450439453125,1.8161290322580643,55.034213098729225,1.2419354838709677,37.634408602150536
6.7991456729942,110.9673302367739,0.21185302734375,-0.6820068359375,0.69854736328125,0.04534912109375,1.8064516129032258,54.74095796676443,1.2387096774193547,37.536656891495596
6.819245516962837,110.9673302367739,0.21185302734375,-0.6820068359375,0.69854736328125,0.04534912109375,1.8322580645161288,55.5229716520039,1.2419354838709677,37.634408602150536
6.839268590963911,111.09883885430244,0.212646484375,-0.6817626953125,0.698486328125,0.046142578125,1.8322580645161288,55.5229716520039,1.2548387096774192,38.025415444770275
6.859385652001947,111.09883885430244,0.212646484375,-0.6817626953125,0.698486328125,0.046142578125,1.8161290322580643,55.034213098729225,1.2387096774193547,37.536656891495596
6.879491960979067,111.09883885430244,0.212646484375,-0.6817626953125,0.698486328125,0.046142578125,1.7677419354838708,53.567937438905176,1.2387096774193547,37.536656891495596
6.899561659956817,111.3030708570495,0.21356201171875,-0.68182373046875,0.697998046875,0.04779052734375,1.7806451612903225,53.95894428152492,1.3129032258064515,39.784946236559136
6.919631038967054,111.3030708570495,0.21356201171875,-0.68182373046875,0.697998046875,0.04779052734375,1.8806451612903226,56.98924731182796,1.3419354838709676,40.66471163245357
6.939699170994572,111.49382912664571,0.21441650390625,-0.68170166015625,0.69781494140625,0.04925537109375,1.8806451612903226,56.98924731182796,1.396774193548387,42.32649071358749
6.959780581993982,111.49382912664571,0.21441650390625,-0.68170166015625,0.69781494140625,0.04925537109375,1.896774193548387,57.478005865102645,1.403225806451613,42.52199413489737
6.979851849959232,111.49382912664571,0.21441650390625,-0.68170166015625,0.69781494140625,0.04925537109375,1.896774193548387,57.478005865102645,1.4129032258064516,42.81524926686217
6.999928204983007,111.67079056578638,0.21502685546875,-0.68115234375,0.697998046875,0.05072021484375,1.8548387096774193,56.20723362658847,1.3774193548387097,41.73998044965787
7.020000944961794,111.67079056578638,0.21502685546875,-0.68115234375,0.697998046875,0.05072021484375,1.7903225806451613,54.25219941348974,1.3774193548387097,41.73998044965787
7.040072051982861,111.81729050454426,0.21484375,-0.680908203125,0.69818115234375,0.0526123046875,1.7677419354838708,53.567937438905176,1.4064516129032258,42.619745845552295
7.060146231960971,111.81729050454426,0.21484375,-0.680908203125,0.69818115234375,0.0526123046875,1.7806451612903225,53.95894428152492,1.3806451612903226,41.837732160312804
7.080231738975272,111.81729050454426,0.21484375,-0.680908203125,0.69818115234375,0.0526123046875,1.8032258064516127,54.64320625610948,1.3870967741935485,42.033235581622684
7.100321406964213,112.00465306623136,0.21588134765625,-0.6798095703125,0.6988525390625,0.05364990234375,1.7516129032258063,53.0791788856305,1.396774193548387,42.32649071358749
7.120415874989703,112.00465306623136,0.21588134765625,-0.6798095703125,0.6988525390625,0.05364990234375,1.7838709677419353,54.05669599217986,1.4064516129032258,42.619745845552295
7.140460485999938,112.22376718543997,0.2166748046875,-0.68121337890625,0.697021484375,0.055908203125,1.8129032258064515,54.936461388074285,1.4096774193548387,42.717497556207235
7.160532520967536,112.22376718543997,0.2166748046875,-0.68121337890625,0.697021484375,0.055908203125,1.829032258064516,55.42521994134897,1.429032258064516,43.30400782013685
7.180603116983548,112.22376718543997,0.2166748046875,-0.68121337890625,0.697021484375,0.055908203125,1.8193548387096772,55.13196480938416,1.429032258064516,43.30400782013685
7.200707184965722,112.3730525390009,0.21697998046875,-0.6815185546875,0.696533203125,0.0574951171875,1.8645161290322578,56.50048875855327,1.4129032258064516,42.81524926686217
7.220792052976321,112.3730525390009,0.21697998046875,-0.6815185546875,0.696533203125,0.0574951171875,1.9064516129032258,57.77126099706745,1.4129032258064516,42.81524926686217
7.240854903997388,112.65857323911796,0.2183837890625,-0.68072509765625,0.69671630859375,0.0594482421875,1.9774193548387096,59.92179863147605,1.4129032258064516,42.81524926686217
7.260930203949101,112.65857323911796,0.2183837890625,-0.68072509765625,0.69671630859375,0.0594482421875,1.9741935483870967,59.82404692082112,1.3870967741935485,42.033235581622684
7.280967581958976,112.65857323911796,0.2183837890625,-0.68072509765625,0.69671630859375,0.0594482421875,1.9709677419354839,59.72629521016618,1.3580645161290321,41.153470185728246
7.3010268489597365,112.9482864567927,0.2193603515625,-0.6802978515625,0.69659423828125,0.06195068359375,1.729032258064516,52.39491691104594,1.3806451612903226,41.837732160312804
7.3211187569540925,112.9482864567927,0.2193603515625,-0.6802978515625,0.69659423828125,0.06195068359375,1.7193548387096773,52.101661779081134,1.3870967741935485,42.033235581622684
7.3411635919474065,113.1229820306499,0.21893310546875,-0.68121337890625,0.695556640625,0.064697265625,1.7774193548387096,53.86119257086999,1.464516129032258,44.37927663734115
7.361284621001687,113.1229820306499,0.21893310546875,-0.68121337890625,0.695556640625,0.064697265625,1.796774193548387,54.44770283479961,1.4806451612903224,44.868035190615835
7.381377776968293,113.1229820306499,0.21893310546875,-0.68121337890625,0.695556640625,0.064697265625,1.6290322580645162,49.36461388074292,1.4709677419354839,44.57478005865102
7.401422354974784,113.31391164803179,0.21795654296875,-0.68255615234375,0.6942138671875,0.0682373046875,1.764516129032258,53.47018572825024,1.4774193548387096,44.770283479960895
7.421473845955916,113.31391164803179,0.21795654296875,-0.68255615234375,0.6942138671875,0.0682373046875,1.7870967741935482,54.154447702834794,1.4096774193548387,42.717497556207235
7.441568409965839,113.53512205244911,0.21722412109375,-0.6827392578125,0.69390869140625,0.0716552734375,1.7516129032258063,53.0791788856305,1.4161290322580644,42.91300097751711
7.461622876988258,113.53512205244911,0.21722412109375,-0.6827392578125,0.69390869140625,0.0716552734375,1.8161290322580643,55.034213098729225,1.3645161290322578,41.34897360703812
7.481676928000525,113.53512205244911,0.21722412109375,-0.6827392578125,0.69390869140625,0.0716552734375,1.8419354838709676,55.816226783968716,1.3903225806451613,42.13098729227762
7.501739970990457,113.70669611295651,0.21734619140625,-0.6824951171875,0.6939697265625,0.07354736328125,1.7258064516129032,52.29716520039101,1.3741935483870966,41.64222873900293
7.521811557991896,113.70669611295651,0.21734619140625,-0.6824951171875,0.6939697265625,0.07354736328125,1.7129032258064516,51.90615835777126,1.3838709677419354,41.935483870967744
7.541903242003173,113.79488851367168,0.21783447265625,-0.68218994140625,0.69403076171875,0.0740966796875,1.7225806451612902,52.19941348973607,1.3709677419354838,41.54447702834799
7.561961612955201,113.79488851367168,0.21783447265625,-0.68218994140625,0.69403076171875,0.0740966796875,1.7709677419354837,53.665689149560116,1.3806451612903226,41.837732160312804
7.5820748979458585,113.79488851367168,0.21783447265625,-0.68218994140625,0.69403076171875,0.0740966796875,1.8870967741935485,57.18475073313783,1.396774193548387,42.32649071358749
7.602142356976401,113.81447229094903,0.21771240234375,-0.6822509765625,0.6939697265625,0.074462890625,1.829032258064516,55.42521994134897,1.3870967741935485,42.033235581622684
7.622202487953473,113.81447229094903,0.21771240234375,-0.6822509765625,0.6939697265625,0.074462890625,1.7387096774193547,52.68817204301075,1.4129032258064516,42.81524926686217
7.642270715965424,113.75389685121141,0.21734619140625,-0.68267822265625,0.6937255859375,0.07415771484375,1.7677419354838708,53.567937438905176,1.4225806451612903,43.10850439882698
7.662309437990189,113.75389685121141,0.21734619140625,-0.68267822265625,0.6937255859375,0.07415771484375,1.7677419354838708,53.567937438905176,1.4,42.42424242424242
7.6824253469822,113.75389685121141,0.21734619140625,-0.68267822265625,0.6937255859375,0.07415771484375,1.7774193548387096,53.86119257086999,1.429032258064516,43.30400782013685
7.702497317979578,113.66975686338449,0.21722412109375,-0.6834716796875,0.69305419921875,0.07342529296875,1.7516129032258063,53.0791788856305,1.4258064516129032,43.20625610948191
7.722579401975963,113.66975686338449,0.21722412109375,-0.6834716796875,0.69305419921875,0.07342529296875,1.793548387096774,54.34995112414467,1.435483870967742,43.49951124144673
7.742676077992655,113.6678300307585,0.21746826171875,-0.68341064453125,0.6929931640625,0.07318115234375,1.7677419354838708,53.567937438905176,1.4387096774193548,43.59726295210166
7.762746129999869,113.6678300307585,0.21746826171875,-0.68341064453125,0.6929931640625,0.07318115234375,1.7580645161290323,53.27468230694038,1.467741935483871,44.4770283479961
7.782812244957313,113.6678300307585,0.21746826171875,-0.68341064453125,0.6929931640625,0.07318115234375,1.7774193548387096,53.86119257086999,1.4580645161290322,44.18377321603128
7.802867927995976,113.75576292366713,0.2183837890625,-0.682861328125,0.69329833984375,0.0732421875,1.8032258064516127,54.64320625610948,1.4451612903225806,43.79276637341153
7.822961819998454,113.75576292366713,0.2183837890625,-0.682861328125,0.69329833984375,0.0732421875,1.7903225806451613,54.25219941348974,1.4548387096774194,44.086021505376344
7.843039550993126,113.80303324827764,0.21929931640625,-0.681884765625,0.6939697265625,0.07275390625,1.8064516129032258,54.74095796676443,1.4451612903225806,43.79276637341153
7.863138211949263,113.80303324827764,0.21929931640625,-0.681884765625,0.6939697265625,0.07275390625,1.7838709677419353,54.05669599217986,1.4580645161290322,44.18377321603128
7.883176965988241,113.80303324827764,0.21929931640625,-0.681884765625,0.6939697265625,0.07275390625,1.7677419354838708,53.567937438905176,1.4806451612903224,44.868035190615835
7.9033167159650475,113.82942678067275,0.22003173828125,-0.68109130859375,0.694580078125,0.07220458984375,1.896774193548387,57.478005865102645,1.4774193548387096,44.770283479960895
7.923371213953942,113.82942678067275,0.22003173828125,-0.68109130859375,0.694580078125,0.07220458984375,1.896774193548387,57.478005865102645,1.4806451612903224,44.868035190615835
7.943429360981099,113.81545685347182,0.2203369140625,-0.6810302734375,0.69464111328125,0.07171630859375,1.9580645161290322,59.33528836754643,1.464516129032258,44.37927663734115
7.963522741978522,113.81545685347182,0.2203369140625,-0.6810302734375,0.69464111328125,0.07171630859375,1.903225806451613,57.67350928641252,1.4580645161290322,44.18377321603128
7.983626073983032,113.81545685347182,0.2203369140625,-0.6810302734375,0.69464111328125,0.07171630859375,1.9129032258064516,57.96676441837732,1.461290322580645,44.28152492668622
8.003638619964477,113.74549122829727,0.22003173828125,-0.681396484375,0.6944580078125,0.07122802734375,1.8870967741935485,57.18475073313783,1.4548387096774194,44.086021505376344
8.023691581969615,113.74549122829727,0.22003173828125,-0.681396484375,0.6944580078125,0.07122802734375,1.9193548387096775,58.162267839687196,1.467741935483871,44.4770283479961
8.043767233961262,113.65358847677112,0.21966552734375,-0.6820068359375,0.6939697265625,0.07061767578125,1.9129032258064516,57.96676441837732,1.4483870967741934,43.89051808406647
8.063821221003309,113.65358847677112,0.21966552734375,-0.6820068359375,0.6939697265625,0.07061767578125,1.9129032258064516,57.96676441837732,1.464516129032258,44.37927663734115
8.08390759298345,113.65358847677112,0.21966552734375,-0.6820068359375,0.6939697265625,0.07061767578125,1.9161290322580644,58.06451612903226,1.4451612903225806,43.79276637341153
8.10396173899062,113.55769254857073,0.21942138671875,-0.682373046875,0.69378662109375,0.06976318359375,1.9838709677419355,60.117302052785924,1.4451612903225806,43.79276637341153
8.12403003097279,113.55769254857073,0.21942138671875,-0.682373046875,0.69378662109375,0.06976318359375,1.9580645161290322,59.33528836754643,1.4548387096774194,44.086021505376344
8.144184532982763,113.50970403075276,0.21942138671875,-0.68280029296875,0.69342041015625,0.06927490234375,1.9451612903225806,58.94428152492669,1.4483870967741934,43.89051808406647
8.164233302988578,113.50970403075276,0.21942138671875,-0.68280029296875,0.69342041015625,0.06927490234375,1.932258064516129,58.55327468230694,1.4451612903225806,43.79276637341153
8.18428322597174,113.50970403075276,0.21942138671875,-0.68280029296875,0.69342041015625,0.06927490234375,1.9387096774193548,58.748778103616814,1.4741935483870967,44.67253176930596
8.204333052970469,113.44366849014716,0.21942138671875,-0.68316650390625,0.69317626953125,0.06854248046875,1.9548387096774194,59.2375366568915,1.464516129032258,44.37927663734115
8.224398495978676,113.44366849014716,0.21942138671875,-0.68316650390625,0.69317626953125,0.06854248046875,1.9387096774193548,58.748778103616814,1.4451612903225806,43.79276637341153
8.244483524002135,113.39196417838227,0.21929931640625,-0.6832275390625,0.69317626953125,0.06805419921875,1.961290322580645,59.43304007820137,1.4709677419354839,44.57478005865102
8.264581767958589,113.39196417838227,0.21929931640625,-0.6832275390625,0.69317626953125,0.06805419921875,1.9741935483870967,59.82404692082112,1.4741935483870967,44.67253176930596
8.28462980297627,113.39196417838227,0.21929931640625,-0.6832275390625,0.69317626953125,0.06805419921875,2.0,60.60606060606061,1.4774193548387096,44.770283479960895
8.304685869952664,113.29155095993353,0.21875,-0.683349609375,0.69329833984375,0.0673828125,1.9580645161290322,59.33528836754643,1.4709677419354839,44.57478005865102
8.324755216948688,113.29155095993353,0.21875,-0.683349609375,0.69329833984375,0.0673828125,1.996774193548387,60.50830889540567,1.4774193548387096,44.770283479960895
8.34484584495658,113.15723291283379,0.21795654296875,-0.68377685546875,0.6932373046875,0.06658935546875,1.9806451612903224,60.01955034213099,1.4870967741935484,45.06353861192571
8.36495554598514,113.15723291283379,0.21795654296875,-0.68377685546875,0.6932373046875,0.06658935546875,2.0032258064516126,60.703812316715535,1.5064516129032257,45.650048875855326
8.38506153394701,113.15723291283379,0.21795654296875,-0.68377685546875,0.6932373046875,0.06658935546875,1.9903225806451612,60.312805474095796,1.4806451612903224,44.868035190615835
8.405131136998534,113.04790336662103,0.21710205078125,-0.68408203125,0.69317626953125,0.066162109375,1.9741935483870967,59.82404692082112,1.4741935483870967,44.67253176930596
8.425164995947853,113.04790336662103,0.21710205078125,-0.68408203125,0.69317626953125,0.066162109375,1.9580645161290322,59.33528836754643,1.493548387096774,45.25904203323558
8.445249126991257,112.94385382031723,0.21636962890625,-0.6842041015625,0.693359375,0.06561279296875,1.9483870967741934,59.04203323558163,1.5161290322580645,45.94330400782014
8.465365195996128,112.94385382031723,0.21636962890625,-0.6842041015625,0.693359375,0.06561279296875,1.9580645161290322,59.33528836754643,1.5225806451612902,46.138807429130004
8.485438000003342,112.94385382031723,0.21636962890625,-0.6842041015625,0.693359375,0.06561279296875,1.9741935483870967,59.82404692082112,1.5064516129032257,45.650048875855326
8.505486641952302,112.8484546948619,0.21563720703125,-0.68414306640625,0.6937255859375,0.06512451171875,1.9548387096774194,59.2375366568915,1.4838709677419355,44.965786901270775
8.525517716945615,112.8484546948619,0.21563720703125,-0.68414306640625,0.6937255859375,0.06512451171875,1.9774193548387096,59.92179863147605,1.4806451612903224,44.868035190615835
8.545606487954501,112.7421977361885,0.21490478515625,-0.68402099609375,0.694091796875,0.06451416015625,1.935483870967742,58.65102639296188,1.493548387096774,45.25904203323558
8.5682321699569,112.7421977361885,0.21490478515625,-0.68402099609375,0.694091796875,0.06451416015625,1.935483870967742,58.65102639296188,1.4741935483870967,44.67253176930596
8.585720061964821,112.7421977361885,0.21490478515625,-0.68402099609375,0.694091796875,0.06451416015625,1.9258064516129032,58.35777126099707,1.461290322580645,44.28152492668622
8.605818466981873,112.58811186144376,0.2138671875,-0.6842041015625,0.6943359375,0.06365966796875,1.9548387096774194,59.2375366568915,1.4709677419354839,44.57478005865102
8.625881541986018,112.58811186144376,0.2138671875,-0.6842041015625,0.6943359375,0.06365966796875,1.929032258064516,58.45552297165201,1.4419354838709677,43.6950146627566
8.645941288967151,112.36364655279681,0.2122802734375,-0.6846923828125,0.69439697265625,0.06256103515625,1.9064516129032258,57.77126099706745,1.3709677419354838,41.54447702834799
8.666055244975723,112.36364655279681,0.2122802734375,-0.6846923828125,0.69439697265625,0.06256103515625,1.9451612903225806,58.94428152492669,1.261290322580645,38.220918866080154
8.686079694947693,112.36364655279681,0.2122802734375,-0.6846923828125,0.69439697265625,0.06256103515625,1.9129032258064516,57.96676441837732,1.2354838709677418,37.43890518084066
8.706141906965058,112.07846177169289,0.21026611328125,-0.68487548828125,0.69500732421875,0.06103515625,1.9419354838709677,58.846529814271754,1.196774193548387,36.26588465298143
8.726285463955719,112.07846177169289,0.21026611328125,-0.68487548828125,0.69500732421875,0.06103515625,1.9225806451612903,58.260019550342136,1.206451612903226,36.55913978494624
8.74637269997038,111.73083277017264,0.20819091796875,-0.684814453125,0.69586181640625,0.05877685546875,1.8935483870967742,57.380254154447705,1.2096774193548387,36.65689149560117
8.766485216969159,111.73083277017264,0.20819091796875,-0.684814453125,0.69586181640625,0.05877685546875,1.8774193548387097,56.89149560117303,1.1709677419354838,35.483870967741936
8.78655155596789,111.73083277017264,0.20819091796875,-0.684814453125,0.69586181640625,0.05877685546875,1.8645161290322578,56.50048875855327,1.1451612903225807,34.701857282502445
8.806633255968336,111.29004404996236,0.20574951171875,-0.68475341796875,0.6968994140625,0.05572509765625,1.8870967741935485,57.18475073313783,1.2096774193548387,36.65689149560117
8.826721739955246,111.29004404996236,0.20574951171875,-0.68475341796875,0.6968994140625,0.05572509765625,1.9064516129032258,57.77126099706745,1.2483870967741935,37.82991202346041
8.846811887982767,110.86847234534801,0.20361328125,-0.68438720703125,0.6981201171875,0.05255126953125,1.8677419354838707,56.59824046920821,1.261290322580645,38.220918866080154
8.866911188000813,110.86847234534801,0.20361328125,-0.68438720703125,0.6981201171875,0.05255126953125,1.8548387096774193,56.20723362658847,1.2096774193548387,36.65689149560117
8.886934453970753,110.86847234534801,0.20361328125,-0.68438720703125,0.6981201171875,0.05255126953125,1.829032258064516,55.42521994134897,1.2096774193548387,36.65689149560117
8.907040473946836,110.34767234344196,0.201171875,-0.68267822265625,0.7008056640625,0.04815673828125,1.8258064516129031,55.32746823069403,1.229032258064516,37.24340175953079
8.927142013970297,110.34767234344196,0.201171875,-0.68267822265625,0.7008056640625,0.04815673828125,1.7774193548387096,53.86119257086999,1.1612903225806452,35.19061583577713
8.947368358960375,109.92842092264209,0.1993408203125,-0.681640625,0.70257568359375,0.0445556640625,1.7806451612903225,53.95894428152492,1.1612903225806452,35.19061583577713
8.967521099955775,109.92842092264209,0.1993408203125,-0.681640625,0.70257568359375,0.0445556640625,1.7838709677419353,54.05669599217986,1.1870967741935483,35.97262952101662
8.987764213001356,109.92842092264209,0.1993408203125,-0.681640625,0.70257568359375,0.0445556640625,1.829032258064516,55.42521994134897,1.0935483870967742,33.137829912023456
9.007835480966605,109.37974342780001,0.19677734375,-0.681640625,0.70361328125,0.040283203125,1.8032258064516127,54.64320625610948,1.0806451612903225,32.74682306940371
9.027908955991734,109.37974342780001,0.19677734375,-0.681640625,0.70361328125,0.040283203125,1.7741935483870968,53.76344086021506,1.0419354838709676,31.57380254154447
9.047992095991503,108.81540660075666,0.1937255859375,-0.68218994140625,0.7041015625,0.03643798828125,1.7580645161290323,53.27468230694038,0.9806451612903225,29.716520039100686
9.068082179990597,108.81540660075666,0.1937255859375,-0.68218994140625,0.7041015625,0.03643798828125,1.764516129032258,53.47018572825024,1.0161290322580645,30.791788856304986
9.088154982950073,108.81540660075666,0.1937255859375,-0.68218994140625,0.7041015625,0.03643798828125,1.7483870967741935,52.98142717497556,1.0548387096774192,31.964809384164223
9.108230762998573,108.20069196582833,0.19073486328125,-0.6826171875,0.70477294921875,0.0318603515625,1.7451612903225806,52.883675464320625,1.0290322580645161,31.182795698924732
9.128313805966172,108.20069196582833,0.19073486328125,-0.6826171875,0.70477294921875,0.0318603515625,1.761290322580645,53.3724340175953,0.9548387096774194,28.934506353861195
9.148411250964273,107.50732955918178,0.1873779296875,-0.68212890625,0.706298828125,0.0264892578125,1.761290322580645,53.3724340175953,0.7741935483870968,23.46041055718475
9.168516406964045,107.50732955918178,0.1873779296875,-0.68212890625,0.706298828125,0.0264892578125,1.7516129032258063,53.0791788856305,0.832258064516129,25.219941348973606
9.188553432992194,107.50732955918178,0.1873779296875,-0.68212890625,0.706298828125,0.0264892578125,1.729032258064516,52.39491691104594,0.8999999999999999,27.27272727272727
9.208633020985872,106.8604445279572,0.184326171875,-0.681640625,0.707763671875,0.0213623046875,1.7129032258064516,51.90615835777126,0.6548387096774193,19.843597262952102
9.228708800976165,106.8604445279572,0.184326171875,-0.681640625,0.707763671875,0.0213623046875,1.7258064516129032,52.29716520039101,0.5,15.151515151515152
9.248813124955632,106.11256792574426,0.180908203125,-0.68133544921875,0.7091064453125,0.015380859375,1.761290322580645,53.3724340175953,0.6741935483870967,20.43010752688172
9.268896456982475,106.11256792574426,0.180908203125,-0.68133544921875,0.7091064453125,0.015380859375,1.7548387096774192,53.17693059628543,0.6419354838709677,19.452590420332356
9.288968139968347,106.11256792574426,0.180908203125,-0.68133544921875,0.7091064453125,0.015380859375,1.7516129032258063,53.0791788856305,0.6,18.181818181818183
9.309045391972177,105.37494708352187,0.17730712890625,-0.68133544921875,0.71014404296875,0.009765625,1.7419354838709677,52.785923753665685,0.6129032258064516,18.57282502443793
9.329153747996315,105.37494708352187,0.17730712890625,-0.68133544921875,0.71014404296875,0.009765625,1.7580645161290323,53.27468230694038,0.5387096774193548,16.32453567937439
9.349206966988277,104.52201447725955,0.17333984375,-0.68115234375,0.7113037109375,0.0030517578125,1.7709677419354837,53.665689149560116,0.38387096774193546,11.632453567937437
9.369337307987735,104.52201447725955,0.17333984375,-0.68115234375,0.7113037109375,0.0030517578125,1.761290322580645,53.3724340175953,0.4064516129032258,12.316715542521994
9.389399518957362,104.52201447725955,0.17333984375,-0.68115234375,0.7113037109375,0.0030517578125,1.7548387096774192,53.17693059628543,0.41935483870967744,12.70772238514174
9.409477826964576,103.64293182042263,-0.16888427734375,0.680419921875,-0.71307373046875,0.003662109375,1.764516129032258,53.47018572825024,0.39032258064516123,11.82795698924731
9.429581574979238,103.64293182042263,-0.16888427734375,0.680419921875,-0.71307373046875,0.003662109375,1.7548387096774192,53.17693059628543,0.39677419354838706,12.023460410557183
9.449633737967815,102.65862325690458,-0.16363525390625,0.67913818359375,-0.7154541015625,0.01104736328125,1.7387096774193547,52.68817204301075,0.5193548387096774,15.73802541544477
9.469717197993305,102.65862325690458,-0.16363525390625,0.67913818359375,-0.7154541015625,0.01104736328125,1.7548387096774192,53.17693059628543,0.2032258064516129,6.158357771260997
9.489805681980215,102.65862325690458,-0.16363525390625,0.67913818359375,-0.7154541015625,0.01104736328125,1.7516129032258063,53.0791788856305,0.14838709677419354,4.496578690127078
9.509881588979624,101.68907585994128,-0.15850830078125,0.67913818359375,-0.71649169921875,0.01806640625,1.7387096774193547,52.68817204301075,0.1774193548387097,5.376344086021506
9.52997647295706,101.68907585994128,-0.15850830078125,0.67913818359375,-0.71649169921875,0.01806640625,1.7258064516129032,52.29716520039101,0.1064516129032258,3.225806451612903
9.550084957969375,100.60673849298689,-0.15264892578125,0.67962646484375,-0.717041015625,0.025634765625,1.7129032258064516,51.90615835777126,0.17419354838709677,5.278592375366569
9.570130112988409,100.60673849298689,-0.15264892578125,0.67962646484375,-0.717041015625,0.025634765625,1.696774193548387,51.417399804496576,0.19677419354838707,5.962854349951123
9.590226468979381,100.60673849298689,-0.15264892578125,0.67962646484375,-0.717041015625,0.025634765625,1.6741935483870967,50.733137829912025,0.1096774193548387,3.3235581622678394
9.610373513947707,99.58677524864912,-0.14666748046875,0.680908203125,-0.716796875,0.0321044921875,1.7161290322580645,52.003910068426194,0.11290322580645161,3.4213098729227767
9.63065883598756,99.58677524864912,-0.14666748046875,0.680908203125,-0.716796875,0.0321044921875,1.6774193548387097,50.83088954056696,0.1064516129032258,3.225806451612903
9.650684725958854,98.39068100941681,-0.1392822265625,0.6812744140625,-0.71759033203125,0.03961181640625,1.696774193548387,51.417399804496576,0.08387096774193548,2.541544477028348
9.670735928986687,98.39068100941681,-0.1392822265625,0.6812744140625,-0.71759033203125,0.03961181640625,1.7,51.515151515151516,0.08709677419354839,2.6392961876832843
9.690835708985105,98.39068100941681,-0.1392822265625,0.6812744140625,-0.71759033203125,0.03961181640625,1.7129032258064516,51.90615835777126,0.11290322580645161,3.4213098729227767
9.710900768986903,97.37023456394225,-0.13250732421875,0.6820068359375,-0.7177734375,0.04541015625,1.6741935483870967,50.733137829912025,0.12258064516129032,3.714565004887586
9.730980131949764,97.37023456394225,-0.13250732421875,0.6820068359375,-0.7177734375,0.04541015625,1.6870967741935483,51.12414467253177,0.06451612903225806,1.9550342130987293
9.75105485599488,96.13239547694191,-0.124755859375,0.68218994140625,-0.718505859375,0.0531005859375,1.6903225806451612,51.2218963831867,0.0,0.0
9.771143051970284,96.13239547694191,-0.124755859375,0.68218994140625,-0.718505859375,0.0531005859375,1.6516129032258065,50.048875855327466,0.06774193548387096,2.0527859237536656
9.791214126977138,96.13239547694191,-0.124755859375,0.68218994140625,-0.718505859375,0.0531005859375,1.6290322580645162,49.36461388074292,0.0,0.0
9.81128580996301,95.02320344363271,-0.117431640625,0.68365478515625,-0.71783447265625,0.05926513671875,1.6096774193548384,48.77810361681329,0.0,0.0
9.831383158976678,95.02320344363271,-0.117431640625,0.68365478515625,-0.71783447265625,0.05926513671875,1.6161290322580644,48.97360703812317,0.0,0.0
9.855071111989673,93.71346751161892,-0.1087646484375,0.68438720703125,-0.7178955078125,0.0667724609375,1.5677419354838709,47.507331378299114,0.0064516129032258064,0.19550342130987292
9.871492315956857,93.71346751161892,-0.1087646484375,0.68438720703125,-0.7178955078125,0.0667724609375,1.596774193548387,48.38709677419355,0.0,0.0
9.891648481949233,93.71346751161892,-0.1087646484375,0.68438720703125,-0.7178955078125,0.0667724609375,1.596774193548387,48.38709677419355,0.0032258064516129032,0.09775171065493646
9.911688516964205,92.40748090031613,-0.10015869140625,0.685791015625,-0.717041015625,0.0740966796875,1.5419354838709676,46.72531769305962,0.0,0.0
9.931764103996102,92.40748090031613,-0.10015869140625,0.685791015625,-0.717041015625,0.0740966796875,1.5064516129032257,45.650048875855326,0.0032258064516129032,0.09775171065493646
9.951876012957655,91.00404223738227,-0.0909423828125,0.68560791015625,-0.717529296875,0.0823974609375,1.4903225806451612,45.16129032258064,0.0064516129032258064,0.19550342130987292
9.971931215957738,91.00404223738227,-0.0909423828125,0.68560791015625,-0.717529296875,0.0823974609375,1.496774193548387,45.35679374389051,0.0,0.0
9.99200737895444,91.00404223738227,-0.0909423828125,0.68560791015625,-0.717529296875,0.0823974609375,1.493548387096774,45.25904203323558,0.019354838709677417,0.5865102639296187
10.012081526976544,89.62754161180368,-0.08197021484375,0.6842041015625,-0.71893310546875,0.09088134765625,1.4870967741935484,45.06353861192571,0.0,0.0
10.032156857952941,89.62754161180368,-0.08197021484375,0.6842041015625,-0.71893310546875,0.09088134765625,1.429032258064516,43.30400782013685,0.0,0.0
10.052236317947973,88.32001513252223,-0.073486328125,0.68267822265625,-0.72021484375,0.0989990234375,1.3935483870967742,42.22873900293255,0.0,0.0
10.07231811399106,88.32001513252223,-0.073486328125,0.68267822265625,-0.72021484375,0.0989990234375,1.3806451612903226,41.837732160312804,0.0,0.0
10.0923946609837,88.32001513252223,-0.073486328125,0.68267822265625,-0.72021484375,0.0989990234375,1.3419354838709676,40.66471163245357,0.0,0.0
10.112480680982117,87.05492935241517,-0.06591796875,0.6824951171875,-0.719970703125,0.107177734375,1.3161290322580643,39.882697947214076,0.0,0.0
10.132564812956844,87.05492935241517,-0.06591796875,0.6824951171875,-0.719970703125,0.107177734375,1.264516129032258,38.318670576735094,0.0,0.0
10.152645584952552,85.75542105928191,-0.05841064453125,0.6824951171875,-0.71929931640625,0.11578369140625,1.261290322580645,38.220918866080154,0.0,0.0
10.172738900990225,85.75542105928191,-0.05841064453125,0.6824951171875,-0.71929931640625,0.11578369140625,1.2483870967741935,37.82991202346041,0.0,0.0
10.19276299898047,85.75542105928191,-0.05841064453125,0.6824951171875,-0.71929931640625,0.11578369140625,1.2677419354838708,38.41642228739003,0.0,0.0
10.212850650947075,84.59644960978918,-0.0511474609375,0.68267822265625,-0.718505859375,0.122802734375,1.3258064516129031,40.17595307917888,0.0,0.0
10.232881212956272,84.59644960978918,-0.0511474609375,0.68267822265625,-0.718505859375,0.122802734375,1.3354838709677417,40.46920821114369,0.0,0.0
10.253004545986187,83.52600903589882,-0.04443359375,0.68353271484375,-0.717041015625,0.12908935546875,1.3225806451612903,40.07820136852395,0.0,0.0
10.273073988966644,83.52600903589882,-0.04443359375,0.68353271484375,-0.717041015625,0.12908935546875,1.3354838709677417,40.46920821114369,0.0,0.0
10.2931807449786,83.52600903589882,-0.04443359375,0.68353271484375,-0.717041015625,0.12908935546875,1.3161290322580643,39.882697947214076,0.0,0.0
10.31326522899326,82.27641781446584,-0.0369873046875,0.68389892578125,-0.7156982421875,0.136962890625,1.2516129032258063,37.92766373411535,0.0,0.0
10.333401842974126,82.27641781446584,-0.0369873046875,0.68389892578125,-0.7156982421875,0.136962890625,1.2999999999999998,39.39393939393939,0.0,0.0
10.353442804946098,81.03587774671846,-0.02947998046875,0.68414306640625,-0.7142333984375,0.1446533203125,1.2903225806451613,39.100684261974585,0.0,0.0
10.373511319980025,81.03587774671846,-0.02947998046875,0.68414306640625,-0.7142333984375,0.1446533203125,1.2903225806451613,39.100684261974585,0.0,0.0
10.393648477969691,81.03587774671846,-0.02947998046875,0.68414306640625,-0.7142333984375,0.1446533203125,1.293548387096774,39.19843597262952,0.0,0.0
10.413712608977221,79.85124747459365,-0.022216796875,0.6837158203125,-0.71337890625,0.15203857421875,1.3064516129032258,39.589442815249264,0.016129032258064516,0.4887585532746823
10.433785635977983,79.85124747459365,-0.022216796875,0.6837158203125,-0.71337890625,0.15203857421875,1.2870967741935482,39.00293255131964,0.0,0.0
10.453882312984206,78.74051651859293,-0.0155029296875,0.6832275390625,-0.7125244140625,0.1590576171875,1.3032258064516127,39.491691104594324,0.0,0.0
10.47390042594634,78.74051651859293,-0.0155029296875,0.6832275390625,-0.7125244140625,0.1590576171875,1.3129032258064515,39.784946236559136,0.0,0.0
10.494009390997235,77.65479996409486,-0.0089111328125,0.6826171875,-0.71160888671875,0.1658935546875,1.3354838709677417,40.46920821114369,0.0,0.0
10.514113746990915,77.65479996409486,-0.0089111328125,0.6826171875,-0.71160888671875,0.1658935546875,1.3451612903225805,40.7624633431085,0.0,0.0
10.534161461982876,77.65479996409486,-0.0089111328125,0.6826171875,-0.71160888671875,0.1658935546875,1.3387096774193548,40.56695992179863,0.0,0.0
10.554221368976869,76.66619777560216,-0.00311279296875,0.68255615234375,-0.710205078125,0.17218017578125,1.3193548387096772,39.980449657869,0.0,0.0
10.574276187981013,76.66619777560216,-0.00311279296875,0.68255615234375,-0.710205078125,0.17218017578125,1.3193548387096772,39.980449657869,0.0,0.0
10.594346142956056,76.66619777560216,-0.00311279296875,0.68255615234375,-0.710205078125,0.17218017578125,1.329032258064516,40.27370478983382,0.0,0.0
10.61444329895312,75.7623322687967,0.00225830078125,0.68170166015625,-0.7095947265625,0.17803955078125,1.3387096774193548,40.56695992179863,0.0,0.0
10.634518150996882,75.7623322687967,0.00225830078125,0.68170166015625,-0.7095947265625,0.17803955078125,1.293548387096774,39.19843597262952,0.0,0.0
10.654659723979421,75.1550321232333,0.0059814453125,0.68121337890625,-0.7091064453125,0.18182373046875,1.3064516129032258,39.589442815249264,0.0032258064516129032,0.09775171065493646
10.674691630993038,75.1550321232333,0.0059814453125,0.68121337890625,-0.7091064453125,0.18182373046875,1.2709677419354837,38.51417399804496,0.0,0.0
10.694743728963658,74.72844232934665,0.00848388671875,0.68072509765625,-0.7088623046875,0.18463134765625,1.2774193548387096,38.70967741935484,0.0,0.0
10.714893174997997,74.72844232934665,0.00848388671875,0.68072509765625,-0.7088623046875,0.18463134765625,1.2870967741935482,39.00293255131964,0.009677419354838708,0.29325513196480935
10.734916920948308,74.72844232934665,0.00848388671875,0.68072509765625,-0.7088623046875,0.18463134765625,1.3225806451612903,40.07820136852395,0.0,0.0
10.754999484983273,74.50518198573732,0.009765625,0.68035888671875,-0.70880126953125,0.1861572265625,1.3322580645161288,40.371456500488755,0.0,0.0
10.77507097600028,74.50518198573732,0.009765625,0.68035888671875,-0.70880126953125,0.1861572265625,1.3322580645161288,40.371456500488755,0.0,0.0
10.795152131991927,74.46517856663147,0.010009765625,0.68011474609375,-0.70892333984375,0.18646240234375,1.3161290322580643,39.882697947214076,0.0,0.0
10.815238375973422,74.46517856663147,0.010009765625,0.68011474609375,-0.70892333984375,0.18646240234375,1.3354838709677417,40.46920821114369,0.0,0.0
10.835276489960961,74.46517856663147,0.010009765625,0.68011474609375,-0.70892333984375,0.18646240234375,1.3129032258064515,39.784946236559136,0.0,0.0
10.85537777497666,74.51544884900426,0.00970458984375,0.68011474609375,-0.70904541015625,0.1861572265625,1.3193548387096772,39.980449657869,0.0,0.0
10.875447985948995,74.51544884900426,0.00970458984375,0.68011474609375,-0.70904541015625,0.1861572265625,1.329032258064516,40.27370478983382,0.0,0.0
10.89555176597787,74.58210219688058,0.00927734375,0.6802978515625,-0.70892333984375,0.18572998046875,1.3451612903225805,40.7624633431085,0.0,0.0
10.915665242995601,74.58210219688058,0.00927734375,0.6802978515625,-0.70892333984375,0.18572998046875,1.3322580645161288,40.371456500488755,0.0,0.0
10.935711869969964,74.58210219688058,0.00927734375,0.6802978515625,-0.70892333984375,0.18572998046875,1.3322580645161288,40.371456500488755,0.0,0.0
10.955749471962918,74.6724211421276,0.00872802734375,0.6805419921875,-0.7088623046875,0.18511962890625,1.3322580645161288,40.371456500488755,0.0,0.0
10.97584592399653,74.6724211421276,0.00872802734375,0.6805419921875,-0.7088623046875,0.18511962890625,1.3387096774193548,40.56695992179863,0.0032258064516129032,0.09775171065493646
10.995920999965165,74.76293159240191,0.00811767578125,0.6807861328125,-0.70880126953125,0.1845703125,1.3387096774193548,40.56695992179863,0.0,0.0
11.015966537990607,74.76293159240191,0.00811767578125,0.6807861328125,-0.70880126953125,0.1845703125,1.3419354838709676,40.66471163245357,0.0,0.0
11.0360264449846,74.76293159240191,0.00811767578125,0.6807861328125,-0.70880126953125,0.1845703125,1.3516129032258062,40.957966764418366,0.0,0.0
11.056150001997594,74.83482070433614,0.007568359375,0.68096923828125,-0.708740234375,0.1842041015625,1.3387096774193548,40.56695992179863,0.0,0.0
11.076178803981747,74.83482070433614,0.007568359375,0.68096923828125,-0.708740234375,0.1842041015625,1.3354838709677417,40.46920821114369,0.0,0.0
11.096232918964233,74.88148415221727,0.00714111328125,0.681396484375,-0.7083740234375,0.1839599609375,1.3548387096774193,41.05571847507331,0.0,0.0
11.116333594953176,74.88148415221727,0.00714111328125,0.681396484375,-0.7083740234375,0.1839599609375,1.3709677419354838,41.54447702834799,0.009677419354838708,0.29325513196480935
11.13640083099017,74.88148415221727,0.00714111328125,0.681396484375,-0.7083740234375,0.1839599609375,1.3741935483870966,41.64222873900293,0.019354838709677417,0.5865102639296187
11.156450432958081,74.91824744689907,0.0068359375,0.68133544921875,-0.70849609375,0.183837890625,1.3645161290322578,41.34897360703812,0.0032258064516129032,0.09775171065493646
11.176499843946658,74.91824744689907,0.0068359375,0.68133544921875,-0.70849609375,0.183837890625,1.3677419354838707,41.44672531769305,0.0,0.0
11.196561094955541,74.96897191610728,0.00653076171875,0.68084716796875,-0.708984375,0.18365478515625,1.3645161290322578,41.34897360703812,0.0,0.0
11.21669537294656,74.96897191610728,0.00653076171875,0.68084716796875,-0.708984375,0.18365478515625,1.3548387096774193,41.05571847507331,0.0,0.0
11.23674465494696,74.96897191610728,0.00653076171875,0.68084716796875,-0.708984375,0.18365478515625,1.4,42.42424242424242,0.0,0.0
11.25679016194772,74.95224781350124,0.00628662109375,0.68121337890625,-0.70855712890625,0.18402099609375,1.3516129032258062,40.957966764418366,0.0,0.0
11.276913302950561,74.95224781350124,0.00628662109375,0.68121337890625,-0.70855712890625,0.18402099609375,1.3774193548387097,41.73998044965787,0.0,0.0
11.296951608965173,74.91604570159923,0.00634765625,0.6815185546875,-0.70819091796875,0.184326171875,1.3741935483870966,41.64222873900293,0.0,0.0
11.317010395985562,74.91604570159923,0.00634765625,0.6815185546875,-0.70819091796875,0.184326171875,1.3806451612903226,41.837732160312804,0.0,0.0
11.337069758970756,74.91604570159923,0.00634765625,0.6815185546875,-0.70819091796875,0.184326171875,1.3548387096774193,41.05571847507331,0.0,0.0
11.357136802980676,74.9248706721764,0.00640869140625,0.68109130859375,-0.7086181640625,0.18426513671875,1.3516129032258062,40.957966764418366,0.0,0.0
11.37723866297165,74.9248706721764,0.00640869140625,0.68109130859375,-0.7086181640625,0.18426513671875,1.3419354838709676,40.66471163245357,0.0,0.0
11.397299401985947,74.92210619370792,0.0062255859375,0.6807861328125,-0.7088623046875,0.1845703125,1.3516129032258062,40.957966764418366,0.0,0.0
11.417401517974213,74.92210619370792,0.0062255859375,0.6807861328125,-0.7088623046875,0.1845703125,1.3645161290322578,41.34897360703812,0.0,0.0
11.4374185759807,74.92210619370792,0.0062255859375,0.6807861328125,-0.7088623046875,0.1845703125,1.3774193548387097,41.73998044965787,0.0,0.0
11.457485491002444,74.9140331626541,0.006103515625,0.68072509765625,-0.70880126953125,0.184814453125,1.3645161290322578,41.34897360703812,0.0,0.0
11.47759333596332,74.9140331626541,0.006103515625,0.68072509765625,-0.70880126953125,0.184814453125,1.3419354838709676,40.66471163245357,0.0,0.0
11.49763224995695,74.93816203779522,0.005859375,0.6807861328125,-0.70880126953125,0.18475341796875,1.3580645161290321,41.153470185728246,0.0,0.0
11.517710877989884,74.93816203779522,0.005859375,0.6807861328125,-0.70880126953125,0.18475341796875,1.3483870967741933,40.86021505376344,0.0,0.0
11.537801185972057,74.93816203779522,0.005859375,0.6807861328125,-0.70880126953125,0.18475341796875,1.3645161290322578,41.34897360703812,0.0,0.0
11.557872420991771,74.98141722777211,0.0054931640625,0.6806640625,-0.70892333984375,0.18463134765625,1.3548387096774193,41.05571847507331,0.0,0.0
11.57799191394588,74.98141722777211,0.0054931640625,0.6806640625,-0.70892333984375,0.18463134765625,1.3483870967741933,40.86021505376344,0.0,0.0
11.598008235974703,75.0280564998531,0.00518798828125,0.68060302734375,-0.70904541015625,0.18438720703125,1.3645161290322578,41.34897360703812,0.0,0.0
11.618095247948077,75.0280564998531,0.00518798828125,0.68060302734375,-0.70904541015625,0.18438720703125,1.3419354838709676,40.66471163245357,0.0,0.0
11.638156530971173,75.0280564998531,0.00518798828125,0.68060302734375,-0.70904541015625,0.18438720703125,1.3548387096774193,41.05571847507331,0.0,0.0
11.658213813963812,75.05502145088316,0.0048828125,0.6805419921875,-0.7091064453125,0.18438720703125,1.3645161290322578,41.34897360703812,0.0,0.0
11.67830316198524,75.05502145088316,0.0048828125,0.6805419921875,-0.7091064453125,0.18438720703125,1.3548387096774193,41.05571847507331,0.0,0.0
11.698418077954557,75.06943176879167,0.00469970703125,0.68035888671875,-0.709228515625,0.1844482421875,1.3451612903225805,40.7624633431085,0.0,0.0
11.718438015959691,75.06943176879167,0.00469970703125,0.68035888671875,-0.709228515625,0.1844482421875,1.3548387096774193,41.05571847507331,0.0,0.0
11.738534915959463,75.06943176879167,0.00469970703125,0.68035888671875,-0.709228515625,0.1844482421875,1.3677419354838707,41.44672531769305,0.019354838709677417,0.5865102639296187
11.758564677962568,75.05701675616042,0.0047607421875,0.68023681640625,-0.70941162109375,0.1845703125,1.3709677419354838,41.54447702834799,0.0,0.0
11.778676842979621,75.05701675616042,0.0047607421875,0.68023681640625,-0.70941162109375,0.1845703125,1.3387096774193548,40.56695992179863,0.0,0.0
11.798751950962469,75.03738808393663,0.0047607421875,0.68023681640625,-0.70928955078125,0.184814453125,1.3709677419354838,41.54447702834799,0.0,0.0
11.818832274002489,75.03738808393663,0.0047607421875,0.68023681640625,-0.70928955078125,0.184814453125,1.3709677419354838,41.54447702834799,0.0,0.0
11.838906485994812,75.03738808393663,0.0047607421875,0.68023681640625,-0.70928955078125,0.184814453125,1.3709677419354838,41.54447702834799,0.0,0.0
11.858975576993544,74.97061972288571,0.00518798828125,0.6802978515625,-0.70916748046875,0.1851806640625,1.3806451612903226,41.837732160312804,0.0,0.0
11.879043867986184,74.97061972288571,0.00518798828125,0.6802978515625,-0.70916748046875,0.1851806640625,1.3903225806451613,42.13098729227762,0.0,0.0
11.899158624990378,74.91949288188488,0.00537109375,0.68035888671875,-0.708984375,0.18560791015625,1.3709677419354838,41.54447702834799,0.0,0.0
11.919214979978278,74.91949288188488,0.00537109375,0.68035888671875,-0.708984375,0.18560791015625,1.3483870967741933,40.86021505376344,0.0,0.0
11.939310215995647,74.91949288188488,0.00537109375,0.68035888671875,-0.708984375,0.18560791015625,1.3516129032258062,40.957966764418366,0.0,0.0
11.959364426962566,74.8986427107777,0.00543212890625,0.68017578125,-0.70904541015625,0.18585205078125,1.3709677419354838,41.54447702834799,0.0,0.0
11.979416557995137,74.8986427107777,0.00543212890625,0.68017578125,-0.70904541015625,0.18585205078125,1.3580645161290321,41.153470185728246,0.0,0.0
11.99951064196648,74.8761070318673,0.0054931640625,0.6802978515625,-0.70892333984375,0.18603515625,1.3774193548387097,41.73998044965787,0.0032258064516129032,0.09775171065493646
12.019612693984527,74.8761070318673,0.0054931640625,0.6802978515625,-0.70892333984375,0.18603515625,1.3419354838709676,40.66471163245357,0.0,0.0
12.039642135961913,74.8761070318673,0.0054931640625,0.6802978515625,-0.70892333984375,0.18603515625,1.3709677419354838,41.54447702834799,0.0,0.0
12.059701978985686,74.72606779274366,0.0064697265625,0.68048095703125,-0.70849609375,0.18682861328125,1.3580645161290321,41.153470185728246,0.019354838709677417,0.5865102639296187
12.079799070954323,74.72606779274366,0.0064697265625,0.68048095703125,-0.70849609375,0.18682861328125,1.3451612903225805,40.7624633431085,0.0,0.0
12.099878946959507,74.3490663542064,0.009033203125,0.680419921875,-0.7080078125,0.1888427734375,1.3741935483870966,41.64222873900293,0.0,0.0
12.119955270958599,74.3490663542064,0.009033203125,0.680419921875,-0.7080078125,0.1888427734375,1.3451612903225805,40.7624633431085,0.0,0.0
12.140030793962069,74.3490663542064,0.009033203125,0.680419921875,-0.7080078125,0.1888427734375,1.3774193548387097,41.73998044965787,0.0,0.0
12.160108269948978,73.69246110393885,0.0133056640625,0.67999267578125,-0.70733642578125,0.192626953125,1.3645161290322578,41.34897360703812,0.0,0.0
12.180163344950415,73.69246110393885,0.0133056640625,0.67999267578125,-0.70733642578125,0.192626953125,1.361290322580645,41.251221896383186,0.0,0.0
12.200277172960341,72.82472582617275,0.01904296875,0.679443359375,-0.70635986328125,0.197509765625,1.3709677419354838,41.54447702834799,0.0,0.0
12.220360984967556,72.82472582617275,0.01904296875,0.679443359375,-0.70635986328125,0.197509765625,1.3516129032258062,40.957966764418366,0.0,0.0
12.240427067968994,72.82472582617275,0.01904296875,0.679443359375,-0.70635986328125,0.197509765625,1.3903225806451613,42.13098729227762,0.0,0.0
12.260518495982978,71.83425964075813,0.02581787109375,0.67926025390625,-0.70489501953125,0.20269775390625,1.3870967741935485,42.033235581622684,0.0,0.0
12.280572834948543,71.83425964075813,0.02581787109375,0.67926025390625,-0.70489501953125,0.20269775390625,1.3580645161290321,41.153470185728246,0.0,0.0
12.300665638991632,70.69039222358677,0.0333251953125,0.67950439453125,-0.70257568359375,0.2088623046875,1.3709677419354838,41.54447702834799,0.009677419354838708,0.29325513196480935
12.32071984995855,70.69039222358677,0.0333251953125,0.67950439453125,-0.70257568359375,0.2088623046875,1.3645161290322578,41.34897360703812,0.0,0.0
12.340816557989456,70.69039222358677,0.0333251953125,0.67950439453125,-0.70257568359375,0.2088623046875,1.3451612903225805,40.7624633431085,0.0,0.0
12.360903825960122,69.5435497067072,0.0408935546875,0.67950439453125,-0.70025634765625,0.21502685546875,1.3451612903225805,40.7624633431085,0.0,0.0
12.380978389992379,69.5435497067072,0.0408935546875,0.67950439453125,-0.70025634765625,0.21502685546875,1.3129032258064515,39.784946236559136,0.0,0.0
12.401036696974188,68.40059598529271,0.0487060546875,0.67840576171875,-0.69891357421875,0.22113037109375,1.3419354838709676,40.66471163245357,0.009677419354838708,0.29325513196480935
12.421114075987134,68.40059598529271,0.0487060546875,0.67840576171875,-0.69891357421875,0.22113037109375,1.3580645161290321,41.153470185728246,0.0,0.0
12.441227008996066,68.40059598529271,0.0487060546875,0.67840576171875,-0.69891357421875,0.22113037109375,1.3838709677419354,41.935483870967744,0.0,0.0
12.461278051952831,67.31019183314409,0.0565185546875,0.677001953125,-0.69793701171875,0.22662353515625,1.3451612903225805,40.7624633431085,0.0,0.0
12.481379303964786,67.31019183314409,0.0565185546875,0.677001953125,-0.69793701171875,0.22662353515625,1.3645161290322578,41.34897360703812,0.0,0.0
12.501465963956434,66.05482578020694,0.06488037109375,0.67578125,-0.69610595703125,0.23345947265625,1.3354838709677417,40.46920821114369,0.0,0.0
12.521521358983591,66.05482578020694,0.06488037109375,0.67578125,-0.69610595703125,0.23345947265625,1.2999999999999998,39.39393939393939,0.0,0.0
12.541601873992477,66.05482578020694,0.06488037109375,0.67578125,-0.69610595703125,0.23345947265625,1.2580645161290323,38.12316715542522,0.0,0.0
12.56167906196788,64.72092104242088,0.07354736328125,0.67486572265625,-0.69366455078125,0.24078369140625,1.3161290322580643,39.882697947214076,0.0,0.0
12.58181813894771,64.72092104242088,0.07354736328125,0.67486572265625,-0.69366455078125,0.24078369140625,1.3096774193548386,39.687194525904204,0.0,0.0
12.601859613962006,63.37424625853855,0.08221435546875,0.67266845703125,-0.69207763671875,0.24853515625,1.3322580645161288,40.371456500488755,0.0,0.0
12.62193225696683,63.37424625853855,0.08221435546875,0.67266845703125,-0.69207763671875,0.24853515625,1.3064516129032258,39.589442815249264,0.0,0.0
12.641998852952383,63.37424625853855,0.08221435546875,0.67266845703125,-0.69207763671875,0.24853515625,1.3387096774193548,40.56695992179863,0.0,0.0
12.662108072952833,62.12108350447829,0.09033203125,0.6708984375,-0.69024658203125,0.25555419921875,1.3129032258064515,39.784946236559136,0.0,0.0
12.682647610956337,62.12108350447829,0.09033203125,0.6708984375,-0.69024658203125,0.25555419921875,1.2999999999999998,39.39393939393939,0.019354838709677417,0.5865102639296187
12.702368402970023,60.79556880121364,0.0985107421875,0.669189453125,-0.6878662109375,0.2633056640625,1.329032258064516,40.27370478983382,0.0,0.0
12.72243557497859,60.79556880121364,0.0985107421875,0.669189453125,-0.6878662109375,0.2633056640625,1.3387096774193548,40.56695992179863,0.0,0.0
12.742489593976643,60.79556880121364,0.0985107421875,0.669189453125,-0.6878662109375,0.2633056640625,1.293548387096774,39.19843597262952,0.0,0.0
12.76257804495981,59.53348704717938,0.10626220703125,0.66790771484375,-0.68511962890625,0.27056884765625,1.3032258064516127,39.491691104594324,0.0,0.0
12.782633759954479,59.53348704717938,0.10626220703125,0.66790771484375,-0.68511962890625,0.27056884765625,1.3096774193548386,39.687194525904204,0.0,0.0
12.802710147981998,58.35513957695454,0.11395263671875,0.66717529296875,-0.68218994140625,0.27667236328125,1.3193548387096772,39.980449657869,0.0032258064516129032,0.09775171065493646
12.822788391960785,58.35513957695454,0.11395263671875,0.66717529296875,-0.68218994140625,0.27667236328125,1.3419354838709676,40.66471163245357,0.0,0.0
12.842887403967325,58.35513957695454,0.11395263671875,0.66717529296875,-0.68218994140625,0.27667236328125,1.3129032258064515,39.784946236559136,0.0,0.0
12.862975247961003,57.062423508427685,0.1226806640625,0.6654052734375,-0.67962646484375,0.28326416015625,1.3129032258064515,39.784946236559136,0.0,0.0
12.883028017997276,57.062423508427685,0.1226806640625,0.6654052734375,-0.67962646484375,0.28326416015625,1.296774193548387,39.29618768328446,0.0,0.0
12.903120726987254,56.00327946197448,0.1302490234375,0.6636962890625,-0.6778564453125,0.2882080078125,1.3258064516129031,40.17595307917888,0.0,0.0
12.923207449959591,56.00327946197448,0.1302490234375,0.6636962890625,-0.6778564453125,0.2882080078125,1.2709677419354837,38.51417399804496,0.0064516129032258064,0.19550342130987292
12.943280637962744,56.00327946197448,0.1302490234375,0.6636962890625,-0.6778564453125,0.2882080078125,1.261290322580645,38.220918866080154,0.0,0.0
12.963397443003487,54.93897664355177,0.137939453125,0.66131591796875,-0.676513671875,0.293212890625,1.3096774193548386,39.687194525904204,0.0,0.0
12.98345238895854,54.93897664355177,0.137939453125,0.66131591796875,-0.676513671875,0.293212890625,1.2870967741935482,39.00293255131964,0.0,0.0
13.003508071997203,54.01475683415204,0.1446533203125,0.659912109375,-0.6746826171875,0.29730224609375,1.2999999999999998,39.39393939393939,0.0,0.0
13.023626284964848,54.01475683415204,0.1446533203125,0.659912109375,-0.6746826171875,0.29730224609375,1.3258064516129031,40.17595307917888,0.0,0.0
13.043705872958526,54.01475683415204,0.1446533203125,0.659912109375,-0.6746826171875,0.29730224609375,1.3774193548387097,41.73998044965787,0.0,0.0
13.063775635964703,52.89026022072603,0.15252685546875,0.6583251953125,-0.6722412109375,0.302490234375,1.403225806451613,42.52199413489737,0.0,0.0
13.083884280989878,52.89026022072603,0.15252685546875,0.6583251953125,-0.6722412109375,0.302490234375,1.4,42.42424242424242,0.0,0.0
13.103899801964872,51.87984848234911,0.1597900390625,0.657470703125,-0.66943359375,0.3067626953125,1.4225806451612903,43.10850439882698,0.0,0.0
13.12400838296162,51.87984848234911,0.1597900390625,0.657470703125,-0.66943359375,0.3067626953125,1.4387096774193548,43.59726295210166,0.0,0.0
13.144109186949208,51.87984848234911,0.1597900390625,0.657470703125,-0.66943359375,0.3067626953125,1.4387096774193548,43.59726295210166,0.0032258064516129032,0.09775171065493646
13.164132773003075,50.94578140464176,0.16650390625,0.655517578125,-0.667724609375,0.31097412109375,1.4225806451612903,43.10850439882698,0.0,0.0
13.184259497968014,50.94578140464176,0.16650390625,0.655517578125,-0.667724609375,0.31097412109375,1.4258064516129032,43.20625610948191,0.0,0.0
13.204301292949822,50.171057737501776,0.1724853515625,0.65411376953125,-0.666259765625,0.31390380859375,1.4451612903225806,43.79276637341153,0.0,0.0
13.224402928957716,50.171057737501776,0.1724853515625,0.65411376953125,-0.666259765625,0.31390380859375,1.4516129032258065,43.98826979472141,0.0,0.0
13.24449554097373,50.171057737501776,0.1724853515625,0.65411376953125,-0.666259765625,0.31390380859375,1.493548387096774,45.25904203323558,0.0967741935483871,2.932551319648094
13.264567831996828,49.38881001303406,0.1785888671875,0.65277099609375,-0.66455078125,0.3167724609375,1.5161290322580645,45.94330400782014,0.0,0.0
13.284669148968533,49.38881001303406,0.1785888671875,0.65277099609375,-0.66455078125,0.3167724609375,1.493548387096774,45.25904203323558,0.0,0.0
13.304711070959456,48.72047409839768,0.18438720703125,0.65264892578125,-0.662353515625,0.31829833984375,1.5161290322580645,45.94330400782014,0.0032258064516129032,0.09775171065493646
13.324764257995412,48.72047409839768,0.18438720703125,0.65264892578125,-0.662353515625,0.31829833984375,1.5064516129032257,45.650048875855326,0.07096774193548387,2.1505376344086025
13.344832164992113,48.72047409839768,0.18438720703125,0.65264892578125,-0.662353515625,0.31829833984375,1.5064516129032257,45.650048875855326,0.1032258064516129,3.1280547409579667
13.364904072950594,48.12355194257613,0.19024658203125,0.65234375,-0.66064453125,0.3189697265625,1.5677419354838709,47.507331378299114,0.08064516129032258,2.4437927663734116
13.384985835989937,48.12355194257613,0.19024658203125,0.65234375,-0.66064453125,0.3189697265625,1.5419354838709676,46.72531769305962,0.0,0.0
13.405036014970392,47.68725178999807,0.1954345703125,0.6519775390625,-0.6597900390625,0.3184814453125,1.5483870967741935,46.9208211143695,0.0,0.0
13.425112338969484,47.68725178999807,0.1954345703125,0.6519775390625,-0.6597900390625,0.3184814453125,1.561290322580645,47.31182795698924,0.0032258064516129032,0.09775171065493646
13.445235255989246,47.68725178999807,0.1954345703125,0.6519775390625,-0.6597900390625,0.3184814453125,1.532258064516129,46.432062561094824,0.0,0.0
13.465297402988654,47.2321875855127,0.201416015625,0.65216064453125,-0.65838623046875,0.3172607421875,1.5709677419354837,47.60508308895405,0.0,0.0
13.485419775999617,47.2321875855127,0.201416015625,0.65216064453125,-0.65838623046875,0.3172607421875,1.5548387096774192,47.11632453567937,0.0,0.0
13.505424736998975,46.84030040359149,0.208251953125,0.654296875,-0.65570068359375,0.31402587890625,1.5774193548387094,47.800586510263926,0.0,0.0
13.525550758000463,46.84030040359149,0.208251953125,0.654296875,-0.65570068359375,0.31402587890625,1.5677419354838709,47.507331378299114,0.0032258064516129032,0.09775171065493646
13.545594760973472,46.84030040359149,0.208251953125,0.654296875,-0.65570068359375,0.31402587890625,1.6290322580645162,49.36461388074292,0.0,0.0
13.56564346695086,46.540071116625754,0.21533203125,0.65704345703125,-0.65277099609375,0.30950927734375,1.6064516129032256,48.68035190615835,0.0,0.0
13.585748559969943,46.540071116625754,0.21533203125,0.65704345703125,-0.65277099609375,0.30950927734375,1.6258064516129032,49.266862170087975,0.0,0.0
13.605821778997779,46.120463074538534,0.223388671875,0.65850830078125,-0.650390625,0.3056640625,1.6290322580645162,49.36461388074292,0.0,0.0
13.625920887978282,46.120463074538534,0.223388671875,0.65850830078125,-0.650390625,0.3056640625,1.6483870967741936,49.95112414467254,0.0,0.0
13.645979802997317,46.120463074538534,0.223388671875,0.65850830078125,-0.650390625,0.3056640625,1.6483870967741936,49.95112414467254,0.0,0.0
13.666047837992664,45.469904577809615,0.23297119140625,0.65826416015625,-0.64849853515625,0.30316162109375,1.6451612903225807,49.8533724340176,0.04838709677419355,1.466275659824047
13.686125152977183,45.469904577809615,0.23297119140625,0.65826416015625,-0.64849853515625,0.30316162109375,1.6483870967741936,49.95112414467254,0.05161290322580645,1.5640273704789833
13.706200004962739,44.7505054448168,0.24273681640625,0.65692138671875,-0.64703369140625,0.30145263671875,1.635483870967742,49.56011730205279,0.04193548387096774,1.270772238514174
13.726355306978803,44.7505054448168,0.24273681640625,0.65692138671875,-0.64703369140625,0.30145263671875,1.6548387096774193,50.146627565982406,0.0,0.0
13.746349195949733,44.7505054448168,0.24273681640625,0.65692138671875,-0.64703369140625,0.30145263671875,1.664516129032258,50.43988269794721,0.0,0.0
13.766404686961323,44.05588745253872,0.251708984375,0.6552734375,-0.64581298828125,0.30029296875,1.6516129032258065,50.048875855327466,0.009677419354838708,0.29325513196480935
13.786496818996966,44.05588745253872,0.251708984375,0.6552734375,-0.64581298828125,0.30029296875,1.664516129032258,50.43988269794721,0.009677419354838708,0.29325513196480935
13.80654581298586,43.389520504568004,0.25933837890625,0.65399169921875,-0.64410400390625,0.3001708984375,1.6580645161290322,50.24437927663734,0.016129032258064516,0.4887585532746823
13.826595767983235,43.389520504568004,0.25933837890625,0.65399169921875,-0.64410400390625,0.3001708984375,1.6741935483870967,50.733137829912025,0.0,0.0
13.846655322995503,43.389520504568004,0.25933837890625,0.65399169921875,-0.64410400390625,0.3001708984375,1.6548387096774193,50.146627565982406,0.132258064516129,4.007820136852394
13.866743006976321,42.7795510813685,0.26580810546875,0.65350341796875,-0.64190673828125,0.30047607421875,1.6612903225806452,50.34213098729228,0.14193548387096774,4.301075268817205
13.886786657967605,42.7795510813685,0.26580810546875,0.65350341796875,-0.64190673828125,0.30047607421875,1.6774193548387097,50.83088954056696,0.14838709677419354,4.496578690127078
13.906850820989348,42.21998607785482,0.271484375,0.65301513671875,-0.63970947265625,0.30108642578125,1.6806451612903226,50.9286412512219,0.132258064516129,4.007820136852394
13.926980681950226,42.21998607785482,0.271484375,0.65301513671875,-0.63970947265625,0.30108642578125,1.6806451612903226,50.9286412512219,0.15161290322580645,4.594330400782014
13.94707972597098,42.21998607785482,0.271484375,0.65301513671875,-0.63970947265625,0.30108642578125,1.6774193548387097,50.83088954056696,0.15806451612903225,4.789833822091887
13.967113999999128,41.69008615621326,0.2767333984375,0.651611328125,-0.6385498046875,0.30181884765625,1.6709677419354838,50.635386119257085,0.15161290322580645,4.594330400782014
13.987248309946153,41.69008615621326,0.2767333984375,0.651611328125,-0.6385498046875,0.30181884765625,1.6741935483870967,50.733137829912025,0.16129032258064516,4.887585532746823
14.007285367988516,41.035941307431536,0.2818603515625,0.64862060546875,-0.63818359375,0.30413818359375,1.6806451612903226,50.9286412512219,0.14516129032258066,4.398826979472141
14.02735785197001,41.035941307431536,0.2818603515625,0.64862060546875,-0.63818359375,0.30413818359375,1.6709677419354838,50.635386119257085,0.11935483870967742,3.6168132942326494
14.047453439969104,41.035941307431536,0.2818603515625,0.64862060546875,-0.63818359375,0.30413818359375,1.6580645161290322,50.24437927663734,0.12258064516129032,3.714565004887586
14.06753638695227,40.23733824991816,0.28704833984375,0.6444091796875,-0.638427734375,0.30792236328125,1.6580645161290322,50.24437927663734,0.14516129032258066,4.398826979472141
14.087589285976719,40.23733824991816,0.28704833984375,0.6444091796875,-0.638427734375,0.30792236328125,1.6580645161290322,50.24437927663734,0.132258064516129,4.007820136852394
14.107664393959567,39.27606808775708,0.29229736328125,0.639404296875,-0.6383056640625,0.31353759765625,1.6290322580645162,49.36461388074292,0.15161290322580645,4.594330400782014
14.12777262198506,39.27606808775708,0.29229736328125,0.639404296875,-0.6383056640625,0.31353759765625,1.6096774193548384,48.77810361681329,0.16451612903225804,4.9853372434017595
14.147843313985504,39.27606808775708,0.29229736328125,0.639404296875,-0.6383056640625,0.31353759765625,1.6451612903225807,49.8533724340176,0.16451612903225804,4.9853372434017595
14.16791022894904,38.25374693028987,0.29693603515625,0.6343994140625,-0.6376953125,0.3204345703125,1.632258064516129,49.462365591397855,0.17419354838709677,5.278592375366569
14.187978135945741,38.25374693028987,0.29693603515625,0.6343994140625,-0.6376953125,0.3204345703125,1.6129032258064515,48.87585532746823,0.19677419354838707,5.962854349951123
14.208049115957692,37.31361222432707,0.30072021484375,0.62969970703125,-0.63720703125,0.32720947265625,1.6290322580645162,49.36461388074292,0.26129032258064516,7.9178885630498534
14.228112510987557,37.31361222432707,0.30072021484375,0.62969970703125,-0.63720703125,0.32720947265625,1.6483870967741936,49.95112414467254,0.23225806451612901,7.038123167155424
14.248235363978893,37.31361222432707,0.30072021484375,0.62969970703125,-0.63720703125,0.32720947265625,1.6483870967741936,49.95112414467254,0.27096774193548384,8.211143695014663
14.268292134976946,36.69256081653516,0.30255126953125,0.62628173828125,-0.636962890625,0.33245849609375,1.6580645161290322,50.24437927663734,0.25806451612903225,7.820136852394917
14.288338056998327,36.69256081653516,0.30255126953125,0.62628173828125,-0.636962890625,0.33245849609375,1.6806451612903226,50.9286412512219,0.2903225806451613,8.797653958944283
14.308408588985913,36.462203152861754,0.30224609375,0.625732421875,-0.6361083984375,0.33538818359375,1.6709677419354838,50.635386119257085,0.34516129032258064,10.459433040078201
14.328464622958563,36.462203152861754,0.30224609375,0.625732421875,-0.6361083984375,0.33538818359375,1.6806451612903226,50.9286412512219,0.3290322580645161,9.970674486803519
14.348522001993842,36.462203152861754,0.30224609375,0.625732421875,-0.6361083984375,0.33538818359375,1.7,51.515151515151516,0.3032258064516129,9.188660801564028
14.368613717961125,36.325017508776924,0.30108642578125,0.62640380859375,-0.63458251953125,0.33807373046875,1.696774193548387,51.417399804496576,0.34193548387096767,10.361681329423263
14.388684313977137,36.325017508776924,0.30108642578125,0.62640380859375,-0.63458251953125,0.33807373046875,1.6870967741935483,51.12414467253177,0.36129032258064514,10.948191593352883
14.4087430369691,36.27530307351088,0.299560546875,0.62628173828125,-0.63421630859375,0.34027099609375,1.6903225806451612,51.2218963831867,0.4225806451612903,12.805474095796676
14.42881385597866,36.27530307351088,0.299560546875,0.62628173828125,-0.63421630859375,0.34027099609375,1.7,51.515151515151516,0.38064516129032255,11.534701857282501
14.448946116957814,36.27530307351088,0.299560546875,0.62628173828125,-0.63421630859375,0.34027099609375,1.7129032258064516,51.90615835777126,0.4290322580645161,13.000977517106548
14.46899002394639,36.365359542738595,0.29779052734375,0.62615966796875,-0.634765625,0.34112548828125,1.7032258064516128,51.61290322580645,0.26129032258064516,7.9178885630498534
14.489067627990153,36.365359542738595,0.29779052734375,0.62615966796875,-0.634765625,0.34112548828125,1.7,51.515151515151516,0.4096774193548387,12.41446725317693
14.509101293981075,36.40848680488592,0.29681396484375,0.62652587890625,-0.634521484375,0.3416748046875,1.729032258064516,52.39491691104594,0.34193548387096767,10.361681329423263
14.529172368987929,36.40848680488592,0.29681396484375,0.62652587890625,-0.634521484375,0.3416748046875,1.7258064516129032,52.29716520039101,0.4225806451612903,12.805474095796676
14.54924718895927,36.40848680488592,0.29681396484375,0.62652587890625,-0.634521484375,0.3416748046875,1.7516129032258063,53.0791788856305,0.39999999999999997,12.121212121212121
14.569327384000644,36.40746045983476,0.29583740234375,0.62762451171875,-0.6334228515625,0.34259033203125,1.732258064516129,52.49266862170088,0.2806451612903225,8.50439882697947
14.589385690982454,36.40746045983476,0.29583740234375,0.62762451171875,-0.6334228515625,0.34259033203125,1.7,51.515151515151516,0.34838709677419355,10.557184750733137
14.609422590001486,36.48410956704219,0.2945556640625,0.62921142578125,-0.6322021484375,0.34295654296875,1.732258064516129,52.49266862170088,0.41935483870967744,12.70772238514174
14.629551906953566,36.48410956704219,0.2945556640625,0.62921142578125,-0.6322021484375,0.34295654296875,1.732258064516129,52.49266862170088,0.39999999999999997,12.121212121212121
14.6496475909953,36.48410956704219,0.2945556640625,0.62921142578125,-0.6322021484375,0.34295654296875,1.7161290322580645,52.003910068426194,0.39354838709677414,11.925708699902247
14.669685896951705,36.528098595495656,0.29388427734375,0.6297607421875,-0.6318359375,0.3431396484375,1.7451612903225806,52.883675464320625,0.3709677419354839,11.241446725317694
14.689762316993438,36.528098595495656,0.29388427734375,0.6297607421875,-0.6318359375,0.3431396484375,1.7387096774193547,52.68817204301075,0.3870967741935484,11.730205278592376
14.70982833596645,36.58729335736911,0.293212890625,0.62994384765625,-0.63201904296875,0.3431396484375,1.7387096774193547,52.68817204301075,0.4419354838709677,13.391984359726294
14.729905779997353,36.58729335736911,0.293212890625,0.62994384765625,-0.63201904296875,0.3431396484375,1.7387096774193547,52.68817204301075,0.46451612903225803,14.076246334310849
14.750007703958545,36.58729335736911,0.293212890625,0.62994384765625,-0.63201904296875,0.3431396484375,1.7129032258064516,51.90615835777126,0.43548387096774194,13.196480938416421
14.770082010945771,36.63614573881613,0.2926025390625,0.63037109375,-0.6318359375,0.34320068359375,1.732258064516129,52.49266862170088,0.45161290322580644,13.685239491691107
14.790118141972926,36.63614573881613,0.2926025390625,0.63037109375,-0.6318359375,0.34320068359375,1.7483870967741935,52.98142717497556,0.5193548387096774,15.73802541544477
14.810229569964577,36.66433079203346,0.2921142578125,0.6309814453125,-0.63140869140625,0.34332275390625,1.7419354838709677,52.785923753665685,0.5064516129032258,15.347018572825025
14.83028038899647,36.66433079203346,0.2921142578125,0.6309814453125,-0.63140869140625,0.34332275390625,1.729032258064516,52.39491691104594,0.5129032258064515,15.542521994134894
14.850355912989471,36.66433079203346,0.2921142578125,0.6309814453125,-0.63140869140625,0.34332275390625,1.7354838709677418,52.59042033235581,0.4612903225806451,13.978494623655912
14.870426923967898,36.720059651650175,0.2913818359375,0.6318359375,-0.630859375,0.3433837890625,1.7258064516129032,52.29716520039101,0.5,15.151515151515152
14.89086565899197,36.720059651650175,0.2913818359375,0.6318359375,-0.630859375,0.3433837890625,1.7516129032258063,53.0791788856305,0.46451612903225803,14.076246334310849
14.910901628958527,36.77183895395573,0.29052734375,0.63226318359375,-0.630615234375,0.34368896484375,1.729032258064516,52.39491691104594,0.46774193548387094,14.173998044965789
14.930991488974541,36.77183895395573,0.29052734375,0.63226318359375,-0.630615234375,0.34368896484375,1.729032258064516,52.39491691104594,0.4774193548387097,14.467253176930598
14.951071043964475,36.77183895395573,0.29052734375,0.63226318359375,-0.630615234375,0.34368896484375,1.7387096774193547,52.68817204301075,0.5258064516129032,15.933528836754643
14.971122214978095,36.8367402204085,0.289794921875,0.632568359375,-0.63067626953125,0.34368896484375,1.7129032258064516,51.90615835777126,0.5193548387096774,15.73802541544477
14.99122897197958,36.8367402204085,0.289794921875,0.632568359375,-0.63067626953125,0.34368896484375,1.729032258064516,52.39491691104594,0.48709677419354835,14.760508308895407
15.01134753599763,36.87472859477192,0.28936767578125,0.63250732421875,-0.630859375,0.34375,1.7096774193548387,51.80840664711632,0.5387096774193548,16.32453567937439
15.031415155972354,36.87472859477192,0.28936767578125,0.63250732421875,-0.630859375,0.34375,1.7354838709677418,52.59042033235581,0.532258064516129,16.129032258064516
15.051467062963638,36.87472859477192,0.28936767578125,0.63250732421875,-0.630859375,0.34375,1.729032258064516,52.39491691104594,0.532258064516129,16.129032258064516
15.071556921990123,36.84063198663454,0.28948974609375,0.632568359375,-0.6307373046875,0.34393310546875,1.729032258064516,52.39491691104594,0.5064516129032258,15.347018572825025
15.091619325976353,36.84063198663454,0.28948974609375,0.632568359375,-0.6307373046875,0.34393310546875,1.7129032258064516,51.90615835777126,0.529032258064516,16.031280547409576
15.111686080985237,36.8186608805582,0.2894287109375,0.6328125,-0.63031005859375,0.34423828125,1.7451612903225806,52.883675464320625,0.529032258064516,16.031280547409576
15.131781060947105,36.8186608805582,0.2894287109375,0.6328125,-0.63031005859375,0.34423828125,1.7354838709677418,52.59042033235581,0.5387096774193548,16.32453567937439
15.151822086947504,36.8186608805582,0.2894287109375,0.6328125,-0.63031005859375,0.34423828125,1.7129032258064516,51.90615835777126,0.529032258064516,16.031280547409576
15.171887146949302,36.80527415476216,0.289306640625,0.63299560546875,-0.63006591796875,0.344482421875,1.7387096774193547,52.68817204301075,0.5354838709677419,16.226783968719452
15.19194804597646,36.80527415476216,0.289306640625,0.63299560546875,-0.63006591796875,0.344482421875,1.729032258064516,52.39491691104594,0.5258064516129032,15.933528836754643
15.212012944975868,36.78651288134461,0.28936767578125,0.63299560546875,-0.6300048828125,0.3446044921875,1.729032258064516,52.39491691104594,0.529032258064516,16.031280547409576
15.232075667998288,36.78651288134461,0.28936767578125,0.63299560546875,-0.6300048828125,0.3446044921875,1.7387096774193547,52.68817204301075,0.5483870967741935,16.617790811339198
15.252172759966925,36.78651288134461,0.28936767578125,0.63299560546875,-0.6300048828125,0.3446044921875,1.7129032258064516,51.90615835777126,0.5161290322580645,15.640273704789834
15.272266363957897,36.789284399415735,0.2894287109375,0.633056640625,-0.6298828125,0.34454345703125,1.7258064516129032,52.29716520039101,0.5258064516129032,15.933528836754643
15.292339423962403,36.789284399415735,0.2894287109375,0.633056640625,-0.6298828125,0.34454345703125,1.732258064516129,52.49266862170088,0.5193548387096774,15.73802541544477
15.312400194990914,36.80743170206821,0.2894287109375,0.6331787109375,-0.62994384765625,0.34429931640625,1.7258064516129032,52.29716520039101,0.5258064516129032,15.933528836754643
15.332469541986939,36.80743170206821,0.2894287109375,0.6331787109375,-0.62994384765625,0.34429931640625,1.7387096774193547,52.68817204301075,0.5258064516129032,15.933528836754643
15.352512424986344,36.80743170206821,0.2894287109375,0.6331787109375,-0.62994384765625,0.34429931640625,1.7451612903225806,52.883675464320625,0.529032258064516,16.031280547409576
15.372582315991167,36.80353407218943,0.28961181640625,0.6331787109375,-0.6298828125,0.34417724609375,1.729032258064516,52.39491691104594,0.532258064516129,16.129032258064516
15.39268007996725,36.80353407218943,0.28961181640625,0.6331787109375,-0.6298828125,0.34417724609375,1.7451612903225806,52.883675464320625,0.529032258064516,16.031280547409576
15.41278885299107,36.813071593590905,0.2896728515625,0.63336181640625,-0.6297607421875,0.343994140625,1.7451612903225806,52.883675464320625,0.5258064516129032,15.933528836754643
15.432855127961375,36.813071593590905,0.2896728515625,0.63336181640625,-0.6297607421875,0.343994140625,1.7354838709677418,52.59042033235581,0.529032258064516,16.031280547409576
15.452883929945529,36.813071593590905,0.2896728515625,0.63336181640625,-0.6297607421875,0.343994140625,1.729032258064516,52.39491691104594,0.532258064516129,16.129032258064516
15.473019134951755,36.803866132711754,0.289794921875,0.633544921875,-0.62957763671875,0.34393310546875,1.7225806451612902,52.19941348973607,0.5387096774193548,16.32453567937439
15.49307129799854,36.803866132711754,0.289794921875,0.633544921875,-0.62957763671875,0.34393310546875,1.7064516129032257,51.71065493646139,0.5193548387096774,15.73802541544477
15.513165701995604,36.80738895119447,0.28997802734375,0.63360595703125,-0.62957763671875,0.34368896484375,1.7387096774193547,52.68817204301075,0.5161290322580645,15.640273704789834
15.533242953999434,36.80738895119447,0.28997802734375,0.63360595703125,-0.62957763671875,0.34368896484375,1.7354838709677418,52.59042033235581,0.5225806451612903,15.835777126099707
15.553341645980254,36.80738895119447,0.28997802734375,0.63360595703125,-0.62957763671875,0.34368896484375,1.7258064516129032,52.29716520039101,0.5225806451612903,15.835777126099707
15.57342955400236,36.86062494813974,0.2899169921875,0.63397216796875,-0.6295166015625,0.3431396484375,1.7193548387096773,52.101661779081134,0.5419354838709677,16.422287390029325
15.593454259971622,36.86062494813974,0.2899169921875,0.63397216796875,-0.6295166015625,0.3431396484375,1.7354838709677418,52.59042033235581,0.5387096774193548,16.32453567937439
15.61353039095411,36.94293810976371,0.2901611328125,0.63494873046875,-0.629150390625,0.34185791015625,1.729032258064516,52.39491691104594,0.5419354838709677,16.422287390029325
15.633601594949141,36.94293810976371,0.2901611328125,0.63494873046875,-0.629150390625,0.34185791015625,1.7387096774193547,52.68817204301075,0.5225806451612903,15.835777126099707
15.653697214962449,36.94293810976371,0.2901611328125,0.63494873046875,-0.629150390625,0.34185791015625,1.7,51.515151515151516,0.4451612903225806,13.48973607038123
15.673735776974354,36.988251616813116,0.2906494140625,0.63580322265625,-0.6285400390625,0.3408203125,1.7516129032258063,53.0791788856305,0.4387096774193548,13.294232649071358
15.693853573990054,36.988251616813116,0.2906494140625,0.63580322265625,-0.6285400390625,0.3408203125,1.7387096774193547,52.68817204301075,0.41935483870967744,12.70772238514174
15.713909224956296,36.975205730608856,0.2918701171875,0.6358642578125,-0.62860107421875,0.33966064453125,1.7516129032258063,53.0791788856305,0.4064516129032258,12.316715542521994
15.734050829953048,36.975205730608856,0.2918701171875,0.6358642578125,-0.62860107421875,0.33966064453125,1.7516129032258063,53.0791788856305,0.39677419354838706,12.023460410557183
15.754141265992075,36.975205730608856,0.2918701171875,0.6358642578125,-0.62860107421875,0.33966064453125,1.7483870967741935,52.98142717497556,0.4161290322580645,12.609970674486803
15.774302775971591,36.89125830739357,0.29425048828125,0.63507080078125,-0.62908935546875,0.33819580078125,1.732258064516129,52.49266862170088,0.38387096774193546,11.632453567937437
15.794257399975322,36.89125830739357,0.29425048828125,0.63507080078125,-0.62908935546875,0.33819580078125,1.7516129032258063,53.0791788856305,0.39032258064516123,11.82795698924731
15.814391869993415,36.77255062816926,0.2974853515625,0.63433837890625,-0.62933349609375,0.33624267578125,1.7387096774193547,52.68817204301075,0.3387096774193548,10.263929618768328
15.834484641964082,36.77255062816926,0.2974853515625,0.63433837890625,-0.62933349609375,0.33624267578125,1.7870967741935482,54.154447702834794,0.3161290322580645,9.579667644183774
15.854484546987806,36.77255062816926,0.2974853515625,0.63433837890625,-0.62933349609375,0.33624267578125,1.7709677419354837,53.665689149560116,0.2870967741935484,8.699902248289346
15.874558533949312,36.57171752190401,0.3011474609375,0.6339111328125,-0.62884521484375,0.334716796875,1.7387096774193547,52.68817204301075,0.3387096774193548,10.263929618768328
15.894631753966678,36.57171752190401,0.3011474609375,0.6339111328125,-0.62884521484375,0.334716796875,1.7483870967741935,52.98142717497556,0.3548387096774194,10.752688172043012
15.914738989959005,36.394261756587376,0.30474853515625,0.6339111328125,-0.62799072265625,0.3330078125,1.761290322580645,53.3724340175953,0.3193548387096774,9.67741935483871
15.934771279979032,36.394261756587376,0.30474853515625,0.6339111328125,-0.62799072265625,0.3330078125,1.761290322580645,53.3724340175953,0.4096774193548387,12.41446725317693
15.954833651951049,36.394261756587376,0.30474853515625,0.6339111328125,-0.62799072265625,0.3330078125,1.764516129032258,53.47018572825024,0.2032258064516129,6.158357771260997
15.974905270966701,36.1232308077557,0.30950927734375,0.6341552734375,-0.62646484375,0.33111572265625,1.7806451612903225,53.95894428152492,0.2903225806451613,8.797653958944283
15.995029627985787,36.1232308077557,0.30950927734375,0.6341552734375,-0.62646484375,0.33111572265625,1.761290322580645,53.3724340175953,0.3225806451612903,9.775171065493646
16.015074333990924,35.72915121640995,0.31719970703125,0.634765625,-0.62371826171875,0.3277587890625,1.7806451612903225,53.95894428152492,0.13870967741935483,4.203323558162268
16.03518313897075,35.72915121640995,0.31719970703125,0.634765625,-0.62371826171875,0.3277587890625,1.7806451612903225,53.95894428152492,0.12903225806451613,3.9100684261974585
16.05527319095563,35.72915121640995,0.31719970703125,0.634765625,-0.62371826171875,0.3277587890625,1.793548387096774,54.34995112414467,0.06774193548387096,2.0527859237536656
16.07532900199294,35.69249726504156,0.32440185546875,0.6357421875,-0.62249755859375,0.32110595703125,1.7774193548387096,53.86119257086999,0.06774193548387096,2.0527859237536656
16.095420013996772,35.69249726504156,0.32440185546875,0.6357421875,-0.62249755859375,0.32110595703125,1.7516129032258063,53.0791788856305,0.06451612903225806,1.9550342130987293
16.11548379296437,35.7130874054486,0.33111572265625,0.63763427734375,-0.62030029296875,0.3145751953125,1.7741935483870968,53.76344086021506,0.12258064516129032,3.714565004887586
16.1355506759719,35.7130874054486,0.33111572265625,0.63763427734375,-0.62030029296875,0.3145751953125,1.7774193548387096,53.86119257086999,0.038709677419354833,1.1730205278592374
16.155620439967606,35.7130874054486,0.33111572265625,0.63763427734375,-0.62030029296875,0.3145751953125,1.7903225806451613,54.25219941348974,0.08709677419354839,2.6392961876832843
16.175730524002574,35.568202164319025,0.3388671875,0.64068603515625,-0.61572265625,0.30914306640625,1.7677419354838708,53.567937438905176,0.15161290322580645,4.594330400782014
16.195845696958713,35.568202164319025,0.3388671875,0.64068603515625,-0.61572265625,0.30914306640625,1.7774193548387096,53.86119257086999,0.23870967741935484,7.233626588465299
16.2159332849551,35.364581808195524,0.3477783203125,0.6435546875,-0.61041259765625,0.3037109375,1.732258064516129,52.49266862170088,0.12580645161290321,3.812316715542522
16.235954342992045,35.364581808195524,0.3477783203125,0.6435546875,-0.61041259765625,0.3037109375,1.7129032258064516,51.90615835777126,0.2129032258064516,6.451612903225806
16.256010344950482,35.364581808195524,0.3477783203125,0.6435546875,-0.61041259765625,0.3037109375,1.7774193548387096,53.86119257086999,0.23225806451612901,7.038123167155424
16.276089580962434,35.379932838615765,0.35675048828125,0.646728515625,-0.60552978515625,0.29632568359375,1.7451612903225806,52.883675464320625,0.2967741935483871,8.993157380254155
16.29617057699943,35.379932838615765,0.35675048828125,0.646728515625,-0.60552978515625,0.29632568359375,1.7354838709677418,52.59042033235581,0.2290322580645161,6.940371456500488
16.31621797097614,35.43298524161002,0.3665771484375,0.6484375,-0.60186767578125,0.28802490234375,1.7258064516129032,52.29716520039101,0.3,9.090909090909092
16.33633535198169,35.43298524161002,0.3665771484375,0.6484375,-0.60186767578125,0.28802490234375,1.7129032258064516,51.90615835777126,0.2161290322580645,6.549364613880742
16.35643580398755,35.43298524161002,0.3665771484375,0.6484375,-0.60186767578125,0.28802490234375,1.7419354838709677,52.785923753665685,0.3709677419354839,11.241446725317694
16.376493278949056,35.62375204466008,0.37640380859375,0.64984130859375,-0.5986328125,0.2786865234375,1.761290322580645,53.3724340175953,0.4096774193548387,12.41446725317693
16.396586788003333,35.62375204466008,0.37640380859375,0.64984130859375,-0.5986328125,0.2786865234375,1.7451612903225806,52.883675464320625,0.39032258064516123,11.82795698924731
16.416639717994258,35.678850659555835,0.3853759765625,0.64947509765625,-0.5966796875,0.27130126953125,1.7258064516129032,52.29716520039101,0.3387096774193548,10.263929618768328
16.4366975769517,35.678850659555835,0.3853759765625,0.64947509765625,-0.5966796875,0.27130126953125,1.7032258064516128,51.61290322580645,0.38064516129032255,11.534701857282501
16.456762059999164,35.678850659555835,0.3853759765625,0.64947509765625,-0.5966796875,0.27130126953125,1.7516129032258063,53.0791788856305,0.38387096774193546,11.632453567937437
16.476831631967798,35.54228301213854,0.39312744140625,0.64801025390625,-0.5953369140625,0.26666259765625,1.7258064516129032,52.29716520039101,0.4419354838709677,13.391984359726294
16.496888850990217,35.54228301213854,0.39312744140625,0.64801025390625,-0.5953369140625,0.26666259765625,1.7451612903225806,52.883675464320625,0.3354838709677419,10.166177908113392
16.516952021978796,35.136833351252285,0.40252685546875,0.64581298828125,-0.5927734375,0.263671875,1.7161290322580645,52.003910068426194,0.332258064516129,10.068426197458455
16.537088282988407,35.136833351252285,0.40252685546875,0.64581298828125,-0.5927734375,0.263671875,1.7741935483870968,53.76344086021506,0.4096774193548387,12.41446725317693
16.557102876948193,35.136833351252285,0.40252685546875,0.64581298828125,-0.5927734375,0.263671875,1.764516129032258,53.47018572825024,0.2870967741935484,8.699902248289346
16.57716079999227,35.44016823170142,0.4100341796875,0.6470947265625,-0.589599609375,0.25592041015625,1.8161290322580643,55.034213098729225,0.32580645161290317,9.872922776148581
16.59725414798595,35.44016823170142,0.4100341796875,0.6470947265625,-0.589599609375,0.25592041015625,1.8548387096774193,56.20723362658847,0.432258064516129,13.098729227761485
16.617349095991813,36.09848895190718,0.41644287109375,0.6495361328125,-0.586669921875,0.245849609375,1.8161290322580643,55.034213098729225,0.35161290322580646,10.654936461388074
16.637432491988875,36.09848895190718,0.41644287109375,0.6495361328125,-0.586669921875,0.245849609375,1.7774193548387096,53.86119257086999,0.35806451612903223,10.850439882697946
16.65744551696116,36.09848895190718,0.41644287109375,0.6495361328125,-0.586669921875,0.245849609375,1.8064516129032258,54.74095796676443,0.4806451612903226,14.565004887585534
16.677516848954838,37.10964113158428,0.42156982421875,0.654052734375,-0.5828857421875,0.23394775390625,1.8225806451612903,55.229716520039105,0.48709677419354835,14.760508308895407
16.697647637978662,37.10964113158428,0.42156982421875,0.654052734375,-0.5828857421875,0.23394775390625,1.8161290322580643,55.034213098729225,0.4483870967741935,13.587487781036167
16.717682807997335,37.8561351744809,0.42779541015625,0.65606689453125,-0.580322265625,0.22332763671875,1.8225806451612903,55.229716520039105,0.35161290322580646,10.654936461388074
16.73774501896696,37.8561351744809,0.42779541015625,0.65606689453125,-0.580322265625,0.22332763671875,1.8096774193548386,54.83870967741935,0.39677419354838706,12.023460410557183
16.757799837971106,37.8561351744809,0.42779541015625,0.65606689453125,-0.580322265625,0.22332763671875,1.8129032258064515,54.936461388074285,0.4483870967741935,13.587487781036167
16.777905666967854,38.401512822533334,0.4356689453125,0.6551513671875,-0.579345703125,0.21282958984375,1.8096774193548386,54.83870967741935,0.4612903225806451,13.978494623655912
16.798141450970434,38.401512822533334,0.4356689453125,0.6551513671875,-0.579345703125,0.21282958984375,1.793548387096774,54.34995112414467,0.4612903225806451,13.978494623655912
16.818150828999933,38.54512766708108,0.44598388671875,0.65216064453125,-0.57794189453125,0.20440673828125,1.8483870967741933,56.01173020527859,0.5,15.151515151515152
16.838188398978673,38.54512766708108,0.44598388671875,0.65216064453125,-0.57794189453125,0.20440673828125,1.8129032258064515,54.936461388074285,0.5258064516129032,15.933528836754643
16.858286546950694,38.54512766708108,0.44598388671875,0.65216064453125,-0.57794189453125,0.20440673828125,1.7516129032258063,53.0791788856305,0.5064516129032258,15.347018572825025
16.878717824991327,37.94414673138032,0.45623779296875,0.6463623046875,-0.57708740234375,0.20269775390625,1.7483870967741935,52.98142717497556,0.5032258064516129,15.249266862170089
16.898790436971467,37.94414673138032,0.45623779296875,0.6463623046875,-0.57708740234375,0.20269775390625,1.7064516129032257,51.71065493646139,0.48709677419354835,14.760508308895407
16.918886216997635,36.3128223749113,0.465087890625,0.63726806640625,-0.57708740234375,0.2110595703125,1.7354838709677418,52.59042033235581,0.39677419354838706,12.023460410557183
16.938949707953725,36.3128223749113,0.465087890625,0.63726806640625,-0.57708740234375,0.2110595703125,1.7129032258064516,51.90615835777126,0.39677419354838706,12.023460410557183
16.959014222957194,36.3128223749113,0.465087890625,0.63726806640625,-0.57708740234375,0.2110595703125,1.7096774193548387,51.80840664711632,0.4096774193548387,12.41446725317693
16.97911950800335,34.22049470568421,0.4715576171875,0.62725830078125,-0.57757568359375,0.22491455078125,1.7161290322580645,52.003910068426194,0.4225806451612903,12.805474095796676
16.99921490397537,34.22049470568421,0.4715576171875,0.62725830078125,-0.57757568359375,0.22491455078125,1.729032258064516,52.39491691104594,0.4064516129032258,12.316715542521994
17.019273722951766,32.38618347891981,0.47613525390625,0.619140625,-0.57733154296875,0.23797607421875,1.7516129032258063,53.0791788856305,0.49032258064516127,14.858260019550343
17.039350525999907,32.38618347891981,0.47613525390625,0.619140625,-0.57733154296875,0.23797607421875,1.7451612903225806,52.883675464320625,0.529032258064516,16.031280547409576
17.059457762981765,32.38618347891981,0.47613525390625,0.619140625,-0.57733154296875,0.23797607421875,1.761290322580645,53.3724340175953,0.5096774193548387,15.444770283479961
17.079499812971335,30.517744320712374,0.479736328125,0.6112060546875,-0.5767822265625,0.25201416015625,1.8419354838709676,55.816226783968716,0.5354838709677419,16.226783968719452
17.099591848964337,30.517744320712374,0.479736328125,0.6112060546875,-0.5767822265625,0.25201416015625,1.829032258064516,55.42521994134897,0.5129032258064515,15.542521994134894
17.119688268983737,28.82260951704687,0.48138427734375,0.605224609375,-0.57550048828125,0.26605224609375,1.8774193548387097,56.89149560117303,0.5516129032258064,16.715542521994134
17.139759664947633,28.82260951704687,0.48138427734375,0.605224609375,-0.57550048828125,0.26605224609375,1.8806451612903226,56.98924731182796,0.5580645161290322,16.911045943304007
17.159836755949073,28.82260951704687,0.48138427734375,0.605224609375,-0.57550048828125,0.26605224609375,1.8870967741935485,57.18475073313783,0.6387096774193548,19.35483870967742
17.179907127982005,27.56947642760253,0.4820556640625,0.60028076171875,-0.5750732421875,0.27655029296875,1.8677419354838707,56.59824046920821,0.6741935483870967,20.43010752688172
17.200000731972978,27.56947642760253,0.4820556640625,0.60028076171875,-0.5750732421875,0.27655029296875,1.8806451612903226,56.98924731182796,0.764516129032258,23.16715542521994
17.220076414989308,26.349646480183594,0.4818115234375,0.59503173828125,-0.5758056640625,0.2867431640625,1.8935483870967742,57.380254154447705,0.8129032258064516,24.633431085043988
17.240150562953204,26.349646480183594,0.4818115234375,0.59503173828125,-0.5758056640625,0.2867431640625,1.9064516129032258,57.77126099706745,0.8741935483870967,26.49071358748778
17.260237479000352,26.349646480183594,0.4818115234375,0.59503173828125,-0.5758056640625,0.2867431640625,1.8935483870967742,57.380254154447705,0.7548387096774193,22.87390029325513
17.280314121977426,25.058324230779164,0.47857666015625,0.58966064453125,-0.57763671875,0.29931640625,1.9225806451612903,58.260019550342136,0.8741935483870967,26.49071358748778
17.30040343798464,25.058324230779164,0.47857666015625,0.58966064453125,-0.57763671875,0.29931640625,1.9096774193548387,57.86901270772239,0.9709677419354839,29.423264907135877
17.320478033972904,23.851446340582214,0.47332763671875,0.5853271484375,-0.57916259765625,0.31292724609375,1.9451612903225806,58.94428152492669,1.0193548387096774,30.889540566959923
17.340584725956433,23.851446340582214,0.47332763671875,0.5853271484375,-0.57916259765625,0.31292724609375,1.9161290322580644,58.06451612903226,1.0806451612903225,32.74682306940371
17.360677625983953,23.851446340582214,0.47332763671875,0.5853271484375,-0.57916259765625,0.31292724609375,1.9225806451612903,58.260019550342136,1.3354838709677417,40.46920821114369
17.380742236971855,22.844378605407258,0.46734619140625,0.581298828125,-0.58123779296875,0.32537841796875,1.9161290322580644,58.06451612903226,1.2032258064516128,36.4613880742913
17.400809696991928,22.844378605407258,0.46734619140625,0.581298828125,-0.58123779296875,0.32537841796875,1.9225806451612903,58.260019550342136,1.2161290322580645,36.852394916911045
17.420888003951404,22.30399376384625,0.4615478515625,0.5794677734375,-0.5826416015625,0.334228515625,1.9451612903225806,58.94428152492669,1.2354838709677418,37.43890518084066
17.440969511982985,22.30399376384625,0.4615478515625,0.5794677734375,-0.5826416015625,0.334228515625,1.9806451612903224,60.01955034213099,1.3387096774193548,40.56695992179863
17.461061547975987,22.30399376384625,0.4615478515625,0.5794677734375,-0.5826416015625,0.334228515625,1.967741935483871,59.628543499511245,1.2677419354838708,38.41642228739003
17.48114251095103,22.109558416793575,0.45843505859375,0.5792236328125,-0.5830078125,0.33831787109375,2.0483870967741935,62.07233626588465,1.2999999999999998,39.39393939393939
17.50121387495892,22.109558416793575,0.45843505859375,0.5792236328125,-0.5830078125,0.33831787109375,2.02258064516129,61.29032258064516,1.2354838709677418,37.43890518084066
17.521294902951922,21.998220392132822,0.45721435546875,0.57867431640625,-0.5833740234375,0.3402099609375,2.054838709677419,62.267839687194524,1.2419354838709677,37.634408602150536
17.541411770973355,21.998220392132822,0.45721435546875,0.57867431640625,-0.5833740234375,0.3402099609375,2.0161290322580645,61.09481915933529,1.2129032258064516,36.75464320625611
17.561539775982965,21.998220392132822,0.45721435546875,0.57867431640625,-0.5833740234375,0.3402099609375,1.9580645161290322,59.33528836754643,1.1741935483870969,35.581622678396876
17.58155712200096,21.86479893805965,0.45562744140625,0.57757568359375,-0.58447265625,0.34234619140625,1.961290322580645,59.43304007820137,1.2419354838709677,37.634408602150536
17.601620484958403,21.86479893805965,0.45562744140625,0.57757568359375,-0.58447265625,0.34234619140625,1.9903225806451612,60.312805474095796,1.261290322580645,38.220918866080154
17.621749705984257,21.656915514912527,0.45391845703125,0.5760498046875,-0.58551025390625,0.3453369140625,1.9838709677419355,60.117302052785924,1.3451612903225805,40.7624633431085
17.641765035979915,21.656915514912527,0.45391845703125,0.5760498046875,-0.58551025390625,0.3453369140625,1.9741935483870967,59.82404692082112,1.3870967741935485,42.033235581622684
17.661877168982755,21.656915514912527,0.45391845703125,0.5760498046875,-0.58551025390625,0.3453369140625,1.996774193548387,60.50830889540567,1.4,42.42424242424242
17.68197355698794,21.526152475922615,0.45233154296875,0.5758056640625,-0.5855712890625,0.3477783203125,1.9806451612903224,60.01955034213099,1.3225806451612903,40.07820136852395
17.702030935965013,21.526152475922615,0.45233154296875,0.5758056640625,-0.5855712890625,0.3477783203125,1.967741935483871,59.628543499511245,1.2129032258064516,36.75464320625611
17.72211516398238,21.535342743999152,0.45135498046875,0.5771484375,-0.58441162109375,0.34881591796875,1.932258064516129,58.55327468230694,1.2161290322580645,36.852394916911045
17.74218479898991,21.535342743999152,0.45135498046875,0.5771484375,-0.58441162109375,0.34881591796875,1.935483870967742,58.65102639296188,1.2677419354838708,38.41642228739003
17.762269058963284,21.535342743999152,0.45135498046875,0.5771484375,-0.58441162109375,0.34881591796875,1.9451612903225806,58.94428152492669,1.2483870967741935,37.82991202346041
17.782383782963734,21.65302974559502,0.45025634765625,0.57891845703125,-0.58331298828125,0.34906005859375,1.9516129032258065,59.13978494623656,1.2354838709677418,37.43890518084066
17.80243604199495,21.65302974559502,0.45025634765625,0.57891845703125,-0.58331298828125,0.34906005859375,1.9,57.57575757575758,1.2258064516129032,37.14565004887586
17.822538926964626,21.799303581939242,0.449951171875,0.5799560546875,-0.58319091796875,0.3480224609375,1.896774193548387,57.478005865102645,1.1774193548387097,35.67937438905181
17.842599345953204,21.799303581939242,0.449951171875,0.5799560546875,-0.58319091796875,0.3480224609375,1.896774193548387,57.478005865102645,1.132258064516129,34.3108504398827
17.862653683987446,21.799303581939242,0.449951171875,0.5799560546875,-0.58319091796875,0.3480224609375,1.8580645161290321,56.304985337243394,1.1419354838709679,34.60410557184751
17.882795737998094,21.95584824215544,0.4498291015625,0.58056640625,-0.58355712890625,0.34661865234375,1.8709677419354838,56.695992179863154,1.2354838709677418,37.43890518084066
17.902839452959597,21.95584824215544,0.4498291015625,0.58056640625,-0.58355712890625,0.34661865234375,1.8870967741935485,57.18475073313783,1.206451612903226,36.55913978494624
17.92291775997728,22.030078981553856,0.44976806640625,0.580810546875,-0.5836181640625,0.3460693359375,1.8741935483870966,56.79374389051808,1.2032258064516128,36.4613880742913
17.94302368495846,22.030078981553856,0.44976806640625,0.580810546875,-0.5836181640625,0.3460693359375,1.8548387096774193,56.20723362658847,1.2129032258064516,36.75464320625611
17.963069318968337,22.030078981553856,0.44976806640625,0.580810546875,-0.5836181640625,0.3460693359375,1.8903225806451613,57.28250244379277,1.2161290322580645,36.852394916911045
17.9831894839881,22.06818251488741,0.4498291015625,0.5811767578125,-0.5833740234375,0.34576416015625,1.8580645161290321,56.304985337243394,1.1870967741935483,35.97262952101662
18.00322871794924,22.06818251488741,0.4498291015625,0.5811767578125,-0.5833740234375,0.34576416015625,1.8709677419354838,56.695992179863154,1.196774193548387,36.26588465298143
18.023324754962232,22.09888206311122,0.4498291015625,0.58172607421875,-0.5828857421875,0.34564208984375,1.9064516129032258,57.77126099706745,1.1741935483870969,35.581622678396876
18.043404149997514,22.09888206311122,0.4498291015625,0.58172607421875,-0.5828857421875,0.34564208984375,1.8903225806451613,57.28250244379277,1.2,36.36363636363637
18.063480537966825,22.09888206311122,0.4498291015625,0.58172607421875,-0.5828857421875,0.34564208984375,1.8548387096774193,56.20723362658847,1.2,36.36363636363637
18.083592605951708,22.11542599997496,0.44976806640625,0.58209228515625,-0.5826416015625,0.3455810546875,1.8806451612903226,56.98924731182796,1.2258064516129032,37.14565004887586
18.103666785988025,22.11542599997496,0.44976806640625,0.58209228515625,-0.5826416015625,0.3455810546875,1.8870967741935485,57.18475073313783,1.2741935483870968,38.6119257086999
18.123741220973898,22.161039294860473,0.44964599609375,0.582275390625,-0.5826416015625,0.3453369140625,1.8741935483870966,56.79374389051808,1.2774193548387096,38.70967741935484
18.143849961983506,22.161039294860473,0.44964599609375,0.582275390625,-0.5826416015625,0.3453369140625,1.8935483870967742,57.380254154447705,1.2483870967741935,37.82991202346041
18.16393863799749,22.161039294860473,0.44964599609375,0.582275390625,-0.5826416015625,0.3453369140625,1.8774193548387097,56.89149560117303,1.2354838709677418,37.43890518084066
18.183986383955926,22.210663294241698,0.4493408203125,0.582275390625,-0.58306884765625,0.34503173828125,1.8774193548387097,56.89149560117303,1.2129032258064516,36.75464320625611
18.204069299972616,22.210663294241698,0.4493408203125,0.582275390625,-0.58306884765625,0.34503173828125,1.861290322580645,56.402737047898334,1.1903225806451614,36.07038123167156
18.22414463199675,22.26276836137407,0.44891357421875,0.582275390625,-0.58355712890625,0.34478759765625,1.861290322580645,56.402737047898334,1.196774193548387,36.26588465298143
18.24422274698736,22.26276836137407,0.44891357421875,0.582275390625,-0.58355712890625,0.34478759765625,1.8774193548387097,56.89149560117303,1.196774193548387,36.26588465298143
18.264306782977656,22.26276836137407,0.44891357421875,0.582275390625,-0.58355712890625,0.34478759765625,1.8806451612903226,56.98924731182796,1.1870967741935483,35.97262952101662
18.28438704297878,22.25389552880253,0.44903564453125,0.58233642578125,-0.58349609375,0.3447265625,1.8645161290322578,56.50048875855327,1.1806451612903226,35.77712609970675
18.304454917961266,22.25389552880253,0.44903564453125,0.58233642578125,-0.58349609375,0.3447265625,1.8709677419354838,56.695992179863154,1.1806451612903226,35.77712609970675
18.324541609967127,22.23761524151915,0.44952392578125,0.58203125,-0.5833740234375,0.3446044921875,1.8580645161290321,56.304985337243394,1.1580645161290324,35.0928641251222
18.344643917982467,22.23761524151915,0.44952392578125,0.58203125,-0.5833740234375,0.3446044921875,1.8709677419354838,56.695992179863154,1.1903225806451614,36.07038123167156
18.364718256983906,22.23761524151915,0.44952392578125,0.58203125,-0.5833740234375,0.3446044921875,1.8806451612903226,56.98924731182796,1.1709677419354838,35.483870967741936
18.384828117967118,22.175857493010767,0.449951171875,0.5814208984375,-0.583740234375,0.3446044921875,1.8709677419354838,56.695992179863154,1.1935483870967742,36.168132942326494
18.404861431976315,22.175857493010767,0.449951171875,0.5814208984375,-0.583740234375,0.3446044921875,1.8806451612903226,56.98924731182796,1.1870967741935483,35.97262952101662
18.42495567596052,22.146837896706558,0.4501953125,0.58074951171875,-0.584228515625,0.34454345703125,1.8580645161290321,56.304985337243394,1.1709677419354838,35.483870967741936
18.44506201695185,22.146837896706558,0.4501953125,0.58074951171875,-0.584228515625,0.34454345703125,1.8709677419354838,56.695992179863154,1.1903225806451614,36.07038123167156
18.46508057898609,22.146837896706558,0.4501953125,0.58074951171875,-0.584228515625,0.34454345703125,1.8741935483870966,56.79374389051808,1.164516129032258,35.28836754643206
18.485208327998407,22.139452469381112,0.4501953125,0.5804443359375,-0.5845947265625,0.344482421875,1.8580645161290321,56.304985337243394,1.1548387096774193,34.99511241446726
18.505291338951793,22.139452469381112,0.4501953125,0.5804443359375,-0.5845947265625,0.344482421875,1.8806451612903226,56.98924731182796,1.1516129032258065,34.89736070381232
18.525402319966815,22.164555197238997,0.45001220703125,0.580322265625,-0.58489990234375,0.3443603515625,1.8580645161290321,56.304985337243394,1.1709677419354838,35.483870967741936
18.54546325094998,22.164555197238997,0.45001220703125,0.580322265625,-0.58489990234375,0.3443603515625,1.8677419354838707,56.59824046920821,1.1612903225806452,35.19061583577713
18.565586839977186,22.164555197238997,0.45001220703125,0.580322265625,-0.58489990234375,0.3443603515625,1.8709677419354838,56.695992179863154,1.090322580645161,33.040078201368516
18.585652986948844,22.156265329439393,0.45001220703125,0.58013916015625,-0.58502197265625,0.34442138671875,1.8774193548387097,56.89149560117303,1.0741935483870966,32.55131964809384
18.606308623973746,22.156265329439393,0.45001220703125,0.58013916015625,-0.58502197265625,0.34442138671875,1.8806451612903226,56.98924731182796,1.0677419354838709,32.355816226783965
18.62584617896937,22.1266433249462,0.44989013671875,0.5799560546875,-0.58514404296875,0.3447265625,1.8935483870967742,57.380254154447705,1.0419354838709676,31.57380254154447
18.645951304002665,22.1266433249462,0.44989013671875,0.5799560546875,-0.58514404296875,0.3447265625,1.8935483870967742,57.380254154447705,1.0483870967741935,31.76930596285435
18.66599770594621,22.1266433249462,0.44989013671875,0.5799560546875,-0.58514404296875,0.3447265625,1.8580645161290321,56.304985337243394,1.0193548387096774,30.889540566959923
18.686183728976175,22.10353733322897,0.44964599609375,0.57989501953125,-0.585205078125,0.3450927734375,1.8935483870967742,57.380254154447705,1.0161290322580645,30.791788856304986
18.706204274960328,22.10353733322897,0.44964599609375,0.57989501953125,-0.585205078125,0.3450927734375,1.8774193548387097,56.89149560117303,1.0387096774193547,31.47605083088954
18.726268949976657,22.090716355154896,0.44976806640625,0.57965087890625,-0.5853271484375,0.3450927734375,1.8935483870967742,57.380254154447705,1.0419354838709676,31.57380254154447
18.746361049998086,22.090716355154896,0.44976806640625,0.57965087890625,-0.5853271484375,0.3450927734375,1.8774193548387097,56.89149560117303,1.0516129032258064,31.867057673509287
18.766401884960942,22.090716355154896,0.44976806640625,0.57965087890625,-0.5853271484375,0.3450927734375,1.896774193548387,57.478005865102645,1.090322580645161,33.040078201368516
18.786546113959048,22.089280392248213,0.4500732421875,0.57977294921875,-0.5850830078125,0.34490966796875,1.8774193548387097,56.89149560117303,1.1032258064516127,33.43108504398827
18.806614789995365,22.089280392248213,0.4500732421875,0.57977294921875,-0.5850830078125,0.34490966796875,1.8838709677419354,57.0869990224829,1.1096774193548387,33.62658846529814
18.82672026596265,22.114627714535317,0.44970703125,0.580322265625,-0.584716796875,0.3450927734375,1.8709677419354838,56.695992179863154,1.1032258064516127,33.43108504398827
18.846895152993966,22.114627714535317,0.44970703125,0.580322265625,-0.584716796875,0.3450927734375,1.8806451612903226,56.98924731182796,1.1580645161290324,35.0928641251222
18.866857872984838,22.114627714535317,0.44970703125,0.580322265625,-0.584716796875,0.3450927734375,1.8774193548387097,56.89149560117303,1.1419354838709679,34.60410557184751
18.886951412947383,22.1078071544911,0.44964599609375,0.5804443359375,-0.5845947265625,0.34521484375,1.8741935483870966,56.79374389051808,1.1548387096774193,34.99511241446726
18.907052088994533,22.1078071544911,0.44964599609375,0.5804443359375,-0.5845947265625,0.34521484375,1.8774193548387097,56.89149560117303,1.1516129032258065,34.89736070381232
18.927107259980403,22.129205717181506,0.44970703125,0.58062744140625,-0.58453369140625,0.344970703125,1.8935483870967742,57.380254154447705,1.1129032258064515,33.724340175953074
18.947206335957162,22.129205717181506,0.44970703125,0.58062744140625,-0.58453369140625,0.344970703125,1.8806451612903226,56.98924731182796,1.1258064516129034,34.115347018572834
18.967256962961983,22.129205717181506,0.44970703125,0.58062744140625,-0.58453369140625,0.344970703125,1.8741935483870966,56.79374389051808,1.1193548387096772,33.91984359726295
18.987348518974613,22.144261587158212,0.44970703125,0.5811767578125,-0.58392333984375,0.34503173828125,1.8741935483870966,56.79374389051808,1.1483870967741936,34.799608993157385
19.007387816964183,22.144261587158212,0.44970703125,0.5811767578125,-0.58392333984375,0.34503173828125,1.8806451612903226,56.98924731182796,1.1483870967741936,34.799608993157385
19.02751162997447,22.137321688151374,0.44940185546875,0.581787109375,-0.58319091796875,0.3455810546875,1.8741935483870966,56.79374389051808,1.096774193548387,33.235581622678396
19.047552400967106,22.137321688151374,0.44940185546875,0.581787109375,-0.58319091796875,0.3455810546875,1.8870967741935485,57.18475073313783,1.1096774193548387,33.62658846529814
19.067605747957714,22.137321688151374,0.44940185546875,0.581787109375,-0.58319091796875,0.3455810546875,1.861290322580645,56.402737047898334,1.0838709677419354,32.84457478005865
19.087668246997055,22.09247571451934,0.44873046875,0.5821533203125,-0.582763671875,0.34661865234375,1.896774193548387,57.478005865102645,1.1064516129032256,33.5288367546432
19.10784137295559,22.09247571451934,0.44873046875,0.5821533203125,-0.582763671875,0.34661865234375,1.9161290322580644,58.06451612903226,1.0548387096774192,31.964809384164223
19.127874654950574,22.065086123772105,0.44830322265625,0.5823974609375,-0.58245849609375,0.3472900390625,1.8709677419354838,56.695992179863154,1.090322580645161,33.040078201368516
19.14795040298486,22.065086123772105,0.44830322265625,0.5823974609375,-0.58245849609375,0.3472900390625,1.8935483870967742,57.380254154447705,1.0387096774193547,31.47605083088954
19.168054630979896,22.065086123772105,0.44830322265625,0.5823974609375,-0.58245849609375,0.3472900390625,1.8677419354838707,56.59824046920821,1.0774193548387097,32.64907135874878
19.188119593949523,22.075087400856034,0.4481201171875,0.5826416015625,-0.582275390625,0.347412109375,1.8677419354838707,56.59824046920821,1.0419354838709676,31.57380254154447
19.208151244965848,22.075087400856034,0.4481201171875,0.5826416015625,-0.582275390625,0.347412109375,1.8645161290322578,56.50048875855327,1.0548387096774192,31.964809384164223
19.22823889600113,22.09800945086586,0.4481201171875,0.582763671875,-0.58209228515625,0.34735107421875,1.8645161290322578,56.50048875855327,1.064516129032258,32.25806451612903
19.248368501954246,22.09800945086586,0.4481201171875,0.582763671875,-0.58209228515625,0.34735107421875,1.8870967741935485,57.18475073313783,1.0483870967741935,31.76930596285435
19.268421560002025,22.09800945086586,0.4481201171875,0.582763671875,-0.58209228515625,0.34735107421875,1.8419354838709676,55.816226783968716,1.0709677419354837,32.453567937438905
19.288466202968266,22.070736584852284,0.44830322265625,0.58282470703125,-0.58184814453125,0.34747314453125,1.8580645161290321,56.304985337243394,1.0806451612903225,32.74682306940371
19.30852124595549,22.070736584852284,0.44830322265625,0.58282470703125,-0.58184814453125,0.34747314453125,1.8580645161290321,56.304985337243394,1.0741935483870966,32.55131964809384
19.32862073800061,22.00892149229557,0.4483642578125,0.58282470703125,-0.5816650390625,0.347900390625,1.8548387096774193,56.20723362658847,1.0677419354838709,32.355816226783965
19.348716709995642,22.00892149229557,0.4483642578125,0.58282470703125,-0.5816650390625,0.347900390625,1.861290322580645,56.402737047898334,1.0935483870967742,33.137829912023456
19.368796649971046,22.00892149229557,0.4483642578125,0.58282470703125,-0.5816650390625,0.347900390625,1.8806451612903226,56.98924731182796,1.0935483870967742,33.137829912023456
19.388892046001274,21.997606113726647,0.4482421875,0.58270263671875,-0.58160400390625,0.34820556640625,1.8580645161290321,56.304985337243394,1.0838709677419354,32.84457478005865
19.40895227296278,21.997606113726647,0.4482421875,0.58270263671875,-0.58160400390625,0.34820556640625,1.8580645161290321,56.304985337243394,1.1096774193548387,33.62658846529814
19.429044276999775,22.004494443560674,0.4483642578125,0.5830078125,-0.58123779296875,0.34814453125,1.8483870967741933,56.01173020527859,1.1129032258064515,33.724340175953074
19.449110615998507,22.004494443560674,0.4483642578125,0.5830078125,-0.58123779296875,0.34814453125,1.8806451612903226,56.98924731182796,1.1193548387096772,33.91984359726295
19.469191707961727,22.004494443560674,0.4483642578125,0.5830078125,-0.58123779296875,0.34814453125,1.8548387096774193,56.20723362658847,1.0612903225806452,32.16031280547409
19.489269662997685,22.06854041972342,0.44854736328125,0.5838623046875,-0.58050537109375,0.34765625,1.8580645161290321,56.304985337243394,1.0419354838709676,31.57380254154447
19.50939030799782,22.06854041972342,0.44854736328125,0.5838623046875,-0.58050537109375,0.34765625,1.8580645161290321,56.304985337243394,1.0483870967741935,31.76930596285435
19.529442118946463,22.279922977483693,0.44775390625,0.58587646484375,-0.57977294921875,0.34661865234375,1.8387096774193548,55.71847507331379,1.0548387096774192,31.964809384164223
19.54950151394587,22.279922977483693,0.44775390625,0.58587646484375,-0.57977294921875,0.34661865234375,1.8161290322580643,55.034213098729225,0.996774193548387,30.205278592375368
19.56957994995173,22.279922977483693,0.44775390625,0.58587646484375,-0.57977294921875,0.34661865234375,1.7741935483870968,53.76344086021506,0.9838709677419355,29.814271749755623
19.58965681697009,22.79536373074292,0.44415283203125,0.589599609375,-0.5797119140625,0.3450927734375,1.7258064516129032,52.29716520039101,0.8677419354838709,26.295210166177906
19.60976619797293,22.79536373074292,0.44415283203125,0.589599609375,-0.5797119140625,0.3450927734375,1.6774193548387097,50.83088954056696,0.7870967741935483,23.851417399804493
19.629809303965885,23.59704790277621,0.43780517578125,0.59515380859375,-0.58001708984375,0.34320068359375,1.6516129032258065,50.048875855327466,0.7419354838709677,22.482893450635387
19.649892507994082,23.59704790277621,0.43780517578125,0.59515380859375,-0.58001708984375,0.34320068359375,1.6741935483870967,50.733137829912025,0.6290322580645161,19.06158357771261
19.669958334998228,24.716058980018758,0.42901611328125,0.60174560546875,-0.5814208984375,0.34027099609375,1.6903225806451612,51.2218963831867,0.5806451612903226,17.595307917888565
19.690026978962123,24.716058980018758,0.42901611328125,0.60174560546875,-0.5814208984375,0.34027099609375,1.6258064516129032,49.266862170087975,0.47096774193548385,14.271749755620725
19.71010688599199,24.716058980018758,0.42901611328125,0.60174560546875,-0.5814208984375,0.34027099609375,1.6419354838709677,49.75562072336266,0.4838709677419355,14.66275659824047
19.730214346956927,26.118524210816844,0.41888427734375,0.60882568359375,-0.58428955078125,0.33538818359375,1.6193548387096772,49.071358748778096,0.4419354838709677,13.391984359726294
19.750264909002,26.118524210816844,0.41888427734375,0.60882568359375,-0.58428955078125,0.33538818359375,1.6096774193548384,48.77810361681329,0.36129032258064514,10.948191593352883
19.770348177000415,27.902602605384338,0.406982421875,0.6180419921875,-0.58697509765625,0.32843017578125,1.5999999999999999,48.484848484848484,0.34193548387096767,10.361681329423263
19.79049106297316,27.902602605384338,0.406982421875,0.6180419921875,-0.58697509765625,0.32843017578125,1.5999999999999999,48.484848484848484,0.2161290322580645,6.549364613880742
19.81051621696679,27.902602605384338,0.406982421875,0.6180419921875,-0.58697509765625,0.32843017578125,1.5870967741935482,48.09384164222873,0.2064516129032258,6.256109481915933
19.83059874799801,29.953632422489015,0.39129638671875,0.6298828125,-0.58856201171875,0.3221435546875,1.564516129032258,47.40957966764419,0.17419354838709677,5.278592375366569
19.850687423953786,29.953632422489015,0.39129638671875,0.6298828125,-0.58856201171875,0.3221435546875,1.5709677419354837,47.60508308895405,0.2032258064516129,6.158357771260997
19.870788068976253,31.978119442357205,0.37396240234375,0.64251708984375,-0.588623046875,0.3175048828125,1.558064516129032,47.21407624633431,0.2225806451612903,6.744868035190615
19.89084275899222,31.978119442357205,0.37396240234375,0.64251708984375,-0.588623046875,0.3175048828125,1.5161290322580645,45.94330400782014,0.2161290322580645,6.549364613880742
19.910910378966946,31.978119442357205,0.37396240234375,0.64251708984375,-0.588623046875,0.3175048828125,1.4838709677419355,44.965786901270775,0.20967741935483872,6.35386119257087
19.931033903965726,33.77069696300744,0.3585205078125,0.65301513671875,-0.589111328125,0.31304931640625,1.4483870967741934,43.89051808406647,0.19999999999999998,6.0606060606060606
19.9510416489793,33.77069696300744,0.3585205078125,0.65301513671875,-0.589111328125,0.31304931640625,1.4516129032258065,43.98826979472141,0.0,0.0
19.971138644963503,35.60777897533556,0.3431396484375,0.66375732421875,-0.58892822265625,0.3079833984375,1.3903225806451613,42.13098729227762,0.0,0.0
19.99118687195005,35.60777897533556,0.3431396484375,0.66375732421875,-0.58892822265625,0.3079833984375,1.4096774193548387,42.717497556207235,0.0,0.0
20.01131404499756,35.60777897533556,0.3431396484375,0.66375732421875,-0.58892822265625,0.3079833984375,1.403225806451613,42.52199413489737,0.029032258064516127,0.879765395894428
20.031363360001706,37.26776124294558,0.32940673828125,0.67242431640625,-0.589599609375,0.30291748046875,1.3645161290322578,41.34897360703812,0.058064516129032254,1.759530791788856
20.051414113957435,37.26776124294558,0.32940673828125,0.67242431640625,-0.589599609375,0.30291748046875,1.3322580645161288,40.371456500488755,0.0,0.0
20.071487205976155,38.79558378970078,0.31634521484375,0.67901611328125,-0.59149169921875,0.29833984375,1.3258064516129031,40.17595307917888,0.0,0.0
20.09157117799623,38.79558378970078,0.31634521484375,0.67901611328125,-0.59149169921875,0.29833984375,1.3258064516129031,40.17595307917888,0.0,0.0
20.1116323969909,38.79558378970078,0.31634521484375,0.67901611328125,-0.59149169921875,0.29833984375,1.329032258064516,40.27370478983382,0.009677419354838708,0.29325513196480935
20.131797074980568,40.24521507613853,0.3038330078125,0.684814453125,-0.59356689453125,0.2939453125,1.3129032258064515,39.784946236559136,0.06774193548387096,2.0527859237536656
20.151809396978933,40.24521507613853,0.3038330078125,0.684814453125,-0.59356689453125,0.2939453125,1.329032258064516,40.27370478983382,0.0,0.0
20.1719027129584,41.49618286969462,0.2940673828125,0.68743896484375,-0.5977783203125,0.2890625,1.4129032258064516,42.81524926686217,0.0,0.0
20.1920106849866,41.49618286969462,0.2940673828125,0.68743896484375,-0.5977783203125,0.2890625,1.4516129032258065,43.98826979472141,0.06774193548387096,2.0527859237536656
20.21207449596841,41.49618286969462,0.2940673828125,0.68743896484375,-0.5977783203125,0.2890625,1.461290322580645,44.28152492668622,0.019354838709677417,0.5865102639296187
20.23211837100098,42.26069210376761,0.29022216796875,0.68072509765625,-0.60992431640625,0.2835693359375,1.4580645161290322,44.18377321603128,0.0,0.0
20.252204070973676,42.26069210376761,0.29022216796875,0.68072509765625,-0.60992431640625,0.2835693359375,1.4806451612903224,44.868035190615835,0.0,0.0
20.272257192991674,44.17277576965666,0.2781982421875,0.68157958984375,-0.6190185546875,0.27349853515625,1.464516129032258,44.37927663734115,0.0,0.0
20.292327084986027,44.17277576965666,0.2781982421875,0.68157958984375,-0.6190185546875,0.27349853515625,1.5096774193548386,45.74780058651026,0.0,0.0
20.312383823969867,44.17277576965666,0.2781982421875,0.68157958984375,-0.6190185546875,0.27349853515625,1.4580645161290322,44.18377321603128,0.0,0.0
20.332449906971306,45.78201524603034,0.26678466796875,0.68145751953125,-0.62744140625,0.26605224609375,1.4741935483870967,44.67253176930596,0.029032258064516127,0.879765395894428
20.3525515429792,45.78201524603034,0.26678466796875,0.68145751953125,-0.62744140625,0.26605224609375,1.4709677419354839,44.57478005865102,0.04193548387096774,1.270772238514174
20.372603865980636,47.4368819674348,0.253662109375,0.68402099609375,-0.63262939453125,0.25982666015625,1.496774193548387,45.35679374389051,0.19677419354838707,5.962854349951123
20.392691389948595,47.4368819674348,0.253662109375,0.68402099609375,-0.63262939453125,0.25982666015625,1.4580645161290322,44.18377321603128,0.16774193548387095,5.083088954056696
20.412745472975075,47.4368819674348,0.253662109375,0.68402099609375,-0.63262939453125,0.25982666015625,1.4806451612903224,44.868035190615835,0.0,0.0
20.43281318800291,49.034355541543896,0.24041748046875,0.6854248046875,-0.6385498046875,0.2542724609375,1.493548387096774,45.25904203323558,0.0032258064516129032,0.09775171065493646
20.452947560988832,49.034355541543896,0.24041748046875,0.6854248046875,-0.6385498046875,0.2542724609375,1.4838709677419355,44.965786901270775,0.16774193548387095,5.083088954056696
20.47296461899532,50.928088028046425,0.22515869140625,0.68927001953125,-0.64276123046875,0.24725341796875,1.467741935483871,44.4770283479961,0.1774193548387097,5.376344086021506
20.493059246975463,50.928088028046425,0.22515869140625,0.68927001953125,-0.64276123046875,0.24725341796875,1.4419354838709677,43.6950146627566,0.2225806451612903,6.744868035190615
20.513200372981373,50.928088028046425,0.22515869140625,0.68927001953125,-0.64276123046875,0.24725341796875,1.432258064516129,43.401759530791786,0.23225806451612901,7.038123167155424
20.53327995998552,52.636234711984144,0.2108154296875,0.6917724609375,-0.64703369140625,0.241455078125,1.4161290322580644,42.91300097751711,0.20967741935483872,6.35386119257087
20.553359835990705,52.636234711984144,0.2108154296875,0.6917724609375,-0.64703369140625,0.241455078125,1.4387096774193548,43.59726295210166,0.2225806451612903,6.744868035190615
20.573433566954918,54.15381173942601,0.19744873046875,0.69354248046875,-0.651123046875,0.23681640625,1.4387096774193548,43.59726295210166,0.2225806451612903,6.744868035190615
20.593480929965153,54.15381173942601,0.19744873046875,0.69354248046875,-0.651123046875,0.23681640625,1.4387096774193548,43.59726295210166,0.16774193548387095,5.083088954056696
20.613560260972008,54.15381173942601,0.19744873046875,0.69354248046875,-0.651123046875,0.23681640625,1.4419354838709677,43.6950146627566,0.14838709677419354,4.496578690127078
20.633667177986354,55.58100559435611,0.1839599609375,0.69512939453125,-0.65460205078125,0.23333740234375,1.4580645161290322,44.18377321603128,0.09032258064516129,2.7370478983382207
20.653730604972225,55.58100559435611,0.1839599609375,0.69512939453125,-0.65460205078125,0.23333740234375,1.432258064516129,43.401759530791786,0.04193548387096774,1.270772238514174
20.673780271958094,56.750712360104444,0.17205810546875,0.69598388671875,-0.6575927734375,0.2313232421875,1.4580645161290322,44.18377321603128,0.11290322580645161,3.4213098729227767
20.693862386979163,56.750712360104444,0.17205810546875,0.69598388671875,-0.6575927734375,0.2313232421875,1.4548387096774194,44.086021505376344,0.12580645161290321,3.812316715542522
20.713909781945404,56.750712360104444,0.17205810546875,0.69598388671875,-0.6575927734375,0.2313232421875,1.4580645161290322,44.18377321603128,0.14838709677419354,4.496578690127078
20.73397554497933,57.927367656112146,0.15997314453125,0.69769287109375,-0.6595458984375,0.22930908203125,1.4451612903225806,43.79276637341153,0.14193548387096774,4.301075268817205
20.754045820969623,57.927367656112146,0.15997314453125,0.69769287109375,-0.6595458984375,0.22930908203125,1.464516129032258,44.37927663734115,0.16451612903225804,4.9853372434017595
20.774116415996104,59.04923367120439,0.14849853515625,0.6982421875,-0.662353515625,0.2274169921875,1.4483870967741934,43.89051808406647,0.11935483870967742,3.6168132942326494
20.794172547000926,59.04923367120439,0.14849853515625,0.6982421875,-0.662353515625,0.2274169921875,1.4516129032258065,43.98826979472141,0.264516129032258,8.015640273704788
20.81427863094723,59.04923367120439,0.14849853515625,0.6982421875,-0.662353515625,0.2274169921875,1.4548387096774194,44.086021505376344,0.23225806451612901,7.038123167155424
20.8343493869761,60.27364649841705,0.1363525390625,0.69903564453125,-0.6649169921875,0.2249755859375,1.4741935483870967,44.67253176930596,0.22580645161290322,6.842619745845553
20.85440730996197,60.27364649841705,0.1363525390625,0.69903564453125,-0.6649169921875,0.2249755859375,1.461290322580645,44.28152492668622,0.24838709677419354,7.526881720430108
20.874467536981683,61.28265181790115,0.12530517578125,0.6993408203125,-0.6671142578125,0.2239990234375,1.4709677419354839,44.57478005865102,0.26774193548387093,8.113391984359726
20.894551092002075,61.28265181790115,0.12530517578125,0.6993408203125,-0.6671142578125,0.2239990234375,1.4741935483870967,44.67253176930596,0.23225806451612901,7.038123167155424
20.914628663973417,61.28265181790115,0.12530517578125,0.6993408203125,-0.6671142578125,0.2239990234375,1.4548387096774194,44.086021505376344,0.27419354838709675,8.308895405669599
20.934668985952158,62.31084251112234,0.1151123046875,0.699462890625,-0.66949462890625,0.22198486328125,1.4903225806451612,45.16129032258064,0.27419354838709675,8.308895405669599
20.95478742296109,62.31084251112234,0.1151123046875,0.699462890625,-0.66949462890625,0.22198486328125,1.4903225806451612,45.16129032258064,0.25806451612903225,7.820136852394917
20.974829057988245,63.30912593061353,0.105712890625,0.699462890625,-0.671875,0.21954345703125,1.4709677419354839,44.57478005865102,0.24838709677419354,7.526881720430108
20.994885412976146,63.30912593061353,0.105712890625,0.699462890625,-0.671875,0.21954345703125,1.4903225806451612,45.16129032258064,0.22580645161290322,6.842619745845553
21.014986216963734,63.30912593061353,0.105712890625,0.699462890625,-0.671875,0.21954345703125,1.4838709677419355,44.965786901270775,0.27741935483870966,8.406647116324535
21.03503773995908,64.17975787195746,0.09832763671875,0.6990966796875,-0.67425537109375,0.2166748046875,1.4903225806451612,45.16129032258064,0.2806451612903225,8.50439882697947
21.055099374963902,64.17975787195746,0.09832763671875,0.6990966796875,-0.67425537109375,0.2166748046875,1.5064516129032257,45.650048875855326,0.2935483870967742,8.895405669599219
21.075155825994443,64.946938259617,0.09234619140625,0.69970703125,-0.675537109375,0.21343994140625,1.5064516129032257,45.650048875855326,0.2838709677419355,8.60215053763441
21.095220884948503,64.946938259617,0.09234619140625,0.69970703125,-0.675537109375,0.21343994140625,1.4903225806451612,45.16129032258064,0.3,9.090909090909092
21.115282615995966,64.946938259617,0.09234619140625,0.69970703125,-0.675537109375,0.21343994140625,1.493548387096774,45.25904203323558,0.3193548387096774,9.67741935483871
21.135443037957884,65.4818044830904,0.08782958984375,0.70098876953125,-0.67547607421875,0.21136474609375,1.467741935483871,44.4770283479961,0.32580645161290317,9.872922776148581
21.155551170988474,65.4818044830904,0.08782958984375,0.70098876953125,-0.67547607421875,0.21136474609375,1.4838709677419355,44.965786901270775,0.3225806451612903,9.775171065493646
21.175630565965548,65.80708849385616,0.0849609375,0.7021484375,-0.675048828125,0.21014404296875,1.493548387096774,45.25904203323558,0.34193548387096767,10.361681329423263
21.195681480981875,65.80708849385616,0.0849609375,0.7021484375,-0.675048828125,0.21014404296875,1.493548387096774,45.25904203323558,0.34193548387096767,10.361681329423263
21.215815597970504,65.80708849385616,0.0849609375,0.7021484375,-0.675048828125,0.21014404296875,1.4838709677419355,44.965786901270775,0.34838709677419355,10.557184750733137
21.235864880960435,66.04589430008416,0.0830078125,0.70233154296875,-0.67529296875,0.209228515625,1.4838709677419355,44.965786901270775,0.35161290322580646,10.654936461388074
21.255897074996028,66.04589430008416,0.0830078125,0.70233154296875,-0.67529296875,0.209228515625,1.5,45.45454545454546,0.30967741935483867,9.384164222873899
21.275955925986636,66.23060661349571,0.08197021484375,0.70166015625,-0.67645263671875,0.20819091796875,1.4838709677419355,44.965786901270775,0.3225806451612903,9.775171065493646
21.296123835956678,66.23060661349571,0.08197021484375,0.70166015625,-0.67645263671875,0.20819091796875,1.4774193548387096,44.770283479960895,0.3354838709677419,10.166177908113392
21.316168542951345,66.23060661349571,0.08197021484375,0.70166015625,-0.67645263671875,0.20819091796875,1.4709677419354839,44.57478005865102,0.2935483870967742,8.895405669599219
21.33625347499037,66.2532533028197,0.08221435546875,0.701171875,-0.6771240234375,0.207763671875,1.4870967741935484,45.06353861192571,0.3032258064516129,9.188660801564028
21.356339622987434,66.2532533028197,0.08221435546875,0.701171875,-0.6771240234375,0.207763671875,1.4903225806451612,45.16129032258064,0.3032258064516129,9.188660801564028
21.37642548198346,66.15109157894742,0.083251953125,0.701171875,-0.67694091796875,0.20794677734375,1.4709677419354839,44.57478005865102,0.2806451612903225,8.50439882697947
21.396536302985623,66.15109157894742,0.083251953125,0.701171875,-0.67694091796875,0.20794677734375,1.4709677419354839,44.57478005865102,0.2806451612903225,8.50439882697947
21.416578512988053,66.15109157894742,0.083251953125,0.701171875,-0.67694091796875,0.20794677734375,1.4870967741935484,45.06353861192571,0.2806451612903225,8.50439882697947
21.43669141398277,66.04775622442871,0.08453369140625,0.7012939453125,-0.6766357421875,0.2078857421875,1.493548387096774,45.25904203323558,0.27741935483870966,8.406647116324535
21.45677516196156,66.04775622442871,0.08453369140625,0.7012939453125,-0.6766357421875,0.2078857421875,1.4806451612903224,44.868035190615835,0.27419354838709675,8.308895405669599
21.476881661976222,65.95204432444577,0.08563232421875,0.70123291015625,-0.676513671875,0.20794677734375,1.4838709677419355,44.965786901270775,0.2838709677419355,8.60215053763441
21.496955617971253,65.95204432444577,0.08563232421875,0.70123291015625,-0.676513671875,0.20794677734375,1.4903225806451612,45.16129032258064,0.264516129032258,8.015640273704788
21.51699184399331,65.95204432444577,0.08563232421875,0.70123291015625,-0.676513671875,0.20794677734375,1.4903225806451612,45.16129032258064,0.264516129032258,8.015640273704788
21.537084583949763,65.86935014096896,0.08648681640625,0.700927734375,-0.67669677734375,0.2081298828125,1.467741935483871,44.4770283479961,0.2806451612903225,8.50439882697947
21.557135530980304,65.86935014096896,0.08648681640625,0.700927734375,-0.67669677734375,0.2081298828125,1.493548387096774,45.25904203323558,0.27741935483870966,8.406647116324535
21.577194573997986,65.82800172064334,0.08697509765625,0.70025634765625,-0.67730712890625,0.208251953125,1.5,45.45454545454546,0.2806451612903225,8.50439882697947
21.59725748898927,65.82800172064334,0.08697509765625,0.70025634765625,-0.67730712890625,0.208251953125,1.5032258064516129,45.552297165200386,0.2870967741935484,8.699902248289346
21.61744101595832,65.82800172064334,0.08697509765625,0.70025634765625,-0.67730712890625,0.208251953125,1.467741935483871,44.4770283479961,0.2903225806451613,8.797653958944283
21.637439288955647,65.82498598380513,0.0869140625,0.70013427734375,-0.6773681640625,0.2083740234375,1.4838709677419355,44.965786901270775,0.2129032258064516,6.451612903225806
21.657528924988583,65.82498598380513,0.0869140625,0.70013427734375,-0.6773681640625,0.2083740234375,1.4709677419354839,44.57478005865102,0.27419354838709675,8.308895405669599
21.67756892699981,65.8053475591761,0.0869140625,0.69970703125,-0.677734375,0.20867919921875,1.493548387096774,45.25904203323558,0.20967741935483872,6.35386119257087
21.697641634964384,65.8053475591761,0.0869140625,0.69970703125,-0.677734375,0.20867919921875,1.4709677419354839,44.57478005865102,0.2161290322580645,6.549364613880742
21.71772090200102,65.8053475591761,0.0869140625,0.69970703125,-0.677734375,0.20867919921875,1.4806451612903224,44.868035190615835,0.19032258064516128,5.7673509286412505
21.73775981698418,65.76733450000727,0.08685302734375,0.69915771484375,-0.6781005859375,0.20928955078125,1.4709677419354839,44.57478005865102,0.1774193548387097,5.376344086021506
21.757822539948393,65.76733450000727,0.08685302734375,0.69915771484375,-0.6781005859375,0.20928955078125,1.4419354838709677,43.6950146627566,0.14193548387096774,4.301075268817205
21.777946384972893,65.72136225666972,0.08685302734375,0.69879150390625,-0.67828369140625,0.20989990234375,1.4709677419354839,44.57478005865102,0.11612903225806451,3.519061583577712
21.79799713898683,65.72136225666972,0.08685302734375,0.69879150390625,-0.67828369140625,0.20989990234375,1.4709677419354839,44.57478005865102,0.11290322580645161,3.4213098729227767
21.818113175977487,65.72136225666972,0.08685302734375,0.69879150390625,-0.67828369140625,0.20989990234375,1.4838709677419355,44.965786901270775,0.11612903225806451,3.519061583577712
21.838163802982308,65.67948229725546,0.08697509765625,0.698486328125,-0.678466796875,0.2103271484375,1.4838709677419355,44.965786901270775,0.19032258064516128,5.7673509286412505
21.85829622397432,65.67948229725546,0.08697509765625,0.698486328125,-0.678466796875,0.2103271484375,1.4903225806451612,45.16129032258064,0.19032258064516128,5.7673509286412505
21.87840502895415,65.65670560427431,0.0869140625,0.69830322265625,-0.67852783203125,0.210693359375,1.4774193548387096,44.770283479960895,0.19032258064516128,5.7673509286412505
21.898505512974225,65.65670560427431,0.0869140625,0.69830322265625,-0.67852783203125,0.210693359375,1.493548387096774,45.25904203323558,0.18709677419354837,5.669599217986314
21.918580875964835,65.65670560427431,0.0869140625,0.69830322265625,-0.67852783203125,0.210693359375,1.493548387096774,45.25904203323558,0.18387096774193548,5.571847507331378
21.93863924697507,65.65060173300255,0.08673095703125,0.6983642578125,-0.67840576171875,0.2109375,1.5064516129032257,45.650048875855326,0.18387096774193548,5.571847507331378
21.958717298984993,65.65060173300255,0.08673095703125,0.6983642578125,-0.67840576171875,0.2109375,1.4806451612903224,44.868035190615835,0.18709677419354837,5.669599217986314
21.978855383989867,65.67433147604936,0.0863037109375,0.69879150390625,-0.67803955078125,0.21099853515625,1.4548387096774194,44.086021505376344,0.19677419354838707,5.962854349951123
21.99889212299604,65.67433147604936,0.0863037109375,0.69879150390625,-0.67803955078125,0.21099853515625,1.4838709677419355,44.965786901270775,0.1935483870967742,5.865102639296188
22.01897500595078,65.67433147604936,0.0863037109375,0.69879150390625,-0.67803955078125,0.21099853515625,1.5,45.45454545454546,0.18709677419354837,5.669599217986314
22.03906521794852,65.69322944461568,0.0860595703125,0.69891357421875,-0.67791748046875,0.21099853515625,1.4870967741935484,45.06353861192571,0.1935483870967742,5.865102639296188
22.059150597953703,65.69322944461568,0.0860595703125,0.69891357421875,-0.67791748046875,0.21099853515625,1.4838709677419355,44.965786901270775,0.1935483870967742,5.865102639296188
22.079269098991062,65.71660324887748,0.085693359375,0.69873046875,-0.6781005859375,0.21112060546875,1.4838709677419355,44.965786901270775,0.18709677419354837,5.669599217986314
22.0993244619458,65.71660324887748,0.085693359375,0.69873046875,-0.6781005859375,0.21112060546875,1.4870967741935484,45.06353861192571,0.18064516129032257,5.474095796676441
22.119419441965874,65.71660324887748,0.085693359375,0.69873046875,-0.6781005859375,0.21112060546875,1.5,45.45454545454546,0.1774193548387097,5.376344086021506
22.139456019969657,65.71821520594952,0.0855712890625,0.6986083984375,-0.67822265625,0.21124267578125,1.464516129032258,44.37927663734115,0.14838709677419354,4.496578690127078
22.159519670996815,65.71821520594952,0.0855712890625,0.6986083984375,-0.67822265625,0.21124267578125,1.4709677419354839,44.57478005865102,0.132258064516129,4.007820136852394
22.179654044972267,65.69705347901152,0.08563232421875,0.69830322265625,-0.678466796875,0.21148681640625,1.4580645161290322,44.18377321603128,0.11935483870967742,3.6168132942326494
22.199739839998074,65.69705347901152,0.08563232421875,0.69830322265625,-0.678466796875,0.21148681640625,1.4741935483870967,44.67253176930596,0.1096774193548387,3.3235581622678394
22.219779554987326,65.69705347901152,0.08563232421875,0.69830322265625,-0.678466796875,0.21148681640625,1.493548387096774,45.25904203323558,0.1032258064516129,3.1280547409579667
22.23986419895664,65.67396840435669,0.085693359375,0.6981201171875,-0.6785888671875,0.21173095703125,1.4548387096774194,44.086021505376344,0.07096774193548387,2.1505376344086025
22.259928073966876,65.67396840435669,0.085693359375,0.6981201171875,-0.6785888671875,0.21173095703125,1.4419354838709677,43.6950146627566,0.07096774193548387,2.1505376344086025
22.27997479599435,65.70521593611781,0.0853271484375,0.6981201171875,-0.6785888671875,0.21173095703125,1.493548387096774,45.25904203323558,0.07096774193548387,2.1505376344086025
22.300032686966006,65.70521593611781,0.0853271484375,0.6981201171875,-0.6785888671875,0.21173095703125,1.5,45.45454545454546,0.06129032258064516,1.857282502443793
22.320089489978272,65.70521593611781,0.0853271484375,0.6981201171875,-0.6785888671875,0.21173095703125,1.493548387096774,45.25904203323558,0.05161290322580645,1.5640273704789833
22.34015374898445,65.93240528802582,0.08343505859375,0.6983642578125,-0.6788330078125,0.21087646484375,1.4903225806451612,45.16129032258064,0.0,0.0
22.360226072953083,65.93240528802582,0.08343505859375,0.6983642578125,-0.6788330078125,0.21087646484375,1.4870967741935484,45.06353861192571,0.0032258064516129032,0.09775171065493646
22.380380190967117,66.70313204733465,0.07855224609375,0.6995849609375,-0.6795654296875,0.20635986328125,1.5193548387096774,46.04105571847507,0.0,0.0
22.40065127197886,66.70313204733465,0.07855224609375,0.6995849609375,-0.6795654296875,0.20635986328125,1.5096774193548386,45.74780058651026,0.0,0.0
22.420689034974203,66.70313204733465,0.07855224609375,0.6995849609375,-0.6795654296875,0.20635986328125,1.496774193548387,45.35679374389051,0.0,0.0
22.440740396967158,67.84503054454237,0.0712890625,0.70050048828125,-0.681396484375,0.1998291015625,1.5,45.45454545454546,0.0,0.0
22.46084068994969,67.84503054454237,0.0712890625,0.70050048828125,-0.681396484375,0.1998291015625,1.5064516129032257,45.650048875855326,0.0,0.0
22.480950965953525,69.22132155828459,0.06256103515625,0.70123291015625,-0.6837158203125,0.19195556640625,1.5032258064516129,45.552297165200386,0.0,0.0
22.501025785983074,69.22132155828459,0.06256103515625,0.70123291015625,-0.6837158203125,0.19195556640625,1.5032258064516129,45.552297165200386,0.0,0.0
22.521092668990605,69.22132155828459,0.06256103515625,0.70123291015625,-0.6837158203125,0.19195556640625,1.496774193548387,45.35679374389051,0.0,0.0
22.541181856999174,70.75153526137171,0.0523681640625,0.703125,-0.68499755859375,0.18341064453125,1.4806451612903224,44.868035190615835,0.18064516129032257,5.474095796676441
22.56126598798437,70.75153526137171,0.0523681640625,0.703125,-0.68499755859375,0.18341064453125,1.4838709677419355,44.965786901270775,0.18709677419354837,5.669599217986314
22.58138362498721,72.33459291634816,0.04180908203125,0.704833984375,-0.686279296875,0.174560546875,1.4741935483870967,44.67253176930596,0.2129032258064516,6.451612903225806
22.601458316959906,72.33459291634816,0.04180908203125,0.704833984375,-0.686279296875,0.174560546875,1.493548387096774,45.25904203323558,0.24516129032258063,7.429130009775172
22.621515375969466,72.33459291634816,0.04180908203125,0.704833984375,-0.686279296875,0.174560546875,1.4709677419354839,44.57478005865102,0.25806451612903225,7.820136852394917
22.641606611956377,74.07529270684334,0.03076171875,0.70611572265625,-0.6881103515625,0.164306640625,1.4806451612903224,44.868035190615835,0.264516129032258,8.015640273704788
22.661685430968646,74.07529270684334,0.03076171875,0.70611572265625,-0.6881103515625,0.164306640625,1.4548387096774194,44.086021505376344,0.27741935483870966,8.406647116324535
22.68180428398773,75.803097336981,0.0194091796875,0.7071533203125,-0.689697265625,0.15447998046875,1.4451612903225806,43.79276637341153,0.27419354838709675,8.308895405669599
22.701880159962457,75.803097336981,0.0194091796875,0.7071533203125,-0.689697265625,0.15447998046875,1.4838709677419355,44.965786901270775,0.27741935483870966,8.406647116324535
22.721955810964573,75.803097336981,0.0194091796875,0.7071533203125,-0.689697265625,0.15447998046875,1.467741935483871,44.4770283479961,0.2967741935483871,8.993157380254155
22.74206179898465,77.55053837093911,0.00762939453125,0.708740234375,-0.6904296875,0.1446533203125,1.493548387096774,45.25904203323558,0.3193548387096774,9.67741935483871
22.762069928983692,77.55053837093911,0.00762939453125,0.708740234375,-0.6904296875,0.1446533203125,1.5,45.45454545454546,0.332258064516129,10.068426197458455
22.78217914898414,79.2611747251861,-0.0037841796875,0.7100830078125,-0.69110107421875,0.1348876953125,1.5193548387096774,46.04105571847507,0.332258064516129,10.068426197458455
22.80222481599776,79.2611747251861,-0.0037841796875,0.7100830078125,-0.69110107421875,0.1348876953125,1.5,45.45454545454546,0.3354838709677419,10.166177908113392
22.82227864296874,79.2611747251861,-0.0037841796875,0.7100830078125,-0.69110107421875,0.1348876953125,1.4903225806451612,45.16129032258064,0.3387096774193548,10.263929618768328
22.842328053957317,80.94708542339505,-0.01519775390625,0.71136474609375,-0.69140625,0.1253662109375,1.525806451612903,46.236559139784944,0.332258064516129,10.068426197458455
22.86240303295199,80.94708542339505,-0.01519775390625,0.71136474609375,-0.69140625,0.1253662109375,1.5064516129032257,45.650048875855326,0.3354838709677419,10.166177908113392
22.88246578798862,82.5888856495869,-0.02642822265625,0.71197509765625,-0.6920166015625,0.11627197265625,1.558064516129032,47.21407624633431,0.3225806451612903,9.775171065493646
22.902530622959603,82.5888856495869,-0.02642822265625,0.71197509765625,-0.6920166015625,0.11627197265625,1.5419354838709676,46.72531769305962,0.332258064516129,10.068426197458455
22.922705861972645,82.5888856495869,-0.02642822265625,0.71197509765625,-0.6920166015625,0.11627197265625,1.5709677419354837,47.60508308895405,0.3354838709677419,10.166177908113392
22.942789769964293,84.19698980352636,-0.03729248046875,0.7122802734375,-0.692626953125,0.10723876953125,1.558064516129032,47.21407624633431,0.3290322580645161,9.970674486803519
22.962837675993796,84.19698980352636,-0.03729248046875,0.7122802734375,-0.692626953125,0.10723876953125,1.5516129032258064,47.018572825024435,0.332258064516129,10.068426197458455
22.982921679969877,85.69466739660751,-0.04754638671875,0.7127685546875,-0.69281005859375,0.098876953125,1.529032258064516,46.33431085043988,0.3354838709677419,10.166177908113392
23.00299368298147,85.69466739660751,-0.04754638671875,0.7127685546875,-0.69281005859375,0.098876953125,1.558064516129032,47.21407624633431,0.3387096774193548,10.263929618768328
23.02302702999441,85.69466739660751,-0.04754638671875,0.7127685546875,-0.69281005859375,0.098876953125,1.5709677419354837,47.60508308895405,0.34516129032258064,10.459433040078201
23.0430910649593,87.01161998732198,-0.0567626953125,0.71319580078125,-0.692626953125,0.0916748046875,1.5741935483870966,47.702834799608986,0.3354838709677419,10.166177908113392
23.06315820396412,87.01161998732198,-0.0567626953125,0.71319580078125,-0.692626953125,0.0916748046875,1.596774193548387,48.38709677419355,0.35161290322580646,10.654936461388074
23.08322726294864,88.36629279144368,-0.06585693359375,0.71337890625,-0.692626953125,0.08392333984375,1.5677419354838709,47.507331378299114,0.35806451612903223,10.850439882697946
23.10336870898027,88.36629279144368,-0.06585693359375,0.71337890625,-0.692626953125,0.08392333984375,1.5451612903225804,46.82306940371456,0.36129032258064514,10.948191593352883
23.123416902963072,88.36629279144368,-0.06585693359375,0.71337890625,-0.692626953125,0.08392333984375,1.5483870967741935,46.9208211143695,0.35806451612903223,10.850439882697946
23.143506954947952,89.61541648074405,-0.07440185546875,0.71295166015625,-0.6929931640625,0.0770263671875,1.5451612903225804,46.82306940371456,0.36774193548387096,11.143695014662756
23.163579502957873,89.61541648074405,-0.07440185546875,0.71295166015625,-0.6929931640625,0.0770263671875,1.62258064516129,49.169110459433035,0.47419354838709676,14.369501466275661
23.18369256297592,90.87752877333209,-0.08282470703125,0.71282958984375,-0.69287109375,0.06976318359375,1.5838709677419354,47.9960899315738,0.5,15.151515151515152
23.203813751984853,90.87752877333209,-0.08282470703125,0.71282958984375,-0.69287109375,0.06976318359375,1.5709677419354837,47.60508308895405,0.5096774193548387,15.444770283479961
23.223877659998834,90.87752877333209,-0.08282470703125,0.71282958984375,-0.69287109375,0.06976318359375,1.5709677419354837,47.60508308895405,0.4387096774193548,13.294232649071358
23.2439485109644,92.03898012884571,-0.09039306640625,0.71258544921875,-0.69287109375,0.06292724609375,1.6161290322580644,48.97360703812317,0.4806451612903226,14.565004887585534
23.264077731990255,92.03898012884571,-0.09039306640625,0.71258544921875,-0.69287109375,0.06292724609375,1.6741935483870967,50.733137829912025,0.5387096774193548,16.32453567937439
23.284125126956496,93.02493256826497,-0.0968017578125,0.7125244140625,-0.692626953125,0.05706787109375,1.6741935483870967,50.733137829912025,0.5645161290322581,17.106549364613883
23.304164744971786,93.02493256826497,-0.0968017578125,0.7125244140625,-0.692626953125,0.05706787109375,1.7451612903225806,52.883675464320625,0.6064516129032258,18.377321603128056
23.32421924395021,93.02493256826497,-0.0968017578125,0.7125244140625,-0.692626953125,0.05706787109375,1.7225806451612902,52.19941348973607,0.6258064516129032,18.963831867057674
23.344286158971954,93.91797157552398,-0.10223388671875,0.71246337890625,-0.69232177734375,0.0513916015625,1.6870967741935483,51.12414467253177,0.6290322580645161,19.06158357771261
23.364350001967978,93.91797157552398,-0.10223388671875,0.71246337890625,-0.69232177734375,0.0513916015625,1.6935483870967742,51.31964809384164,0.664516129032258,20.13685239491691
23.384425429976545,94.78558356204688,-0.1072998046875,0.71221923828125,-0.69219970703125,0.04571533203125,1.696774193548387,51.417399804496576,0.6483870967741935,19.64809384164223
23.404500568984076,94.78558356204688,-0.1072998046875,0.71221923828125,-0.69219970703125,0.04571533203125,1.6935483870967742,51.31964809384164,0.6290322580645161,19.06158357771261
23.424571932991967,94.78558356204688,-0.1072998046875,0.71221923828125,-0.69219970703125,0.04571533203125,1.7,51.515151515151516,0.6387096774193548,19.35483870967742
23.44472675496945,95.61906767072868,-0.112060546875,0.711669921875,-0.69232177734375,0.04022216796875,1.6806451612903226,50.9286412512219,0.664516129032258,20.13685239491691
23.46475251595257,95.61906767072868,-0.112060546875,0.711669921875,-0.69232177734375,0.04022216796875,1.6903225806451612,51.2218963831867,0.6709677419354838,20.332355816226784
23.48480778298108,96.33045968566933,-0.1160888671875,0.71112060546875,-0.6925048828125,0.0355224609375,1.7,51.515151515151516,0.6709677419354838,20.332355816226784
23.50487018597778,96.33045968566933,-0.1160888671875,0.71112060546875,-0.6925048828125,0.0355224609375,1.7258064516129032,52.29716520039101,0.6806451612903225,20.625610948191593
23.524948941951152,96.33045968566933,-0.1160888671875,0.71112060546875,-0.6925048828125,0.0355224609375,1.7193548387096773,52.101661779081134,0.6806451612903225,20.625610948191593
23.54504276998341,96.96690709566484,-0.1195068359375,0.71124267578125,-0.6920166015625,0.031005859375,1.7451612903225806,52.883675464320625,0.6516129032258063,19.745845552297162
23.56514664599672,96.96690709566484,-0.1195068359375,0.71124267578125,-0.6920166015625,0.031005859375,1.761290322580645,53.3724340175953,0.6451612903225806,19.550342130987293
23.585181144997478,97.41104030734171,-0.12164306640625,0.711181640625,-0.69183349609375,0.02764892578125,1.764516129032258,53.47018572825024,0.6451612903225806,19.550342130987293
23.60524041199824,97.41104030734171,-0.12164306640625,0.711181640625,-0.69183349609375,0.02764892578125,1.7258064516129032,52.29716520039101,0.6451612903225806,19.550342130987293
23.625368544948287,97.41104030734171,-0.12164306640625,0.711181640625,-0.69183349609375,0.02764892578125,1.7548387096774192,53.17693059628543,0.6483870967741935,19.64809384164223
23.64546067698393,97.67961796103083,-0.12286376953125,0.7110595703125,-0.69183349609375,0.02557373046875,1.7677419354838708,53.567937438905176,0.6451612903225806,19.550342130987293
23.665476742957253,97.67961796103083,-0.12286376953125,0.7110595703125,-0.69183349609375,0.02557373046875,1.7741935483870968,53.76344086021506,0.6677419354838708,20.234604105571844
23.68553543399321,97.76779182537379,-0.12298583984375,0.71087646484375,-0.6920166015625,0.024658203125,1.8225806451612903,55.229716520039105,0.6580645161290322,19.941348973607038
23.705617132945918,97.76779182537379,-0.12298583984375,0.71087646484375,-0.6920166015625,0.024658203125,1.764516129032258,53.47018572825024,0.6741935483870967,20.43010752688172
23.725733073952142,97.76779182537379,-0.12298583984375,0.71087646484375,-0.6920166015625,0.024658203125,1.729032258064516,52.39491691104594,0.6709677419354838,20.332355816226784
23.74577416398097,97.76436364370086,-0.12274169921875,0.7103271484375,-0.69268798828125,0.02459716796875,1.7258064516129032,52.29716520039101,0.6677419354838708,20.234604105571844
23.76592834596522,97.76436364370086,-0.12274169921875,0.7103271484375,-0.69268798828125,0.02459716796875,1.732258064516129,52.49266862170088,0.7419354838709677,22.482893450635387
23.785938459972385,97.73435262890868,-0.12237548828125,0.70953369140625,-0.69354248046875,0.0247802734375,1.732258064516129,52.49266862170088,0.7161290322580645,21.700879765395893
23.80599571095081,97.73435262890868,-0.12237548828125,0.70953369140625,-0.69354248046875,0.0247802734375,1.7,51.515151515151516,0.6806451612903225,20.625610948191593
23.82606195396511,97.73435262890868,-0.12237548828125,0.70953369140625,-0.69354248046875,0.0247802734375,1.7483870967741935,52.98142717497556,0.6935483870967742,21.016617790811342
23.846151206002105,97.63652314321591,-0.12158203125,0.70928955078125,-0.69390869140625,0.0252685546875,1.7387096774193547,52.68817204301075,0.6838709677419353,20.723362658846526
23.866268330952153,97.63652314321591,-0.12158203125,0.70928955078125,-0.69390869140625,0.0252685546875,1.7354838709677418,52.59042033235581,0.7,21.21212121212121
23.886327565996908,97.48838079725532,-0.1202392578125,0.70916748046875,-0.6942138671875,0.02581787109375,1.729032258064516,52.39491691104594,0.7,21.21212121212121
23.906403089000378,97.48838079725532,-0.1202392578125,0.70916748046875,-0.6942138671875,0.02581787109375,1.7258064516129032,52.29716520039101,0.7225806451612903,21.896383186705766
23.92650296498323,97.48838079725532,-0.1202392578125,0.70916748046875,-0.6942138671875,0.02581787109375,1.7451612903225806,52.883675464320625,0.7225806451612903,21.896383186705766
23.946539511962328,97.35993331769818,-0.119140625,0.708740234375,-0.69482421875,0.02642822265625,1.7548387096774192,53.17693059628543,0.7387096774193548,22.385141739980448
23.966678652970586,97.35993331769818,-0.119140625,0.708740234375,-0.69482421875,0.02642822265625,1.7548387096774192,53.17693059628543,0.7387096774193548,22.385141739980448
23.98672246397473,97.26407325137664,-0.11834716796875,0.7083740234375,-0.6953125,0.02691650390625,1.7483870967741935,52.98142717497556,0.7419354838709677,22.482893450635387
24.006802050978877,97.26407325137664,-0.11834716796875,0.7083740234375,-0.6953125,0.02691650390625,1.7451612903225806,52.883675464320625,0.7225806451612903,21.896383186705766
24.02686778199859,97.26407325137664,-0.11834716796875,0.7083740234375,-0.6953125,0.02691650390625,1.7064516129032257,51.71065493646139,0.7419354838709677,22.482893450635387
24.046973258955404,97.18602135188087,-0.11761474609375,0.7081298828125,-0.6956787109375,0.0272216796875,1.7064516129032257,51.71065493646139,0.7419354838709677,22.482893450635387
24.06704593397444,97.18602135188087,-0.11761474609375,0.7081298828125,-0.6956787109375,0.0272216796875,1.7,51.515151515151516,0.7419354838709677,22.482893450635387
24.087122673983686,97.10082708162419,-0.116943359375,0.7080078125,-0.6959228515625,0.02764892578125,1.7096774193548387,51.80840664711632,0.7387096774193548,22.385141739980448
24.107166451984085,97.10082708162419,-0.116943359375,0.7080078125,-0.6959228515625,0.02764892578125,1.7193548387096773,52.101661779081134,0.7516129032258064,22.776148582600193
24.12727359298151,97.10082708162419,-0.116943359375,0.7080078125,-0.6959228515625,0.02764892578125,1.7032258064516128,51.61290322580645,0.7516129032258064,22.776148582600193
24.147388284967747,96.98886658847158,-0.11627197265625,0.7073974609375,-0.6966552734375,0.02850341796875,1.7161290322580645,52.003910068426194,0.7387096774193548,22.385141739980448
24.167414398980327,96.98886658847158,-0.11627197265625,0.7073974609375,-0.6966552734375,0.02850341796875,1.6612903225806452,50.34213098729228,0.7290322580645161,22.09188660801564
24.187520067964215,96.92757008935948,-0.11602783203125,0.7069091796875,-0.6971435546875,0.02911376953125,1.6935483870967742,51.31964809384164,0.7225806451612903,21.896383186705766
24.207570278958883,96.92757008935948,-0.11602783203125,0.7069091796875,-0.6971435546875,0.02911376953125,1.6709677419354838,50.635386119257085,0.732258064516129,22.189638318670575
24.22769953199895,96.92757008935948,-0.11602783203125,0.7069091796875,-0.6971435546875,0.02911376953125,1.6612903225806452,50.34213098729228,0.7193548387096774,21.79863147605083
24.247752077993937,96.85825923249249,-0.115478515625,0.70697021484375,-0.6971435546875,0.0294189453125,1.6903225806451612,51.2218963831867,0.7064516129032258,21.407624633431084
24.26780388900079,96.85825923249249,-0.115478515625,0.70697021484375,-0.6971435546875,0.0294189453125,1.6580645161290322,50.24437927663734,0.7096774193548387,21.505376344086024
24.287927605968434,96.74932492020163,-0.11474609375,0.70703125,-0.6971435546875,0.030029296875,1.6838709677419355,51.02639296187683,0.7193548387096774,21.79863147605083
24.30800143396482,96.74932492020163,-0.11474609375,0.70703125,-0.6971435546875,0.030029296875,1.6709677419354838,50.635386119257085,0.7290322580645161,22.09188660801564
24.328072988952044,96.74932492020163,-0.11474609375,0.70703125,-0.6971435546875,0.030029296875,1.6838709677419355,51.02639296187683,0.732258064516129,22.189638318670575
24.348127935954835,96.68089939288048,-0.11444091796875,0.70672607421875,-0.697509765625,0.0306396484375,1.6709677419354838,50.635386119257085,0.7354838709677419,22.28739002932551
24.3682409649482,96.68089939288048,-0.11444091796875,0.70672607421875,-0.697509765625,0.0306396484375,1.6838709677419355,51.02639296187683,0.7354838709677419,22.28739002932551
24.388308903959114,96.64217631380758,-0.1143798828125,0.7066650390625,-0.69757080078125,0.03106689453125,1.7,51.515151515151516,0.7290322580645161,22.09188660801564
24.408409323950764,96.64217631380758,-0.1143798828125,0.7066650390625,-0.69757080078125,0.03106689453125,1.6612903225806452,50.34213098729228,0.7290322580645161,22.09188660801564
24.42855521797901,96.64217631380758,-0.1143798828125,0.7066650390625,-0.69757080078125,0.03106689453125,1.6548387096774193,50.146627565982406,0.7354838709677419,22.28739002932551
24.44853457796853,96.56968262167076,-0.114013671875,0.7071533203125,-0.69708251953125,0.031494140625,1.6709677419354838,50.635386119257085,0.7387096774193548,22.385141739980448
24.468649334972724,96.56968262167076,-0.114013671875,0.7071533203125,-0.69708251953125,0.031494140625,1.6806451612903226,50.9286412512219,0.7225806451612903,21.896383186705766
24.48874658695422,96.49637543064374,-0.113525390625,0.7071533203125,-0.6971435546875,0.03192138671875,1.6612903225806452,50.34213098729228,0.7354838709677419,22.28739002932551
24.508817821973935,96.49637543064374,-0.113525390625,0.7071533203125,-0.6971435546875,0.03192138671875,1.6516129032258065,50.048875855327466,0.7193548387096774,21.79863147605083
24.52890649798792,96.49637543064374,-0.113525390625,0.7071533203125,-0.6971435546875,0.03192138671875,1.6483870967741936,49.95112414467254,0.7548387096774193,22.87390029325513
24.549017798970453,96.41612272285069,-0.11309814453125,0.70697021484375,-0.6973876953125,0.03253173828125,1.6774193548387097,50.83088954056696,0.7096774193548387,21.505376344086024
24.569055881001987,96.41612272285069,-0.11309814453125,0.70697021484375,-0.6973876953125,0.03253173828125,1.6258064516129032,49.266862170087975,0.6903225806451613,20.918866080156402
24.58915239694761,96.30337833950776,-0.1124267578125,0.7066650390625,-0.69775390625,0.0333251953125,1.6258064516129032,49.266862170087975,0.6838709677419353,20.723362658846526
24.609236144984607,96.30337833950776,-0.1124267578125,0.7066650390625,-0.69775390625,0.0333251953125,1.6483870967741936,49.95112414467254,0.6774193548387096,20.527859237536656
24.629348245973233,96.30337833950776,-0.1124267578125,0.7066650390625,-0.69775390625,0.0333251953125,1.6129032258064515,48.87585532746823,0.6935483870967742,21.016617790811342
24.649444121983834,96.10840171650433,-0.111328125,0.706298828125,-0.6982421875,0.03472900390625,1.6258064516129032,49.266862170087975,0.6741935483870967,20.43010752688172
24.669502428965643,96.10840171650433,-0.111328125,0.706298828125,-0.6982421875,0.03472900390625,1.632258064516129,49.462365591397855,0.6516129032258063,19.745845552297162
24.689593760995194,95.85353216086105,-0.10992431640625,0.70538330078125,-0.69927978515625,0.03668212890625,1.596774193548387,48.38709677419355,0.6258064516129032,18.963831867057674
24.709680453001056,95.85353216086105,-0.10992431640625,0.70538330078125,-0.69927978515625,0.03668212890625,1.5999999999999999,48.484848484848484,0.5935483870967742,17.98631476050831
24.72980903397547,95.85353216086105,-0.10992431640625,0.70538330078125,-0.69927978515625,0.03668212890625,1.593548387096774,48.289345063538605,0.5774193548387097,17.49755620723363
24.74984925996978,95.65714791706515,-0.10870361328125,0.70452880859375,-0.70025634765625,0.0380859375,1.5999999999999999,48.484848484848484,0.5806451612903226,17.595307917888565
24.769920495979022,95.65714791706515,-0.10870361328125,0.70452880859375,-0.70025634765625,0.0380859375,1.5709677419354837,47.60508308895405,0.5709677419354839,17.302052785923756
24.790057140984572,95.4680171853875,-0.10736083984375,0.7044677734375,-0.70050048828125,0.03912353515625,1.62258064516129,49.169110459433035,0.5709677419354839,17.302052785923756
24.81010303099174,95.4680171853875,-0.10736083984375,0.7044677734375,-0.70050048828125,0.03912353515625,1.5999999999999999,48.484848484848484,0.5903225806451613,17.888563049853374
24.830204828002024,95.4680171853875,-0.10736083984375,0.7044677734375,-0.70050048828125,0.03912353515625,1.6096774193548384,48.77810361681329,0.5645161290322581,17.106549364613883
24.850259262952022,95.28312780187524,-0.10614013671875,0.70465087890625,-0.70037841796875,0.0401611328125,1.596774193548387,48.38709677419355,0.5903225806451613,17.888563049853374
24.870343457965646,95.28312780187524,-0.10614013671875,0.70465087890625,-0.70037841796875,0.0401611328125,1.632258064516129,49.462365591397855,0.5838709677419355,17.6930596285435
24.890411141968798,95.27242176850609,-0.1060791015625,0.70440673828125,-0.70062255859375,0.040283203125,1.6096774193548384,48.77810361681329,0.6483870967741935,19.64809384164223
24.91052714595571,95.27242176850609,-0.1060791015625,0.70440673828125,-0.70062255859375,0.040283203125,1.6290322580645162,49.36461388074292,0.6838709677419353,20.723362658846526
24.93061649397714,95.27242176850609,-0.1060791015625,0.70440673828125,-0.70062255859375,0.040283203125,1.62258064516129,49.169110459433035,0.6870967741935483,20.821114369501466
24.950748627947178,95.45623454200947,-0.107421875,0.70428466796875,-0.70068359375,0.03936767578125,1.6483870967741936,49.95112414467254,0.7064516129032258,21.407624633431084
24.970814550993964,95.45623454200947,-0.107421875,0.70428466796875,-0.70068359375,0.03936767578125,1.6258064516129032,49.266862170087975,0.7,21.21212121212121
24.99087752995547,95.8152581523043,-0.11004638671875,0.7047119140625,-0.699951171875,0.03741455078125,1.6290322580645162,49.36461388074292,0.664516129032258,20.13685239491691
25.010964285989758,95.8152581523043,-0.11004638671875,0.7047119140625,-0.699951171875,0.03741455078125,1.6741935483870967,50.733137829912025,0.6838709677419353,20.723362658846526
25.0310073599685,95.8152581523043,-0.11004638671875,0.7047119140625,-0.699951171875,0.03741455078125,1.6870967741935483,51.12414467253177,0.6193548387096773,18.768328445747798
25.051112548972014,96.33085225406846,-0.1134033203125,0.7039794921875,-0.70025634765625,0.03448486328125,1.6516129032258065,50.048875855327466,0.6161290322580645,18.670576735092865
25.071154790988658,96.33085225406846,-0.1134033203125,0.7039794921875,-0.70025634765625,0.03448486328125,1.6741935483870967,50.733137829912025,0.5806451612903226,17.595307917888565
25.091223689960316,97.10891766628782,-0.118408203125,0.70367431640625,-0.699951171875,0.02984619140625,1.6516129032258065,50.048875855327466,0.6516129032258063,19.745845552297162
25.11129790195264,97.10891766628782,-0.118408203125,0.70367431640625,-0.699951171875,0.02984619140625,1.6419354838709677,49.75562072336266,0.664516129032258,20.13685239491691
25.131401105958503,97.10891766628782,-0.118408203125,0.70367431640625,-0.699951171875,0.02984619140625,1.5741935483870966,47.702834799608986,0.6483870967741935,19.64809384164223
25.15146491699852,98.09171297716071,-0.1240234375,0.7041015625,-0.69879150390625,0.02313232421875,1.6096774193548384,48.77810361681329,0.6483870967741935,19.64809384164223
25.171534104971215,98.09171297716071,-0.1240234375,0.7041015625,-0.69879150390625,0.02313232421875,1.6774193548387097,50.83088954056696,0.603225806451613,18.27956989247312
25.191609948000405,99.13482467299227,-0.12969970703125,0.704833984375,-0.697265625,0.01568603515625,1.7,51.515151515151516,0.7677419354838709,23.264907135874875
25.211718464968726,99.13482467299227,-0.12969970703125,0.704833984375,-0.697265625,0.01568603515625,1.6935483870967742,51.31964809384164,0.8225806451612904,24.9266862170088
25.231774978979956,99.13482467299227,-0.12969970703125,0.704833984375,-0.697265625,0.01568603515625,1.7,51.515151515151516,0.8290322580645161,25.12218963831867
25.25187229597941,100.40374622531517,-0.13653564453125,0.70587158203125,-0.695068359375,0.00653076171875,1.667741935483871,50.53763440860215,0.8516129032258064,25.806451612903224
25.271898698003497,100.40374622531517,-0.13653564453125,0.70587158203125,-0.695068359375,0.00653076171875,1.6612903225806452,50.34213098729228,0.7838709677419354,23.753665689149557
25.291951243998483,101.90398996961427,0.14495849609375,-0.70611572265625,0.69305419921875,0.0037841796875,1.7580645161290323,53.27468230694038,0.7838709677419354,23.753665689149557
25.312050640990492,101.90398996961427,0.14495849609375,-0.70611572265625,0.69305419921875,0.0037841796875,1.729032258064516,52.39491691104594,0.896774193548387,27.174975562072333
25.3321487569483,101.90398996961427,0.14495849609375,-0.70611572265625,0.69305419921875,0.0037841796875,1.7225806451612902,52.19941348973607,0.8806451612903226,26.68621700879765
25.352184342977125,103.30956716520195,0.1533203125,-0.70526123046875,0.69207763671875,0.01275634765625,1.7096774193548387,51.80840664711632,0.967741935483871,29.32551319648094
25.37228441098705,103.30956716520195,0.1533203125,-0.70526123046875,0.69207763671875,0.01275634765625,1.6516129032258065,50.048875855327466,0.9774193548387097,29.61876832844575
25.392341533966828,104.6613348324246,0.16094970703125,-0.70416259765625,0.69122314453125,0.021728515625,1.6774193548387097,50.83088954056696,0.967741935483871,29.32551319648094
25.412418305990286,104.6613348324246,0.16094970703125,-0.70416259765625,0.69122314453125,0.021728515625,1.6516129032258065,50.048875855327466,0.9838709677419355,29.814271749755623
25.43247405299917,104.6613348324246,0.16094970703125,-0.70416259765625,0.69122314453125,0.021728515625,1.664516129032258,50.43988269794721,1.0806451612903225,32.74682306940371
25.452533735951874,105.94428703814826,0.16815185546875,-0.703369140625,0.68994140625,0.03033447265625,1.7129032258064516,51.90615835777126,1.0999999999999999,33.33333333333333
25.472595850995276,105.94428703814826,0.16815185546875,-0.703369140625,0.68994140625,0.03033447265625,1.6838709677419355,51.02639296187683,1.1129032258064515,33.724340175953074
25.49266033398453,107.14388873231103,0.1744384765625,-0.70379638671875,0.68756103515625,0.03900146484375,1.7225806451612902,52.19941348973607,1.1419354838709679,34.60410557184751
25.51273758499883,107.14388873231103,0.1744384765625,-0.70379638671875,0.68756103515625,0.03900146484375,1.7032258064516128,51.61290322580645,1.164516129032258,35.28836754643206
25.53283486998407,107.14388873231103,0.1744384765625,-0.70379638671875,0.68756103515625,0.03900146484375,1.7999999999999998,54.54545454545454,1.206451612903226,36.55913978494624
25.552909528953023,108.38235697863055,0.17999267578125,-0.70465087890625,0.68463134765625,0.04888916015625,1.861290322580645,56.402737047898334,1.229032258064516,37.24340175953079
25.572953435999807,108.38235697863055,0.17999267578125,-0.70465087890625,0.68463134765625,0.04888916015625,1.8516129032258062,56.10948191593352,1.2548387096774192,38.025415444770275
25.593007069954183,109.64291767755566,0.1846923828125,-0.70458984375,0.68255615234375,0.05963134765625,1.764516129032258,53.47018572825024,1.2032258064516128,36.4613880742913
25.61313766799867,109.64291767755566,0.1846923828125,-0.70458984375,0.68255615234375,0.05963134765625,1.8161290322580643,55.034213098729225,1.2387096774193547,37.536656891495596
25.633155780960806,109.64291767755566,0.1846923828125,-0.70458984375,0.68255615234375,0.05963134765625,1.8258064516129031,55.32746823069403,1.3258064516129031,40.17595307917888
25.653286666958593,110.76968080738133,0.18975830078125,-0.70428466796875,0.6806640625,0.068359375,1.8741935483870966,56.79374389051808,1.3387096774193548,40.56695992179863
25.673400686995592,110.76968080738133,0.18975830078125,-0.70428466796875,0.6806640625,0.068359375,1.8838709677419354,57.0869990224829,1.3580645161290321,41.153470185728246
25.693422640964855,111.65724991983602,0.1943359375,-0.70257568359375,0.6805419921875,0.07440185546875,1.935483870967742,58.65102639296188,1.3774193548387097,41.73998044965787
25.71345768298488,111.65724991983602,0.1943359375,-0.70257568359375,0.6805419921875,0.07440185546875,1.967741935483871,59.628543499511245,1.3677419354838707,41.44672531769305
25.733530102996156,111.65724991983602,0.1943359375,-0.70257568359375,0.6805419921875,0.07440185546875,1.9064516129032258,57.77126099706745,1.3677419354838707,41.44672531769305
25.75361964298645,112.47854372124837,0.1981201171875,-0.70147705078125,0.67987060546875,0.08050537109375,1.9774193548387096,59.92179863147605,1.4096774193548387,42.717497556207235
25.773699773999397,112.47854372124837,0.1981201171875,-0.70147705078125,0.67987060546875,0.08050537109375,1.7741935483870968,53.76344086021506,1.4064516129032258,42.619745845552295
25.79378380998969,113.26510300592156,0.199951171875,-0.7012939453125,0.6785888671875,0.088134765625,1.8161290322580643,55.034213098729225,1.4451612903225806,43.79276637341153
25.813849444966763,113.26510300592156,0.199951171875,-0.7012939453125,0.6785888671875,0.088134765625,1.7516129032258063,53.0791788856305,1.4451612903225806,43.79276637341153
25.83389783196617,113.26510300592156,0.199951171875,-0.7012939453125,0.6785888671875,0.088134765625,1.829032258064516,55.42521994134897,1.461290322580645,44.28152492668622
25.853982827975415,114.04225979975975,0.2005615234375,-0.70269775390625,0.6756591796875,0.0970458984375,1.9516129032258065,59.13978494623656,1.5,45.45454545454546
25.874039406946395,114.04225979975975,0.2005615234375,-0.70269775390625,0.6756591796875,0.0970458984375,1.8838709677419354,57.0869990224829,1.5387096774193547,46.62756598240469
25.894098193966784,114.73683755585746,0.200439453125,-0.7042236328125,0.6728515625,0.1055908203125,1.8032258064516127,54.64320625610948,1.5548387096774192,47.11632453567937
25.914154739992227,114.73683755585746,0.200439453125,-0.7042236328125,0.6728515625,0.1055908203125,1.9096774193548387,57.86901270772239,1.5806451612903225,47.898338220918866
25.934228919970337,114.73683755585746,0.200439453125,-0.7042236328125,0.6728515625,0.1055908203125,1.9193548387096775,58.162267839687196,1.5741935483870966,47.702834799608986
25.954293274960946,115.39621807165487,0.201171875,-0.70501708984375,0.670654296875,0.11279296875,1.9161290322580644,58.06451612903226,1.561290322580645,47.31182795698924
25.974412383977324,115.39621807165487,0.201171875,-0.70501708984375,0.670654296875,0.11279296875,1.9064516129032258,57.77126099706745,1.5741935483870966,47.702834799608986
25.99451443599537,116.2688875934264,0.20355224609375,-0.70538330078125,0.66815185546875,0.12091064453125,1.861290322580645,56.402737047898334,1.6064516129032256,48.68035190615835
26.014588711957913,116.2688875934264,0.20355224609375,-0.70538330078125,0.66815185546875,0.12091064453125,1.7903225806451613,54.25219941348974,1.590322580645161,48.19159335288367
26.034639753983356,116.2688875934264,0.20355224609375,-0.70538330078125,0.66815185546875,0.12091064453125,1.967741935483871,59.628543499511245,1.593548387096774,48.289345063538605
26.05470446200343,117.24048010356162,0.206298828125,-0.70526123046875,0.665771484375,0.1297607421875,1.8903225806451613,57.28250244379277,1.6161290322580644,48.97360703812317
26.074805809999816,117.24048010356162,0.206298828125,-0.70526123046875,0.665771484375,0.1297607421875,1.9096774193548387,57.86901270772239,1.6161290322580644,48.97360703812317
26.094858708966058,118.21082984704329,0.2088623046875,-0.70599365234375,0.66229248046875,0.13885498046875,1.9419354838709677,58.846529814271754,1.6096774193548384,48.77810361681329
26.114935127960052,118.21082984704329,0.2088623046875,-0.70599365234375,0.66229248046875,0.13885498046875,1.9838709677419355,60.117302052785924,1.6483870967741936,49.95112414467254
26.13502031599637,118.21082984704329,0.2088623046875,-0.70599365234375,0.66229248046875,0.13885498046875,2.0129032258064514,60.997067448680355,1.6483870967741936,49.95112414467254
26.155077918956522,118.92289567364445,0.21002197265625,-0.7069091796875,0.65936279296875,0.14617919921875,2.0999999999999996,63.636363636363626,1.6064516129032256,48.68035190615835
26.17517958697863,118.92289567364445,0.21002197265625,-0.7069091796875,0.65936279296875,0.14617919921875,2.032258064516129,61.58357771260997,1.6290322580645162,49.36461388074292
26.195253126963507,119.62683937242701,0.2113037109375,-0.70782470703125,0.6563720703125,0.15325927734375,1.9064516129032258,57.77126099706745,1.6419354838709677,49.75562072336266
26.21530909696594,119.62683937242701,0.2113037109375,-0.70782470703125,0.6563720703125,0.15325927734375,1.9193548387096775,58.162267839687196,1.6580645161290322,50.24437927663734
26.235365483968053,119.62683937242701,0.2113037109375,-0.70782470703125,0.6563720703125,0.15325927734375,1.8870967741935485,57.18475073313783,1.664516129032258,50.43988269794721
26.25548638496548,120.55386200267921,0.21221923828125,-0.70782470703125,0.65374755859375,0.1630859375,1.8548387096774193,56.20723362658847,1.6741935483870967,50.733137829912025
26.275593461992685,120.55386200267921,0.21221923828125,-0.70782470703125,0.65374755859375,0.1630859375,1.8677419354838707,56.59824046920821,1.6612903225806452,50.34213098729228
26.29565000894945,121.22095716163305,0.2144775390625,-0.7081298828125,0.65118408203125,0.16876220703125,1.9580645161290322,59.33528836754643,1.6774193548387097,50.83088954056696
26.315716860000975,121.22095716163305,0.2144775390625,-0.7081298828125,0.65118408203125,0.16876220703125,2.041935483870968,61.87683284457478,1.664516129032258,50.43988269794721
26.335812223958783,121.22095716163305,0.2144775390625,-0.7081298828125,0.65118408203125,0.16876220703125,2.1548387096774193,65.29814271749756,1.6870967741935483,51.12414467253177
26.35587814694736,121.81964405979645,0.21728515625,-0.70758056640625,0.6497802734375,0.17303466796875,2.0999999999999996,63.636363636363626,1.6838709677419355,51.02639296187683
26.375914116972126,121.81964405979645,0.21728515625,-0.70758056640625,0.6497802734375,0.17303466796875,2.1677419354838707,65.6891495601173,1.6774193548387097,50.83088954056696
26.396037417987827,122.48579148400569,0.21954345703125,-0.70709228515625,0.64801025390625,0.1785888671875,2.051612903225806,62.17008797653958,1.6903225806451612,51.2218963831867
26.416148494987283,122.48579148400569,0.21954345703125,-0.70709228515625,0.64801025390625,0.1785888671875,2.22258064516129,67.35092864125122,1.667741935483871,50.53763440860215
26.436185712984297,122.48579148400569,0.21954345703125,-0.70709228515625,0.64801025390625,0.1785888671875,2.2161290322580642,67.15542521994135,1.632258064516129,49.462365591397855
26.45624734798912,122.94323178306479,0.220703125,-0.70684814453125,0.646728515625,0.1827392578125,2.2387096774193544,67.8396871945259,1.7129032258064516,51.90615835777126
26.476308374956716,122.94323178306479,0.220703125,-0.70684814453125,0.646728515625,0.1827392578125,2.0677419354838706,62.65884652981426,1.6709677419354838,50.635386119257085
26.496363833954092,123.217593339731,0.2218017578125,-0.706787109375,0.64581298828125,0.18487548828125,1.9903225806451612,60.312805474095796,1.6935483870967742,51.31964809384164
26.516420700994786,123.217593339731,0.2218017578125,-0.706787109375,0.64581298828125,0.18487548828125,2.061290322580645,62.4633431085044,1.6806451612903226,50.9286412512219
26.536517632950563,123.217593339731,0.2218017578125,-0.706787109375,0.64581298828125,0.18487548828125,2.180645161290322,66.08015640273703,1.6838709677419355,51.02639296187683
26.556563971971627,123.34753843066731,0.22271728515625,-0.7066650390625,0.6453857421875,0.185546875,2.1645161290322577,65.59139784946235,1.6870967741935483,51.12414467253177
26.57665075996192,123.34753843066731,0.22271728515625,-0.7066650390625,0.6453857421875,0.185546875,2.24516129032258,68.03519061583576,1.7,51.515151515151516
26.59672980295727,123.34931068879415,0.2230224609375,-0.70697021484375,0.64508056640625,0.185302734375,2.2580645161290325,68.42619745845553,1.6903225806451612,51.2218963831867
26.616803822980728,123.34931068879415,0.2230224609375,-0.70697021484375,0.64508056640625,0.185302734375,2.1774193548387095,65.98240469208211,1.6709677419354838,50.635386119257085
26.636883025988936,123.34931068879415,0.2230224609375,-0.70697021484375,0.64508056640625,0.185302734375,2.203225806451613,66.7644183773216,1.6870967741935483,51.12414467253177
26.65696242195554,123.21338119273699,0.22296142578125,-0.707275390625,0.64520263671875,0.183837890625,2.2483870967741932,68.1329423264907,1.664516129032258,50.43988269794721
26.67703196097864,123.21338119273699,0.22296142578125,-0.707275390625,0.64520263671875,0.183837890625,2.2064516129032254,66.86217008797654,1.6774193548387097,50.83088954056696
26.697076667973306,123.04790222999577,0.22265625,-0.70758056640625,0.64544677734375,0.1822509765625,2.225806451612903,67.44868035190615,1.7258064516129032,52.29716520039101
26.717143710993696,123.04790222999577,0.22265625,-0.70758056640625,0.64544677734375,0.1822509765625,2.1999999999999997,66.66666666666666,1.6903225806451612,51.2218963831867
26.73720707395114,123.04790222999577,0.22265625,-0.70758056640625,0.64544677734375,0.1822509765625,2.212903225806451,67.0576735092864,1.7032258064516128,51.61290322580645
26.757272516959347,122.88852622968855,0.2222900390625,-0.7076416015625,0.6458740234375,0.1807861328125,2.1999999999999997,66.66666666666666,1.7419354838709677,52.785923753665685
26.77747182099847,122.88852622968855,0.2222900390625,-0.7076416015625,0.6458740234375,0.1807861328125,2.1677419354838707,65.6891495601173,1.7225806451612902,52.19941348973607
26.79744858900085,122.76318540449302,0.221923828125,-0.7076416015625,0.64630126953125,0.1796875,2.125806451612903,64.41837732160313,1.729032258064516,52.39491691104594
26.81755512196105,122.76318540449302,0.221923828125,-0.7076416015625,0.64630126953125,0.1796875,2.1419354838709674,64.90713587487781,1.729032258064516,52.39491691104594
26.83767951099435,122.76318540449302,0.221923828125,-0.7076416015625,0.64630126953125,0.1796875,2.1129032258064515,64.02737047898339,1.732258064516129,52.49266862170088
26.85774341796059,122.78751715371385,0.22216796875,-0.7071533203125,0.64678955078125,0.1796875,2.1419354838709674,64.90713587487781,1.7258064516129032,52.29716520039101
26.877792507992126,122.78751715371385,0.22216796875,-0.7071533203125,0.64678955078125,0.1796875,2.1741935483870964,65.88465298142717,1.7129032258064516,51.90615835777126
26.897866911953315,122.8843608025197,0.22283935546875,-0.7061767578125,0.6474609375,0.18011474609375,2.161290322580645,65.49364613880742,1.7516129032258063,53.0791788856305
26.917940642975736,122.8843608025197,0.22283935546875,-0.7061767578125,0.6474609375,0.18011474609375,2.1516129032258062,65.20039100684262,1.7387096774193547,52.68817204301075
26.93802586296806,122.8843608025197,0.22283935546875,-0.7061767578125,0.6474609375,0.18011474609375,2.116129032258064,64.1251221896383,1.7451612903225806,52.883675464320625
26.95809060195461,122.88090416514382,0.22308349609375,-0.70574951171875,0.64794921875,0.1798095703125,2.1354838709677417,64.71163245356793,1.7387096774193547,52.68817204301075
26.978143532993272,122.88090416514382,0.22308349609375,-0.70574951171875,0.64794921875,0.1798095703125,2.138709677419355,64.80938416422288,1.7516129032258063,53.0791788856305
26.998250320961233,122.84508456156536,0.22320556640625,-0.705322265625,0.64849853515625,0.17926025390625,2.1322580645161286,64.61388074291298,1.7516129032258063,53.0791788856305
27.018290131993126,122.84508456156536,0.22320556640625,-0.705322265625,0.64849853515625,0.17926025390625,2.129032258064516,64.51612903225806,1.7129032258064516,51.90615835777126
27.038384663988836,122.84508456156536,0.22320556640625,-0.705322265625,0.64849853515625,0.17926025390625,2.1225806451612903,64.32062561094818,1.732258064516129,52.49266862170088
27.058477147947997,122.79362398278958,0.22332763671875,-0.70489501953125,0.64910888671875,0.17852783203125,2.087096774193548,63.24535679374389,1.7193548387096773,52.101661779081134
27.078548126970418,122.79362398278958,0.22332763671875,-0.70489501953125,0.64910888671875,0.17852783203125,2.138709677419355,64.80938416422288,1.7064516129032257,51.71065493646139
27.09865581197664,122.72093238028447,0.22308349609375,-0.70452880859375,0.64984130859375,0.1778564453125,2.125806451612903,64.41837732160313,1.7193548387096773,52.101661779081134
27.118701509956736,122.72093238028447,0.22308349609375,-0.70452880859375,0.64984130859375,0.1778564453125,2.1032258064516127,63.73411534701857,1.7193548387096773,52.101661779081134
27.138752617000137,122.72093238028447,0.22308349609375,-0.70452880859375,0.64984130859375,0.1778564453125,2.1419354838709674,64.90713587487781,1.7096774193548387,51.80840664711632
27.158817963965703,122.58797196369032,0.2222900390625,-0.7044677734375,0.65032958984375,0.17706298828125,2.138709677419355,64.80938416422288,1.7193548387096773,52.101661779081134
27.178910735994577,122.58797196369032,0.2222900390625,-0.7044677734375,0.65032958984375,0.17706298828125,2.138709677419355,64.80938416422288,1.729032258064516,52.39491691104594
27.19900395598961,122.42392683880446,0.2213134765625,-0.70489501953125,0.6505126953125,0.17608642578125,2.1193548387096772,64.22287390029325,1.7225806451612902,52.19941348973607
27.21903618198121,122.42392683880446,0.2213134765625,-0.70489501953125,0.6505126953125,0.17608642578125,2.1096774193548384,63.929618768328446,1.7064516129032257,51.71065493646139
27.239098873978946,122.42392683880446,0.2213134765625,-0.70489501953125,0.6505126953125,0.17608642578125,2.1129032258064515,64.02737047898339,1.6903225806451612,51.2218963831867
27.25916146900272,122.25557674698909,0.22015380859375,-0.70501708984375,0.65093994140625,0.17523193359375,2.138709677419355,64.80938416422288,1.6709677419354838,50.635386119257085
27.279226271959487,122.25557674698909,0.22015380859375,-0.70501708984375,0.65093994140625,0.17523193359375,2.087096774193548,63.24535679374389,1.6580645161290322,50.24437927663734
27.299322307982948,122.07147316454004,0.2188720703125,-0.70562744140625,0.6510009765625,0.17431640625,2.061290322580645,62.4633431085044,1.6580645161290322,50.24437927663734
27.319354149978608,122.07147316454004,0.2188720703125,-0.70562744140625,0.6510009765625,0.17431640625,2.0903225806451613,63.34310850439883,1.6838709677419355,51.02639296187683
27.339448105951305,122.07147316454004,0.2188720703125,-0.70562744140625,0.6510009765625,0.17431640625,2.0677419354838706,62.65884652981426,1.6580645161290322,50.24437927663734
27.35951841296628,121.79386952142758,0.21697998046875,-0.70635986328125,0.65118408203125,0.17291259765625,2.0774193548387094,62.95210166177908,1.6612903225806452,50.34213098729228
27.37962289794814,121.79386952142758,0.21697998046875,-0.70635986328125,0.65118408203125,0.17291259765625,2.064516129032258,62.56109481915934,1.6516129032258065,50.048875855327466
27.399713781953324,121.49125417767061,0.215087890625,-0.70709228515625,0.6514892578125,0.17120361328125,2.051612903225806,62.17008797653958,1.632258064516129,49.462365591397855
27.41978015296627,121.49125417767061,0.215087890625,-0.70709228515625,0.6514892578125,0.17120361328125,2.02258064516129,61.29032258064516,1.5709677419354837,47.60508308895405
27.439850459981244,121.49125417767061,0.215087890625,-0.70709228515625,0.6514892578125,0.17120361328125,2.051612903225806,62.17008797653958,1.5741935483870966,47.702834799608986
27.45991823996883,121.11454771267057,0.213134765625,-0.70770263671875,0.652099609375,0.168701171875,2.054838709677419,62.267839687194524,1.5709677419354837,47.60508308895405
27.480002306983806,121.11454771267057,0.213134765625,-0.70770263671875,0.652099609375,0.168701171875,2.074193548387097,62.85434995112414,1.5999999999999999,48.484848484848484
27.500068646972068,120.65211861575156,0.210693359375,-0.70843505859375,0.65289306640625,0.1656494140625,2.0354838709677416,61.6813294232649,1.5451612903225804,46.82306940371456
27.52014676196268,120.65211861575156,0.210693359375,-0.70843505859375,0.65289306640625,0.1656494140625,2.019354838709677,61.19257086999021,1.5064516129032257,45.650048875855326
27.540224941971246,120.65211861575156,0.210693359375,-0.70843505859375,0.65289306640625,0.1656494140625,2.0258064516129033,61.3880742913001,1.5225806451612902,46.138807429130004
27.56031966599403,120.08197847297973,0.20745849609375,-0.70892333984375,0.654296875,0.16204833984375,2.02258064516129,61.29032258064516,1.493548387096774,45.25904203323558
27.58040619798703,120.08197847297973,0.20745849609375,-0.70892333984375,0.654296875,0.16204833984375,2.0129032258064514,60.997067448680355,1.4258064516129032,43.20625610948191
27.600512793986127,119.52345696198941,0.204345703125,-0.70989990234375,0.65509033203125,0.15850830078125,2.0129032258064514,60.997067448680355,1.467741935483871,44.4770283479961
27.620604733994696,119.52345696198941,0.204345703125,-0.70989990234375,0.65509033203125,0.15850830078125,2.019354838709677,61.19257086999021,1.493548387096774,45.25904203323558
27.640608927002177,119.52345696198941,0.204345703125,-0.70989990234375,0.65509033203125,0.15850830078125,2.02258064516129,61.29032258064516,1.467741935483871,44.4770283479961
27.660664097988047,118.88506481200022,0.201171875,-0.71044921875,0.65655517578125,0.154052734375,2.02258064516129,61.29032258064516,1.4870967741935484,45.06353861192571
27.68072675698204,118.88506481200022,0.201171875,-0.71044921875,0.65655517578125,0.154052734375,2.041935483870968,61.87683284457478,1.461290322580645,44.28152492668622
27.700848201988265,118.22112109586274,0.1983642578125,-0.71051025390625,0.65850830078125,0.14892578125,2.0258064516129033,61.3880742913001,1.4258064516129032,43.20625610948191
27.720880683977157,118.22112109586274,0.1983642578125,-0.71051025390625,0.65850830078125,0.14892578125,2.0,60.60606060606061,1.3870967741935485,42.033235581622684
27.740932558954228,118.22112109586274,0.1983642578125,-0.71051025390625,0.65850830078125,0.14892578125,1.9838709677419355,60.117302052785924,1.2774193548387096,38.70967741935484
27.76099694595905,117.50239490621354,0.19622802734375,-0.70977783203125,0.661376953125,0.1424560546875,2.009677419354839,60.899315738025415,1.3096774193548386,39.687194525904204
27.781058900989592,117.50239490621354,0.19622802734375,-0.70977783203125,0.661376953125,0.1424560546875,1.9903225806451612,60.312805474095796,1.2193548387096773,36.950146627565985
27.80115845799446,116.50424459188292,0.19451904296875,-0.70745849609375,0.66650390625,0.13214111328125,1.961290322580645,59.43304007820137,1.2903225806451613,39.100684261974585
27.821217980992515,116.50424459188292,0.19451904296875,-0.70745849609375,0.66650390625,0.13214111328125,1.9774193548387096,59.92179863147605,1.3032258064516127,39.491691104594324
27.84126729494892,116.50424459188292,0.19451904296875,-0.70745849609375,0.66650390625,0.13214111328125,1.9774193548387096,59.92179863147605,1.296774193548387,39.29618768328446
27.86137613200117,115.54750817131487,0.19342041015625,-0.705322265625,0.6710205078125,0.1217041015625,1.9806451612903224,60.01955034213099,1.2806451612903225,38.80742913000977
27.881480135954916,115.54750817131487,0.19342041015625,-0.705322265625,0.6710205078125,0.1217041015625,1.9838709677419355,60.117302052785924,1.2741935483870968,38.6119257086999
27.90152049099561,114.43032547937557,0.1912841796875,-0.7027587890625,0.67633056640625,0.11016845703125,1.996774193548387,60.50830889540567,1.293548387096774,39.19843597262952
27.92157825297909,114.43032547937557,0.1912841796875,-0.7027587890625,0.67633056640625,0.11016845703125,1.964516129032258,59.530791788856305,1.3064516129032258,39.589442815249264
27.941645585000515,114.43032547937557,0.1912841796875,-0.7027587890625,0.67633056640625,0.11016845703125,1.961290322580645,59.43304007820137,1.2516129032258063,37.92766373411535
27.96178987796884,113.19459348543207,0.18804931640625,-0.70086669921875,0.68096923828125,0.0982666015625,1.9838709677419355,60.117302052785924,1.2838709677419353,38.90518084066471
27.981898970960174,113.19459348543207,0.18804931640625,-0.70086669921875,0.68096923828125,0.0982666015625,1.9709677419354839,59.72629521016618,1.2709677419354837,38.51417399804496
28.001972285972442,111.89831804168276,0.184326171875,-0.69903564453125,0.685546875,0.08599853515625,1.9516129032258065,59.13978494623656,1.2483870967741935,37.82991202346041
28.022074466978665,111.89831804168276,0.184326171875,-0.69903564453125,0.685546875,0.08599853515625,1.9451612903225806,58.94428152492669,1.2419354838709677,37.634408602150536
28.042170182976406,111.89831804168276,0.184326171875,-0.69903564453125,0.685546875,0.08599853515625,1.896774193548387,57.478005865102645,1.1806451612903226,35.77712609970675
28.062223944987636,110.59471694394172,0.179931640625,-0.6968994140625,0.69024658203125,0.07415771484375,1.9064516129032258,57.77126099706745,1.1903225806451614,36.07038123167156
28.082268747966737,110.59471694394172,0.179931640625,-0.6968994140625,0.69024658203125,0.07415771484375,1.9064516129032258,57.77126099706745,1.0935483870967742,33.137829912023456
28.102336398966145,109.27227198337305,0.17474365234375,-0.6954345703125,0.6942138671875,0.0628662109375,1.9193548387096775,58.162267839687196,1.0806451612903225,32.74682306940371
28.12243262695847,109.27227198337305,0.17474365234375,-0.6954345703125,0.6942138671875,0.0628662109375,1.8548387096774193,56.20723362658847,1.0709677419354837,32.453567937438905
28.14248709398089,109.27227198337305,0.17474365234375,-0.6954345703125,0.6942138671875,0.0628662109375,1.8741935483870966,56.79374389051808,1.0354838709677419,31.378299120234605
28.162531768961344,107.7512247481328,0.16741943359375,-0.6951904296875,0.6971435546875,0.0513916015625,1.8741935483870966,56.79374389051808,1.0419354838709676,31.57380254154447
28.182605020003393,107.7512247481328,0.16741943359375,-0.6951904296875,0.6971435546875,0.0513916015625,1.8548387096774193,56.20723362658847,1.0225806451612902,30.98729227761486
28.202707680000458,106.17344315094846,0.15863037109375,-0.69671630859375,0.6983642578125,0.0408935546875,1.7419354838709677,52.785923753665685,0.896774193548387,27.174975562072333
28.222786467988044,106.17344315094846,0.15863037109375,-0.69671630859375,0.6983642578125,0.0408935546875,1.8096774193548386,54.83870967741935,0.8548387096774194,25.90420332355816
28.242888295964804,106.17344315094846,0.15863037109375,-0.69671630859375,0.6983642578125,0.0408935546875,1.7999999999999998,54.54545454545454,0.8516129032258064,25.806451612903224
28.26292900298722,104.41278355626667,0.1488037109375,-0.6981201171875,0.69976806640625,0.02911376953125,1.8225806451612903,55.229716520039105,0.8451612903225806,25.61094819159335
28.283003981981892,104.41278355626667,0.1488037109375,-0.6981201171875,0.69976806640625,0.02911376953125,1.7903225806451613,54.25219941348974,0.6419354838709677,19.452590420332356
28.30307579395594,102.57486952065948,0.13983154296875,-0.69677734375,0.703369140625,0.01507568359375,1.8064516129032258,54.74095796676443,0.6161290322580645,18.670576735092865
28.323186997964513,102.57486952065948,0.13983154296875,-0.69677734375,0.703369140625,0.01507568359375,1.7999999999999998,54.54545454545454,0.6387096774193548,19.35483870967742
28.343266457959544,102.57486952065948,0.13983154296875,-0.69677734375,0.703369140625,0.01507568359375,1.729032258064516,52.39491691104594,0.6290322580645161,19.06158357771261
28.363314907997847,100.91991010823168,0.13299560546875,-0.69317626953125,0.7083740234375,0.000732421875,1.7387096774193547,52.68817204301075,0.5516129032258064,16.715542521994134
28.38340678397799,100.91991010823168,0.13299560546875,-0.69317626953125,0.7083740234375,0.000732421875,1.7451612903225806,52.883675464320625,0.46774193548387094,14.173998044965789
28.403490051976405,99.40393818157136,-0.1268310546875,0.68902587890625,-0.71343994140625,0.01275634765625,1.7387096774193547,52.68817204301075,0.39354838709677414,11.925708699902247
28.42354346299544,99.40393818157136,-0.1268310546875,0.68902587890625,-0.71343994140625,0.01275634765625,1.7193548387096773,52.101661779081134,0.4032258064516129,12.218963831867057
28.44362471497152,99.40393818157136,-0.1268310546875,0.68902587890625,-0.71343994140625,0.01275634765625,1.7096774193548387,51.80840664711632,0.3870967741935484,11.730205278592376
28.463677548978012,97.79467625503874,-0.119140625,0.68524169921875,-0.718017578125,0.02587890625,1.7,51.515151515151516,0.34516129032258064,10.459433040078201
28.48373710399028,97.79467625503874,-0.119140625,0.68524169921875,-0.718017578125,0.02587890625,1.7,51.515151515151516,0.17419354838709677,5.278592375366569
28.50383218098432,96.34457816209844,-0.1104736328125,0.68377685546875,-0.72039794921875,0.03558349609375,1.6516129032258065,50.048875855327466,0.1774193548387097,5.376344086021506
28.523872950987425,96.34457816209844,-0.1104736328125,0.68377685546875,-0.72039794921875,0.03558349609375,1.62258064516129,49.169110459433035,0.27096774193548384,8.211143695014663
28.543972507002763,94.7089454706245,-0.100341796875,0.68365478515625,-0.72137451171875,0.04583740234375,1.62258064516129,49.169110459433035,0.2838709677419355,8.60215053763441
28.56403494195547,94.7089454706245,-0.100341796875,0.68365478515625,-0.72137451171875,0.04583740234375,1.6419354838709677,49.75562072336266,0.23225806451612901,7.038123167155424
28.58415760297794,94.7089454706245,-0.100341796875,0.68365478515625,-0.72137451171875,0.04583740234375,1.5870967741935482,48.09384164222873,0.19999999999999998,6.0606060606060606
28.60418749297969,93.10339769810062,-0.09100341796875,0.68475341796875,-0.72088623046875,0.0562744140625,1.5451612903225804,46.82306940371456,0.20967741935483872,6.35386119257087
28.624272296961863,93.10339769810062,-0.09100341796875,0.68475341796875,-0.72088623046875,0.0562744140625,1.4870967741935484,45.06353861192571,0.22580645161290322,6.842619745845553
28.644349484995473,93.10339769810062,-0.09100341796875,0.68475341796875,-0.72088623046875,0.0562744140625,1.5387096774193547,46.62756598240469,0.24516129032258063,7.429130009775172
28.66440612799488,91.44551955450396,-0.081787109375,0.6842041015625,-0.72149658203125,0.06781005859375,1.5161290322580645,45.94330400782014,0.23870967741935484,7.233626588465299
28.68446686695097,91.44551955450396,-0.081787109375,0.6842041015625,-0.72149658203125,0.06781005859375,1.5387096774193547,46.62756598240469,0.16774193548387095,5.083088954056696
28.704554837953765,89.9928402541839,-0.073486328125,0.683349609375,-0.72222900390625,0.0777587890625,1.558064516129032,47.21407624633431,0.0,0.0
28.724631673947442,89.9928402541839,-0.073486328125,0.683349609375,-0.72222900390625,0.0777587890625,1.4709677419354839,44.57478005865102,0.1096774193548387,3.3235581622678394
28.744726973993238,89.9928402541839,-0.073486328125,0.683349609375,-0.72222900390625,0.0777587890625,1.4419354838709677,43.6950146627566,0.25161290322580643,7.624633431085044
28.764774912968278,88.52062583011123,-0.0653076171875,0.681884765625,-0.72320556640625,0.08819580078125,1.4774193548387096,44.770283479960895,0.27096774193548384,8.211143695014663
28.784848995972425,88.52062583011123,-0.0653076171875,0.681884765625,-0.72320556640625,0.08819580078125,1.532258064516129,46.432062561094824,0.2838709677419355,8.60215053763441
28.804932935978286,87.00169755230368,-0.057373046875,0.6800537109375,-0.72412109375,0.09954833984375,1.532258064516129,46.432062561094824,0.2225806451612903,6.744868035190615
28.825098381959833,87.00169755230368,-0.057373046875,0.6800537109375,-0.72412109375,0.09954833984375,1.5129032258064514,45.8455522971652,0.24838709677419354,7.526881720430108
28.84514459298225,85.63407799477176,-0.0504150390625,0.6788330078125,-0.72430419921875,0.10986328125,1.532258064516129,46.432062561094824,0.1935483870967742,5.865102639296188
28.86520523595391,85.63407799477176,-0.0504150390625,0.6788330078125,-0.72430419921875,0.10986328125,1.467741935483871,44.4770283479961,0.12258064516129032,3.714565004887586
28.885346328956075,85.63407799477176,-0.0504150390625,0.6788330078125,-0.72430419921875,0.10986328125,1.4193548387096775,43.01075268817205,0.07419354838709677,2.248289345063539
28.905380922951736,84.33298168713144,-0.0433349609375,0.6781005859375,-0.7239990234375,0.11907958984375,1.4870967741935484,45.06353861192571,0.07419354838709677,2.248289345063539
28.925452062976547,84.33298168713144,-0.0433349609375,0.6781005859375,-0.7239990234375,0.11907958984375,1.525806451612903,46.236559139784944,0.0,0.0
28.945531265984755,83.19331252071062,-0.03668212890625,0.67852783203125,-0.72265625,0.12640380859375,1.5387096774193547,46.62756598240469,0.0,0.0
28.96558122098213,83.19331252071062,-0.03668212890625,0.67852783203125,-0.72265625,0.12640380859375,1.5483870967741935,46.9208211143695,0.0,0.0
28.98569287394639,83.19331252071062,-0.03668212890625,0.67852783203125,-0.72265625,0.12640380859375,1.5193548387096774,46.04105571847507,0.0,0.0
29.005728075979277,82.04016901602357,-0.0299072265625,0.67852783203125,-0.72161865234375,0.13385009765625,1.4709677419354839,44.57478005865102,0.06451612903225806,1.9550342130987293
29.025834159983788,82.04016901602357,-0.0299072265625,0.67852783203125,-0.72161865234375,0.13385009765625,1.467741935483871,44.4770283479961,0.06774193548387096,2.0527859237536656
29.04593051597476,81.16435730610362,-0.0250244140625,0.67877197265625,-0.72052001953125,0.13970947265625,1.4806451612903224,44.868035190615835,0.06774193548387096,2.0527859237536656
29.065958549967036,81.16435730610362,-0.0250244140625,0.67877197265625,-0.72052001953125,0.13970947265625,1.5064516129032257,45.650048875855326,0.04193548387096774,1.270772238514174
29.086079066968523,81.16435730610362,-0.0250244140625,0.67877197265625,-0.72052001953125,0.13970947265625,1.4870967741935484,45.06353861192571,0.08387096774193548,2.541544477028348
29.10612354998011,80.72394065403861,-0.022705078125,0.67901611328125,-0.7197265625,0.14276123046875,1.5064516129032257,45.650048875855326,0.06129032258064516,1.857282502443793
29.12619724898832,80.72394065403861,-0.022705078125,0.67901611328125,-0.7197265625,0.14276123046875,1.4451612903225806,43.79276637341153,0.04838709677419355,1.466275659824047
29.146266052965075,80.59280572105534,-0.0223388671875,0.678955078125,-0.71954345703125,0.14404296875,1.5387096774193547,46.62756598240469,0.07741935483870967,2.3460410557184748
29.166310310945846,80.59280572105534,-0.0223388671875,0.678955078125,-0.71954345703125,0.14404296875,1.493548387096774,45.25904203323558,0.1032258064516129,3.1280547409579667
29.18637565796962,80.59280572105534,-0.0223388671875,0.678955078125,-0.71954345703125,0.14404296875,1.5451612903225804,46.82306940371456,0.07096774193548387,2.1505376344086025
29.20644183800323,80.6635978501545,-0.02301025390625,0.67919921875,-0.7193603515625,0.143798828125,1.6064516129032256,48.68035190615835,0.07741935483870967,2.3460410557184748
29.226507824962027,80.6635978501545,-0.02301025390625,0.67919921875,-0.7193603515625,0.143798828125,1.62258064516129,49.169110459433035,0.1032258064516129,3.1280547409579667
29.246647605963517,80.83388157867076,-0.0242919921875,0.6796875,-0.71905517578125,0.14288330078125,1.6290322580645162,49.36461388074292,0.1032258064516129,3.1280547409579667
29.266715480946004,80.83388157867076,-0.0242919921875,0.6796875,-0.71905517578125,0.14288330078125,1.62258064516129,49.169110459433035,0.0,0.0
29.28678258898435,80.83388157867076,-0.0242919921875,0.6796875,-0.71905517578125,0.14288330078125,1.6516129032258065,50.048875855327466,0.0,0.0
29.306855615985114,81.03449481530308,-0.02587890625,0.6806640625,-0.71826171875,0.14178466796875,1.635483870967742,49.56011730205279,0.0,0.0
29.32692905899603,81.03449481530308,-0.02587890625,0.6806640625,-0.71826171875,0.14178466796875,1.6193548387096772,49.071358748778096,0.0,0.0
29.347027847950812,81.17596403064601,-0.0269775390625,0.68133544921875,-0.71771240234375,0.1409912109375,1.596774193548387,48.38709677419355,0.0,0.0
29.36707546596881,81.17596403064601,-0.0269775390625,0.68133544921875,-0.71771240234375,0.1409912109375,1.5999999999999999,48.484848484848484,0.0,0.0
29.38714487798279,81.17596403064601,-0.0269775390625,0.68133544921875,-0.71771240234375,0.1409912109375,1.5838709677419354,47.9960899315738,0.0,0.0
29.407316083961632,81.2810642110006,-0.02740478515625,0.6815185546875,-0.7177734375,0.14007568359375,1.6129032258064515,48.87585532746823,0.0,0.0
29.427355253952555,81.2810642110006,-0.02740478515625,0.6815185546875,-0.7177734375,0.14007568359375,1.62258064516129,49.169110459433035,0.0032258064516129032,0.09775171065493646
29.447427929961123,81.35969224779052,-0.0277099609375,0.6815185546875,-0.71783447265625,0.139404296875,1.635483870967742,49.56011730205279,0.0,0.0
29.46746053994866,81.35969224779052,-0.0277099609375,0.6815185546875,-0.71783447265625,0.139404296875,1.632258064516129,49.462365591397855,0.0,0.0
29.487576896965038,81.35969224779052,-0.0277099609375,0.6815185546875,-0.71783447265625,0.139404296875,1.6161290322580644,48.97360703812317,0.0,0.0
29.507643363962416,81.39382866439634,-0.02801513671875,0.68182373046875,-0.71759033203125,0.13922119140625,1.6129032258064515,48.87585532746823,0.0,0.0
29.527741928002797,81.39382866439634,-0.02801513671875,0.68182373046875,-0.71759033203125,0.13922119140625,1.561290322580645,47.31182795698924,0.0,0.0
29.547782697947696,81.38525102586514,-0.02789306640625,0.6822509765625,-0.71722412109375,0.13909912109375,1.5870967741935482,48.09384164222873,0.0032258064516129032,0.09775171065493646
29.567828204948455,81.38525102586514,-0.02789306640625,0.6822509765625,-0.71722412109375,0.13909912109375,1.5709677419354837,47.60508308895405,0.0,0.0
29.587888879992533,81.38525102586514,-0.02789306640625,0.6822509765625,-0.71722412109375,0.13909912109375,1.632258064516129,49.462365591397855,0.0,0.0
29.608019572973717,81.38642799628504,-0.0277099609375,0.68292236328125,-0.7166748046875,0.13873291015625,1.62258064516129,49.169110459433035,0.0,0.0
29.628098232962657,81.38642799628504,-0.0277099609375,0.68292236328125,-0.7166748046875,0.13873291015625,1.6451612903225807,49.8533724340176,0.0,0.0
29.648163547972217,81.360932770384,-0.02728271484375,0.68316650390625,-0.71649169921875,0.1385498046875,1.6419354838709677,49.75562072336266,0.0,0.0
29.668266016000416,81.360932770384,-0.02728271484375,0.68316650390625,-0.71649169921875,0.1385498046875,1.6483870967741936,49.95112414467254,0.12580645161290321,3.812316715542522
29.688291329948697,81.360932770384,-0.02728271484375,0.68316650390625,-0.71649169921875,0.1385498046875,1.62258064516129,49.169110459433035,0.11612903225806451,3.519061583577712
29.708344356971793,81.41335483667861,-0.02764892578125,0.68328857421875,-0.7164306640625,0.13824462890625,1.590322580645161,48.19159335288367,0.11935483870967742,3.6168132942326494
29.72841120796511,81.41335483667861,-0.02764892578125,0.68328857421875,-0.7164306640625,0.13824462890625,1.590322580645161,48.19159335288367,0.1064516129032258,3.225806451612903
29.748478539986536,81.45107458768771,-0.02801513671875,0.68341064453125,-0.71630859375,0.13812255859375,1.6032258064516127,48.58260019550342,0.09032258064516129,2.7370478983382207
29.768537262978498,81.45107458768771,-0.02801513671875,0.68341064453125,-0.71630859375,0.13812255859375,1.5838709677419354,47.9960899315738,0.06129032258064516,1.857282502443793
29.788603793946095,81.45107458768771,-0.02801513671875,0.68341064453125,-0.71630859375,0.13812255859375,1.590322580645161,48.19159335288367,0.0,0.0
29.808677205001004,81.54882451575988,-0.02850341796875,0.6834716796875,-0.71636962890625,0.13739013671875,1.5870967741935482,48.09384164222873,0.12258064516129032,3.714565004887586
29.82873941597063,81.54882451575988,-0.02850341796875,0.6834716796875,-0.71636962890625,0.13739013671875,1.5774193548387094,47.800586510263926,0.12258064516129032,3.714565004887586
29.848841628991067,81.62100139827828,-0.0289306640625,0.68359375,-0.71636962890625,0.13690185546875,1.590322580645161,48.19159335288367,0.11935483870967742,3.6168132942326494
29.8688744949759,81.62100139827828,-0.0289306640625,0.68359375,-0.71636962890625,0.13690185546875,1.596774193548387,48.38709677419355,0.11612903225806451,3.519061583577712
29.888941121986136,81.62100139827828,-0.0289306640625,0.68359375,-0.71636962890625,0.13690185546875,1.6193548387096772,49.071358748778096,0.11935483870967742,3.6168132942326494
29.90903811797034,81.66896489658205,-0.0294189453125,0.6839599609375,-0.71600341796875,0.13671875,1.62258064516129,49.169110459433035,0.13548387096774192,4.105571847507331
29.929085001000203,81.66896489658205,-0.0294189453125,0.6839599609375,-0.71600341796875,0.13671875,1.632258064516129,49.462365591397855,0.12903225806451613,3.9100684261974585
29.94915108400164,81.66875694263445,-0.0294189453125,0.6839599609375,-0.7159423828125,0.13671875,1.6193548387096772,49.071358748778096,0.132258064516129,4.007820136852394
29.969229454989545,81.66875694263445,-0.0294189453125,0.6839599609375,-0.7159423828125,0.13671875,1.6193548387096772,49.071358748778096,0.13870967741935483,4.203323558162268
29.98928552196594,81.66875694263445,-0.0294189453125,0.6839599609375,-0.7159423828125,0.13671875,1.632258064516129,49.462365591397855,0.1032258064516129,3.1280547409579667
30.009376789967064,81.74269790201035,-0.030029296875,0.68426513671875,-0.7156982421875,0.1363525390625,1.62258064516129,49.169110459433035,0.1064516129032258,3.225806451612903
30.029425752989482,81.74269790201035,-0.030029296875,0.68426513671875,-0.7156982421875,0.1363525390625,1.6419354838709677,49.75562072336266,0.08064516129032258,2.4437927663734116
30.04948537197197,81.82232647415628,-0.0308837890625,0.6845703125,-0.7154541015625,0.13616943359375,1.6483870967741936,49.95112414467254,0.07741935483870967,2.3460410557184748
30.069547518971376,81.82232647415628,-0.0308837890625,0.6845703125,-0.7154541015625,0.13616943359375,1.62258064516129,49.169110459433035,0.14838709677419354,4.496578690127078
30.089609889953863,81.82232647415628,-0.0308837890625,0.6845703125,-0.7154541015625,0.13616943359375,1.635483870967742,49.56011730205279,0.17419354838709677,5.278592375366569
30.109694597951602,81.954593922688,-0.031982421875,0.6844482421875,-0.71563720703125,0.13568115234375,1.6096774193548384,48.77810361681329,0.15806451612903225,4.789833822091887
30.1298107309849,81.954593922688,-0.031982421875,0.6844482421875,-0.71563720703125,0.13568115234375,1.62258064516129,49.169110459433035,0.18387096774193548,5.571847507331378
30.14987530995859,82.0888537902233,-0.03302001953125,0.6844482421875,-0.71563720703125,0.13507080078125,1.6258064516129032,49.266862170087975,0.1774193548387097,5.376344086021506
30.16994731297018,82.0888537902233,-0.03302001953125,0.6844482421875,-0.71563720703125,0.13507080078125,1.6129032258064515,48.87585532746823,0.16451612903225804,4.9853372434017595
30.189982162963133,82.0888537902233,-0.03302001953125,0.6844482421875,-0.71563720703125,0.13507080078125,1.62258064516129,49.169110459433035,0.17096774193548384,5.180840664711631
30.210040949983522,82.15372197779834,-0.0338134765625,0.68499755859375,-0.71514892578125,0.13494873046875,1.6064516129032256,48.68035190615835,0.18709677419354837,5.669599217986314
30.23012738599209,82.15372197779834,-0.0338134765625,0.68499755859375,-0.71514892578125,0.13494873046875,1.6161290322580644,48.97360703812317,0.0,0.0
30.250223741983064,82.0701997473457,-0.03363037109375,0.68524169921875,-0.7147216796875,0.1357421875,1.6064516129032256,48.68035190615835,0.16451612903225804,4.9853372434017595
30.27030560199637,82.0701997473457,-0.03363037109375,0.68524169921875,-0.7147216796875,0.1357421875,1.5999999999999999,48.484848484848484,0.12580645161290321,3.812316715542522
30.290348099952098,82.0701997473457,-0.03363037109375,0.68524169921875,-0.7147216796875,0.1357421875,1.6096774193548384,48.77810361681329,0.1096774193548387,3.3235581622678394
30.310429095989093,81.74713828328792,-0.0318603515625,0.68505859375,-0.714599609375,0.13800048828125,1.5838709677419354,47.9960899315738,0.12580645161290321,3.812316715542522
30.33046506595565,81.74713828328792,-0.0318603515625,0.68505859375,-0.714599609375,0.13800048828125,1.5999999999999999,48.484848484848484,0.13548387096774192,4.105571847507331
30.350531021947972,80.8596482937911,-0.026611328125,0.68426513671875,-0.71441650390625,0.14385986328125,1.5999999999999999,48.484848484848484,0.12903225806451613,3.9100684261974585
30.370611377002206,80.8596482937911,-0.026611328125,0.68426513671875,-0.71441650390625,0.14385986328125,1.5870967741935482,48.09384164222873,0.09999999999999999,3.0303030303030303
30.390779414970893,80.8596482937911,-0.026611328125,0.68426513671875,-0.71441650390625,0.14385986328125,1.5870967741935482,48.09384164222873,0.09354838709677418,2.834799608993157
30.410810809989925,79.36153282665605,-0.0162353515625,0.683349609375,-0.7138671875,0.15203857421875,1.5741935483870966,47.702834799608986,0.0,0.0
30.43087897298392,79.36153282665605,-0.0162353515625,0.683349609375,-0.7138671875,0.15203857421875,1.596774193548387,48.38709677419355,0.0,0.0
30.450934431981295,77.46332347023386,-0.00311279296875,0.6846923828125,-0.71063232421875,0.1617431640625,1.532258064516129,46.432062561094824,0.0,0.0
30.47098249796545,77.46332347023386,-0.00311279296875,0.6846923828125,-0.71063232421875,0.1617431640625,1.496774193548387,45.35679374389051,0.05161290322580645,1.5640273704789833
30.491047237999737,77.46332347023386,-0.00311279296875,0.6846923828125,-0.71063232421875,0.1617431640625,1.5032258064516129,45.552297165200386,0.058064516129032254,1.759530791788856
30.511191914964,75.08699049712828,0.0128173828125,0.68548583984375,-0.706787109375,0.17449951171875,1.4419354838709677,43.6950146627566,0.06451612903225806,1.9550342130987293
30.531219724973198,75.08699049712828,0.0128173828125,0.68548583984375,-0.706787109375,0.17449951171875,1.4419354838709677,43.6950146627566,0.06451612903225806,1.9550342130987293
30.551278031955007,72.71221875348338,0.02911376953125,0.68499755859375,-0.70355224609375,0.18701171875,1.4225806451612903,43.10850439882698,0.04516129032258064,1.3685239491691104
30.57134101097472,72.71221875348338,0.02911376953125,0.68499755859375,-0.70355224609375,0.18701171875,1.361290322580645,41.251221896383186,0.04516129032258064,1.3685239491691104
30.591405013983604,72.71221875348338,0.02911376953125,0.68499755859375,-0.70355224609375,0.18701171875,1.3677419354838707,41.44672531769305,0.0,0.0
30.611477145983372,70.53195318428122,0.04443359375,0.68316650390625,-0.701416015625,0.19830322265625,1.4129032258064516,42.81524926686217,0.0,0.0
30.631542076996993,70.53195318428122,0.04443359375,0.68316650390625,-0.701416015625,0.19830322265625,1.403225806451613,42.52199413489737,0.0,0.0
30.651614143978804,68.53342610890351,0.05841064453125,0.68243408203125,-0.6981201171875,0.2083740234375,1.3709677419354838,41.54447702834799,0.0,0.0
30.67167462699581,68.53342610890351,0.05841064453125,0.68243408203125,-0.6981201171875,0.2083740234375,1.361290322580645,41.251221896383186,0.0,0.0
30.69176515896106,68.53342610890351,0.05841064453125,0.68243408203125,-0.6981201171875,0.2083740234375,1.3645161290322578,41.34897360703812,0.0,0.0
30.711816105991602,66.64424607935018,0.0711669921875,0.6827392578125,-0.6937255859375,0.218017578125,1.3709677419354838,41.54447702834799,0.0032258064516129032,0.09775171065493646
30.73187998100184,66.64424607935018,0.0711669921875,0.6827392578125,-0.6937255859375,0.218017578125,1.2903225806451613,39.100684261974585,0.07096774193548387,2.1505376344086025
30.75194583996199,64.95263801865356,0.0831298828125,0.682373046875,-0.690185546875,0.22613525390625,1.2838709677419353,38.90518084066471,0.06774193548387096,2.0527859237536656
30.772085109958425,64.95263801865356,0.0831298828125,0.682373046875,-0.690185546875,0.22613525390625,1.2838709677419353,38.90518084066471,0.08064516129032258,2.4437927663734116
30.792117879958823,64.95263801865356,0.0831298828125,0.682373046875,-0.690185546875,0.22613525390625,1.2709677419354837,38.51417399804496,0.04838709677419355,1.466275659824047
30.812236316967756,63.52537364947352,0.09393310546875,0.68121337890625,-0.6878662109375,0.23236083984375,1.2838709677419353,38.90518084066471,0.06129032258064516,1.857282502443793
30.832298335968517,63.52537364947352,0.09393310546875,0.68121337890625,-0.6878662109375,0.23236083984375,1.3354838709677417,40.46920821114369,0.08064516129032258,2.4437927663734116
30.852344001992606,62.3277299804642,0.10284423828125,0.67974853515625,-0.6861572265625,0.23779296875,1.2999999999999998,39.39393939393939,0.07741935483870967,2.3460410557184748
30.872430277988315,62.3277299804642,0.10284423828125,0.67974853515625,-0.6861572265625,0.23779296875,1.2516129032258063,37.92766373411535,0.05483870967741935,1.6617790811339197
30.892538250947837,62.3277299804642,0.10284423828125,0.67974853515625,-0.6861572265625,0.23779296875,1.3354838709677417,40.46920821114369,0.05483870967741935,1.6617790811339197
30.912571500986814,61.18596767219165,0.11114501953125,0.67779541015625,-0.6849365234375,0.24322509765625,1.3096774193548386,39.687194525904204,0.03225806451612903,0.9775171065493646
30.932652335963212,61.18596767219165,0.11114501953125,0.67779541015625,-0.6849365234375,0.24322509765625,1.2870967741935482,39.00293255131964,0.0032258064516129032,0.09775171065493646
30.952683346986305,59.96534516142731,0.1201171875,0.6756591796875,-0.68341064453125,0.2489013671875,1.2903225806451613,39.100684261974585,0.029032258064516127,0.879765395894428
30.972757269977592,59.96534516142731,0.1201171875,0.6756591796875,-0.68341064453125,0.2489013671875,1.3774193548387097,41.73998044965787,0.0,0.0
30.99281784897903,59.96534516142731,0.1201171875,0.6756591796875,-0.68341064453125,0.2489013671875,1.3483870967741933,40.86021505376344,0.016129032258064516,0.4887585532746823
31.012909436947666,58.80066288304428,0.12860107421875,0.67413330078125,-0.68145751953125,0.25421142578125,1.3645161290322578,41.34897360703812,0.03225806451612903,0.9775171065493646
31.033168422000017,58.80066288304428,0.12860107421875,0.67413330078125,-0.68145751953125,0.25421142578125,1.2741935483870968,38.6119257086999,0.009677419354838708,0.29325513196480935
31.05330625094939,57.71032146271542,0.13641357421875,0.67205810546875,-0.6800537109375,0.2593994140625,1.3451612903225805,40.7624633431085,0.0,0.0
31.073427951952908,57.71032146271542,0.13641357421875,0.67205810546875,-0.6800537109375,0.2593994140625,1.3387096774193548,40.56695992179863,0.0032258064516129032,0.09775171065493646
31.093546580988914,57.71032146271542,0.13641357421875,0.67205810546875,-0.6800537109375,0.2593994140625,1.3032258064516127,39.491691104594324,0.0,0.0
31.113521941995714,56.816055826900666,0.14324951171875,0.66998291015625,-0.67919921875,0.26324462890625,1.3161290322580643,39.882697947214076,0.0,0.0
31.133601144945715,56.816055826900666,0.14324951171875,0.66998291015625,-0.67919921875,0.26324462890625,1.2903225806451613,39.100684261974585,0.04193548387096774,1.270772238514174
31.1536412119749,55.921238087690725,0.150146484375,0.66802978515625,-0.67816162109375,0.2669677734375,1.3032258064516127,39.491691104594324,0.08064516129032258,2.4437927663734116
31.17370220698649,55.921238087690725,0.150146484375,0.66802978515625,-0.67816162109375,0.2669677734375,1.3806451612903226,41.837732160312804,0.08064516129032258,2.4437927663734116
31.193789057957474,55.921238087690725,0.150146484375,0.66802978515625,-0.67816162109375,0.2669677734375,1.4225806451612903,43.10850439882698,0.0,0.0
31.2138322609826,55.0970748668717,0.1561279296875,0.66656494140625,-0.6767578125,0.27069091796875,1.403225806451613,42.52199413489737,0.09999999999999999,3.0303030303030303
31.23389331996441,55.0970748668717,0.1561279296875,0.66656494140625,-0.6767578125,0.27069091796875,1.4193548387096775,43.01075268817205,0.09999999999999999,3.0303030303030303
31.253961674985476,54.22436064453627,0.16253662109375,0.664306640625,-0.67584228515625,0.274658203125,1.3677419354838707,41.44672531769305,0.17419354838709677,5.278592375366569
31.274059950956143,54.22436064453627,0.16253662109375,0.664306640625,-0.67584228515625,0.274658203125,1.3387096774193548,40.56695992179863,0.2064516129032258,6.256109481915933
31.294141874997877,54.22436064453627,0.16253662109375,0.664306640625,-0.67584228515625,0.274658203125,1.3354838709677417,40.46920821114369,0.19999999999999998,6.0606060606060606
31.314184437971562,53.377883581564156,0.168701171875,0.66217041015625,-0.67486572265625,0.27850341796875,1.3483870967741933,40.86021505376344,0.23225806451612901,7.038123167155424
31.3342455609818,53.377883581564156,0.168701171875,0.66217041015625,-0.67486572265625,0.27850341796875,1.361290322580645,41.251221896383186,0.25806451612903225,7.820136852394917
31.35431055596564,52.61350278043151,0.1739501953125,0.66021728515625,-0.67388916015625,0.28228759765625,1.3709677419354838,41.54447702834799,0.16451612903225804,4.9853372434017595
31.37437225499889,52.61350278043151,0.1739501953125,0.66021728515625,-0.67388916015625,0.28228759765625,1.3935483870967742,42.22873900293255,0.2225806451612903,6.744868035190615
31.394504291994963,52.61350278043151,0.1739501953125,0.66021728515625,-0.67388916015625,0.28228759765625,1.4516129032258065,43.98826979472141,0.15161290322580645,4.594330400782014
31.414627752965316,51.93053686035146,0.17877197265625,0.6583251953125,-0.67315673828125,0.2855224609375,1.493548387096774,45.25904203323558,0.09354838709677418,2.834799608993157
31.434651978954207,51.93053686035146,0.17877197265625,0.6583251953125,-0.67315673828125,0.2855224609375,1.4709677419354839,44.57478005865102,0.02258064516129032,0.6842619745845552
31.45471166196512,51.40419217101562,0.1826171875,0.65667724609375,-0.6727294921875,0.28790283203125,1.5064516129032257,45.650048875855326,0.18064516129032257,5.474095796676441
31.474851890990976,51.40419217101562,0.1826171875,0.65667724609375,-0.6727294921875,0.28790283203125,1.5,45.45454545454546,0.27096774193548384,8.211143695014663
31.494856852979865,51.40419217101562,0.1826171875,0.65667724609375,-0.6727294921875,0.28790283203125,1.5161290322580645,45.94330400782014,0.27096774193548384,8.211143695014663
31.51494229596574,50.934192309692996,0.185791015625,0.65533447265625,-0.672119140625,0.290283203125,1.4741935483870967,44.67253176930596,0.25806451612903225,7.820136852394917
31.535049468977377,50.934192309692996,0.185791015625,0.65533447265625,-0.672119140625,0.290283203125,1.4580645161290322,44.18377321603128,0.3064516129032258,9.286412512218964
31.555088446999434,50.57275033439787,0.18804931640625,0.654296875,-0.671630859375,0.29229736328125,1.4451612903225806,43.79276637341153,0.27096774193548384,8.211143695014663
31.57513596996432,50.57275033439787,0.18804931640625,0.654296875,-0.671630859375,0.29229736328125,1.4419354838709677,43.6950146627566,0.30967741935483867,9.384164222873899
31.59520080499351,50.57275033439787,0.18804931640625,0.654296875,-0.671630859375,0.29229736328125,1.4225806451612903,43.10850439882698,0.3225806451612903,9.775171065493646
31.61525975196855,50.13283262881177,0.1907958984375,0.6527099609375,-0.67132568359375,0.2947998046875,1.3548387096774193,41.05571847507331,0.3225806451612903,9.775171065493646
31.635322090995032,50.13283262881177,0.1907958984375,0.6527099609375,-0.67132568359375,0.2947998046875,1.396774193548387,42.32649071358749,0.32580645161290317,9.872922776148581
31.65538650995586,49.738776738097606,0.19305419921875,0.65167236328125,-0.670654296875,0.29718017578125,1.429032258064516,43.30400782013685,0.3161290322580645,9.579667644183774
31.675457105971873,49.738776738097606,0.19305419921875,0.65167236328125,-0.670654296875,0.29718017578125,1.4225806451612903,43.10850439882698,0.2903225806451613,8.797653958944283
31.69561627996154,49.738776738097606,0.19305419921875,0.65167236328125,-0.670654296875,0.29718017578125,1.435483870967742,43.49951124144673,0.24516129032258063,7.429130009775172
31.71567020198563,49.36065402036641,0.1951904296875,0.65045166015625,-0.67010498046875,0.299560546875,1.4064516129032258,42.619745845552295,0.23225806451612901,7.038123167155424
31.735708188964054,49.36065402036641,0.1951904296875,0.65045166015625,-0.67010498046875,0.299560546875,1.3935483870967742,42.22873900293255,0.24516129032258063,7.429130009775172
31.75576726399595,48.93460797424906,0.197509765625,0.64935302734375,-0.6693115234375,0.30224609375,1.4,42.42424242424242,0.2064516129032258,6.256109481915933
31.77583113894798,48.93460797424906,0.197509765625,0.64935302734375,-0.6693115234375,0.30224609375,1.4258064516129032,43.20625610948191,0.2161290322580645,6.549364613880742
31.795897221949417,48.93460797424906,0.197509765625,0.64935302734375,-0.6693115234375,0.30224609375,1.4064516129032258,42.619745845552295,0.3032258064516129,9.188660801564028
31.815961448999587,48.748193421274536,0.19818115234375,0.6492919921875,-0.66851806640625,0.3037109375,1.429032258064516,43.30400782013685,0.34193548387096767,10.361681329423263
31.83610759896692,48.748193421274536,0.19818115234375,0.6492919921875,-0.66851806640625,0.3037109375,1.4129032258064516,42.81524926686217,0.35806451612903223,10.850439882697946
31.856146800972056,48.79005622091699,0.1978759765625,0.6497802734375,-0.668212890625,0.303466796875,1.4387096774193548,43.59726295210166,0.38387096774193546,11.632453567937437
31.876222004997544,48.79005622091699,0.1978759765625,0.6497802734375,-0.668212890625,0.303466796875,1.429032258064516,43.30400782013685,0.4225806451612903,12.805474095796676
31.89627375098644,48.79005622091699,0.1978759765625,0.6497802734375,-0.668212890625,0.303466796875,1.396774193548387,42.32649071358749,0.38064516129032255,11.534701857282501
31.91632405796554,48.669108733484066,0.198486328125,0.64984130859375,-0.66766357421875,0.30419921875,1.4129032258064516,42.81524926686217,0.37741935483870964,11.436950146627565
31.936388860980514,48.669108733484066,0.198486328125,0.64984130859375,-0.66766357421875,0.30419921875,1.4161290322580644,42.91300097751711,0.3548387096774194,10.752688172043012
31.95646348898299,48.5197730981022,0.19915771484375,0.64947509765625,-0.66729736328125,0.3052978515625,1.4225806451612903,43.10850439882698,0.34193548387096767,10.361681329423263
31.976517443952616,48.5197730981022,0.19915771484375,0.64947509765625,-0.66729736328125,0.3052978515625,1.4225806451612903,43.10850439882698,0.38387096774193546,11.632453567937437
31.99658295098925,48.5197730981022,0.19915771484375,0.64947509765625,-0.66729736328125,0.3052978515625,1.4258064516129032,43.20625610948191,0.37419354838709673,11.339198435972628
32.01664567395346,48.42625062153388,0.19964599609375,0.64923095703125,-0.6671142578125,0.305908203125,1.4387096774193548,43.59726295210166,0.38064516129032255,11.534701857282501
32.03671214095084,48.42625062153388,0.19964599609375,0.64923095703125,-0.6671142578125,0.305908203125,1.4193548387096775,43.01075268817205,0.4451612903225806,13.48973607038123
32.0568666109466,48.38940560922845,0.19970703125,0.64947509765625,-0.666748046875,0.30621337890625,1.432258064516129,43.401759530791786,0.4580645161290322,13.880742913000976
32.07689131697407,48.38940560922845,0.19970703125,0.64947509765625,-0.666748046875,0.30621337890625,1.4387096774193548,43.59726295210166,0.4580645161290322,13.880742913000976
32.097035385959316,48.38940560922845,0.19970703125,0.64947509765625,-0.666748046875,0.30621337890625,1.4225806451612903,43.10850439882698,0.41935483870967744,12.70772238514174
32.11711228598142,48.366927303140876,0.19970703125,0.64996337890625,-0.6661376953125,0.306396484375,1.4193548387096775,43.01075268817205,0.4258064516129032,12.903225806451612
32.13714291196084,48.366927303140876,0.19970703125,0.64996337890625,-0.6661376953125,0.306396484375,1.4387096774193548,43.59726295210166,0.432258064516129,13.098729227761485
32.15722374798497,48.349763066221136,0.19970703125,0.6502685546875,-0.66583251953125,0.3065185546875,1.435483870967742,43.49951124144673,0.43548387096774194,13.196480938416421
32.177359528956,48.349763066221136,0.19970703125,0.6502685546875,-0.66583251953125,0.3065185546875,1.4419354838709677,43.6950146627566,0.4419354838709677,13.391984359726294
32.19742199598113,48.349763066221136,0.19970703125,0.6502685546875,-0.66583251953125,0.3065185546875,1.4193548387096775,43.01075268817205,0.4419354838709677,13.391984359726294
32.21748574299272,48.32270959840585,0.199951171875,0.6505126953125,-0.66552734375,0.3065185546875,1.4387096774193548,43.59726295210166,0.4483870967741935,13.587487781036167
32.23750603297958,48.32270959840585,0.199951171875,0.6505126953125,-0.66552734375,0.3065185546875,1.4451612903225806,43.79276637341153,0.432258064516129,13.098729227761485
32.25758706097258,48.25287709594228,0.20037841796875,0.65045166015625,-0.665283203125,0.306884765625,1.4451612903225806,43.79276637341153,0.4387096774193548,13.294232649071358
32.27769896900281,48.25287709594228,0.20037841796875,0.65045166015625,-0.665283203125,0.306884765625,1.432258064516129,43.401759530791786,0.4580645161290322,13.880742913000976
32.297749051998835,48.25287709594228,0.20037841796875,0.65045166015625,-0.665283203125,0.306884765625,1.464516129032258,44.37927663734115,0.38387096774193546,11.632453567937437
32.31780031899689,48.1557071655982,0.2010498046875,0.650390625,-0.6649169921875,0.30731201171875,1.4419354838709677,43.6950146627566,0.3870967741935484,11.730205278592376
32.337892226991244,48.1557071655982,0.2010498046875,0.650390625,-0.6649169921875,0.30731201171875,1.461290322580645,44.28152492668622,0.39354838709677414,11.925708699902247
32.357982694986276,47.95844155595515,0.2022705078125,0.65045166015625,-0.66400146484375,0.30828857421875,1.467741935483871,44.4770283479961,0.39032258064516123,11.82795698924731
32.37801792897517,47.95844155595515,0.2022705078125,0.65045166015625,-0.66400146484375,0.30828857421875,1.467741935483871,44.4770283479961,0.4064516129032258,12.316715542521994
32.398161133984104,47.95844155595515,0.2022705078125,0.65045166015625,-0.66400146484375,0.30828857421875,1.464516129032258,44.37927663734115,0.3870967741935484,11.730205278592376
32.41821656096727,47.84874923161741,0.20263671875,0.65106201171875,-0.66302490234375,0.30902099609375,1.4419354838709677,43.6950146627566,0.39032258064516123,11.82795698924731
32.43823640298797,47.84874923161741,0.20263671875,0.65106201171875,-0.66302490234375,0.30902099609375,1.4419354838709677,43.6950146627566,0.3870967741935484,11.730205278592376
32.45833589497488,47.811144998590414,0.20294189453125,0.65130615234375,-0.66265869140625,0.30908203125,1.435483870967742,43.49951124144673,0.38387096774193546,11.632453567937437
32.478405146976,47.811144998590414,0.20294189453125,0.65130615234375,-0.66265869140625,0.30908203125,1.4387096774193548,43.59726295210166,0.39032258064516123,11.82795698924731
32.4985111989663,47.811144998590414,0.20294189453125,0.65130615234375,-0.66265869140625,0.30908203125,1.461290322580645,44.28152492668622,0.38064516129032255,11.534701857282501
32.51854108896805,47.83284987522506,0.20306396484375,0.651611328125,-0.6624755859375,0.30865478515625,1.4419354838709677,43.6950146627566,0.36774193548387096,11.143695014662756
32.538595299993176,47.83284987522506,0.20306396484375,0.651611328125,-0.6624755859375,0.30865478515625,1.461290322580645,44.28152492668622,0.36129032258064514,10.948191593352883
32.55866282299394,47.85858952468641,0.2032470703125,0.6527099609375,-0.6617431640625,0.30792236328125,1.4451612903225806,43.79276637341153,0.32580645161290317,9.872922776148581
32.578727241954766,47.85858952468641,0.2032470703125,0.6527099609375,-0.6617431640625,0.30792236328125,1.467741935483871,44.4770283479961,0.3129032258064516,9.481915933528837
32.598846510984,47.85858952468641,0.2032470703125,0.6527099609375,-0.6617431640625,0.30792236328125,1.4548387096774194,44.086021505376344,0.3354838709677419,10.166177908113392
32.61891982599627,47.904949776719874,0.2034912109375,0.65380859375,-0.66094970703125,0.30694580078125,1.4548387096774194,44.086021505376344,0.3193548387096774,9.67741935483871
32.6389896539622,47.904949776719874,0.2034912109375,0.65380859375,-0.66094970703125,0.30694580078125,1.4483870967741934,43.89051808406647,0.34838709677419355,10.557184750733137
32.65909436199581,47.9189152026315,0.2041015625,0.6536865234375,-0.6612548828125,0.30615234375,1.4419354838709677,43.6950146627566,0.37741935483870964,11.436950146627565
32.67912092397455,47.9189152026315,0.2041015625,0.6536865234375,-0.6612548828125,0.30615234375,1.4483870967741934,43.89051808406647,0.3709677419354839,11.241446725317694
32.699259169981815,47.9189152026315,0.2041015625,0.6536865234375,-0.6612548828125,0.30615234375,1.4419354838709677,43.6950146627566,0.36774193548387096,11.143695014662756
32.71927629096899,47.93374125950862,0.2060546875,0.653564453125,-0.661865234375,0.30389404296875,1.4451612903225806,43.79276637341153,0.1935483870967742,5.865102639296188
32.739364166976884,47.93374125950862,0.2060546875,0.653564453125,-0.661865234375,0.30389404296875,1.4451612903225806,43.79276637341153,0.23548387096774193,7.1358748778103624
32.75945025094552,47.8653532275182,0.21051025390625,0.655029296875,-0.66094970703125,0.2996826171875,1.461290322580645,44.28152492668622,0.24193548387096775,7.331378299120235
32.77952442999231,47.8653532275182,0.21051025390625,0.655029296875,-0.66094970703125,0.2996826171875,1.4516129032258065,43.98826979472141,0.1774193548387097,5.376344086021506
32.799575985001866,47.8653532275182,0.21051025390625,0.655029296875,-0.66094970703125,0.2996826171875,1.4548387096774194,44.086021505376344,0.27096774193548384,8.211143695014663
32.819690933974925,47.61475519089419,0.21746826171875,0.65802001953125,-0.65789794921875,0.2947998046875,1.4548387096774194,44.086021505376344,0.0,0.0
32.83973288798006,47.61475519089419,0.21746826171875,0.65802001953125,-0.65789794921875,0.2947998046875,1.4451612903225806,43.79276637341153,0.16451612903225804,4.9853372434017595
32.85980201198254,47.37159525387806,0.22479248046875,0.66070556640625,-0.65496826171875,0.2896728515625,1.467741935483871,44.4770283479961,0.132258064516129,4.007820136852394
32.87986447894946,47.37159525387806,0.22479248046875,0.66070556640625,-0.65496826171875,0.2896728515625,1.4451612903225806,43.79276637341153,0.15161290322580645,4.594330400782014
32.89991513697896,47.37159525387806,0.22479248046875,0.66070556640625,-0.65496826171875,0.2896728515625,1.4548387096774194,44.086021505376344,0.0,0.0
32.92001555796014,47.23057099056267,0.23260498046875,0.66217041015625,-0.65362548828125,0.28314208984375,1.467741935483871,44.4770283479961,0.16451612903225804,4.9853372434017595
32.94005162396934,47.23057099056267,0.23260498046875,0.66217041015625,-0.65362548828125,0.28314208984375,1.4483870967741934,43.89051808406647,0.15806451612903225,4.789833822091887
32.960161771974526,47.04100856400097,0.24200439453125,0.66314697265625,-0.65234375,0.2757568359375,1.4548387096774194,44.086021505376344,0.16774193548387095,5.083088954056696
32.98029668995878,47.04100856400097,0.24200439453125,0.66314697265625,-0.65234375,0.2757568359375,1.4870967741935484,45.06353861192571,0.1935483870967742,5.865102639296188
33.00030136294663,47.04100856400097,0.24200439453125,0.66314697265625,-0.65234375,0.2757568359375,1.4451612903225806,43.79276637341153,0.1774193548387097,5.376344086021506
33.02040056698024,46.74451061900865,0.252685546875,0.66375732421875,-0.65081787109375,0.2684326171875,1.4451612903225806,43.79276637341153,0.132258064516129,4.007820136852394
33.040496698988136,46.74451061900865,0.252685546875,0.66375732421875,-0.65081787109375,0.2684326171875,1.4451612903225806,43.79276637341153,0.132258064516129,4.007820136852394
33.06054207799025,46.440775648623934,0.26312255859375,0.66424560546875,-0.64892578125,0.26165771484375,1.4483870967741934,43.89051808406647,0.1032258064516129,3.1280547409579667
33.08061868895311,46.440775648623934,0.26312255859375,0.66424560546875,-0.64892578125,0.26165771484375,1.4451612903225806,43.79276637341153,0.0,0.0
33.10069344495423,46.440775648623934,0.26312255859375,0.66424560546875,-0.64892578125,0.26165771484375,1.4451612903225806,43.79276637341153,0.09354838709677418,2.834799608993157
33.12076503195567,45.83390735499431,0.2730712890625,0.66400146484375,-0.64617919921875,0.2589111328125,1.429032258064516,43.30400782013685,0.07741935483870967,2.3460410557184748
33.14082890696591,45.83390735499431,0.2730712890625,0.66400146484375,-0.64617919921875,0.2589111328125,1.4419354838709677,43.6950146627566,0.0,0.0
33.16093531198567,45.16910657143699,0.2821044921875,0.66351318359375,-0.6431884765625,0.2578125,1.4451612903225806,43.79276637341153,0.0,0.0
33.18103198800236,45.16910657143699,0.2821044921875,0.66351318359375,-0.6431884765625,0.2578125,1.4387096774193548,43.59726295210166,0.14193548387096774,4.301075268817205
33.20110869494965,45.16910657143699,0.2821044921875,0.66351318359375,-0.6431884765625,0.2578125,1.435483870967742,43.49951124144673,0.18064516129032257,5.474095796676441
33.22119567496702,44.45575590705599,0.2916259765625,0.66192626953125,-0.6409912109375,0.25677490234375,1.4419354838709677,43.6950146627566,0.08387096774193548,2.541544477028348
33.24129823897965,44.45575590705599,0.2916259765625,0.66192626953125,-0.6409912109375,0.25677490234375,1.435483870967742,43.49951124144673,0.09354838709677418,2.834799608993157
33.26139881997369,43.8179922714604,0.300048828125,0.65997314453125,-0.63946533203125,0.25592041015625,1.4516129032258065,43.98826979472141,0.14516129032258066,4.398826979472141
33.28146903094603,43.8179922714604,0.300048828125,0.65997314453125,-0.63946533203125,0.25592041015625,1.4451612903225806,43.79276637341153,0.17096774193548384,5.180840664711631
33.30151418596506,43.8179922714604,0.300048828125,0.65997314453125,-0.63946533203125,0.25592041015625,1.4419354838709677,43.6950146627566,0.18709677419354837,5.669599217986314
33.32159473298816,43.09111372864285,0.30780029296875,0.65753173828125,-0.63800048828125,0.25665283203125,1.4419354838709677,43.6950146627566,0.34193548387096767,10.361681329423263
33.34168334497372,43.09111372864285,0.30780029296875,0.65753173828125,-0.63800048828125,0.25665283203125,1.4419354838709677,43.6950146627566,0.2903225806451613,8.797653958944283
33.36176901299041,42.25832752700747,0.31634521484375,0.6551513671875,-0.6357421875,0.25787353515625,1.4451612903225806,43.79276637341153,0.2193548387096774,6.647116324535679
33.38184719195124,42.25832752700747,0.31634521484375,0.6551513671875,-0.6357421875,0.25787353515625,1.432258064516129,43.401759530791786,0.2064516129032258,6.256109481915933
33.40193231595913,42.25832752700747,0.31634521484375,0.6551513671875,-0.6357421875,0.25787353515625,1.4451612903225806,43.79276637341153,0.25161290322580643,7.624633431085044
33.42198486300185,41.59635595301137,0.32421875,0.6539306640625,-0.633056640625,0.2579345703125,1.429032258064516,43.30400782013685,0.36774193548387096,11.143695014662756
33.44212790799793,41.59635595301137,0.32421875,0.6539306640625,-0.633056640625,0.2579345703125,1.432258064516129,43.401759530791786,0.3354838709677419,10.166177908113392
33.46222580096219,41.158331286619735,0.3314208984375,0.65423583984375,-0.62957763671875,0.2564697265625,1.4516129032258065,43.98826979472141,0.36451612903225805,11.04594330400782
33.48225489095785,41.158331286619735,0.3314208984375,0.65423583984375,-0.62957763671875,0.2564697265625,1.435483870967742,43.49951124144673,0.36774193548387096,11.143695014662756
33.502331565949135,41.158331286619735,0.3314208984375,0.65423583984375,-0.62957763671875,0.2564697265625,1.4161290322580644,42.91300097751711,0.4064516129032258,12.316715542521994
33.52243457897566,40.47965412641545,0.3392333984375,0.6539306640625,-0.62542724609375,0.25714111328125,1.4161290322580644,42.91300097751711,0.41935483870967744,12.70772238514174
33.54249634197913,40.47965412641545,0.3392333984375,0.6539306640625,-0.62542724609375,0.25714111328125,1.4483870967741934,43.89051808406647,0.4129032258064516,12.512218963831867
33.56256952899275,39.55933797604979,0.34710693359375,0.6517333984375,-0.62213134765625,0.2601318359375,1.461290322580645,44.28152492668622,0.4096774193548387,12.41446725317693
33.58265906898305,39.55933797604979,0.34710693359375,0.6517333984375,-0.62213134765625,0.2601318359375,1.461290322580645,44.28152492668622,0.4129032258064516,12.512218963831867
33.60272950399667,39.55933797604979,0.34710693359375,0.6517333984375,-0.62213134765625,0.2601318359375,1.4419354838709677,43.6950146627566,0.4161290322580645,12.609970674486803
33.62281085195718,38.483617828830944,0.3548583984375,0.6474609375,-0.62042236328125,0.26446533203125,1.4451612903225806,43.79276637341153,0.4290322580645161,13.000977517106548
33.64285203797044,38.483617828830944,0.3548583984375,0.6474609375,-0.62042236328125,0.26446533203125,1.4451612903225806,43.79276637341153,0.43548387096774194,13.196480938416421
33.66295559494756,37.42287524124537,0.36126708984375,0.64276123046875,-0.619384765625,0.2696533203125,1.4419354838709677,43.6950146627566,0.43548387096774194,13.196480938416421
33.683069263002835,37.42287524124537,0.36126708984375,0.64276123046875,-0.619384765625,0.2696533203125,1.4580645161290322,44.18377321603128,0.4483870967741935,13.587487781036167
33.70313931495184,37.42287524124537,0.36126708984375,0.64276123046875,-0.619384765625,0.2696533203125,1.4741935483870967,44.67253176930596,0.4580645161290322,13.880742913000976
33.72322466195328,36.37187682799054,0.36639404296875,0.63848876953125,-0.6180419921875,0.27587890625,1.4741935483870967,44.67253176930596,0.4419354838709677,13.391984359726294
33.74329625000246,36.37187682799054,0.36639404296875,0.63848876953125,-0.6180419921875,0.27587890625,1.464516129032258,44.37927663734115,0.45161290322580644,13.685239491691107
33.76340028597042,35.3295219440168,0.37103271484375,0.63470458984375,-0.6162109375,0.282470703125,1.496774193548387,45.35679374389051,0.4580645161290322,13.880742913000976
33.78345840098336,35.3295219440168,0.37103271484375,0.63470458984375,-0.6162109375,0.282470703125,1.496774193548387,45.35679374389051,0.46451612903225803,14.076246334310849
33.80353674094658,35.3295219440168,0.37103271484375,0.63470458984375,-0.6162109375,0.282470703125,1.5,45.45454545454546,0.4387096774193548,13.294232649071358
33.823645128984936,34.27572367726337,0.3748779296875,0.62994384765625,-0.615478515625,0.28961181640625,1.5129032258064514,45.8455522971652,0.46774193548387094,14.173998044965789
33.843694091949146,34.27572367726337,0.3748779296875,0.62994384765625,-0.615478515625,0.28961181640625,1.5096774193548386,45.74780058651026,0.4419354838709677,13.391984359726294
33.86377095896751,33.18419005320186,0.378662109375,0.623779296875,-0.6158447265625,0.2969970703125,1.4806451612903224,44.868035190615835,0.47419354838709676,14.369501466275661
33.88386245095171,33.18419005320186,0.378662109375,0.623779296875,-0.6158447265625,0.2969970703125,1.5,45.45454545454546,0.5,15.151515151515152
33.90394175099209,33.18419005320186,0.378662109375,0.623779296875,-0.6158447265625,0.2969970703125,1.5451612903225804,46.82306940371456,0.5258064516129032,15.933528836754643
33.92401362594683,32.30906927709226,0.3809814453125,0.61859130859375,-0.6165771484375,0.30340576171875,1.5451612903225804,46.82306940371456,0.5161290322580645,15.640273704789834
33.944118590967264,32.30906927709226,0.3809814453125,0.61859130859375,-0.6165771484375,0.30340576171875,1.593548387096774,48.289345063538605,0.532258064516129,16.129032258064516
33.96417548897443,31.480986007664036,0.3836669921875,0.6141357421875,-0.616455078125,0.3092041015625,1.6161290322580644,48.97360703812317,0.532258064516129,16.129032258064516
33.98429306194885,31.480986007664036,0.3836669921875,0.6141357421875,-0.616455078125,0.3092041015625,1.5741935483870966,47.702834799608986,0.6,18.181818181818183
34.00438999396283,31.480986007664036,0.3836669921875,0.6141357421875,-0.616455078125,0.3092041015625,1.5838709677419354,47.9960899315738,0.5806451612903226,17.595307917888565
34.02444478095276,30.732755439097787,0.38604736328125,0.6103515625,-0.61602783203125,0.31451416015625,1.593548387096774,48.289345063538605,0.5129032258064515,15.542521994134894
34.04452894499991,30.732755439097787,0.38604736328125,0.6103515625,-0.61602783203125,0.31451416015625,1.5999999999999999,48.484848484848484,0.5838709677419355,17.6930596285435
34.06462642096449,30.16023689715211,0.3875732421875,0.60723876953125,-0.615966796875,0.31878662109375,1.5870967741935482,48.09384164222873,0.6096774193548387,18.475073313782993
34.084688119997736,30.16023689715211,0.3875732421875,0.60723876953125,-0.615966796875,0.31878662109375,1.5709677419354837,47.60508308895405,0.7225806451612903,21.896383186705766
34.1048237089999,30.16023689715211,0.3875732421875,0.60723876953125,-0.615966796875,0.31878662109375,1.6096774193548384,48.77810361681329,0.732258064516129,22.189638318670575
34.124904032971244,29.647629952988446,0.3892822265625,0.6043701171875,-0.6158447265625,0.32232666015625,1.635483870967742,49.56011730205279,0.7225806451612903,21.896383186705766
34.14502333395649,29.647629952988446,0.3892822265625,0.6043701171875,-0.6158447265625,0.32232666015625,1.5870967741935482,48.09384164222873,0.7354838709677419,22.28739002932551
34.1651252899901,29.265869318650232,0.39031982421875,0.60247802734375,-0.61553955078125,0.3251953125,1.5870967741935482,48.09384164222873,0.7161290322580645,21.700879765395893
34.185130986967124,29.265869318650232,0.39031982421875,0.60247802734375,-0.61553955078125,0.3251953125,1.593548387096774,48.289345063538605,0.7806451612903225,23.65591397849462
34.205264336953405,29.265869318650232,0.39031982421875,0.60247802734375,-0.61553955078125,0.3251953125,1.62258064516129,49.169110459433035,0.6935483870967742,21.016617790811342
34.225350004970096,29.017948787646787,0.3905029296875,0.6011962890625,-0.61553955078125,0.32745361328125,1.635483870967742,49.56011730205279,0.664516129032258,20.13685239491691
34.245403446955606,29.017948787646787,0.3905029296875,0.6011962890625,-0.61553955078125,0.32745361328125,1.6483870967741936,49.95112414467254,0.732258064516129,22.189638318670575
34.26549417094793,28.87838670676466,0.38983154296875,0.59991455078125,-0.6160888671875,0.3294677734375,1.6451612903225807,49.8533724340176,0.7451612903225806,22.58064516129032
34.285551261971705,28.87838670676466,0.38983154296875,0.59991455078125,-0.6160888671875,0.3294677734375,1.62258064516129,49.169110459433035,0.8451612903225806,25.61094819159335
34.30563120194711,28.87838670676466,0.38983154296875,0.59991455078125,-0.6160888671875,0.3294677734375,1.6451612903225807,49.8533724340176,0.9129032258064516,27.663734115347015
34.32570746098645,28.757439396343813,0.38922119140625,0.59906005859375,-0.616455078125,0.3311767578125,1.6483870967741936,49.95112414467254,0.8419354838709677,25.513196480938415
34.34579021699028,28.757439396343813,0.38922119140625,0.59906005859375,-0.616455078125,0.3311767578125,1.6548387096774193,50.146627565982406,0.8258064516129032,25.024437927663733
34.36588487698464,28.606689566251468,0.3887939453125,0.5982666015625,-0.6163330078125,0.33319091796875,1.6548387096774193,50.146627565982406,0.8483870967741935,25.708699902248288
34.38591953495052,28.606689566251468,0.3887939453125,0.5982666015625,-0.6163330078125,0.33319091796875,1.6612903225806452,50.34213098729228,0.9387096774193548,28.445747800586513
34.40601880295435,28.606689566251468,0.3887939453125,0.5982666015625,-0.6163330078125,0.33319091796875,1.6516129032258065,50.048875855327466,0.9870967741935484,29.91202346041056
34.4260952869663,28.413668953559593,0.38818359375,0.5975341796875,-0.61614990234375,0.335693359375,1.6516129032258065,50.048875855327466,0.9161290322580644,27.76148582600195
34.44616552995285,28.413668953559593,0.38818359375,0.5975341796875,-0.61614990234375,0.335693359375,1.667741935483871,50.53763440860215,0.8935483870967741,27.077223851417397
34.46627609495772,28.28073988061798,0.38775634765625,0.59698486328125,-0.61590576171875,0.3375244140625,1.6741935483870967,50.733137829912025,0.9516129032258065,28.83675464320626
34.48631491296692,28.28073988061798,0.38775634765625,0.59698486328125,-0.61590576171875,0.3375244140625,1.6612903225806452,50.34213098729228,0.9870967741935484,29.91202346041056
34.506386404973455,28.28073988061798,0.38775634765625,0.59698486328125,-0.61590576171875,0.3375244140625,1.6548387096774193,50.146627565982406,0.996774193548387,30.205278592375368
34.52648884098744,28.247602204859156,0.38763427734375,0.597412109375,-0.615234375,0.33807373046875,1.6516129032258065,50.048875855327466,0.9870967741935484,29.91202346041056
34.546560075948946,28.247602204859156,0.38763427734375,0.597412109375,-0.615234375,0.33807373046875,1.667741935483871,50.53763440860215,0.9870967741935484,29.91202346041056
34.566604398947675,28.327460078545272,0.3883056640625,0.5994873046875,-0.61358642578125,0.33673095703125,1.6612903225806452,50.34213098729228,0.9870967741935484,29.91202346041056
34.586672785982955,28.327460078545272,0.3883056640625,0.5994873046875,-0.61358642578125,0.33673095703125,1.6516129032258065,50.048875855327466,0.9903225806451612,30.009775171065495
34.60679672699189,28.327460078545272,0.3883056640625,0.5994873046875,-0.61358642578125,0.33673095703125,1.6516129032258065,50.048875855327466,1.0032258064516129,30.40078201368524
34.62685810599942,28.362620368027564,0.38897705078125,0.600341796875,-0.61273193359375,0.33587646484375,1.6419354838709677,49.75562072336266,0.9935483870967742,30.107526881720432
34.64690268499544,28.362620368027564,0.38897705078125,0.600341796875,-0.61273193359375,0.33587646484375,1.6419354838709677,49.75562072336266,1.0,30.303030303030305
34.66697641595965,28.372212484694074,0.3895263671875,0.60052490234375,-0.612548828125,0.33526611328125,1.6258064516129032,49.266862170087975,0.9516129032258065,28.83675464320626
34.68703465897124,28.372212484694074,0.3895263671875,0.60052490234375,-0.612548828125,0.33526611328125,1.6258064516129032,49.266862170087975,0.9774193548387097,29.61876832844575
34.707098661980126,28.372212484694074,0.3895263671875,0.60052490234375,-0.612548828125,0.33526611328125,1.62258064516129,49.169110459433035,0.9032258064516129,27.370478983382213
34.727169064979535,28.37143451636193,0.39007568359375,0.6005859375,-0.61248779296875,0.334716796875,1.6258064516129032,49.266862170087975,0.9258064516129031,28.05474095796676
34.74729246197967,28.37143451636193,0.39007568359375,0.6005859375,-0.61248779296875,0.334716796875,1.6290322580645162,49.36461388074292,0.9258064516129031,28.05474095796676
34.76741560298251,28.361187944015576,0.390625,0.60040283203125,-0.612548828125,0.33428955078125,1.6258064516129032,49.266862170087975,0.9258064516129031,28.05474095796676
34.78744344494771,28.361187944015576,0.390625,0.60040283203125,-0.612548828125,0.33428955078125,1.6290322580645162,49.36461388074292,0.9161290322580644,27.76148582600195
34.80752776894951,28.361187944015576,0.390625,0.60040283203125,-0.612548828125,0.33428955078125,1.6290322580645162,49.36461388074292,0.9161290322580644,27.76148582600195
34.82761868496891,28.32657932147896,0.39166259765625,0.60009765625,-0.61248779296875,0.33367919921875,1.6483870967741936,49.95112414467254,0.9129032258064516,27.663734115347015
34.84769036795478,28.32657932147896,0.39166259765625,0.60009765625,-0.61248779296875,0.33367919921875,1.6451612903225807,49.8533724340176,0.9580645161290322,29.03225806451613
34.86775865999516,28.264255279978393,0.3929443359375,0.59979248046875,-0.61224365234375,0.3331298828125,1.6483870967741936,49.95112414467254,0.8935483870967741,27.077223851417397
34.88783635897562,28.264255279978393,0.3929443359375,0.59979248046875,-0.61224365234375,0.3331298828125,1.6838709677419355,51.02639296187683,0.9935483870967742,30.107526881720432
34.90790676197503,28.264255279978393,0.3929443359375,0.59979248046875,-0.61224365234375,0.3331298828125,1.6096774193548384,48.77810361681329,1.0032258064516129,30.40078201368524
34.92797822196735,28.2057855349381,0.39404296875,0.59930419921875,-0.6123046875,0.3326416015625,1.6451612903225807,49.8533724340176,0.9096774193548386,27.56598240469208
34.9480583529803,28.2057855349381,0.39404296875,0.59930419921875,-0.6123046875,0.3326416015625,1.6387096774193548,49.65786901270772,0.9419354838709677,28.54349951124145
34.96816382999532,28.15552124514783,0.3953857421875,0.5982666015625,-0.6129150390625,0.331787109375,1.6483870967741936,49.95112414467254,0.9516129032258065,28.83675464320626
34.98820373596391,28.15552124514783,0.3953857421875,0.5982666015625,-0.6129150390625,0.331787109375,1.6483870967741936,49.95112414467254,0.9322580645161289,28.250244379276634
35.00829999597045,28.15552124514783,0.3953857421875,0.5982666015625,-0.6129150390625,0.331787109375,1.6483870967741936,49.95112414467254,0.9516129032258065,28.83675464320626
35.02837516798172,28.080164011275137,0.3970947265625,0.59710693359375,-0.6134033203125,0.33087158203125,1.6483870967741936,49.95112414467254,0.9258064516129031,28.05474095796676
35.04843040299602,28.080164011275137,0.3970947265625,0.59710693359375,-0.6134033203125,0.33087158203125,1.6419354838709677,49.75562072336266,0.9290322580645161,28.152492668621697
35.06851210194873,27.972820821979482,0.39886474609375,0.59588623046875,-0.6138916015625,0.33013916015625,1.6387096774193548,49.65786901270772,0.9290322580645161,28.152492668621697
35.088578825001605,27.972820821979482,0.39886474609375,0.59588623046875,-0.6138916015625,0.33013916015625,1.632258064516129,49.462365591397855,0.9258064516129031,28.05474095796676
35.108651596994605,27.972820821979482,0.39886474609375,0.59588623046875,-0.6138916015625,0.33013916015625,1.6483870967741936,49.95112414467254,0.9483870967741935,28.739002932551323
35.1287291359622,27.860815593072857,0.40093994140625,0.59454345703125,-0.61431884765625,0.3292236328125,1.6096774193548384,48.77810361681329,0.8709677419354839,26.392961876832842
35.14880776399514,27.860815593072857,0.40093994140625,0.59454345703125,-0.61431884765625,0.3292236328125,1.635483870967742,49.56011730205279,0.8483870967741935,25.708699902248288
35.16891231195768,27.730768061650096,0.403076171875,0.59295654296875,-0.61492919921875,0.328369140625,1.6290322580645162,49.36461388074292,0.8354838709677419,25.317693059628542
35.188973306969274,27.730768061650096,0.403076171875,0.59295654296875,-0.61492919921875,0.328369140625,1.6290322580645162,49.36461388074292,0.8483870967741935,25.708699902248288
35.209037053980865,27.730768061650096,0.403076171875,0.59295654296875,-0.61492919921875,0.328369140625,1.6032258064516127,48.58260019550342,0.8741935483870967,26.49071358748778
35.229139522998594,27.599905048167805,0.4051513671875,0.591552734375,-0.61529541015625,0.32763671875,1.6096774193548384,48.77810361681329,0.8741935483870967,26.49071358748778
35.249213381961454,27.599905048167805,0.4051513671875,0.591552734375,-0.61529541015625,0.32763671875,1.5741935483870966,47.702834799608986,0.8774193548387096,26.588465298142715
35.26927741698455,27.445699710054065,0.40765380859375,0.59063720703125,-0.61492919921875,0.32684326171875,1.5870967741935482,48.09384164222873,0.8806451612903226,26.68621700879765
35.28939543798333,27.445699710054065,0.40765380859375,0.59063720703125,-0.61492919921875,0.32684326171875,1.5677419354838709,47.507331378299114,0.8354838709677419,25.317693059628542
35.30944049695972,27.445699710054065,0.40765380859375,0.59063720703125,-0.61492919921875,0.32684326171875,1.5838709677419354,47.9960899315738,0.8387096774193549,25.41544477028348
35.32949621096486,27.179552361588748,0.4117431640625,0.58929443359375,-0.6141357421875,0.32568359375,1.5870967741935482,48.09384164222873,0.8225806451612904,24.9266862170088
35.34956591099035,27.179552361588748,0.4117431640625,0.58929443359375,-0.6141357421875,0.32568359375,1.558064516129032,47.21407624633431,0.8096774193548386,24.535679374389048
35.36966901895357,26.93826360975347,0.41650390625,0.58843994140625,-0.6126708984375,0.3238525390625,1.5838709677419354,47.9960899315738,0.796774193548387,24.144672531769302
35.38976713496959,26.93826360975347,0.41650390625,0.58843994140625,-0.6126708984375,0.3238525390625,1.5548387096774192,47.11632453567937,0.6516129032258063,19.745845552297162
35.409787008946296,26.93826360975347,0.41650390625,0.58843994140625,-0.6126708984375,0.3238525390625,1.561290322580645,47.31182795698924,0.5903225806451613,17.888563049853374
35.42987254896434,26.725475458003892,0.42108154296875,0.58807373046875,-0.61083984375,0.322021484375,1.5548387096774192,47.11632453567937,0.5387096774193548,16.32453567937439
35.44994762400165,26.725475458003892,0.42108154296875,0.58807373046875,-0.61083984375,0.322021484375,1.5838709677419354,47.9960899315738,0.37419354838709673,11.339198435972628
35.46999143494759,26.554180094357662,0.42559814453125,0.58929443359375,-0.6075439453125,0.3201904296875,1.5677419354838709,47.507331378299114,0.4774193548387097,14.467253176930598
35.49007678194903,26.554180094357662,0.42559814453125,0.58929443359375,-0.6075439453125,0.3201904296875,1.5451612903225804,46.82306940371456,0.4548387096774193,13.78299120234604
35.51012520096265,26.554180094357662,0.42559814453125,0.58929443359375,-0.6075439453125,0.3201904296875,1.596774193548387,48.38709677419355,0.4548387096774193,13.78299120234604
35.53025010199053,26.42750403695242,0.42919921875,0.5914306640625,-0.603515625,0.319091796875,1.5677419354838709,47.507331378299114,0.45161290322580644,13.685239491691107
35.55037484294735,26.42750403695242,0.42919921875,0.5914306640625,-0.603515625,0.319091796875,1.5516129032258064,47.018572825024435,0.5129032258064515,15.542521994134894
35.5704343339894,26.254933238626087,0.43017578125,0.59136962890625,-0.60223388671875,0.3201904296875,1.5419354838709676,46.72531769305962,0.5129032258064515,15.542521994134894
35.590474399970844,26.254933238626087,0.43017578125,0.59136962890625,-0.60223388671875,0.3201904296875,1.529032258064516,46.33431085043988,0.39677419354838706,12.023460410557183
35.61052547500003,26.254933238626087,0.43017578125,0.59136962890625,-0.60223388671875,0.3201904296875,1.5451612903225804,46.82306940371456,0.4096774193548387,12.41446725317693
35.6305894459947,25.73170899456494,0.4339599609375,0.58990478515625,-0.599853515625,0.322265625,1.5354838709677419,46.52981427174975,0.4419354838709677,13.391984359726294
35.65065092098666,25.73170899456494,0.4339599609375,0.58990478515625,-0.599853515625,0.322265625,1.532258064516129,46.432062561094824,0.46451612903225803,14.076246334310849
35.67071895697154,25.1356174931189,0.44244384765625,0.58917236328125,-0.59466552734375,0.32171630859375,1.5451612903225804,46.82306940371456,0.46774193548387094,14.173998044965789
35.690863057971,25.1356174931189,0.44244384765625,0.58917236328125,-0.59466552734375,0.32171630859375,1.5354838709677419,46.52981427174975,0.4612903225806451,13.978494623655912
35.71089467598358,25.1356174931189,0.44244384765625,0.58917236328125,-0.59466552734375,0.32171630859375,1.5451612903225804,46.82306940371456,0.43548387096774194,13.196480938416421
35.73094930296065,24.715090068237615,0.4527587890625,0.58856201171875,-0.58917236328125,0.3184814453125,1.5225806451612902,46.138807429130004,0.4612903225806451,13.978494623655912
35.751016281952616,24.715090068237615,0.4527587890625,0.58856201171875,-0.58917236328125,0.3184814453125,1.529032258064516,46.33431085043988,0.4967741935483871,15.053763440860216
35.771079228958115,24.556497777224394,0.46441650390625,0.58831787109375,-0.58367919921875,0.312255859375,1.5354838709677419,46.52981427174975,0.4774193548387097,14.467253176930598
35.791165504953824,24.556497777224394,0.46441650390625,0.58831787109375,-0.58367919921875,0.312255859375,1.532258064516129,46.432062561094824,0.47419354838709676,14.369501466275661
35.811226499965414,24.556497777224394,0.46441650390625,0.58831787109375,-0.58367919921875,0.312255859375,1.532258064516129,46.432062561094824,0.46774193548387094,14.173998044965789
35.83130615198752,24.62641611253055,0.4759521484375,0.5870361328125,-0.580078125,0.303955078125,1.5419354838709676,46.72531769305962,0.5096774193548387,15.444770283479961
35.85139332397375,24.62641611253055,0.4759521484375,0.5870361328125,-0.580078125,0.303955078125,1.5419354838709676,46.72531769305962,0.46774193548387094,14.173998044965789
35.871491567988414,24.543929245097715,0.48828125,0.58251953125,-0.57861328125,0.2957763671875,1.5064516129032257,45.650048875855326,0.5806451612903226,17.595307917888565
35.891598451999016,24.543929245097715,0.48828125,0.58251953125,-0.57861328125,0.2957763671875,1.4709677419354839,44.57478005865102,0.5419354838709677,16.422287390029325
35.91163045394933,24.543929245097715,0.48828125,0.58251953125,-0.57861328125,0.2957763671875,1.5483870967741935,46.9208211143695,0.5709677419354839,17.302052785923756
35.93168805696769,24.33945384081339,0.50274658203125,0.5784912109375,-0.57366943359375,0.2889404296875,1.5709677419354837,47.60508308895405,0.7580645161290323,22.97165200391007
35.95174466795288,24.33945384081339,0.50274658203125,0.5784912109375,-0.57366943359375,0.2889404296875,1.6096774193548384,48.77810361681329,0.832258064516129,25.219941348973606
35.97181839996483,24.335311439765974,0.51641845703125,0.57696533203125,-0.56597900390625,0.28302001953125,1.6064516129032256,48.68035190615835,0.8612903225806451,26.099706744868033
35.99191373196663,24.335311439765974,0.51641845703125,0.57696533203125,-0.56597900390625,0.28302001953125,1.6161290322580644,48.97360703812317,0.8548387096774194,25.90420332355816
36.01202346396167,24.335311439765974,0.51641845703125,0.57696533203125,-0.56597900390625,0.28302001953125,1.6161290322580644,48.97360703812317,0.8354838709677419,25.317693059628542
36.0320968759479,24.443802360788837,0.52752685546875,0.576416015625,-0.558349609375,0.2786865234375,1.6258064516129032,49.266862170087975,0.8032258064516128,24.340175953079175
36.05218276695814,24.443802360788837,0.52752685546875,0.576416015625,-0.558349609375,0.2786865234375,1.6387096774193548,49.65786901270772,0.8483870967741935,25.708699902248288
36.07220219296869,24.578544142560503,0.53533935546875,0.57745361328125,-0.5506591796875,0.27691650390625,1.6096774193548384,48.77810361681329,0.9032258064516129,27.370478983382213
36.092269524000585,24.578544142560503,0.53533935546875,0.57745361328125,-0.5506591796875,0.27691650390625,1.6903225806451612,51.2218963831867,0.9129032258064516,27.663734115347015
36.112321782973595,24.578544142560503,0.53533935546875,0.57745361328125,-0.5506591796875,0.27691650390625,1.6483870967741936,49.95112414467254,0.9419354838709677,28.54349951124145
36.132386874000076,24.676962844823137,0.54022216796875,0.5789794921875,-0.54443359375,0.2767333984375,1.6548387096774193,50.146627565982406,0.9903225806451612,30.009775171065495
36.15245878195856,24.676962844823137,0.54022216796875,0.5789794921875,-0.54443359375,0.2767333984375,1.664516129032258,50.43988269794721,0.9903225806451612,30.009775171065495
36.172540033003315,24.740875085726387,0.54364013671875,0.57958984375,-0.54046630859375,0.27655029296875,1.6612903225806452,50.34213098729228,1.025806451612903,31.08504398826979
36.19258070795331,24.740875085726387,0.54364013671875,0.57958984375,-0.54046630859375,0.27655029296875,1.6612903225806452,50.34213098729228,1.0548387096774192,31.964809384164223
36.21264426299604,24.740875085726387,0.54364013671875,0.57958984375,-0.54046630859375,0.27655029296875,1.7,51.515151515151516,1.0548387096774192,31.964809384164223
36.232708617986646,24.82028637293324,0.54656982421875,0.5792236328125,-0.5384521484375,0.275390625,1.6741935483870967,50.733137829912025,1.0451612903225806,31.671554252199414
36.25279358198168,24.82028637293324,0.54656982421875,0.5792236328125,-0.5384521484375,0.275390625,1.7032258064516128,51.61290322580645,1.0612903225806452,32.16031280547409
36.27284529694589,25.05496166349681,0.54803466796875,0.579345703125,-0.5380859375,0.2728271484375,1.7,51.515151515151516,1.0870967741935482,32.94232649071358
36.292906899994705,25.05496166349681,0.54803466796875,0.579345703125,-0.5380859375,0.2728271484375,1.7032258064516128,51.61290322580645,1.0677419354838709,32.355816226783965
36.312993878964335,25.05496166349681,0.54803466796875,0.579345703125,-0.5380859375,0.2728271484375,1.696774193548387,51.417399804496576,1.0516129032258064,31.867057673509287
36.33303944999352,25.280472239376763,0.54925537109375,0.5792236328125,-0.5384521484375,0.26995849609375,1.696774193548387,51.417399804496576,1.058064516129032,32.06256109481915
36.35310489300173,25.280472239376763,0.54925537109375,0.5792236328125,-0.5384521484375,0.26995849609375,1.696774193548387,51.417399804496576,1.0419354838709676,31.57380254154447
36.37317523197271,25.43446333565943,0.550537109375,0.5789794921875,-0.53839111328125,0.2679443359375,1.6935483870967742,51.31964809384164,1.0806451612903225,32.74682306940371
36.39324045198737,25.43446333565943,0.550537109375,0.5789794921875,-0.53839111328125,0.2679443359375,1.6935483870967742,51.31964809384164,1.090322580645161,33.040078201368516
36.413324998982716,25.43446333565943,0.550537109375,0.5789794921875,-0.53839111328125,0.2679443359375,1.7032258064516128,51.61290322580645,1.0999999999999999,33.33333333333333
36.43338807398686,25.581722171440703,0.5517578125,0.57904052734375,-0.53802490234375,0.26617431640625,1.6612903225806452,50.34213098729228,1.096774193548387,33.235581622678396
36.45350372698158,25.581722171440703,0.5517578125,0.57904052734375,-0.53802490234375,0.26617431640625,1.7,51.515151515151516,1.1064516129032256,33.5288367546432
36.473565394000616,25.71867388365287,0.55303955078125,0.57861328125,-0.5379638671875,0.26434326171875,1.6774193548387097,50.83088954056696,1.1064516129032256,33.5288367546432
36.49365115800174,25.71867388365287,0.55303955078125,0.57861328125,-0.5379638671875,0.26434326171875,1.6774193548387097,50.83088954056696,1.1096774193548387,33.62658846529814
36.513748153985944,25.71867388365287,0.55303955078125,0.57861328125,-0.5379638671875,0.26434326171875,1.7129032258064516,51.90615835777126,1.1290322580645162,34.21309872922777
36.53381756495219,25.794889388797742,0.5545654296875,0.578125,-0.53765869140625,0.262939453125,1.732258064516129,52.49266862170088,1.132258064516129,34.3108504398827
36.55389052897226,25.794889388797742,0.5545654296875,0.578125,-0.53765869140625,0.262939453125,1.6903225806451612,51.2218963831867,1.12258064516129,34.01759530791788
36.57399914099369,25.855938962388734,0.55609130859375,0.57769775390625,-0.537109375,0.2618408203125,1.7,51.515151515151516,1.12258064516129,34.01759530791788
36.59405642398633,25.855938962388734,0.55609130859375,0.57769775390625,-0.537109375,0.2618408203125,1.6774193548387097,50.83088954056696,1.1064516129032256,33.5288367546432
36.61412164295325,25.855938962388734,0.55609130859375,0.57769775390625,-0.537109375,0.2618408203125,1.6903225806451612,51.2218963831867,1.1193548387096772,33.91984359726295
