timestamp,elevation_deg,imu_i,imu_j,imu_k,imu_r,ch0_voltage,ch0_percentage,ch1_voltage,ch1_percentage,ch2_voltage,ch2_percentage
0.013602997991256416,15.885016344101231,-0.26983642578125,0.7049560546875,0.08209228515625,0.6507568359375,2.551612903225806,77.32160312805473,2.8,84.84848484848484,2.5,75.75757575757575
0.03747323004063219,15.950413688548167,-0.2703857421875,0.7030029296875,0.080810546875,0.65277099609375,2.554838709677419,77.41935483870968,2.8,84.84848484848484,2.525806451612903,76.53958944281524
0.05314207205083221,15.950413688548167,-0.2703857421875,0.7030029296875,0.080810546875,0.65277099609375,2.532258064516129,76.73509286412512,2.770967741935484,83.96871945259042,2.5354838709677416,76.83284457478005
0.07759651099331677,15.984308310649581,-0.2703857421875,0.70147705078125,0.07928466796875,0.6546630859375,2.564516129032258,77.71260997067448,2.7870967741935484,84.4574780058651,2.5419354838709673,77.02834799608992
0.09324807301163673,15.984308310649581,-0.2703857421875,0.70147705078125,0.07928466796875,0.6546630859375,2.5709677419354837,77.90811339198436,2.796774193548387,84.75073313782991,2.52258064516129,76.44183773216031
0.11376436497084796,15.984308310649581,-0.2703857421875,0.70147705078125,0.07928466796875,0.6546630859375,2.561290322580645,77.61485826001955,2.7838709677419353,84.35972629521017,2.525806451612903,76.53958944281524
0.13794065196998417,16.038672401376445,-0.27056884765625,0.70001220703125,0.07818603515625,0.65625,2.532258064516129,76.73509286412512,2.8096774193548386,85.14173998044966,2.4741935483870967,74.97556207233626
0.15334267204161733,16.038672401376445,-0.27056884765625,0.70001220703125,0.07818603515625,0.65625,2.532258064516129,76.73509286412512,2.8129032258064517,85.23949169110459,2.5032258064516126,75.8553274682307
0.1779155459953472,16.058303428807562,-0.27105712890625,0.6988525390625,0.0780029296875,0.65728759765625,2.5774193548387094,78.10361681329422,2.793548387096774,84.65298142717498,2.529032258064516,76.63734115347019
0.19371415104251355,16.058303428807562,-0.27105712890625,0.6988525390625,0.0780029296875,0.65728759765625,2.554838709677419,77.41935483870968,2.7870967741935484,84.4574780058651,2.5354838709677416,76.83284457478005
0.21394576400052756,16.058303428807562,-0.27105712890625,0.6988525390625,0.0780029296875,0.65728759765625,2.5709677419354837,77.90811339198436,2.7838709677419353,84.35972629521017,2.529032258064516,76.63734115347019
0.23768895294051617,16.03893042933838,-0.27117919921875,0.69793701171875,0.0780029296875,0.658203125,2.5774193548387094,78.10361681329422,2.8,84.84848484848484,2.529032258064516,76.63734115347019
0.25385383900720626,16.03893042933838,-0.27117919921875,0.69793701171875,0.0780029296875,0.658203125,2.554838709677419,77.41935483870968,2.8161290322580643,85.33724340175954,2.525806451612903,76.53958944281524
0.2805438860086724,15.997478235758521,-0.271484375,0.69744873046875,0.078369140625,0.65863037109375,2.596774193548387,78.69012707722385,2.806451612903226,85.04398826979474,2.5387096774193547,76.93059628543499
0.2939607680309564,15.997478235758521,-0.271484375,0.69744873046875,0.078369140625,0.65863037109375,2.564516129032258,77.71260997067448,2.8,84.84848484848484,2.5483870967741935,77.2238514173998
0.31402203999459743,15.997478235758521,-0.271484375,0.69744873046875,0.078369140625,0.65863037109375,2.6032258064516127,78.88563049853371,2.8161290322580643,85.33724340175954,2.5032258064516126,75.8553274682307
0.33828124194405973,15.96311880435212,-0.2713623046875,0.69696044921875,0.07879638671875,0.6590576171875,2.5709677419354837,77.90811339198436,2.867741935483871,86.90127077223852,2.525806451612903,76.53958944281524
0.3548891160171479,15.96311880435212,-0.2713623046875,0.69696044921875,0.07879638671875,0.6590576171875,2.5806451612903225,78.20136852394917,2.7838709677419353,84.35972629521017,2.519354838709677,76.34408602150538
0.37846276501659304,15.91110548821122,-0.270751953125,0.6971435546875,0.07867431640625,0.6591796875,2.5677419354838706,77.81036168132943,2.8129032258064517,85.23949169110459,2.529032258064516,76.63734115347019
0.39411045401357114,15.91110548821122,-0.270751953125,0.6971435546875,0.07867431640625,0.6591796875,2.551612903225806,77.32160312805473,2.796774193548387,84.75073313782991,2.529032258064516,76.63734115347019
0.41512301401235163,15.91110548821122,-0.270751953125,0.6971435546875,0.07867431640625,0.6591796875,2.5741935483870964,78.00586510263928,2.835483870967742,85.92375366568915,2.529032258064516,76.63734115347019
0.4383105740416795,15.87556215493288,-0.26947021484375,0.697998046875,0.07806396484375,0.65887451171875,2.5741935483870964,78.00586510263928,2.861290322580645,86.70576735092864,2.532258064516129,76.73509286412512
0.45488449395634234,15.87556215493288,-0.26947021484375,0.697998046875,0.07806396484375,0.65887451171875,2.551612903225806,77.32160312805473,2.8096774193548386,85.14173998044966,2.551612903225806,77.32160312805473
0.4789438189473003,15.850113122005752,-0.268310546875,0.69921875,0.07769775390625,0.6580810546875,2.5677419354838706,77.81036168132943,2.8096774193548386,85.14173998044966,2.532258064516129,76.73509286412512
0.49525581300258636,15.850113122005752,-0.268310546875,0.69921875,0.07769775390625,0.6580810546875,2.5774193548387094,78.10361681329422,2.8225806451612905,85.53274682306942,2.529032258064516,76.63734115347019
0.5147106710355729,15.850113122005752,-0.268310546875,0.69921875,0.07769775390625,0.6580810546875,2.564516129032258,77.71260997067448,2.829032258064516,85.72825024437928,2.5451612903225804,77.12609970674487
0.538658089004457,15.82285046823749,-0.26800537109375,0.7000732421875,0.0780029296875,0.65728759765625,2.5677419354838706,77.81036168132943,2.8161290322580643,85.33724340175954,2.564516129032258,77.71260997067448
0.5551854480290785,15.82285046823749,-0.26800537109375,0.7000732421875,0.0780029296875,0.65728759765625,2.5774193548387094,78.10361681329422,2.825806451612903,85.63049853372434,2.551612903225806,77.32160312805473
0.578759960946627,15.809092276774095,-0.26873779296875,0.7003173828125,0.0792236328125,0.65655517578125,2.554838709677419,77.41935483870968,2.8161290322580643,85.33724340175954,2.4741935483870967,74.97556207233626
0.5949949610512704,15.809092276774095,-0.26873779296875,0.7003173828125,0.0792236328125,0.65655517578125,2.5709677419354837,77.90811339198436,2.8741935483870966,87.09677419354838,2.487096774193548,75.366568914956
0.6157765079988167,15.809092276774095,-0.26873779296875,0.7003173828125,0.0792236328125,0.65655517578125,2.587096774193548,78.39687194525904,2.8096774193548386,85.14173998044966,2.532258064516129,76.73509286412512
0.638972579035908,15.825336474651252,-0.2705078125,0.7003173828125,0.0809326171875,0.6556396484375,2.5999999999999996,78.78787878787878,2.774193548387097,84.06647116324537,2.551612903225806,77.32160312805473
0.655627749976702,15.825336474651252,-0.2705078125,0.7003173828125,0.0809326171875,0.6556396484375,2.5741935483870964,78.00586510263928,2.8225806451612905,85.53274682306942,2.5354838709677416,76.83284457478005
0.679188470938243,15.900050628506278,-0.272705078125,0.70001220703125,0.0823974609375,0.65484619140625,2.583870967741935,78.2991202346041,2.8,84.84848484848484,2.5354838709677416,76.83284457478005
0.6953209399944171,15.900050628506278,-0.272705078125,0.70001220703125,0.0823974609375,0.65484619140625,2.5999999999999996,78.78787878787878,2.8096774193548386,85.14173998044966,2.564516129032258,77.71260997067448
0.7154342459980398,15.900050628506278,-0.272705078125,0.70001220703125,0.0823974609375,0.65484619140625,2.5774193548387094,78.10361681329422,2.8225806451612905,85.53274682306942,2.5354838709677416,76.83284457478005
0.7394233930390328,16.00622445635925,-0.27532958984375,0.6993408203125,0.08367919921875,0.654296875,2.5774193548387094,78.10361681329422,2.8096774193548386,85.14173998044966,2.5387096774193547,76.93059628543499
0.7565484959632158,16.00622445635925,-0.27532958984375,0.6993408203125,0.08367919921875,0.654296875,2.5387096774193547,76.93059628543499,2.8129032258064517,85.23949169110459,2.558064516129032,77.5171065493646
0.7809153170092031,16.145666970113155,-0.2784423828125,0.6983642578125,0.08489990234375,0.65386962890625,2.6419354838709674,80.05865102639295,2.806451612903226,85.04398826979474,2.564516129032258,77.71260997067448
0.7974977180128917,16.145666970113155,-0.2784423828125,0.6983642578125,0.08489990234375,0.65386962890625,2.5741935483870964,78.00586510263928,2.835483870967742,85.92375366568915,2.5354838709677416,76.83284457478005
0.8155005699954927,16.145666970113155,-0.2784423828125,0.6983642578125,0.08489990234375,0.65386962890625,2.583870967741935,78.2991202346041,2.825806451612903,85.63049853372434,2.4741935483870967,74.97556207233626
0.8395257820375264,16.344133192548853,-0.28216552734375,0.69708251953125,0.0859375,0.65350341796875,2.5806451612903225,78.20136852394917,2.835483870967742,85.92375366568915,2.525806451612903,76.53958944281524
0.8554348220350221,16.344133192548853,-0.28216552734375,0.69708251953125,0.0859375,0.65350341796875,2.5806451612903225,78.20136852394917,2.829032258064516,85.72825024437928,2.564516129032258,77.71260997067448
0.8796088380040601,16.551353947735706,-0.286865234375,0.6949462890625,0.08746337890625,0.653564453125,2.5677419354838706,77.81036168132943,2.8129032258064517,85.23949169110459,2.558064516129032,77.5171065493646
0.8963259309530258,16.551353947735706,-0.286865234375,0.6949462890625,0.08746337890625,0.653564453125,2.590322580645161,78.49462365591397,2.835483870967742,85.92375366568915,2.519354838709677,76.34408602150538
0.9157079219585285,16.551353947735706,-0.286865234375,0.6949462890625,0.08746337890625,0.653564453125,2.583870967741935,78.2991202346041,2.803225806451613,84.94623655913979,2.519354838709677,76.34408602150538
0.939735054038465,16.777750034581146,-0.2901611328125,0.69256591796875,0.08740234375,0.65460205078125,2.590322580645161,78.49462365591397,2.8548387096774195,86.51026392961879,2.5387096774193547,76.93059628543499
0.9558109149802476,16.777750034581146,-0.2901611328125,0.69256591796875,0.08740234375,0.65460205078125,2.590322580645161,78.49462365591397,2.8,84.84848484848484,2.5451612903225804,77.12609970674487
0.9799817310413346,16.9300224470786,-0.29034423828125,0.6905517578125,0.08489990234375,0.656982421875,2.6451612903225805,80.1564027370479,2.796774193548387,84.75073313782991,2.5419354838709673,77.02834799608992
0.9962472920306027,16.9300224470786,-0.29034423828125,0.6905517578125,0.08489990234375,0.656982421875,2.583870967741935,78.2991202346041,2.832258064516129,85.82600195503422,2.4741935483870967,74.97556207233626
1.016080399043858,16.9300224470786,-0.29034423828125,0.6905517578125,0.08489990234375,0.656982421875,2.551612903225806,77.32160312805473,2.8096774193548386,85.14173998044966,2.564516129032258,77.71260997067448
1.0401356279617175,16.963103722919314,-0.2874755859375,0.68939208984375,0.0809326171875,0.65997314453125,2.587096774193548,78.39687194525904,2.8225806451612905,85.53274682306942,2.5,75.75757575757575
1.0562026880215853,16.963103722919314,-0.2874755859375,0.68939208984375,0.0809326171875,0.65997314453125,2.5774193548387094,78.10361681329422,2.806451612903226,85.04398826979474,2.4741935483870967,74.97556207233626
1.0801984600257128,16.914806684075913,-0.28289794921875,0.68896484375,0.0765380859375,0.66290283203125,2.6032258064516127,78.88563049853371,2.8,84.84848484848484,2.5387096774193547,76.93059628543499
1.096198637969792,16.914806684075913,-0.28289794921875,0.68896484375,0.0765380859375,0.66290283203125,2.583870967741935,78.2991202346041,2.7838709677419353,84.35972629521017,2.5387096774193547,76.93059628543499
1.1162616070359945,16.914806684075913,-0.28289794921875,0.68896484375,0.0765380859375,0.66290283203125,2.593548387096774,78.59237536656892,2.8129032258064517,85.23949169110459,2.561290322580645,77.61485826001955
1.1400745259597898,16.747626073816008,-0.27899169921875,0.688720703125,0.07427978515625,0.66510009765625,2.587096774193548,78.39687194525904,2.8225806451612905,85.53274682306942,2.5451612903225804,77.12609970674487
1.156894693034701,16.747626073816008,-0.27899169921875,0.688720703125,0.07427978515625,0.66510009765625,2.587096774193548,78.39687194525904,2.835483870967742,85.92375366568915,2.529032258064516,76.63734115347019
1.1804482139414176,16.520849972499704,-0.27508544921875,0.68878173828125,0.0731201171875,0.666748046875,2.596774193548387,78.69012707722385,2.8096774193548386,85.14173998044966,2.5354838709677416,76.83284457478005
1.1968189609469846,16.520849972499704,-0.27508544921875,0.68878173828125,0.0731201171875,0.666748046875,2.596774193548387,78.69012707722385,2.8129032258064517,85.23949169110459,2.564516129032258,77.71260997067448
1.2165660499595106,16.520849972499704,-0.27508544921875,0.68878173828125,0.0731201171875,0.666748046875,2.564516129032258,77.71260997067448,2.8193548387096774,85.43499511241447,2.564516129032258,77.71260997067448
1.2411751169711351,16.30020169713093,-0.27154541015625,0.68988037109375,0.07244873046875,0.6671142578125,2.5709677419354837,77.90811339198436,2.832258064516129,85.82600195503422,2.5,75.75757575757575
1.256659731036052,16.30020169713093,-0.27154541015625,0.68988037109375,0.07244873046875,0.6671142578125,2.587096774193548,78.39687194525904,2.7838709677419353,84.35972629521017,2.4741935483870967,74.97556207233626
1.2813410880044103,16.019516054676288,-0.2681884765625,0.691650390625,0.07275390625,0.6666259765625,2.596774193548387,78.69012707722385,2.8225806451612905,85.53274682306942,2.5354838709677416,76.83284457478005
1.2982427609385923,16.019516054676288,-0.2681884765625,0.691650390625,0.07275390625,0.6666259765625,2.593548387096774,78.59237536656892,2.806451612903226,85.04398826979474,2.5354838709677416,76.83284457478005
1.3167027769377455,16.019516054676288,-0.2681884765625,0.691650390625,0.07275390625,0.6666259765625,2.6419354838709674,80.05865102639295,2.8193548387096774,85.43499511241447,2.52258064516129,76.44183773216031
1.342395200044848,15.739319817384029,-0.26422119140625,0.694580078125,0.072998046875,0.66510009765625,2.6096774193548384,79.0811339198436,2.793548387096774,84.65298142717498,2.5387096774193547,76.93059628543499
1.3569834070513025,15.739319817384029,-0.26422119140625,0.694580078125,0.072998046875,0.66510009765625,2.6032258064516127,78.88563049853371,2.8129032258064517,85.23949169110459,2.551612903225806,77.32160312805473
1.3817409570328891,15.467808612139905,-0.2613525390625,0.697509765625,0.07415771484375,0.6630859375,2.5806451612903225,78.20136852394917,2.8806451612903223,87.29227761485826,2.529032258064516,76.63734115347019
1.3970135659910738,15.467808612139905,-0.2613525390625,0.697509765625,0.07415771484375,0.6630859375,2.5806451612903225,78.20136852394917,2.832258064516129,85.82600195503422,2.5064516129032257,75.95307917888563
1.4237122209742665,15.15388947415191,-0.259521484375,0.69866943359375,0.07647705078125,0.662353515625,2.596774193548387,78.69012707722385,2.8741935483870966,87.09677419354838,2.5419354838709673,77.02834799608992
1.4371917919488624,15.15388947415191,-0.259521484375,0.69866943359375,0.07647705078125,0.662353515625,2.5774193548387094,78.10361681329422,2.8129032258064517,85.23949169110459,2.551612903225806,77.32160312805473
1.4572656729724258,15.15388947415191,-0.259521484375,0.69866943359375,0.07647705078125,0.662353515625,2.5709677419354837,77.90811339198436,2.8129032258064517,85.23949169110459,2.5709677419354837,77.90811339198436
1.4821706200018525,14.804113123905907,-0.25787353515625,0.698974609375,0.07940673828125,0.66229248046875,2.5806451612903225,78.20136852394917,2.8129032258064517,85.23949169110459,2.5451612903225804,77.12609970674487
1.4981643019709736,14.804113123905907,-0.25787353515625,0.698974609375,0.07940673828125,0.66229248046875,2.5806451612903225,78.20136852394917,2.829032258064516,85.72825024437928,2.5451612903225804,77.12609970674487
1.5215437379665673,14.533322822127872,-0.25616455078125,0.699462890625,0.0811767578125,0.6622314453125,2.525806451612903,76.53958944281524,2.835483870967742,85.92375366568915,2.564516129032258,77.71260997067448
1.5374413540121168,14.533322822127872,-0.25616455078125,0.699462890625,0.0811767578125,0.6622314453125,2.5806451612903225,78.20136852394917,2.796774193548387,84.75073313782991,2.561290322580645,77.61485826001955
1.5574662099825218,14.533322822127872,-0.25616455078125,0.699462890625,0.0811767578125,0.6622314453125,2.551612903225806,77.32160312805473,2.8161290322580643,85.33724340175954,2.564516129032258,77.71260997067448
1.5825801220489666,14.297929125265185,-0.25384521484375,0.7005615234375,0.0819091796875,0.66192626953125,2.596774193548387,78.69012707722385,2.796774193548387,84.75073313782991,2.554838709677419,77.41935483870968
1.5979305560467765,14.297929125265185,-0.25384521484375,0.7005615234375,0.0819091796875,0.66192626953125,2.5774193548387094,78.10361681329422,2.8483870967741933,86.3147605083089,2.551612903225806,77.32160312805473
1.6222146869404241,14.05869742126282,-0.25225830078125,0.7010498046875,0.08367919921875,0.6617431640625,2.587096774193548,78.39687194525904,2.829032258064516,85.72825024437928,2.5483870967741935,77.2238514173998
1.6381343510001898,14.05869742126282,-0.25225830078125,0.7010498046875,0.08367919921875,0.6617431640625,2.583870967741935,78.2991202346041,2.8225806451612905,85.53274682306942,2.532258064516129,76.73509286412512
1.6581977040041238,14.05869742126282,-0.25225830078125,0.7010498046875,0.08367919921875,0.6617431640625,2.5806451612903225,78.20136852394917,2.825806451612903,85.63049853372434,2.5741935483870964,78.00586510263928
1.6833581449463964,14.218085675575992,-0.25433349609375,0.699951171875,0.08367919921875,0.66204833984375,2.593548387096774,78.59237536656892,2.8225806451612905,85.53274682306942,2.551612903225806,77.32160312805473
1.6980113449972123,14.218085675575992,-0.25433349609375,0.699951171875,0.08367919921875,0.66204833984375,2.616129032258064,79.27663734115346,2.7870967741935484,84.4574780058651,2.5709677419354837,77.90811339198436
1.7226320609916002,14.291492356827973,-0.2572021484375,0.69854736328125,0.0850830078125,0.66229248046875,2.5806451612903225,78.20136852394917,2.8161290322580643,85.33724340175954,2.5774193548387094,78.10361681329422
1.738683728966862,14.291492356827973,-0.2572021484375,0.69854736328125,0.0850830078125,0.66229248046875,2.6032258064516127,78.88563049853371,2.8096774193548386,85.14173998044966,2.5774193548387094,78.10361681329422
1.7588667640229687,14.291492356827973,-0.2572021484375,0.69854736328125,0.0850830078125,0.66229248046875,2.6032258064516127,78.88563049853371,2.8,84.84848484848484,2.532258064516129,76.73509286412512
1.7844745119800791,14.144814268128528,-0.2596435546875,0.69769287109375,0.0894775390625,0.66162109375,2.5806451612903225,78.20136852394917,2.7838709677419353,84.35972629521017,2.558064516129032,77.5171065493646
1.7983933589421213,14.144814268128528,-0.2596435546875,0.69769287109375,0.0894775390625,0.66162109375,2.5999999999999996,78.78787878787878,2.8096774193548386,85.14173998044966,2.5,75.75757575757575
1.8224778999574482,13.976271370360138,-0.262939453125,0.69647216796875,0.0947265625,0.660888671875,2.5999999999999996,78.78787878787878,2.8,84.84848484848484,2.561290322580645,77.61485826001955
1.8385303360410035,13.976271370360138,-0.262939453125,0.69647216796875,0.0947265625,0.660888671875,2.5806451612903225,78.20136852394917,2.8096774193548386,85.14173998044966,2.5774193548387094,78.10361681329422
1.8588061099871993,13.976271370360138,-0.262939453125,0.69647216796875,0.0947265625,0.660888671875,2.590322580645161,78.49462365591397,2.793548387096774,84.65298142717498,2.519354838709677,76.34408602150538
1.8846612890483811,13.84617303091548,-0.26666259765625,0.6947021484375,0.099609375,0.66058349609375,2.5806451612903225,78.20136852394917,2.8096774193548386,85.14173998044966,2.529032258064516,76.63734115347019
1.8985527739860117,13.84617303091548,-0.26666259765625,0.6947021484375,0.099609375,0.66058349609375,2.590322580645161,78.49462365591397,2.7903225806451615,84.55522971652005,2.554838709677419,77.41935483870968
1.9238368340302259,13.831881297303525,-0.2711181640625,0.69305419921875,0.1041259765625,0.6597900390625,2.5806451612903225,78.20136852394917,2.770967741935484,83.96871945259042,2.564516129032258,77.71260997067448
1.9396218709880486,13.831881297303525,-0.2711181640625,0.69305419921875,0.1041259765625,0.6597900390625,2.5806451612903225,78.20136852394917,2.8129032258064517,85.23949169110459,2.561290322580645,77.61485826001955
1.9605834869435057,13.831881297303525,-0.2711181640625,0.69305419921875,0.1041259765625,0.6597900390625,2.590322580645161,78.49462365591397,2.7838709677419353,84.35972629521017,2.554838709677419,77.41935483870968
1.9850740870460868,14.01519870171127,-0.275146484375,0.69317626953125,0.1064453125,0.6575927734375,2.587096774193548,78.39687194525904,2.8,84.84848484848484,2.551612903225806,77.32160312805473
1.999642806011252,14.01519870171127,-0.275146484375,0.69317626953125,0.1064453125,0.6575927734375,2.6419354838709674,80.05865102639295,2.8096774193548386,85.14173998044966,2.5451612903225804,77.12609970674487
2.023188294027932,14.214593525521423,-0.2779541015625,0.6939697265625,0.1072998046875,0.65545654296875,2.6032258064516127,78.88563049853371,2.7838709677419353,84.35972629521017,2.554838709677419,77.41935483870968
2.0399608759908006,14.214593525521423,-0.2779541015625,0.6939697265625,0.1072998046875,0.65545654296875,2.5806451612903225,78.20136852394917,2.803225806451613,84.94623655913979,2.5677419354838706,77.81036168132943
2.0608518660301343,14.214593525521423,-0.2779541015625,0.6939697265625,0.1072998046875,0.65545654296875,2.590322580645161,78.49462365591397,2.770967741935484,83.96871945259042,2.5483870967741935,77.2238514173998
2.0844305079663172,14.315616921118789,-0.2811279296875,0.69390869140625,0.109375,0.65386962890625,2.5806451612903225,78.20136852394917,2.806451612903226,85.04398826979474,2.525806451612903,76.53958944281524
2.0999355380190536,14.315616921118789,-0.2811279296875,0.69390869140625,0.109375,0.65386962890625,2.6032258064516127,78.88563049853371,2.7870967741935484,84.4574780058651,2.5129032258064514,76.1485826001955
2.1229709329782054,14.381431193052578,-0.2855224609375,0.69268798828125,0.11309814453125,0.652587890625,2.551612903225806,77.32160312805473,2.7870967741935484,84.4574780058651,2.551612903225806,77.32160312805473
2.140456142020412,14.381431193052578,-0.2855224609375,0.69268798828125,0.11309814453125,0.652587890625,2.593548387096774,78.59237536656892,2.74516129032258,83.18670576735092,2.5483870967741935,77.2238514173998
2.160737131955102,14.381431193052578,-0.2855224609375,0.69268798828125,0.11309814453125,0.652587890625,2.616129032258064,79.27663734115346,2.74516129032258,83.18670576735092,2.525806451612903,76.53958944281524
2.1964562389766797,14.430184077287379,-0.2908935546875,0.69085693359375,0.1177978515625,0.65130615234375,2.583870967741935,78.2991202346041,2.7774193548387096,84.1642228739003,2.5419354838709673,77.02834799608992
2.199726816965267,14.430184077287379,-0.2908935546875,0.69085693359375,0.1177978515625,0.65130615234375,2.590322580645161,78.49462365591397,2.8096774193548386,85.14173998044966,2.551612903225806,77.32160312805473
2.225105663994327,14.427458397453833,-0.29638671875,0.689208984375,0.12322998046875,0.64959716796875,2.629032258064516,79.6676441837732,2.7838709677419353,84.35972629521017,2.5419354838709673,77.02834799608992
2.24025721300859,14.427458397453833,-0.29638671875,0.689208984375,0.12322998046875,0.64959716796875,2.5806451612903225,78.20136852394917,2.7806451612903227,84.26197458455523,2.5451612903225804,77.12609970674487
2.2601749299792573,14.427458397453833,-0.29638671875,0.689208984375,0.12322998046875,0.64959716796875,2.6032258064516127,78.88563049853371,2.7806451612903227,84.26197458455523,2.554838709677419,77.41935483870968
2.285884793032892,14.390274743358901,-0.30084228515625,0.68798828125,0.12835693359375,0.6478271484375,2.6129032258064515,79.17888563049853,2.761290322580645,83.67546432062561,2.5483870967741935,77.2238514173998
2.3006229560123757,14.390274743358901,-0.30084228515625,0.68798828125,0.12835693359375,0.6478271484375,2.554838709677419,77.41935483870968,2.8,84.84848484848484,2.551612903225806,77.32160312805473
2.325549343950115,14.329589291101712,-0.3046875,0.68658447265625,0.1331787109375,0.646484375,2.593548387096774,78.59237536656892,2.8,84.84848484848484,2.5483870967741935,77.2238514173998
2.3403166589559987,14.329589291101712,-0.3046875,0.68658447265625,0.1331787109375,0.646484375,2.590322580645161,78.49462365591397,2.7870967741935484,84.4574780058651,2.5451612903225804,77.12609970674487
2.3605662890477106,14.329589291101712,-0.3046875,0.68658447265625,0.1331787109375,0.646484375,2.558064516129032,77.5171065493646,2.806451612903226,85.04398826979474,2.5451612903225804,77.12609970674487
2.385899662040174,14.25340842072464,-0.30853271484375,0.68511962890625,0.1376953125,0.64532470703125,2.6032258064516127,78.88563049853371,2.803225806451613,84.94623655913979,2.564516129032258,77.71260997067448
2.4005999360233545,14.25340842072464,-0.30853271484375,0.68511962890625,0.1376953125,0.64532470703125,2.5806451612903225,78.20136852394917,2.8193548387096774,85.43499511241447,2.529032258064516,76.63734115347019
2.42558174894657,14.223717583169332,-0.311767578125,0.68359375,0.1412353515625,0.64459228515625,2.564516129032258,77.71260997067448,2.8096774193548386,85.14173998044966,2.525806451612903,76.53958944281524
2.440541708958335,14.223717583169332,-0.311767578125,0.68359375,0.1412353515625,0.64459228515625,2.596774193548387,78.69012707722385,2.8096774193548386,85.14173998044966,2.5483870967741935,77.2238514173998
2.46077524300199,14.223717583169332,-0.311767578125,0.68359375,0.1412353515625,0.64459228515625,2.593548387096774,78.59237536656892,2.7870967741935484,84.4574780058651,2.558064516129032,77.5171065493646
2.488475939957425,14.1913595061514,-0.3143310546875,0.68231201171875,0.14385986328125,0.6441650390625,2.587096774193548,78.39687194525904,2.7870967741935484,84.4574780058651,2.564516129032258,77.71260997067448
2.5006307419389486,14.1913595061514,-0.3143310546875,0.68231201171875,0.14385986328125,0.6441650390625,2.596774193548387,78.69012707722385,2.796774193548387,84.75073313782991,2.561290322580645,77.61485826001955
2.525971091003157,14.162411913650374,-0.31610107421875,0.68121337890625,0.145751953125,0.64404296875,2.5806451612903225,78.20136852394917,2.8,84.84848484848484,2.5677419354838706,77.81036168132943
2.5407955599948764,14.162411913650374,-0.31610107421875,0.68121337890625,0.145751953125,0.64404296875,2.583870967741935,78.2991202346041,2.803225806451613,84.94623655913979,2.5451612903225804,77.12609970674487
2.560823200037703,14.162411913650374,-0.31610107421875,0.68121337890625,0.145751953125,0.64404296875,2.596774193548387,78.69012707722385,2.7806451612903227,84.26197458455523,2.5774193548387094,78.10361681329422
2.5856003999942914,14.12948790143436,-0.3167724609375,0.68035888671875,0.146484375,0.64447021484375,2.5999999999999996,78.78787878787878,2.7838709677419353,84.35972629521017,2.5419354838709673,77.02834799608992
2.6012150009628385,14.12948790143436,-0.3167724609375,0.68035888671875,0.146484375,0.64447021484375,2.5806451612903225,78.20136852394917,2.7322580645161287,82.79569892473117,2.551612903225806,77.32160312805473
2.626376530039124,14.08503517812332,-0.3162841796875,0.6798095703125,0.14642333984375,0.645263671875,2.5806451612903225,78.20136852394917,2.7870967741935484,84.4574780058651,2.525806451612903,76.53958944281524
2.6411505340365693,14.08503517812332,-0.3162841796875,0.6798095703125,0.14642333984375,0.645263671875,2.587096774193548,78.39687194525904,2.7870967741935484,84.4574780058651,2.4741935483870967,74.97556207233626
2.6621131090214476,14.08503517812332,-0.3162841796875,0.6798095703125,0.14642333984375,0.645263671875,2.5774193548387094,78.10361681329422,2.7580645161290325,83.57771260997069,2.5419354838709673,77.02834799608992
2.686275350046344,14.015773326887981,-0.31414794921875,0.68017578125,0.14501953125,0.646240234375,2.5806451612903225,78.20136852394917,2.8096774193548386,85.14173998044966,2.5419354838709673,77.02834799608992
2.701180557021871,14.015773326887981,-0.31414794921875,0.68017578125,0.14501953125,0.646240234375,2.551612903225806,77.32160312805473,2.7580645161290325,83.57771260997069,2.6032258064516127,78.88563049853371
2.7274053449509665,13.923473823143581,-0.310546875,0.68145751953125,0.14251708984375,0.647216796875,2.5806451612903225,78.20136852394917,2.803225806451613,84.94623655913979,2.551612903225806,77.32160312805473
2.741742728976533,13.923473823143581,-0.310546875,0.68145751953125,0.14251708984375,0.647216796875,2.551612903225806,77.32160312805473,2.7806451612903227,84.26197458455523,2.6096774193548384,79.0811339198436
2.7614681540289894,13.923473823143581,-0.310546875,0.68145751953125,0.14251708984375,0.647216796875,2.593548387096774,78.59237536656892,2.7580645161290325,83.57771260997069,2.551612903225806,77.32160312805473
2.7868852090323344,13.816888692290817,-0.3060302734375,0.68316650390625,0.1392822265625,0.6483154296875,2.590322580645161,78.49462365591397,2.7903225806451615,84.55522971652005,2.5709677419354837,77.90811339198436
2.8017822559922934,13.816888692290817,-0.3060302734375,0.68316650390625,0.1392822265625,0.6483154296875,2.558064516129032,77.5171065493646,2.7806451612903227,84.26197458455523,2.5677419354838706,77.81036168132943
2.827787647023797,13.75433260780224,-0.30108642578125,0.68499755859375,0.13555908203125,0.6494140625,2.551612903225806,77.32160312805473,2.796774193548387,84.75073313782991,2.551612903225806,77.32160312805473
2.859222198021598,13.75433260780224,-0.30108642578125,0.68499755859375,0.13555908203125,0.6494140625,2.558064516129032,77.5171065493646,2.7870967741935484,84.4574780058651,2.558064516129032,77.5171065493646
2.862098910030909,13.75433260780224,-0.30108642578125,0.68499755859375,0.13555908203125,0.6494140625,2.5806451612903225,78.20136852394917,2.793548387096774,84.65298142717498,2.5451612903225804,77.12609970674487
2.8875252780271694,13.697976660976366,-0.296142578125,0.68682861328125,0.13165283203125,0.6505126953125,2.5806451612903225,78.20136852394917,2.803225806451613,84.94623655913979,2.5451612903225804,77.12609970674487
2.9017413799883798,13.697976660976366,-0.296142578125,0.68682861328125,0.13165283203125,0.6505126953125,2.5806451612903225,78.20136852394917,2.7870967741935484,84.4574780058651,2.551612903225806,77.32160312805473
2.927537261042744,13.65564453566374,-0.2913818359375,0.68865966796875,0.1275634765625,0.65155029296875,2.587096774193548,78.39687194525904,2.8,84.84848484848484,2.6032258064516127,78.88563049853371
2.941978201037273,13.65564453566374,-0.2913818359375,0.68865966796875,0.1275634765625,0.65155029296875,2.6032258064516127,78.88563049853371,2.761290322580645,83.67546432062561,2.551612903225806,77.32160312805473
2.962363769998774,13.65564453566374,-0.2913818359375,0.68865966796875,0.1275634765625,0.65155029296875,2.596774193548387,78.69012707722385,2.7806451612903227,84.26197458455523,2.4741935483870967,74.97556207233626
2.987636022036895,13.620381871439022,-0.28704833984375,0.69061279296875,0.12384033203125,0.65216064453125,2.5806451612903225,78.20136852394917,2.761290322580645,83.67546432062561,2.525806451612903,76.53958944281524
3.002464490942657,13.620381871439022,-0.28704833984375,0.69061279296875,0.12384033203125,0.65216064453125,2.593548387096774,78.59237536656892,2.7903225806451615,84.55522971652005,2.551612903225806,77.32160312805473
3.0272815000498667,13.615591689802542,-0.2835693359375,0.6923828125,0.1207275390625,0.65240478515625,2.6032258064516127,78.88563049853371,2.861290322580645,86.70576735092864,2.529032258064516,76.63734115347019
3.043585206964053,13.615591689802542,-0.2835693359375,0.6923828125,0.1207275390625,0.65240478515625,2.6096774193548384,79.0811339198436,2.8193548387096774,85.43499511241447,2.5419354838709673,77.02834799608992
3.0623975839698687,13.615591689802542,-0.2835693359375,0.6923828125,0.1207275390625,0.65240478515625,2.564516129032258,77.71260997067448,2.8,84.84848484848484,2.564516129032258,77.71260997067448
3.0877859350293875,13.621708760346664,-0.2806396484375,0.6939697265625,0.11810302734375,0.6524658203125,2.590322580645161,78.49462365591397,2.7838709677419353,84.35972629521017,2.5451612903225804,77.12609970674487
3.1025256980210543,13.621708760346664,-0.2806396484375,0.6939697265625,0.11810302734375,0.6524658203125,2.6064516129032254,78.98338220918865,2.8,84.84848484848484,2.5451612903225804,77.12609970674487
3.128145511029288,13.605792231809914,-0.2781982421875,0.6951904296875,0.11639404296875,0.6524658203125,2.616129032258064,79.27663734115346,2.770967741935484,83.96871945259042,2.554838709677419,77.41935483870968
3.1429769250098616,13.605792231809914,-0.2781982421875,0.6951904296875,0.11639404296875,0.6524658203125,2.616129032258064,79.27663734115346,2.796774193548387,84.75073313782991,2.5741935483870964,78.00586510263928
3.1628019040217623,13.605792231809914,-0.2781982421875,0.6951904296875,0.11639404296875,0.6524658203125,2.587096774193548,78.39687194525904,2.803225806451613,84.94623655913979,2.5419354838709673,77.02834799608992
3.1876056960318238,13.551579652246389,-0.27703857421875,0.69580078125,0.1158447265625,0.6524658203125,2.62258064516129,79.47214076246333,2.7870967741935484,84.4574780058651,2.554838709677419,77.41935483870968
3.2028452480444685,13.551579652246389,-0.27703857421875,0.69580078125,0.1158447265625,0.6524658203125,2.616129032258064,79.27663734115346,2.7580645161290325,83.57771260997069,2.5451612903225804,77.12609970674487
3.227593263029121,13.519409158817439,-0.277099609375,0.69580078125,0.11651611328125,0.65228271484375,2.6129032258064515,79.17888563049853,2.861290322580645,86.70576735092864,2.5483870967741935,77.2238514173998
3.2429297449998558,13.519409158817439,-0.277099609375,0.69580078125,0.11651611328125,0.65228271484375,2.596774193548387,78.69012707722385,2.8225806451612905,85.53274682306942,2.5419354838709673,77.02834799608992
3.2631706070387736,13.519409158817439,-0.277099609375,0.69580078125,0.11651611328125,0.65228271484375,2.5806451612903225,78.20136852394917,2.7870967741935484,84.4574780058651,2.5677419354838706,77.81036168132943
3.293218562961556,13.478940823278506,-0.27801513671875,0.69537353515625,0.1180419921875,0.65203857421875,2.6032258064516127,78.88563049853371,2.770967741935484,83.96871945259042,2.5774193548387094,78.10361681329422
3.3034812540281564,13.478940823278506,-0.27801513671875,0.69537353515625,0.1180419921875,0.65203857421875,2.6032258064516127,78.88563049853371,2.8419354838709676,86.11925708699903,2.5419354838709673,77.02834799608992
3.327879979973659,13.425474040554988,-0.27960205078125,0.69451904296875,0.12005615234375,0.65191650390625,2.6129032258064515,79.17888563049853,2.7870967741935484,84.4574780058651,2.551612903225806,77.32160312805473
3.3427892830222845,13.425474040554988,-0.27960205078125,0.69451904296875,0.12005615234375,0.65191650390625,2.593548387096774,78.59237536656892,2.7838709677419353,84.35972629521017,2.551612903225806,77.32160312805473
3.363457196042873,13.425474040554988,-0.27960205078125,0.69451904296875,0.12005615234375,0.65191650390625,2.616129032258064,79.27663734115346,2.7322580645161287,82.79569892473117,2.551612903225806,77.32160312805473
3.3889572620391846,13.361430897181108,-0.281494140625,0.69342041015625,0.12225341796875,0.65191650390625,2.616129032258064,79.27663734115346,2.770967741935484,83.96871945259042,2.5677419354838706,77.81036168132943
3.4033055269392207,13.361430897181108,-0.281494140625,0.69342041015625,0.12225341796875,0.65191650390625,2.564516129032258,77.71260997067448,2.8096774193548386,85.14173998044966,2.529032258064516,76.63734115347019
3.428105446975678,13.345825609168429,-0.28369140625,0.692138671875,0.12451171875,0.65185546875,2.6032258064516127,78.88563049853371,2.7774193548387096,84.1642228739003,2.525806451612903,76.53958944281524
3.4434779620496556,13.345825609168429,-0.28369140625,0.692138671875,0.12451171875,0.65185546875,2.5774193548387094,78.10361681329422,2.7870967741935484,84.4574780058651,2.558064516129032,77.5171065493646
3.4638586989603937,13.345825609168429,-0.28369140625,0.692138671875,0.12451171875,0.65185546875,2.5806451612903225,78.20136852394917,2.835483870967742,85.92375366568915,2.5451612903225804,77.12609970674487
3.488189263967797,13.329071070872487,-0.285888671875,0.6907958984375,0.1265869140625,0.65191650390625,2.5774193548387094,78.10361681329422,2.761290322580645,83.67546432062561,2.5483870967741935,77.2238514173998
3.5037262310506776,13.329071070872487,-0.285888671875,0.6907958984375,0.1265869140625,0.65191650390625,2.593548387096774,78.59237536656892,2.7322580645161287,82.79569892473117,2.561290322580645,77.61485826001955
3.5284567419439554,13.338394651517675,-0.2879638671875,0.68963623046875,0.12823486328125,0.65191650390625,2.587096774193548,78.39687194525904,2.7903225806451615,84.55522971652005,2.5483870967741935,77.2238514173998
3.5440478860400617,13.338394651517675,-0.2879638671875,0.68963623046875,0.12823486328125,0.65191650390625,2.587096774193548,78.39687194525904,2.7322580645161287,82.79569892473117,2.529032258064516,76.63734115347019
3.564282443956472,13.338394651517675,-0.2879638671875,0.68963623046875,0.12823486328125,0.65191650390625,2.6032258064516127,78.88563049853371,2.7903225806451615,84.55522971652005,2.5129032258064514,76.1485826001955
3.5887790280394256,13.348628967687617,-0.28973388671875,0.68865966796875,0.12957763671875,0.65191650390625,2.5774193548387094,78.10361681329422,2.764516129032258,83.77321603128055,2.558064516129032,77.5171065493646
3.6040580050321296,13.348628967687617,-0.28973388671875,0.68865966796875,0.12957763671875,0.65191650390625,2.525806451612903,76.53958944281524,2.764516129032258,83.77321603128055,2.532258064516129,76.73509286412512
3.62881418003235,13.345803416689066,-0.29071044921875,0.68792724609375,0.13037109375,0.652099609375,2.5774193548387094,78.10361681329422,2.774193548387097,84.06647116324537,2.5419354838709673,77.02834799608992
3.644134021946229,13.345803416689066,-0.29071044921875,0.68792724609375,0.13037109375,0.652099609375,2.558064516129032,77.5171065493646,2.774193548387097,84.06647116324537,2.5774193548387094,78.10361681329422
3.664529575034976,13.345803416689066,-0.29071044921875,0.68792724609375,0.13037109375,0.652099609375,2.554838709677419,77.41935483870968,2.7774193548387096,84.1642228739003,2.5483870967741935,77.2238514173998
3.688462081947364,13.34561477915156,-0.29083251953125,0.68768310546875,0.13043212890625,0.65228271484375,2.5806451612903225,78.20136852394917,2.770967741935484,83.96871945259042,2.564516129032258,77.71260997067448
3.7041320119751617,13.34561477915156,-0.29083251953125,0.68768310546875,0.13043212890625,0.65228271484375,2.6129032258064515,79.17888563049853,2.7580645161290325,83.57771260997069,2.5451612903225804,77.12609970674487
3.728941404959187,13.338600042520028,-0.29046630859375,0.68798828125,0.1302490234375,0.65216064453125,2.564516129032258,77.71260997067448,2.7322580645161287,82.79569892473117,2.554838709677419,77.41935483870968
3.7454971179831773,13.338600042520028,-0.29046630859375,0.68798828125,0.1302490234375,0.65216064453125,2.587096774193548,78.39687194525904,2.8096774193548386,85.14173998044966,2.5419354838709673,77.02834799608992
3.7654892690479755,13.338600042520028,-0.29046630859375,0.68798828125,0.1302490234375,0.65216064453125,2.587096774193548,78.39687194525904,2.8096774193548386,85.14173998044966,2.561290322580645,77.61485826001955
3.7890958150383085,13.283263473372955,-0.28936767578125,0.68878173828125,0.13006591796875,0.65185546875,2.590322580645161,78.49462365591397,2.7870967741935484,84.4574780058651,2.554838709677419,77.41935483870968
3.804799410980195,13.283263473372955,-0.28936767578125,0.68878173828125,0.13006591796875,0.65185546875,2.593548387096774,78.59237536656892,2.7903225806451615,84.55522971652005,2.561290322580645,77.61485826001955
3.8293240920174867,13.223861528731845,-0.28753662109375,0.69000244140625,0.1292724609375,0.65155029296875,2.6032258064516127,78.88563049853371,2.7870967741935484,84.4574780058651,2.551612903225806,77.32160312805473
3.8446242850041017,13.223861528731845,-0.28753662109375,0.69000244140625,0.1292724609375,0.65155029296875,2.616129032258064,79.27663734115346,2.7322580645161287,82.79569892473117,2.558064516129032,77.5171065493646
3.864609909011051,13.223861528731845,-0.28753662109375,0.69000244140625,0.1292724609375,0.65155029296875,2.596774193548387,78.69012707722385,2.7870967741935484,84.4574780058651,2.5483870967741935,77.2238514173998
3.8898040789645165,13.179155298657761,-0.2857666015625,0.691162109375,0.12847900390625,0.6512451171875,2.564516129032258,77.71260997067448,2.793548387096774,84.65298142717498,2.5741935483870964,78.00586510263928
3.9050508310319856,13.179155298657761,-0.2857666015625,0.691162109375,0.12847900390625,0.6512451171875,2.593548387096774,78.59237536656892,2.8225806451612905,85.53274682306942,2.519354838709677,76.34408602150538
3.9308918330352753,13.168356924092748,-0.28436279296875,0.6920166015625,0.12738037109375,0.65118408203125,2.596774193548387,78.69012707722385,2.796774193548387,84.75073313782991,2.5161290322580645,76.24633431085044
3.9448868739418685,13.168356924092748,-0.28436279296875,0.6920166015625,0.12738037109375,0.65118408203125,2.6032258064516127,78.88563049853371,2.7870967741935484,84.4574780058651,2.554838709677419,77.41935483870968
3.9653182360343635,13.168356924092748,-0.28436279296875,0.6920166015625,0.12738037109375,0.65118408203125,2.5999999999999996,78.78787878787878,2.803225806451613,84.94623655913979,2.5483870967741935,77.2238514173998
3.9904770139837638,13.200445613961847,-0.2833251953125,0.69287109375,0.12640380859375,0.65087890625,2.6064516129032254,78.98338220918865,2.770967741935484,83.96871945259042,2.5129032258064514,76.1485826001955
4.004649978945963,13.200445613961847,-0.2833251953125,0.69287109375,0.12640380859375,0.65087890625,2.6129032258064515,79.17888563049853,2.7806451612903227,84.26197458455523,2.529032258064516,76.63734115347019
4.031485310988501,13.216258673551792,-0.282470703125,0.69354248046875,0.12542724609375,0.6507568359375,2.6064516129032254,78.98338220918865,2.8096774193548386,85.14173998044966,2.564516129032258,77.71260997067448
4.0451962799998,13.216258673551792,-0.282470703125,0.69354248046875,0.12542724609375,0.6507568359375,2.5999999999999996,78.78787878787878,2.7806451612903227,84.26197458455523,2.564516129032258,77.71260997067448
4.065475734998472,13.216258673551792,-0.282470703125,0.69354248046875,0.12542724609375,0.6507568359375,2.5709677419354837,77.90811339198436,2.7870967741935484,84.4574780058651,2.564516129032258,77.71260997067448
4.090647888951935,13.242280601514594,-0.281982421875,0.69384765625,0.124755859375,0.6507568359375,2.5999999999999996,78.78787878787878,2.8548387096774195,86.51026392961879,2.5419354838709673,77.02834799608992
4.105612521991134,13.242280601514594,-0.281982421875,0.69384765625,0.124755859375,0.6507568359375,2.583870967741935,78.2991202346041,2.8225806451612905,85.53274682306942,2.529032258064516,76.63734115347019
4.1305321570253,13.244755196826617,-0.28192138671875,0.6939697265625,0.1246337890625,0.65069580078125,2.590322580645161,78.49462365591397,2.796774193548387,84.75073313782991,2.5774193548387094,78.10361681329422
4.145730459946208,13.244755196826617,-0.28192138671875,0.6939697265625,0.1246337890625,0.65069580078125,2.62258064516129,79.47214076246333,2.793548387096774,84.65298142717498,2.564516129032258,77.71260997067448
4.165558191947639,13.244755196826617,-0.28192138671875,0.6939697265625,0.1246337890625,0.65069580078125,2.6193548387096772,79.37438905180841,2.7870967741935484,84.4574780058651,2.558064516129032,77.5171065493646
4.1909389270003885,13.24971978862176,-0.28204345703125,0.6939697265625,0.12469482421875,0.650634765625,2.616129032258064,79.27663734115346,2.7322580645161287,82.79569892473117,2.551612903225806,77.32160312805473
4.206152910017408,13.24971978862176,-0.28204345703125,0.6939697265625,0.12469482421875,0.650634765625,2.5999999999999996,78.78787878787878,2.829032258064516,85.72825024437928,2.5483870967741935,77.2238514173998
4.230292813968845,13.237443766997274,-0.28216552734375,0.69378662109375,0.125,0.65069580078125,2.5806451612903225,78.20136852394917,2.8,84.84848484848484,2.525806451612903,76.53958944281524
4.245875766035169,13.237443766997274,-0.28216552734375,0.69378662109375,0.125,0.65069580078125,2.5774193548387094,78.10361681329422,2.7903225806451615,84.55522971652005,2.564516129032258,77.71260997067448
4.265974993002601,13.237443766997274,-0.28216552734375,0.69378662109375,0.125,0.65069580078125,2.6193548387096772,79.37438905180841,2.7870967741935484,84.4574780058651,2.564516129032258,77.71260997067448
4.291852060006931,13.20255036174953,-0.2825927734375,0.6934814453125,0.1256103515625,0.6507568359375,2.593548387096774,78.59237536656892,2.8161290322580643,85.33724340175954,2.525806451612903,76.53958944281524
4.305961407953873,13.20255036174953,-0.2825927734375,0.6934814453125,0.1256103515625,0.6507568359375,2.661290322580645,80.64516129032258,2.7806451612903227,84.26197458455523,2.558064516129032,77.5171065493646
4.33072203095071,13.163455920182912,-0.2830810546875,0.6929931640625,0.1263427734375,0.65093994140625,2.6064516129032254,78.98338220918865,2.8161290322580643,85.33724340175954,2.525806451612903,76.53958944281524
4.346076978021301,13.163455920182912,-0.2830810546875,0.6929931640625,0.1263427734375,0.65093994140625,2.6096774193548384,79.0811339198436,2.7870967741935484,84.4574780058651,2.5483870967741935,77.2238514173998
4.366318320040591,13.163455920182912,-0.2830810546875,0.6929931640625,0.1263427734375,0.65093994140625,2.596774193548387,78.69012707722385,2.8,84.84848484848484,2.5419354838709673,77.02834799608992
4.390947676030919,13.134077922675203,-0.28350830078125,0.6923828125,0.12701416015625,0.6512451171875,2.5774193548387094,78.10361681329422,2.7838709677419353,84.35972629521017,2.5774193548387094,78.10361681329422
4.406478018965572,13.134077922675203,-0.28350830078125,0.6923828125,0.12701416015625,0.6512451171875,2.6032258064516127,78.88563049853371,2.796774193548387,84.75073313782991,2.529032258064516,76.63734115347019
4.431200081948191,13.072642018214097,-0.28363037109375,0.69195556640625,0.12762451171875,0.65155029296875,2.587096774193548,78.39687194525904,2.774193548387097,84.06647116324537,2.5483870967741935,77.2238514173998
4.4461292900377885,13.072642018214097,-0.28363037109375,0.69195556640625,0.12762451171875,0.65155029296875,2.596774193548387,78.69012707722385,2.806451612903226,85.04398826979474,2.564516129032258,77.71260997067448
4.467237054021098,13.072642018214097,-0.28363037109375,0.69195556640625,0.12762451171875,0.65155029296875,2.616129032258064,79.27663734115346,2.7870967741935484,84.4574780058651,2.558064516129032,77.5171065493646
4.787633026950061,13.047025233608736,-0.283935546875,0.69158935546875,0.12835693359375,0.651611328125,2.593548387096774,78.59237536656892,2.8,84.84848484848484,2.5419354838709673,77.02834799608992
4.787919849972241,13.047025233608736,-0.283935546875,0.69158935546875,0.12835693359375,0.651611328125,2.593548387096774,78.59237536656892,2.764516129032258,83.77321603128055,2.5451612903225804,77.12609970674487
4.808082245988771,13.007921093977416,-0.28399658203125,0.69140625,0.12872314453125,0.6517333984375,2.6032258064516127,78.88563049853371,2.8225806451612905,85.53274682306942,2.529032258064516,76.63734115347019
4.8281272309832275,13.007921093977416,-0.28399658203125,0.69140625,0.12872314453125,0.6517333984375,2.62258064516129,79.47214076246333,2.7870967741935484,84.4574780058651,2.558064516129032,77.5171065493646
4.848163287038915,13.007921093977416,-0.28399658203125,0.69140625,0.12872314453125,0.6517333984375,2.593548387096774,78.59237536656892,2.8129032258064517,85.23949169110459,2.529032258064516,76.63734115347019
4.868225104990415,12.993535516406908,-0.2838134765625,0.691162109375,0.12872314453125,0.65203857421875,2.593548387096774,78.59237536656892,2.796774193548387,84.75073313782991,2.5419354838709673,77.02834799608992
4.888270474039018,12.993535516406908,-0.2838134765625,0.691162109375,0.12872314453125,0.65203857421875,2.6032258064516127,78.88563049853371,2.803225806451613,84.94623655913979,2.529032258064516,76.63734115347019
4.908388835960068,12.971578781879998,-0.28363037109375,0.69097900390625,0.1287841796875,0.65228271484375,2.6032258064516127,78.88563049853371,2.7870967741935484,84.4574780058651,2.5709677419354837,77.90811339198436
4.928466622019187,12.971578781879998,-0.28363037109375,0.69097900390625,0.1287841796875,0.65228271484375,2.593548387096774,78.59237536656892,2.7870967741935484,84.4574780058651,2.6032258064516127,78.88563049853371
4.948479605955072,12.971578781879998,-0.28363037109375,0.69097900390625,0.1287841796875,0.65228271484375,2.5806451612903225,78.20136852394917,2.7870967741935484,84.4574780058651,2.5774193548387094,78.10361681329422
4.968585552996956,12.947093549446791,-0.2833251953125,0.69110107421875,0.128662109375,0.65234375,2.583870967741935,78.2991202346041,2.7870967741935484,84.4574780058651,2.564516129032258,77.71260997067448
4.988594281021506,12.947093549446791,-0.2833251953125,0.69110107421875,0.128662109375,0.65234375,2.5999999999999996,78.78787878787878,2.7870967741935484,84.4574780058651,2.564516129032258,77.71260997067448
5.008682882995345,12.936594923715717,-0.282958984375,0.6912841796875,0.12847900390625,0.65234375,2.5774193548387094,78.10361681329422,2.7903225806451615,84.55522971652005,2.564516129032258,77.71260997067448
5.028761500958353,12.936594923715717,-0.282958984375,0.6912841796875,0.12847900390625,0.65234375,2.654838709677419,80.4496578690127,2.8096774193548386,85.14173998044966,2.532258064516129,76.73509286412512
5.048836534959264,12.936594923715717,-0.282958984375,0.6912841796875,0.12847900390625,0.65234375,2.5999999999999996,78.78787878787878,2.8161290322580643,85.33724340175954,2.561290322580645,77.61485826001955
5.068891439936124,12.91997404255926,-0.28253173828125,0.69140625,0.12835693359375,0.65240478515625,2.593548387096774,78.59237536656892,2.8548387096774195,86.51026392961879,2.5354838709677416,76.83284457478005
5.088934825034812,12.91997404255926,-0.28253173828125,0.69140625,0.12835693359375,0.65240478515625,2.5677419354838706,77.81036168132943,2.7903225806451615,84.55522971652005,2.5451612903225804,77.12609970674487
5.109019267023541,12.877533754627436,-0.2822265625,0.6915283203125,0.12835693359375,0.6524658203125,2.6096774193548384,79.0811339198436,2.796774193548387,84.75073313782991,2.5387096774193547,76.93059628543499
5.129094525007531,12.877533754627436,-0.2822265625,0.6915283203125,0.12835693359375,0.6524658203125,2.6064516129032254,78.98338220918865,2.7870967741935484,84.4574780058651,2.519354838709677,76.34408602150538
5.149172566947527,12.877533754627436,-0.2822265625,0.6915283203125,0.12835693359375,0.6524658203125,2.593548387096774,78.59237536656892,2.8193548387096774,85.43499511241447,2.551612903225806,77.32160312805473
5.169215856003575,12.841783350617604,-0.2818603515625,0.69158935546875,0.12847900390625,0.65252685546875,2.593548387096774,78.59237536656892,2.770967741935484,83.96871945259042,2.6096774193548384,79.0811339198436
5.1892554010264575,12.841783350617604,-0.2818603515625,0.69158935546875,0.12847900390625,0.65252685546875,2.5806451612903225,78.20136852394917,2.7870967741935484,84.4574780058651,2.5483870967741935,77.2238514173998
5.20934112300165,12.839003848448058,-0.2816162109375,0.6915283203125,0.12860107421875,0.652587890625,2.5806451612903225,78.20136852394917,2.8096774193548386,85.14173998044966,2.5,75.75757575757575
5.229382972000167,12.839003848448058,-0.2816162109375,0.6915283203125,0.12860107421875,0.652587890625,2.6129032258064515,79.17888563049853,2.835483870967742,85.92375366568915,2.5483870967741935,77.2238514173998
5.249478069948964,12.839003848448058,-0.2816162109375,0.6915283203125,0.12860107421875,0.652587890625,2.525806451612903,76.53958944281524,2.7903225806451615,84.55522971652005,2.5774193548387094,78.10361681329422
5.269543375936337,12.79820560143763,-0.28167724609375,0.69146728515625,0.12884521484375,0.65264892578125,2.629032258064516,79.6676441837732,2.7806451612903227,84.26197458455523,2.554838709677419,77.41935483870968
5.289582440978847,12.79820560143763,-0.28167724609375,0.69146728515625,0.12884521484375,0.65264892578125,2.6193548387096772,79.37438905180841,2.7580645161290325,83.57771260997069,2.5451612903225804,77.12609970674487
5.3096717150183395,12.787536668043373,-0.28192138671875,0.69134521484375,0.12908935546875,0.65264892578125,2.629032258064516,79.6676441837732,2.7903225806451615,84.55522971652005,2.5709677419354837,77.90811339198436
5.329752092948183,12.787536668043373,-0.28192138671875,0.69134521484375,0.12908935546875,0.65264892578125,2.6032258064516127,78.88563049853371,2.7838709677419353,84.35972629521017,2.5419354838709673,77.02834799608992
5.349818486021832,12.787536668043373,-0.28192138671875,0.69134521484375,0.12908935546875,0.65264892578125,2.564516129032258,77.71260997067448,2.796774193548387,84.75073313782991,2.52258064516129,76.44183773216031
5.36988971196115,12.804654001198074,-0.28228759765625,0.6910400390625,0.12921142578125,0.65277099609375,2.590322580645161,78.49462365591397,2.796774193548387,84.75073313782991,2.525806451612903,76.53958944281524
5.389927368960343,12.804654001198074,-0.28228759765625,0.6910400390625,0.12921142578125,0.65277099609375,2.616129032258064,79.27663734115346,2.7580645161290325,83.57771260997069,2.551612903225806,77.32160312805473
5.409981761942618,12.840738465496202,-0.28265380859375,0.6907958984375,0.12921142578125,0.65283203125,2.6032258064516127,78.88563049853371,2.793548387096774,84.65298142717498,2.6096774193548384,79.0811339198436
5.43005250801798,12.840738465496202,-0.28265380859375,0.6907958984375,0.12921142578125,0.65283203125,2.6032258064516127,78.88563049853371,2.8096774193548386,85.14173998044966,2.5,75.75757575757575
5.4501110289711505,12.840738465496202,-0.28265380859375,0.6907958984375,0.12921142578125,0.65283203125,2.593548387096774,78.59237536656892,2.7870967741935484,84.4574780058651,2.529032258064516,76.63734115347019
5.470201454940252,12.859942166775596,-0.282958984375,0.6907958984375,0.12908935546875,0.65277099609375,2.6129032258064515,79.17888563049853,2.774193548387097,84.06647116324537,2.561290322580645,77.61485826001955
5.490265064989217,12.859942166775596,-0.282958984375,0.6907958984375,0.12908935546875,0.65277099609375,2.658064516129032,80.54740957966764,2.770967741935484,83.96871945259042,2.558064516129032,77.5171065493646
5.551598098012619,12.910632629860629,-0.283447265625,0.69061279296875,0.12908935546875,0.6527099609375,2.62258064516129,79.47214076246333,2.796774193548387,84.75073313782991,2.564516129032258,77.71260997067448
5.55186008894816,12.910632629860629,-0.283447265625,0.69061279296875,0.12908935546875,0.6527099609375,2.596774193548387,78.69012707722385,2.861290322580645,86.70576735092864,2.5483870967741935,77.2238514173998
5.571973075973801,12.910632629860629,-0.283447265625,0.69061279296875,0.12908935546875,0.6527099609375,2.5806451612903225,78.20136852394917,2.8225806451612905,85.53274682306942,2.5483870967741935,77.2238514173998
5.592072334024124,12.949050156433614,-0.28363037109375,0.690673828125,0.12860107421875,0.6527099609375,2.5999999999999996,78.78787878787878,2.806451612903226,85.04398826979474,2.5451612903225804,77.12609970674487
5.612108870991506,12.949050156433614,-0.28363037109375,0.690673828125,0.12860107421875,0.6527099609375,2.5999999999999996,78.78787878787878,2.803225806451613,84.94623655913979,2.551612903225806,77.32160312805473
5.632157344021834,12.998222367237474,-0.28363037109375,0.690673828125,0.12811279296875,0.65277099609375,2.593548387096774,78.59237536656892,2.8096774193548386,85.14173998044966,2.525806451612903,76.53958944281524
5.652234649984166,12.998222367237474,-0.28363037109375,0.690673828125,0.12811279296875,0.65277099609375,2.593548387096774,78.59237536656892,2.8,84.84848484848484,2.5419354838709673,77.02834799608992
5.672328499960713,12.998222367237474,-0.28363037109375,0.690673828125,0.12811279296875,0.65277099609375,2.5999999999999996,78.78787878787878,2.793548387096774,84.65298142717498,2.564516129032258,77.71260997067448
5.692391854012385,13.036817658487607,-0.2838134765625,0.6905517578125,0.12774658203125,0.65289306640625,2.629032258064516,79.6676441837732,2.803225806451613,84.94623655913979,2.558064516129032,77.5171065493646
5.712478823959827,13.036817658487607,-0.2838134765625,0.6905517578125,0.12774658203125,0.65289306640625,2.5709677419354837,77.90811339198436,2.8,84.84848484848484,2.551612903225806,77.32160312805473
5.732519809040241,13.060686106553646,-0.28375244140625,0.69061279296875,0.1273193359375,0.6529541015625,2.6096774193548384,79.0811339198436,2.7322580645161287,82.79569892473117,2.551612903225806,77.32160312805473
5.752618010970764,13.060686106553646,-0.28375244140625,0.69061279296875,0.1273193359375,0.6529541015625,2.5999999999999996,78.78787878787878,2.774193548387097,84.06647116324537,2.5774193548387094,78.10361681329422
5.772665460011922,13.060686106553646,-0.28375244140625,0.69061279296875,0.1273193359375,0.6529541015625,2.596774193548387,78.69012707722385,2.8225806451612905,85.53274682306942,2.52258064516129,76.44183773216031
5.7927170370239764,13.071224561916509,-0.283447265625,0.69073486328125,0.126953125,0.65301513671875,2.629032258064516,79.6676441837732,2.793548387096774,84.65298142717498,2.5419354838709673,77.02834799608992
5.812820584047586,13.071224561916509,-0.283447265625,0.69073486328125,0.126953125,0.65301513671875,2.616129032258064,79.27663734115346,2.8225806451612905,85.53274682306942,2.551612903225806,77.32160312805473
5.832868064986542,13.068043700788323,-0.2830810546875,0.69085693359375,0.126708984375,0.653076171875,2.62258064516129,79.47214076246333,2.796774193548387,84.75073313782991,2.5774193548387094,78.10361681329422
5.852945690974593,13.068043700788323,-0.2830810546875,0.69085693359375,0.126708984375,0.653076171875,2.6193548387096772,79.37438905180841,2.770967741935484,83.96871945259042,2.558064516129032,77.5171065493646
5.873007636051625,13.068043700788323,-0.2830810546875,0.69085693359375,0.126708984375,0.653076171875,2.596774193548387,78.69012707722385,2.764516129032258,83.77321603128055,2.561290322580645,77.61485826001955
5.893054764950648,13.022164121866425,-0.28265380859375,0.6910400390625,0.12664794921875,0.65313720703125,2.593548387096774,78.59237536656892,2.8,84.84848484848484,2.525806451612903,76.53958944281524
5.9131287429481745,13.022164121866425,-0.28265380859375,0.6910400390625,0.12664794921875,0.65313720703125,2.6064516129032254,78.98338220918865,2.7870967741935484,84.4574780058651,2.529032258064516,76.63734115347019
5.933192256954499,12.982796382932733,-0.2822265625,0.691162109375,0.1268310546875,0.65313720703125,2.596774193548387,78.69012707722385,2.7870967741935484,84.4574780058651,2.564516129032258,77.71260997067448
5.9533078679814935,12.982796382932733,-0.2822265625,0.691162109375,0.1268310546875,0.65313720703125,2.593548387096774,78.59237536656892,2.861290322580645,86.70576735092864,2.561290322580645,77.61485826001955
5.973344789003022,12.982796382932733,-0.2822265625,0.691162109375,0.1268310546875,0.65313720703125,2.596774193548387,78.69012707722385,2.8161290322580643,85.33724340175954,2.5419354838709673,77.02834799608992
5.993407535017468,12.938558810864677,-0.28173828125,0.6912841796875,0.1270751953125,0.65313720703125,2.5806451612903225,78.20136852394917,2.8096774193548386,85.14173998044966,2.525806451612903,76.53958944281524
6.013502344954759,12.938558810864677,-0.28173828125,0.6912841796875,0.1270751953125,0.65313720703125,2.593548387096774,78.59237536656892,2.806451612903226,85.04398826979474,2.519354838709677,76.34408602150538
6.033538050018251,12.889980022580204,-0.281494140625,0.69134521484375,0.12738037109375,0.65313720703125,2.6032258064516127,78.88563049853371,2.7580645161290325,83.57771260997069,2.5774193548387094,78.10361681329422
6.053601947962306,12.889980022580204,-0.281494140625,0.69134521484375,0.12738037109375,0.65313720703125,2.593548387096774,78.59237536656892,2.8225806451612905,85.53274682306942,2.5451612903225804,77.12609970674487
6.073667573975399,12.889980022580204,-0.281494140625,0.69134521484375,0.12738037109375,0.65313720703125,2.596774193548387,78.69012707722385,2.7838709677419353,84.35972629521017,2.551612903225806,77.32160312805473
6.093740687938407,12.87029144421956,-0.2813720703125,0.6912841796875,0.1275634765625,0.6531982421875,2.564516129032258,77.71260997067448,2.8096774193548386,85.14173998044966,2.529032258064516,76.63734115347019
6.11381040897686,12.87029144421956,-0.2813720703125,0.6912841796875,0.1275634765625,0.6531982421875,2.564516129032258,77.71260997067448,2.793548387096774,84.65298142717498,2.564516129032258,77.71260997067448
6.133895140024833,12.863102651280187,-0.2813720703125,0.691162109375,0.12774658203125,0.65325927734375,2.6064516129032254,78.98338220918865,2.7322580645161287,82.79569892473117,2.5419354838709673,77.02834799608992
6.1539798059966415,12.863102651280187,-0.2813720703125,0.691162109375,0.12774658203125,0.65325927734375,2.5806451612903225,78.20136852394917,2.7870967741935484,84.4574780058651,2.5387096774193547,76.93059628543499
6.174062039935961,12.863102651280187,-0.2813720703125,0.691162109375,0.12774658203125,0.65325927734375,2.629032258064516,79.6676441837732,2.7870967741935484,84.4574780058651,2.554838709677419,77.41935483870968
6.1941010089358315,12.843844064689918,-0.281494140625,0.6910400390625,0.1278076171875,0.65338134765625,2.629032258064516,79.6676441837732,2.7870967741935484,84.4574780058651,2.551612903225806,77.32160312805473
6.214167083031498,12.843844064689918,-0.281494140625,0.6910400390625,0.1278076171875,0.65338134765625,2.648387096774193,80.25415444770283,2.8225806451612905,85.53274682306942,2.5387096774193547,76.93059628543499
6.23427347803954,12.858822005988756,-0.28173828125,0.69085693359375,0.12786865234375,0.6534423828125,2.6032258064516127,78.88563049853371,2.796774193548387,84.75073313782991,2.519354838709677,76.34408602150538
6.2543083189520985,12.858822005988756,-0.28173828125,0.69085693359375,0.12786865234375,0.6534423828125,2.593548387096774,78.59237536656892,2.8161290322580643,85.33724340175954,2.551612903225806,77.32160312805473
6.274384857038967,12.858822005988756,-0.28173828125,0.69085693359375,0.12786865234375,0.6534423828125,2.6032258064516127,78.88563049853371,2.7838709677419353,84.35972629521017,2.5,75.75757575757575
6.303749021026306,12.837966425822032,-0.2821044921875,0.69061279296875,0.12811279296875,0.653564453125,2.6032258064516127,78.88563049853371,2.8,84.84848484848484,2.525806451612903,76.53958944281524
6.3144766190089285,12.837966425822032,-0.2821044921875,0.69061279296875,0.12811279296875,0.653564453125,2.6193548387096772,79.37438905180841,2.796774193548387,84.75073313782991,2.554838709677419,77.41935483870968
6.334604326984845,12.86958424211555,-0.28228759765625,0.69036865234375,0.1279296875,0.65374755859375,2.625806451612903,79.56989247311827,2.7838709677419353,84.35972629521017,2.551612903225806,77.32160312805473
6.354674465022981,12.86958424211555,-0.28228759765625,0.69036865234375,0.1279296875,0.65374755859375,2.583870967741935,78.2991202346041,2.8096774193548386,85.14173998044966,2.5419354838709673,77.02834799608992
6.374714425997809,12.86958424211555,-0.28228759765625,0.69036865234375,0.1279296875,0.65374755859375,2.6677419354838707,80.84066471163244,2.7838709677419353,84.35972629521017,2.5419354838709673,77.02834799608992
6.394785683951341,12.900074242516752,-0.282470703125,0.6900634765625,0.12774658203125,0.65399169921875,2.625806451612903,79.56989247311827,2.829032258064516,85.72825024437928,2.551612903225806,77.32160312805473
6.414855469018221,12.900074242516752,-0.282470703125,0.6900634765625,0.12774658203125,0.65399169921875,2.6096774193548384,79.0811339198436,2.8096774193548386,85.14173998044966,2.5774193548387094,78.10361681329422
6.434925831039436,12.894107023908191,-0.28265380859375,0.689697265625,0.1278076171875,0.654296875,2.593548387096774,78.59237536656892,2.8,84.84848484848484,2.5483870967741935,77.2238514173998
6.454978208988905,12.894107023908191,-0.28265380859375,0.689697265625,0.1278076171875,0.654296875,2.6032258064516127,78.88563049853371,2.7870967741935484,84.4574780058651,2.5709677419354837,77.90811339198436
6.475055834976956,12.894107023908191,-0.28265380859375,0.689697265625,0.1278076171875,0.654296875,2.596774193548387,78.69012707722385,2.7580645161290325,83.57771260997069,2.5709677419354837,77.90811339198436
6.495095476042479,12.922091219253346,-0.28277587890625,0.68951416015625,0.127685546875,0.6544189453125,2.6193548387096772,79.37438905180841,2.770967741935484,83.96871945259042,2.551612903225806,77.32160312805473
6.51519201498013,12.922091219253346,-0.28277587890625,0.68951416015625,0.127685546875,0.6544189453125,2.596774193548387,78.69012707722385,2.835483870967742,85.92375366568915,2.5483870967741935,77.2238514173998
6.535266375984065,12.89723250189536,-0.28277587890625,0.6893310546875,0.127685546875,0.6546630859375,2.625806451612903,79.56989247311827,2.7838709677419353,84.35972629521017,2.551612903225806,77.32160312805473
6.555330689996481,12.89723250189536,-0.28277587890625,0.6893310546875,0.127685546875,0.6546630859375,2.596774193548387,78.69012707722385,2.796774193548387,84.75073313782991,2.558064516129032,77.5171065493646
6.575389820034616,12.89723250189536,-0.28277587890625,0.6893310546875,0.127685546875,0.6546630859375,2.6096774193548384,79.0811339198436,2.7806451612903227,84.26197458455523,2.5483870967741935,77.2238514173998
6.59545128501486,12.890328294472368,-0.28265380859375,0.689208984375,0.12762451171875,0.65484619140625,2.5806451612903225,78.20136852394917,2.8,84.84848484848484,2.6032258064516127,78.88563049853371
6.615539088030346,12.890328294472368,-0.28265380859375,0.689208984375,0.12762451171875,0.65484619140625,2.661290322580645,80.64516129032258,2.7870967741935484,84.4574780058651,2.590322580645161,78.49462365591397
6.635628778021783,12.882579928748427,-0.28240966796875,0.6890869140625,0.12762451171875,0.655029296875,2.5774193548387094,78.10361681329422,2.829032258064516,85.72825024437928,2.525806451612903,76.53958944281524
6.65567619598005,12.882579928748427,-0.28240966796875,0.6890869140625,0.12762451171875,0.655029296875,2.5806451612903225,78.20136852394917,2.7870967741935484,84.4574780058651,2.564516129032258,77.71260997067448
6.675734044983983,12.882579928748427,-0.28240966796875,0.6890869140625,0.12762451171875,0.655029296875,2.62258064516129,79.47214076246333,2.7838709677419353,84.35972629521017,2.5741935483870964,78.00586510263928
6.695785686024465,12.83174400258683,-0.28204345703125,0.68902587890625,0.127685546875,0.6552734375,2.593548387096774,78.59237536656892,2.806451612903226,85.04398826979474,2.564516129032258,77.71260997067448
6.715873745037243,12.83174400258683,-0.28204345703125,0.68902587890625,0.127685546875,0.6552734375,2.629032258064516,79.6676441837732,2.8096774193548386,85.14173998044966,2.551612903225806,77.32160312805473
6.735946411034092,12.803571463408474,-0.28167724609375,0.68902587890625,0.12774658203125,0.6553955078125,2.5806451612903225,78.20136852394917,2.8,84.84848484848484,2.5774193548387094,78.10361681329422
6.756022148998454,12.803571463408474,-0.28167724609375,0.68902587890625,0.12774658203125,0.6553955078125,2.593548387096774,78.59237536656892,2.8161290322580643,85.33724340175954,2.519354838709677,76.34408602150538
6.776073821936734,12.803571463408474,-0.28167724609375,0.68902587890625,0.12774658203125,0.6553955078125,2.6064516129032254,78.98338220918865,2.8193548387096774,85.43499511241447,2.519354838709677,76.34408602150538
6.79611381504219,12.75354942957189,-0.28131103515625,0.68902587890625,0.1278076171875,0.65557861328125,2.596774193548387,78.69012707722385,2.8096774193548386,85.14173998044966,2.5451612903225804,77.12609970674487
6.816277876030654,12.75354942957189,-0.28131103515625,0.68902587890625,0.1278076171875,0.65557861328125,2.625806451612903,79.56989247311827,2.7870967741935484,84.4574780058651,2.551612903225806,77.32160312805473
6.836303915944882,12.73494710894633,-0.2811279296875,0.68902587890625,0.12786865234375,0.6556396484375,2.629032258064516,79.6676441837732,2.774193548387097,84.06647116324537,2.558064516129032,77.5171065493646
6.856349061941728,12.73494710894633,-0.2811279296875,0.68902587890625,0.12786865234375,0.6556396484375,2.6096774193548384,79.0811339198436,2.793548387096774,84.65298142717498,2.4741935483870967,74.97556207233626
6.876462592976168,12.73494710894633,-0.2811279296875,0.68902587890625,0.12786865234375,0.6556396484375,2.590322580645161,78.49462365591397,2.7870967741935484,84.4574780058651,2.5129032258064514,76.1485826001955
6.896469464991242,12.733134407569906,-0.2808837890625,0.68896484375,0.127685546875,0.65582275390625,2.629032258064516,79.6676441837732,2.8,84.84848484848484,2.5451612903225804,77.12609970674487
6.916565938969143,12.733134407569906,-0.2808837890625,0.68896484375,0.127685546875,0.65582275390625,2.5774193548387094,78.10361681329422,2.7870967741935484,84.4574780058651,2.5,75.75757575757575
6.936628045048565,12.722526178201619,-0.2806396484375,0.68914794921875,0.12744140625,0.65582275390625,2.583870967741935,78.2991202346041,2.803225806451613,84.94623655913979,2.551612903225806,77.32160312805473
6.956735208048485,12.722526178201619,-0.2806396484375,0.68914794921875,0.12744140625,0.65582275390625,2.6032258064516127,78.88563049853371,2.793548387096774,84.65298142717498,2.590322580645161,78.49462365591397
6.976778722018935,12.722526178201619,-0.2806396484375,0.68914794921875,0.12744140625,0.65582275390625,2.5806451612903225,78.20136852394917,2.8,84.84848484848484,2.6032258064516127,78.88563049853371
6.99682965897955,12.741421184035858,-0.28076171875,0.689208984375,0.1275634765625,0.6556396484375,2.596774193548387,78.69012707722385,2.7870967741935484,84.4574780058651,2.564516129032258,77.71260997067448
7.016910230042413,12.741421184035858,-0.28076171875,0.689208984375,0.1275634765625,0.6556396484375,2.6096774193548384,79.0811339198436,2.835483870967742,85.92375366568915,2.5419354838709673,77.02834799608992
7.047826593043283,12.744372551723075,-0.28094482421875,0.6893310546875,0.12762451171875,0.65545654296875,2.5806451612903225,78.20136852394917,2.8,84.84848484848484,2.564516129032258,77.71260997067448
7.057028776966035,12.744372551723075,-0.28094482421875,0.6893310546875,0.12762451171875,0.65545654296875,2.593548387096774,78.59237536656892,2.8161290322580643,85.33724340175954,2.525806451612903,76.53958944281524
7.077099491027184,12.744372551723075,-0.28094482421875,0.6893310546875,0.12762451171875,0.65545654296875,2.5806451612903225,78.20136852394917,2.8161290322580643,85.33724340175954,2.5774193548387094,78.10361681329422
7.097187965991907,12.776997952679494,-0.281005859375,0.68939208984375,0.12738037109375,0.6553955078125,2.5806451612903225,78.20136852394917,2.8096774193548386,85.14173998044966,2.5451612903225804,77.12609970674487
7.117244023014791,12.776997952679494,-0.281005859375,0.68939208984375,0.12738037109375,0.6553955078125,2.596774193548387,78.69012707722385,2.7870967741935484,84.4574780058651,2.5774193548387094,78.10361681329422
7.137303921044804,12.816020992942754,-0.2813720703125,0.68927001953125,0.12738037109375,0.65533447265625,2.5999999999999996,78.78787878787878,2.803225806451613,84.94623655913979,2.5709677419354837,77.90811339198436
7.157393067958765,12.816020992942754,-0.2813720703125,0.68927001953125,0.12738037109375,0.65533447265625,2.616129032258064,79.27663734115346,2.861290322580645,86.70576735092864,2.5483870967741935,77.2238514173998
7.177461926010437,12.816020992942754,-0.2813720703125,0.68927001953125,0.12738037109375,0.65533447265625,2.5999999999999996,78.78787878787878,2.770967741935484,83.96871945259042,2.554838709677419,77.41935483870968
7.197508511017077,12.8608397606381,-0.28179931640625,0.689208984375,0.1273193359375,0.65521240234375,2.5806451612903225,78.20136852394917,2.803225806451613,84.94623655913979,2.561290322580645,77.61485826001955
7.21758261800278,12.8608397606381,-0.28179931640625,0.689208984375,0.1273193359375,0.65521240234375,2.5999999999999996,78.78787878787878,2.835483870967742,85.92375366568915,2.529032258064516,76.63734115347019
7.237649012007751,12.872351503615604,-0.28216552734375,0.68927001953125,0.12738037109375,0.655029296875,2.629032258064516,79.6676441837732,2.7838709677419353,84.35972629521017,2.5419354838709673,77.02834799608992
7.257706956937909,12.872351503615604,-0.28216552734375,0.68927001953125,0.12738037109375,0.655029296875,2.616129032258064,79.27663734115346,2.8096774193548386,85.14173998044966,2.5419354838709673,77.02834799608992
7.277773926965892,12.872351503615604,-0.28216552734375,0.68927001953125,0.12738037109375,0.655029296875,2.590322580645161,78.49462365591397,2.803225806451613,84.94623655913979,2.558064516129032,77.5171065493646
7.297874626005068,12.906208850504441,-0.282470703125,0.68914794921875,0.12744140625,0.65496826171875,2.6096774193548384,79.0811339198436,2.803225806451613,84.94623655913979,2.5419354838709673,77.02834799608992
7.317932507954538,12.906208850504441,-0.282470703125,0.68914794921875,0.12744140625,0.65496826171875,2.5806451612903225,78.20136852394917,2.8096774193548386,85.14173998044966,2.532258064516129,76.73509286412512
7.33799586200621,12.920670896703385,-0.28271484375,0.68914794921875,0.12738037109375,0.6549072265625,2.629032258064516,79.6676441837732,2.796774193548387,84.75073313782991,2.554838709677419,77.41935483870968
7.358055696007796,12.920670896703385,-0.28271484375,0.68914794921875,0.12738037109375,0.6549072265625,2.6129032258064515,79.17888563049853,2.8161290322580643,85.33724340175954,2.554838709677419,77.41935483870968
7.378118954016827,12.920670896703385,-0.28271484375,0.68914794921875,0.12738037109375,0.6549072265625,2.593548387096774,78.59237536656892,2.806451612903226,85.04398826979474,2.564516129032258,77.71260997067448
7.3981623069848865,12.91960173547696,-0.28271484375,0.6890869140625,0.12738037109375,0.65496826171875,2.6129032258064515,79.17888563049853,2.8,84.84848484848484,2.551612903225806,77.32160312805473
7.418264830019325,12.91960173547696,-0.28271484375,0.6890869140625,0.12738037109375,0.65496826171875,2.625806451612903,79.56989247311827,2.7870967741935484,84.4574780058651,2.564516129032258,77.71260997067448
7.4383299759356305,12.910869541873566,-0.28265380859375,0.6890869140625,0.1273193359375,0.655029296875,2.5806451612903225,78.20136852394917,2.8096774193548386,85.14173998044966,2.561290322580645,77.61485826001955
7.458402066025883,12.910869541873566,-0.28265380859375,0.6890869140625,0.1273193359375,0.655029296875,2.564516129032258,77.71260997067448,2.803225806451613,84.94623655913979,2.596774193548387,78.69012707722385
7.478478059987538,12.910869541873566,-0.28265380859375,0.6890869140625,0.1273193359375,0.655029296875,2.6032258064516127,78.88563049853371,2.8225806451612905,85.53274682306942,2.5483870967741935,77.2238514173998
7.498514148988761,12.906306323471625,-0.28240966796875,0.68914794921875,0.1273193359375,0.655029296875,2.6032258064516127,78.88563049853371,2.803225806451613,84.94623655913979,2.525806451612903,76.53958944281524
7.518633696949109,12.906306323471625,-0.28240966796875,0.68914794921875,0.1273193359375,0.655029296875,2.596774193548387,78.69012707722385,2.7870967741935484,84.4574780058651,2.5483870967741935,77.2238514173998
7.538672697963193,12.895411628521089,-0.2825927734375,0.689208984375,0.1273193359375,0.65496826171875,2.62258064516129,79.47214076246333,2.7870967741935484,84.4574780058651,2.551612903225806,77.32160312805473
7.5587460360256955,12.895411628521089,-0.2825927734375,0.689208984375,0.1273193359375,0.65496826171875,2.564516129032258,77.71260997067448,2.7806451612903227,84.26197458455523,2.564516129032258,77.71260997067448
7.578805261990055,12.895411628521089,-0.2825927734375,0.689208984375,0.1273193359375,0.65496826171875,2.525806451612903,76.53958944281524,2.8,84.84848484848484,2.6032258064516127,78.88563049853371
7.5989112090319395,12.961925650454276,-0.28338623046875,0.6890869140625,0.12738037109375,0.65472412109375,2.5806451612903225,78.20136852394917,2.7806451612903227,84.26197458455523,2.5774193548387094,78.10361681329422
7.618964674999006,12.961925650454276,-0.28338623046875,0.6890869140625,0.12738037109375,0.65472412109375,2.616129032258064,79.27663734115346,2.7838709677419353,84.35972629521017,2.5354838709677416,76.83284457478005
7.6390212760306895,13.03515222374594,-0.28399658203125,0.68853759765625,0.1268310546875,0.6551513671875,2.5806451612903225,78.20136852394917,2.7774193548387096,84.1642228739003,2.5,75.75757575757575
7.65906101395376,13.03515222374594,-0.28399658203125,0.68853759765625,0.1268310546875,0.6551513671875,2.616129032258064,79.27663734115346,2.770967741935484,83.96871945259042,2.529032258064516,76.63734115347019
7.679151664022356,13.03515222374594,-0.28399658203125,0.68853759765625,0.1268310546875,0.6551513671875,2.5999999999999996,78.78787878787878,2.829032258064516,85.72825024437928,2.5,75.75757575757575
7.6992245219880715,13.255386318355946,-0.2864990234375,0.6866455078125,0.12603759765625,0.65618896484375,2.593548387096774,78.59237536656892,2.7838709677419353,84.35972629521017,2.551612903225806,77.32160312805473
7.719325316953473,13.255386318355946,-0.2864990234375,0.6866455078125,0.12603759765625,0.65618896484375,2.5999999999999996,78.78787878787878,2.7580645161290325,83.57771260997069,2.5354838709677416,76.83284457478005
7.739366814959794,13.70414414639427,-0.29132080078125,0.68414306640625,0.1248779296875,0.6568603515625,2.593548387096774,78.59237536656892,2.770967741935484,83.96871945259042,2.529032258064516,76.63734115347019
7.759447289048694,13.70414414639427,-0.29132080078125,0.68414306640625,0.1248779296875,0.6568603515625,2.593548387096774,78.59237536656892,2.72258064516129,82.50244379276637,2.529032258064516,76.63734115347019
7.79135644598864,13.70414414639427,-0.29132080078125,0.68414306640625,0.1248779296875,0.6568603515625,2.5806451612903225,78.20136852394917,2.7580645161290325,83.57771260997069,2.5096774193548383,76.05083088954055
7.79957665305119,14.23353040765602,-0.29705810546875,0.6815185546875,0.12353515625,0.65728759765625,2.5741935483870964,78.00586510263928,2.7774193548387096,84.1642228739003,2.5,75.75757575757575
7.819653511047363,14.23353040765602,-0.29705810546875,0.6815185546875,0.12353515625,0.65728759765625,2.5677419354838706,77.81036168132943,2.7322580645161287,82.79569892473117,2.5,75.75757575757575
7.839721568976529,14.689857842015584,-0.30157470703125,0.67901611328125,0.1221923828125,0.65802001953125,2.5741935483870964,78.00586510263928,2.687096774193548,81.42717497556205,2.4774193548387093,75.07331378299119
7.85978921095375,14.689857842015584,-0.30157470703125,0.67901611328125,0.1221923828125,0.65802001953125,2.5677419354838706,77.81036168132943,2.7322580645161287,82.79569892473117,2.4774193548387093,75.07331378299119
7.879851573030464,14.689857842015584,-0.30157470703125,0.67901611328125,0.1221923828125,0.65802001953125,2.5774193548387094,78.10361681329422,2.680645161290322,81.23167155425219,2.496774193548387,75.65982404692082
7.899927502963692,15.066782362774077,-0.3048095703125,0.67694091796875,0.12030029296875,0.6590576171875,2.5774193548387094,78.10361681329422,2.7064516129032254,82.01368523949168,2.4774193548387093,75.07331378299119
7.9199943450512365,15.066782362774077,-0.3048095703125,0.67694091796875,0.12030029296875,0.6590576171875,2.6032258064516127,78.88563049853371,2.680645161290322,81.23167155425219,2.4774193548387093,75.07331378299119
7.940088259987533,15.325244813519177,-0.30755615234375,0.67529296875,0.11962890625,0.65960693359375,2.5709677419354837,77.90811339198436,2.7096774193548385,82.11143695014663,2.487096774193548,75.366568914956
7.960146366036497,15.325244813519177,-0.30755615234375,0.67529296875,0.11962890625,0.65960693359375,2.5709677419354837,77.90811339198436,2.680645161290322,81.23167155425219,2.5064516129032257,75.95307917888563
7.980201176018454,15.325244813519177,-0.30755615234375,0.67529296875,0.11962890625,0.65960693359375,2.551612903225806,77.32160312805473,2.74516129032258,83.18670576735092,2.4806451612903224,75.17106549364614
8.000309586990625,15.36061278875836,-0.30938720703125,0.674072265625,0.1207275390625,0.65985107421875,2.5774193548387094,78.10361681329422,2.72258064516129,82.50244379276637,2.4774193548387093,75.07331378299119
8.020375436986797,15.36061278875836,-0.30938720703125,0.674072265625,0.1207275390625,0.65985107421875,2.5774193548387094,78.10361681329422,2.7096774193548385,82.11143695014663,2.4774193548387093,75.07331378299119
8.040440712007694,15.407186762449612,-0.31024169921875,0.67352294921875,0.1212158203125,0.65985107421875,2.5677419354838706,77.81036168132943,2.72258064516129,82.50244379276637,2.496774193548387,75.65982404692082
8.060491456999443,15.407186762449612,-0.31024169921875,0.67352294921875,0.1212158203125,0.65985107421875,2.583870967741935,78.2991202346041,2.719354838709677,82.40469208211142,2.4774193548387093,75.07331378299119
8.08056549995672,15.407186762449612,-0.31024169921875,0.67352294921875,0.1212158203125,0.65985107421875,2.5774193548387094,78.10361681329422,2.770967741935484,83.96871945259042,2.5483870967741935,77.2238514173998
8.100698648020625,15.416999584319967,-0.31103515625,0.6732177734375,0.12200927734375,0.65960693359375,2.5774193548387094,78.10361681329422,2.693548387096774,81.62267839687193,2.4774193548387093,75.07331378299119
8.12072491296567,15.416999584319967,-0.31103515625,0.6732177734375,0.12200927734375,0.65960693359375,2.554838709677419,77.41935483870968,2.712903225806451,82.20918866080156,2.5129032258064514,76.1485826001955
8.140786602976732,15.397244038192966,-0.31170654296875,0.67291259765625,0.122802734375,0.65948486328125,2.551612903225806,77.32160312805473,2.7096774193548385,82.11143695014663,2.493548387096774,75.56207233626587
8.160852261004038,15.397244038192966,-0.31170654296875,0.67291259765625,0.122802734375,0.65948486328125,2.525806451612903,76.53958944281524,2.725806451612903,82.6001955034213,2.525806451612903,76.53958944281524
8.180918046971783,15.397244038192966,-0.31170654296875,0.67291259765625,0.122802734375,0.65948486328125,2.583870967741935,78.2991202346041,2.693548387096774,81.62267839687193,2.496774193548387,75.65982404692082
8.200987288961187,15.3983791048515,-0.31146240234375,0.6729736328125,0.12249755859375,0.65960693359375,2.5677419354838706,77.81036168132943,2.725806451612903,82.6001955034213,2.4774193548387093,75.07331378299119
8.221029971027747,15.3983791048515,-0.31146240234375,0.6729736328125,0.12249755859375,0.65960693359375,2.62258064516129,79.47214076246333,2.6838709677419352,81.32942326490713,2.487096774193548,75.366568914956
8.241140397964045,15.375604275880377,-0.310791015625,0.67303466796875,0.12200927734375,0.65997314453125,2.5806451612903225,78.20136852394917,2.712903225806451,82.20918866080156,2.4774193548387093,75.07331378299119
8.26116291899234,15.375604275880377,-0.310791015625,0.67303466796875,0.12200927734375,0.65997314453125,2.5806451612903225,78.20136852394917,2.712903225806451,82.20918866080156,2.5096774193548383,76.05083088954055
8.28128579503391,15.375604275880377,-0.310791015625,0.67303466796875,0.12200927734375,0.65997314453125,2.583870967741935,78.2991202346041,2.7322580645161287,82.79569892473117,2.4774193548387093,75.07331378299119
8.301326140994206,15.292406323212276,-0.30926513671875,0.67315673828125,0.12164306640625,0.66058349609375,2.583870967741935,78.2991202346041,2.712903225806451,82.20918866080156,2.52258064516129,76.44183773216031
8.3213637979934,15.292406323212276,-0.30926513671875,0.67315673828125,0.12164306640625,0.66058349609375,2.5806451612903225,78.20136852394917,2.725806451612903,82.6001955034213,2.487096774193548,75.366568914956
8.341452977037989,15.107986502779283,-0.306396484375,0.6739501953125,0.1209716796875,0.6612548828125,2.564516129032258,77.71260997067448,2.719354838709677,82.40469208211142,2.519354838709677,76.34408602150538
8.361523819039576,15.107986502779283,-0.306396484375,0.6739501953125,0.1209716796875,0.6612548828125,2.5774193548387094,78.10361681329422,2.72258064516129,82.50244379276637,2.496774193548387,75.65982404692082
8.38157971703913,15.107986502779283,-0.306396484375,0.6739501953125,0.1209716796875,0.6612548828125,2.587096774193548,78.39687194525904,2.803225806451613,84.94623655913979,2.5096774193548383,76.05083088954055
8.401653790962882,14.846979183219005,-0.30303955078125,0.6751708984375,0.12091064453125,0.66156005859375,2.583870967741935,78.2991202346041,2.7387096774193544,82.99120234604105,2.525806451612903,76.53958944281524
8.421700536971912,14.846979183219005,-0.30303955078125,0.6751708984375,0.12091064453125,0.66156005859375,2.5806451612903225,78.20136852394917,2.7580645161290325,83.57771260997069,2.4774193548387093,75.07331378299119
8.441785044036806,14.499368573429365,-0.29949951171875,0.67608642578125,0.12164306640625,0.662109375,2.5806451612903225,78.20136852394917,2.7548387096774194,83.47996089931574,2.525806451612903,76.53958944281524
8.46185115003027,14.499368573429365,-0.29949951171875,0.67608642578125,0.12164306640625,0.662109375,2.5774193548387094,78.10361681329422,2.770967741935484,83.96871945259042,2.487096774193548,75.366568914956
8.481919527985156,14.499368573429365,-0.29949951171875,0.67608642578125,0.12164306640625,0.662109375,2.6129032258064515,79.17888563049853,2.8096774193548386,85.14173998044966,2.493548387096774,75.56207233626587
8.501989825977944,14.173267073609296,-0.29583740234375,0.67706298828125,0.1219482421875,0.6627197265625,2.583870967741935,78.2991202346041,2.7774193548387096,84.1642228739003,2.5161290322580645,76.24633431085044
8.522031547967345,14.173267073609296,-0.29583740234375,0.67706298828125,0.1219482421875,0.6627197265625,2.5774193548387094,78.10361681329422,2.7580645161290325,83.57771260997069,2.532258064516129,76.73509286412512
8.551828811992891,13.884664473016002,-0.2916259765625,0.67852783203125,0.121337890625,0.6632080078125,2.5806451612903225,78.20136852394917,2.8096774193548386,85.14173998044966,2.529032258064516,76.63734115347019
8.562178001040593,13.884664473016002,-0.2916259765625,0.67852783203125,0.121337890625,0.6632080078125,2.5774193548387094,78.10361681329422,2.7870967741935484,84.4574780058651,2.551612903225806,77.32160312805473
8.582328749005683,13.884664473016002,-0.2916259765625,0.67852783203125,0.121337890625,0.6632080078125,2.62258064516129,79.47214076246333,2.764516129032258,83.77321603128055,2.5387096774193547,76.93059628543499
8.602356966002844,13.582377563870637,-0.287353515625,0.6800537109375,0.12078857421875,0.66363525390625,2.6064516129032254,78.98338220918865,2.764516129032258,83.77321603128055,2.532258064516129,76.73509286412512
8.62239952001255,13.582377563870637,-0.287353515625,0.6800537109375,0.12078857421875,0.66363525390625,2.6193548387096772,79.37438905180841,2.803225806451613,84.94623655913979,2.5741935483870964,78.00586510263928
8.64250700303819,13.354906689839723,-0.284423828125,0.6815185546875,0.1209716796875,0.663330078125,2.6064516129032254,78.98338220918865,2.770967741935484,83.96871945259042,2.5419354838709673,77.02834799608992
8.662528340006247,13.354906689839723,-0.284423828125,0.6815185546875,0.1209716796875,0.663330078125,2.583870967741935,78.2991202346041,2.8,84.84848484848484,2.5387096774193547,76.93059628543499
8.682609774987213,13.354906689839723,-0.284423828125,0.6815185546875,0.1209716796875,0.663330078125,2.6032258064516127,78.88563049853371,2.793548387096774,84.65298142717498,2.5354838709677416,76.83284457478005
8.702683593030088,13.210022731803917,-0.283447265625,0.68243408203125,0.12188720703125,0.66265869140625,2.5774193548387094,78.10361681329422,2.8096774193548386,85.14173998044966,2.5354838709677416,76.83284457478005
8.722721857950091,13.210022731803917,-0.283447265625,0.68243408203125,0.12188720703125,0.66265869140625,2.5774193548387094,78.10361681329422,2.8,84.84848484848484,2.5451612903225804,77.12609970674487
8.742843965999782,13.265437949363857,-0.28448486328125,0.6824951171875,0.12237548828125,0.66204833984375,2.6032258064516127,78.88563049853371,2.7838709677419353,84.35972629521017,2.5387096774193547,76.93059628543499
8.76289628003724,13.265437949363857,-0.28448486328125,0.6824951171875,0.12237548828125,0.66204833984375,2.6064516129032254,78.98338220918865,2.803225806451613,84.94623655913979,2.5483870967741935,77.2238514173998
8.782959282048978,13.265437949363857,-0.28448486328125,0.6824951171875,0.12237548828125,0.66204833984375,2.629032258064516,79.6676441837732,2.7322580645161287,82.79569892473117,2.5354838709677416,76.83284457478005
8.803057324956171,13.351550058763323,-0.28619384765625,0.68206787109375,0.123046875,0.66162109375,2.616129032258064,79.27663734115346,2.7838709677419353,84.35972629521017,2.529032258064516,76.63734115347019
8.82309290196281,13.351550058763323,-0.28619384765625,0.68206787109375,0.123046875,0.66162109375,2.593548387096774,78.59237536656892,2.770967741935484,83.96871945259042,2.5354838709677416,76.83284457478005
8.843151487992145,13.502851447934262,-0.28948974609375,0.6812744140625,0.124267578125,0.66082763671875,2.62258064516129,79.47214076246333,2.7483870967741932,83.28445747800586,2.52258064516129,76.44183773216031
8.863247898989357,13.502851447934262,-0.28948974609375,0.6812744140625,0.124267578125,0.66082763671875,2.5709677419354837,77.90811339198436,2.7580645161290325,83.57771260997069,2.487096774193548,75.366568914956
8.883311477024108,13.502851447934262,-0.28948974609375,0.6812744140625,0.124267578125,0.66082763671875,2.625806451612903,79.56989247311827,2.7064516129032254,82.01368523949168,2.5032258064516126,75.8553274682307
8.903370735002682,13.860614256774937,-0.2952880859375,0.679443359375,0.12567138671875,0.65985107421875,2.6096774193548384,79.0811339198436,2.7548387096774194,83.47996089931574,2.4741935483870967,74.97556207233626
8.923412360949442,13.860614256774937,-0.2952880859375,0.679443359375,0.12567138671875,0.65985107421875,2.593548387096774,78.59237536656892,2.7161290322580642,82.30694037145649,2.487096774193548,75.366568914956
8.943492547958158,14.480526258993677,-0.30352783203125,0.67633056640625,0.12615966796875,0.6591796875,2.587096774193548,78.39687194525904,2.7064516129032254,82.01368523949168,2.5129032258064514,76.1485826001955
8.963561150012538,14.480526258993677,-0.30352783203125,0.67633056640625,0.12615966796875,0.6591796875,2.5774193548387094,78.10361681329422,2.7096774193548385,82.11143695014663,2.5032258064516126,75.8553274682307
8.98363234498538,14.480526258993677,-0.30352783203125,0.67633056640625,0.12615966796875,0.6591796875,2.558064516129032,77.5171065493646,2.6967741935483867,81.72043010752688,2.5161290322580645,76.24633431085044
9.003729043994099,15.554395939161253,-0.3155517578125,0.67156982421875,0.12451171875,0.65875244140625,2.554838709677419,77.41935483870968,2.7032258064516124,81.91593352883673,2.4516129032258065,74.29130009775172
9.02378065395169,15.554395939161253,-0.3155517578125,0.67156982421875,0.12451171875,0.65875244140625,2.5,75.75757575757575,2.6838709677419352,81.32942326490713,2.4612903225806453,74.58455522971653
9.043845543987118,17.180233731493303,-0.32958984375,0.6650390625,0.1185302734375,0.6595458984375,2.519354838709677,76.34408602150538,2.6967741935483867,81.72043010752688,2.4161290322580644,73.21603128054741
9.063902657944709,17.180233731493303,-0.32958984375,0.6650390625,0.1185302734375,0.6595458984375,2.5,75.75757575757575,2.6774193548387095,81.13391984359725,2.435483870967742,73.80254154447702
9.083986717043445,17.180233731493303,-0.32958984375,0.6650390625,0.1185302734375,0.6595458984375,2.525806451612903,76.53958944281524,2.6677419354838707,80.84066471163244,2.432258064516129,73.70478983382209
9.104046007036231,19.340975494455805,-0.3446044921875,0.656494140625,0.10699462890625,0.6624755859375,2.487096774193548,75.366568914956,2.654838709677419,80.4496578690127,2.3870967741935485,72.33626588465299
9.124110289965756,19.340975494455805,-0.3446044921875,0.656494140625,0.10699462890625,0.6624755859375,2.487096774193548,75.366568914956,2.648387096774193,80.25415444770283,2.4096774193548387,73.02052785923753
9.144179468043149,22.15701578273152,-0.3609619140625,0.64495849609375,0.09014892578125,0.66754150390625,2.4709677419354836,74.87781036168133,2.616129032258064,79.27663734115346,2.445161290322581,74.09579667644185
9.164267654996365,22.15701578273152,-0.3609619140625,0.64495849609375,0.09014892578125,0.66754150390625,2.4709677419354836,74.87781036168133,2.590322580645161,78.49462365591397,2.3806451612903228,72.14076246334312
9.184342434047721,22.15701578273152,-0.3609619140625,0.64495849609375,0.09014892578125,0.66754150390625,2.454838709677419,74.38905180840665,2.564516129032258,77.71260997067448,2.3806451612903228,72.14076246334312
9.204403707990423,25.378804036995092,-0.3773193359375,0.63055419921875,0.06976318359375,0.6746826171875,2.4387096774193546,73.90029325513197,2.529032258064516,76.63734115347019,2.4096774193548387,73.02052785923753
9.224475446040742,25.378804036995092,-0.3773193359375,0.63055419921875,0.06976318359375,0.6746826171875,2.4290322580645163,73.60703812316717,2.564516129032258,77.71260997067448,2.3870967741935485,72.33626588465299
9.244519216008484,29.510363170252475,-0.39794921875,0.61376953125,0.04400634765625,0.680419921875,2.4741935483870967,74.97556207233626,2.529032258064516,76.63734115347019,2.4096774193548387,73.02052785923753
9.26458753098268,29.510363170252475,-0.39794921875,0.61376953125,0.04400634765625,0.680419921875,2.4,72.72727272727273,2.525806451612903,76.53958944281524,2.4,72.72727272727273
9.284674916998483,29.510363170252475,-0.39794921875,0.61376953125,0.04400634765625,0.680419921875,2.370967741935484,71.8475073313783,2.5161290322580645,76.24633431085044,2.435483870967742,73.80254154447702
9.304734944016673,33.99601059219026,-0.41845703125,0.59417724609375,0.01556396484375,0.68670654296875,2.3838709677419354,72.23851417399804,2.490322580645161,75.46432062561095,2.4064516129032256,72.9227761485826
9.324798778048716,33.99601059219026,-0.41845703125,0.59417724609375,0.01556396484375,0.68670654296875,2.325806451612903,70.4789833822092,2.5064516129032257,75.95307917888563,2.435483870967742,73.80254154447702
9.344865364022553,38.398839411543605,-0.4385986328125,0.57366943359375,-0.01123046875,0.691650390625,2.3193548387096774,70.28347996089931,2.525806451612903,76.53958944281524,2.4,72.72727272727273
9.364963343949057,38.398839411543605,-0.4385986328125,0.57366943359375,-0.01123046875,0.691650390625,2.3774193548387097,72.04301075268818,2.551612903225806,77.32160312805473,2.412903225806452,73.11827956989248
9.385053131030872,38.398839411543605,-0.4385986328125,0.57366943359375,-0.01123046875,0.691650390625,2.4096774193548387,73.02052785923753,2.596774193548387,78.69012707722385,2.3967741935483873,72.6295210166178
9.40510026004631,42.37420138880803,-0.45697021484375,0.55474853515625,-0.03472900390625,0.6944580078125,2.454838709677419,74.38905180840665,2.6129032258064515,79.17888563049853,2.435483870967742,73.80254154447702
9.425182910985313,42.37420138880803,-0.45697021484375,0.55474853515625,-0.03472900390625,0.6944580078125,2.496774193548387,75.65982404692082,2.6322580645161286,79.76539589442815,2.464516129032258,74.68230694037146
9.445231257006526,45.533335198119175,-0.47265625,0.539306640625,-0.05206298828125,0.695068359375,2.4774193548387093,75.07331378299119,2.6322580645161286,79.76539589442815,2.4709677419354836,74.87781036168133
9.465296564041637,45.533335198119175,-0.47265625,0.539306640625,-0.05206298828125,0.695068359375,2.490322580645161,75.46432062561095,2.648387096774193,80.25415444770283,2.4516129032258065,74.29130009775172
9.485398191027343,45.533335198119175,-0.47265625,0.539306640625,-0.05206298828125,0.695068359375,2.532258064516129,76.73509286412512,2.6032258064516127,78.88563049853371,2.458064516129032,74.48680351906158
9.505468360963278,47.638771720458514,-0.48309326171875,0.529052734375,-0.0634765625,0.69476318359375,2.5064516129032257,75.95307917888563,2.654838709677419,80.4496578690127,2.4516129032258065,74.29130009775172
9.525504195014946,47.638771720458514,-0.48309326171875,0.529052734375,-0.0634765625,0.69476318359375,2.525806451612903,76.53958944281524,2.6096774193548384,79.0811339198436,2.4612903225806453,74.58455522971653
9.5455801889766,48.99961497695828,-0.4891357421875,0.52215576171875,-0.0712890625,0.69500732421875,2.5096774193548383,76.05083088954055,2.680645161290322,81.23167155425219,2.4483870967741934,74.19354838709677
9.565695961005986,48.99961497695828,-0.4891357421875,0.52215576171875,-0.0712890625,0.69500732421875,2.5387096774193547,76.93059628543499,2.590322580645161,78.49462365591397,2.464516129032258,74.68230694037146
9.585731826955453,48.99961497695828,-0.4891357421875,0.52215576171875,-0.0712890625,0.69500732421875,2.4774193548387093,75.07331378299119,2.6193548387096772,79.37438905180841,2.4741935483870967,74.97556207233626
9.605801485013217,49.544038925040255,-0.490478515625,0.5184326171875,-0.07470703125,0.69647216796875,2.4741935483870967,74.97556207233626,2.6064516129032254,78.98338220918865,2.458064516129032,74.48680351906158
9.625850599026307,49.544038925040255,-0.490478515625,0.5184326171875,-0.07470703125,0.69647216796875,2.458064516129032,74.48680351906158,2.587096774193548,78.39687194525904,2.4387096774193546,73.90029325513197
9.6459546899423,49.80440644184015,-0.4893798828125,0.51617431640625,-0.07745361328125,0.6986083984375,2.454838709677419,74.38905180840665,2.6032258064516127,78.88563049853371,2.4161290322580644,73.21603128054741
9.666026844992302,49.80440644184015,-0.4893798828125,0.51617431640625,-0.07745361328125,0.6986083984375,2.454838709677419,74.38905180840665,2.625806451612903,79.56989247311827,2.425806451612903,73.50928641251222
9.68606571899727,49.80440644184015,-0.4893798828125,0.51617431640625,-0.07745361328125,0.6986083984375,2.4516129032258065,74.29130009775172,2.6032258064516127,78.88563049853371,2.4387096774193546,73.90029325513197
9.706138705019839,49.87558809730913,-0.4879150390625,0.51593017578125,-0.07940673828125,0.69964599609375,2.4516129032258065,74.29130009775172,2.6032258064516127,78.88563049853371,2.4387096774193546,73.90029325513197
9.726203755941242,49.87558809730913,-0.4879150390625,0.51593017578125,-0.07940673828125,0.69964599609375,2.4516129032258065,74.29130009775172,2.590322580645161,78.49462365591397,2.4612903225806453,74.58455522971653
9.746273573953658,49.84112512930036,-0.48681640625,0.51641845703125,-0.08013916015625,0.699951171875,2.4741935483870967,74.97556207233626,2.5774193548387094,78.10361681329422,2.4483870967741934,74.19354838709677
9.76637062500231,49.84112512930036,-0.48681640625,0.51641845703125,-0.08013916015625,0.699951171875,2.4483870967741934,74.19354838709677,2.564516129032258,77.71260997067448,2.425806451612903,73.50928641251222
9.786403162986971,49.84112512930036,-0.48681640625,0.51641845703125,-0.08013916015625,0.699951171875,2.467741935483871,74.7800586510264,2.525806451612903,76.53958944281524,2.4483870967741934,74.19354838709677
9.806467924965546,49.79789255411485,-0.48614501953125,0.51727294921875,-0.08062744140625,0.69970703125,2.4741935483870967,74.97556207233626,2.616129032258064,79.27663734115346,2.445161290322581,74.09579667644185
9.826543407980353,49.79789255411485,-0.48614501953125,0.51727294921875,-0.08062744140625,0.69970703125,2.4483870967741934,74.19354838709677,2.5774193548387094,78.10361681329422,2.4612903225806453,74.58455522971653
9.846613161964342,49.77673025512591,-0.4859619140625,0.51776123046875,-0.080810546875,0.699462890625,2.458064516129032,74.48680351906158,2.629032258064516,79.6676441837732,2.4387096774193546,73.90029325513197
9.86670736502856,49.77673025512591,-0.4859619140625,0.51776123046875,-0.080810546875,0.699462890625,2.4516129032258065,74.29130009775172,2.596774193548387,78.69012707722385,2.42258064516129,73.41153470185728
9.886743006994948,49.77673025512591,-0.4859619140625,0.51776123046875,-0.080810546875,0.699462890625,2.4612903225806453,74.58455522971653,2.564516129032258,77.71260997067448,2.445161290322581,74.09579667644185
9.906818329007365,49.728124229542026,-0.48553466796875,0.51861572265625,-0.0810546875,0.6990966796875,2.458064516129032,74.48680351906158,2.5709677419354837,77.90811339198436,2.4516129032258065,74.29130009775172
9.926877588033676,49.728124229542026,-0.48553466796875,0.51861572265625,-0.0810546875,0.6990966796875,2.4516129032258065,74.29130009775172,2.5774193548387094,78.10361681329422,2.454838709677419,74.38905180840665
9.946955151041038,49.661692938473855,-0.48516845703125,0.5196533203125,-0.0811767578125,0.6986083984375,2.467741935483871,74.7800586510264,2.5774193548387094,78.10361681329422,2.425806451612903,73.50928641251222
9.967147115967236,49.661692938473855,-0.48516845703125,0.5196533203125,-0.0811767578125,0.6986083984375,2.4612903225806453,74.58455522971653,2.593548387096774,78.59237536656892,2.42258064516129,73.41153470185728
9.987087012035772,49.661692938473855,-0.48516845703125,0.5196533203125,-0.0811767578125,0.6986083984375,2.4741935483870967,74.97556207233626,2.5806451612903225,78.20136852394917,2.4709677419354836,74.87781036168133
10.007169918972068,49.55866045563802,-0.48468017578125,0.5205078125,-0.08074951171875,0.69830322265625,2.42258064516129,73.41153470185728,2.554838709677419,77.41935483870968,2.4387096774193546,73.90029325513197
10.039727924973704,49.55866045563802,-0.48468017578125,0.5205078125,-0.08074951171875,0.69830322265625,2.435483870967742,73.80254154447702,2.583870967741935,78.2991202346041,2.5,75.75757575757575
10.047290963935666,49.439682318759516,-0.48431396484375,0.52117919921875,-0.08001708984375,0.69818115234375,2.4516129032258065,74.29130009775172,2.5774193548387094,78.10361681329422,2.445161290322581,74.09579667644185
10.067774937022477,49.439682318759516,-0.48431396484375,0.52117919921875,-0.08001708984375,0.69818115234375,2.4741935483870967,74.97556207233626,2.551612903225806,77.32160312805473,2.4483870967741934,74.19354838709677
10.087423624936491,49.439682318759516,-0.48431396484375,0.52117919921875,-0.08001708984375,0.69818115234375,2.464516129032258,74.68230694037146,2.5774193548387094,78.10361681329422,2.42258064516129,73.41153470185728
10.107527108048089,49.335169528527935,-0.48370361328125,0.5213623046875,-0.079345703125,0.69854736328125,2.445161290322581,74.09579667644185,2.5806451612903225,78.20136852394917,2.4709677419354836,74.87781036168133
10.127556029940024,49.335169528527935,-0.48370361328125,0.5213623046875,-0.079345703125,0.69854736328125,2.4741935483870967,74.97556207233626,2.5741935483870964,78.00586510263928,2.4612903225806453,74.58455522971653
10.147664792952128,49.22889075477555,-0.482666015625,0.52154541015625,-0.07891845703125,0.6990966796875,2.4483870967741934,74.19354838709677,2.5806451612903225,78.20136852394917,2.4612903225806453,74.58455522971653
10.167760469019413,49.22889075477555,-0.482666015625,0.52154541015625,-0.07891845703125,0.6990966796875,2.464516129032258,74.68230694037146,2.6129032258064515,79.17888563049853,2.425806451612903,73.50928641251222
10.187786733964458,49.22889075477555,-0.482666015625,0.52154541015625,-0.07891845703125,0.6990966796875,2.493548387096774,75.56207233626587,2.5387096774193547,76.93059628543499,2.3967741935483873,72.6295210166178
10.207853224943392,49.084305563349794,-0.48175048828125,0.5218505859375,-0.078125,0.69964599609375,2.42258064516129,73.41153470185728,2.5806451612903225,78.20136852394917,2.445161290322581,74.09579667644185
10.227925123996101,49.084305563349794,-0.48175048828125,0.5218505859375,-0.078125,0.69964599609375,2.4741935483870967,74.97556207233626,2.6032258064516127,78.88563049853371,2.4193548387096775,73.31378299120234
10.247997598024085,48.93500883745062,-0.4808349609375,0.5223388671875,-0.0772705078125,0.699951171875,2.4709677419354836,74.87781036168133,2.629032258064516,79.6676441837732,2.4516129032258065,74.29130009775172
10.268085176940076,48.93500883745062,-0.4808349609375,0.5223388671875,-0.0772705078125,0.699951171875,2.435483870967742,73.80254154447702,2.5999999999999996,78.78787878787878,2.454838709677419,74.38905180840665
10.288177044945769,48.7996095416806,-0.48004150390625,0.522705078125,-0.07647705078125,0.7003173828125,2.4709677419354836,74.87781036168133,2.629032258064516,79.6676441837732,2.4516129032258065,74.29130009775172
10.308219310943969,48.7996095416806,-0.48004150390625,0.522705078125,-0.07647705078125,0.7003173828125,2.4709677419354836,74.87781036168133,2.551612903225806,77.32160312805473,2.4741935483870967,74.97556207233626
10.32827549695503,48.7996095416806,-0.48004150390625,0.522705078125,-0.07647705078125,0.7003173828125,2.4741935483870967,74.97556207233626,2.583870967741935,78.2991202346041,2.4516129032258065,74.29130009775172
10.348379557020962,48.672017084057565,-0.4793701171875,0.52301025390625,-0.07568359375,0.70068359375,2.464516129032258,74.68230694037146,2.583870967741935,78.2991202346041,2.42258064516129,73.41153470185728
10.368471103953198,48.672017084057565,-0.4793701171875,0.52301025390625,-0.07568359375,0.70068359375,2.493548387096774,75.56207233626587,2.554838709677419,77.41935483870968,2.454838709677419,74.38905180840665
10.388489176984876,48.670826131331594,-0.47894287109375,0.5228271484375,-0.07586669921875,0.7010498046875,2.4741935483870967,74.97556207233626,2.5806451612903225,78.20136852394917,2.4709677419354836,74.87781036168133
10.408558067982085,48.670826131331594,-0.47894287109375,0.5228271484375,-0.07586669921875,0.7010498046875,2.5,75.75757575757575,2.551612903225806,77.32160312805473,2.4516129032258065,74.29130009775172
10.428619501995854,48.670826131331594,-0.47894287109375,0.5228271484375,-0.07586669921875,0.7010498046875,2.493548387096774,75.56207233626587,2.583870967741935,78.2991202346041,2.464516129032258,74.68230694037146
10.448698056978174,48.92459975683518,-0.48028564453125,0.5216064453125,-0.07720947265625,0.700927734375,2.467741935483871,74.7800586510264,2.583870967741935,78.2991202346041,2.464516129032258,74.68230694037146
10.468797317007557,48.92459975683518,-0.48028564453125,0.5216064453125,-0.07720947265625,0.700927734375,2.4741935483870967,74.97556207233626,2.5774193548387094,78.10361681329422,2.464516129032258,74.68230694037146
10.488803965970874,49.749507552181726,-0.48431396484375,0.518310546875,-0.08209228515625,0.70001220703125,2.4516129032258065,74.29130009775172,2.596774193548387,78.69012707722385,2.464516129032258,74.68230694037146
10.50892130495049,49.749507552181726,-0.48431396484375,0.518310546875,-0.08209228515625,0.70001220703125,2.4516129032258065,74.29130009775172,2.551612903225806,77.32160312805473,2.458064516129032,74.48680351906158
10.52893371495884,49.749507552181726,-0.48431396484375,0.518310546875,-0.08209228515625,0.70001220703125,2.4516129032258065,74.29130009775172,2.5741935483870964,78.00586510263928,2.4516129032258065,74.29130009775172
10.54903390200343,51.39389403440504,-0.49102783203125,0.5120849609375,-0.0931396484375,0.69854736328125,2.425806451612903,73.50928641251222,2.5774193548387094,78.10361681329422,2.4516129032258065,74.29130009775172
10.56912212097086,51.39389403440504,-0.49102783203125,0.5120849609375,-0.0931396484375,0.69854736328125,2.445161290322581,74.09579667644185,2.5774193548387094,78.10361681329422,2.4516129032258065,74.29130009775172
10.589137731003575,53.8754749307416,-0.50042724609375,0.501953125,-0.10992431640625,0.69683837890625,2.4096774193548387,73.02052785923753,2.558064516129032,77.5171065493646,2.4483870967741934,74.19354838709677
10.60922646196559,53.8754749307416,-0.50042724609375,0.501953125,-0.10992431640625,0.69683837890625,2.370967741935484,71.8475073313783,2.532258064516129,76.73509286412512,2.42258064516129,73.41153470185728
10.629275640007108,53.8754749307416,-0.50042724609375,0.501953125,-0.10992431640625,0.69683837890625,2.42258064516129,73.41153470185728,2.5161290322580645,76.24633431085044,2.4741935483870967,74.97556207233626
10.649383954936638,57.23430881992578,-0.51239013671875,0.48651123046875,-0.13201904296875,0.69525146484375,2.393548387096774,72.53176930596285,2.487096774193548,75.366568914956,2.4483870967741934,74.19354838709677
10.669467821950093,57.23430881992578,-0.51239013671875,0.48651123046875,-0.13201904296875,0.69525146484375,2.3483870967741938,71.16324535679375,2.487096774193548,75.366568914956,2.467741935483871,74.7800586510264
10.689481543959118,61.245523137721996,-0.5263671875,0.46795654296875,-0.15826416015625,0.6920166015625,2.3193548387096774,70.28347996089931,2.490322580645161,75.46432062561095,2.4709677419354836,74.87781036168133
10.7095910749631,61.245523137721996,-0.5263671875,0.46795654296875,-0.15826416015625,0.6920166015625,2.370967741935484,71.8475073313783,2.435483870967742,73.80254154447702,2.4741935483870967,74.97556207233626
10.729601821047254,61.245523137721996,-0.5263671875,0.46795654296875,-0.15826416015625,0.6920166015625,2.3516129032258064,71.26099706744868,2.4741935483870967,74.97556207233626,2.464516129032258,74.68230694037146
10.749704407993704,65.54912100393068,-0.54168701171875,0.44757080078125,-0.18548583984375,0.6868896484375,2.370967741935484,71.8475073313783,2.4387096774193546,73.90029325513197,2.4483870967741934,74.19354838709677
10.775528452009894,65.54912100393068,-0.54168701171875,0.44757080078125,-0.18548583984375,0.6868896484375,2.3741935483870966,71.94525904203324,2.4483870967741934,74.19354838709677,2.435483870967742,73.80254154447702
10.789849453954957,69.72892932367206,-0.55877685546875,0.42724609375,-0.2093505859375,0.67926025390625,2.4161290322580644,73.21603128054741,2.4161290322580644,73.21603128054741,2.42258064516129,73.41153470185728
10.809910407988355,69.72892932367206,-0.55877685546875,0.42724609375,-0.2093505859375,0.67926025390625,2.445161290322581,74.09579667644185,2.3741935483870966,71.94525904203324,2.464516129032258,74.68230694037146
10.82996787398588,69.72892932367206,-0.55877685546875,0.42724609375,-0.2093505859375,0.67926025390625,2.4161290322580644,73.21603128054741,2.335483870967742,70.772238514174,2.425806451612903,73.50928641251222
10.850054076989181,73.60952030282536,-0.57537841796875,0.407470703125,-0.2298583984375,0.67083740234375,2.3838709677419354,72.23851417399804,2.393548387096774,72.53176930596285,2.445161290322581,74.09579667644185
10.87011890404392,73.60952030282536,-0.57537841796875,0.407470703125,-0.2298583984375,0.67083740234375,2.3870967741935485,72.33626588465299,2.3741935483870966,71.94525904203324,2.42258064516129,73.41153470185728
10.890158770023845,76.96716167832817,-0.5885009765625,0.3883056640625,-0.24700927734375,0.66473388671875,2.435483870967742,73.80254154447702,2.370967741935484,71.8475073313783,2.3967741935483873,72.6295210166178
10.91024334100075,76.96716167832817,-0.5885009765625,0.3883056640625,-0.24700927734375,0.66473388671875,2.4064516129032256,72.9227761485826,2.4161290322580644,73.21603128054741,2.464516129032258,74.68230694037146
10.930313384043984,76.96716167832817,-0.5885009765625,0.3883056640625,-0.24700927734375,0.66473388671875,2.4,72.72727272727273,2.445161290322581,74.09579667644185,2.4612903225806453,74.58455522971653
10.950374657986686,79.59859618421909,-0.5980224609375,0.37225341796875,-0.2601318359375,0.660400390625,2.403225806451613,72.82502443792767,2.4096774193548387,73.02052785923753,2.467741935483871,74.7800586510264
10.970469661988318,79.59859618421909,-0.5980224609375,0.37225341796875,-0.2601318359375,0.660400390625,2.403225806451613,72.82502443792767,2.3967741935483873,72.6295210166178,2.42258064516129,73.41153470185728
10.990495415986516,81.06322240647187,-0.60260009765625,0.361572265625,-0.266845703125,0.6595458984375,2.435483870967742,73.80254154447702,2.3967741935483873,72.6295210166178,2.4483870967741934,74.19354838709677
11.010572690982372,81.06322240647187,-0.60260009765625,0.361572265625,-0.266845703125,0.6595458984375,2.4483870967741934,74.19354838709677,2.4096774193548387,73.02052785923753,2.4516129032258065,74.29130009775172
11.030613773036748,81.06322240647187,-0.60260009765625,0.361572265625,-0.266845703125,0.6595458984375,2.4419354838709677,73.9980449657869,2.464516129032258,74.68230694037146,2.435483870967742,73.80254154447702
11.050717927981168,82.09128240422068,-0.60601806640625,0.35528564453125,-0.27203369140625,0.65765380859375,2.458064516129032,74.48680351906158,2.435483870967742,73.80254154447702,2.454838709677419,74.38905180840665
11.070809955941513,82.09128240422068,-0.60601806640625,0.35528564453125,-0.27203369140625,0.65765380859375,2.4193548387096775,73.31378299120234,2.464516129032258,74.68230694037146,2.4483870967741934,74.19354838709677
11.09082982095424,82.47560447225578,-0.6080322265625,0.3525390625,-0.27313232421875,0.65679931640625,2.4612903225806453,74.58455522971653,2.4516129032258065,74.29130009775172,2.445161290322581,74.09579667644185
11.110915865050629,82.47560447225578,-0.6080322265625,0.3525390625,-0.27313232421875,0.65679931640625,2.4741935483870967,74.97556207233626,2.4774193548387093,75.07331378299119,2.445161290322581,74.09579667644185
11.130969363031909,82.47560447225578,-0.6080322265625,0.3525390625,-0.27313232421875,0.65679931640625,2.458064516129032,74.48680351906158,2.5064516129032257,75.95307917888563,2.4516129032258065,74.29130009775172
11.151040749973617,82.39753579111023,-0.60699462890625,0.35174560546875,-0.2725830078125,0.658447265625,2.4419354838709677,73.9980449657869,2.4774193548387093,75.07331378299119,2.454838709677419,74.38905180840665
11.171136489952914,82.39753579111023,-0.60699462890625,0.35174560546875,-0.2725830078125,0.658447265625,2.432258064516129,73.70478983382209,2.5129032258064514,76.1485826001955,2.4516129032258065,74.29130009775172
11.191147043020464,82.24352662572056,-0.6038818359375,0.35211181640625,-0.27349853515625,0.66070556640625,2.4161290322580644,73.21603128054741,2.493548387096774,75.56207233626587,2.454838709677419,74.38905180840665
11.211235134047456,82.24352662572056,-0.6038818359375,0.35211181640625,-0.27349853515625,0.66070556640625,2.4193548387096775,73.31378299120234,2.4774193548387093,75.07331378299119,2.458064516129032,74.48680351906158
11.231278936960734,82.24352662572056,-0.6038818359375,0.35211181640625,-0.27349853515625,0.66070556640625,2.3967741935483873,72.6295210166178,2.519354838709677,76.34408602150538,2.4290322580645163,73.60703812316717
11.251407476956956,82.05584951015821,-0.6036376953125,0.3538818359375,-0.27264404296875,0.66033935546875,2.4161290322580644,73.21603128054741,2.5032258064516126,75.8553274682307,2.4741935483870967,74.97556207233626
11.271462414995767,82.05584951015821,-0.6036376953125,0.3538818359375,-0.27264404296875,0.66033935546875,2.42258064516129,73.41153470185728,2.5161290322580645,76.24633431085044,2.4483870967741934,74.19354838709677
11.291537194047123,81.88877998361112,-0.6041259765625,0.3553466796875,-0.271240234375,0.65966796875,2.4161290322580644,73.21603128054741,2.5387096774193547,76.93059628543499,2.464516129032258,74.68230694037146
11.31162451801356,81.88877998361112,-0.6041259765625,0.3553466796875,-0.271240234375,0.65966796875,2.3967741935483873,72.6295210166178,2.5032258064516126,75.8553274682307,2.435483870967742,73.80254154447702
11.331670176004991,81.88877998361112,-0.6041259765625,0.3553466796875,-0.271240234375,0.65966796875,2.4290322580645163,73.60703812316717,2.5032258064516126,75.8553274682307,2.4741935483870967,74.97556207233626
11.351778076030314,81.79535639068341,-0.60345458984375,0.35589599609375,-0.27105712890625,0.66009521484375,2.4193548387096775,73.31378299120234,2.5129032258064514,76.1485826001955,2.464516129032258,74.68230694037146
11.371821590000764,81.79535639068341,-0.60345458984375,0.35589599609375,-0.27105712890625,0.66009521484375,2.435483870967742,73.80254154447702,2.5387096774193547,76.93059628543499,2.4774193548387093,75.07331378299119
11.391871151980013,81.72878245700905,-0.60296630859375,0.3563232421875,-0.27093505859375,0.66033935546875,2.4419354838709677,73.9980449657869,2.5129032258064514,76.1485826001955,2.4741935483870967,74.97556207233626
11.411944490973838,81.72878245700905,-0.60296630859375,0.3563232421875,-0.27093505859375,0.66033935546875,2.3967741935483873,72.6295210166178,2.5387096774193547,76.93059628543499,2.4612903225806453,74.58455522971653
11.432045798981562,81.72878245700905,-0.60296630859375,0.3563232421875,-0.27093505859375,0.66033935546875,2.42258064516129,73.41153470185728,2.487096774193548,75.366568914956,2.4741935483870967,74.97556207233626
11.452101920964196,81.71958934065451,-0.60302734375,0.3565673828125,-0.27093505859375,0.66015625,2.412903225806452,73.11827956989248,2.525806451612903,76.53958944281524,2.4741935483870967,74.97556207233626
11.472167739993893,81.71958934065451,-0.60302734375,0.3565673828125,-0.27093505859375,0.66015625,2.412903225806452,73.11827956989248,2.532258064516129,76.73509286412512,2.464516129032258,74.68230694037146
11.507751871016808,81.7503479740918,-0.60321044921875,0.35650634765625,-0.2711181640625,0.65997314453125,2.4419354838709677,73.9980449657869,2.4806451612903224,75.17106549364614,2.4709677419354836,74.87781036168133
11.512249776045792,81.7503479740918,-0.60321044921875,0.35650634765625,-0.2711181640625,0.65997314453125,2.403225806451613,72.82502443792767,2.5064516129032257,75.95307917888563,2.490322580645161,75.46432062561095
11.532378572970629,81.7503479740918,-0.60321044921875,0.35650634765625,-0.2711181640625,0.65997314453125,2.4193548387096775,73.31378299120234,2.525806451612903,76.53958944281524,2.42258064516129,73.41153470185728
11.55258333904203,81.75463816113925,-0.60308837890625,0.3565673828125,-0.27130126953125,0.65997314453125,2.445161290322581,74.09579667644185,2.4806451612903224,75.17106549364614,2.4741935483870967,74.97556207233626
11.572634116979316,81.75463816113925,-0.60308837890625,0.3565673828125,-0.27130126953125,0.65997314453125,2.454838709677419,74.38905180840665,2.5354838709677416,76.83284457478005,2.4709677419354836,74.87781036168133
11.59267769602593,81.7409992078771,-0.6025390625,0.356689453125,-0.27166748046875,0.6602783203125,2.4387096774193546,73.90029325513197,2.5,75.75757575757575,2.4741935483870967,74.97556207233626
11.612729370011948,81.7409992078771,-0.6025390625,0.356689453125,-0.27166748046875,0.6602783203125,2.4161290322580644,73.21603128054741,2.551612903225806,77.32160312805473,2.4709677419354836,74.87781036168133
11.632791924988851,81.7409992078771,-0.6025390625,0.356689453125,-0.27166748046875,0.6602783203125,2.5064516129032257,75.95307917888563,2.529032258064516,76.63734115347019,2.5,75.75757575757575
11.652864080038853,81.66995332348161,-0.60174560546875,0.35711669921875,-0.271728515625,0.66070556640625,2.4516129032258065,74.29130009775172,2.561290322580645,77.61485826001955,2.4709677419354836,74.87781036168133
11.672921865945682,81.66995332348161,-0.60174560546875,0.35711669921875,-0.271728515625,0.66070556640625,2.4419354838709677,73.9980449657869,2.5032258064516126,75.8553274682307,2.493548387096774,75.56207233626587
11.69299814896658,81.56102618841052,-0.600830078125,0.3577880859375,-0.2716064453125,0.66119384765625,2.458064516129032,74.48680351906158,2.5032258064516126,75.8553274682307,2.4774193548387093,75.07331378299119
11.71305142401252,81.56102618841052,-0.600830078125,0.3577880859375,-0.2716064453125,0.66119384765625,2.42258064516129,73.41153470185728,2.52258064516129,76.44183773216031,2.4612903225806453,74.58455522971653
11.73311928997282,81.56102618841052,-0.600830078125,0.3577880859375,-0.2716064453125,0.66119384765625,2.4612903225806453,74.58455522971653,2.5387096774193547,76.93059628543499,2.464516129032258,74.68230694037146
11.753209301969036,81.47340878738346,-0.599853515625,0.3585205078125,-0.2718505859375,0.66162109375,2.4516129032258065,74.29130009775172,2.525806451612903,76.53958944281524,2.4516129032258065,74.29130009775172
11.773265135940164,81.47340878738346,-0.599853515625,0.3585205078125,-0.2718505859375,0.66162109375,2.445161290322581,74.09579667644185,2.5032258064516126,75.8553274682307,2.4838709677419355,75.26881720430107
11.793317707022652,81.50174521380829,-0.5997314453125,0.358642578125,-0.2723388671875,0.66143798828125,2.4516129032258065,74.29130009775172,2.52258064516129,76.44183773216031,2.4709677419354836,74.87781036168133
11.813385125948116,81.50174521380829,-0.5997314453125,0.358642578125,-0.2723388671875,0.66143798828125,2.4516129032258065,74.29130009775172,2.52258064516129,76.44183773216031,2.487096774193548,75.366568914956
11.833454399951734,81.50174521380829,-0.5997314453125,0.358642578125,-0.2723388671875,0.66143798828125,2.445161290322581,74.09579667644185,2.525806451612903,76.53958944281524,2.493548387096774,75.56207233626587
11.853516923030838,81.90714913817322,-0.60150146484375,0.3568115234375,-0.27447509765625,0.65997314453125,2.467741935483871,74.7800586510264,2.5064516129032257,75.95307917888563,2.487096774193548,75.366568914956
11.873586517991498,81.90714913817322,-0.60150146484375,0.3568115234375,-0.27447509765625,0.65997314453125,2.425806451612903,73.50928641251222,2.5032258064516126,75.8553274682307,2.435483870967742,73.80254154447702
11.893650545040146,82.88234673415712,-0.60516357421875,0.3519287109375,-0.27972412109375,0.65704345703125,2.4419354838709677,73.9980449657869,2.4838709677419355,75.26881720430107,2.4483870967741934,74.19354838709677
11.913727052044123,82.88234673415712,-0.60516357421875,0.3519287109375,-0.27972412109375,0.65704345703125,2.454838709677419,74.38905180840665,2.467741935483871,74.7800586510264,2.42258064516129,73.41153470185728
11.93381200695876,82.88234673415712,-0.60516357421875,0.3519287109375,-0.27972412109375,0.65704345703125,2.4516129032258065,74.29130009775172,2.464516129032258,74.68230694037146,2.467741935483871,74.7800586510264
11.953884418006055,84.40170934105004,-0.60980224609375,0.343994140625,-0.2884521484375,0.65313720703125,2.4419354838709677,73.9980449657869,2.425806451612903,73.50928641251222,2.4741935483870967,74.97556207233626
11.973957789014094,84.40170934105004,-0.60980224609375,0.343994140625,-0.2884521484375,0.65313720703125,2.454838709677419,74.38905180840665,2.432258064516129,73.70478983382209,2.4516129032258065,74.29130009775172
11.994011671980843,86.27550369456839,-0.61376953125,0.33355712890625,-0.30010986328125,0.64959716796875,2.4612903225806453,74.58455522971653,2.4741935483870967,74.97556207233626,2.4612903225806453,74.58455522971653
12.014064211049117,86.27550369456839,-0.61376953125,0.33355712890625,-0.30010986328125,0.64959716796875,2.4387096774193546,73.90029325513197,2.432258064516129,73.70478983382209,2.425806451612903,73.50928641251222
12.034133806009777,86.27550369456839,-0.61376953125,0.33355712890625,-0.30010986328125,0.64959716796875,2.435483870967742,73.80254154447702,2.4612903225806453,74.58455522971653,2.425806451612903,73.50928641251222
12.054201832972467,88.31243888901882,-0.6162109375,0.32257080078125,-0.3143310546875,0.6461181640625,2.4483870967741934,74.19354838709677,2.425806451612903,73.50928641251222,2.445161290322581,74.09579667644185
12.074317925027572,88.31243888901882,-0.6162109375,0.32257080078125,-0.3143310546875,0.6461181640625,2.4,72.72727272727273,2.4387096774193546,73.90029325513197,2.435483870967742,73.80254154447702
12.09435523103457,90.42553921164371,-0.61785888671875,0.3121337890625,-0.3302001953125,0.6417236328125,2.3967741935483873,72.6295210166178,2.432258064516129,73.70478983382209,2.454838709677419,74.38905180840665
12.114485020050779,90.42553921164371,-0.61785888671875,0.3121337890625,-0.3302001953125,0.6417236328125,2.4064516129032256,72.9227761485826,2.4483870967741934,74.19354838709677,2.3838709677419354,72.23851417399804
12.134502548957244,90.42553921164371,-0.61785888671875,0.3121337890625,-0.3302001953125,0.6417236328125,2.3483870967741938,71.16324535679375,2.4290322580645163,73.60703812316717,2.4193548387096775,73.31378299120234
12.15456587204244,92.80700885636725,-0.6197509765625,0.29931640625,-0.34716796875,0.63702392578125,2.3870967741935485,72.33626588465299,2.445161290322581,74.09579667644185,2.370967741935484,71.8475073313783
12.174648236017674,92.80700885636725,-0.6197509765625,0.29931640625,-0.34716796875,0.63702392578125,2.3838709677419354,72.23851417399804,2.4612903225806453,74.58455522971653,2.3870967741935485,72.33626588465299
12.19469619798474,95.52352644465108,-0.62451171875,0.283447265625,-0.36328125,0.630615234375,2.3483870967741938,71.16324535679375,2.458064516129032,74.48680351906158,2.3806451612903228,72.14076246334312
12.214777249959297,95.52352644465108,-0.62451171875,0.283447265625,-0.36328125,0.630615234375,2.3483870967741938,71.16324535679375,2.4741935483870967,74.97556207233626,2.3967741935483873,72.6295210166178
12.24065230297856,95.52352644465108,-0.62451171875,0.283447265625,-0.36328125,0.630615234375,2.4096774193548387,73.02052785923753,2.4806451612903224,75.17106549364614,2.3838709677419354,72.23851417399804
12.254954617004842,98.39482175946664,-0.63006591796875,0.26629638671875,-0.37921142578125,0.62310791015625,2.3741935483870966,71.94525904203324,2.490322580645161,75.46432062561095,2.42258064516129,73.41153470185728
12.275015154969878,98.39482175946664,-0.63006591796875,0.26629638671875,-0.37921142578125,0.62310791015625,2.4,72.72727272727273,2.496774193548387,75.65982404692082,2.370967741935484,71.8475073313783
12.295099694980308,101.54105602573391,-0.63885498046875,0.24981689453125,-0.39544677734375,0.61083984375,2.42258064516129,73.41153470185728,2.525806451612903,76.53958944281524,2.390322580645161,72.43401759530792
12.315143720945343,101.54105602573391,-0.63885498046875,0.24981689453125,-0.39544677734375,0.61083984375,2.425806451612903,73.50928641251222,2.5064516129032257,75.95307917888563,2.42258064516129,73.41153470185728
12.335219396976754,101.54105602573391,-0.63885498046875,0.24981689453125,-0.39544677734375,0.61083984375,2.4483870967741934,74.19354838709677,2.5774193548387094,78.10361681329422,2.425806451612903,73.50928641251222
12.355284158955328,104.89301033502227,-0.6514892578125,0.23577880859375,-0.41156005859375,0.5921630859375,2.467741935483871,74.7800586510264,2.5032258064516126,75.8553274682307,2.4612903225806453,74.58455522971653
12.375359643017873,104.89301033502227,-0.6514892578125,0.23577880859375,-0.41156005859375,0.5921630859375,2.4096774193548387,73.02052785923753,2.587096774193548,78.39687194525904,2.4709677419354836,74.87781036168133
12.395420533954166,108.44939945275692,-0.66571044921875,0.2230224609375,-0.42828369140625,0.56890869140625,2.4741935483870967,74.97556207233626,2.62258064516129,79.47214076246333,2.4709677419354836,74.87781036168133
12.415531761944294,108.44939945275692,-0.66571044921875,0.2230224609375,-0.42828369140625,0.56890869140625,2.435483870967742,73.80254154447702,2.629032258064516,79.6676441837732,2.52258064516129,76.44183773216031
12.435574923991226,108.44939945275692,-0.66571044921875,0.2230224609375,-0.42828369140625,0.56890869140625,2.4741935483870967,74.97556207233626,2.6645161290322577,80.74291300097751,2.5,75.75757575757575
12.45564535097219,111.99870262764699,-0.677978515625,0.211669921875,-0.44622802734375,0.54443359375,2.4612903225806453,74.58455522971653,2.6741935483870964,81.03616813294232,2.5129032258064514,76.1485826001955
12.475733506958932,111.99870262764699,-0.677978515625,0.211669921875,-0.44622802734375,0.54443359375,2.445161290322581,74.09579667644185,2.6354838709677417,79.86314760508309,2.5483870967741935,77.2238514173998
12.49577932502143,114.83347843688068,-0.6888427734375,0.20489501953125,-0.4599609375,0.521484375,2.4387096774193546,73.90029325513197,2.7032258064516124,81.91593352883673,2.5774193548387094,78.10361681329422
12.516111199045554,114.83347843688068,-0.6888427734375,0.20489501953125,-0.4599609375,0.521484375,2.4741935483870967,74.97556207233626,2.7096774193548385,82.11143695014663,2.590322580645161,78.49462365591397
12.535930003039539,114.83347843688068,-0.6888427734375,0.20489501953125,-0.4599609375,0.521484375,2.4612903225806453,74.58455522971653,2.761290322580645,83.67546432062561,2.629032258064516,79.6676441837732
12.555984333972447,117.05147766994622,-0.696533203125,0.2025146484375,-0.47210693359375,0.50091552734375,2.525806451612903,76.53958944281524,2.767741935483871,83.87096774193549,2.558064516129032,77.5171065493646
12.57610833097715,117.05147766994622,-0.696533203125,0.2025146484375,-0.47210693359375,0.50091552734375,2.464516129032258,74.68230694037146,2.7580645161290325,83.57771260997069,2.590322580645161,78.49462365591397
12.596134469029494,118.32765702651865,-0.70294189453125,0.20623779296875,-0.47930908203125,0.4832763671875,2.4774193548387093,75.07331378299119,2.803225806451613,84.94623655913979,2.6032258064516127,78.88563049853371
12.616218560026027,118.32765702651865,-0.70294189453125,0.20623779296875,-0.47930908203125,0.4832763671875,2.458064516129032,74.48680351906158,2.7870967741935484,84.4574780058651,2.593548387096774,78.59237536656892
12.636314779985696,118.32765702651865,-0.70294189453125,0.20623779296875,-0.47930908203125,0.4832763671875,2.4774193548387093,75.07331378299119,2.7870967741935484,84.4574780058651,2.6129032258064515,79.17888563049853
12.65634184598457,118.97587798393997,-0.7080078125,0.21051025390625,-0.482177734375,0.4710693359375,2.525806451612903,76.53958944281524,2.793548387096774,84.65298142717498,2.6096774193548384,79.0811339198436
12.67643790494185,118.97587798393997,-0.7080078125,0.21051025390625,-0.482177734375,0.4710693359375,2.5129032258064514,76.1485826001955,2.806451612903226,85.04398826979474,2.6032258064516127,78.88563049853371
12.696477420045994,119.12942808698428,-0.7081298828125,0.210693359375,-0.4833984375,0.469482421875,2.519354838709677,76.34408602150538,2.8096774193548386,85.14173998044966,2.5999999999999996,78.78787878787878
12.716624328983016,119.12942808698428,-0.7081298828125,0.210693359375,-0.4833984375,0.469482421875,2.525806451612903,76.53958944281524,2.835483870967742,85.92375366568915,2.593548387096774,78.59237536656892
12.736623842036352,119.12942808698428,-0.7081298828125,0.210693359375,-0.4833984375,0.469482421875,2.525806451612903,76.53958944281524,2.7322580645161287,82.79569892473117,2.6032258064516127,78.88563049853371
12.756678748992272,118.84048820275308,-0.70916748046875,0.21063232421875,-0.4801025390625,0.47137451171875,2.532258064516129,76.73509286412512,2.7580645161290325,83.57771260997069,2.596774193548387,78.69012707722385
12.776780792977661,118.84048820275308,-0.70916748046875,0.21063232421875,-0.4801025390625,0.47137451171875,2.5387096774193547,76.93059628543499,2.835483870967742,85.92375366568915,2.596774193548387,78.69012707722385
12.796820658957586,118.45697957775634,-0.70892333984375,0.21099853515625,-0.477294921875,0.4744873046875,2.551612903225806,77.32160312805473,2.8096774193548386,85.14173998044966,2.6419354838709674,80.05865102639295
12.816916494979523,118.45697957775634,-0.70892333984375,0.21099853515625,-0.477294921875,0.4744873046875,2.5483870967741935,77.2238514173998,2.796774193548387,84.75073313782991,2.5774193548387094,78.10361681329422
12.836988586001098,118.45697957775634,-0.70892333984375,0.21099853515625,-0.477294921875,0.4744873046875,2.564516129032258,77.71260997067448,2.764516129032258,83.77321603128055,2.593548387096774,78.59237536656892
12.857045316020958,118.22191661005003,-0.7081298828125,0.21173095703125,-0.476318359375,0.476318359375,2.5709677419354837,77.90811339198436,2.7870967741935484,84.4574780058651,2.6032258064516127,78.88563049853371
12.877107518957928,118.22191661005003,-0.7081298828125,0.21173095703125,-0.476318359375,0.476318359375,2.5,75.75757575757575,2.8,84.84848484848484,2.6032258064516127,78.88563049853371
12.897178138024174,118.14751321458347,-0.70660400390625,0.21112060546875,-0.47674560546875,0.4783935546875,2.554838709677419,77.41935483870968,2.796774193548387,84.75073313782991,2.616129032258064,79.27663734115346
12.917254133964889,118.14751321458347,-0.70660400390625,0.21112060546875,-0.47674560546875,0.4783935546875,2.561290322580645,77.61485826001955,2.7870967741935484,84.4574780058651,2.587096774193548,78.39687194525904
12.937312784022652,118.14751321458347,-0.70660400390625,0.21112060546875,-0.47674560546875,0.4783935546875,2.561290322580645,77.61485826001955,2.796774193548387,84.75073313782991,2.593548387096774,78.59237536656892
12.971557906013913,118.14184597959766,-0.7060546875,0.21038818359375,-0.47686767578125,0.47943115234375,2.5419354838709673,77.02834799608992,2.7870967741935484,84.4574780058651,2.5999999999999996,78.78787878787878
12.977423270000145,118.14184597959766,-0.7060546875,0.21038818359375,-0.47686767578125,0.47943115234375,2.558064516129032,77.5171065493646,2.7903225806451615,84.55522971652005,2.593548387096774,78.59237536656892
12.99750729801599,118.16631706645197,-0.70489501953125,0.21044921875,-0.47808837890625,0.4798583984375,2.551612903225806,77.32160312805473,2.793548387096774,84.65298142717498,2.5999999999999996,78.78787878787878
13.017581757041626,118.16631706645197,-0.70489501953125,0.21044921875,-0.47808837890625,0.4798583984375,2.5451612903225804,77.12609970674487,2.7806451612903227,84.26197458455523,2.5677419354838706,77.81036168132943
13.037646551965736,118.16631706645197,-0.70489501953125,0.21044921875,-0.47808837890625,0.4798583984375,2.5709677419354837,77.90811339198436,2.7838709677419353,84.35972629521017,2.5806451612903225,78.20136852394917
13.057735188049264,118.17212360969346,-0.703369140625,0.21014404296875,-0.47930908203125,0.48095703125,2.554838709677419,77.41935483870968,2.7387096774193544,82.99120234604105,2.616129032258064,79.27663734115346
13.077784591005184,118.17212360969346,-0.703369140625,0.21014404296875,-0.47930908203125,0.48095703125,2.5387096774193547,76.93059628543499,2.774193548387097,84.06647116324537,2.596774193548387,78.69012707722385
13.097847754019313,118.15302048960004,-0.7017822265625,0.209716796875,-0.4803466796875,0.48248291015625,2.561290322580645,77.61485826001955,2.7774193548387096,84.1642228739003,2.590322580645161,78.49462365591397
13.117949477978982,118.15302048960004,-0.7017822265625,0.209716796875,-0.4803466796875,0.48248291015625,2.5774193548387094,78.10361681329422,2.7580645161290325,83.57771260997069,2.590322580645161,78.49462365591397
13.137999617028981,118.15302048960004,-0.7017822265625,0.209716796875,-0.4803466796875,0.48248291015625,2.5709677419354837,77.90811339198436,2.8225806451612905,85.53274682306942,2.5806451612903225,78.20136852394917
13.158062748028897,118.09070772636503,-0.70062255859375,0.2103271484375,-0.4810791015625,0.483154296875,2.551612903225806,77.32160312805473,2.774193548387097,84.06647116324537,2.5774193548387094,78.10361681329422
13.178152760025114,118.09070772636503,-0.70062255859375,0.2103271484375,-0.4810791015625,0.483154296875,2.532258064516129,76.73509286412512,2.767741935483871,83.87096774193549,2.6096774193548384,79.0811339198436
13.198198418016545,117.97378675928563,-0.699462890625,0.21099853515625,-0.48138427734375,0.4842529296875,2.5677419354838706,77.81036168132943,2.764516129032258,83.77321603128055,2.596774193548387,78.69012707722385
13.218321198946796,117.97378675928563,-0.699462890625,0.21099853515625,-0.48138427734375,0.4842529296875,2.561290322580645,77.61485826001955,2.761290322580645,83.67546432062561,2.5774193548387094,78.10361681329422
13.23836327297613,117.97378675928563,-0.699462890625,0.21099853515625,-0.48138427734375,0.4842529296875,2.5483870967741935,77.2238514173998,2.7548387096774194,83.47996089931574,2.590322580645161,78.49462365591397
13.258425827953033,117.93084281565372,-0.69793701171875,0.211181640625,-0.482421875,0.4853515625,2.5129032258064514,76.1485826001955,2.7548387096774194,83.47996089931574,2.62258064516129,79.47214076246333
13.278524287976325,117.93084281565372,-0.69793701171875,0.211181640625,-0.482421875,0.4853515625,2.5451612903225804,77.12609970674487,2.725806451612903,82.6001955034213,2.590322580645161,78.49462365591397
13.29855900304392,117.85218726209054,-0.69775390625,0.2125244140625,-0.48248291015625,0.48492431640625,2.5451612903225804,77.12609970674487,2.8161290322580643,85.33724340175954,2.558064516129032,77.5171065493646
13.318637302028947,117.85218726209054,-0.69775390625,0.2125244140625,-0.48248291015625,0.48492431640625,2.5129032258064514,76.1485826001955,2.761290322580645,83.67546432062561,2.5806451612903225,78.20136852394917
13.338702096953057,117.85218726209054,-0.69775390625,0.2125244140625,-0.48248291015625,0.48492431640625,2.564516129032258,77.71260997067448,2.770967741935484,83.96871945259042,2.5806451612903225,78.20136852394917
13.358780876966193,117.719835618677,-0.69793701171875,0.21392822265625,-0.4818115234375,0.4847412109375,2.5419354838709673,77.02834799608992,2.7548387096774194,83.47996089931574,2.551612903225806,77.32160312805473
13.378854503971525,117.719835618677,-0.69793701171875,0.21392822265625,-0.4818115234375,0.4847412109375,2.529032258064516,76.63734115347019,2.761290322580645,83.67546432062561,2.551612903225806,77.32160312805473
13.398938243975863,117.6398444480684,-0.69659423828125,0.2142333984375,-0.482421875,0.48590087890625,2.5483870967741935,77.2238514173998,2.770967741935484,83.96871945259042,2.5806451612903225,78.20136852394917
13.418990783044137,117.6398444480684,-0.69659423828125,0.2142333984375,-0.482421875,0.48590087890625,2.551612903225806,77.32160312805473,2.7838709677419353,84.35972629521017,2.5741935483870964,78.00586510263928
13.439048697939143,117.6398444480684,-0.69659423828125,0.2142333984375,-0.482421875,0.48590087890625,2.5709677419354837,77.90811339198436,2.7322580645161287,82.79569892473117,2.5774193548387094,78.10361681329422
13.459111316944472,117.53732128106081,-0.694580078125,0.21417236328125,-0.4832763671875,0.48797607421875,2.551612903225806,77.32160312805473,2.7580645161290325,83.57771260997069,2.5806451612903225,78.20136852394917
13.479206289048307,117.53732128106081,-0.694580078125,0.21417236328125,-0.4832763671875,0.48797607421875,2.5741935483870964,78.00586510263928,2.7419354838709675,83.08895405669598,2.5774193548387094,78.10361681329422
13.499456783989444,117.67184343167361,-0.69378662109375,0.212890625,-0.48455810546875,0.4884033203125,2.5483870967741935,77.2238514173998,2.74516129032258,83.18670576735092,2.551612903225806,77.32160312805473
13.519588141003624,117.67184343167361,-0.69378662109375,0.212890625,-0.48455810546875,0.4884033203125,2.6032258064516127,78.88563049853371,2.7838709677419353,84.35972629521017,2.5741935483870964,78.00586510263928
13.539636807981879,117.67184343167361,-0.69378662109375,0.212890625,-0.48455810546875,0.4884033203125,2.5451612903225804,77.12609970674487,2.7774193548387096,84.1642228739003,2.5677419354838706,77.81036168132943
13.559693122981116,118.03639109347371,-0.69573974609375,0.21160888671875,-0.48541259765625,0.4853515625,2.5774193548387094,78.10361681329422,2.7354838709677414,82.8934506353861,2.5774193548387094,78.10361681329422
13.579771326039918,118.03639109347371,-0.69573974609375,0.21160888671875,-0.48541259765625,0.4853515625,2.564516129032258,77.71260997067448,2.7322580645161287,82.79569892473117,2.5774193548387094,78.10361681329422
13.599798328941688,118.67478306813392,-0.697265625,0.2088623046875,-0.48828125,0.48138427734375,2.564516129032258,77.71260997067448,2.770967741935484,83.96871945259042,2.5806451612903225,78.20136852394917
13.61990354093723,118.67478306813392,-0.697265625,0.2088623046875,-0.48828125,0.48138427734375,2.561290322580645,77.61485826001955,2.7548387096774194,83.47996089931574,2.5806451612903225,78.20136852394917
13.639944943017326,118.67478306813392,-0.697265625,0.2088623046875,-0.48828125,0.48138427734375,2.5709677419354837,77.90811339198436,2.767741935483871,83.87096774193549,2.590322580645161,78.49462365591397
13.660005226032808,119.8842893090071,-0.6982421875,0.20416259765625,-0.49554443359375,0.47454833984375,2.5677419354838706,77.81036168132943,2.7322580645161287,82.79569892473117,2.587096774193548,78.39687194525904
13.680070757050999,119.8842893090071,-0.6982421875,0.20416259765625,-0.49554443359375,0.47454833984375,2.5774193548387094,78.10361681329422,2.7322580645161287,82.79569892473117,2.5741935483870964,78.00586510263928
13.700164736947045,121.49928243037655,-0.69921875,0.20050048828125,-0.50640869140625,0.46307373046875,2.554838709677419,77.41935483870968,2.770967741935484,83.96871945259042,2.554838709677419,77.41935483870968
13.720214875997044,121.49928243037655,-0.69921875,0.20050048828125,-0.50640869140625,0.46307373046875,2.561290322580645,77.61485826001955,2.7064516129032254,82.01368523949168,2.5709677419354837,77.90811339198436
13.74027496704366,121.49928243037655,-0.69921875,0.20050048828125,-0.50640869140625,0.46307373046875,2.5774193548387094,78.10361681329422,2.7580645161290325,83.57771260997069,2.5709677419354837,77.90811339198436
13.760401492007077,123.34200418896543,-0.7003173828125,0.1988525390625,-0.51947021484375,0.44744873046875,2.525806451612903,76.53958944281524,2.761290322580645,83.67546432062561,2.5774193548387094,78.10361681329422
13.780437709996477,123.34200418896543,-0.7003173828125,0.1988525390625,-0.51947021484375,0.44744873046875,2.5,75.75757575757575,2.761290322580645,83.67546432062561,2.593548387096774,78.59237536656892
13.800467240042053,125.30743902805068,-0.7010498046875,0.19818115234375,-0.53363037109375,0.42950439453125,2.3967741935483873,72.6295210166178,2.806451612903226,85.04398826979474,2.5774193548387094,78.10361681329422
13.820550948032178,125.30743902805068,-0.7010498046875,0.19818115234375,-0.53363037109375,0.42950439453125,2.3838709677419354,72.23851417399804,2.806451612903226,85.04398826979474,2.596774193548387,78.69012707722385
13.840611102990806,125.30743902805068,-0.7010498046875,0.19818115234375,-0.53363037109375,0.42950439453125,2.4161290322580644,73.21603128054741,2.8129032258064517,85.23949169110459,2.616129032258064,79.27663734115346
13.860707866959274,127.53918411066303,-0.7005615234375,0.19622802734375,-0.5498046875,0.41033935546875,2.3741935483870966,71.94525904203324,2.825806451612903,85.63049853372434,2.5774193548387094,78.10361681329422
13.880765942041762,127.53918411066303,-0.7005615234375,0.19622802734375,-0.5498046875,0.41033935546875,2.3322580645161293,70.67448680351907,2.8096774193548386,85.14173998044966,2.5999999999999996,78.78787878787878
13.900823025032878,129.70616656521742,-0.698486328125,0.19512939453125,-0.56658935546875,0.39117431640625,2.3741935483870966,71.94525904203324,2.8548387096774195,86.51026392961879,2.593548387096774,78.59237536656892
13.920896523981355,129.70616656521742,-0.698486328125,0.19512939453125,-0.56658935546875,0.39117431640625,2.370967741935484,71.8475073313783,2.8451612903225807,86.21700879765396,2.6064516129032254,78.98338220918865
13.94100074400194,129.70616656521742,-0.698486328125,0.19512939453125,-0.56658935546875,0.39117431640625,2.3870967741935485,72.33626588465299,2.8483870967741933,86.3147605083089,2.5999999999999996,78.78787878787878
13.961034242995083,131.53821540562453,-0.69573974609375,0.19488525390625,-0.58135986328125,0.3741455078125,2.412903225806452,73.11827956989248,2.9129032258064513,88.26979472140762,2.6032258064516127,78.88563049853371
13.981158272014,131.53821540562453,-0.69573974609375,0.19488525390625,-0.58135986328125,0.3741455078125,2.4161290322580644,73.21603128054741,2.8516129032258064,86.41251221896383,2.5999999999999996,78.78787878787878
14.00120015500579,133.0816965732962,-0.69317626953125,0.19512939453125,-0.59375,0.3590087890625,2.4,72.72727272727273,2.8516129032258064,86.41251221896383,2.629032258064516,79.6676441837732
14.021249876939692,133.0816965732962,-0.69317626953125,0.19512939453125,-0.59375,0.3590087890625,2.4,72.72727272727273,2.838709677419355,86.0215053763441,2.616129032258064,79.27663734115346
14.04134689795319,133.0816965732962,-0.69317626953125,0.19512939453125,-0.59375,0.3590087890625,2.4483870967741934,74.19354838709677,2.7838709677419353,84.35972629521017,2.616129032258064,79.27663734115346
14.061392204021104,134.27708416149045,-0.69091796875,0.1932373046875,-0.60284423828125,0.34906005859375,2.4419354838709677,73.9980449657869,2.835483870967742,85.92375366568915,2.593548387096774,78.59237536656892
14.0814562960295,134.27708416149045,-0.69091796875,0.1932373046875,-0.60284423828125,0.34906005859375,2.425806451612903,73.50928641251222,2.8516129032258064,86.41251221896383,2.629032258064516,79.6676441837732
14.101523875026032,135.03215797191234,-0.68914794921875,0.19146728515625,-0.60870361328125,0.34332275390625,2.4290322580645163,73.60703812316717,2.8516129032258064,86.41251221896383,2.629032258064516,79.6676441837732
14.121621118974872,135.03215797191234,-0.68914794921875,0.19146728515625,-0.60870361328125,0.34332275390625,2.458064516129032,74.48680351906158,2.861290322580645,86.70576735092864,2.564516129032258,77.71260997067448
14.141658394015394,135.03215797191234,-0.68914794921875,0.19146728515625,-0.60870361328125,0.34332275390625,2.4806451612903224,75.17106549364614,2.861290322580645,86.70576735092864,2.6064516129032254,78.98338220918865
14.161726324935444,135.39854079164314,-0.6893310546875,0.19366455078125,-0.6112060546875,0.3372802734375,2.467741935483871,74.7800586510264,2.838709677419355,86.0215053763441,2.6129032258064515,79.17888563049853
14.181806704960763,135.39854079164314,-0.6893310546875,0.19366455078125,-0.6112060546875,0.3372802734375,2.487096774193548,75.366568914956,2.9193548387096775,88.4652981427175,2.6032258064516127,78.88563049853371
14.20185847603716,135.49971205512588,-0.69000244140625,0.197509765625,-0.6119384765625,0.33221435546875,2.4741935483870967,74.97556207233626,2.870967741935484,86.99902248289347,2.6064516129032254,78.98338220918865
14.221929832012393,135.49971205512588,-0.69000244140625,0.197509765625,-0.6119384765625,0.33221435546875,2.4838709677419355,75.26881720430107,2.8741935483870966,87.09677419354838,2.583870967741935,78.2991202346041
14.241994722979143,135.49971205512588,-0.69000244140625,0.197509765625,-0.6119384765625,0.33221435546875,2.5,75.75757575757575,2.8870967741935485,87.48778103616814,2.5999999999999996,78.78787878787878
14.262058782042004,135.3735509522847,-0.6905517578125,0.20233154296875,-0.61163330078125,0.3287353515625,2.4806451612903224,75.17106549364614,2.838709677419355,86.0215053763441,2.5806451612903225,78.20136852394917
14.282125081983395,135.3735509522847,-0.6905517578125,0.20233154296875,-0.61163330078125,0.3287353515625,2.5064516129032257,75.95307917888563,2.858064516129032,86.6080156402737,2.5999999999999996,78.78787878787878
14.302203029044904,135.15452045353754,-0.69110107421875,0.206298828125,-0.610595703125,0.32708740234375,2.5129032258064514,76.1485826001955,2.8806451612903223,87.29227761485826,2.5999999999999996,78.78787878787878
14.322260336019099,135.15452045353754,-0.69110107421875,0.206298828125,-0.610595703125,0.32708740234375,2.551612903225806,77.32160312805473,2.838709677419355,86.0215053763441,2.6032258064516127,78.88563049853371
14.342342091957107,135.15452045353754,-0.69110107421875,0.206298828125,-0.610595703125,0.32708740234375,2.5096774193548383,76.05083088954055,2.8548387096774195,86.51026392961879,2.5806451612903225,78.20136852394917
14.362395975040272,134.92757191180993,-0.6917724609375,0.20965576171875,-0.6092529296875,0.3260498046875,2.5032258064516126,75.8553274682307,2.867741935483871,86.90127077223852,2.6096774193548384,79.0811339198436
14.38247993902769,134.92757191180993,-0.6917724609375,0.20965576171875,-0.6092529296875,0.3260498046875,2.5096774193548383,76.05083088954055,2.838709677419355,86.0215053763441,2.6193548387096772,79.37438905180841
14.402535774046555,134.69846021282274,-0.69183349609375,0.21258544921875,-0.6083984375,0.32562255859375,2.525806451612903,76.53958944281524,2.8516129032258064,86.41251221896383,2.629032258064516,79.6676441837732
14.422599800978787,134.69846021282274,-0.69183349609375,0.21258544921875,-0.6083984375,0.32562255859375,2.4806451612903224,75.17106549364614,2.8516129032258064,86.41251221896383,2.5774193548387094,78.10361681329422
14.442667828989215,134.69846021282274,-0.69183349609375,0.21258544921875,-0.6083984375,0.32562255859375,2.5032258064516126,75.8553274682307,2.8419354838709676,86.11925708699903,2.6064516129032254,78.98338220918865
14.46273150399793,134.51259339818935,-0.6915283203125,0.21490478515625,-0.6080322265625,0.325439453125,2.5032258064516126,75.8553274682307,2.8516129032258064,86.41251221896383,2.5999999999999996,78.78787878787878
14.482801964040846,134.51259339818935,-0.6915283203125,0.21490478515625,-0.6080322265625,0.325439453125,2.525806451612903,76.53958944281524,2.8451612903225807,86.21700879765396,2.5709677419354837,77.90811339198436
14.502869126969017,134.34109852454336,-0.69091796875,0.2169189453125,-0.60797119140625,0.325439453125,2.5,75.75757575757575,2.8483870967741933,86.3147605083089,2.6193548387096772,79.37438905180841
14.522932354011573,134.34109852454336,-0.69091796875,0.2169189453125,-0.60797119140625,0.325439453125,2.519354838709677,76.34408602150538,2.8096774193548386,85.14173998044966,2.5999999999999996,78.78787878787878
14.543011102010496,134.34109852454336,-0.69091796875,0.2169189453125,-0.60797119140625,0.325439453125,2.4741935483870967,74.97556207233626,2.838709677419355,86.0215053763441,2.62258064516129,79.47214076246333
14.563063481007703,134.1895232473151,-0.6900634765625,0.2186279296875,-0.60821533203125,0.32562255859375,2.5,75.75757575757575,2.8548387096774195,86.51026392961879,2.590322580645161,78.49462365591397
14.583151669008657,134.1895232473151,-0.6900634765625,0.2186279296875,-0.60821533203125,0.32562255859375,2.4806451612903224,75.17106549364614,2.870967741935484,86.99902248289347,2.593548387096774,78.59237536656892
14.60319662396796,134.21105137284508,-0.68951416015625,0.21923828125,-0.6090087890625,0.3250732421875,2.525806451612903,76.53958944281524,2.8096774193548386,85.14173998044966,2.596774193548387,78.69012707722385
14.623264170950279,134.21105137284508,-0.68951416015625,0.21923828125,-0.6090087890625,0.3250732421875,2.4838709677419355,75.26881720430107,2.8451612903225807,86.21700879765396,2.590322580645161,78.49462365591397
14.643335878965445,134.21105137284508,-0.68951416015625,0.21923828125,-0.6090087890625,0.3250732421875,2.5129032258064514,76.1485826001955,2.838709677419355,86.0215053763441,2.6354838709677417,79.86314760508309
14.663394369999878,134.3404115144147,-0.68902587890625,0.218994140625,-0.61016845703125,0.32403564453125,2.4774193548387093,75.07331378299119,2.838709677419355,86.0215053763441,2.525806451612903,76.53958944281524
14.683460028958507,134.3404115144147,-0.68902587890625,0.218994140625,-0.61016845703125,0.32403564453125,2.5032258064516126,75.8553274682307,2.8516129032258064,86.41251221896383,2.583870967741935,78.2991202346041
14.70352863194421,134.32598675741778,-0.68841552734375,0.21954345703125,-0.61077880859375,0.3238525390625,2.52258064516129,76.44183773216031,2.832258064516129,85.82600195503422,2.593548387096774,78.59237536656892
14.723602931946516,134.32598675741778,-0.68841552734375,0.21954345703125,-0.61077880859375,0.3238525390625,2.5161290322580645,76.24633431085044,2.8225806451612905,85.53274682306942,2.590322580645161,78.49462365591397
14.743669135030359,134.32598675741778,-0.68841552734375,0.21954345703125,-0.61077880859375,0.3238525390625,2.519354838709677,76.34408602150538,2.8838709677419354,87.3900293255132,2.5806451612903225,78.20136852394917
14.76376301900018,134.17646812708944,-0.68768310546875,0.22088623046875,-0.61083984375,0.32427978515625,2.519354838709677,76.34408602150538,2.8451612903225807,86.21700879765396,2.5999999999999996,78.78787878787878
14.783831815002486,134.17646812708944,-0.68768310546875,0.22088623046875,-0.61083984375,0.32427978515625,2.532258064516129,76.73509286412512,2.861290322580645,86.70576735092864,2.596774193548387,78.69012707722385
14.80387206596788,133.99607022370293,-0.68701171875,0.22247314453125,-0.6107177734375,0.3248291015625,2.5032258064516126,75.8553274682307,2.8419354838709676,86.11925708699903,2.5806451612903225,78.20136852394917
14.823949916986749,133.99607022370293,-0.68701171875,0.22247314453125,-0.6107177734375,0.3248291015625,2.52258064516129,76.44183773216031,2.8451612903225807,86.21700879765396,2.593548387096774,78.59237536656892
14.844009015941992,133.99607022370293,-0.68701171875,0.22247314453125,-0.6107177734375,0.3248291015625,2.5032258064516126,75.8553274682307,2.870967741935484,86.99902248289347,2.593548387096774,78.59237536656892
14.864073044038378,133.7873819573321,-0.6864013671875,0.223876953125,-0.6103515625,0.32586669921875,2.5161290322580645,76.24633431085044,2.8516129032258064,86.41251221896383,2.6129032258064515,79.17888563049853
14.884151790989563,133.7873819573321,-0.6864013671875,0.223876953125,-0.6103515625,0.32586669921875,2.525806451612903,76.53958944281524,2.870967741935484,86.99902248289347,2.525806451612903,76.53958944281524
14.904217578936368,133.58657877136216,-0.6859130859375,0.22540283203125,-0.60992431640625,0.32666015625,2.5354838709677416,76.83284457478005,2.8451612903225807,86.21700879765396,2.6096774193548384,79.0811339198436
14.924279269995168,133.58657877136216,-0.6859130859375,0.22540283203125,-0.60992431640625,0.32666015625,2.5161290322580645,76.24633431085044,2.7838709677419353,84.35972629521017,2.5806451612903225,78.20136852394917
14.944342689937912,133.58657877136216,-0.6859130859375,0.22540283203125,-0.60992431640625,0.32666015625,2.5161290322580645,76.24633431085044,2.8419354838709676,86.11925708699903,2.5806451612903225,78.20136852394917
14.964422301040031,133.38629108646853,-0.68548583984375,0.226318359375,-0.60931396484375,0.32794189453125,2.4741935483870967,74.97556207233626,2.832258064516129,85.82600195503422,2.596774193548387,78.69012707722385
14.98452629800886,133.38629108646853,-0.68548583984375,0.226318359375,-0.60931396484375,0.32794189453125,2.52258064516129,76.44183773216031,2.835483870967742,85.92375366568915,2.5806451612903225,78.20136852394917
15.004547060001642,132.99989996232125,-0.68536376953125,0.22760009765625,-0.607421875,0.33087158203125,2.52258064516129,76.44183773216031,2.8548387096774195,86.51026392961879,2.593548387096774,78.59237536656892
15.024606927996501,132.99989996232125,-0.68536376953125,0.22760009765625,-0.607421875,0.33087158203125,2.487096774193548,75.366568914956,2.829032258064516,85.72825024437928,2.6193548387096772,79.37438905180841
15.044675242970698,132.99989996232125,-0.68536376953125,0.22760009765625,-0.607421875,0.33087158203125,2.519354838709677,76.34408602150538,2.829032258064516,85.72825024437928,2.6096774193548384,79.0811339198436
15.064734983025119,132.5566605769822,-0.68548583984375,0.22906494140625,-0.60498046875,0.33416748046875,2.5032258064516126,75.8553274682307,2.829032258064516,85.72825024437928,2.629032258064516,79.6676441837732
15.084848770988174,132.5566605769822,-0.68548583984375,0.22906494140625,-0.60498046875,0.33416748046875,2.525806451612903,76.53958944281524,2.793548387096774,84.65298142717498,2.587096774193548,78.39687194525904
15.104981377022341,131.90394184973098,-0.68560791015625,0.23101806640625,-0.601318359375,0.33905029296875,2.487096774193548,75.366568914956,2.8225806451612905,85.53274682306942,2.62258064516129,79.47214076246333
15.125010714982636,131.90394184973098,-0.68560791015625,0.23101806640625,-0.601318359375,0.33905029296875,2.529032258064516,76.63734115347019,2.8096774193548386,85.14173998044966,2.5806451612903225,78.20136852394917
15.145113848033361,131.90394184973098,-0.68560791015625,0.23101806640625,-0.601318359375,0.33905029296875,2.5,75.75757575757575,2.8129032258064517,85.23949169110459,2.5806451612903225,78.20136852394917
15.165158162941225,131.20350703551,-0.6856689453125,0.23504638671875,-0.5977783203125,0.342529296875,2.5032258064516126,75.8553274682307,2.796774193548387,84.75073313782991,2.596774193548387,78.69012707722385
15.185241198982112,131.20350703551,-0.6856689453125,0.23504638671875,-0.5977783203125,0.342529296875,2.525806451612903,76.53958944281524,2.7838709677419353,84.35972629521017,2.583870967741935,78.2991202346041
15.20536478003487,130.38776602818925,-0.6856689453125,0.23907470703125,-0.593505859375,0.3470458984375,2.5064516129032257,75.95307917888563,2.829032258064516,85.72825024437928,2.551612903225806,77.32160312805473
15.225415174965747,130.38776602818925,-0.6856689453125,0.23907470703125,-0.593505859375,0.3470458984375,2.558064516129032,77.5171065493646,2.8193548387096774,85.43499511241447,2.6032258064516127,78.88563049853371
15.24547933100257,130.38776602818925,-0.6856689453125,0.23907470703125,-0.593505859375,0.3470458984375,2.4806451612903224,75.17106549364614,2.835483870967742,85.92375366568915,2.5677419354838706,77.81036168132943
15.265577694983222,129.5143990270118,-0.6859130859375,0.2425537109375,-0.5885009765625,0.35260009765625,2.5387096774193547,76.93059628543499,2.7322580645161287,82.79569892473117,2.5451612903225804,77.12609970674487
15.285661819041707,129.5143990270118,-0.6859130859375,0.2425537109375,-0.5885009765625,0.35260009765625,2.525806451612903,76.53958944281524,2.803225806451613,84.94623655913979,2.5451612903225804,77.12609970674487
15.305739094968885,128.40966174591836,-0.68634033203125,0.2445068359375,-0.58154296875,0.3619384765625,2.4774193548387093,75.07331378299119,2.803225806451613,84.94623655913979,2.529032258064516,76.63734115347019
15.32578008202836,128.40966174591836,-0.68634033203125,0.2445068359375,-0.58154296875,0.3619384765625,2.52258064516129,76.44183773216031,2.7838709677419353,84.35972629521017,2.5419354838709673,77.02834799608992
15.345842348993756,128.40966174591836,-0.68634033203125,0.2445068359375,-0.58154296875,0.3619384765625,2.4806451612903224,75.17106549364614,2.770967741935484,83.96871945259042,2.5451612903225804,77.12609970674487
15.365943977958523,126.66277724496459,-0.68536376953125,0.2479248046875,-0.57183837890625,0.3765869140625,2.454838709677419,74.38905180840665,2.793548387096774,84.65298142717498,2.52258064516129,76.44183773216031
15.386018565041013,126.66277724496459,-0.68536376953125,0.2479248046875,-0.57183837890625,0.3765869140625,2.5,75.75757575757575,2.7838709677419353,84.35972629521017,2.551612903225806,77.32160312805473
15.406111489981413,124.45802032393237,-0.68377685546875,0.25299072265625,-0.5595703125,0.3941650390625,2.4709677419354836,74.87781036168133,2.774193548387097,84.06647116324537,2.5451612903225804,77.12609970674487
15.426124891964719,124.45802032393237,-0.68377685546875,0.25299072265625,-0.5595703125,0.3941650390625,2.4612903225806453,74.58455522971653,2.761290322580645,83.67546432062561,2.5129032258064514,76.1485826001955
15.446189910988323,124.45802032393237,-0.68377685546875,0.25299072265625,-0.5595703125,0.3941650390625,2.425806451612903,73.50928641251222,2.829032258064516,85.72825024437928,2.4774193548387093,75.07331378299119
15.466257362975739,121.99672022915962,-0.6810302734375,0.25830078125,-0.5460205078125,0.4139404296875,2.3967741935483873,72.6295210166178,2.761290322580645,83.67546432062561,2.4838709677419355,75.26881720430107
15.4863159180386,121.99672022915962,-0.6810302734375,0.25830078125,-0.5460205078125,0.4139404296875,2.403225806451613,72.82502443792767,2.7483870967741932,83.28445747800586,2.496774193548387,75.65982404692082
15.50644202705007,118.93727659023855,-0.67645263671875,0.2642822265625,-0.52911376953125,0.43890380859375,2.4483870967741934,74.19354838709677,2.7580645161290325,83.57771260997069,2.5064516129032257,75.95307917888563
15.526492999051698,118.93727659023855,-0.67645263671875,0.2642822265625,-0.52911376953125,0.43890380859375,2.403225806451613,72.82502443792767,2.7064516129032254,82.01368523949168,2.490322580645161,75.46432062561095
15.546553057967685,118.93727659023855,-0.67645263671875,0.2642822265625,-0.52911376953125,0.43890380859375,2.3870967741935485,72.33626588465299,2.680645161290322,81.23167155425219,2.4774193548387093,75.07331378299119
15.56662812596187,115.78745069388289,-0.67059326171875,0.274658203125,-0.51287841796875,0.46026611328125,2.390322580645161,72.43401759530792,2.7322580645161287,82.79569892473117,2.5,75.75757575757575
15.586707802023739,115.78745069388289,-0.67059326171875,0.274658203125,-0.51287841796875,0.46026611328125,2.3741935483870966,71.94525904203324,2.7322580645161287,82.79569892473117,2.42258064516129,73.41153470185728
15.606745779979974,112.50613820364079,-0.6630859375,0.28350830078125,-0.49560546875,0.48406982421875,2.3741935483870966,71.94525904203324,2.72258064516129,82.50244379276637,2.454838709677419,74.38905180840665
15.626834705006331,112.50613820364079,-0.6630859375,0.28350830078125,-0.49560546875,0.48406982421875,2.3806451612903228,72.14076246334312,2.680645161290322,81.23167155425219,2.4483870967741934,74.19354838709677
15.646872875047848,112.50613820364079,-0.6630859375,0.28350830078125,-0.49560546875,0.48406982421875,2.3774193548387097,72.04301075268818,2.725806451612903,82.6001955034213,2.4741935483870967,74.97556207233626
15.666936294990592,109.39443311637042,-0.65570068359375,0.29217529296875,-0.478515625,0.505615234375,2.361290322580645,71.5542521994135,2.7290322580645157,82.69794721407624,2.464516129032258,74.68230694037146
15.686994593939744,109.39443311637042,-0.65570068359375,0.29217529296875,-0.478515625,0.505615234375,2.3548387096774195,71.35874877810362,2.7290322580645157,82.69794721407624,2.4741935483870967,74.97556207233626
15.70708367798943,106.83971318626847,-0.649658203125,0.29937744140625,-0.46380615234375,0.52264404296875,2.3451612903225807,71.0654936461388,2.7580645161290325,83.57771260997069,2.4483870967741934,74.19354838709677
15.727180219022557,106.83971318626847,-0.649658203125,0.29937744140625,-0.46380615234375,0.52264404296875,2.370967741935484,71.8475073313783,2.7387096774193544,82.99120234604105,2.4774193548387093,75.07331378299119
15.747234390000813,106.83971318626847,-0.649658203125,0.29937744140625,-0.46380615234375,0.52264404296875,2.3774193548387097,72.04301075268818,2.7064516129032254,82.01368523949168,2.4709677419354836,74.87781036168133
15.767342802952044,104.93675664975844,-0.6455078125,0.30523681640625,-0.45233154296875,0.53436279296875,2.361290322580645,71.5542521994135,2.719354838709677,82.40469208211142,2.467741935483871,74.7800586510264
15.787433519028127,104.93675664975844,-0.6455078125,0.30523681640625,-0.45233154296875,0.53436279296875,2.403225806451613,72.82502443792767,2.680645161290322,81.23167155425219,2.490322580645161,75.46432062561095
15.80744666501414,103.52435599166556,-0.642822265625,0.3104248046875,-0.443603515625,0.54193115234375,2.3451612903225807,71.0654936461388,2.7387096774193544,82.99120234604105,2.4612903225806453,74.58455522971653
15.82751642097719,103.52435599166556,-0.642822265625,0.3104248046875,-0.443603515625,0.54193115234375,2.370967741935484,71.8475073313783,2.7064516129032254,82.01368523949168,2.496774193548387,75.65982404692082
15.847600064938888,103.52435599166556,-0.642822265625,0.3104248046875,-0.443603515625,0.54193115234375,2.3645161290322583,71.65200391006844,2.719354838709677,82.40469208211142,2.490322580645161,75.46432062561095
15.867642555967905,102.65810829445634,-0.64111328125,0.31353759765625,-0.43817138671875,0.5465087890625,2.3741935483870966,71.94525904203324,2.7290322580645157,82.69794721407624,2.487096774193548,75.366568914956
15.887703318963759,102.65810829445634,-0.64111328125,0.31353759765625,-0.43817138671875,0.5465087890625,2.3838709677419354,72.23851417399804,2.7096774193548385,82.11143695014663,2.487096774193548,75.366568914956
15.907819572021253,102.22692788534138,-0.640380859375,0.31427001953125,-0.43499755859375,0.5494384765625,2.393548387096774,72.53176930596285,2.7387096774193544,82.99120234604105,2.4774193548387093,75.07331378299119
15.927865103003569,102.22692788534138,-0.640380859375,0.31427001953125,-0.43499755859375,0.5494384765625,2.4,72.72727272727273,2.72258064516129,82.50244379276637,2.519354838709677,76.34408602150538
15.947943498962559,102.22692788534138,-0.640380859375,0.31427001953125,-0.43499755859375,0.5494384765625,2.3838709677419354,72.23851417399804,2.72258064516129,82.50244379276637,2.487096774193548,75.366568914956
15.9679876860464,101.89136507554281,-0.6395263671875,0.31414794921875,-0.4324951171875,0.552490234375,2.412903225806452,73.11827956989248,2.74516129032258,83.18670576735092,2.493548387096774,75.56207233626587
15.988071713945828,101.89136507554281,-0.6395263671875,0.31414794921875,-0.4324951171875,0.552490234375,2.3838709677419354,72.23851417399804,2.7161290322580642,82.30694037145649,2.525806451612903,76.53958944281524
16.008122013998218,101.70490352567326,-0.638671875,0.3140869140625,-0.43145751953125,0.55438232421875,2.3774193548387097,72.04301075268818,2.7387096774193544,82.99120234604105,2.4741935483870967,74.97556207233626
16.028184441034682,101.70490352567326,-0.638671875,0.3140869140625,-0.43145751953125,0.55438232421875,2.370967741935484,71.8475073313783,2.7419354838709675,83.08895405669598,2.5,75.75757575757575
16.048262004973367,101.70490352567326,-0.638671875,0.3140869140625,-0.43145751953125,0.55438232421875,2.42258064516129,73.41153470185728,2.680645161290322,81.23167155425219,2.519354838709677,76.34408602150538
16.068316465010867,101.57349589816366,-0.638427734375,0.314453125,-0.4305419921875,0.55511474609375,2.412903225806452,73.11827956989248,2.7322580645161287,82.79569892473117,2.496774193548387,75.65982404692082
16.08839834900573,101.57349589816366,-0.638427734375,0.314453125,-0.4305419921875,0.55511474609375,2.4,72.72727272727273,2.7032258064516124,81.91593352883673,2.5,75.75757575757575
16.10844743193593,101.4162141262771,-0.63824462890625,0.31561279296875,-0.4296875,0.55535888671875,2.42258064516129,73.41153470185728,2.7161290322580642,82.30694037145649,2.525806451612903,76.53958944281524
16.128516867989674,101.4162141262771,-0.63824462890625,0.31561279296875,-0.4296875,0.55535888671875,2.4,72.72727272727273,2.693548387096774,81.62267839687193,2.493548387096774,75.56207233626587
16.148578527965583,101.4162141262771,-0.63824462890625,0.31561279296875,-0.4296875,0.55535888671875,2.4193548387096775,73.31378299120234,2.74516129032258,83.18670576735092,2.4806451612903224,75.17106549364614
16.16865772404708,101.34891464224948,-0.6378173828125,0.3162841796875,-0.4296875,0.555419921875,2.3838709677419354,72.23851417399804,2.7096774193548385,82.11143695014663,2.519354838709677,76.34408602150538
16.188725464046,101.34891464224948,-0.6378173828125,0.3162841796875,-0.4296875,0.555419921875,2.4193548387096775,73.31378299120234,2.7419354838709675,83.08895405669598,2.5064516129032257,75.95307917888563
16.208774738945067,101.30214429621849,-0.6375732421875,0.31695556640625,-0.42974853515625,0.5552978515625,2.4193548387096775,73.31378299120234,2.7548387096774194,83.47996089931574,2.52258064516129,76.44183773216031
16.22883889498189,101.30214429621849,-0.6375732421875,0.31695556640625,-0.42974853515625,0.5552978515625,2.435483870967742,73.80254154447702,2.7096774193548385,82.11143695014663,2.52258064516129,76.44183773216031
16.248912682989612,101.30214429621849,-0.6375732421875,0.31695556640625,-0.42974853515625,0.5552978515625,2.4483870967741934,74.19354838709677,2.74516129032258,83.18670576735092,2.5032258064516126,75.8553274682307
16.26897088601254,101.23259889146178,-0.63714599609375,0.317626953125,-0.42974853515625,0.555419921875,2.425806451612903,73.50928641251222,2.725806451612903,82.6001955034213,2.4806451612903224,75.17106549364614
16.289075874956325,101.23259889146178,-0.63714599609375,0.317626953125,-0.42974853515625,0.555419921875,2.4483870967741934,74.19354838709677,2.680645161290322,81.23167155425219,2.5,75.75757575757575
16.30912722996436,101.00279199082401,-0.63629150390625,0.3192138671875,-0.428955078125,0.55609130859375,2.4387096774193546,73.90029325513197,2.690322580645161,81.524926686217,2.5032258064516126,75.8553274682307
16.32919301802758,101.00279199082401,-0.63629150390625,0.3192138671875,-0.428955078125,0.55609130859375,2.3967741935483873,72.6295210166178,2.7096774193548385,82.11143695014663,2.5096774193548383,76.05083088954055
16.349246644997038,101.00279199082401,-0.63629150390625,0.3192138671875,-0.428955078125,0.55609130859375,2.435483870967742,73.80254154447702,2.72258064516129,82.50244379276637,2.487096774193548,75.366568914956
16.36931361700408,100.7319477117615,-0.634765625,0.32073974609375,-0.4283447265625,0.55743408203125,2.425806451612903,73.50928641251222,2.690322580645161,81.524926686217,2.4806451612903224,75.17106549364614
16.389434157987125,100.7319477117615,-0.634765625,0.32073974609375,-0.4283447265625,0.55743408203125,2.435483870967742,73.80254154447702,2.680645161290322,81.23167155425219,2.5032258064516126,75.8553274682307
16.40948093798943,100.3271801738596,-0.6334228515625,0.32244873046875,-0.42633056640625,0.55950927734375,2.4419354838709677,73.9980449657869,2.680645161290322,81.23167155425219,2.5,75.75757575757575
16.429533413029276,100.3271801738596,-0.6334228515625,0.32244873046875,-0.42633056640625,0.55950927734375,2.425806451612903,73.50928641251222,2.693548387096774,81.62267839687193,2.5,75.75757575757575
16.44959888095036,100.3271801738596,-0.6334228515625,0.32244873046875,-0.42633056640625,0.55950927734375,2.425806451612903,73.50928641251222,2.680645161290322,81.23167155425219,2.4774193548387093,75.07331378299119
16.469675453030504,99.62346094219649,-0.63140869140625,0.32550048828125,-0.42254638671875,0.5628662109375,2.4419354838709677,73.9980449657869,2.6741935483870964,81.03616813294232,2.4774193548387093,75.07331378299119
16.48977932194248,99.62346094219649,-0.63140869140625,0.32550048828125,-0.42254638671875,0.5628662109375,2.432258064516129,73.70478983382209,2.648387096774193,80.25415444770283,2.464516129032258,74.68230694037146
16.509822485037148,98.44925498883066,-0.62799072265625,0.330810546875,-0.41632080078125,0.5682373046875,2.4290322580645163,73.60703812316717,2.6032258064516127,78.88563049853371,2.4709677419354836,74.87781036168133
16.529883343959227,98.44925498883066,-0.62799072265625,0.330810546875,-0.41632080078125,0.5682373046875,2.42258064516129,73.41153470185728,2.6322580645161286,79.76539589442815,2.4612903225806453,74.58455522971653
16.549950059968978,98.44925498883066,-0.62799072265625,0.330810546875,-0.41632080078125,0.5682373046875,2.4193548387096775,73.31378299120234,2.616129032258064,79.27663734115346,2.42258064516129,73.41153470185728
16.57001028000377,96.77196605526963,-0.62371826171875,0.33843994140625,-0.40673828125,0.57537841796875,2.412903225806452,73.11827956989248,2.6064516129032254,78.98338220918865,2.412903225806452,73.11827956989248
16.590089860023,96.77196605526963,-0.62371826171875,0.33843994140625,-0.40673828125,0.57537841796875,2.3870967741935485,72.33626588465299,2.6129032258064515,79.17888563049853,2.4419354838709677,73.9980449657869
16.61014790297486,94.2179891099586,-0.61663818359375,0.34869384765625,-0.39166259765625,0.587158203125,2.3870967741935485,72.33626588465299,2.6064516129032254,78.98338220918865,2.3806451612903228,72.14076246334312
16.630204987013713,94.2179891099586,-0.61663818359375,0.34869384765625,-0.39166259765625,0.587158203125,2.3806451612903228,72.14076246334312,2.5774193548387094,78.10361681329422,2.3774193548387097,72.04301075268818
16.650276407017373,94.2179891099586,-0.61663818359375,0.34869384765625,-0.39166259765625,0.587158203125,2.3967741935483873,72.6295210166178,2.5677419354838706,77.81036168132943,2.3967741935483873,72.6295210166178
16.670335666043684,91.13286623604195,-0.60711669921875,0.36322021484375,-0.374755859375,0.59918212890625,2.3322580645161293,70.67448680351907,2.5774193548387094,78.10361681329422,2.358064516129032,71.45650048875855
16.690413582022302,91.13286623604195,-0.60711669921875,0.36322021484375,-0.374755859375,0.59918212890625,2.4096774193548387,73.02052785923753,2.5387096774193547,76.93059628543499,2.3516129032258064,71.26099706744868
16.710472361999564,87.609165201587,-0.59649658203125,0.3802490234375,-0.354736328125,0.611328125,2.3741935483870966,71.94525904203324,2.5387096774193547,76.93059628543499,2.3483870967741938,71.16324535679375
16.730536325951107,87.609165201587,-0.59649658203125,0.3802490234375,-0.354736328125,0.611328125,2.4161290322580644,73.21603128054741,2.5774193548387094,78.10361681329422,2.3645161290322583,71.65200391006844
16.750601600972004,87.609165201587,-0.59649658203125,0.3802490234375,-0.354736328125,0.611328125,2.4064516129032256,72.9227761485826,2.52258064516129,76.44183773216031,2.3548387096774195,71.35874877810362
16.770677500986494,83.6473726170844,-0.58538818359375,0.39947509765625,-0.33074951171875,0.6231689453125,2.412903225806452,73.11827956989248,2.5032258064516126,75.8553274682307,2.361290322580645,71.5542521994135
16.79074565693736,83.6473726170844,-0.58538818359375,0.39947509765625,-0.33074951171875,0.6231689453125,2.3838709677419354,72.23851417399804,2.5129032258064514,76.1485826001955,2.3322580645161293,70.67448680351907
16.810798101010732,79.41721176187767,-0.5718994140625,0.420166015625,-0.3057861328125,0.634765625,2.3967741935483873,72.6295210166178,2.490322580645161,75.46432062561095,2.358064516129032,71.45650048875855
16.830863727955148,79.41721176187767,-0.5718994140625,0.420166015625,-0.3057861328125,0.634765625,2.4161290322580644,73.21603128054741,2.4774193548387093,75.07331378299119,2.370967741935484,71.8475073313783
16.850932747940533,79.41721176187767,-0.5718994140625,0.420166015625,-0.3057861328125,0.634765625,2.4193548387096775,73.31378299120234,2.4612903225806453,74.58455522971653,2.367741935483871,71.74975562072336
16.87100839195773,75.70518342775264,-0.55950927734375,0.4384765625,-0.28369140625,0.6435546875,2.4096774193548387,73.02052785923753,2.4774193548387093,75.07331378299119,2.3645161290322583,71.65200391006844
16.891112196957693,75.70518342775264,-0.55950927734375,0.4384765625,-0.28369140625,0.6435546875,2.4419354838709677,73.9980449657869,2.4774193548387093,75.07331378299119,2.370967741935484,71.8475073313783
16.911151904030703,72.89259399246458,-0.5501708984375,0.4501953125,-0.26556396484375,0.6512451171875,2.4161290322580644,73.21603128054741,2.5032258064516126,75.8553274682307,2.361290322580645,71.5542521994135
16.931210363050923,72.89259399246458,-0.5501708984375,0.4501953125,-0.26556396484375,0.6512451171875,2.4193548387096775,73.31378299120234,2.5096774193548383,76.05083088954055,2.3645161290322583,71.65200391006844
16.951278166961856,72.89259399246458,-0.5501708984375,0.4501953125,-0.26556396484375,0.6512451171875,2.3838709677419354,72.23851417399804,2.519354838709677,76.34408602150538,2.358064516129032,71.45650048875855
16.97134245093912,70.9704007623452,-0.54376220703125,0.45654296875,-0.252197265625,0.657470703125,2.3967741935483873,72.6295210166178,2.5064516129032257,75.95307917888563,2.370967741935484,71.8475073313783
16.991416911943816,70.9704007623452,-0.54376220703125,0.45654296875,-0.252197265625,0.657470703125,2.4096774193548387,73.02052785923753,2.4741935483870967,74.97556207233626,2.361290322580645,71.5542521994135
17.011476170970127,69.88107926408833,-0.53900146484375,0.45965576171875,-0.24530029296875,0.66180419921875,2.454838709677419,74.38905180840665,2.5,75.75757575757575,2.3741935483870966,71.94525904203324
17.03153459902387,69.88107926408833,-0.53900146484375,0.45965576171875,-0.24530029296875,0.66180419921875,2.4387096774193546,73.90029325513197,2.5709677419354837,77.90811339198436,2.403225806451613,72.82502443792767
17.051615842967294,69.88107926408833,-0.53900146484375,0.45965576171875,-0.24530029296875,0.66180419921875,2.4709677419354836,74.87781036168133,2.5709677419354837,77.90811339198436,2.390322580645161,72.43401759530792
17.071735361008905,69.2907064135424,-0.53729248046875,0.4622802734375,-0.24127197265625,0.66290283203125,2.4741935483870967,74.97556207233626,2.5806451612903225,78.20136852394917,2.42258064516129,73.41153470185728
17.091773563995957,69.2907064135424,-0.53729248046875,0.4622802734375,-0.24127197265625,0.66290283203125,2.425806451612903,73.50928641251222,2.590322580645161,78.49462365591397,2.435483870967742,73.80254154447702
17.11185960797593,69.11345515961558,-0.53814697265625,0.4635009765625,-0.23907470703125,0.66217041015625,2.4290322580645163,73.60703812316717,2.593548387096774,78.59237536656892,2.42258064516129,73.41153470185728
17.131897747982293,69.11345515961558,-0.53814697265625,0.4635009765625,-0.23907470703125,0.66217041015625,2.445161290322581,74.09579667644185,2.583870967741935,78.2991202346041,2.361290322580645,71.5542521994135
17.151962639996782,69.11345515961558,-0.53814697265625,0.4635009765625,-0.23907470703125,0.66217041015625,2.458064516129032,74.48680351906158,2.551612903225806,77.32160312805473,2.3870967741935485,72.33626588465299
17.1720246829791,69.13909117739203,-0.53875732421875,0.46368408203125,-0.2388916015625,0.66156005859375,2.454838709677419,74.38905180840665,2.564516129032258,77.71260997067448,2.3741935483870966,71.94525904203324
17.192113384022377,69.13909117739203,-0.53875732421875,0.46368408203125,-0.2388916015625,0.66156005859375,2.4516129032258065,74.29130009775172,2.551612903225806,77.32160312805473,2.3870967741935485,72.33626588465299
17.21216192294378,69.26684343903281,-0.53997802734375,0.46343994140625,-0.23919677734375,0.66064453125,2.458064516129032,74.48680351906158,2.590322580645161,78.49462365591397,2.3741935483870966,71.94525904203324
17.23224406398367,69.26684343903281,-0.53997802734375,0.46343994140625,-0.23919677734375,0.66064453125,2.4516129032258065,74.29130009775172,2.554838709677419,77.41935483870968,2.390322580645161,72.43401759530792
17.25229253899306,69.26684343903281,-0.53997802734375,0.46343994140625,-0.23919677734375,0.66064453125,2.4516129032258065,74.29130009775172,2.5806451612903225,78.20136852394917,2.3645161290322583,71.65200391006844
17.27238485601265,69.45424926505439,-0.5413818359375,0.46295166015625,-0.2398681640625,0.6595458984375,2.435483870967742,73.80254154447702,2.5774193548387094,78.10361681329422,2.4419354838709677,73.9980449657869
17.2924460680224,69.45424926505439,-0.5413818359375,0.46295166015625,-0.2398681640625,0.6595458984375,2.4483870967741934,74.19354838709677,2.587096774193548,78.39687194525904,2.3741935483870966,71.94525904203324
17.312488015042618,69.6497360819867,-0.5421142578125,0.46209716796875,-0.2410888671875,0.65911865234375,2.493548387096774,75.56207233626587,2.5709677419354837,77.90811339198436,2.3967741935483873,72.6295210166178
17.332594092004,69.6497360819867,-0.5421142578125,0.46209716796875,-0.2410888671875,0.65911865234375,2.458064516129032,74.48680351906158,2.5741935483870964,78.00586510263928,2.370967741935484,71.8475073313783
17.352624134975486,69.6497360819867,-0.5421142578125,0.46209716796875,-0.2410888671875,0.65911865234375,2.464516129032258,74.68230694037146,2.5774193548387094,78.10361681329422,2.3870967741935485,72.33626588465299
17.37268630694598,69.82552659098475,-0.54302978515625,0.46160888671875,-0.2420654296875,0.6583251953125,2.4741935483870967,74.97556207233626,2.551612903225806,77.32160312805473,2.4,72.72727272727273
17.392798079992644,69.82552659098475,-0.54302978515625,0.46160888671875,-0.2420654296875,0.6583251953125,2.4483870967741934,74.19354838709677,2.5709677419354837,77.90811339198436,2.3870967741935485,72.33626588465299
17.412839259020984,69.95430360629013,-0.54376220703125,0.46148681640625,-0.24285888671875,0.65753173828125,2.42258064516129,73.41153470185728,2.5709677419354837,77.90811339198436,2.393548387096774,72.53176930596285
17.43290629494004,69.95430360629013,-0.54376220703125,0.46148681640625,-0.24285888671875,0.65753173828125,2.4516129032258065,74.29130009775172,2.554838709677419,77.41935483870968,2.42258064516129,73.41153470185728
17.45296510704793,69.95430360629013,-0.54376220703125,0.46148681640625,-0.24285888671875,0.65753173828125,2.432258064516129,73.70478983382209,2.554838709677419,77.41935483870968,2.42258064516129,73.41153470185728
17.473028623033315,70.06133793895386,-0.5440673828125,0.46136474609375,-0.2437744140625,0.65704345703125,2.445161290322581,74.09579667644185,2.554838709677419,77.41935483870968,2.403225806451613,72.82502443792767
17.493095690966584,70.06133793895386,-0.5440673828125,0.46136474609375,-0.2437744140625,0.65704345703125,2.4516129032258065,74.29130009775172,2.5677419354838706,77.81036168132943,2.3741935483870966,71.94525904203324
17.51316355902236,70.11365646025573,-0.5439453125,0.46148681640625,-0.2445068359375,0.65673828125,2.4709677419354836,74.87781036168133,2.5483870967741935,77.2238514173998,2.3741935483870966,71.94525904203324
17.5333081970457,70.11365646025573,-0.5439453125,0.46148681640625,-0.2445068359375,0.65673828125,2.4516129032258065,74.29130009775172,2.5741935483870964,78.00586510263928,2.3870967741935485,72.33626588465299
17.553403137018904,70.11365646025573,-0.5439453125,0.46148681640625,-0.2445068359375,0.65673828125,2.435483870967742,73.80254154447702,2.564516129032258,77.71260997067448,2.3741935483870966,71.94525904203324
17.573426075978205,70.13414945991093,-0.543701171875,0.46173095703125,-0.2451171875,0.6566162109375,2.454838709677419,74.38905180840665,2.5774193548387094,78.10361681329422,2.3645161290322583,71.65200391006844
17.593515257001854,70.13414945991093,-0.543701171875,0.46173095703125,-0.2451171875,0.6566162109375,2.4741935483870967,74.97556207233626,2.551612903225806,77.32160312805473,2.3741935483870966,71.94525904203324
17.61355544393882,70.1508016462032,-0.543212890625,0.46185302734375,-0.24578857421875,0.65667724609375,2.4612903225806453,74.58455522971653,2.5677419354838706,77.81036168132943,2.4419354838709677,73.9980449657869
17.633613231941126,70.1508016462032,-0.543212890625,0.46185302734375,-0.24578857421875,0.65667724609375,2.464516129032258,74.68230694037146,2.5709677419354837,77.90811339198436,2.393548387096774,72.53176930596285
17.653678443981335,70.1508016462032,-0.543212890625,0.46185302734375,-0.24578857421875,0.65667724609375,2.467741935483871,74.7800586510264,2.558064516129032,77.5171065493646,2.4,72.72727272727273
17.673758663935587,70.16609520976644,-0.5428466796875,0.462158203125,-0.24639892578125,0.656494140625,2.454838709677419,74.38905180840665,2.558064516129032,77.5171065493646,2.4,72.72727272727273
17.693904613959603,70.16609520976644,-0.5428466796875,0.462158203125,-0.24639892578125,0.656494140625,2.4516129032258065,74.29130009775172,2.5774193548387094,78.10361681329422,2.4,72.72727272727273
17.71392646501772,70.1646729736488,-0.54229736328125,0.4625244140625,-0.2470703125,0.656494140625,2.4516129032258065,74.29130009775172,2.5774193548387094,78.10361681329422,2.3774193548387097,72.04301075268818
17.733984829043038,70.1646729736488,-0.54229736328125,0.4625244140625,-0.2470703125,0.656494140625,2.464516129032258,74.68230694037146,2.5387096774193547,76.93059628543499,2.3967741935483873,72.6295210166178
17.754077592981048,70.1646729736488,-0.54229736328125,0.4625244140625,-0.2470703125,0.656494140625,2.4290322580645163,73.60703812316717,2.616129032258064,79.27663734115346,2.3741935483870966,71.94525904203324
17.774113683961332,70.1357626048765,-0.5418701171875,0.4630126953125,-0.247314453125,0.6563720703125,2.4516129032258065,74.29130009775172,2.5774193548387094,78.10361681329422,2.393548387096774,72.53176930596285
17.794199632946402,70.1357626048765,-0.5418701171875,0.4630126953125,-0.247314453125,0.6563720703125,2.454838709677419,74.38905180840665,2.532258064516129,76.73509286412512,2.4419354838709677,73.9980449657869
17.81425361300353,69.97073532094892,-0.540771484375,0.46405029296875,-0.24688720703125,0.65673828125,2.467741935483871,74.7800586510264,2.5774193548387094,78.10361681329422,2.4096774193548387,73.02052785923753
17.834313287981786,69.97073532094892,-0.540771484375,0.46405029296875,-0.24688720703125,0.65673828125,2.435483870967742,73.80254154447702,2.5774193548387094,78.10361681329422,2.370967741935484,71.8475073313783
17.854434053995647,69.97073532094892,-0.540771484375,0.46405029296875,-0.24688720703125,0.65673828125,2.464516129032258,74.68230694037146,2.5709677419354837,77.90811339198436,2.42258064516129,73.41153470185728
17.874511042027734,69.3574506800598,-0.53839111328125,0.4664306640625,-0.2430419921875,0.658447265625,2.464516129032258,74.68230694037146,2.551612903225806,77.32160312805473,2.370967741935484,71.8475073313783
17.894554525031708,69.3574506800598,-0.53839111328125,0.4664306640625,-0.2430419921875,0.658447265625,2.435483870967742,73.80254154447702,2.551612903225806,77.32160312805473,2.4612903225806453,74.58455522971653
17.914615032961592,67.97233520741226,-0.5333251953125,0.47271728515625,-0.23443603515625,0.66119384765625,2.4774193548387093,75.07331378299119,2.564516129032258,77.71260997067448,2.403225806451613,72.82502443792767
17.93467960495036,67.97233520741226,-0.5333251953125,0.47271728515625,-0.23443603515625,0.66119384765625,2.4774193548387093,75.07331378299119,2.5774193548387094,78.10361681329422,2.3967741935483873,72.6295210166178
17.954823634936474,67.97233520741226,-0.5333251953125,0.47271728515625,-0.23443603515625,0.66119384765625,2.4774193548387093,75.07331378299119,2.558064516129032,77.5171065493646,2.412903225806452,73.11827956989248
17.974843917996623,66.00189722618062,-0.52764892578125,0.4842529296875,-0.221923828125,0.6617431640625,2.525806451612903,76.53958944281524,2.529032258064516,76.63734115347019,2.425806451612903,73.50928641251222
17.99491892196238,66.00189722618062,-0.52764892578125,0.4842529296875,-0.221923828125,0.6617431640625,2.4612903225806453,74.58455522971653,2.564516129032258,77.71260997067448,2.4,72.72727272727273
18.014970181975514,62.934735111177204,-0.51788330078125,0.49847412109375,-0.20123291015625,0.66546630859375,2.4709677419354836,74.87781036168133,2.551612903225806,77.32160312805473,2.4193548387096775,73.31378299120234
18.03508950804826,62.934735111177204,-0.51788330078125,0.49847412109375,-0.20123291015625,0.66546630859375,2.4741935483870967,74.97556207233626,2.532258064516129,76.73509286412512,2.3838709677419354,72.23851417399804
18.0551411829656,62.934735111177204,-0.51788330078125,0.49847412109375,-0.20123291015625,0.66546630859375,2.4741935483870967,74.97556207233626,2.529032258064516,76.63734115347019,2.4161290322580644,73.21603128054741
18.07523420394864,59.30997669371455,-0.5045166015625,0.51385498046875,-0.1773681640625,0.6707763671875,2.496774193548387,75.65982404692082,2.5354838709677416,76.83284457478005,2.4064516129032256,72.9227761485826
18.095321721048094,59.30997669371455,-0.5045166015625,0.51385498046875,-0.1773681640625,0.6707763671875,2.4774193548387093,75.07331378299119,2.5419354838709673,77.02834799608992,2.435483870967742,73.80254154447702
18.115361172007397,55.22271050335863,-0.487548828125,0.53106689453125,-0.151611328125,0.67620849609375,2.4741935483870967,74.97556207233626,2.529032258064516,76.63734115347019,2.4161290322580644,73.21603128054741
18.13547041802667,55.22271050335863,-0.487548828125,0.53106689453125,-0.151611328125,0.67620849609375,2.5129032258064514,76.1485826001955,2.529032258064516,76.63734115347019,2.4612903225806453,74.58455522971653
18.155547022004612,55.22271050335863,-0.487548828125,0.53106689453125,-0.151611328125,0.67620849609375,2.4483870967741934,74.19354838709677,2.532258064516129,76.73509286412512,2.4096774193548387,73.02052785923753
18.175608105957508,50.98079717590613,-0.4713134765625,0.54913330078125,-0.12322998046875,0.67901611328125,2.435483870967742,73.80254154447702,2.529032258064516,76.63734115347019,2.3967741935483873,72.6295210166178
18.195664198021404,50.98079717590613,-0.4713134765625,0.54913330078125,-0.12322998046875,0.67901611328125,2.458064516129032,74.48680351906158,2.525806451612903,76.53958944281524,2.4096774193548387,73.02052785923753
18.215794692048803,46.78176114081883,-0.4547119140625,0.56689453125,-0.09515380859375,0.6802978515625,2.42258064516129,73.41153470185728,2.490322580645161,75.46432062561095,2.435483870967742,73.80254154447702
18.235822335002013,46.78176114081883,-0.4547119140625,0.56689453125,-0.09515380859375,0.6802978515625,2.3967741935483873,72.6295210166178,2.496774193548387,75.65982404692082,2.3967741935483873,72.6295210166178
18.255883226986043,46.78176114081883,-0.4547119140625,0.56689453125,-0.09515380859375,0.6802978515625,2.3967741935483873,72.6295210166178,2.5,75.75757575757575,2.4419354838709677,73.9980449657869
18.275944438995793,42.943383690900795,-0.4371337890625,0.58306884765625,-0.0711669921875,0.68109130859375,2.4193548387096775,73.31378299120234,2.5161290322580645,76.24633431085044,2.42258064516129,73.41153470185728
18.296011634985916,42.943383690900795,-0.4371337890625,0.58306884765625,-0.0711669921875,0.68109130859375,2.425806451612903,73.50928641251222,2.5032258064516126,75.8553274682307,2.4419354838709677,73.9980449657869
18.31613870500587,39.905296233048695,-0.4227294921875,0.59503173828125,-0.05206298828125,0.68157958984375,2.4741935483870967,74.97556207233626,2.487096774193548,75.366568914956,2.3967741935483873,72.6295210166178
18.33632033597678,39.905296233048695,-0.4227294921875,0.59503173828125,-0.05206298828125,0.68157958984375,2.425806451612903,73.50928641251222,2.4838709677419355,75.26881720430107,2.3838709677419354,72.23851417399804
18.35642356495373,39.905296233048695,-0.4227294921875,0.59503173828125,-0.05206298828125,0.68157958984375,2.4290322580645163,73.60703812316717,2.5129032258064514,76.1485826001955,2.4193548387096775,73.31378299120234
18.376453000004403,37.81594515886959,-0.41357421875,0.60223388671875,-0.03778076171875,0.68182373046875,2.42258064516129,73.41153470185728,2.4774193548387093,75.07331378299119,2.425806451612903,73.50928641251222
18.3965694779763,37.81594515886959,-0.41357421875,0.60223388671875,-0.03778076171875,0.68182373046875,2.370967741935484,71.8475073313783,2.5,75.75757575757575,2.412903225806452,73.11827956989248
18.41658057598397,36.67441544508287,-0.4078369140625,0.6053466796875,-0.0302734375,0.682861328125,2.3967741935483873,72.6295210166178,2.490322580645161,75.46432062561095,2.42258064516129,73.41153470185728
18.436644091969356,36.67441544508287,-0.4078369140625,0.6053466796875,-0.0302734375,0.682861328125,2.412903225806452,73.11827956989248,2.5161290322580645,76.24633431085044,2.4193548387096775,73.31378299120234
18.456709592952393,36.67441544508287,-0.4078369140625,0.6053466796875,-0.0302734375,0.682861328125,2.370967741935484,71.8475073313783,2.4806451612903224,75.17106549364614,2.435483870967742,73.80254154447702
18.476781556964852,36.31897371889408,-0.4049072265625,0.606201171875,-0.0289306640625,0.68389892578125,2.412903225806452,73.11827956989248,2.4806451612903224,75.17106549364614,2.425806451612903,73.50928641251222
18.496840049047023,36.31897371889408,-0.4049072265625,0.606201171875,-0.0289306640625,0.68389892578125,2.42258064516129,73.41153470185728,2.4774193548387093,75.07331378299119,2.4483870967741934,74.19354838709677
18.516928908997215,36.243573239425736,-0.40362548828125,0.6064453125,-0.029296875,0.6844482421875,2.403225806451613,72.82502443792767,2.4741935483870967,74.97556207233626,2.412903225806452,73.11827956989248
18.53696996101644,36.243573239425736,-0.40362548828125,0.6064453125,-0.029296875,0.6844482421875,2.4,72.72727272727273,2.519354838709677,76.34408602150538,2.3967741935483873,72.6295210166178
18.557039940962568,36.243573239425736,-0.40362548828125,0.6064453125,-0.029296875,0.6844482421875,2.4,72.72727272727273,2.5064516129032257,75.95307917888563,2.370967741935484,71.8475073313783
18.577097601024434,36.399603455204556,-0.40380859375,0.6064453125,-0.031005859375,0.68426513671875,2.3967741935483873,72.6295210166178,2.5032258064516126,75.8553274682307,2.42258064516129,73.41153470185728
18.597185118007474,36.399603455204556,-0.40380859375,0.6064453125,-0.031005859375,0.68426513671875,2.42258064516129,73.41153470185728,2.5032258064516126,75.8553274682307,2.4193548387096775,73.31378299120234
18.617235322017223,36.59223196378338,-0.40460205078125,0.6064453125,-0.0325927734375,0.6837158203125,2.412903225806452,73.11827956989248,2.525806451612903,76.53958944281524,2.370967741935484,71.8475073313783
18.637300309957936,36.59223196378338,-0.40460205078125,0.6064453125,-0.0325927734375,0.6837158203125,2.4,72.72727272727273,2.5096774193548383,76.05083088954055,2.3967741935483873,72.6295210166178
18.657367410021834,36.713153575709946,-0.40521240234375,0.60638427734375,-0.033447265625,0.683349609375,2.3967741935483873,72.6295210166178,2.5064516129032257,75.95307917888563,2.4419354838709677,73.9980449657869
18.67743486200925,36.713153575709946,-0.40521240234375,0.60638427734375,-0.033447265625,0.683349609375,2.4193548387096775,73.31378299120234,2.525806451612903,76.53958944281524,2.435483870967742,73.80254154447702
18.697518154978752,36.713153575709946,-0.40521240234375,0.60638427734375,-0.033447265625,0.683349609375,2.435483870967742,73.80254154447702,2.5161290322580645,76.24633431085044,2.4096774193548387,73.02052785923753
18.717616552021354,36.756754097521465,-0.40545654296875,0.60626220703125,-0.03369140625,0.68328857421875,2.4096774193548387,73.02052785923753,2.525806451612903,76.53958944281524,2.435483870967742,73.80254154447702
18.737659330945462,36.756754097521465,-0.40545654296875,0.60626220703125,-0.03369140625,0.68328857421875,2.425806451612903,73.50928641251222,2.551612903225806,77.32160312805473,2.4290322580645163,73.60703812316717
18.75772383902222,36.813836013969194,-0.40582275390625,0.6060791015625,-0.03399658203125,0.6832275390625,2.4193548387096775,73.31378299120234,2.525806451612903,76.53958944281524,2.432258064516129,73.70478983382209
18.77779055503197,36.813836013969194,-0.40582275390625,0.6060791015625,-0.03399658203125,0.6832275390625,2.4193548387096775,73.31378299120234,2.5451612903225804,77.12609970674487,2.432258064516129,73.70478983382209
18.797868344001472,36.813836013969194,-0.40582275390625,0.6060791015625,-0.03399658203125,0.6832275390625,2.425806451612903,73.50928641251222,2.5387096774193547,76.93059628543499,2.3838709677419354,72.23851417399804
18.818023702013306,36.84921028378379,-0.4061279296875,0.60589599609375,-0.03411865234375,0.6832275390625,2.370967741935484,71.8475073313783,2.5161290322580645,76.24633431085044,2.435483870967742,73.80254154447702
18.838032496976666,36.84921028378379,-0.4061279296875,0.60589599609375,-0.03411865234375,0.6832275390625,2.435483870967742,73.80254154447702,2.5677419354838706,77.81036168132943,2.4193548387096775,73.31378299120234
18.85809329303447,36.844979012663295,-0.40606689453125,0.6058349609375,-0.0340576171875,0.68328857421875,2.425806451612903,73.50928641251222,2.5387096774193547,76.93059628543499,2.42258064516129,73.41153470185728
18.87817111297045,36.844979012663295,-0.40606689453125,0.6058349609375,-0.0340576171875,0.68328857421875,2.370967741935484,71.8475073313783,2.5419354838709673,77.02834799608992,2.412903225806452,73.11827956989248
18.898224069038406,36.844979012663295,-0.40606689453125,0.6058349609375,-0.0340576171875,0.68328857421875,2.425806451612903,73.50928641251222,2.5161290322580645,76.24633431085044,2.42258064516129,73.41153470185728
18.918286400963552,36.760327156969815,-0.40570068359375,0.6064453125,-0.0335693359375,0.6829833984375,2.4193548387096775,73.31378299120234,2.5354838709677416,76.83284457478005,2.42258064516129,73.41153470185728
18.938352925004438,36.760327156969815,-0.40570068359375,0.6064453125,-0.0335693359375,0.6829833984375,2.393548387096774,72.53176930596285,2.519354838709677,76.34408602150538,2.435483870967742,73.80254154447702
18.95847897103522,36.50518877765972,-0.40509033203125,0.60772705078125,-0.031494140625,0.68231201171875,2.3967741935483873,72.6295210166178,2.5161290322580645,76.24633431085044,2.4096774193548387,73.02052785923753
18.9785265190294,36.50518877765972,-0.40509033203125,0.60772705078125,-0.031494140625,0.68231201171875,2.425806451612903,73.50928641251222,2.525806451612903,76.53958944281524,2.4612903225806453,74.58455522971653
18.998603540007025,36.50518877765972,-0.40509033203125,0.60772705078125,-0.031494140625,0.68231201171875,2.393548387096774,72.53176930596285,2.5451612903225804,77.12609970674487,2.435483870967742,73.80254154447702
19.01865204796195,36.14427571887889,-0.40338134765625,0.61004638671875,-0.029541015625,0.681396484375,2.3967741935483873,72.6295210166178,2.532258064516129,76.73509286412512,2.4612903225806453,74.58455522971653
19.03872871596832,36.14427571887889,-0.40338134765625,0.61004638671875,-0.029541015625,0.681396484375,2.445161290322581,74.09579667644185,2.558064516129032,77.5171065493646,2.445161290322581,74.09579667644185
19.05886842601467,35.45621421313062,-0.39971923828125,0.6143798828125,-0.02587890625,0.67974853515625,2.4741935483870967,74.97556207233626,2.561290322580645,77.61485826001955,2.445161290322581,74.09579667644185
19.078885413939133,35.45621421313062,-0.39971923828125,0.6143798828125,-0.02587890625,0.67974853515625,2.4516129032258065,74.29130009775172,2.558064516129032,77.5171065493646,2.4741935483870967,74.97556207233626
19.09894691396039,35.45621421313062,-0.39971923828125,0.6143798828125,-0.02587890625,0.67974853515625,2.4741935483870967,74.97556207233626,2.583870967741935,78.2991202346041,2.4741935483870967,74.97556207233626
19.119060799013823,34.11841669911401,-0.392822265625,0.6220703125,-0.0184326171875,0.67706298828125,2.4741935483870967,74.97556207233626,2.629032258064516,79.6676441837732,2.42258064516129,73.41153470185728
19.139093403005973,34.11841669911401,-0.392822265625,0.6220703125,-0.0184326171875,0.67706298828125,2.4483870967741934,74.19354838709677,2.5999999999999996,78.78787878787878,2.42258064516129,73.41153470185728
19.159157783025876,32.3579486690611,-0.38299560546875,0.634033203125,-0.00927734375,0.6717529296875,2.4516129032258065,74.29130009775172,2.5999999999999996,78.78787878787878,2.5129032258064514,76.1485826001955
19.179223762941547,32.3579486690611,-0.38299560546875,0.634033203125,-0.00927734375,0.6717529296875,2.52258064516129,76.44183773216031,2.596774193548387,78.69012707722385,2.425806451612903,73.50928641251222
19.199404914979823,32.3579486690611,-0.38299560546875,0.634033203125,-0.00927734375,0.6717529296875,2.4612903225806453,74.58455522971653,2.590322580645161,78.49462365591397,2.464516129032258,74.68230694037146
19.219416845939122,29.924636126900452,-0.36761474609375,0.64837646484375,0.0029296875,0.66668701171875,2.4741935483870967,74.97556207233626,2.680645161290322,81.23167155425219,2.4741935483870967,74.97556207233626
19.239501897944137,29.924636126900452,-0.36761474609375,0.64837646484375,0.0029296875,0.66668701171875,2.445161290322581,74.09579667644185,2.648387096774193,80.25415444770283,2.4419354838709677,73.9980449657869
19.25952330196742,26.65151297066115,-0.3455810546875,0.6649169921875,0.01953125,0.66192626953125,2.432258064516129,73.70478983382209,2.62258064516129,79.47214076246333,2.435483870967742,73.80254154447702
19.27958861005027,26.65151297066115,-0.3455810546875,0.6649169921875,0.01953125,0.66192626953125,2.425806451612903,73.50928641251222,2.6032258064516127,78.88563049853371,2.4290322580645163,73.60703812316717
19.29966223903466,26.65151297066115,-0.3455810546875,0.6649169921875,0.01953125,0.66192626953125,2.4193548387096775,73.31378299120234,2.6322580645161286,79.76539589442815,2.4741935483870967,74.97556207233626
19.319721210980788,22.761902713599085,-0.31951904296875,0.6810302734375,0.04150390625,0.65753173828125,2.435483870967742,73.80254154447702,2.6387096774193544,79.960899315738,2.467741935483871,74.7800586510264
19.339789718971588,22.761902713599085,-0.31951904296875,0.6810302734375,0.04150390625,0.65753173828125,2.425806451612903,73.50928641251222,2.6709677419354834,80.93841642228737,2.4774193548387093,75.07331378299119
19.359853907022625,18.78024872771357,-0.29522705078125,0.695068359375,0.068603515625,0.65191650390625,2.390322580645161,72.43401759530792,2.654838709677419,80.4496578690127,2.5032258064516126,75.8553274682307
19.3799250399461,18.78024872771357,-0.29522705078125,0.695068359375,0.068603515625,0.65191650390625,2.3838709677419354,72.23851417399804,2.712903225806451,82.20918866080156,2.558064516129032,77.5171065493646
19.400011213030666,18.78024872771357,-0.29522705078125,0.695068359375,0.068603515625,0.65191650390625,2.4419354838709677,73.9980449657869,2.7096774193548385,82.11143695014663,2.5161290322580645,76.24633431085044
19.420070601045154,15.122965546130175,-0.269775390625,0.70794677734375,0.09429931640625,0.6458740234375,2.435483870967742,73.80254154447702,2.680645161290322,81.23167155425219,2.519354838709677,76.34408602150538
19.44012202101294,15.122965546130175,-0.269775390625,0.70794677734375,0.09429931640625,0.6458740234375,2.445161290322581,74.09579667644185,2.7354838709677414,82.8934506353861,2.525806451612903,76.53958944281524
19.46020493004471,12.403437121480223,-0.24920654296875,0.7178955078125,0.11846923828125,0.63909912109375,2.4419354838709677,73.9980449657869,2.693548387096774,81.62267839687193,2.490322580645161,75.46432062561095
19.48029903904535,12.403437121480223,-0.24920654296875,0.7178955078125,0.11846923828125,0.63909912109375,2.467741935483871,74.7800586510264,2.767741935483871,83.87096774193549,2.5032258064516126,75.8553274682307
19.500455133034848,12.403437121480223,-0.24920654296875,0.7178955078125,0.11846923828125,0.63909912109375,2.4516129032258065,74.29130009775172,2.74516129032258,83.18670576735092,2.529032258064516,76.63734115347019
19.52049372100737,10.366013272937167,-0.23065185546875,0.72454833984375,0.1405029296875,0.63409423828125,2.52258064516129,76.44183773216031,2.7516129032258063,83.38220918866081,2.5354838709677416,76.83284457478005
19.540539860958233,10.366013272937167,-0.23065185546875,0.72454833984375,0.1405029296875,0.63409423828125,2.4516129032258065,74.29130009775172,2.7838709677419353,84.35972629521017,2.487096774193548,75.366568914956
19.56060670502484,9.5264451170641,-0.2171630859375,0.72930908203125,0.15447998046875,0.630126953125,2.454838709677419,74.38905180840665,2.7774193548387096,84.1642228739003,2.519354838709677,76.34408602150538
19.580687470035627,9.5264451170641,-0.2171630859375,0.72930908203125,0.15447998046875,0.630126953125,2.458064516129032,74.48680351906158,2.72258064516129,82.50244379276637,2.5129032258064514,76.1485826001955
19.60076407401357,9.5264451170641,-0.2171630859375,0.72930908203125,0.15447998046875,0.630126953125,2.42258064516129,73.41153470185728,2.767741935483871,83.87096774193549,2.4774193548387093,75.07331378299119
19.620849511004053,9.478489216406857,-0.20635986328125,0.73388671875,0.15673828125,0.6279296875,2.4741935483870967,74.97556207233626,2.7354838709677414,82.8934506353861,2.5,75.75757575757575
19.64088905893732,9.478489216406857,-0.20635986328125,0.73388671875,0.15673828125,0.6279296875,2.4741935483870967,74.97556207233626,2.7870967741935484,84.4574780058651,2.4741935483870967,74.97556207233626
19.66096828703303,9.778737558954646,-0.20489501953125,0.73480224609375,0.14569091796875,0.62994384765625,2.4741935483870967,74.97556207233626,2.6838709677419352,81.32942326490713,2.4774193548387093,75.07331378299119
19.681048859958537,9.778737558954646,-0.20489501953125,0.73480224609375,0.14569091796875,0.62994384765625,2.42258064516129,73.41153470185728,2.693548387096774,81.62267839687193,2.4483870967741934,74.19354838709677
19.7010930479737,9.778737558954646,-0.20489501953125,0.73480224609375,0.14569091796875,0.62994384765625,2.52258064516129,76.44183773216031,2.680645161290322,81.23167155425219,2.4741935483870967,74.97556207233626
19.72115781204775,9.881939261108599,-0.2115478515625,0.73004150390625,0.13433837890625,0.63580322265625,2.4612903225806453,74.58455522971653,2.680645161290322,81.23167155425219,2.464516129032258,74.68230694037146
19.741223984980024,9.881939261108599,-0.2115478515625,0.73004150390625,0.13433837890625,0.63580322265625,2.4483870967741934,74.19354838709677,2.654838709677419,80.4496578690127,2.4774193548387093,75.07331378299119
19.76134071801789,10.002534543907274,-0.22064208984375,0.7235107421875,0.1287841796875,0.64129638671875,2.4516129032258065,74.29130009775172,2.680645161290322,81.23167155425219,2.4516129032258065,74.29130009775172
19.781394697958604,10.002534543907274,-0.22064208984375,0.7235107421875,0.1287841796875,0.64129638671875,2.370967741935484,71.8475073313783,2.6516129032258062,80.35190615835776,2.464516129032258,74.68230694037146
19.801461127004586,10.002534543907274,-0.22064208984375,0.7235107421875,0.1287841796875,0.64129638671875,2.4161290322580644,73.21603128054741,2.648387096774193,80.25415444770283,2.4741935483870967,74.97556207233626
19.821553891990334,10.246205758549976,-0.22955322265625,0.71807861328125,0.1268310546875,0.6446533203125,2.425806451612903,73.50928641251222,2.629032258064516,79.6676441837732,2.4709677419354836,74.87781036168133
19.841613471973687,10.246205758549976,-0.22955322265625,0.71807861328125,0.1268310546875,0.6446533203125,2.4483870967741934,74.19354838709677,2.6322580645161286,79.76539589442815,2.5,75.75757575757575
19.861661980045028,10.676036514997975,-0.23590087890625,0.71490478515625,0.12384033203125,0.64642333984375,2.4419354838709677,73.9980449657869,2.654838709677419,80.4496578690127,2.5064516129032257,75.95307917888563
19.881742935976945,10.676036514997975,-0.23590087890625,0.71490478515625,0.12384033203125,0.64642333984375,2.4483870967741934,74.19354838709677,2.6516129032258062,80.35190615835776,2.5,75.75757575757575
19.901789780007675,10.676036514997975,-0.23590087890625,0.71490478515625,0.12384033203125,0.64642333984375,2.3967741935483873,72.6295210166178,2.6451612903225805,80.1564027370479,2.4774193548387093,75.07331378299119
19.921854609041475,11.06889393064219,-0.23980712890625,0.7130126953125,0.11968994140625,0.64794921875,2.4741935483870967,74.97556207233626,2.658064516129032,80.54740957966764,2.5,75.75757575757575
19.941922029014677,11.06889393064219,-0.23980712890625,0.7130126953125,0.11968994140625,0.64794921875,2.42258064516129,73.41153470185728,2.6419354838709674,80.05865102639295,2.490322580645161,75.46432062561095
19.962019594036974,11.379583036922853,-0.242919921875,0.71124267578125,0.1173095703125,0.64910888671875,2.435483870967742,73.80254154447702,2.693548387096774,81.62267839687193,2.4741935483870967,74.97556207233626
19.982074822997674,11.379583036922853,-0.242919921875,0.71124267578125,0.1173095703125,0.64910888671875,2.445161290322581,74.09579667644185,2.658064516129032,80.54740957966764,2.5,75.75757575757575
20.002190307946876,11.379583036922853,-0.242919921875,0.71124267578125,0.1173095703125,0.64910888671875,2.4419354838709677,73.9980449657869,2.6774193548387095,81.13391984359725,2.5032258064516126,75.8553274682307
20.02220700797625,11.469438111212128,-0.24609375,0.7098388671875,0.1181640625,0.64935302734375,2.458064516129032,74.48680351906158,2.629032258064516,79.6676441837732,2.496774193548387,75.65982404692082
20.04227049194742,11.469438111212128,-0.24609375,0.7098388671875,0.1181640625,0.64935302734375,2.3967741935483873,72.6295210166178,2.6999999999999997,81.81818181818181,2.4774193548387093,75.07331378299119
20.062335673021153,11.517316873865482,-0.24835205078125,0.7099609375,0.1209716796875,0.64776611328125,2.425806451612903,73.50928641251222,2.6838709677419352,81.32942326490713,2.490322580645161,75.46432062561095
20.082411092938855,11.517316873865482,-0.24835205078125,0.7099609375,0.1209716796875,0.64776611328125,2.403225806451613,72.82502443792767,2.7096774193548385,82.11143695014663,2.525806451612903,76.53958944281524
20.102488177944906,11.517316873865482,-0.24835205078125,0.7099609375,0.1209716796875,0.64776611328125,2.445161290322581,74.09579667644185,2.725806451612903,82.6001955034213,2.4741935483870967,74.97556207233626
20.122539342031814,11.494207608373713,-0.2474365234375,0.712158203125,0.1226806640625,0.6453857421875,2.425806451612903,73.50928641251222,2.712903225806451,82.20918866080156,2.5064516129032257,75.95307917888563
20.142631627968512,11.494207608373713,-0.2474365234375,0.712158203125,0.1226806640625,0.6453857421875,2.4612903225806453,74.58455522971653,2.7161290322580642,82.30694037145649,2.4774193548387093,75.07331378299119
20.16267821600195,11.63027609790484,-0.248291015625,0.71319580078125,0.12298583984375,0.64385986328125,2.435483870967742,73.80254154447702,2.72258064516129,82.50244379276637,2.5419354838709673,77.02834799608992
20.182739523937926,11.63027609790484,-0.248291015625,0.71319580078125,0.12298583984375,0.64385986328125,2.4741935483870967,74.97556207233626,2.7354838709677414,82.8934506353861,2.5387096774193547,76.93059628543499
20.20284051296767,11.63027609790484,-0.248291015625,0.71319580078125,0.12298583984375,0.64385986328125,2.4774193548387093,75.07331378299119,2.7387096774193544,82.99120234604105,2.561290322580645,77.61485826001955
20.222884636954404,11.496126920195564,-0.248291015625,0.7132568359375,0.125,0.6434326171875,2.487096774193548,75.366568914956,2.7064516129032254,82.01368523949168,2.5677419354838706,77.81036168132943
20.24294988194015,11.496126920195564,-0.248291015625,0.7132568359375,0.125,0.6434326171875,2.454838709677419,74.38905180840665,2.7483870967741932,83.28445747800586,2.551612903225806,77.32160312805473
20.263068887987174,11.503045386293039,-0.25079345703125,0.7117919921875,0.12677001953125,0.6436767578125,2.4774193548387093,75.07331378299119,2.7548387096774194,83.47996089931574,2.5387096774193547,76.93059628543499
20.28311221196782,11.503045386293039,-0.25079345703125,0.7117919921875,0.12677001953125,0.6436767578125,2.4516129032258065,74.29130009775172,2.7516129032258063,83.38220918866081,2.564516129032258,77.71260997067448
20.30324094602838,11.503045386293039,-0.25079345703125,0.7117919921875,0.12677001953125,0.6436767578125,2.4806451612903224,75.17106549364614,2.7483870967741932,83.28445747800586,2.5129032258064514,76.1485826001955
20.32327863795217,11.551051072196884,-0.25640869140625,0.70855712890625,0.12908935546875,0.6446533203125,2.5,75.75757575757575,2.725806451612903,82.6001955034213,2.551612903225806,77.32160312805473
20.34335632994771,11.551051072196884,-0.25640869140625,0.70855712890625,0.12908935546875,0.6446533203125,2.435483870967742,73.80254154447702,2.6967741935483867,81.72043010752688,2.4741935483870967,74.97556207233626
20.363405511016026,11.965137102857213,-0.26531982421875,0.70379638671875,0.12982177734375,0.64605712890625,2.4741935483870967,74.97556207233626,2.680645161290322,81.23167155425219,2.4741935483870967,74.97556207233626
20.383758377982304,11.965137102857213,-0.26531982421875,0.70379638671875,0.12982177734375,0.64605712890625,2.4741935483870967,74.97556207233626,2.680645161290322,81.23167155425219,2.4774193548387093,75.07331378299119
20.403787974035367,11.965137102857213,-0.26531982421875,0.70379638671875,0.12982177734375,0.64605712890625,2.4516129032258065,74.29130009775172,2.654838709677419,80.4496578690127,2.525806451612903,76.53958944281524
20.42384092998691,12.432360711548498,-0.27630615234375,0.6983642578125,0.13177490234375,0.64703369140625,2.4741935483870967,74.97556207233626,2.6451612903225805,80.1564027370479,2.4612903225806453,74.58455522971653
20.443900543032214,12.432360711548498,-0.27630615234375,0.6983642578125,0.13177490234375,0.64703369140625,2.425806451612903,73.50928641251222,2.6451612903225805,80.1564027370479,2.4774193548387093,75.07331378299119
20.46397129097022,12.759778422399279,-0.28717041015625,0.6934814453125,0.13739013671875,0.64630126953125,2.454838709677419,74.38905180840665,2.5774193548387094,78.10361681329422,2.4741935483870967,74.97556207233626
20.511720372946,12.759778422399279,-0.28717041015625,0.6934814453125,0.13739013671875,0.64630126953125,2.4516129032258065,74.29130009775172,2.6064516129032254,78.98338220918865,2.4709677419354836,74.87781036168133
20.51194991497323,12.759778422399279,-0.28717041015625,0.6934814453125,0.13739013671875,0.64630126953125,2.425806451612903,73.50928641251222,2.625806451612903,79.56989247311827,2.4741935483870967,74.97556207233626
20.53209023294039,12.491435162619467,-0.2952880859375,0.68890380859375,0.14764404296875,0.64532470703125,2.458064516129032,74.48680351906158,2.6064516129032254,78.98338220918865,2.454838709677419,74.38905180840665
20.552150645991787,12.491435162619467,-0.2952880859375,0.68890380859375,0.14764404296875,0.64532470703125,2.425806451612903,73.50928641251222,2.6354838709677417,79.86314760508309,2.493548387096774,75.56207233626587
20.572217809967697,11.787424377481202,-0.2965087890625,0.6868896484375,0.15789794921875,0.6444091796875,2.3870967741935485,72.33626588465299,2.654838709677419,80.4496578690127,2.467741935483871,74.7800586510264
20.592267150990665,11.787424377481202,-0.2965087890625,0.6868896484375,0.15789794921875,0.6444091796875,2.4290322580645163,73.60703812316717,2.6419354838709674,80.05865102639295,2.464516129032258,74.68230694037146
20.612392524955794,11.787424377481202,-0.2965087890625,0.6868896484375,0.15789794921875,0.6444091796875,2.4483870967741934,74.19354838709677,2.6322580645161286,79.76539589442815,2.4741935483870967,74.97556207233626
20.632424136041664,11.261951952505882,-0.29119873046875,0.6900634765625,0.16094970703125,0.6427001953125,2.3967741935483873,72.6295210166178,2.6387096774193544,79.960899315738,2.487096774193548,75.366568914956
20.652480356046,11.261951952505882,-0.29119873046875,0.6900634765625,0.16094970703125,0.6427001953125,2.435483870967742,73.80254154447702,2.6322580645161286,79.76539589442815,2.4774193548387093,75.07331378299119
20.67254896101076,11.139085555276978,-0.2828369140625,0.69677734375,0.15765380859375,0.64007568359375,2.4096774193548387,73.02052785923753,2.6387096774193544,79.960899315738,2.496774193548387,75.65982404692082
20.692613021936268,11.139085555276978,-0.2828369140625,0.69677734375,0.15765380859375,0.64007568359375,2.432258064516129,73.70478983382209,2.62258064516129,79.47214076246333,2.496774193548387,75.65982404692082
20.712706106947735,11.139085555276978,-0.2828369140625,0.69677734375,0.15765380859375,0.64007568359375,2.4612903225806453,74.58455522971653,2.629032258064516,79.6676441837732,2.487096774193548,75.366568914956
20.73295740399044,11.365916413022418,-0.27545166015625,0.70404052734375,0.15264892578125,0.63653564453125,2.454838709677419,74.38905180840665,2.6419354838709674,80.05865102639295,2.4838709677419355,75.26881720430107
20.75284507602919,11.365916413022418,-0.27545166015625,0.70404052734375,0.15264892578125,0.63653564453125,2.4193548387096775,73.31378299120234,2.616129032258064,79.27663734115346,2.4774193548387093,75.07331378299119
20.77288264001254,11.637173030457063,-0.27056884765625,0.70941162109375,0.14886474609375,0.633544921875,2.4612903225806453,74.58455522971653,2.6451612903225805,80.1564027370479,2.4741935483870967,74.97556207233626
20.792950571980327,11.637173030457063,-0.27056884765625,0.70941162109375,0.14886474609375,0.633544921875,2.4612903225806453,74.58455522971653,2.658064516129032,80.54740957966764,2.4774193548387093,75.07331378299119
20.813067081966437,11.637173030457063,-0.27056884765625,0.70941162109375,0.14886474609375,0.633544921875,2.4516129032258065,74.29130009775172,2.6354838709677417,79.86314760508309,2.4741935483870967,74.97556207233626
20.83307270903606,11.833597052202848,-0.269287109375,0.71173095703125,0.1473388671875,0.6318359375,2.4741935483870967,74.97556207233626,2.6419354838709674,80.05865102639295,2.4774193548387093,75.07331378299119
20.853149889968336,11.833597052202848,-0.269287109375,0.71173095703125,0.1473388671875,0.6318359375,2.4612903225806453,74.58455522971653,2.6451612903225805,80.1564027370479,2.4774193548387093,75.07331378299119
20.873208094039,11.886425858671245,-0.27044677734375,0.71160888671875,0.14776611328125,0.63140869140625,2.458064516129032,74.48680351906158,2.6516129032258062,80.35190615835776,2.519354838709677,76.34408602150538
20.893293755012564,11.886425858671245,-0.27044677734375,0.71160888671875,0.14776611328125,0.63140869140625,2.4806451612903224,75.17106549364614,2.658064516129032,80.54740957966764,2.487096774193548,75.366568914956
20.913349848007783,11.886425858671245,-0.27044677734375,0.71160888671875,0.14776611328125,0.63140869140625,2.4612903225806453,74.58455522971653,2.654838709677419,80.4496578690127,2.493548387096774,75.56207233626587
20.93340497999452,11.936952278011958,-0.2724609375,0.710693359375,0.14862060546875,0.63134765625,2.4741935483870967,74.97556207233626,2.654838709677419,80.4496578690127,2.5387096774193547,76.93059628543499
20.95349211303983,11.936952278011958,-0.2724609375,0.710693359375,0.14862060546875,0.63134765625,2.4709677419354836,74.87781036168133,2.654838709677419,80.4496578690127,2.5,75.75757575757575
20.97352689295076,11.96909406189421,-0.274169921875,0.7098388671875,0.1492919921875,0.63140869140625,2.5,75.75757575757575,2.62258064516129,79.47214076246333,2.52258064516129,76.44183773216031
20.9935778969666,11.96909406189421,-0.274169921875,0.7098388671875,0.1492919921875,0.63140869140625,2.4741935483870967,74.97556207233626,2.719354838709677,82.40469208211142,2.496774193548387,75.65982404692082
21.013688519014977,11.96909406189421,-0.274169921875,0.7098388671875,0.1492919921875,0.63140869140625,2.5,75.75757575757575,2.680645161290322,81.23167155425219,2.4774193548387093,75.07331378299119
21.033772003953345,11.984224436984888,-0.27532958984375,0.709228515625,0.14996337890625,0.63140869140625,2.4806451612903224,75.17106549364614,2.6774193548387095,81.13391984359725,2.5129032258064514,76.1485826001955
21.053813664941117,11.984224436984888,-0.27532958984375,0.709228515625,0.14996337890625,0.63140869140625,2.467741935483871,74.7800586510264,2.6838709677419352,81.32942326490713,2.5161290322580645,76.24633431085044
21.0738971499959,11.873536035169238,-0.27581787109375,0.70849609375,0.1510009765625,0.6318359375,2.487096774193548,75.366568914956,2.7580645161290325,83.57771260997069,2.5129032258064514,76.1485826001955
21.09391602501273,11.873536035169238,-0.27581787109375,0.70849609375,0.1510009765625,0.6318359375,2.5064516129032257,75.95307917888563,2.693548387096774,81.62267839687193,2.4806451612903224,75.17106549364614
21.113990998012014,11.873536035169238,-0.27581787109375,0.70849609375,0.1510009765625,0.6318359375,2.4774193548387093,75.07331378299119,2.72258064516129,82.50244379276637,2.5387096774193547,76.93059628543499
21.13406741095241,11.824825879565594,-0.2769775390625,0.707275390625,0.1522216796875,0.63232421875,2.4774193548387093,75.07331378299119,2.74516129032258,83.18670576735092,2.5096774193548383,76.05083088954055
21.243573899031617,11.824825879565594,-0.2769775390625,0.707275390625,0.1522216796875,0.63232421875,2.4774193548387093,75.07331378299119,2.7516129032258063,83.38220918866081,2.525806451612903,76.53958944281524
21.24379425693769,11.640376679126405,-0.27789306640625,0.70599365234375,0.1544189453125,0.63287353515625,2.5096774193548383,76.05083088954055,2.7838709677419353,84.35972629521017,2.5161290322580645,76.24633431085044
21.263877838035114,11.640376679126405,-0.27789306640625,0.70599365234375,0.1544189453125,0.63287353515625,2.4774193548387093,75.07331378299119,2.7580645161290325,83.57771260997069,2.493548387096774,75.56207233626587
21.28395597904455,11.640376679126405,-0.27789306640625,0.70599365234375,0.1544189453125,0.63287353515625,2.493548387096774,75.56207233626587,2.7516129032258063,83.38220918866081,2.529032258064516,76.63734115347019
21.304008711944334,11.528083279562978,-0.2786865234375,0.705322265625,0.156982421875,0.632568359375,2.490322580645161,75.46432062561095,2.7419354838709675,83.08895405669598,2.4741935483870967,74.97556207233626
21.32409357302822,11.528083279562978,-0.2786865234375,0.705322265625,0.156982421875,0.632568359375,2.5064516129032257,75.95307917888563,2.7483870967741932,83.28445747800586,2.529032258064516,76.63734115347019
21.34414368099533,11.500495603154107,-0.2803955078125,0.70465087890625,0.1583251953125,0.63232421875,2.5,75.75757575757575,2.7064516129032254,82.01368523949168,2.52258064516129,76.44183773216031
21.36420630197972,11.500495603154107,-0.2803955078125,0.70465087890625,0.1583251953125,0.63232421875,2.487096774193548,75.366568914956,2.7032258064516124,81.91593352883673,2.525806451612903,76.53958944281524
21.384307067026384,11.500495603154107,-0.2803955078125,0.70465087890625,0.1583251953125,0.63232421875,2.4838709677419355,75.26881720430107,2.6967741935483867,81.72043010752688,2.4806451612903224,75.17106549364614
21.40438882401213,11.721843105871955,-0.284912109375,0.70294189453125,0.15899658203125,0.63201904296875,2.4483870967741934,74.19354838709677,2.6677419354838707,80.84066471163244,2.5032258064516126,75.8553274682307
21.424439284950495,11.721843105871955,-0.284912109375,0.70294189453125,0.15899658203125,0.63201904296875,2.4483870967741934,74.19354838709677,2.6354838709677417,79.86314760508309,2.5,75.75757575757575
21.444471313036047,12.198922543230054,-0.29400634765625,0.69915771484375,0.159423828125,0.6319580078125,2.519354838709677,76.34408602150538,2.616129032258064,79.27663734115346,2.5129032258064514,76.1485826001955
21.464512845035642,12.198922543230054,-0.29400634765625,0.69915771484375,0.159423828125,0.6319580078125,2.4161290322580644,73.21603128054741,2.590322580645161,78.49462365591397,2.5129032258064514,76.1485826001955
21.484604778001085,12.198922543230054,-0.29400634765625,0.69915771484375,0.159423828125,0.6319580078125,2.4096774193548387,73.02052785923753,2.564516129032258,77.71260997067448,2.5,75.75757575757575
21.50464576599188,13.39146546141258,-0.3076171875,0.69366455078125,0.15423583984375,0.6328125,2.4,72.72727272727273,2.5,75.75757575757575,2.454838709677419,74.38905180840665
21.52473216294311,13.39146546141258,-0.3076171875,0.69366455078125,0.15423583984375,0.6328125,2.4193548387096775,73.31378299120234,2.4774193548387093,75.07331378299119,2.412903225806452,73.11827956989248
21.544808160047978,15.490160256391079,-0.3232421875,0.68603515625,0.1390380859375,0.6368408203125,2.4096774193548387,73.02052785923753,2.42258064516129,73.41153470185728,2.3967741935483873,72.6295210166178
21.564856444951147,15.490160256391079,-0.3232421875,0.68603515625,0.1390380859375,0.6368408203125,2.4096774193548387,73.02052785923753,2.4419354838709677,73.9980449657869,2.4612903225806453,74.58455522971653
21.58493119396735,15.490160256391079,-0.3232421875,0.68603515625,0.1390380859375,0.6368408203125,2.4,72.72727272727273,2.42258064516129,73.41153470185728,2.4,72.72727272727273
21.604987093945965,18.64357995508422,-0.340087890625,0.67626953125,0.11334228515625,0.6435546875,2.3774193548387097,72.04301075268818,2.4387096774193546,73.90029325513197,2.3870967741935485,72.33626588465299
21.6250506429933,18.64357995508422,-0.340087890625,0.67626953125,0.11334228515625,0.6435546875,2.4193548387096775,73.31378299120234,2.370967741935484,71.8475073313783,2.3806451612903228,72.14076246334312
21.645116911036894,22.64408787861376,-0.3575439453125,0.66265869140625,0.08001708984375,0.6531982421875,2.367741935483871,71.74975562072336,2.370967741935484,71.8475073313783,2.3645161290322583,71.65200391006844
21.665232812985778,22.64408787861376,-0.3575439453125,0.66265869140625,0.08001708984375,0.6531982421875,2.358064516129032,71.45650048875855,2.358064516129032,71.45650048875855,2.3645161290322583,71.65200391006844
21.68528839398641,22.64408787861376,-0.3575439453125,0.66265869140625,0.08001708984375,0.6531982421875,2.358064516129032,71.45650048875855,2.4096774193548387,73.02052785923753,2.3741935483870966,71.94525904203324
21.705318821943365,27.49033808946362,-0.3798828125,0.643310546875,0.04437255859375,0.66326904296875,2.325806451612903,70.4789833822092,2.3741935483870966,71.94525904203324,2.370967741935484,71.8475073313783
21.725385922007263,27.49033808946362,-0.3798828125,0.643310546875,0.04437255859375,0.66326904296875,2.3483870967741938,71.16324535679375,2.370967741935484,71.8475073313783,2.3967741935483873,72.6295210166178
21.745446110959165,32.40050417883323,-0.402099609375,0.62384033203125,0.01025390625,0.67010498046875,2.361290322580645,71.5542521994135,2.4,72.72727272727273,2.370967741935484,71.8475073313783
21.76551349996589,32.40050417883323,-0.402099609375,0.62384033203125,0.01025390625,0.67010498046875,2.3741935483870966,71.94525904203324,2.445161290322581,74.09579667644185,2.4064516129032256,72.9227761485826
21.785585689009167,32.40050417883323,-0.402099609375,0.62384033203125,0.01025390625,0.67010498046875,2.3870967741935485,72.33626588465299,2.3967741935483873,72.6295210166178,2.4096774193548387,73.02052785923753
21.805649237008765,37.265883872750344,-0.42596435546875,0.6036376953125,-0.0203857421875,0.673583984375,2.3806451612903228,72.14076246334312,2.432258064516129,73.70478983382209,2.4064516129032256,72.9227761485826
21.82572334597353,37.265883872750344,-0.42596435546875,0.6036376953125,-0.0203857421875,0.673583984375,2.3516129032258064,71.26099706744868,2.454838709677419,74.38905180840665,2.4193548387096775,73.31378299120234
21.845799439004622,41.61132709860535,-0.44854736328125,0.58514404296875,-0.04583740234375,0.67401123046875,2.4096774193548387,73.02052785923753,2.42258064516129,73.41153470185728,2.425806451612903,73.50928641251222
21.8658680759836,41.61132709860535,-0.44854736328125,0.58514404296875,-0.04583740234375,0.67401123046875,2.4290322580645163,73.60703812316717,2.458064516129032,74.48680351906158,2.445161290322581,74.09579667644185
21.885943208937533,41.61132709860535,-0.44854736328125,0.58514404296875,-0.04583740234375,0.67401123046875,2.458064516129032,74.48680351906158,2.4516129032258065,74.29130009775172,2.4516129032258065,74.29130009775172
21.90599024493713,44.89217662253585,-0.466064453125,0.56964111328125,-0.06378173828125,0.67401123046875,2.4612903225806453,74.58455522971653,2.493548387096774,75.56207233626587,2.4387096774193546,73.90029325513197
21.926045633968897,44.89217662253585,-0.466064453125,0.56964111328125,-0.06378173828125,0.67401123046875,2.458064516129032,74.48680351906158,2.525806451612903,76.53958944281524,2.445161290322581,74.09579667644185
21.977286868961528,46.844953875433276,-0.4764404296875,0.55963134765625,-0.073974609375,0.674072265625,2.454838709677419,74.38905180840665,2.4806451612903224,75.17106549364614,2.4612903225806453,74.58455522971653
21.977448888937943,46.844953875433276,-0.4764404296875,0.55963134765625,-0.073974609375,0.674072265625,2.464516129032258,74.68230694037146,2.5,75.75757575757575,2.4516129032258065,74.29130009775172
21.997536342940293,46.844953875433276,-0.4764404296875,0.55963134765625,-0.073974609375,0.674072265625,2.4387096774193546,73.90029325513197,2.496774193548387,75.65982404692082,2.454838709677419,74.38905180840665
22.01761685195379,47.97507491000142,-0.48175048828125,0.55560302734375,-0.08111572265625,0.67279052734375,2.4483870967741934,74.19354838709677,2.525806451612903,76.53958944281524,2.425806451612903,73.50928641251222
22.037678256980143,47.97507491000142,-0.48175048828125,0.55560302734375,-0.08111572265625,0.67279052734375,2.4483870967741934,74.19354838709677,2.4774193548387093,75.07331378299119,2.42258064516129,73.41153470185728
22.057741933967918,48.23765571040054,-0.484130859375,0.5556640625,-0.0821533203125,0.6708984375,2.42258064516129,73.41153470185728,2.4709677419354836,74.87781036168133,2.4741935483870967,74.97556207233626
22.07782932301052,48.23765571040054,-0.484130859375,0.5556640625,-0.0821533203125,0.6708984375,2.445161290322581,74.09579667644185,2.4774193548387093,75.07331378299119,2.4709677419354836,74.87781036168133
22.097876040032133,48.23765571040054,-0.484130859375,0.5556640625,-0.0821533203125,0.6708984375,2.467741935483871,74.7800586510264,2.464516129032258,74.68230694037146,2.464516129032258,74.68230694037146
22.117941029020585,48.1611427240652,-0.484375,0.5562744140625,-0.081298828125,0.67034912109375,2.435483870967742,73.80254154447702,2.5,75.75757575757575,2.445161290322581,74.09579667644185
22.137996352976188,48.1611427240652,-0.484375,0.5562744140625,-0.081298828125,0.67034912109375,2.3838709677419354,72.23851417399804,2.4290322580645163,73.60703812316717,2.4741935483870967,74.97556207233626
22.15805449394975,48.00584155387126,-0.4832763671875,0.5567626953125,-0.08056640625,0.6707763671875,2.4612903225806453,74.58455522971653,2.467741935483871,74.7800586510264,2.4741935483870967,74.97556207233626
22.178150075953454,48.00584155387126,-0.4832763671875,0.5567626953125,-0.08056640625,0.6707763671875,2.4096774193548387,73.02052785923753,2.467741935483871,74.7800586510264,2.4483870967741934,74.19354838709677
22.198181431973353,48.00584155387126,-0.4832763671875,0.5567626953125,-0.08056640625,0.6707763671875,2.425806451612903,73.50928641251222,2.435483870967742,73.80254154447702,2.4516129032258065,74.29130009775172
22.218264437047765,47.81525163337317,-0.48211669921875,0.55731201171875,-0.07952880859375,0.6712646484375,2.445161290322581,74.09579667644185,2.435483870967742,73.80254154447702,2.4741935483870967,74.97556207233626
22.238320210017264,47.81525163337317,-0.48211669921875,0.55731201171875,-0.07952880859375,0.6712646484375,2.4483870967741934,74.19354838709677,2.4612903225806453,74.58455522971653,2.467741935483871,74.7800586510264
22.25841051095631,47.64949105104006,-0.4813232421875,0.55810546875,-0.07861328125,0.67132568359375,2.403225806451613,72.82502443792767,2.4774193548387093,75.07331378299119,2.4709677419354836,74.87781036168133
22.27844423498027,47.64949105104006,-0.4813232421875,0.55810546875,-0.07861328125,0.67132568359375,2.3967741935483873,72.6295210166178,2.493548387096774,75.56207233626587,2.435483870967742,73.80254154447702
22.29853316093795,47.64949105104006,-0.4813232421875,0.55810546875,-0.07861328125,0.67132568359375,2.42258064516129,73.41153470185728,2.5451612903225804,77.12609970674487,2.42258064516129,73.41153470185728
22.31862995796837,47.548779889269866,-0.48016357421875,0.55877685546875,-0.07867431640625,0.67156982421875,2.454838709677419,74.38905180840665,2.4774193548387093,75.07331378299119,2.4741935483870967,74.97556207233626
22.338676386978477,47.548779889269866,-0.48016357421875,0.55877685546875,-0.07867431640625,0.67156982421875,2.458064516129032,74.48680351906158,2.493548387096774,75.56207233626587,2.454838709677419,74.38905180840665
22.358716126997024,47.36444217008853,-0.4783935546875,0.55975341796875,-0.07843017578125,0.67205810546875,2.4741935483870967,74.97556207233626,2.4838709677419355,75.26881720430107,2.4612903225806453,74.58455522971653
22.378784668049775,47.36444217008853,-0.4783935546875,0.55975341796875,-0.07843017578125,0.67205810546875,2.4741935483870967,74.97556207233626,2.4806451612903224,75.17106549364614,2.4612903225806453,74.58455522971653
22.398856376996264,47.36444217008853,-0.4783935546875,0.55975341796875,-0.07843017578125,0.67205810546875,2.4516129032258065,74.29130009775172,2.487096774193548,75.366568914956,2.435483870967742,73.80254154447702
22.41892290196847,47.13893407849058,-0.47637939453125,0.5614013671875,-0.078125,0.672119140625,2.4516129032258065,74.29130009775172,2.5,75.75757575757575,2.458064516129032,74.48680351906158
22.439012179034762,47.13893407849058,-0.47637939453125,0.5614013671875,-0.078125,0.672119140625,2.4709677419354836,74.87781036168133,2.4774193548387093,75.07331378299119,2.4741935483870967,74.97556207233626
22.459050511941314,46.83306668786708,-0.473876953125,0.564208984375,-0.07781982421875,0.671630859375,2.4387096774193546,73.90029325513197,2.5,75.75757575757575,2.4774193548387093,75.07331378299119
22.47911518102046,46.83306668786708,-0.473876953125,0.564208984375,-0.07781982421875,0.671630859375,2.5,75.75757575757575,2.490322580645161,75.46432062561095,2.4774193548387093,75.07331378299119
22.499236427014694,46.83306668786708,-0.473876953125,0.564208984375,-0.07781982421875,0.671630859375,2.42258064516129,73.41153470185728,2.496774193548387,75.65982404692082,2.4612903225806453,74.58455522971653
22.519266247050837,46.29561713071109,-0.4688720703125,0.56829833984375,-0.077392578125,0.6717529296875,2.458064516129032,74.48680351906158,2.5032258064516126,75.8553274682307,2.4774193548387093,75.07331378299119
22.539355108048767,46.29561713071109,-0.4688720703125,0.56829833984375,-0.077392578125,0.6717529296875,2.4709677419354836,74.87781036168133,2.4774193548387093,75.07331378299119,2.4741935483870967,74.97556207233626
22.55938348802738,45.69993666178492,-0.46124267578125,0.5740966796875,-0.07916259765625,0.671875,2.4709677419354836,74.87781036168133,2.5129032258064514,76.1485826001955,2.464516129032258,74.68230694037146
22.579446044983342,45.69993666178492,-0.46124267578125,0.5740966796875,-0.07916259765625,0.671875,2.435483870967742,73.80254154447702,2.5,75.75757575757575,2.4741935483870967,74.97556207233626
22.599541211035103,45.69993666178492,-0.46124267578125,0.5740966796875,-0.07916259765625,0.671875,2.445161290322581,74.09579667644185,2.5032258064516126,75.8553274682307,2.4741935483870967,74.97556207233626
22.61961951199919,45.21307681742858,-0.45465087890625,0.58331298828125,-0.08233642578125,0.66802978515625,2.458064516129032,74.48680351906158,2.5,75.75757575757575,2.496774193548387,75.65982404692082
22.639655667939223,45.21307681742858,-0.45465087890625,0.58331298828125,-0.08233642578125,0.66802978515625,2.4741935483870967,74.97556207233626,2.4774193548387093,75.07331378299119,2.454838709677419,74.38905180840665
22.6597163049737,45.162076141802316,-0.449951171875,0.59320068359375,-0.08880615234375,0.66168212890625,2.467741935483871,74.7800586510264,2.4774193548387093,75.07331378299119,2.4741935483870967,74.97556207233626
22.67978599795606,45.162076141802316,-0.449951171875,0.59320068359375,-0.08880615234375,0.66168212890625,2.467741935483871,74.7800586510264,2.4741935483870967,74.97556207233626,2.4709677419354836,74.87781036168133
22.699874122976325,45.162076141802316,-0.449951171875,0.59320068359375,-0.08880615234375,0.66168212890625,2.4419354838709677,73.9980449657869,2.4709677419354836,74.87781036168133,2.4741935483870967,74.97556207233626
22.719946953002363,45.57503289448618,-0.4395751953125,0.603271484375,-0.10552978515625,0.65704345703125,2.42258064516129,73.41153470185728,2.4709677419354836,74.87781036168133,2.5129032258064514,76.1485826001955
22.740022917976603,45.57503289448618,-0.4395751953125,0.603271484375,-0.10552978515625,0.65704345703125,2.4193548387096775,73.31378299120234,2.4483870967741934,74.19354838709677,2.4516129032258065,74.29130009775172
22.760055297985673,46.4010347364701,-0.4248046875,0.61395263671875,-0.13104248046875,0.65228271484375,2.42258064516129,73.41153470185728,2.4709677419354836,74.87781036168133,2.445161290322581,74.09579667644185
22.780135006993078,46.4010347364701,-0.4248046875,0.61395263671875,-0.13104248046875,0.65228271484375,2.3967741935483873,72.6295210166178,2.4741935483870967,74.97556207233626,2.4741935483870967,74.97556207233626
22.800231933011673,46.4010347364701,-0.4248046875,0.61395263671875,-0.13104248046875,0.65228271484375,2.4387096774193546,73.90029325513197,2.42258064516129,73.41153470185728,2.4612903225806453,74.58455522971653
22.82031704997644,47.38714434123413,-0.410400390625,0.62481689453125,-0.15753173828125,0.645263671875,2.3967741935483873,72.6295210166178,2.4741935483870967,74.97556207233626,2.4741935483870967,74.97556207233626
22.840399830951355,47.38714434123413,-0.410400390625,0.62481689453125,-0.15753173828125,0.645263671875,2.370967741935484,71.8475073313783,2.4806451612903224,75.17106549364614,2.464516129032258,74.68230694037146
22.860446067992598,48.6097746998717,-0.392822265625,0.63458251953125,-0.18927001953125,0.63812255859375,2.42258064516129,73.41153470185728,2.4483870967741934,74.19354838709677,2.464516129032258,74.68230694037146
22.880455791018903,48.6097746998717,-0.392822265625,0.63458251953125,-0.18927001953125,0.63812255859375,2.3741935483870966,71.94525904203324,2.496774193548387,75.65982404692082,2.467741935483871,74.7800586510264
22.900547757046297,48.6097746998717,-0.392822265625,0.63458251953125,-0.18927001953125,0.63812255859375,2.4419354838709677,73.9980449657869,2.467741935483871,74.7800586510264,2.4806451612903224,75.17106549364614
22.920588904991746,49.92625822427933,-0.36932373046875,0.64337158203125,-0.2274169921875,0.630859375,2.370967741935484,71.8475073313783,2.467741935483871,74.7800586510264,2.4741935483870967,74.97556207233626
22.940670534968376,49.92625822427933,-0.36932373046875,0.64337158203125,-0.2274169921875,0.630859375,2.3967741935483873,72.6295210166178,2.4741935483870967,74.97556207233626,2.4612903225806453,74.58455522971653
22.96074986003805,51.74463640518497,-0.354248046875,0.65350341796875,-0.26171875,0.6156005859375,2.390322580645161,72.43401759530792,2.42258064516129,73.41153470185728,2.4612903225806453,74.58455522971653
22.980791904963553,51.74463640518497,-0.354248046875,0.65350341796875,-0.26171875,0.6156005859375,2.3774193548387097,72.04301075268818,2.4838709677419355,75.26881720430107,2.4709677419354836,74.87781036168133
23.000859037972987,51.74463640518497,-0.354248046875,0.65350341796875,-0.26171875,0.6156005859375,2.367741935483871,71.74975562072336,2.4838709677419355,75.26881720430107,2.4483870967741934,74.19354838709677
23.02092537097633,54.04711140933215,-0.3489990234375,0.66241455078125,-0.29010009765625,0.59600830078125,2.367741935483871,71.74975562072336,2.4741935483870967,74.97556207233626,2.42258064516129,73.41153470185728
23.040987832006067,54.04711140933215,-0.3489990234375,0.66241455078125,-0.29010009765625,0.59600830078125,2.3483870967741938,71.16324535679375,2.4741935483870967,74.97556207233626,2.464516129032258,74.68230694037146
23.061052117031068,57.26487436489424,-0.346923828125,0.66510009765625,-0.32489013671875,0.57598876953125,2.329032258064516,70.57673509286413,2.4774193548387093,75.07331378299119,2.4612903225806453,74.58455522971653
23.081117138033733,57.26487436489424,-0.346923828125,0.66510009765625,-0.32489013671875,0.57598876953125,2.3225806451612905,70.38123167155426,2.4612903225806453,74.58455522971653,2.4741935483870967,74.97556207233626
23.10120801604353,57.26487436489424,-0.346923828125,0.66510009765625,-0.32489013671875,0.57598876953125,2.3193548387096774,70.28347996089931,2.4774193548387093,75.07331378299119,2.4612903225806453,74.58455522971653
23.121248587965965,61.40995016443375,-0.34783935546875,0.66314697265625,-0.36578369140625,0.55267333984375,2.2903225806451615,69.40371456500489,2.490322580645161,75.46432062561095,2.4838709677419355,75.26881720430107
23.141315081040375,61.40995016443375,-0.34783935546875,0.66314697265625,-0.36578369140625,0.55267333984375,2.293548387096774,69.50146627565982,2.4774193548387093,75.07331378299119,2.4806451612903224,75.17106549364614
23.161395111004822,66.27557617838187,-0.35601806640625,0.65863037109375,-0.40533447265625,0.5245361328125,2.2806451612903227,69.11045943304008,2.4483870967741934,74.19354838709677,2.4774193548387093,75.07331378299119
23.181441474938765,66.27557617838187,-0.35601806640625,0.65863037109375,-0.40533447265625,0.5245361328125,2.3161290322580648,70.1857282502444,2.4709677419354836,74.87781036168133,2.467741935483871,74.7800586510264
23.201513056992553,66.27557617838187,-0.35601806640625,0.65863037109375,-0.40533447265625,0.5245361328125,2.3193548387096774,70.28347996089931,2.487096774193548,75.366568914956,2.487096774193548,75.366568914956
23.221575709991157,71.02494715510386,-0.3656005859375,0.65081787109375,-0.44146728515625,0.497802734375,2.3322580645161293,70.67448680351907,2.487096774193548,75.366568914956,2.4806451612903224,75.17106549364614
23.241638939012773,71.02494715510386,-0.3656005859375,0.65081787109375,-0.44146728515625,0.497802734375,2.296774193548387,69.59921798631477,2.4741935483870967,74.97556207233626,2.4774193548387093,75.07331378299119
23.261705240001902,75.80120300670663,-0.377685546875,0.64178466796875,-0.473876953125,0.469970703125,2.2548387096774194,68.32844574780059,2.5129032258064514,76.1485826001955,2.4709677419354836,74.87781036168133
23.28177925304044,75.80120300670663,-0.377685546875,0.64178466796875,-0.473876953125,0.469970703125,2.293548387096774,69.50146627565982,2.487096774193548,75.366568914956,2.487096774193548,75.366568914956
23.301874035038054,75.80120300670663,-0.377685546875,0.64178466796875,-0.473876953125,0.469970703125,2.2774193548387096,69.01270772238514,2.551612903225806,77.32160312805473,2.4774193548387093,75.07331378299119
23.321909807040356,80.26051942703782,-0.3907470703125,0.63311767578125,-0.5006103515625,0.44256591796875,2.296774193548387,69.59921798631477,2.564516129032258,77.71260997067448,2.4774193548387093,75.07331378299119
23.341973996022716,80.26051942703782,-0.3907470703125,0.63311767578125,-0.5006103515625,0.44256591796875,2.325806451612903,70.4789833822092,2.5354838709677416,76.83284457478005,2.467741935483871,74.7800586510264
23.36204938602168,83.37304208949315,-0.39581298828125,0.62860107421875,-0.52130126953125,0.4200439453125,2.3225806451612905,70.38123167155426,2.525806451612903,76.53958944281524,2.487096774193548,75.366568914956
23.382131078979,83.37304208949315,-0.39581298828125,0.62860107421875,-0.52130126953125,0.4200439453125,2.3096774193548386,69.99022482893452,2.558064516129032,77.5171065493646,2.4741935483870967,74.97556207233626
23.402184196049348,83.37304208949315,-0.39581298828125,0.62860107421875,-0.52130126953125,0.4200439453125,2.358064516129032,71.45650048875855,2.554838709677419,77.41935483870968,2.5161290322580645,76.24633431085044
23.443509947974235,85.40777702189656,-0.393310546875,0.62860107421875,-0.538330078125,0.4005126953125,2.3451612903225807,71.0654936461388,2.554838709677419,77.41935483870968,2.5096774193548383,76.05083088954055
23.443697632988915,85.40777702189656,-0.393310546875,0.62860107421875,-0.538330078125,0.4005126953125,2.367741935483871,71.74975562072336,2.5774193548387094,78.10361681329422,2.490322580645161,75.46432062561095
23.463814783957787,86.77845773629161,-0.3907470703125,0.63385009765625,-0.5474853515625,0.3818359375,2.361290322580645,71.5542521994135,2.5741935483870964,78.00586510263928,2.4741935483870967,74.97556207233626
23.483875293051824,86.77845773629161,-0.3907470703125,0.63385009765625,-0.5474853515625,0.3818359375,2.3806451612903228,72.14076246334312,2.5709677419354837,77.90811339198436,2.519354838709677,76.34408602150538
23.50395359401591,86.77845773629161,-0.3907470703125,0.63385009765625,-0.5474853515625,0.3818359375,2.3806451612903228,72.14076246334312,2.583870967741935,78.2991202346041,2.5129032258064514,76.1485826001955
23.524007863015868,87.32019256113125,-0.38671875,0.64031982421875,-0.55126953125,0.36944580078125,2.3741935483870966,71.94525904203324,2.6032258064516127,78.88563049853371,2.4838709677419355,75.26881720430107
23.54404913901817,87.32019256113125,-0.38671875,0.64031982421875,-0.55126953125,0.36944580078125,2.3741935483870966,71.94525904203324,2.587096774193548,78.39687194525904,2.5064516129032257,75.95307917888563
23.56413108902052,87.34795787520753,-0.379150390625,0.64117431640625,-0.557861328125,0.365966796875,2.4096774193548387,73.02052785923753,2.587096774193548,78.39687194525904,2.493548387096774,75.56207233626587
23.584689081995748,87.34795787520753,-0.379150390625,0.64117431640625,-0.557861328125,0.365966796875,2.393548387096774,72.53176930596285,2.6129032258064515,79.17888563049853,2.5096774193548383,76.05083088954055
23.604309387970716,87.34795787520753,-0.379150390625,0.64117431640625,-0.557861328125,0.365966796875,2.3870967741935485,72.33626588465299,2.6193548387096772,79.37438905180841,2.4806451612903224,75.17106549364614
23.62436592904851,87.21775612654076,-0.3731689453125,0.64056396484375,-0.562744140625,0.36572265625,2.4096774193548387,73.02052785923753,2.5774193548387094,78.10361681329422,2.5161290322580645,76.24633431085044
23.644417542032897,87.21775612654076,-0.3731689453125,0.64056396484375,-0.562744140625,0.36572265625,2.4,72.72727272727273,2.6193548387096772,79.37438905180841,2.5032258064516126,75.8553274682307
23.664484163047746,87.0118841625914,-0.369873046875,0.641357421875,-0.56390380859375,0.3658447265625,2.4,72.72727272727273,2.6096774193548384,79.0811339198436,2.5387096774193547,76.93059628543499
23.684569953009486,87.0118841625914,-0.369873046875,0.641357421875,-0.56390380859375,0.3658447265625,2.390322580645161,72.43401759530792,2.6032258064516127,78.88563049853371,2.5161290322580645,76.24633431085044
23.704647582024336,87.0118841625914,-0.369873046875,0.641357421875,-0.56390380859375,0.3658447265625,2.4,72.72727272727273,2.6129032258064515,79.17888563049853,2.4741935483870967,74.97556207233626
23.724715707008727,86.82510203102574,-0.36700439453125,0.64239501953125,-0.564697265625,0.36572265625,2.435483870967742,73.80254154447702,2.6096774193548384,79.0811339198436,2.525806451612903,76.53958944281524
23.744753655046225,86.82510203102574,-0.36700439453125,0.64239501953125,-0.564697265625,0.36572265625,2.4387096774193546,73.90029325513197,2.5999999999999996,78.78787878787878,2.5161290322580645,76.24633431085044
23.76482078898698,86.66711259194695,-0.365478515625,0.6429443359375,-0.564697265625,0.3662109375,2.42258064516129,73.41153470185728,2.6032258064516127,78.88563049853371,2.5387096774193547,76.93059628543499
23.78490008204244,86.66711259194695,-0.365478515625,0.6429443359375,-0.564697265625,0.3662109375,2.467741935483871,74.7800586510264,2.587096774193548,78.39687194525904,2.5451612903225804,77.12609970674487
23.80497761501465,86.66711259194695,-0.365478515625,0.6429443359375,-0.564697265625,0.3662109375,2.393548387096774,72.53176930596285,2.590322580645161,78.49462365591397,2.5161290322580645,76.24633431085044
23.825030219973996,86.42351329014693,-0.3641357421875,0.644287109375,-0.5635986328125,0.366943359375,2.42258064516129,73.41153470185728,2.6032258064516127,78.88563049853371,2.532258064516129,76.73509286412512
23.845099273021333,86.42351329014693,-0.3641357421875,0.644287109375,-0.5635986328125,0.366943359375,2.4193548387096775,73.31378299120234,2.6419354838709674,80.05865102639295,2.5161290322580645,76.24633431085044
23.865169223048724,86.1419111947388,-0.36260986328125,0.64605712890625,-0.56219482421875,0.36761474609375,2.425806451612903,73.50928641251222,2.629032258064516,79.6676441837732,2.532258064516129,76.73509286412512
23.885250499937683,86.1419111947388,-0.36260986328125,0.64605712890625,-0.56219482421875,0.36761474609375,2.4387096774193546,73.90029325513197,2.625806451612903,79.56989247311827,2.52258064516129,76.44183773216031
23.905326433014125,86.1419111947388,-0.36260986328125,0.64605712890625,-0.56219482421875,0.36761474609375,2.4419354838709677,73.9980449657869,2.5774193548387094,78.10361681329422,2.5161290322580645,76.24633431085044
23.9253634220222,85.87431917679065,-0.36065673828125,0.6473388671875,-0.5614013671875,0.36834716796875,2.425806451612903,73.50928641251222,2.6129032258064515,79.17888563049853,2.487096774193548,75.366568914956
23.945418682997115,85.87431917679065,-0.36065673828125,0.6473388671875,-0.5614013671875,0.36834716796875,2.4387096774193546,73.90029325513197,2.629032258064516,79.6676441837732,2.487096774193548,75.366568914956
23.965495895943604,85.5295947313286,-0.35833740234375,0.64813232421875,-0.560791015625,0.37017822265625,2.4290322580645163,73.60703812316717,2.6032258064516127,78.88563049853371,2.5161290322580645,76.24633431085044
23.985576533945277,85.5295947313286,-0.35833740234375,0.64813232421875,-0.560791015625,0.37017822265625,2.445161290322581,74.09579667644185,2.587096774193548,78.39687194525904,2.532258064516129,76.73509286412512
24.005637426977046,85.5295947313286,-0.35833740234375,0.64813232421875,-0.560791015625,0.37017822265625,2.435483870967742,73.80254154447702,2.6064516129032254,78.98338220918865,2.490322580645161,75.46432062561095
24.02573051303625,85.25485733666206,-0.3565673828125,0.64910888671875,-0.55999755859375,0.371337890625,2.425806451612903,73.50928641251222,2.593548387096774,78.59237536656892,2.525806451612903,76.53958944281524
24.04576913395431,85.25485733666206,-0.3565673828125,0.64910888671875,-0.55999755859375,0.371337890625,2.425806451612903,73.50928641251222,2.6096774193548384,79.0811339198436,2.5354838709677416,76.83284457478005
24.065843914984725,84.93839075186092,-0.35491943359375,0.6507568359375,-0.5584716796875,0.37237548828125,2.4290322580645163,73.60703812316717,2.6387096774193544,79.960899315738,2.487096774193548,75.366568914956
24.085944714024663,84.93839075186092,-0.35491943359375,0.6507568359375,-0.5584716796875,0.37237548828125,2.4483870967741934,74.19354838709677,2.62258064516129,79.47214076246333,2.519354838709677,76.34408602150538
24.106031078961678,84.93839075186092,-0.35491943359375,0.6507568359375,-0.5584716796875,0.37237548828125,2.42258064516129,73.41153470185728,2.6451612903225805,80.1564027370479,2.52258064516129,76.44183773216031
24.12606041994877,84.64256061454029,-0.35345458984375,0.6514892578125,-0.55743408203125,0.37408447265625,2.4193548387096775,73.31378299120234,2.625806451612903,79.56989247311827,2.551612903225806,77.32160312805473
24.146098976023495,84.64256061454029,-0.35345458984375,0.6514892578125,-0.55743408203125,0.37408447265625,2.435483870967742,73.80254154447702,2.6032258064516127,78.88563049853371,2.5387096774193547,76.93059628543499
24.16618716600351,84.32378764066623,-0.3521728515625,0.652099609375,-0.55609130859375,0.37615966796875,2.445161290322581,74.09579667644185,2.625806451612903,79.56989247311827,2.5161290322580645,76.24633431085044
24.186258460045792,84.32378764066623,-0.3521728515625,0.652099609375,-0.55609130859375,0.37615966796875,2.425806451612903,73.50928641251222,2.625806451612903,79.56989247311827,2.5129032258064514,76.1485826001955
24.20630079205148,84.32378764066623,-0.3521728515625,0.652099609375,-0.55609130859375,0.37615966796875,2.432258064516129,73.70478983382209,2.62258064516129,79.47214076246333,2.52258064516129,76.44183773216031
24.22641077497974,83.97108782683546,-0.35107421875,0.65283203125,-0.5543212890625,0.3785400390625,2.3967741935483873,72.6295210166178,2.6322580645161286,79.76539589442815,2.52258064516129,76.44183773216031
24.246477524051443,83.97108782683546,-0.35107421875,0.65283203125,-0.5543212890625,0.3785400390625,2.425806451612903,73.50928641251222,2.6064516129032254,78.98338220918865,2.532258064516129,76.73509286412512
24.26654798502568,83.98162479571715,-0.35186767578125,0.65069580078125,-0.55487060546875,0.380615234375,2.4419354838709677,73.9980449657869,2.6032258064516127,78.88563049853371,2.519354838709677,76.34408602150538
24.286588878021576,83.98162479571715,-0.35186767578125,0.65069580078125,-0.55487060546875,0.380615234375,2.425806451612903,73.50928641251222,2.654838709677419,80.4496578690127,2.490322580645161,75.46432062561095
24.306669611949474,83.98162479571715,-0.35186767578125,0.65069580078125,-0.55487060546875,0.380615234375,2.435483870967742,73.80254154447702,2.648387096774193,80.25415444770283,2.5129032258064514,76.1485826001955
24.326716745039448,84.27107132579603,-0.3551025390625,0.64703369140625,-0.55596923828125,0.38226318359375,2.4193548387096775,73.31378299120234,2.629032258064516,79.6676441837732,2.5032258064516126,75.8553274682307
24.346780934021808,84.27107132579603,-0.3551025390625,0.64703369140625,-0.55596923828125,0.38226318359375,2.370967741935484,71.8475073313783,2.6129032258064515,79.17888563049853,2.5161290322580645,76.24633431085044
24.366853890940547,84.91601363549182,-0.36175537109375,0.6427001953125,-0.5567626953125,0.38232421875,2.412903225806452,73.11827956989248,2.6387096774193544,79.960899315738,2.5064516129032257,75.95307917888563
24.38696505804546,84.91601363549182,-0.36175537109375,0.6427001953125,-0.5567626953125,0.38232421875,2.390322580645161,72.43401759530792,2.5774193548387094,78.10361681329422,2.525806451612903,76.53958944281524
24.407019775011577,84.91601363549182,-0.36175537109375,0.6427001953125,-0.5567626953125,0.38232421875,2.4064516129032256,72.9227761485826,2.6064516129032254,78.98338220918865,2.5483870967741935,77.2238514173998
24.427083611954004,86.2149093732618,-0.37200927734375,0.63714599609375,-0.55908203125,0.37823486328125,2.3967741935483873,72.6295210166178,2.6096774193548384,79.0811339198436,2.4806451612903224,75.17106549364614
24.447197019006126,86.2149093732618,-0.37200927734375,0.63714599609375,-0.55908203125,0.37823486328125,2.42258064516129,73.41153470185728,2.558064516129032,77.5171065493646,2.52258064516129,76.44183773216031
24.467249623965472,88.30807335357812,-0.38543701171875,0.62969970703125,-0.5645751953125,0.3690185546875,2.425806451612903,73.50928641251222,2.590322580645161,78.49462365591397,2.5032258064516126,75.8553274682307
24.487315285019577,88.30807335357812,-0.38543701171875,0.62969970703125,-0.5645751953125,0.3690185546875,2.4290322580645163,73.60703812316717,2.5483870967741935,77.2238514173998,2.5161290322580645,76.24633431085044
24.507405651034787,88.30807335357812,-0.38543701171875,0.62969970703125,-0.5645751953125,0.3690185546875,2.435483870967742,73.80254154447702,2.561290322580645,77.61485826001955,2.5129032258064514,76.1485826001955
24.527447598986328,90.97142238286455,-0.40057373046875,0.62103271484375,-0.572265625,0.35546875,2.458064516129032,74.48680351906158,2.5806451612903225,78.20136852394917,2.52258064516129,76.44183773216031
24.54750670096837,90.97142238286455,-0.40057373046875,0.62103271484375,-0.572265625,0.35546875,2.454838709677419,74.38905180840665,2.5806451612903225,78.20136852394917,2.487096774193548,75.366568914956
24.56758263404481,94.21878399218606,-0.417236328125,0.61138916015625,-0.58184814453125,0.3369140625,2.42258064516129,73.41153470185728,2.629032258064516,79.6676441837732,2.519354838709677,76.34408602150538
24.58762739901431,94.21878399218606,-0.417236328125,0.61138916015625,-0.58184814453125,0.3369140625,2.4612903225806453,74.58455522971653,2.5806451612903225,78.20136852394917,2.4806451612903224,75.17106549364614
24.607691779965535,94.21878399218606,-0.417236328125,0.61138916015625,-0.58184814453125,0.3369140625,2.4516129032258065,74.29130009775172,2.5806451612903225,78.20136852394917,2.52258064516129,76.44183773216031
24.627783233998343,97.89826286666637,-0.43585205078125,0.601806640625,-0.591064453125,0.31390380859375,2.454838709677419,74.38905180840665,2.6129032258064515,79.17888563049853,2.5354838709677416,76.83284457478005
24.647819614969194,97.89826286666637,-0.43585205078125,0.601806640625,-0.591064453125,0.31390380859375,2.4741935483870967,74.97556207233626,2.5774193548387094,78.10361681329422,2.525806451612903,76.53958944281524
24.667918493039906,102.19367416012668,-0.4566650390625,0.59228515625,-0.59991455078125,0.28424072265625,2.4774193548387093,75.07331378299119,2.629032258064516,79.6676441837732,2.4806451612903224,75.17106549364614
24.68795663304627,102.19367416012668,-0.4566650390625,0.59228515625,-0.59991455078125,0.28424072265625,2.4838709677419355,75.26881720430107,2.6032258064516127,78.88563049853371,2.496774193548387,75.65982404692082
24.708042870974168,102.19367416012668,-0.4566650390625,0.59228515625,-0.59991455078125,0.28424072265625,2.4838709677419355,75.26881720430107,2.6677419354838707,80.84066471163244,2.5032258064516126,75.8553274682307
24.728087699972093,106.34345114835098,-0.476318359375,0.583984375,-0.60638427734375,0.253662109375,2.5,75.75757575757575,2.6741935483870964,81.03616813294232,2.529032258064516,76.63734115347019
24.748181522008963,106.34345114835098,-0.476318359375,0.583984375,-0.60638427734375,0.253662109375,2.4774193548387093,75.07331378299119,2.6774193548387095,81.13391984359725,2.5129032258064514,76.1485826001955
24.768271791981533,110.31951339804164,-0.4947509765625,0.574951171875,-0.61181640625,0.2244873046875,2.525806451612903,76.53958944281524,2.687096774193548,81.42717497556205,2.5483870967741935,77.2238514173998
24.78831575694494,110.31951339804164,-0.4947509765625,0.574951171875,-0.61181640625,0.2244873046875,2.532258064516129,76.73509286412512,2.7290322580645157,82.69794721407624,2.551612903225806,77.32160312805473
24.80839908204507,110.31951339804164,-0.4947509765625,0.574951171875,-0.61181640625,0.2244873046875,2.564516129032258,77.71260997067448,2.7419354838709675,83.08895405669598,2.554838709677419,77.41935483870968
24.828455143026076,113.26890871181666,-0.50897216796875,0.56689453125,-0.6148681640625,0.20361328125,2.5419354838709673,77.02834799608992,2.7387096774193544,82.99120234604105,2.62258064516129,79.47214076246333
24.84853459696751,113.26890871181666,-0.50897216796875,0.56689453125,-0.6148681640625,0.20361328125,2.5419354838709673,77.02834799608992,2.761290322580645,83.67546432062561,2.5999999999999996,78.78787878787878
24.86866454803385,115.10863698125335,-0.5185546875,0.555908203125,-0.619384765625,0.19610595703125,2.5677419354838706,77.81036168132943,2.7774193548387096,84.1642228739003,2.5806451612903225,78.20136852394917
24.888683935976587,115.10863698125335,-0.5185546875,0.555908203125,-0.619384765625,0.19610595703125,2.5451612903225804,77.12609970674487,2.7548387096774194,83.47996089931574,2.629032258064516,79.6676441837732
24.90877164597623,115.10863698125335,-0.5185546875,0.555908203125,-0.619384765625,0.19610595703125,2.551612903225806,77.32160312805473,2.7806451612903227,84.26197458455523,2.5999999999999996,78.78787878787878
24.928827899042517,116.57555707050427,-0.5257568359375,0.5435791015625,-0.6251220703125,0.193115234375,2.561290322580645,77.61485826001955,2.7838709677419353,84.35972629521017,2.6064516129032254,78.98338220918865
24.94907561293803,116.57555707050427,-0.5257568359375,0.5435791015625,-0.6251220703125,0.193115234375,2.532258064516129,76.73509286412512,2.761290322580645,83.67546432062561,2.629032258064516,79.6676441837732
24.968963093939237,117.21938006837719,-0.532470703125,0.5347900390625,-0.62615966796875,0.19580078125,2.5354838709677416,76.83284457478005,2.774193548387097,84.06647116324537,2.62258064516129,79.47214076246333
24.98903426004108,117.21938006837719,-0.532470703125,0.5347900390625,-0.62615966796875,0.19580078125,2.5387096774193547,76.93059628543499,2.7548387096774194,83.47996089931574,2.6193548387096772,79.37438905180841
25.009095728979446,117.21938006837719,-0.532470703125,0.5347900390625,-0.62615966796875,0.19580078125,2.525806451612903,76.53958944281524,2.7870967741935484,84.4574780058651,2.6096774193548384,79.0811339198436
25.029163758968934,117.1977287221105,-0.53692626953125,0.52783203125,-0.62579345703125,0.20361328125,2.5387096774193547,76.93059628543499,2.7903225806451615,84.55522971652005,2.583870967741935,78.2991202346041
25.049228299991228,117.1977287221105,-0.53692626953125,0.52783203125,-0.62579345703125,0.20361328125,2.5806451612903225,78.20136852394917,2.835483870967742,85.92375366568915,2.616129032258064,79.27663734115346
25.069304105942138,116.84624693778531,-0.5391845703125,0.52203369140625,-0.62548828125,0.2135009765625,2.587096774193548,78.39687194525904,2.793548387096774,84.65298142717498,2.6387096774193544,79.960899315738
25.08939495193772,116.84624693778531,-0.5391845703125,0.52203369140625,-0.62548828125,0.2135009765625,2.593548387096774,78.59237536656892,2.7322580645161287,82.79569892473117,2.616129032258064,79.27663734115346
25.10944272496272,116.84624693778531,-0.5391845703125,0.52203369140625,-0.62548828125,0.2135009765625,2.5774193548387094,78.10361681329422,2.8225806451612905,85.53274682306942,2.6064516129032254,78.98338220918865
25.12950992200058,116.35445201136761,-0.5404052734375,0.517333984375,-0.62481689453125,0.2236328125,2.587096774193548,78.39687194525904,2.8161290322580643,85.33724340175954,2.616129032258064,79.27663734115346
25.149580160039477,116.35445201136761,-0.5404052734375,0.517333984375,-0.62481689453125,0.2236328125,2.590322580645161,78.49462365591397,2.7870967741935484,84.4574780058651,2.5774193548387094,78.10361681329422
25.169635068974458,116.00755899095111,-0.5416259765625,0.5126953125,-0.62445068359375,0.2320556640625,2.596774193548387,78.69012707722385,2.7870967741935484,84.4574780058651,2.6419354838709674,80.05865102639295
25.189740795991383,116.00755899095111,-0.5416259765625,0.5126953125,-0.62445068359375,0.2320556640625,2.5774193548387094,78.10361681329422,2.7774193548387096,84.1642228739003,2.590322580645161,78.49462365591397
25.20983896998223,116.00755899095111,-0.5416259765625,0.5126953125,-0.62445068359375,0.2320556640625,2.525806451612903,76.53958944281524,2.7870967741935484,84.4574780058651,2.5774193548387094,78.10361681329422
25.22988869494293,115.79846124253102,-0.542724609375,0.509033203125,-0.62420654296875,0.238037109375,2.5387096774193547,76.93059628543499,2.796774193548387,84.75073313782991,2.590322580645161,78.49462365591397
25.2499673810089,115.79846124253102,-0.542724609375,0.509033203125,-0.62420654296875,0.238037109375,2.5741935483870964,78.00586510263928,2.8096774193548386,85.14173998044966,2.62258064516129,79.47214076246333
25.27001537801698,115.60201674290546,-0.54345703125,0.5067138671875,-0.62371826171875,0.2425537109375,2.5387096774193547,76.93059628543499,2.8096774193548386,85.14173998044966,2.629032258064516,79.6676441837732
25.290037997998297,115.60201674290546,-0.54345703125,0.5067138671875,-0.62371826171875,0.2425537109375,2.5774193548387094,78.10361681329422,2.796774193548387,84.75073313782991,2.590322580645161,78.49462365591397
25.310131147969514,115.60201674290546,-0.54345703125,0.5067138671875,-0.62371826171875,0.2425537109375,2.587096774193548,78.39687194525904,2.7322580645161287,82.79569892473117,2.625806451612903,79.56989247311827
25.33015994494781,115.44118605376751,-0.54376220703125,0.50469970703125,-0.62359619140625,0.24627685546875,2.5806451612903225,78.20136852394917,2.806451612903226,85.04398826979474,2.6032258064516127,78.88563049853371
25.350219717947766,115.44118605376751,-0.54376220703125,0.50469970703125,-0.62359619140625,0.24627685546875,2.616129032258064,79.27663734115346,2.770967741935484,83.96871945259042,2.6419354838709674,80.05865102639295
25.370277379988693,115.3017227650637,-0.54425048828125,0.502197265625,-0.6236572265625,0.2503662109375,2.583870967741935,78.2991202346041,2.825806451612903,85.63049853372434,2.6193548387096772,79.37438905180841
25.39038995397277,115.3017227650637,-0.54425048828125,0.502197265625,-0.6236572265625,0.2503662109375,2.5774193548387094,78.10361681329422,2.793548387096774,84.65298142717498,2.6354838709677417,79.86314760508309
25.41043884702958,115.3017227650637,-0.54425048828125,0.502197265625,-0.6236572265625,0.2503662109375,2.6032258064516127,78.88563049853371,2.8096774193548386,85.14173998044966,2.6064516129032254,78.98338220918865
25.43049878103193,115.231108911063,-0.54510498046875,0.49981689453125,-0.62347412109375,0.2535400390625,2.5806451612903225,78.20136852394917,2.8129032258064517,85.23949169110459,2.62258064516129,79.47214076246333
25.450544985942543,115.231108911063,-0.54510498046875,0.49981689453125,-0.62347412109375,0.2535400390625,2.587096774193548,78.39687194525904,2.8,84.84848484848484,2.6193548387096772,79.37438905180841
25.470615671016276,115.25725264684462,-0.5465087890625,0.49749755859375,-0.62322998046875,0.25579833984375,2.525806451612903,76.53958944281524,2.793548387096774,84.65298142717498,2.6193548387096772,79.37438905180841
25.490681492956355,115.25725264684462,-0.5465087890625,0.49749755859375,-0.62322998046875,0.25579833984375,2.590322580645161,78.49462365591397,2.803225806451613,84.94623655913979,2.6419354838709674,80.05865102639295
25.510794483008794,115.25725264684462,-0.5465087890625,0.49749755859375,-0.62322998046875,0.25579833984375,2.62258064516129,79.47214076246333,2.861290322580645,86.70576735092864,2.6193548387096772,79.37438905180841
25.530817167949863,115.50012992580447,-0.54852294921875,0.49462890625,-0.62353515625,0.25628662109375,2.5806451612903225,78.20136852394917,2.793548387096774,84.65298142717498,2.583870967741935,78.2991202346041
25.550920333946124,115.50012992580447,-0.54852294921875,0.49462890625,-0.62353515625,0.25628662109375,2.629032258064516,79.6676441837732,2.7870967741935484,84.4574780058651,2.625806451612903,79.56989247311827
25.570962378988042,116.21684984842204,-0.55291748046875,0.49127197265625,-0.62384033203125,0.25250244140625,2.5806451612903225,78.20136852394917,2.8096774193548386,85.14173998044966,2.6419354838709674,80.05865102639295
25.591026281006634,116.21684984842204,-0.55291748046875,0.49127197265625,-0.62384033203125,0.25250244140625,2.6032258064516127,78.88563049853371,2.770967741935484,83.96871945259042,2.6129032258064515,79.17888563049853
25.611098213936202,116.21684984842204,-0.55291748046875,0.49127197265625,-0.62384033203125,0.25250244140625,2.6096774193548384,79.0811339198436,2.8,84.84848484848484,2.6032258064516127,78.88563049853371
25.63116250000894,117.47054969699523,-0.5594482421875,0.486572265625,-0.6248779296875,0.24444580078125,2.583870967741935,78.2991202346041,2.7870967741935484,84.4574780058651,2.6129032258064515,79.17888563049853
25.651237249025144,117.47054969699523,-0.5594482421875,0.486572265625,-0.6248779296875,0.24444580078125,2.5806451612903225,78.20136852394917,2.7806451612903227,84.26197458455523,2.6064516129032254,78.98338220918865
25.671305918949656,119.18325053929522,-0.56671142578125,0.48089599609375,-0.62738037109375,0.23236083984375,2.525806451612903,76.53958944281524,2.7774193548387096,84.1642228739003,2.6096774193548384,79.0811339198436
25.691372412024066,119.18325053929522,-0.56671142578125,0.48089599609375,-0.62738037109375,0.23236083984375,2.583870967741935,78.2991202346041,2.7838709677419353,84.35972629521017,2.629032258064516,79.6676441837732
25.711461115046404,119.18325053929522,-0.56671142578125,0.48089599609375,-0.62738037109375,0.23236083984375,2.596774193548387,78.69012707722385,2.7838709677419353,84.35972629521017,2.6096774193548384,79.0811339198436
25.73154245596379,121.30474039047557,-0.5738525390625,0.47381591796875,-0.63177490234375,0.21685791015625,2.6032258064516127,78.88563049853371,2.770967741935484,83.96871945259042,2.629032258064516,79.6676441837732
25.75159022898879,121.30474039047557,-0.5738525390625,0.47381591796875,-0.63177490234375,0.21685791015625,2.5806451612903225,78.20136852394917,2.8129032258064517,85.23949169110459,2.6032258064516127,78.88563049853371
25.771631825948134,123.81870907430803,-0.58135986328125,0.46746826171875,-0.63641357421875,0.1961669921875,2.532258064516129,76.73509286412512,2.829032258064516,85.72825024437928,2.629032258064516,79.6676441837732
25.791716943960637,123.81870907430803,-0.58135986328125,0.46746826171875,-0.63641357421875,0.1961669921875,2.5354838709677416,76.83284457478005,2.8741935483870966,87.09677419354838,2.625806451612903,79.56989247311827
25.811755820992403,123.81870907430803,-0.58135986328125,0.46746826171875,-0.63641357421875,0.1961669921875,2.532258064516129,76.73509286412512,2.870967741935484,86.99902248289347,2.5774193548387094,78.10361681329422
25.831856203032658,126.54459647640348,-0.588134765625,0.46173095703125,-0.64129638671875,0.17205810546875,2.4774193548387093,75.07331378299119,2.8419354838709676,86.11925708699903,2.6354838709677417,79.86314760508309
25.85194154502824,126.54459647640348,-0.588134765625,0.46173095703125,-0.64129638671875,0.17205810546875,2.467741935483871,74.7800586510264,2.8741935483870966,87.09677419354838,2.616129032258064,79.27663734115346
25.872031079954468,129.25650802127288,-0.5931396484375,0.45697021484375,-0.64642333984375,0.14666748046875,2.4806451612903224,75.17106549364614,2.829032258064516,85.72825024437928,2.629032258064516,79.6676441837732
25.892135109985247,129.25650802127288,-0.5931396484375,0.45697021484375,-0.64642333984375,0.14666748046875,2.4806451612903224,75.17106549364614,2.896774193548387,87.78103616813294,2.6354838709677417,79.86314760508309
25.912256228970364,129.25650802127288,-0.5931396484375,0.45697021484375,-0.64642333984375,0.14666748046875,2.4741935483870967,74.97556207233626,2.8838709677419354,87.3900293255132,2.6032258064516127,78.88563049853371
25.932293090038,131.67529631740848,-0.59539794921875,0.4530029296875,-0.65203857421875,0.12310791015625,2.5,75.75757575757575,2.864516129032258,86.80351906158357,2.648387096774193,80.25415444770283
25.95245053002145,131.67529631740848,-0.59539794921875,0.4530029296875,-0.65203857421875,0.12310791015625,2.4193548387096775,73.31378299120234,2.8870967741935485,87.48778103616814,2.6322580645161286,79.76539589442815
25.97248755104374,133.90362884606282,-0.59552001953125,0.44830322265625,-0.6588134765625,0.10174560546875,2.4774193548387093,75.07331378299119,2.8870967741935485,87.48778103616814,2.654838709677419,80.4496578690127
25.992531580035575,133.90362884606282,-0.59552001953125,0.44830322265625,-0.6588134765625,0.10174560546875,2.487096774193548,75.366568914956,2.893548387096774,87.68328445747801,2.629032258064516,79.6676441837732
26.012610042002052,133.90362884606282,-0.59552001953125,0.44830322265625,-0.6588134765625,0.10174560546875,2.5,75.75757575757575,2.9129032258064513,88.26979472140762,2.654838709677419,80.4496578690127
26.032715799985453,136.10972114554954,-0.59527587890625,0.44091796875,-0.6666259765625,0.082763671875,2.4806451612903224,75.17106549364614,2.8806451612903223,87.29227761485826,2.654838709677419,80.4496578690127
26.05278005404398,136.10972114554954,-0.59527587890625,0.44091796875,-0.6666259765625,0.082763671875,2.496774193548387,75.65982404692082,2.9064516129032256,88.07429130009776,2.6322580645161286,79.76539589442815
26.07286011602264,137.68102724164515,-0.59442138671875,0.4378662109375,-0.671142578125,0.0667724609375,2.4774193548387093,75.07331378299119,2.925806451612903,88.66080156402737,2.6451612903225805,80.1564027370479
26.09296469099354,137.68102724164515,-0.59442138671875,0.4378662109375,-0.671142578125,0.0667724609375,2.4774193548387093,75.07331378299119,2.9,87.87878787878788,2.6419354838709674,80.05865102639295
26.11302865599282,137.68102724164515,-0.59442138671875,0.4378662109375,-0.671142578125,0.0667724609375,2.5096774193548383,76.05083088954055,2.9096774193548387,88.17204301075269,2.680645161290322,81.23167155425219
26.133109741960652,138.55230956957263,-0.59210205078125,0.4376220703125,-0.67437744140625,0.0560302734375,2.5129032258064514,76.1485826001955,2.890322580645161,87.58553274682306,2.6677419354838707,80.84066471163244
26.153225420974195,138.55230956957263,-0.59210205078125,0.4376220703125,-0.67437744140625,0.0560302734375,2.525806451612903,76.53958944281524,2.893548387096774,87.68328445747801,2.6419354838709674,80.05865102639295
26.17322170501575,139.08219116469647,-0.5894775390625,0.43798828125,-0.677001953125,0.04852294921875,2.5774193548387094,78.10361681329422,2.9096774193548387,88.17204301075269,2.6774193548387095,81.13391984359725
26.19331527198665,139.08219116469647,-0.5894775390625,0.43798828125,-0.677001953125,0.04852294921875,2.529032258064516,76.63734115347019,2.9129032258064513,88.26979472140762,2.6741935483870964,81.03616813294232
26.213382660993375,139.08219116469647,-0.5894775390625,0.43798828125,-0.677001953125,0.04852294921875,2.5709677419354837,77.90811339198436,2.9096774193548387,88.17204301075269,2.6645161290322577,80.74291300097751
26.233473635977134,139.27247363274074,-0.5863037109375,0.4393310546875,-0.67919921875,0.0439453125,2.5,75.75757575757575,2.9161290322580644,88.36754643206255,2.6741935483870964,81.03616813294232
26.253541824989952,139.27247363274074,-0.5863037109375,0.4393310546875,-0.67919921875,0.0439453125,2.5483870967741935,77.2238514173998,2.929032258064516,88.7585532746823,2.6419354838709674,80.05865102639295
26.273622303968295,139.19055175496104,-0.58392333984375,0.4410400390625,-0.68023681640625,0.04254150390625,2.532258064516129,76.73509286412512,2.903225806451613,87.97653958944282,2.6645161290322577,80.74291300097751
26.293691772967577,139.19055175496104,-0.58392333984375,0.4410400390625,-0.68023681640625,0.04254150390625,2.525806451612903,76.53958944281524,2.9096774193548387,88.17204301075269,2.6677419354838707,80.84066471163244
26.313786171958782,139.19055175496104,-0.58392333984375,0.4410400390625,-0.68023681640625,0.04254150390625,2.554838709677419,77.41935483870968,2.9096774193548387,88.17204301075269,2.680645161290322,81.23167155425219
26.33388613804709,138.97918042265724,-0.58203125,0.44268798828125,-0.68072509765625,0.0428466796875,2.564516129032258,77.71260997067448,2.896774193548387,87.78103616813294,2.6677419354838707,80.84066471163244
26.35395384801086,138.97918042265724,-0.58203125,0.44268798828125,-0.68072509765625,0.0428466796875,2.551612903225806,77.32160312805473,2.8870967741935485,87.48778103616814,2.648387096774193,80.25415444770283
26.374058454995975,138.77910517218717,-0.580322265625,0.443603515625,-0.6815185546875,0.04376220703125,2.629032258064516,79.6676441837732,2.896774193548387,87.78103616813294,2.654838709677419,80.4496578690127
26.3941153800115,138.77910517218717,-0.580322265625,0.443603515625,-0.6815185546875,0.04376220703125,2.5741935483870964,78.00586510263928,2.8870967741935485,87.48778103616814,2.6451612903225805,80.1564027370479
26.414188210037537,138.77910517218717,-0.580322265625,0.443603515625,-0.6815185546875,0.04376220703125,2.551612903225806,77.32160312805473,2.890322580645161,87.58553274682306,2.648387096774193,80.25415444770283
26.434303184971213,138.54475763315344,-0.5789794921875,0.44451904296875,-0.6820068359375,0.0452880859375,2.5387096774193547,76.93059628543499,2.9064516129032256,88.07429130009776,2.629032258064516,79.6676441837732
26.454378735041246,138.54475763315344,-0.5789794921875,0.44451904296875,-0.6820068359375,0.0452880859375,2.5741935483870964,78.00586510263928,2.890322580645161,87.58553274682306,2.654838709677419,80.4496578690127
26.474411627976224,138.4074257844177,-0.57855224609375,0.444091796875,-0.68255615234375,0.04718017578125,2.554838709677419,77.41935483870968,2.9096774193548387,88.17204301075269,2.6451612903225805,80.1564027370479
26.49451767397113,138.4074257844177,-0.57855224609375,0.444091796875,-0.68255615234375,0.04718017578125,2.519354838709677,76.34408602150538,2.903225806451613,87.97653958944282,2.616129032258064,79.27663734115346
26.514623912982643,138.4074257844177,-0.57855224609375,0.444091796875,-0.68255615234375,0.04718017578125,2.551612903225806,77.32160312805473,2.896774193548387,87.78103616813294,2.6677419354838707,80.84066471163244
26.534708646941,138.26734375616465,-0.57843017578125,0.44317626953125,-0.68304443359375,0.049560546875,2.554838709677419,77.41935483870968,2.8870967741935485,87.48778103616814,2.590322580645161,78.49462365591397
26.554782596998848,138.26734375616465,-0.57843017578125,0.44317626953125,-0.68304443359375,0.049560546875,2.558064516129032,77.5171065493646,2.8516129032258064,86.41251221896383,2.6451612903225805,80.1564027370479
26.574851650977507,138.12889626428947,-0.578369140625,0.44293212890625,-0.68310546875,0.0513916015625,2.561290322580645,77.61485826001955,2.8483870967741933,86.3147605083089,2.629032258064516,79.6676441837732
26.594919648952782,138.12889626428947,-0.578369140625,0.44293212890625,-0.68310546875,0.0513916015625,2.5419354838709673,77.02834799608992,2.8483870967741933,86.3147605083089,2.6354838709677417,79.86314760508309
26.614985374035314,138.12889626428947,-0.578369140625,0.44293212890625,-0.68310546875,0.0513916015625,2.554838709677419,77.41935483870968,2.8838709677419354,87.3900293255132,2.6322580645161286,79.76539589442815
26.635062907938845,137.9519460224709,-0.57861328125,0.4432373046875,-0.68255615234375,0.0533447265625,2.4741935483870967,74.97556207233626,2.8774193548387097,87.19452590420332,2.6419354838709674,80.05865102639295
26.65512165799737,137.9519460224709,-0.57861328125,0.4432373046875,-0.68255615234375,0.0533447265625,2.554838709677419,77.41935483870968,2.864516129032258,86.80351906158357,2.648387096774193,80.25415444770283
26.675180598977022,137.757111197053,-0.57916259765625,0.44378662109375,-0.68157958984375,0.055419921875,2.5451612903225804,77.12609970674487,2.9129032258064513,88.26979472140762,2.625806451612903,79.56989247311827
26.695247445022687,137.757111197053,-0.57916259765625,0.44378662109375,-0.68157958984375,0.055419921875,2.519354838709677,76.34408602150538,2.893548387096774,87.68328445747801,2.6032258064516127,78.88563049853371
26.715310193947516,137.757111197053,-0.57916259765625,0.44378662109375,-0.68157958984375,0.055419921875,2.561290322580645,77.61485826001955,2.8806451612903223,87.29227761485826,2.6354838709677417,79.86314760508309
26.735391248948872,137.4951208746366,-0.57989501953125,0.4443359375,-0.68035888671875,0.058349609375,2.554838709677419,77.41935483870968,2.8483870967741933,86.3147605083089,2.62258064516129,79.47214076246333
26.755452653975226,137.4951208746366,-0.57989501953125,0.4443359375,-0.68035888671875,0.058349609375,2.532258064516129,76.73509286412512,2.864516129032258,86.80351906158357,2.680645161290322,81.23167155425219
26.77549300296232,137.12339976884724,-0.58087158203125,0.44537353515625,-0.67852783203125,0.062255859375,2.558064516129032,77.5171065493646,2.835483870967742,85.92375366568915,2.616129032258064,79.27663734115346
26.795621130033396,137.12339976884724,-0.58087158203125,0.44537353515625,-0.67852783203125,0.062255859375,2.529032258064516,76.63734115347019,2.8774193548387097,87.19452590420332,2.654838709677419,80.4496578690127
26.815652230987325,137.12339976884724,-0.58087158203125,0.44537353515625,-0.67852783203125,0.062255859375,2.558064516129032,77.5171065493646,2.8483870967741933,86.3147605083089,2.6322580645161286,79.76539589442815
26.835737796965986,136.5901802889135,-0.5816650390625,0.44708251953125,-0.67620849609375,0.06732177734375,2.5709677419354837,77.90811339198436,2.835483870967742,85.92375366568915,2.6354838709677417,79.86314760508309
26.855814659036696,136.5901802889135,-0.5816650390625,0.44708251953125,-0.67620849609375,0.06732177734375,2.519354838709677,76.34408602150538,2.8870967741935485,87.48778103616814,2.593548387096774,78.59237536656892
26.875871840980835,135.76522325978735,-0.58258056640625,0.44921875,-0.673095703125,0.075439453125,2.564516129032258,77.71260997067448,2.838709677419355,86.0215053763441,2.6032258064516127,78.88563049853371
26.895949375000782,135.76522325978735,-0.58258056640625,0.44921875,-0.673095703125,0.075439453125,2.554838709677419,77.41935483870968,2.8870967741935485,87.48778103616814,2.6741935483870964,81.03616813294232
26.916062142001465,135.76522325978735,-0.58258056640625,0.44921875,-0.673095703125,0.075439453125,2.5774193548387094,78.10361681329422,2.8419354838709676,86.11925708699903,2.6354838709677417,79.86314760508309
26.93609045795165,134.6975780015768,-0.5828857421875,0.4525146484375,-0.66949462890625,0.085205078125,2.561290322580645,77.61485826001955,2.8870967741935485,87.48778103616814,2.6064516129032254,78.98338220918865
26.956157400039956,134.6975780015768,-0.5828857421875,0.4525146484375,-0.66949462890625,0.085205078125,2.52258064516129,76.44183773216031,2.8548387096774195,86.51026392961879,2.629032258064516,79.6676441837732
26.976228181971237,133.36204745694002,-0.5833740234375,0.4560546875,-0.6649169921875,0.0977783203125,2.564516129032258,77.71260997067448,2.8096774193548386,85.14173998044966,2.593548387096774,78.59237536656892
26.996295604039915,133.36204745694002,-0.5833740234375,0.4560546875,-0.6649169921875,0.0977783203125,2.554838709677419,77.41935483870968,2.7838709677419353,84.35972629521017,2.5677419354838706,77.81036168132943
27.016401267028414,133.36204745694002,-0.5833740234375,0.4560546875,-0.6649169921875,0.0977783203125,2.5741935483870964,78.00586510263928,2.838709677419355,86.0215053763441,2.616129032258064,79.27663734115346
27.036443248041905,131.3292142306935,-0.5836181640625,0.45916748046875,-0.65911865234375,0.11865234375,2.5483870967741935,77.2238514173998,2.8548387096774195,86.51026392961879,2.596774193548387,78.69012707722385
27.05645678099245,131.3292142306935,-0.5836181640625,0.45916748046875,-0.65911865234375,0.11865234375,2.551612903225806,77.32160312805473,2.8806451612903223,87.29227761485826,2.5806451612903225,78.20136852394917
27.07650605798699,129.22001837471447,-0.58203125,0.46435546875,-0.65313720703125,0.1378173828125,2.5096774193548383,76.05083088954055,2.8193548387096774,85.43499511241447,2.5741935483870964,78.00586510263928
27.096587016945705,129.22001837471447,-0.58203125,0.46435546875,-0.65313720703125,0.1378173828125,2.490322580645161,75.46432062561095,2.829032258064516,85.72825024437928,2.564516129032258,77.71260997067448
27.11667805502657,129.22001837471447,-0.58203125,0.46435546875,-0.65313720703125,0.1378173828125,2.490322580645161,75.46432062561095,2.7322580645161287,82.79569892473117,2.5451612903225804,77.12609970674487
27.136733988998458,126.30845536812824,-0.58038330078125,0.4678955078125,-0.6451416015625,0.16748046875,2.5,75.75757575757575,2.7483870967741932,83.28445747800586,2.532258064516129,76.73509286412512
27.156795394956134,126.30845536812824,-0.58038330078125,0.4678955078125,-0.6451416015625,0.16748046875,2.454838709677419,74.38905180840665,2.835483870967742,85.92375366568915,2.525806451612903,76.53958944281524
27.1768652809551,122.96919847760591,-0.57440185546875,0.4725341796875,-0.637939453125,0.19964599609375,2.425806451612903,73.50928641251222,2.7806451612903227,84.26197458455523,2.4806451612903224,75.17106549364614
27.19696070300415,122.96919847760591,-0.57440185546875,0.4725341796875,-0.637939453125,0.19964599609375,2.4387096774193546,73.90029325513197,2.7580645161290325,83.57771260997069,2.490322580645161,75.46432062561095
27.217347717029043,119.90466103450647,-0.56707763671875,0.47509765625,-0.63226318359375,0.22998046875,2.4419354838709677,73.9980449657869,2.680645161290322,81.23167155425219,2.4774193548387093,75.07331378299119
27.237392546026967,119.90466103450647,-0.56707763671875,0.47509765625,-0.63226318359375,0.22998046875,2.425806451612903,73.50928641251222,2.7032258064516124,81.91593352883673,2.464516129032258,74.68230694037146
27.257459135958925,119.90466103450647,-0.56707763671875,0.47509765625,-0.63226318359375,0.22998046875,2.4193548387096775,73.31378299120234,2.719354838709677,82.40469208211142,2.4612903225806453,74.58455522971653
27.277524766046554,116.23318457203504,-0.55792236328125,0.4774169921875,-0.624267578125,0.2666015625,2.412903225806452,73.11827956989248,2.770967741935484,83.96871945259042,2.4516129032258065,74.29130009775172
27.297607101034373,116.23318457203504,-0.55792236328125,0.4774169921875,-0.624267578125,0.2666015625,2.435483870967742,73.80254154447702,2.719354838709677,82.40469208211142,2.467741935483871,74.7800586510264
27.31770607503131,112.80037204074388,-0.54534912109375,0.4827880859375,-0.61773681640625,0.29644775390625,2.4,72.72727272727273,2.74516129032258,83.18670576735092,2.4290322580645163,73.60703812316717
27.337741944007576,112.80037204074388,-0.54534912109375,0.4827880859375,-0.61773681640625,0.29644775390625,2.4,72.72727272727273,2.74516129032258,83.18670576735092,2.42258064516129,73.41153470185728
27.357818710035644,112.80037204074388,-0.54534912109375,0.4827880859375,-0.61773681640625,0.29644775390625,2.4419354838709677,73.9980449657869,2.7838709677419353,84.35972629521017,2.4516129032258065,74.29130009775172
27.37790840503294,109.88353538907634,-0.534423828125,0.48675537109375,-0.61138916015625,0.3218994140625,2.412903225806452,73.11827956989248,2.72258064516129,82.50244379276637,2.454838709677419,74.38905180840665
27.39795230596792,109.88353538907634,-0.534423828125,0.48675537109375,-0.61138916015625,0.3218994140625,2.4096774193548387,73.02052785923753,2.7290322580645157,82.69794721407624,2.42258064516129,73.41153470185728
27.41802625602577,106.88096891774546,-0.52374267578125,0.4947509765625,-0.6021728515625,0.343994140625,2.393548387096774,72.53176930596285,2.680645161290322,81.23167155425219,2.4387096774193546,73.90029325513197
27.438140686950646,106.88096891774546,-0.52374267578125,0.4947509765625,-0.6021728515625,0.343994140625,2.3967741935483873,72.6295210166178,2.7483870967741932,83.28445747800586,2.432258064516129,73.70478983382209
27.45818206097465,106.88096891774546,-0.52374267578125,0.4947509765625,-0.6021728515625,0.343994140625,2.4064516129032256,72.9227761485826,2.7548387096774194,83.47996089931574,2.4483870967741934,74.19354838709677
27.478249675012194,104.6085225743964,-0.51397705078125,0.5015869140625,-0.595947265625,0.3592529296875,2.4,72.72727272727273,2.74516129032258,83.18670576735092,2.3967741935483873,72.6295210166178
27.498311751987785,104.6085225743964,-0.51397705078125,0.5015869140625,-0.595947265625,0.3592529296875,2.3838709677419354,72.23851417399804,2.725806451612903,82.6001955034213,2.42258064516129,73.41153470185728
27.518409671029076,102.70212712192125,-0.50677490234375,0.50732421875,-0.58941650390625,0.3720703125,2.3967741935483873,72.6295210166178,2.72258064516129,82.50244379276637,2.4741935483870967,74.97556207233626
27.538447747938335,102.70212712192125,-0.50677490234375,0.50732421875,-0.58941650390625,0.3720703125,2.4161290322580644,73.21603128054741,2.7161290322580642,82.30694037145649,2.467741935483871,74.7800586510264
27.558536994969472,102.70212712192125,-0.50677490234375,0.50732421875,-0.58941650390625,0.3720703125,2.425806451612903,73.50928641251222,2.7838709677419353,84.35972629521017,2.458064516129032,74.48680351906158
27.578582591959275,101.30248907700765,-0.50006103515625,0.51104736328125,-0.5858154296875,0.3814697265625,2.4387096774193546,73.90029325513197,2.725806451612903,82.6001955034213,2.4612903225806453,74.58455522971653
27.598652509972453,101.30248907700765,-0.50006103515625,0.51104736328125,-0.5858154296875,0.3814697265625,2.4387096774193546,73.90029325513197,2.6838709677419352,81.32942326490713,2.4741935483870967,74.97556207233626
27.618721371982247,100.53154475700262,-0.49639892578125,0.5133056640625,-0.583740234375,0.386474609375,2.425806451612903,73.50928641251222,2.7032258064516124,81.91593352883673,2.467741935483871,74.7800586510264
27.638786265975796,100.53154475700262,-0.49639892578125,0.5133056640625,-0.583740234375,0.386474609375,2.4516129032258065,74.29130009775172,2.7322580645161287,82.79569892473117,2.467741935483871,74.7800586510264
27.658879991970025,100.53154475700262,-0.49639892578125,0.5133056640625,-0.583740234375,0.386474609375,2.4161290322580644,73.21603128054741,2.7032258064516124,81.91593352883673,2.4741935483870967,74.97556207233626
27.678921430022456,99.99745558088172,-0.49505615234375,0.51629638671875,-0.58074951171875,0.38873291015625,2.4612903225806453,74.58455522971653,2.7032258064516124,81.91593352883673,2.4838709677419355,75.26881720430107
27.698990867938846,99.99745558088172,-0.49505615234375,0.51629638671875,-0.58074951171875,0.38873291015625,2.425806451612903,73.50928641251222,2.7096774193548385,82.11143695014663,2.467741935483871,74.7800586510264
27.71909169794526,99.85266486852676,-0.49432373046875,0.5169677734375,-0.580322265625,0.389404296875,2.425806451612903,73.50928641251222,2.687096774193548,81.42717497556205,2.5032258064516126,75.8553274682307
27.739147312007844,99.85266486852676,-0.49432373046875,0.5169677734375,-0.580322265625,0.389404296875,2.4483870967741934,74.19354838709677,2.693548387096774,81.62267839687193,2.487096774193548,75.366568914956
27.7591936129611,99.85266486852676,-0.49432373046875,0.5169677734375,-0.580322265625,0.389404296875,2.4612903225806453,74.58455522971653,2.7322580645161287,82.79569892473117,2.4774193548387093,75.07331378299119
27.77926292293705,99.95261675045913,-0.4945068359375,0.51678466796875,-0.58087158203125,0.38861083984375,2.4612903225806453,74.58455522971653,2.7096774193548385,82.11143695014663,2.5129032258064514,76.1485826001955
27.799334537005052,99.95261675045913,-0.4945068359375,0.51678466796875,-0.58087158203125,0.38861083984375,2.4516129032258065,74.29130009775172,2.74516129032258,83.18670576735092,2.4774193548387093,75.07331378299119
27.819424967980012,100.13569318617357,-0.49530029296875,0.51715087890625,-0.58123779296875,0.38653564453125,2.4741935483870967,74.97556207233626,2.712903225806451,82.20918866080156,2.4741935483870967,74.97556207233626
27.839484262047336,100.13569318617357,-0.49530029296875,0.51715087890625,-0.58123779296875,0.38653564453125,2.458064516129032,74.48680351906158,2.7064516129032254,82.01368523949168,2.5032258064516126,75.8553274682307
27.859571843990125,100.13569318617357,-0.49530029296875,0.51715087890625,-0.58123779296875,0.38653564453125,2.4709677419354836,74.87781036168133,2.74516129032258,83.18670576735092,2.4774193548387093,75.07331378299119
27.879614048986696,100.32220059074632,-0.49566650390625,0.51751708984375,-0.58203125,0.38433837890625,2.467741935483871,74.7800586510264,2.7096774193548385,82.11143695014663,2.493548387096774,75.56207233626587
27.89965833502356,100.32220059074632,-0.49566650390625,0.51751708984375,-0.58203125,0.38433837890625,2.4741935483870967,74.97556207233626,2.680645161290322,81.23167155425219,2.5,75.75757575757575
27.919754141010344,100.44130009655997,-0.49560546875,0.51776123046875,-0.58282470703125,0.38287353515625,2.4741935483870967,74.97556207233626,2.7096774193548385,82.11143695014663,2.487096774193548,75.366568914956
27.939814651035704,100.44130009655997,-0.49560546875,0.51776123046875,-0.58282470703125,0.38287353515625,2.4741935483870967,74.97556207233626,2.680645161290322,81.23167155425219,2.5096774193548383,76.05083088954055
27.960066142026335,100.44130009655997,-0.49560546875,0.51776123046875,-0.58282470703125,0.38287353515625,2.464516129032258,74.68230694037146,2.7322580645161287,82.79569892473117,2.490322580645161,75.46432062561095
27.980120443971828,100.48850018443864,-0.49530029296875,0.5181884765625,-0.5833740234375,0.3819580078125,2.4741935483870967,74.97556207233626,2.680645161290322,81.23167155425219,2.5129032258064514,76.1485826001955
28.00041964801494,100.48850018443864,-0.49530029296875,0.5181884765625,-0.5833740234375,0.3819580078125,2.454838709677419,74.38905180840665,2.7096774193548385,82.11143695014663,2.5064516129032257,75.95307917888563
28.0202732400503,100.43580779883843,-0.4942626953125,0.5189208984375,-0.58380126953125,0.38153076171875,2.5129032258064514,76.1485826001955,2.687096774193548,81.42717497556205,2.5096774193548383,76.05083088954055
28.040334869991057,100.43580779883843,-0.4942626953125,0.5189208984375,-0.58380126953125,0.38153076171875,2.445161290322581,74.09579667644185,2.770967741935484,83.96871945259042,2.5032258064516126,75.8553274682307
28.060448852949776,100.43580779883843,-0.4942626953125,0.5189208984375,-0.58380126953125,0.38153076171875,2.435483870967742,73.80254154447702,2.7064516129032254,82.01368523949168,2.52258064516129,76.44183773216031
28.080600693938322,100.21945759961227,-0.4931640625,0.52032470703125,-0.5831298828125,0.3822021484375,2.467741935483871,74.7800586510264,2.687096774193548,81.42717497556205,2.490322580645161,75.46432062561095
28.100628338987008,100.21945759961227,-0.4931640625,0.52032470703125,-0.5831298828125,0.3822021484375,2.4741935483870967,74.97556207233626,2.7064516129032254,82.01368523949168,2.4806451612903224,75.17106549364614
28.12068440101575,99.77549030211048,-0.49066162109375,0.52215576171875,-0.58209228515625,0.3843994140625,2.4612903225806453,74.58455522971653,2.712903225806451,82.20918866080156,2.467741935483871,74.7800586510264
28.140719469985925,99.77549030211048,-0.49066162109375,0.52215576171875,-0.58209228515625,0.3843994140625,2.4483870967741934,74.19354838709677,2.6999999999999997,81.81818181818181,2.4612903225806453,74.58455522971653
28.160803340026177,99.77549030211048,-0.49066162109375,0.52215576171875,-0.58209228515625,0.3843994140625,2.4612903225806453,74.58455522971653,2.7064516129032254,82.01368523949168,2.4516129032258065,74.29130009775172
28.180867369985208,99.02514955629668,-0.4873046875,0.52520751953125,-0.57952880859375,0.38836669921875,2.4741935483870967,74.97556207233626,2.658064516129032,80.54740957966764,2.4612903225806453,74.58455522971653
28.200914983986877,99.02514955629668,-0.4873046875,0.52520751953125,-0.57952880859375,0.38836669921875,2.4709677419354836,74.87781036168133,2.7064516129032254,82.01368523949168,2.4516129032258065,74.29130009775172
28.220974597963504,97.88165815622995,-0.48284912109375,0.52996826171875,-0.5748291015625,0.39434814453125,2.4741935483870967,74.97556207233626,2.690322580645161,81.524926686217,2.4774193548387093,75.07331378299119
28.241042820038274,97.88165815622995,-0.48284912109375,0.52996826171875,-0.5748291015625,0.39434814453125,2.4741935483870967,74.97556207233626,2.6838709677419352,81.32942326490713,2.458064516129032,74.48680351906158
28.26111411396414,97.88165815622995,-0.48284912109375,0.52996826171875,-0.5748291015625,0.39434814453125,2.4516129032258065,74.29130009775172,2.6774193548387095,81.13391984359725,2.4741935483870967,74.97556207233626
28.281227297033183,96.11350812499334,-0.4759521484375,0.5357666015625,-0.56781005859375,0.405029296875,2.4741935483870967,74.97556207233626,2.6709677419354834,80.93841642228737,2.458064516129032,74.48680351906158
28.301296127960086,96.11350812499334,-0.4759521484375,0.5357666015625,-0.56781005859375,0.405029296875,2.4806451612903224,75.17106549364614,2.658064516129032,80.54740957966764,2.4612903225806453,74.58455522971653
28.32137459004298,93.99080324493615,-0.466064453125,0.5433349609375,-0.56036376953125,0.4166259765625,2.4741935483870967,74.97556207233626,2.6451612903225805,80.1564027370479,2.454838709677419,74.38905180840665
28.3413998989854,93.99080324493615,-0.466064453125,0.5433349609375,-0.56036376953125,0.4166259765625,2.4516129032258065,74.29130009775172,2.6129032258064515,79.17888563049853,2.370967741935484,71.8475073313783
28.36148012103513,93.99080324493615,-0.466064453125,0.5433349609375,-0.56036376953125,0.4166259765625,2.4483870967741934,74.19354838709677,2.6032258064516127,78.88563049853371,2.4387096774193546,73.90029325513197
28.381536567001604,91.27179515802095,-0.45263671875,0.552978515625,-0.551025390625,0.43096923828125,2.493548387096774,75.56207233626587,2.5806451612903225,78.20136852394917,2.4483870967741934,74.19354838709677
28.40170536795631,91.27179515802095,-0.45263671875,0.552978515625,-0.551025390625,0.43096923828125,2.4419354838709677,73.9980449657869,2.564516129032258,77.71260997067448,2.42258064516129,73.41153470185728
28.42179064603988,88.44606099457305,-0.439453125,0.56396484375,-0.53961181640625,0.44451904296875,2.4387096774193546,73.90029325513197,2.5709677419354837,77.90811339198436,2.4096774193548387,73.02052785923753
28.441847412032075,88.44606099457305,-0.439453125,0.56396484375,-0.53961181640625,0.44451904296875,2.42258064516129,73.41153470185728,2.583870967741935,78.2991202346041,2.412903225806452,73.11827956989248
28.46195499494206,88.44606099457305,-0.439453125,0.56396484375,-0.53961181640625,0.44451904296875,2.432258064516129,73.70478983382209,2.5999999999999996,78.78787878787878,2.3967741935483873,72.6295210166178
28.48203300999012,85.40213593715595,-0.4249267578125,0.57525634765625,-0.52703857421875,0.458984375,2.412903225806452,73.11827956989248,2.587096774193548,78.39687194525904,2.4,72.72727272727273
28.502155728987418,85.40213593715595,-0.4249267578125,0.57525634765625,-0.52703857421875,0.458984375,2.435483870967742,73.80254154447702,2.554838709677419,77.41935483870968,2.393548387096774,72.53176930596285
28.522214735043235,82.58908151931264,-0.41107177734375,0.585205078125,-0.515380859375,0.47222900390625,2.432258064516129,73.70478983382209,2.558064516129032,77.5171065493646,2.3741935483870966,71.94525904203324
28.542212459957227,82.58908151931264,-0.41107177734375,0.585205078125,-0.515380859375,0.47222900390625,2.4483870967741934,74.19354838709677,2.487096774193548,75.366568914956,2.4064516129032256,72.9227761485826
28.56225274503231,82.58908151931264,-0.41107177734375,0.585205078125,-0.515380859375,0.47222900390625,2.4483870967741934,74.19354838709677,2.519354838709677,76.34408602150538,2.4,72.72727272727273
28.582329959026538,80.27091437227503,-0.39849853515625,0.5921630859375,-0.50665283203125,0.483642578125,2.4193548387096775,73.31378299120234,2.525806451612903,76.53958944281524,2.454838709677419,74.38905180840665
28.60239142901264,80.27091437227503,-0.39849853515625,0.5921630859375,-0.50665283203125,0.483642578125,2.370967741935484,71.8475073313783,2.525806451612903,76.53958944281524,2.3774193548387097,72.04301075268818
28.622456290991977,78.65449800408588,-0.3902587890625,0.59625244140625,-0.49993896484375,0.4921875,2.393548387096774,72.53176930596285,2.532258064516129,76.73509286412512,2.4612903225806453,74.58455522971653
28.642525632982142,78.65449800408588,-0.3902587890625,0.59625244140625,-0.49993896484375,0.4921875,2.435483870967742,73.80254154447702,2.529032258064516,76.63734115347019,2.4483870967741934,74.19354838709677
28.662651040940545,78.65449800408588,-0.3902587890625,0.59625244140625,-0.49993896484375,0.4921875,2.425806451612903,73.50928641251222,2.5709677419354837,77.90811339198436,2.4064516129032256,72.9227761485826
28.682750271982513,77.60606127979604,-0.3856201171875,0.59814453125,-0.4949951171875,0.49853515625,2.432258064516129,73.70478983382209,2.554838709677419,77.41935483870968,2.370967741935484,71.8475073313783
28.702823198051192,77.60606127979604,-0.3856201171875,0.59814453125,-0.4949951171875,0.49853515625,2.3967741935483873,72.6295210166178,2.5709677419354837,77.90811339198436,2.42258064516129,73.41153470185728
28.722941469983198,77.10792235927725,-0.3841552734375,0.59930419921875,-0.4918212890625,0.50140380859375,2.425806451612903,73.50928641251222,2.5999999999999996,78.78787878787878,2.4,72.72727272727273
28.74299301893916,77.10792235927725,-0.3841552734375,0.59930419921875,-0.4918212890625,0.50140380859375,2.4483870967741934,74.19354838709677,2.590322580645161,78.49462365591397,2.42258064516129,73.41153470185728
28.76303490495775,77.10792235927725,-0.3841552734375,0.59930419921875,-0.4918212890625,0.50140380859375,2.445161290322581,74.09579667644185,2.564516129032258,77.71260997067448,2.42258064516129,73.41153470185728
28.78310405497905,76.79702362397623,-0.383544921875,0.60064697265625,-0.4893798828125,0.50262451171875,2.425806451612903,73.50928641251222,2.6032258064516127,78.88563049853371,2.4193548387096775,73.31378299120234
28.803156245034188,76.79702362397623,-0.383544921875,0.60064697265625,-0.4893798828125,0.50262451171875,2.464516129032258,74.68230694037146,2.6419354838709674,80.05865102639295,2.4193548387096775,73.31378299120234
28.823234130977653,76.65600581381923,-0.38385009765625,0.6019287109375,-0.487548828125,0.50262451171875,2.4290322580645163,73.60703812316717,2.593548387096774,78.59237536656892,2.4419354838709677,73.9980449657869
28.84334443404805,76.65600581381923,-0.38385009765625,0.6019287109375,-0.487548828125,0.50262451171875,2.42258064516129,73.41153470185728,2.593548387096774,78.59237536656892,2.4387096774193546,73.90029325513197
28.863377870991826,76.65600581381923,-0.38385009765625,0.6019287109375,-0.487548828125,0.50262451171875,2.467741935483871,74.7800586510264,2.5774193548387094,78.10361681329422,2.4387096774193546,73.90029325513197
28.883435789030045,76.65010392251574,-0.38421630859375,0.60272216796875,-0.4869384765625,0.501953125,2.458064516129032,74.48680351906158,2.629032258064516,79.6676441837732,2.3967741935483873,72.6295210166178
28.903504426940344,76.65010392251574,-0.38421630859375,0.60272216796875,-0.4869384765625,0.501953125,2.435483870967742,73.80254154447702,2.593548387096774,78.59237536656892,2.4387096774193546,73.90029325513197
28.923621419002302,76.66583101106966,-0.38458251953125,0.60284423828125,-0.4866943359375,0.50177001953125,2.4612903225806453,74.58455522971653,2.593548387096774,78.59237536656892,2.4387096774193546,73.90029325513197
28.94368999300059,76.66583101106966,-0.38458251953125,0.60284423828125,-0.4866943359375,0.50177001953125,2.4516129032258065,74.29130009775172,2.596774193548387,78.69012707722385,2.432258064516129,73.70478983382209
28.96371895004995,76.66583101106966,-0.38458251953125,0.60284423828125,-0.4866943359375,0.50177001953125,2.445161290322581,74.09579667644185,2.5806451612903225,78.20136852394917,2.4612903225806453,74.58455522971653
28.98378208396025,76.7486390193373,-0.385009765625,0.60247802734375,-0.48712158203125,0.50152587890625,2.467741935483871,74.7800586510264,2.551612903225806,77.32160312805473,2.4387096774193546,73.90029325513197
29.003845282946713,76.7486390193373,-0.385009765625,0.60247802734375,-0.48712158203125,0.50152587890625,2.4483870967741934,74.19354838709677,2.5709677419354837,77.90811339198436,2.467741935483871,74.7800586510264
29.023930688970722,76.83736106355843,-0.38543701171875,0.60247802734375,-0.48748779296875,0.5008544921875,2.5129032258064514,76.1485826001955,2.5677419354838706,77.81036168132943,2.464516129032258,74.68230694037146
29.043998367968015,76.83736106355843,-0.38543701171875,0.60247802734375,-0.48748779296875,0.5008544921875,2.458064516129032,74.48680351906158,2.5677419354838706,77.81036168132943,2.4516129032258065,74.29130009775172
29.064085277961567,76.83736106355843,-0.38543701171875,0.60247802734375,-0.48748779296875,0.5008544921875,2.4483870967741934,74.19354838709677,2.564516129032258,77.71260997067448,2.4516129032258065,74.29130009775172
29.084139515995048,76.91097484488182,-0.38580322265625,0.6031494140625,-0.48760986328125,0.4996337890625,2.435483870967742,73.80254154447702,2.6032258064516127,78.88563049853371,2.425806451612903,73.50928641251222
29.104196634027176,76.91097484488182,-0.38580322265625,0.6031494140625,-0.48760986328125,0.4996337890625,2.458064516129032,74.48680351906158,2.6129032258064515,79.17888563049853,2.4387096774193546,73.90029325513197
29.124288600985892,76.9779803900476,-0.3856201171875,0.60345458984375,-0.48828125,0.49871826171875,2.4612903225806453,74.58455522971653,2.525806451612903,76.53958944281524,2.425806451612903,73.50928641251222
29.14434869494289,76.9779803900476,-0.3856201171875,0.60345458984375,-0.48828125,0.49871826171875,2.4709677419354836,74.87781036168133,2.590322580645161,78.49462365591397,2.4387096774193546,73.90029325513197
29.164452822995372,76.9779803900476,-0.3856201171875,0.60345458984375,-0.48828125,0.49871826171875,2.464516129032258,74.68230694037146,2.551612903225806,77.32160312805473,2.4419354838709677,73.9980449657869
29.184469460044056,76.83266877236909,-0.38494873046875,0.6046142578125,-0.4874267578125,0.49871826171875,2.4709677419354836,74.87781036168133,2.596774193548387,78.69012707722385,2.4290322580645163,73.60703812316717
29.204549105954356,76.83266877236909,-0.38494873046875,0.6046142578125,-0.4874267578125,0.49871826171875,2.467741935483871,74.7800586510264,2.551612903225806,77.32160312805473,2.435483870967742,73.80254154447702
29.22466203395743,76.75660277475237,-0.38446044921875,0.605224609375,-0.487060546875,0.4986572265625,2.4741935483870967,74.97556207233626,2.558064516129032,77.5171065493646,2.445161290322581,74.09579667644185
29.244705550954677,76.75660277475237,-0.38446044921875,0.605224609375,-0.487060546875,0.4986572265625,2.525806451612903,76.53958944281524,2.5999999999999996,78.78787878787878,2.4709677419354836,74.87781036168133
29.26476206094958,76.75660277475237,-0.38446044921875,0.605224609375,-0.487060546875,0.4986572265625,2.42258064516129,73.41153470185728,2.6032258064516127,78.88563049853371,2.487096774193548,75.366568914956
29.284823499969207,76.52858941720085,-0.3831787109375,0.60614013671875,-0.486083984375,0.49945068359375,2.5129032258064514,76.1485826001955,2.590322580645161,78.49462365591397,2.4483870967741934,74.19354838709677
29.304894921951927,76.52858941720085,-0.3831787109375,0.60614013671875,-0.486083984375,0.49945068359375,2.493548387096774,75.56207233626587,2.6387096774193544,79.960899315738,2.4741935483870967,74.97556207233626
29.324976169038564,75.96640878923769,-0.380859375,0.60772705078125,-0.48309326171875,0.50225830078125,2.5,75.75757575757575,2.648387096774193,80.25415444770283,2.432258064516129,73.70478983382209
29.345083912019618,75.96640878923769,-0.380859375,0.60772705078125,-0.48309326171875,0.50225830078125,2.519354838709677,76.34408602150538,2.658064516129032,80.54740957966764,2.4483870967741934,74.19354838709677
29.365146502037533,75.96640878923769,-0.380859375,0.60772705078125,-0.48309326171875,0.50225830078125,2.5032258064516126,75.8553274682307,2.680645161290322,81.23167155425219,2.4,72.72727272727273
29.385256677051075,75.00074918372074,-0.37664794921875,0.61065673828125,-0.47796630859375,0.5067138671875,2.5032258064516126,75.8553274682307,2.6677419354838707,80.84066471163244,2.435483870967742,73.80254154447702
29.40530573099386,75.00074918372074,-0.37664794921875,0.61065673828125,-0.47796630859375,0.5067138671875,2.519354838709677,76.34408602150538,2.629032258064516,79.6676441837732,2.4096774193548387,73.02052785923753
29.42535296094138,73.21696516406779,-0.367431640625,0.6165771484375,-0.46966552734375,0.5140380859375,2.5032258064516126,75.8553274682307,2.6451612903225805,80.1564027370479,2.454838709677419,74.38905180840665
29.44542038301006,73.21696516406779,-0.367431640625,0.6165771484375,-0.46966552734375,0.5140380859375,2.519354838709677,76.34408602150538,2.6419354838709674,80.05865102639295,2.4290322580645163,73.60703812316717
29.465490557951853,73.21696516406779,-0.367431640625,0.6165771484375,-0.46966552734375,0.5140380859375,2.490322580645161,75.46432062561095,2.62258064516129,79.47214076246333,2.4290322580645163,73.60703812316717
29.485556124011055,70.67306742092293,-0.353515625,0.62518310546875,-0.4581298828125,0.52374267578125,2.5032258064516126,75.8553274682307,2.6193548387096772,79.37438905180841,2.435483870967742,73.80254154447702
29.505706044030376,70.67306742092293,-0.353515625,0.62518310546875,-0.4581298828125,0.52374267578125,2.490322580645161,75.46432062561095,2.596774193548387,78.69012707722385,2.425806451612903,73.50928641251222
29.525763898040168,67.1258903489957,-0.3350830078125,0.638671875,-0.43988037109375,0.53509521484375,2.496774193548387,75.65982404692082,2.5999999999999996,78.78787878787878,2.425806451612903,73.50928641251222
29.545802903943695,67.1258903489957,-0.3350830078125,0.638671875,-0.43988037109375,0.53509521484375,2.5161290322580645,76.24633431085044,2.6032258064516127,78.88563049853371,2.4387096774193546,73.90029325513197
29.56589707895182,67.1258903489957,-0.3350830078125,0.638671875,-0.43988037109375,0.53509521484375,2.490322580645161,75.46432062561095,2.5774193548387094,78.10361681329422,2.4193548387096775,73.31378299120234
29.58593409997411,62.858483140296755,-0.313232421875,0.6531982421875,-0.41680908203125,0.549072265625,2.4806451612903224,75.17106549364614,2.554838709677419,77.41935483870968,2.458064516129032,74.48680351906158
29.60603250004351,62.858483140296755,-0.313232421875,0.6531982421875,-0.41680908203125,0.549072265625,2.4709677419354836,74.87781036168133,2.564516129032258,77.71260997067448,2.4387096774193546,73.90029325513197
29.626079185050912,57.574295510798855,-0.28570556640625,0.67047119140625,-0.3870849609375,0.5648193359375,2.42258064516129,73.41153470185728,2.5483870967741935,77.2238514173998,2.4419354838709677,73.9980449657869
29.6461655839812,57.574295510798855,-0.28570556640625,0.67047119140625,-0.3870849609375,0.5648193359375,2.4612903225806453,74.58455522971653,2.564516129032258,77.71260997067448,2.445161290322581,74.09579667644185
29.666215981938876,57.574295510798855,-0.28570556640625,0.67047119140625,-0.3870849609375,0.5648193359375,2.432258064516129,73.70478983382209,2.551612903225806,77.32160312805473,2.370967741935484,71.8475073313783
29.686316300998442,52.80230369921342,-0.2650146484375,0.68511962890625,-0.354736328125,0.57843017578125,2.425806451612903,73.50928641251222,2.5709677419354837,77.90811339198436,2.3967741935483873,72.6295210166178
29.706364203011617,52.80230369921342,-0.2650146484375,0.68511962890625,-0.354736328125,0.57843017578125,2.393548387096774,72.53176930596285,2.551612903225806,77.32160312805473,2.4161290322580644,73.21603128054741
29.72648813901469,48.564450131031094,-0.2425537109375,0.6943359375,-0.32989501953125,0.591796875,2.3193548387096774,70.28347996089931,2.5483870967741935,77.2238514173998,2.435483870967742,73.80254154447702
29.74653380003292,48.564450131031094,-0.2425537109375,0.6943359375,-0.32989501953125,0.591796875,2.3516129032258064,71.26099706744868,2.564516129032258,77.71260997067448,2.4483870967741934,74.19354838709677
29.76658099796623,48.564450131031094,-0.2425537109375,0.6943359375,-0.32989501953125,0.591796875,2.393548387096774,72.53176930596285,2.532258064516129,76.73509286412512,2.4193548387096775,73.31378299120234
29.786658052937128,44.60520528831863,-0.21820068359375,0.701416015625,-0.3095703125,0.60382080078125,2.390322580645161,72.43401759530792,2.5774193548387094,78.10361681329422,2.4193548387096775,73.31378299120234
29.806732547003776,44.60520528831863,-0.21820068359375,0.701416015625,-0.3095703125,0.60382080078125,2.3419354838709676,70.96774193548387,2.5677419354838706,77.81036168132943,2.4741935483870967,74.97556207233626
29.826847875025123,41.485767508096295,-0.2022705078125,0.70697021484375,-0.28961181640625,0.6126708984375,2.3870967741935485,72.33626588465299,2.554838709677419,77.41935483870968,2.412903225806452,73.11827956989248
29.8469001930207,41.485767508096295,-0.2022705078125,0.70697021484375,-0.28961181640625,0.6126708984375,2.338709677419355,70.86999022482894,2.529032258064516,76.63734115347019,2.393548387096774,72.53176930596285
29.86703756893985,41.485767508096295,-0.2022705078125,0.70697021484375,-0.28961181640625,0.6126708984375,2.403225806451613,72.82502443792767,2.5774193548387094,78.10361681329422,2.432258064516129,73.70478983382209
29.887087677954696,38.937355494841135,-0.190673828125,0.71087646484375,-0.27178955078125,0.6199951171875,2.393548387096774,72.53176930596285,2.5774193548387094,78.10361681329422,2.42258064516129,73.41153470185728
29.90715052501764,38.937355494841135,-0.190673828125,0.71087646484375,-0.27178955078125,0.6199951171875,2.3967741935483873,72.6295210166178,2.5806451612903225,78.20136852394917,2.3967741935483873,72.6295210166178
29.927213018992916,37.14644289873512,-0.1827392578125,0.7130126953125,-0.25909423828125,0.6253662109375,2.358064516129032,71.45650048875855,2.583870967741935,78.2991202346041,2.393548387096774,72.53176930596285
29.94725586497225,37.14644289873512,-0.1827392578125,0.7130126953125,-0.25909423828125,0.6253662109375,2.4064516129032256,72.9227761485826,2.6129032258064515,79.17888563049853,2.3967741935483873,72.6295210166178
29.967321078991517,37.14644289873512,-0.1827392578125,0.7130126953125,-0.25909423828125,0.6253662109375,2.4096774193548387,73.02052785923753,2.587096774193548,78.39687194525904,2.42258064516129,73.41153470185728
29.987491287989542,36.036383616061805,-0.1766357421875,0.7138671875,-0.25244140625,0.62884521484375,2.4,72.72727272727273,2.593548387096774,78.59237536656892,2.42258064516129,73.41153470185728
30.007498644990847,36.036383616061805,-0.1766357421875,0.7138671875,-0.25244140625,0.62884521484375,2.3838709677419354,72.23851417399804,2.6129032258064515,79.17888563049853,2.4161290322580644,73.21603128054741
30.02755189104937,35.50713828420662,-0.17279052734375,0.71514892578125,-0.2498779296875,0.6295166015625,2.4483870967741934,74.19354838709677,2.616129032258064,79.27663734115346,2.425806451612903,73.50928641251222
30.047614546027035,35.50713828420662,-0.17279052734375,0.71514892578125,-0.2498779296875,0.6295166015625,2.4419354838709677,73.9980449657869,2.654838709677419,80.4496578690127,2.412903225806452,73.11827956989248
30.06770187302027,35.50713828420662,-0.17279052734375,0.71514892578125,-0.2498779296875,0.6295166015625,2.425806451612903,73.50928641251222,2.6354838709677417,79.86314760508309,2.4612903225806453,74.58455522971653
30.087773135048337,35.36270539500203,-0.17181396484375,0.71636962890625,-0.24871826171875,0.62884521484375,2.4387096774193546,73.90029325513197,2.5774193548387094,78.10361681329422,2.4290322580645163,73.60703812316717
30.107822604943067,35.36270539500203,-0.17181396484375,0.71636962890625,-0.24871826171875,0.62884521484375,2.4612903225806453,74.58455522971653,2.6322580645161286,79.76539589442815,2.4419354838709677,73.9980449657869
30.12789665197488,35.55350545079542,-0.172607421875,0.71697998046875,-0.24981689453125,0.62750244140625,2.4612903225806453,74.58455522971653,2.6322580645161286,79.76539589442815,2.432258064516129,73.70478983382209
30.14798762695864,35.55350545079542,-0.172607421875,0.71697998046875,-0.24981689453125,0.62750244140625,2.454838709677419,74.38905180840665,2.629032258064516,79.6676441837732,2.425806451612903,73.50928641251222
30.168109035003,35.55350545079542,-0.172607421875,0.71697998046875,-0.24981689453125,0.62750244140625,2.425806451612903,73.50928641251222,2.629032258064516,79.6676441837732,2.425806451612903,73.50928641251222
30.18813034403138,35.88073999032122,-0.17364501953125,0.71697998046875,-0.25238037109375,0.62615966796875,2.464516129032258,74.68230694037146,2.654838709677419,80.4496578690127,2.425806451612903,73.50928641251222
30.20820544695016,35.88073999032122,-0.17364501953125,0.71697998046875,-0.25238037109375,0.62615966796875,2.4612903225806453,74.58455522971653,2.648387096774193,80.25415444770283,2.445161290322581,74.09579667644185
30.228255716967396,36.23616584921127,-0.17510986328125,0.71710205078125,-0.2548828125,0.6246337890625,2.425806451612903,73.50928641251222,2.6032258064516127,78.88563049853371,2.435483870967742,73.80254154447702
30.248317250981927,36.23616584921127,-0.17510986328125,0.71710205078125,-0.2548828125,0.6246337890625,2.435483870967742,73.80254154447702,2.593548387096774,78.59237536656892,2.445161290322581,74.09579667644185
30.26841289794538,36.23616584921127,-0.17510986328125,0.71710205078125,-0.2548828125,0.6246337890625,2.435483870967742,73.80254154447702,2.5806451612903225,78.20136852394917,2.4741935483870967,74.97556207233626
30.28844937600661,36.53266760116993,-0.17608642578125,0.71746826171875,-0.25701904296875,0.623046875,2.445161290322581,74.09579667644185,2.5999999999999996,78.78787878787878,2.4741935483870967,74.97556207233626
30.308520670980215,36.53266760116993,-0.17608642578125,0.71746826171875,-0.25701904296875,0.623046875,2.458064516129032,74.48680351906158,2.593548387096774,78.59237536656892,2.435483870967742,73.80254154447702
30.32859983702656,36.79559378170761,-0.17694091796875,0.717529296875,-0.259033203125,0.62188720703125,2.4516129032258065,74.29130009775172,2.5741935483870964,78.00586510263928,2.425806451612903,73.50928641251222
30.348653852008283,36.79559378170761,-0.17694091796875,0.717529296875,-0.259033203125,0.62188720703125,2.467741935483871,74.7800586510264,2.6419354838709674,80.05865102639295,2.4387096774193546,73.90029325513197
30.368821340962313,36.79559378170761,-0.17694091796875,0.717529296875,-0.259033203125,0.62188720703125,2.3967741935483873,72.6295210166178,2.616129032258064,79.27663734115346,2.4096774193548387,73.02052785923753
30.388877179007977,36.958536396606654,-0.17742919921875,0.71771240234375,-0.26031494140625,0.62103271484375,2.4612903225806453,74.58455522971653,2.616129032258064,79.27663734115346,2.4419354838709677,73.9980449657869
30.408930809004232,36.958536396606654,-0.17742919921875,0.71771240234375,-0.26031494140625,0.62103271484375,2.4516129032258065,74.29130009775172,2.6096774193548384,79.0811339198436,2.3967741935483873,72.6295210166178
30.42905109701678,36.94781597726625,-0.17669677734375,0.71820068359375,-0.26055908203125,0.6204833984375,2.464516129032258,74.68230694037146,2.596774193548387,78.69012707722385,2.4516129032258065,74.29130009775172
30.449099511024542,36.94781597726625,-0.17669677734375,0.71820068359375,-0.26055908203125,0.6204833984375,2.42258064516129,73.41153470185728,2.616129032258064,79.27663734115346,2.4483870967741934,74.19354838709677
30.469175572972745,36.94781597726625,-0.17669677734375,0.71820068359375,-0.26055908203125,0.6204833984375,2.4709677419354836,74.87781036168133,2.6032258064516127,78.88563049853371,2.4483870967741934,74.19354838709677
30.489278740948066,36.745645676700974,-0.17529296875,0.71881103515625,-0.259521484375,0.62066650390625,2.4741935483870967,74.97556207233626,2.654838709677419,80.4496578690127,2.4387096774193546,73.90029325513197
30.50938328402117,36.745645676700974,-0.17529296875,0.71881103515625,-0.259521484375,0.62066650390625,2.4709677419354836,74.87781036168133,2.6322580645161286,79.76539589442815,2.464516129032258,74.68230694037146
30.52947835496161,36.40751368366683,-0.173583984375,0.71881103515625,-0.25750732421875,0.62200927734375,2.464516129032258,74.68230694037146,2.6322580645161286,79.76539589442815,2.4419354838709677,73.9980449657869
30.549556081998162,36.40751368366683,-0.173583984375,0.71881103515625,-0.25750732421875,0.62200927734375,2.42258064516129,73.41153470185728,2.658064516129032,80.54740957966764,2.458064516129032,74.48680351906158
30.56956919899676,36.40751368366683,-0.173583984375,0.71881103515625,-0.25750732421875,0.62200927734375,2.4483870967741934,74.19354838709677,2.62258064516129,79.47214076246333,2.467741935483871,74.7800586510264
30.589681391022168,35.75069555391812,-0.17034912109375,0.71844482421875,-0.25360107421875,0.62493896484375,2.467741935483871,74.7800586510264,2.680645161290322,81.23167155425219,2.4774193548387093,75.07331378299119
30.609762702020817,35.75069555391812,-0.17034912109375,0.71844482421875,-0.25360107421875,0.62493896484375,2.4612903225806453,74.58455522971653,2.6677419354838707,80.84066471163244,2.42258064516129,73.41153470185728
30.629883885965683,34.8904317119668,-0.1661376953125,0.7188720703125,-0.2479248046875,0.6278076171875,2.5,75.75757575757575,2.6838709677419352,81.32942326490713,2.4516129032258065,74.29130009775172
30.64990401105024,34.8904317119668,-0.1661376953125,0.7188720703125,-0.2479248046875,0.6278076171875,2.487096774193548,75.366568914956,2.7032258064516124,81.91593352883673,2.412903225806452,73.11827956989248
30.670026283012703,34.8904317119668,-0.1661376953125,0.7188720703125,-0.2479248046875,0.6278076171875,2.4483870967741934,74.19354838709677,2.6967741935483867,81.72043010752688,2.4161290322580644,73.21603128054741
30.69007834501099,33.58197930096839,-0.1588134765625,0.72076416015625,-0.23968505859375,0.6307373046875,2.487096774193548,75.366568914956,2.7096774193548385,82.11143695014663,2.42258064516129,73.41153470185728
30.710158632020466,33.58197930096839,-0.1588134765625,0.72076416015625,-0.23968505859375,0.6307373046875,2.4774193548387093,75.07331378299119,2.7322580645161287,82.79569892473117,2.3967741935483873,72.6295210166178
30.730266342987306,31.286157299038926,-0.14501953125,0.7237548828125,-0.22607421875,0.63568115234375,2.4483870967741934,74.19354838709677,2.7290322580645157,82.69794721407624,2.370967741935484,71.8475073313783
30.750335781951435,31.286157299038926,-0.14501953125,0.7237548828125,-0.22607421875,0.63568115234375,2.5387096774193547,76.93059628543499,2.7064516129032254,82.01368523949168,2.3967741935483873,72.6295210166178
30.770415395963937,31.286157299038926,-0.14501953125,0.7237548828125,-0.22607421875,0.63568115234375,2.4774193548387093,75.07331378299119,2.7354838709677414,82.8934506353861,2.42258064516129,73.41153470185728
30.79050109104719,28.557124375556036,-0.1260986328125,0.72784423828125,-0.21142578125,0.6400146484375,2.490322580645161,75.46432062561095,2.7516129032258063,83.38220918866081,2.3967741935483873,72.6295210166178
30.810576066025533,28.557124375556036,-0.1260986328125,0.72784423828125,-0.21142578125,0.6400146484375,2.490322580645161,75.46432062561095,2.7774193548387096,84.1642228739003,2.4193548387096775,73.31378299120234
30.830658880993724,25.896392837545903,-0.1064453125,0.7327880859375,-0.19720458984375,0.6424560546875,2.551612903225806,77.32160312805473,2.7387096774193544,82.99120234604105,2.4387096774193546,73.90029325513197
30.8507663999917,25.896392837545903,-0.1064453125,0.7327880859375,-0.19720458984375,0.6424560546875,2.4741935483870967,74.97556207233626,2.770967741935484,83.96871945259042,2.435483870967742,73.80254154447702
30.870803550002165,25.896392837545903,-0.1064453125,0.7327880859375,-0.19720458984375,0.6424560546875,2.5161290322580645,76.24633431085044,2.7774193548387096,84.1642228739003,2.4483870967741934,74.19354838709677
30.890882845036685,22.91966445973533,-0.08642578125,0.7376708984375,-0.178955078125,0.645263671875,2.551612903225806,77.32160312805473,2.796774193548387,84.75073313782991,2.5,75.75757575757575
30.910962812020443,22.91966445973533,-0.08642578125,0.7376708984375,-0.178955078125,0.645263671875,2.52258064516129,76.44183773216031,2.8,84.84848484848484,2.5451612903225804,77.12609970674487
30.931065434939228,19.91974104225912,-0.0655517578125,0.7425537109375,-0.15960693359375,0.64715576171875,2.5419354838709673,77.02834799608992,2.8096774193548386,85.14173998044966,2.487096774193548,75.366568914956
30.95111608901061,19.91974104225912,-0.0655517578125,0.7425537109375,-0.15960693359375,0.64715576171875,2.551612903225806,77.32160312805473,2.7870967741935484,84.4574780058651,2.493548387096774,75.56207233626587
30.97119794401806,19.91974104225912,-0.0655517578125,0.7425537109375,-0.15960693359375,0.64715576171875,2.558064516129032,77.5171065493646,2.7838709677419353,84.35972629521017,2.5096774193548383,76.05083088954055
30.99127391097136,17.55674420940359,-0.049072265625,0.74810791015625,-0.1412353515625,0.646484375,2.596774193548387,78.69012707722385,2.8193548387096774,85.43499511241447,2.5483870967741935,77.2238514173998
31.011361045995727,17.55674420940359,-0.049072265625,0.74810791015625,-0.1412353515625,0.646484375,2.5419354838709673,77.02834799608992,2.8129032258064517,85.23949169110459,2.5451612903225804,77.12609970674487
31.03147726994939,15.309765447925372,-0.0294189453125,0.75274658203125,-0.12554931640625,0.64556884765625,2.5774193548387094,78.10361681329422,2.7903225806451615,84.55522971652005,2.5483870967741935,77.2238514173998
31.051531989010982,15.309765447925372,-0.0294189453125,0.75274658203125,-0.12554931640625,0.64556884765625,2.5774193548387094,78.10361681329422,2.8870967741935485,87.48778103616814,2.5451612903225804,77.12609970674487
31.071641172049567,15.309765447925372,-0.0294189453125,0.75274658203125,-0.12554931640625,0.64556884765625,2.5677419354838706,77.81036168132943,2.8516129032258064,86.41251221896383,2.5419354838709673,77.02834799608992
31.091703666956164,13.613799932863984,-0.0137939453125,0.755859375,-0.112060546875,0.64495849609375,2.6032258064516127,78.88563049853371,2.838709677419355,86.0215053763441,2.5774193548387094,78.10361681329422
31.11178411403671,13.613799932863984,-0.0137939453125,0.755859375,-0.112060546875,0.64495849609375,2.590322580645161,78.49462365591397,2.8096774193548386,85.14173998044966,2.558064516129032,77.5171065493646
31.131894642021507,12.16589426923511,-0.00079345703125,0.75823974609375,-0.097412109375,0.64471435546875,2.587096774193548,78.39687194525904,2.8483870967741933,86.3147605083089,2.5354838709677416,76.83284457478005
31.151965808938257,12.16589426923511,-0.00079345703125,0.75823974609375,-0.097412109375,0.64471435546875,2.5806451612903225,78.20136852394917,2.864516129032258,86.80351906158357,2.583870967741935,78.2991202346041
31.172043791040778,12.16589426923511,-0.00079345703125,0.75823974609375,-0.097412109375,0.64471435546875,2.564516129032258,77.71260997067448,2.858064516129032,86.6080156402737,2.5451612903225804,77.12609970674487
31.192128206952475,11.10499647455157,0.0115966796875,0.7593994140625,-0.08587646484375,0.644775390625,2.587096774193548,78.39687194525904,2.8838709677419354,87.3900293255132,2.5677419354838706,77.81036168132943
31.212242605979554,11.10499647455157,0.0115966796875,0.7593994140625,-0.08587646484375,0.644775390625,2.629032258064516,79.6676441837732,2.861290322580645,86.70576735092864,2.5774193548387094,78.10361681329422
31.232593236025423,10.806119816678219,0.020263671875,0.76116943359375,-0.08148193359375,0.64306640625,2.583870967741935,78.2991202346041,2.8741935483870966,87.09677419354838,2.5774193548387094,78.10361681329422
31.2526625150349,10.806119816678219,0.020263671875,0.76116943359375,-0.08148193359375,0.64306640625,2.6129032258064515,79.17888563049853,2.858064516129032,86.6080156402737,2.583870967741935,78.2991202346041
31.27278523496352,10.806119816678219,0.020263671875,0.76116943359375,-0.08148193359375,0.64306640625,2.558064516129032,77.5171065493646,2.8774193548387097,87.19452590420332,2.5774193548387094,78.10361681329422
31.292823632946238,10.818612844993297,0.02569580078125,0.7628173828125,-0.0802001953125,0.64111328125,2.616129032258064,79.27663734115346,2.8774193548387097,87.19452590420332,2.6032258064516127,78.88563049853371
31.312905263970606,10.818612844993297,0.02569580078125,0.7628173828125,-0.0802001953125,0.64111328125,2.6193548387096772,79.37438905180841,2.8870967741935485,87.48778103616814,2.554838709677419,77.41935483870968
31.333041584002785,10.861494929303191,0.02789306640625,0.762939453125,-0.0819091796875,0.640625,2.616129032258064,79.27663734115346,2.9387096774193546,89.05180840664711,2.593548387096774,78.59237536656892
31.35307691001799,10.861494929303191,0.02789306640625,0.762939453125,-0.0819091796875,0.640625,2.6193548387096772,79.37438905180841,2.867741935483871,86.90127077223852,2.593548387096774,78.59237536656892
31.37315982102882,10.861494929303191,0.02789306640625,0.762939453125,-0.0819091796875,0.640625,2.62258064516129,79.47214076246333,2.8870967741935485,87.48778103616814,2.590322580645161,78.49462365591397
31.393262541037984,10.937016345213621,0.02606201171875,0.7623291015625,-0.08538818359375,0.64105224609375,2.5774193548387094,78.10361681329422,2.8870967741935485,87.48778103616814,2.6064516129032254,78.98338220918865
31.413312682998367,10.937016345213621,0.02606201171875,0.7623291015625,-0.08538818359375,0.64105224609375,2.6064516129032254,78.98338220918865,2.9064516129032256,88.07429130009776,2.6096774193548384,79.0811339198436
31.43335575296078,11.14881711239775,0.02105712890625,0.76153564453125,-0.0887451171875,0.6417236328125,2.6032258064516127,78.88563049853371,2.8741935483870966,87.09677419354838,2.616129032258064,79.27663734115346
31.453470633015968,11.14881711239775,0.02105712890625,0.76153564453125,-0.0887451171875,0.6417236328125,2.648387096774193,80.25415444770283,2.870967741935484,86.99902248289347,2.6193548387096772,79.37438905180841
31.47357357700821,11.14881711239775,0.02105712890625,0.76153564453125,-0.0887451171875,0.6417236328125,2.616129032258064,79.27663734115346,2.9387096774193546,89.05180840664711,2.5999999999999996,78.78787878787878
31.49367988004815,11.451300424267288,0.01580810546875,0.76055908203125,-0.09283447265625,0.64239501953125,2.6516129032258062,80.35190615835776,2.8483870967741933,86.3147605083089,2.5999999999999996,78.78787878787878
31.51374227902852,11.451300424267288,0.01580810546875,0.76055908203125,-0.09283447265625,0.64239501953125,2.625806451612903,79.56989247311827,2.8870967741935485,87.48778103616814,2.596774193548387,78.69012707722385
31.533847079030238,11.867870603160384,0.0115966796875,0.7603759765625,-0.09735107421875,0.64202880859375,2.648387096774193,80.25415444770283,2.8806451612903223,87.29227761485826,2.629032258064516,79.6676441837732
31.55394506198354,11.867870603160384,0.0115966796875,0.7603759765625,-0.09735107421875,0.64202880859375,2.6096774193548384,79.0811339198436,2.864516129032258,86.80351906158357,2.6064516129032254,78.98338220918865
31.574009604984894,11.867870603160384,0.0115966796875,0.7603759765625,-0.09735107421875,0.64202880859375,2.62258064516129,79.47214076246333,2.8741935483870966,87.09677419354838,2.5774193548387094,78.10361681329422
31.594078914960846,12.158684980729532,0.0084228515625,0.76043701171875,-0.0997314453125,0.64166259765625,2.6516129032258062,80.35190615835776,2.864516129032258,86.80351906158357,2.6193548387096772,79.37438905180841
31.614155745948665,12.158684980729532,0.0084228515625,0.76043701171875,-0.0997314453125,0.64166259765625,2.6193548387096772,79.37438905180841,2.864516129032258,86.80351906158357,2.62258064516129,79.47214076246333
31.634261889965273,12.29066476083463,0.0067138671875,0.76068115234375,-0.10003662109375,0.641357421875,2.625806451612903,79.56989247311827,2.8741935483870966,87.09677419354838,2.6096774193548384,79.0811339198436
31.654314943938516,12.29066476083463,0.0067138671875,0.76068115234375,-0.10003662109375,0.641357421875,2.6419354838709674,80.05865102639295,2.8741935483870966,87.09677419354838,2.6129032258064515,79.17888563049853
31.67439190298319,12.29066476083463,0.0067138671875,0.76068115234375,-0.10003662109375,0.641357421875,2.6193548387096772,79.37438905180841,2.8870967741935485,87.48778103616814,2.6096774193548384,79.0811339198436
31.694498014985584,12.323173697266867,0.006591796875,0.76104736328125,-0.099365234375,0.6409912109375,2.6193548387096772,79.37438905180841,2.890322580645161,87.58553274682306,2.62258064516129,79.47214076246333
31.71454537298996,12.323173697266867,0.006591796875,0.76104736328125,-0.099365234375,0.6409912109375,2.62258064516129,79.47214076246333,2.9129032258064513,88.26979472140762,2.587096774193548,78.39687194525904
31.734656541026197,12.251530664065214,0.00775146484375,0.76123046875,-0.0985107421875,0.640869140625,2.648387096774193,80.25415444770283,2.8870967741935485,87.48778103616814,2.6129032258064515,79.17888563049853
31.754709850996733,12.251530664065214,0.00775146484375,0.76123046875,-0.0985107421875,0.640869140625,2.6387096774193544,79.960899315738,2.8741935483870966,87.09677419354838,2.616129032258064,79.27663734115346
31.774795418023132,12.251530664065214,0.00775146484375,0.76123046875,-0.0985107421875,0.640869140625,2.6064516129032254,78.98338220918865,2.890322580645161,87.58553274682306,2.629032258064516,79.6676441837732
31.79487496893853,12.08832639271057,0.00909423828125,0.76129150390625,-0.09735107421875,0.64105224609375,2.6322580645161286,79.76539589442815,2.9387096774193546,89.05180840664711,2.5774193548387094,78.10361681329422
31.814950039959513,12.08832639271057,0.00909423828125,0.76129150390625,-0.09735107421875,0.64105224609375,2.6193548387096772,79.37438905180841,2.9129032258064513,88.26979472140762,2.6032258064516127,78.88563049853371
31.835026839049533,12.045401458488968,0.00994873046875,0.7615966796875,-0.09588623046875,0.64080810546875,2.661290322580645,80.64516129032258,2.8741935483870966,87.09677419354838,2.62258064516129,79.47214076246333
31.855107286013663,12.045401458488968,0.00994873046875,0.7615966796875,-0.09588623046875,0.64080810546875,2.6193548387096772,79.37438905180841,2.8774193548387097,87.19452590420332,2.6064516129032254,78.98338220918865
31.87515109195374,12.045401458488968,0.00994873046875,0.7615966796875,-0.09588623046875,0.64080810546875,2.6322580645161286,79.76539589442815,2.8806451612903223,87.29227761485826,2.629032258064516,79.6676441837732
