timestamp,elevation_deg,imu_i,imu_j,imu_k,imu_r,ch0_voltage,ch0_percentage,ch1_voltage,ch1_percentage
0.016833169996971264,8.639357657895204,-0.41058349609375,0.63494873046875,0.33087158203125,0.5645751953125,1.5193548387096774,46.04105571847507,0.0,0.0
0.03584689600393176,8.639357657895204,-0.41058349609375,0.63494873046875,0.33087158203125,0.5645751953125,1.5225806451612902,46.138807429130004,0.0,0.0
0.05548890100908466,8.639357657895204,-0.41058349609375,0.63494873046875,0.33087158203125,0.5645751953125,1.561290322580645,47.31182795698924,0.0,0.0
0.07589544399525039,8.639357657895204,-0.41058349609375,0.63494873046875,0.33087158203125,0.5645751953125,1.5483870967741935,46.9208211143695,0.0,0.0
0.09577598498435691,8.639357657895204,-0.41058349609375,0.63494873046875,0.33087158203125,0.5645751953125,1.5483870967741935,46.9208211143695,0.0,0.0
0.1159105509868823,8.639357657895204,-0.41058349609375,0.63494873046875,0.33087158203125,0.5645751953125,1.5774193548387094,47.800586510263926,0.0,0.0
0.1381949209899176,8.639357657895204,-0.41058349609375,0.63494873046875,0.33087158203125,0.5645751953125,1.5838709677419354,47.9960899315738,0.0,0.0
0.15578712499700487,8.639357657895204,-0.41058349609375,0.63494873046875,0.33087158203125,0.5645751953125,1.564516129032258,47.40957966764419,0.0,0.0
0.17651585600106046,8.639357657895204,-0.41058349609375,0.63494873046875,0.33087158203125,0.5645751953125,1.5483870967741935,46.9208211143695,0.0,0.0
0.19589196299784817,8.639357657895204,-0.41058349609375,0.63494873046875,0.33087158203125,0.5645751953125,1.5451612903225804,46.82306940371456,0.0,0.0
0.21719937000307254,8.639357657895204,-0.41058349609375,0.63494873046875,0.33087158203125,0.5645751953125,1.5483870967741935,46.9208211143695,0.2903225806451613,8.797653958944283
0.23646980998455547,8.639357657895204,-0.41058349609375,0.63494873046875,0.33087158203125,0.5645751953125,1.5774193548387094,47.800586510263926,0.2838709677419355,8.60215053763441
0.2563544790027663,8.639357657895204,-0.41058349609375,0.63494873046875,0.33087158203125,0.5645751953125,1.5741935483870966,47.702834799608986,0.2161290322580645,6.549364613880742
0.27621732300031,8.639357657895204,-0.41058349609375,0.63494873046875,0.33087158203125,0.5645751953125,1.590322580645161,48.19159335288367,0.3225806451612903,9.775171065493646
0.29647579800803214,8.639357657895204,-0.41058349609375,0.63494873046875,0.33087158203125,0.5645751953125,1.5999999999999999,48.484848484848484,0.332258064516129,10.068426197458455
0.31766480099759065,8.639357657895204,-0.41058349609375,0.63494873046875,0.33087158203125,0.5645751953125,1.596774193548387,48.38709677419355,0.38387096774193546,11.632453567937437
0.33652879399596713,8.639357657895204,-0.41058349609375,0.63494873046875,0.33087158203125,0.5645751953125,1.62258064516129,49.169110459433035,0.7193548387096774,21.79863147605083
0.35809288200107403,8.639357657895204,-0.41058349609375,0.63494873046875,0.33087158203125,0.5645751953125,1.596774193548387,48.38709677419355,0.764516129032258,23.16715542521994
0.3765135319845285,8.639357657895204,-0.41058349609375,0.63494873046875,0.33087158203125,0.5645751953125,1.635483870967742,49.56011730205279,0.7903225806451613,23.949169110459433
0.396537630003877,8.639357657895204,-0.41058349609375,0.63494873046875,0.33087158203125,0.5645751953125,1.6129032258064515,48.87585532746823,0.8258064516129032,25.024437927663733
0.4166235860029701,8.639357657895204,-0.41058349609375,0.63494873046875,0.33087158203125,0.5645751953125,1.632258064516129,49.462365591397855,0.967741935483871,29.32551319648094
0.4368550189828966,8.639357657895204,-0.41058349609375,0.63494873046875,0.33087158203125,0.5645751953125,1.6193548387096772,49.071358748778096,0.9741935483870967,29.521016617790814
0.45731391600565985,8.639357657895204,-0.41058349609375,0.63494873046875,0.33087158203125,0.5645751953125,1.62258064516129,49.169110459433035,0.9935483870967742,30.107526881720432
0.47713637398555875,8.639357657895204,-0.41058349609375,0.63494873046875,0.33087158203125,0.5645751953125,1.6483870967741936,49.95112414467254,1.1451612903225807,34.701857282502445
0.4970897159946617,8.639357657895204,-0.41058349609375,0.63494873046875,0.33087158203125,0.5645751953125,1.6806451612903226,50.9286412512219,1.1838709677419355,35.87487781036168
0.5168492920056451,8.639357657895204,-0.41058349609375,0.63494873046875,0.33087158203125,0.5645751953125,1.6612903225806452,50.34213098729228,1.2161290322580645,36.852394916911045
0.5376529360073619,8.639357657895204,-0.41058349609375,0.63494873046875,0.33087158203125,0.5645751953125,1.6774193548387097,50.83088954056696,1.3387096774193548,40.56695992179863
0.5572449860046618,8.639357657895204,-0.41058349609375,0.63494873046875,0.33087158203125,0.5645751953125,1.696774193548387,51.417399804496576,1.3645161290322578,41.34897360703812
0.5773847030068282,8.639357657895204,-0.41058349609375,0.63494873046875,0.33087158203125,0.5645751953125,1.6741935483870967,50.733137829912025,1.464516129032258,44.37927663734115
0.597194039990427,8.639357657895204,-0.41058349609375,0.63494873046875,0.33087158203125,0.5645751953125,1.7032258064516128,51.61290322580645,1.4806451612903224,44.868035190615835
0.6174262730055489,8.639357657895204,-0.41058349609375,0.63494873046875,0.33087158203125,0.5645751953125,1.7032258064516128,51.61290322580645,1.467741935483871,44.4770283479961
0.6373209249868523,8.639357657895204,-0.41058349609375,0.63494873046875,0.33087158203125,0.5645751953125,1.6935483870967742,51.31964809384164,1.3129032258064515,39.784946236559136
0.6572352259827312,8.639357657895204,-0.41058349609375,0.63494873046875,0.33087158203125,0.5645751953125,1.732258064516129,52.49266862170088,1.3580645161290321,41.153470185728246
0.6776827939902432,8.639357657895204,-0.41058349609375,0.63494873046875,0.33087158203125,0.5645751953125,1.696774193548387,51.417399804496576,1.1774193548387097,35.67937438905181
0.6974106559937354,8.639357657895204,-0.41058349609375,0.63494873046875,0.33087158203125,0.5645751953125,1.6838709677419355,51.02639296187683,1.1516129032258065,34.89736070381232
0.7183321930060629,8.639357657895204,-0.41058349609375,0.63494873046875,0.33087158203125,0.5645751953125,1.6838709677419355,51.02639296187683,1.1806451612903226,35.77712609970675
0.7374200969934464,8.639357657895204,-0.41058349609375,0.63494873046875,0.33087158203125,0.5645751953125,1.6774193548387097,50.83088954056696,1.2419354838709677,37.634408602150536
0.7577989260025788,8.639357657895204,-0.41058349609375,0.63494873046875,0.33087158203125,0.5645751953125,1.6903225806451612,51.2218963831867,1.2999999999999998,39.39393939393939
0.7780025179963559,8.639357657895204,-0.41058349609375,0.63494873046875,0.33087158203125,0.5645751953125,1.6870967741935483,51.12414467253177,1.3903225806451613,42.13098729227762
0.7978097749873996,8.639357657895204,-0.41058349609375,0.63494873046875,0.33087158203125,0.5645751953125,1.696774193548387,51.417399804496576,1.4806451612903224,44.868035190615835
0.8178159829985816,8.639357657895204,-0.41058349609375,0.63494873046875,0.33087158203125,0.5645751953125,1.7193548387096773,52.101661779081134,1.5,45.45454545454546
0.8377750219951849,8.639357657895204,-0.41058349609375,0.63494873046875,0.33087158203125,0.5645751953125,1.696774193548387,51.417399804496576,1.5741935483870966,47.702834799608986
0.8577908629958984,8.639357657895204,-0.41058349609375,0.63494873046875,0.33087158203125,0.5645751953125,1.7,51.515151515151516,1.596774193548387,48.38709677419355
0.878251038986491,8.639357657895204,-0.41058349609375,0.63494873046875,0.33087158203125,0.5645751953125,1.7193548387096773,52.101661779081134,1.561290322580645,47.31182795698924
0.8994153999956325,8.639357657895204,-0.41058349609375,0.63494873046875,0.33087158203125,0.5645751953125,1.7064516129032257,51.71065493646139,1.5774193548387094,47.800586510263926
0.91828022399568,8.639357657895204,-0.41058349609375,0.63494873046875,0.33087158203125,0.5645751953125,1.7032258064516128,51.61290322580645,1.635483870967742,49.56011730205279
0.9398996089876164,8.639357657895204,-0.41058349609375,0.63494873046875,0.33087158203125,0.5645751953125,1.7096774193548387,51.80840664711632,1.4870967741935484,45.06353861192571
0.95813273100066,8.639357657895204,-0.41058349609375,0.63494873046875,0.33087158203125,0.5645751953125,1.7193548387096773,52.101661779081134,1.5451612903225804,46.82306940371456
0.9793181490094867,8.639357657895204,-0.41058349609375,0.63494873046875,0.33087158203125,0.5645751953125,1.7032258064516128,51.61290322580645,1.5709677419354837,47.60508308895405
0.9981964449980296,8.639357657895204,-0.41058349609375,0.63494873046875,0.33087158203125,0.5645751953125,1.6806451612903226,50.9286412512219,1.5451612903225804,46.82306940371456
1.0189375600020867,8.639357657895204,-0.41058349609375,0.63494873046875,0.33087158203125,0.5645751953125,1.7,51.515151515151516,1.4258064516129032,43.20625610948191
1.0385661869950127,8.639357657895204,-0.41058349609375,0.63494873046875,0.33087158203125,0.5645751953125,1.6612903225806452,50.34213098729228,1.5096774193548386,45.74780058651026
1.0584806480037514,8.639357657895204,-0.41058349609375,0.63494873046875,0.33087158203125,0.5645751953125,1.7096774193548387,51.80840664711632,1.6193548387096772,49.071358748778096
1.079847927991068,8.639357657895204,-0.41058349609375,0.63494873046875,0.33087158203125,0.5645751953125,1.7,51.515151515151516,1.632258064516129,49.462365591397855
1.0988893980102148,8.639357657895204,-0.41058349609375,0.63494873046875,0.33087158203125,0.5645751953125,1.6741935483870967,50.733137829912025,1.590322580645161,48.19159335288367
1.1188933340017684,8.639357657895204,-0.41058349609375,0.63494873046875,0.33087158203125,0.5645751953125,1.6935483870967742,51.31964809384164,1.5516129032258064,47.018572825024435
1.1394643310050014,8.639357657895204,-0.41058349609375,0.63494873046875,0.33087158203125,0.5645751953125,1.7,51.515151515151516,1.5193548387096774,46.04105571847507
1.159431690000929,8.639357657895204,-0.41058349609375,0.63494873046875,0.33087158203125,0.5645751953125,1.6935483870967742,51.31964809384164,1.4903225806451612,45.16129032258064
1.1814794100064319,8.639357657895204,-0.41058349609375,0.63494873046875,0.33087158203125,0.5645751953125,1.6838709677419355,51.02639296187683,1.4806451612903224,44.868035190615835
1.199157600000035,8.639357657895204,-0.41058349609375,0.63494873046875,0.33087158203125,0.5645751953125,1.6935483870967742,51.31964809384164,1.3419354838709676,40.66471163245357
1.2192683879984543,8.639357657895204,-0.41058349609375,0.63494873046875,0.33087158203125,0.5645751953125,1.667741935483871,50.53763440860215,1.2677419354838708,38.41642228739003
1.2392072659858968,8.639357657895204,-0.41058349609375,0.63494873046875,0.33087158203125,0.5645751953125,1.664516129032258,50.43988269794721,1.2,36.36363636363637
1.2600197430001572,8.639357657895204,-0.41058349609375,0.63494873046875,0.33087158203125,0.5645751953125,1.6612903225806452,50.34213098729228,1.1612903225806452,35.19061583577713
1.2790571489895228,8.639357657895204,-0.41058349609375,0.63494873046875,0.33087158203125,0.5645751953125,1.6483870967741936,49.95112414467254,1.0161290322580645,30.791788856304986
1.2996019999845885,8.639357657895204,-0.41058349609375,0.63494873046875,0.33087158203125,0.5645751953125,1.6387096774193548,49.65786901270772,0.8838709677419354,26.783968719452588
1.3189973070111591,8.639357657895204,-0.41058349609375,0.63494873046875,0.33087158203125,0.5645751953125,1.6258064516129032,49.266862170087975,0.6258064516129032,18.963831867057674
1.3394683960068505,8.639357657895204,-0.41058349609375,0.63494873046875,0.33087158203125,0.5645751953125,1.596774193548387,48.38709677419355,0.5225806451612903,15.835777126099707
1.359767190006096,8.639357657895204,-0.41058349609375,0.63494873046875,0.33087158203125,0.5645751953125,1.6032258064516127,48.58260019550342,0.2193548387096774,6.647116324535679
1.3791480970103294,8.639357657895204,-0.41058349609375,0.63494873046875,0.33087158203125,0.5645751953125,1.6064516129032256,48.68035190615835,0.1774193548387097,5.376344086021506
1.399765334004769,8.639357657895204,-0.41058349609375,0.63494873046875,0.33087158203125,0.5645751953125,1.5999999999999999,48.484848484848484,0.2225806451612903,6.744868035190615
1.4195270859927405,8.639357657895204,-0.41058349609375,0.63494873046875,0.33087158203125,0.5645751953125,1.596774193548387,48.38709677419355,0.24838709677419354,7.526881720430108
1.4406638299988117,8.639357657895204,-0.41058349609375,0.63494873046875,0.33087158203125,0.5645751953125,1.5838709677419354,47.9960899315738,0.058064516129032254,1.759530791788856
1.4596214889897965,8.639357657895204,-0.41058349609375,0.63494873046875,0.33087158203125,0.5645751953125,1.5806451612903225,47.898338220918866,0.0,0.0
1.4797743569943123,8.639357657895204,-0.41058349609375,0.63494873046875,0.33087158203125,0.5645751953125,1.5064516129032257,45.650048875855326,0.0,0.0
1.5016659109969623,8.639357657895204,-0.41058349609375,0.63494873046875,0.33087158203125,0.5645751953125,1.5483870967741935,46.9208211143695,0.27741935483870966,8.406647116324535
1.5198113170044962,8.639357657895204,-0.41058349609375,0.63494873046875,0.33087158203125,0.5645751953125,1.5354838709677419,46.52981427174975,0.3225806451612903,9.775171065493646
1.5402133140014485,8.639357657895204,-0.41058349609375,0.63494873046875,0.33087158203125,0.5645751953125,1.5129032258064514,45.8455522971652,0.39677419354838706,12.023460410557183
1.5599834169843234,8.639357657895204,-0.41058349609375,0.63494873046875,0.33087158203125,0.5645751953125,1.525806451612903,46.236559139784944,0.5064516129032258,15.347018572825025
1.5801668140047695,8.639357657895204,-0.41058349609375,0.63494873046875,0.33087158203125,0.5645751953125,1.6290322580645162,49.36461388074292,0.6870967741935483,20.821114369501466
1.6002154870075174,8.639357657895204,-0.41058349609375,0.63494873046875,0.33087158203125,0.5645751953125,1.593548387096774,48.289345063538605,0.8387096774193549,25.41544477028348
1.621134749992052,8.639357657895204,-0.41058349609375,0.63494873046875,0.33087158203125,0.5645751953125,1.6483870967741936,49.95112414467254,1.0838709677419354,32.84457478005865
1.6401211459888145,8.639357657895204,-0.41058349609375,0.63494873046875,0.33087158203125,0.5645751953125,1.6483870967741936,49.95112414467254,1.4064516129032258,42.619745845552295
1.6615223459957633,8.639357657895204,-0.41058349609375,0.63494873046875,0.33087158203125,0.5645751953125,1.7,51.515151515151516,1.5870967741935482,48.09384164222873
1.680269661010243,8.639357657895204,-0.41058349609375,0.63494873046875,0.33087158203125,0.5645751953125,1.729032258064516,52.39491691104594,1.6258064516129032,49.266862170087975
1.700392575992737,8.639357657895204,-0.41058349609375,0.63494873046875,0.33087158203125,0.5645751953125,1.7548387096774192,53.17693059628543,1.7483870967741935,52.98142717497556
1.7210488859855104,8.639357657895204,-0.41058349609375,0.63494873046875,0.33087158203125,0.5645751953125,1.7741935483870968,53.76344086021506,1.729032258064516,52.39491691104594
1.7404484800063074,8.639357657895204,-0.41058349609375,0.63494873046875,0.33087158203125,0.5645751953125,1.829032258064516,55.42521994134897,1.729032258064516,52.39491691104594
1.7606207089847885,8.639357657895204,-0.41058349609375,0.63494873046875,0.33087158203125,0.5645751953125,1.8451612903225805,55.91397849462365,1.7548387096774192,53.17693059628543
1.78085434899549,8.639357657895204,-0.41058349609375,0.63494873046875,0.33087158203125,0.5645751953125,1.9,57.57575757575758,1.8161290322580643,55.034213098729225
1.8006141789956018,8.639357657895204,-0.41058349609375,0.63494873046875,0.33087158203125,0.5645751953125,1.8709677419354838,56.695992179863154,1.8548387096774193,56.20723362658847
1.8213986860064324,8.639357657895204,-0.41058349609375,0.63494873046875,0.33087158203125,0.5645751953125,1.8935483870967742,57.380254154447705,1.8709677419354838,56.695992179863154
1.8409897740057204,8.639357657895204,-0.41058349609375,0.63494873046875,0.33087158203125,0.5645751953125,1.8709677419354838,56.695992179863154,1.8709677419354838,56.695992179863154
1.8608953059883788,8.639357657895204,-0.41058349609375,0.63494873046875,0.33087158203125,0.5645751953125,1.8806451612903226,56.98924731182796,1.932258064516129,58.55327468230694
1.8807770929997787,8.639357657895204,-0.41058349609375,0.63494873046875,0.33087158203125,0.5645751953125,1.8935483870967742,57.380254154447705,1.8677419354838707,56.59824046920821
1.9184841139940545,8.639357657895204,-0.41058349609375,0.63494873046875,0.33087158203125,0.5645751953125,1.929032258064516,58.45552297165201,1.8548387096774193,56.20723362658847
1.9212639559991658,8.639357657895204,-0.41058349609375,0.63494873046875,0.33087158203125,0.5645751953125,1.9064516129032258,57.77126099706745,1.8548387096774193,56.20723362658847
1.9412752199859824,8.639357657895204,-0.41058349609375,0.63494873046875,0.33087158203125,0.5645751953125,1.9064516129032258,57.77126099706745,1.9258064516129032,58.35777126099707
1.9618026929965708,8.639357657895204,-0.41058349609375,0.63494873046875,0.33087158203125,0.5645751953125,1.9806451612903224,60.01955034213099,1.964516129032258,59.530791788856305
1.9812293599825352,8.639357657895204,-0.41058349609375,0.63494873046875,0.33087158203125,0.5645751953125,1.9806451612903224,60.01955034213099,2.032258064516129,61.58357771260997
2.001218607008923,8.639357657895204,-0.41058349609375,0.63494873046875,0.33087158203125,0.5645751953125,1.9774193548387096,59.92179863147605,1.9870967741935484,60.215053763440864
2.021416372997919,8.639357657895204,-0.41058349609375,0.63494873046875,0.33087158203125,0.5645751953125,1.9838709677419355,60.117302052785924,2.0483870967741935,62.07233626588465
2.0417685440042987,8.639357657895204,-0.41058349609375,0.63494873046875,0.33087158203125,0.5645751953125,1.9451612903225806,58.94428152492669,1.9870967741935484,60.215053763440864
2.0619244530098513,8.639357657895204,-0.41058349609375,0.63494873046875,0.33087158203125,0.5645751953125,1.961290322580645,59.43304007820137,1.996774193548387,60.50830889540567
2.081658457987942,8.639357657895204,-0.41058349609375,0.63494873046875,0.33087158203125,0.5645751953125,1.964516129032258,59.530791788856305,2.0483870967741935,62.07233626588465
2.101696314988658,8.639357657895204,-0.41058349609375,0.63494873046875,0.33087158203125,0.5645751953125,1.9387096774193548,58.748778103616814,2.0,60.60606060606061
2.123456406989135,8.639357657895204,-0.41058349609375,0.63494873046875,0.33087158203125,0.5645751953125,1.9870967741935484,60.215053763440864,2.029032258064516,61.48582600195503
2.1423898409993853,8.639357657895204,-0.41058349609375,0.63494873046875,0.33087158203125,0.5645751953125,1.9548387096774194,59.2375366568915,2.0354838709677416,61.6813294232649
2.162044803990284,8.639357657895204,-0.41058349609375,0.63494873046875,0.33087158203125,0.5645751953125,1.964516129032258,59.530791788856305,2.061290322580645,62.4633431085044
2.1822599139995873,8.639357657895204,-0.41058349609375,0.63494873046875,0.33087158203125,0.5645751953125,1.9580645161290322,59.33528836754643,2.054838709677419,62.267839687194524
2.202334603993222,8.639357657895204,-0.41058349609375,0.63494873046875,0.33087158203125,0.5645751953125,2.0,60.60606060606061,2.02258064516129,61.29032258064516
2.222057248989586,8.639357657895204,-0.41058349609375,0.63494873046875,0.33087158203125,0.5645751953125,1.9451612903225806,58.94428152492669,2.0387096774193547,61.779081133919846
2.2419903980044182,8.639357657895204,-0.41058349609375,0.63494873046875,0.33087158203125,0.5645751953125,1.9258064516129032,58.35777126099707,2.0387096774193547,61.779081133919846
2.2623711779888254,8.639357657895204,-0.41058349609375,0.63494873046875,0.33087158203125,0.5645751953125,1.9064516129032258,57.77126099706745,1.9548387096774194,59.2375366568915
2.2823245199979283,8.639357657895204,-0.41058349609375,0.63494873046875,0.33087158203125,0.5645751953125,1.8322580645161288,55.5229716520039,1.9741935483870967,59.82404692082112
2.3028974990011193,8.639357657895204,-0.41058349609375,0.63494873046875,0.33087158203125,0.5645751953125,1.8387096774193548,55.71847507331379,1.9774193548387096,59.92179863147605
2.3228164709871635,8.639357657895204,-0.41058349609375,0.63494873046875,0.33087158203125,0.5645751953125,1.8225806451612903,55.229716520039105,1.9806451612903224,60.01955034213099
2.3439325409999583,8.639357657895204,-0.41058349609375,0.63494873046875,0.33087158203125,0.5645751953125,1.8032258064516127,54.64320625610948,1.9064516129032258,57.77126099706745
2.36266721598804,8.639357657895204,-0.41058349609375,0.63494873046875,0.33087158203125,0.5645751953125,1.8096774193548386,54.83870967741935,1.8677419354838707,56.59824046920821
2.3824942169885617,8.639357657895204,-0.41058349609375,0.63494873046875,0.33087158203125,0.5645751953125,1.793548387096774,54.34995112414467,1.8225806451612903,55.229716520039105
2.40245376600069,8.639357657895204,-0.41058349609375,0.63494873046875,0.33087158203125,0.5645751953125,1.7741935483870968,53.76344086021506,1.8161290322580643,55.034213098729225
2.4226486519910395,8.639357657895204,-0.41058349609375,0.63494873046875,0.33087158203125,0.5645751953125,1.7387096774193547,52.68817204301075,1.7,51.515151515151516
2.4426681399927475,8.639357657895204,-0.41058349609375,0.63494873046875,0.33087158203125,0.5645751953125,1.7129032258064516,51.90615835777126,1.7419354838709677,52.785923753665685
2.4629719569929875,8.639357657895204,-0.41058349609375,0.63494873046875,0.33087158203125,0.5645751953125,1.7258064516129032,52.29716520039101,1.7064516129032257,51.71065493646139
2.4826904729998205,8.639357657895204,-0.41058349609375,0.63494873046875,0.33087158203125,0.5645751953125,1.7,51.515151515151516,1.7129032258064516,51.90615835777126
2.504872340010479,8.639357657895204,-0.41058349609375,0.63494873046875,0.33087158203125,0.5645751953125,1.6903225806451612,51.2218963831867,1.6903225806451612,51.2218963831867
2.522852266993141,8.639357657895204,-0.41058349609375,0.63494873046875,0.33087158203125,0.5645751953125,1.7129032258064516,51.90615835777126,1.6806451612903226,50.9286412512219
2.54285341699142,8.639357657895204,-0.41058349609375,0.63494873046875,0.33087158203125,0.5645751953125,1.7129032258064516,51.90615835777126,1.6451612903225807,49.8533724340176
2.563068013987504,8.639357657895204,-0.41058349609375,0.63494873046875,0.33087158203125,0.5645751953125,1.7032258064516128,51.61290322580645,1.6129032258064515,48.87585532746823
2.586129142990103,8.639357657895204,-0.41058349609375,0.63494873046875,0.33087158203125,0.5645751953125,1.6935483870967742,51.31964809384164,1.635483870967742,49.56011730205279
2.6102220850007143,8.639357657895204,-0.41058349609375,0.63494873046875,0.33087158203125,0.5645751953125,1.6806451612903226,50.9286412512219,1.6903225806451612,51.2218963831867
2.6334026109834667,8.639357657895204,-0.41058349609375,0.63494873046875,0.33087158203125,0.5645751953125,1.6516129032258065,50.048875855327466,1.696774193548387,51.417399804496576
2.649269568006275,8.639357657895204,-0.41058349609375,0.63494873046875,0.33087158203125,0.5645751953125,1.6516129032258065,50.048875855327466,1.6483870967741936,49.95112414467254
2.663077956007328,8.639357657895204,-0.41058349609375,0.63494873046875,0.33087158203125,0.5645751953125,1.664516129032258,50.43988269794721,1.596774193548387,48.38709677419355
2.684170311986236,8.639357657895204,-0.41058349609375,0.63494873046875,0.33087158203125,0.5645751953125,1.6451612903225807,49.8533724340176,1.667741935483871,50.53763440860215
2.704330028005643,8.639357657895204,-0.41058349609375,0.63494873046875,0.33087158203125,0.5645751953125,1.6483870967741936,49.95112414467254,1.7064516129032257,51.71065493646139
2.7233301189844497,8.639357657895204,-0.41058349609375,0.63494873046875,0.33087158203125,0.5645751953125,1.6483870967741936,49.95112414467254,1.6870967741935483,51.12414467253177
2.744566863984801,8.639357657895204,-0.41058349609375,0.63494873046875,0.33087158203125,0.5645751953125,1.635483870967742,49.56011730205279,1.6290322580645162,49.36461388074292
2.763583980005933,8.639357657895204,-0.41058349609375,0.63494873046875,0.33087158203125,0.5645751953125,1.6483870967741936,49.95112414467254,1.6161290322580644,48.97360703812317
2.7837491990067065,8.639357657895204,-0.41058349609375,0.63494873046875,0.33087158203125,0.5645751953125,1.596774193548387,48.38709677419355,1.5161290322580645,45.94330400782014
2.8056503839907236,8.639357657895204,-0.41058349609375,0.63494873046875,0.33087158203125,0.5645751953125,1.62258064516129,49.169110459433035,1.164516129032258,35.28836754643206
2.8235068829962984,8.639357657895204,-0.41058349609375,0.63494873046875,0.33087158203125,0.5645751953125,1.6032258064516127,48.58260019550342,1.0806451612903225,32.74682306940371
2.8439327839878388,8.639357657895204,-0.41058349609375,0.63494873046875,0.33087158203125,0.5645751953125,1.593548387096774,48.289345063538605,1.0709677419354837,32.453567937438905
2.864541763003217,8.639357657895204,-0.41058349609375,0.63494873046875,0.33087158203125,0.5645751953125,1.593548387096774,48.289345063538605,1.0193548387096774,30.889540566959923
2.884069872001419,8.639357657895204,-0.41058349609375,0.63494873046875,0.33087158203125,0.5645751953125,1.5999999999999999,48.484848484848484,0.9032258064516129,27.370478983382213
2.904640577995451,8.639357657895204,-0.41058349609375,0.63494873046875,0.33087158203125,0.5645751953125,1.5709677419354837,47.60508308895405,0.864516129032258,26.19745845552297
2.9241138699871954,8.639357657895204,-0.41058349609375,0.63494873046875,0.33087158203125,0.5645751953125,1.6193548387096772,49.071358748778096,0.7806451612903225,23.65591397849462
2.9440487459942233,8.639357657895204,-0.41058349609375,0.63494873046875,0.33087158203125,0.5645751953125,1.5870967741935482,48.09384164222873,0.6935483870967742,21.016617790811342
2.9641806519939564,8.639357657895204,-0.41058349609375,0.63494873046875,0.33087158203125,0.5645751953125,1.593548387096774,48.289345063538605,0.6838709677419353,20.723362658846526
2.984353679988999,8.639357657895204,-0.41058349609375,0.63494873046875,0.33087158203125,0.5645751953125,1.5709677419354837,47.60508308895405,0.5451612903225805,16.520039100684258
3.004317324986914,8.639357657895204,-0.41058349609375,0.63494873046875,0.33087158203125,0.5645751953125,1.561290322580645,47.31182795698924,0.4483870967741935,13.587487781036167
3.024214375007432,8.639357657895204,-0.41058349609375,0.63494873046875,0.33087158203125,0.5645751953125,1.5548387096774192,47.11632453567937,0.4096774193548387,12.41446725317693
3.045355980983004,8.639357657895204,-0.41058349609375,0.63494873046875,0.33087158203125,0.5645751953125,1.529032258064516,46.33431085043988,0.4258064516129032,12.903225806451612
3.0644443630008027,8.639357657895204,-0.41058349609375,0.63494873046875,0.33087158203125,0.5645751953125,1.5161290322580645,45.94330400782014,0.5645161290322581,17.106549364613883
3.084631311998237,8.639357657895204,-0.41058349609375,0.63494873046875,0.33087158203125,0.5645751953125,1.493548387096774,45.25904203323558,0.39999999999999997,12.121212121212121
3.1060143979848363,8.639357657895204,-0.41058349609375,0.63494873046875,0.33087158203125,0.5645751953125,1.496774193548387,45.35679374389051,0.4967741935483871,15.053763440860216
3.1245481689984445,8.639357657895204,-0.41058349609375,0.63494873046875,0.33087158203125,0.5645751953125,1.4903225806451612,45.16129032258064,0.5451612903225805,16.520039100684258
3.144615753000835,8.639357657895204,-0.41058349609375,0.63494873046875,0.33087158203125,0.5645751953125,1.4870967741935484,45.06353861192571,0.561290322580645,17.00879765395894
3.1647141219873447,8.639357657895204,-0.41058349609375,0.63494873046875,0.33087158203125,0.5645751953125,1.429032258064516,43.30400782013685,0.5548387096774193,16.81329423264907
3.184741512988694,8.639357657895204,-0.41058349609375,0.63494873046875,0.33087158203125,0.5645751953125,1.4161290322580644,42.91300097751711,0.34516129032258064,10.459433040078201
3.204869195993524,8.639357657895204,-0.41058349609375,0.63494873046875,0.33087158203125,0.5645751953125,1.4193548387096775,43.01075268817205,0.3548387096774194,10.752688172043012
3.2254470699990634,8.639357657895204,-0.41058349609375,0.63494873046875,0.33087158203125,0.5645751953125,1.4225806451612903,43.10850439882698,0.0,0.0
3.244954827008769,8.639357657895204,-0.41058349609375,0.63494873046875,0.33087158203125,0.5645751953125,1.3870967741935485,42.033235581622684,0.24193548387096775,7.331378299120235
3.2650251949962694,8.639357657895204,-0.41058349609375,0.63494873046875,0.33087158203125,0.5645751953125,1.3903225806451613,42.13098729227762,0.0,0.0
3.285062281996943,8.639357657895204,-0.41058349609375,0.63494873046875,0.33087158203125,0.5645751953125,1.4161290322580644,42.91300097751711,0.0,0.0
3.3053238569991663,8.639357657895204,-0.41058349609375,0.63494873046875,0.33087158203125,0.5645751953125,1.4225806451612903,43.10850439882698,0.0,0.0
3.325341583986301,8.639357657895204,-0.41058349609375,0.63494873046875,0.33087158203125,0.5645751953125,1.4225806451612903,43.10850439882698,0.0,0.0
3.345060708001256,8.639357657895204,-0.41058349609375,0.63494873046875,0.33087158203125,0.5645751953125,1.4258064516129032,43.20625610948191,0.04838709677419355,1.466275659824047
3.3651796219928656,8.639357657895204,-0.41058349609375,0.63494873046875,0.33087158203125,0.5645751953125,1.4129032258064516,42.81524926686217,0.07419354838709677,2.248289345063539
3.3870606459968258,8.639357657895204,-0.41058349609375,0.63494873046875,0.33087158203125,0.5645751953125,1.432258064516129,43.401759530791786,0.4161290322580645,12.609970674486803
3.4062983129988424,8.639357657895204,-0.41058349609375,0.63494873046875,0.33087158203125,0.5645751953125,1.4387096774193548,43.59726295210166,0.46774193548387094,14.173998044965789
3.4256971380091272,8.639357657895204,-0.41058349609375,0.63494873046875,0.33087158203125,0.5645751953125,1.4516129032258065,43.98826979472141,0.5935483870967742,17.98631476050831
3.4454519120045006,8.639357657895204,-0.41058349609375,0.63494873046875,0.33087158203125,0.5645751953125,1.4548387096774194,44.086021505376344,0.4580645161290322,13.880742913000976
3.465529831009917,8.639357657895204,-0.41058349609375,0.63494873046875,0.33087158203125,0.5645751953125,1.4225806451612903,43.10850439882698,0.6064516129032258,18.377321603128056
3.48562947998289,8.639357657895204,-0.41058349609375,0.63494873046875,0.33087158203125,0.5645751953125,1.4580645161290322,44.18377321603128,0.5967741935483871,18.084066471163247
3.5058693249884527,8.639357657895204,-0.41058349609375,0.63494873046875,0.33087158203125,0.5645751953125,1.5129032258064514,45.8455522971652,0.4935483870967742,14.95601173020528
3.525962988991523,8.639357657895204,-0.41058349609375,0.63494873046875,0.33087158203125,0.5645751953125,1.4870967741935484,45.06353861192571,0.19032258064516128,5.7673509286412505
3.545858566008974,8.639357657895204,-0.41058349609375,0.63494873046875,0.33087158203125,0.5645751953125,1.5096774193548386,45.74780058651026,0.0,0.0
3.5658836840011645,8.639357657895204,-0.41058349609375,0.63494873046875,0.33087158203125,0.5645751953125,1.5838709677419354,47.9960899315738,0.0,0.0
3.5867260469822213,8.639357657895204,-0.41058349609375,0.63494873046875,0.33087158203125,0.5645751953125,1.5870967741935482,48.09384164222873,0.0,0.0
3.6060373469954357,8.639357657895204,-0.41058349609375,0.63494873046875,0.33087158203125,0.5645751953125,1.6096774193548384,48.77810361681329,0.0032258064516129032,0.09775171065493646
3.626741721003782,8.639357657895204,-0.41058349609375,0.63494873046875,0.33087158203125,0.5645751953125,1.5870967741935482,48.09384164222873,0.0,0.0
3.646193186985329,8.639357657895204,-0.41058349609375,0.63494873046875,0.33087158203125,0.5645751953125,1.5999999999999999,48.484848484848484,0.012903225806451613,0.39100684261974583
3.6662605780002195,8.639357657895204,-0.41058349609375,0.63494873046875,0.33087158203125,0.5645751953125,1.5806451612903225,47.898338220918866,0.0,0.0
3.6863789790077135,8.639357657895204,-0.41058349609375,0.63494873046875,0.33087158203125,0.5645751953125,1.6064516129032256,48.68035190615835,0.019354838709677417,0.5865102639296187
3.706422849005321,8.639357657895204,-0.41058349609375,0.63494873046875,0.33087158203125,0.5645751953125,1.596774193548387,48.38709677419355,0.0,0.0
3.7271234150102828,8.639357657895204,-0.41058349609375,0.63494873046875,0.33087158203125,0.5645751953125,1.6096774193548384,48.77810361681329,0.0,0.0
3.746599904989125,8.639357657895204,-0.41058349609375,0.63494873046875,0.33087158203125,0.5645751953125,1.6096774193548384,48.77810361681329,0.14838709677419354,4.496578690127078
3.7672132040024735,8.639357657895204,-0.41058349609375,0.63494873046875,0.33087158203125,0.5645751953125,1.5225806451612902,46.138807429130004,0.12258064516129032,3.714565004887586
3.78676086498308,8.639357657895204,-0.41058349609375,0.63494873046875,0.33087158203125,0.5645751953125,1.5129032258064514,45.8455522971652,0.25806451612903225,7.820136852394917
3.8068906260014046,8.639357657895204,-0.41058349609375,0.63494873046875,0.33087158203125,0.5645751953125,1.4709677419354839,44.57478005865102,0.18709677419354837,5.669599217986314
3.8268914869986475,8.639357657895204,-0.41058349609375,0.63494873046875,0.33087158203125,0.5645751953125,1.496774193548387,45.35679374389051,0.14193548387096774,4.301075268817205
3.84760171698872,8.639357657895204,-0.41058349609375,0.63494873046875,0.33087158203125,0.5645751953125,1.4903225806451612,45.16129032258064,0.08709677419354839,2.6392961876832843
3.867009629000677,8.639357657895204,-0.41058349609375,0.63494873046875,0.33087158203125,0.5645751953125,1.4548387096774194,44.086021505376344,0.3129032258064516,9.481915933528837
3.8870729240006767,8.639357657895204,-0.41058349609375,0.63494873046875,0.33087158203125,0.5645751953125,1.5419354838709676,46.72531769305962,0.3064516129032258,9.286412512218964
3.9071948129858356,8.639357657895204,-0.41058349609375,0.63494873046875,0.33087158203125,0.5645751953125,1.525806451612903,46.236559139784944,0.4129032258064516,12.512218963831867
3.9273325109970756,8.639357657895204,-0.41058349609375,0.63494873046875,0.33087158203125,0.5645751953125,1.564516129032258,47.40957966764419,0.47419354838709676,14.369501466275661
3.948503172985511,8.639357657895204,-0.41058349609375,0.63494873046875,0.33087158203125,0.5645751953125,1.596774193548387,48.38709677419355,0.32580645161290317,9.872922776148581
3.9674176280095708,8.639357657895204,-0.41058349609375,0.63494873046875,0.33087158203125,0.5645751953125,1.5741935483870966,47.702834799608986,0.46774193548387094,14.173998044965789
3.987467322003795,8.639357657895204,-0.41058349609375,0.63494873046875,0.33087158203125,0.5645751953125,1.5193548387096774,46.04105571847507,0.4258064516129032,12.903225806451612
4.00758364298963,8.639357657895204,-0.41058349609375,0.63494873046875,0.33087158203125,0.5645751953125,1.496774193548387,45.35679374389051,0.46451612903225803,14.076246334310849
4.0279616370098665,8.639357657895204,-0.41058349609375,0.63494873046875,0.33087158203125,0.5645751953125,1.532258064516129,46.432062561094824,0.4580645161290322,13.880742913000976
4.047753850987647,8.639357657895204,-0.41058349609375,0.63494873046875,0.33087158203125,0.5645751953125,1.5193548387096774,46.04105571847507,0.46774193548387094,14.173998044965789
4.067865532008,8.639357657895204,-0.41058349609375,0.63494873046875,0.33087158203125,0.5645751953125,1.5032258064516129,45.552297165200386,0.46451612903225803,14.076246334310849
4.087909241992747,8.639357657895204,-0.41058349609375,0.63494873046875,0.33087158203125,0.5645751953125,1.5032258064516129,45.552297165200386,0.4838709677419355,14.66275659824047
4.107982585992431,8.639357657895204,-0.41058349609375,0.63494873046875,0.33087158203125,0.5645751953125,1.5064516129032257,45.650048875855326,0.5129032258064515,15.542521994134894
4.129806134005776,8.639357657895204,-0.41058349609375,0.63494873046875,0.33087158203125,0.5645751953125,1.4806451612903224,44.868035190615835,0.5516129032258064,16.715542521994134
4.148196314985398,8.639357657895204,-0.41058349609375,0.63494873046875,0.33087158203125,0.5645751953125,1.4806451612903224,44.868035190615835,0.6193548387096773,18.768328445747798
4.168460065004183,8.639357657895204,-0.41058349609375,0.63494873046875,0.33087158203125,0.5645751953125,1.4741935483870967,44.67253176930596,0.5548387096774193,16.81329423264907
4.188450173998717,8.639357657895204,-0.41058349609375,0.63494873046875,0.33087158203125,0.5645751953125,1.5,45.45454545454546,0.6193548387096773,18.768328445747798
4.209237686009146,8.639357657895204,-0.41058349609375,0.63494873046875,0.33087158203125,0.5645751953125,1.5548387096774192,47.11632453567937,0.567741935483871,17.20430107526882
4.228546202997677,8.639357657895204,-0.41058349609375,0.63494873046875,0.33087158203125,0.5645751953125,1.5806451612903225,47.898338220918866,0.5161290322580645,15.640273704789834
4.248610745999031,8.639357657895204,-0.41058349609375,0.63494873046875,0.33087158203125,0.5645751953125,1.5774193548387094,47.800586510263926,0.39354838709677414,11.925708699902247
4.268682296999032,8.639357657895204,-0.41058349609375,0.63494873046875,0.33087158203125,0.5645751953125,1.5709677419354837,47.60508308895405,0.432258064516129,13.098729227761485
4.2887966980051715,8.639357657895204,-0.41058349609375,0.63494873046875,0.33087158203125,0.5645751953125,1.5709677419354837,47.60508308895405,0.36774193548387096,11.143695014662756
4.3088592249841895,8.639357657895204,-0.41058349609375,0.63494873046875,0.33087158203125,0.5645751953125,1.5838709677419354,47.9960899315738,0.39999999999999997,12.121212121212121
4.3289088559977245,8.639357657895204,-0.41058349609375,0.63494873046875,0.33087158203125,0.5645751953125,1.590322580645161,48.19159335288367,0.35161290322580646,10.654936461388074
4.348985974997049,8.639357657895204,-0.41058349609375,0.63494873046875,0.33087158203125,0.5645751953125,1.5451612903225804,46.82306940371456,0.46774193548387094,14.173998044965789
4.3691016559896525,8.639357657895204,-0.41058349609375,0.63494873046875,0.33087158203125,0.5645751953125,1.5419354838709676,46.72531769305962,0.5096774193548387,15.444770283479961
4.389175224001519,8.639357657895204,-0.41058349609375,0.63494873046875,0.33087158203125,0.5645751953125,1.5548387096774192,47.11632453567937,0.4935483870967742,14.95601173020528
4.409236247010995,8.639357657895204,-0.41058349609375,0.63494873046875,0.33087158203125,0.5645751953125,1.5354838709677419,46.52981427174975,0.4064516129032258,12.316715542521994
4.42930869400152,8.639357657895204,-0.41058349609375,0.63494873046875,0.33087158203125,0.5645751953125,1.558064516129032,47.21407624633431,0.49032258064516127,14.858260019550343
4.449399317993084,8.639357657895204,-0.41058349609375,0.63494873046875,0.33087158203125,0.5645751953125,1.5387096774193547,46.62756598240469,0.4774193548387097,14.467253176930598
4.469521750987042,8.639357657895204,-0.41058349609375,0.63494873046875,0.33087158203125,0.5645751953125,1.5806451612903225,47.898338220918866,0.5806451612903226,17.595307917888565
4.489492880995385,8.639357657895204,-0.41058349609375,0.63494873046875,0.33087158203125,0.5645751953125,1.5677419354838709,47.507331378299114,0.4967741935483871,15.053763440860216
4.509582383994712,8.639357657895204,-0.41058349609375,0.63494873046875,0.33087158203125,0.5645751953125,1.561290322580645,47.31182795698924,0.5,15.151515151515152
4.529644781985553,8.639357657895204,-0.41058349609375,0.63494873046875,0.33087158203125,0.5645751953125,1.564516129032258,47.40957966764419,0.5064516129032258,15.347018572825025
4.5496901879960205,8.639357657895204,-0.41058349609375,0.63494873046875,0.33087158203125,0.5645751953125,1.5774193548387094,47.800586510263926,0.4935483870967742,14.95601173020528
4.569771178008523,8.639357657895204,-0.41058349609375,0.63494873046875,0.33087158203125,0.5645751953125,1.635483870967742,49.56011730205279,0.5580645161290322,16.911045943304007
4.589819527987856,8.639357657895204,-0.41058349609375,0.63494873046875,0.33087158203125,0.5645751953125,1.6483870967741936,49.95112414467254,0.7258064516129032,21.994134897360706
4.609972072998062,8.639357657895204,-0.41058349609375,0.63494873046875,0.33087158203125,0.5645751953125,1.6387096774193548,49.65786901270772,0.8225806451612904,24.9266862170088
4.630058087990619,8.639357657895204,-0.41058349609375,0.63494873046875,0.33087158203125,0.5645751953125,1.6903225806451612,51.2218963831867,0.8677419354838709,26.295210166177906
4.650096805009525,8.639357657895204,-0.41058349609375,0.63494873046875,0.33087158203125,0.5645751953125,1.6451612903225807,49.8533724340176,0.8548387096774194,25.90420332355816
4.670155939005781,8.639357657895204,-0.41058349609375,0.63494873046875,0.33087158203125,0.5645751953125,1.6387096774193548,49.65786901270772,0.9096774193548386,27.56598240469208
4.690220224991208,8.639357657895204,-0.41058349609375,0.63494873046875,0.33087158203125,0.5645751953125,1.6290322580645162,49.36461388074292,0.9483870967741935,28.739002932551323
4.710281887004385,8.639357657895204,-0.41058349609375,0.63494873046875,0.33087158203125,0.5645751953125,1.6387096774193548,49.65786901270772,0.9161290322580644,27.76148582600195
4.730352637008764,8.639357657895204,-0.41058349609375,0.63494873046875,0.33087158203125,0.5645751953125,1.6483870967741936,49.95112414467254,1.0709677419354837,32.453567937438905
4.750413050991483,8.639357657895204,-0.41058349609375,0.63494873046875,0.33087158203125,0.5645751953125,1.6193548387096772,49.071358748778096,1.0516129032258064,31.867057673509287
4.770476792997215,8.639357657895204,-0.41058349609375,0.63494873046875,0.33087158203125,0.5645751953125,1.6258064516129032,49.266862170087975,1.1032258064516127,33.43108504398827
4.7906415309989825,8.639357657895204,-0.41058349609375,0.63494873046875,0.33087158203125,0.5645751953125,1.62258064516129,49.169110459433035,1.0064516129032257,30.498533724340177
4.810650998988422,8.639357657895204,-0.41058349609375,0.63494873046875,0.33087158203125,0.5645751953125,1.6419354838709677,49.75562072336266,1.0483870967741935,31.76930596285435
4.830759990989463,8.639357657895204,-0.41058349609375,0.63494873046875,0.33087158203125,0.5645751953125,1.6193548387096772,49.071358748778096,1.032258064516129,31.28054740957967
4.8508073480043095,8.639357657895204,-0.41058349609375,0.63494873046875,0.33087158203125,0.5645751953125,1.5451612903225804,46.82306940371456,1.0032258064516129,30.40078201368524
4.871989336999832,8.639357657895204,-0.41058349609375,0.63494873046875,0.33087158203125,0.5645751953125,1.5774193548387094,47.800586510263926,1.0483870967741935,31.76930596285435
4.890952176996507,8.639357657895204,-0.41058349609375,0.63494873046875,0.33087158203125,0.5645751953125,1.5870967741935482,48.09384164222873,1.0548387096774192,31.964809384164223
4.911008046998177,8.639357657895204,-0.41058349609375,0.63494873046875,0.33087158203125,0.5645751953125,1.5709677419354837,47.60508308895405,1.0612903225806452,32.16031280547409
4.931087212986313,8.639357657895204,-0.41058349609375,0.63494873046875,0.33087158203125,0.5645751953125,1.6096774193548384,48.77810361681329,1.0354838709677419,31.378299120234605
4.951138795004226,8.639357657895204,-0.41058349609375,0.63494873046875,0.33087158203125,0.5645751953125,1.6451612903225807,49.8533724340176,1.0806451612903225,32.74682306940371
4.971241866005585,8.639357657895204,-0.41058349609375,0.63494873046875,0.33087158203125,0.5645751953125,1.7193548387096773,52.101661779081134,1.058064516129032,32.06256109481915
4.991297383996425,8.639357657895204,-0.41058349609375,0.63494873046875,0.33087158203125,0.5645751953125,1.7,51.515151515151516,1.0419354838709676,31.57380254154447
5.011415752000175,8.639357657895204,-0.41058349609375,0.63494873046875,0.33087158203125,0.5645751953125,1.6516129032258065,50.048875855327466,1.0838709677419354,32.84457478005865
5.031447941000806,8.639357657895204,-0.41058349609375,0.63494873046875,0.33087158203125,0.5645751953125,1.62258064516129,49.169110459433035,1.0516129032258064,31.867057673509287
5.05153562000487,8.639357657895204,-0.41058349609375,0.63494873046875,0.33087158203125,0.5645751953125,1.635483870967742,49.56011730205279,1.0290322580645161,31.182795698924732
5.0715851220011245,8.639357657895204,-0.41058349609375,0.63494873046875,0.33087158203125,0.5645751953125,1.62258064516129,49.169110459433035,1.0774193548387097,32.64907135874878
5.091635902994312,8.639357657895204,-0.41058349609375,0.63494873046875,0.33087158203125,0.5645751953125,1.6741935483870967,50.733137829912025,1.0,30.303030303030305
5.111709533986868,8.639357657895204,-0.41058349609375,0.63494873046875,0.33087158203125,0.5645751953125,1.6774193548387097,50.83088954056696,0.7064516129032258,21.407624633431084
5.131769114988856,8.639357657895204,-0.41058349609375,0.63494873046875,0.33087158203125,0.5645751953125,1.667741935483871,50.53763440860215,0.5451612903225805,16.520039100684258
5.152980577986455,8.639357657895204,-0.41058349609375,0.63494873046875,0.33087158203125,0.5645751953125,1.6612903225806452,50.34213098729228,0.6225806451612903,18.866080156402738
5.17197240999667,8.639357657895204,-0.41058349609375,0.63494873046875,0.33087158203125,0.5645751953125,1.6258064516129032,49.266862170087975,0.5709677419354839,17.302052785923756
5.192076570005156,8.639357657895204,-0.41058349609375,0.63494873046875,0.33087158203125,0.5645751953125,1.6580645161290322,50.24437927663734,0.5161290322580645,15.640273704789834
5.212168120982824,8.639357657895204,-0.41058349609375,0.63494873046875,0.33087158203125,0.5645751953125,1.6935483870967742,51.31964809384164,0.5516129032258064,16.715542521994134
5.232250486995326,8.639357657895204,-0.41058349609375,0.63494873046875,0.33087158203125,0.5645751953125,1.6870967741935483,51.12414467253177,0.5709677419354839,17.302052785923756
5.252359446982155,8.639357657895204,-0.41058349609375,0.63494873046875,0.33087158203125,0.5645751953125,1.7129032258064516,51.90615835777126,0.6161290322580645,18.670576735092865
5.2724218450021,8.639357657895204,-0.41058349609375,0.63494873046875,0.33087158203125,0.5645751953125,1.729032258064516,52.39491691104594,0.6354838709677418,19.25708699902248
5.292504851997364,8.639357657895204,-0.41058349609375,0.63494873046875,0.33087158203125,0.5645751953125,1.761290322580645,53.3724340175953,0.6870967741935483,20.821114369501466
5.312622131983517,8.639357657895204,-0.41058349609375,0.63494873046875,0.33087158203125,0.5645751953125,1.7387096774193547,52.68817204301075,0.6838709677419353,20.723362658846526
5.3327025460021105,8.639357657895204,-0.41058349609375,0.63494873046875,0.33087158203125,0.5645751953125,1.7806451612903225,53.95894428152492,0.8741935483870967,26.49071358748778
5.35276724799769,8.639357657895204,-0.41058349609375,0.63494873046875,0.33087158203125,0.5645751953125,1.696774193548387,51.417399804496576,0.9129032258064516,27.663734115347015
5.3728519509895705,8.639357657895204,-0.41058349609375,0.63494873046875,0.33087158203125,0.5645751953125,1.7096774193548387,51.80840664711632,1.0064516129032257,30.498533724340177
5.392937773984158,8.639357657895204,-0.41058349609375,0.63494873046875,0.33087158203125,0.5645751953125,1.7419354838709677,52.785923753665685,1.0677419354838709,32.355816226783965
5.413031181000406,8.639357657895204,-0.41058349609375,0.63494873046875,0.33087158203125,0.5645751953125,1.7451612903225806,52.883675464320625,1.0193548387096774,30.889540566959923
5.433133868995355,8.639357657895204,-0.41058349609375,0.63494873046875,0.33087158203125,0.5645751953125,1.7354838709677418,52.59042033235581,1.0193548387096774,30.889540566959923
5.453205739002442,8.639357657895204,-0.41058349609375,0.63494873046875,0.33087158203125,0.5645751953125,1.7548387096774192,53.17693059628543,1.1290322580645162,34.21309872922777
5.47325495100813,8.639357657895204,-0.41058349609375,0.63494873046875,0.33087158203125,0.5645751953125,1.7709677419354837,53.665689149560116,1.2516129032258063,37.92766373411535
5.493307011987781,8.639357657895204,-0.41058349609375,0.63494873046875,0.33087158203125,0.5645751953125,1.7709677419354837,53.665689149560116,1.4161290322580644,42.91300097751711
5.513369728985708,8.639357657895204,-0.41058349609375,0.63494873046875,0.33087158203125,0.5645751953125,1.7677419354838708,53.567937438905176,1.558064516129032,47.21407624633431
5.533433949982282,8.639357657895204,-0.41058349609375,0.63494873046875,0.33087158203125,0.5645751953125,1.7806451612903225,53.95894428152492,1.5451612903225804,46.82306940371456
5.553499898989685,8.639357657895204,-0.41058349609375,0.63494873046875,0.33087158203125,0.5645751953125,1.8064516129032258,54.74095796676443,1.6516129032258065,50.048875855327466
5.5735877369879745,8.639357657895204,-0.41058349609375,0.63494873046875,0.33087158203125,0.5645751953125,1.8419354838709676,55.816226783968716,1.7193548387096773,52.101661779081134
5.593670486006886,8.639357657895204,-0.41058349609375,0.63494873046875,0.33087158203125,0.5645751953125,1.8193548387096772,55.13196480938416,1.7387096774193547,52.68817204301075
5.613700946007157,8.639357657895204,-0.41058349609375,0.63494873046875,0.33087158203125,0.5645751953125,1.8161290322580643,55.034213098729225,1.7419354838709677,52.785923753665685
5.633780815987848,8.639357657895204,-0.41058349609375,0.63494873046875,0.33087158203125,0.5645751953125,1.8903225806451613,57.28250244379277,1.8483870967741933,56.01173020527859
5.653901295008836,8.639357657895204,-0.41058349609375,0.63494873046875,0.33087158203125,0.5645751953125,1.7999999999999998,54.54545454545454,1.8516129032258062,56.10948191593352
5.673928073985735,8.639357657895204,-0.41058349609375,0.63494873046875,0.33087158203125,0.5645751953125,1.8193548387096772,55.13196480938416,1.8032258064516127,54.64320625610948
5.693991623003967,8.639357657895204,-0.41058349609375,0.63494873046875,0.33087158203125,0.5645751953125,1.8064516129032258,54.74095796676443,1.8032258064516127,54.64320625610948
5.714055588003248,8.639357657895204,-0.41058349609375,0.63494873046875,0.33087158203125,0.5645751953125,1.8193548387096772,55.13196480938416,1.729032258064516,52.39491691104594
5.734122241992736,8.639357657895204,-0.41058349609375,0.63494873046875,0.33087158203125,0.5645751953125,1.7580645161290323,53.27468230694038,1.6580645161290322,50.24437927663734
5.754193439002847,8.639357657895204,-0.41058349609375,0.63494873046875,0.33087158203125,0.5645751953125,1.7419354838709677,52.785923753665685,1.62258064516129,49.169110459433035
5.774249820009572,8.639357657895204,-0.41058349609375,0.63494873046875,0.33087158203125,0.5645751953125,1.7354838709677418,52.59042033235581,1.5999999999999999,48.484848484848484
5.7943256569851656,8.639357657895204,-0.41058349609375,0.63494873046875,0.33087158203125,0.5645751953125,1.7225806451612902,52.19941348973607,1.329032258064516,40.27370478983382
5.814410550985485,8.639357657895204,-0.41058349609375,0.63494873046875,0.33087158203125,0.5645751953125,1.7,51.515151515151516,1.1838709677419355,35.87487781036168
5.8344578109972645,8.639357657895204,-0.41058349609375,0.63494873046875,0.33087158203125,0.5645751953125,1.7580645161290323,53.27468230694038,1.1096774193548387,33.62658846529814
5.854536784987431,8.639357657895204,-0.41058349609375,0.63494873046875,0.33087158203125,0.5645751953125,1.7516129032258063,53.0791788856305,1.0129032258064516,30.69403714565005
5.874583820987027,8.639357657895204,-0.41058349609375,0.63494873046875,0.33087158203125,0.5645751953125,1.7516129032258063,53.0791788856305,0.8870967741935484,26.88172043010753
5.894647690001875,8.639357657895204,-0.41058349609375,0.63494873046875,0.33087158203125,0.5645751953125,1.7806451612903225,53.95894428152492,0.8258064516129032,25.024437927663733
5.91472448798595,8.639357657895204,-0.41058349609375,0.63494873046875,0.33087158203125,0.5645751953125,1.9483870967741934,59.04203323558163,0.8419354838709677,25.513196480938415
5.934789060993353,8.639357657895204,-0.41058349609375,0.63494873046875,0.33087158203125,0.5645751953125,1.8935483870967742,57.380254154447705,0.39354838709677414,11.925708699902247
5.9548506579885725,8.639357657895204,-0.41058349609375,0.63494873046875,0.33087158203125,0.5645751953125,1.9193548387096775,58.162267839687196,0.37741935483870964,11.436950146627565
5.974956767982803,8.639357657895204,-0.41058349609375,0.63494873046875,0.33087158203125,0.5645751953125,1.8903225806451613,57.28250244379277,0.39354838709677414,11.925708699902247
5.995055037987186,8.639357657895204,-0.41058349609375,0.63494873046875,0.33087158203125,0.5645751953125,1.7870967741935482,54.154447702834794,0.46774193548387094,14.173998044965789
6.015102042991202,8.639357657895204,-0.41058349609375,0.63494873046875,0.33087158203125,0.5645751953125,1.729032258064516,52.39491691104594,0.36774193548387096,11.143695014662756
6.035188887995901,8.639357657895204,-0.41058349609375,0.63494873046875,0.33087158203125,0.5645751953125,1.7903225806451613,54.25219941348974,0.39354838709677414,11.925708699902247
6.055231156991795,8.639357657895204,-0.41058349609375,0.63494873046875,0.33087158203125,0.5645751953125,1.7903225806451613,54.25219941348974,0.47419354838709676,14.369501466275661
6.075409270008095,8.639357657895204,-0.41058349609375,0.63494873046875,0.33087158203125,0.5645751953125,1.7806451612903225,53.95894428152492,0.6193548387096773,18.768328445747798
6.095415185001912,8.639357657895204,-0.41058349609375,0.63494873046875,0.33087158203125,0.5645751953125,1.7838709677419353,54.05669599217986,0.5774193548387097,17.49755620723363
6.115497325983597,8.639357657895204,-0.41058349609375,0.63494873046875,0.33087158203125,0.5645751953125,1.7870967741935482,54.154447702834794,0.5548387096774193,16.81329423264907
6.135562890995061,8.639357657895204,-0.41058349609375,0.63494873046875,0.33087158203125,0.5645751953125,1.7548387096774192,53.17693059628543,0.5387096774193548,16.32453567937439
6.155609799985541,8.639357657895204,-0.41058349609375,0.63494873046875,0.33087158203125,0.5645751953125,1.7419354838709677,52.785923753665685,0.3387096774193548,10.263929618768328
6.175680676999036,8.639357657895204,-0.41058349609375,0.63494873046875,0.33087158203125,0.5645751953125,1.7483870967741935,52.98142717497556,0.32580645161290317,9.872922776148581
6.195818884996697,8.639357657895204,-0.41058349609375,0.63494873046875,0.33087158203125,0.5645751953125,1.7741935483870968,53.76344086021506,0.34193548387096767,10.361681329423263
6.215846720006084,8.639357657895204,-0.41058349609375,0.63494873046875,0.33087158203125,0.5645751953125,1.7741935483870968,53.76344086021506,0.37741935483870964,11.436950146627565
6.235911100986414,8.639357657895204,-0.41058349609375,0.63494873046875,0.33087158203125,0.5645751953125,1.7580645161290323,53.27468230694038,0.38064516129032255,11.534701857282501
6.255975865991786,8.639357657895204,-0.41058349609375,0.63494873046875,0.33087158203125,0.5645751953125,1.7903225806451613,54.25219941348974,0.5129032258064515,15.542521994134894
6.276042167010019,8.639357657895204,-0.41058349609375,0.63494873046875,0.33087158203125,0.5645751953125,1.7516129032258063,53.0791788856305,0.5032258064516129,15.249266862170089
6.298953399993479,8.639357657895204,-0.41058349609375,0.63494873046875,0.33087158203125,0.5645751953125,1.7580645161290323,53.27468230694038,0.5451612903225805,16.520039100684258
6.316260149003938,8.639357657895204,-0.41058349609375,0.63494873046875,0.33087158203125,0.5645751953125,1.7870967741935482,54.154447702834794,0.6548387096774193,19.843597262952102
6.336326994001865,8.639357657895204,-0.41058349609375,0.63494873046875,0.33087158203125,0.5645751953125,1.7548387096774192,53.17693059628543,0.6451612903225806,19.550342130987293
6.356366574007552,8.639357657895204,-0.41058349609375,0.63494873046875,0.33087158203125,0.5645751953125,1.7548387096774192,53.17693059628543,0.48709677419354835,14.760508308895407
6.376416554005118,8.639357657895204,-0.41058349609375,0.63494873046875,0.33087158203125,0.5645751953125,1.764516129032258,53.47018572825024,0.5838709677419355,17.6930596285435
6.396549225988565,8.639357657895204,-0.41058349609375,0.63494873046875,0.33087158203125,0.5645751953125,1.764516129032258,53.47018572825024,0.5870967741935484,17.790811339198438
6.416657447989564,8.639357657895204,-0.41058349609375,0.63494873046875,0.33087158203125,0.5645751953125,1.761290322580645,53.3724340175953,0.4258064516129032,12.903225806451612
6.436721509002382,8.639357657895204,-0.41058349609375,0.63494873046875,0.33087158203125,0.5645751953125,1.7516129032258063,53.0791788856305,0.3709677419354839,11.241446725317694
6.456811715004733,8.639357657895204,-0.41058349609375,0.63494873046875,0.33087158203125,0.5645751953125,1.7903225806451613,54.25219941348974,0.5741935483870968,17.399804496578692
6.4769007680006325,8.639357657895204,-0.41058349609375,0.63494873046875,0.33087158203125,0.5645751953125,1.761290322580645,53.3724340175953,0.5870967741935484,17.790811339198438
6.496987580991117,8.639357657895204,-0.41058349609375,0.63494873046875,0.33087158203125,0.5645751953125,1.7677419354838708,53.567937438905176,0.7064516129032258,21.407624633431084
6.517073400988011,8.639357657895204,-0.41058349609375,0.63494873046875,0.33087158203125,0.5645751953125,1.8032258064516127,54.64320625610948,0.7935483870967741,24.046920821114366
6.537170325987972,8.639357657895204,-0.41058349609375,0.63494873046875,0.33087158203125,0.5645751953125,1.793548387096774,54.34995112414467,0.7774193548387096,23.558162267839684
6.557274324004538,8.639357657895204,-0.41058349609375,0.63494873046875,0.33087158203125,0.5645751953125,1.8064516129032258,54.74095796676443,0.8064516129032258,24.437927663734115
6.577297549985815,8.639357657895204,-0.41058349609375,0.63494873046875,0.33087158203125,0.5645751953125,1.7999999999999998,54.54545454545454,0.8258064516129032,25.024437927663733
6.597360874002334,8.639357657895204,-0.41058349609375,0.63494873046875,0.33087158203125,0.5645751953125,1.796774193548387,54.44770283479961,0.8161290322580645,24.731182795698928
6.617434949992457,8.639357657895204,-0.41058349609375,0.63494873046875,0.33087158203125,0.5645751953125,1.7741935483870968,53.76344086021506,0.8032258064516128,24.340175953079175
6.637481665995438,8.639357657895204,-0.41058349609375,0.63494873046875,0.33087158203125,0.5645751953125,1.7774193548387096,53.86119257086999,0.7709677419354838,23.36265884652981
6.657547357986914,8.639357657895204,-0.41058349609375,0.63494873046875,0.33087158203125,0.5645751953125,1.8161290322580643,55.034213098729225,0.764516129032258,23.16715542521994
6.6776414350024424,8.639357657895204,-0.41058349609375,0.63494873046875,0.33087158203125,0.5645751953125,1.8451612903225805,55.91397849462365,0.8129032258064516,24.633431085043988
6.697681813995587,8.639357657895204,-0.41058349609375,0.63494873046875,0.33087158203125,0.5645751953125,1.764516129032258,53.47018572825024,0.9096774193548386,27.56598240469208
6.717839444987476,8.639357657895204,-0.41058349609375,0.63494873046875,0.33087158203125,0.5645751953125,1.7999999999999998,54.54545454545454,0.9096774193548386,27.56598240469208
6.737865584000247,8.639357657895204,-0.41058349609375,0.63494873046875,0.33087158203125,0.5645751953125,1.8225806451612903,55.229716520039105,0.8677419354838709,26.295210166177906
6.757921610987978,8.639357657895204,-0.41058349609375,0.63494873046875,0.33087158203125,0.5645751953125,1.8225806451612903,55.229716520039105,0.8903225806451612,26.97947214076246
6.777986950997729,8.639357657895204,-0.41058349609375,0.63494873046875,0.33087158203125,0.5645751953125,1.8032258064516127,54.64320625610948,0.9419354838709677,28.54349951124145
6.7980656680010725,8.639357657895204,-0.41058349609375,0.63494873046875,0.33087158203125,0.5645751953125,1.8161290322580643,55.034213098729225,0.9709677419354839,29.423264907135877
6.818194785999367,8.639357657895204,-0.41058349609375,0.63494873046875,0.33087158203125,0.5645751953125,1.8419354838709676,55.816226783968716,1.0290322580645161,31.182795698924732
6.838264797988813,8.639357657895204,-0.41058349609375,0.63494873046875,0.33087158203125,0.5645751953125,1.8322580645161288,55.5229716520039,1.0548387096774192,31.964809384164223
6.8582842809846625,8.639357657895204,-0.41058349609375,0.63494873046875,0.33087158203125,0.5645751953125,1.8483870967741933,56.01173020527859,1.0870967741935482,32.94232649071358
6.878358868998475,8.639357657895204,-0.41058349609375,0.63494873046875,0.33087158203125,0.5645751953125,1.8354838709677417,55.62072336265884,1.0870967741935482,32.94232649071358
6.898408239998389,8.639357657895204,-0.41058349609375,0.63494873046875,0.33087158203125,0.5645751953125,1.8580645161290321,56.304985337243394,1.090322580645161,33.040078201368516
6.922995177999837,8.639357657895204,-0.41058349609375,0.63494873046875,0.33087158203125,0.5645751953125,1.8774193548387097,56.89149560117303,1.1096774193548387,33.62658846529814
6.938609226985136,8.639357657895204,-0.41058349609375,0.63494873046875,0.33087158203125,0.5645751953125,1.8870967741935485,57.18475073313783,1.2129032258064516,36.75464320625611
6.958653253997909,8.639357657895204,-0.41058349609375,0.63494873046875,0.33087158203125,0.5645751953125,1.896774193548387,57.478005865102645,1.3451612903225805,40.7624633431085
6.978777796000941,8.639357657895204,-0.41058349609375,0.63494873046875,0.33087158203125,0.5645751953125,1.9096774193548387,57.86901270772239,1.3645161290322578,41.34897360703812
6.9988784980087075,8.639357657895204,-0.41058349609375,0.63494873046875,0.33087158203125,0.5645751953125,1.896774193548387,57.478005865102645,1.5,45.45454545454546
7.018907483987277,8.639357657895204,-0.41058349609375,0.63494873046875,0.33087158203125,0.5645751953125,1.929032258064516,58.45552297165201,1.5032258064516129,45.552297165200386
7.038997400988592,8.639357657895204,-0.41058349609375,0.63494873046875,0.33087158203125,0.5645751953125,1.929032258064516,58.45552297165201,1.5999999999999999,48.484848484848484
7.059068884991575,8.639357657895204,-0.41058349609375,0.63494873046875,0.33087158203125,0.5645751953125,1.9419354838709677,58.846529814271754,1.7,51.515151515151516
7.079124976997264,8.639357657895204,-0.41058349609375,0.63494873046875,0.33087158203125,0.5645751953125,1.929032258064516,58.45552297165201,1.7225806451612902,52.19941348973607
7.09922260598978,8.639357657895204,-0.41058349609375,0.63494873046875,0.33087158203125,0.5645751953125,1.9129032258064516,57.96676441837732,1.7516129032258063,53.0791788856305
7.119280969985994,8.639357657895204,-0.41058349609375,0.63494873046875,0.33087158203125,0.5645751953125,1.932258064516129,58.55327468230694,1.7774193548387096,53.86119257086999
7.13932195698726,8.639357657895204,-0.41058349609375,0.63494873046875,0.33087158203125,0.5645751953125,1.9483870967741934,59.04203323558163,1.7774193548387096,53.86119257086999
7.159396704984829,8.639357657895204,-0.41058349609375,0.63494873046875,0.33087158203125,0.5645751953125,1.961290322580645,59.43304007820137,1.829032258064516,55.42521994134897
7.17945340499864,8.639357657895204,-0.41058349609375,0.63494873046875,0.33087158203125,0.5645751953125,1.9548387096774194,59.2375366568915,1.7419354838709677,52.785923753665685
7.199577499006409,8.639357657895204,-0.41058349609375,0.63494873046875,0.33087158203125,0.5645751953125,1.9774193548387096,59.92179863147605,1.8032258064516127,54.64320625610948
7.2196851129992865,8.639357657895204,-0.41058349609375,0.63494873046875,0.33087158203125,0.5645751953125,1.967741935483871,59.628543499511245,1.8161290322580643,55.034213098729225
7.239784821984358,8.639357657895204,-0.41058349609375,0.63494873046875,0.33087158203125,0.5645751953125,1.9548387096774194,59.2375366568915,1.7516129032258063,53.0791788856305
7.259896818984998,8.639357657895204,-0.41058349609375,0.63494873046875,0.33087158203125,0.5645751953125,1.9451612903225806,58.94428152492669,1.8096774193548386,54.83870967741935
7.279889036988607,8.639357657895204,-0.41058349609375,0.63494873046875,0.33087158203125,0.5645751953125,1.9451612903225806,58.94428152492669,1.8032258064516127,54.64320625610948
7.299954729009187,8.639357657895204,-0.41058349609375,0.63494873046875,0.33087158203125,0.5645751953125,1.932258064516129,58.55327468230694,1.8548387096774193,56.20723362658847
7.320004676003009,8.639357657895204,-0.41058349609375,0.63494873046875,0.33087158203125,0.5645751953125,1.9580645161290322,59.33528836754643,1.8032258064516127,54.64320625610948
7.3401432349928655,8.639357657895204,-0.41058349609375,0.63494873046875,0.33087158203125,0.5645751953125,1.8806451612903226,56.98924731182796,1.7806451612903225,53.95894428152492
7.3602569609938655,8.639357657895204,-0.41058349609375,0.63494873046875,0.33087158203125,0.5645751953125,1.903225806451613,57.67350928641252,1.7548387096774192,53.17693059628543
7.380350557999918,8.639357657895204,-0.41058349609375,0.63494873046875,0.33087158203125,0.5645751953125,1.8935483870967742,57.380254154447705,1.7161290322580645,52.003910068426194
7.4003818159981165,8.639357657895204,-0.41058349609375,0.63494873046875,0.33087158203125,0.5645751953125,1.896774193548387,57.478005865102645,1.7129032258064516,51.90615835777126
7.420459893008228,8.639357657895204,-0.41058349609375,0.63494873046875,0.33087158203125,0.5645751953125,1.896774193548387,57.478005865102645,1.7806451612903225,53.95894428152492
7.440523761004442,8.639357657895204,-0.41058349609375,0.63494873046875,0.33087158203125,0.5645751953125,1.8774193548387097,56.89149560117303,1.7516129032258063,53.0791788856305
7.460640301986132,8.639357657895204,-0.41058349609375,0.63494873046875,0.33087158203125,0.5645751953125,1.8580645161290321,56.304985337243394,1.7419354838709677,52.785923753665685
7.480665896000573,8.639357657895204,-0.41058349609375,0.63494873046875,0.33087158203125,0.5645751953125,1.8548387096774193,56.20723362658847,1.667741935483871,50.53763440860215
7.500761859992053,8.639357657895204,-0.41058349609375,0.63494873046875,0.33087158203125,0.5645751953125,1.8354838709677417,55.62072336265884,1.5419354838709676,46.72531769305962
7.520794493000722,8.639357657895204,-0.41058349609375,0.63494873046875,0.33087158203125,0.5645751953125,1.8645161290322578,56.50048875855327,1.4870967741935484,45.06353861192571
7.540888600982726,8.639357657895204,-0.41058349609375,0.63494873046875,0.33087158203125,0.5645751953125,1.8580645161290321,56.304985337243394,1.5741935483870966,47.702834799608986
7.560998550005024,8.639357657895204,-0.41058349609375,0.63494873046875,0.33087158203125,0.5645751953125,1.8709677419354838,56.695992179863154,1.5838709677419354,47.9960899315738
7.581090610008687,8.639357657895204,-0.41058349609375,0.63494873046875,0.33087158203125,0.5645751953125,1.8870967741935485,57.18475073313783,1.5741935483870966,47.702834799608986
7.601186893996783,8.639357657895204,-0.41058349609375,0.63494873046875,0.33087158203125,0.5645751953125,1.8677419354838707,56.59824046920821,1.5451612903225804,46.82306940371456
7.621229223994305,8.639357657895204,-0.41058349609375,0.63494873046875,0.33087158203125,0.5645751953125,1.8903225806451613,57.28250244379277,1.62258064516129,49.169110459433035
7.641624109994154,8.639357657895204,-0.41058349609375,0.63494873046875,0.33087158203125,0.5645751953125,1.8548387096774193,56.20723362658847,1.6419354838709677,49.75562072336266
7.661616839002818,8.639357657895204,-0.41058349609375,0.63494873046875,0.33087158203125,0.5645751953125,1.9258064516129032,58.35777126099707,1.62258064516129,49.169110459433035
7.681652897008462,8.639357657895204,-0.41058349609375,0.63494873046875,0.33087158203125,0.5645751953125,1.8741935483870966,56.79374389051808,1.596774193548387,48.38709677419355
7.70171317900531,8.639357657895204,-0.41058349609375,0.63494873046875,0.33087158203125,0.5645751953125,1.8709677419354838,56.695992179863154,1.564516129032258,47.40957966764419
7.7217752219876274,8.639357657895204,-0.41058349609375,0.63494873046875,0.33087158203125,0.5645751953125,1.8451612903225805,55.91397849462365,1.6096774193548384,48.77810361681329
7.741842257004464,8.639357657895204,-0.41058349609375,0.63494873046875,0.33087158203125,0.5645751953125,1.8419354838709676,55.816226783968716,1.6516129032258065,50.048875855327466
7.761904587998288,8.639357657895204,-0.41058349609375,0.63494873046875,0.33087158203125,0.5645751953125,1.8645161290322578,56.50048875855327,1.6612903225806452,50.34213098729228
7.781974598998204,8.639357657895204,-0.41058349609375,0.63494873046875,0.33087158203125,0.5645751953125,1.861290322580645,56.402737047898334,1.6612903225806452,50.34213098729228
7.802098819985986,8.639357657895204,-0.41058349609375,0.63494873046875,0.33087158203125,0.5645751953125,1.8580645161290321,56.304985337243394,1.6612903225806452,50.34213098729228
7.822164415003499,8.639357657895204,-0.41058349609375,0.63494873046875,0.33087158203125,0.5645751953125,2.0032258064516126,60.703812316715535,1.596774193548387,48.38709677419355
7.842215001990553,8.639357657895204,-0.41058349609375,0.63494873046875,0.33087158203125,0.5645751953125,1.9741935483870967,59.82404692082112,1.632258064516129,49.462365591397855
7.8622991250013,8.639357657895204,-0.41058349609375,0.63494873046875,0.33087158203125,0.5645751953125,1.9774193548387096,59.92179863147605,1.667741935483871,50.53763440860215
7.882349680003244,8.639357657895204,-0.41058349609375,0.63494873046875,0.33087158203125,0.5645751953125,1.932258064516129,58.55327468230694,1.6806451612903226,50.9286412512219
7.902419850986917,8.639357657895204,-0.41058349609375,0.63494873046875,0.33087158203125,0.5645751953125,1.8580645161290321,56.304985337243394,1.6774193548387097,50.83088954056696
7.922473156999331,8.639357657895204,-0.41058349609375,0.63494873046875,0.33087158203125,0.5645751953125,1.8806451612903226,56.98924731182796,1.664516129032258,50.43988269794721
7.942527200008044,8.639357657895204,-0.41058349609375,0.63494873046875,0.33087158203125,0.5645751953125,1.9,57.57575757575758,1.6838709677419355,51.02639296187683
7.962589754984947,8.639357657895204,-0.41058349609375,0.63494873046875,0.33087158203125,0.5645751953125,1.9225806451612903,58.260019550342136,1.6516129032258065,50.048875855327466
7.982760440994753,8.639357657895204,-0.41058349609375,0.63494873046875,0.33087158203125,0.5645751953125,1.896774193548387,57.478005865102645,1.6935483870967742,51.31964809384164
8.002776818990242,8.639357657895204,-0.41058349609375,0.63494873046875,0.33087158203125,0.5645751953125,1.9258064516129032,58.35777126099707,1.6612903225806452,50.34213098729228
8.02283434898709,8.639357657895204,-0.41058349609375,0.63494873046875,0.33087158203125,0.5645751953125,1.9838709677419355,60.117302052785924,1.6516129032258065,50.048875855327466
8.042951946001267,8.639357657895204,-0.41058349609375,0.63494873046875,0.33087158203125,0.5645751953125,2.0064516129032257,60.80156402737048,1.6870967741935483,51.12414467253177
8.063019813009305,8.639357657895204,-0.41058349609375,0.63494873046875,0.33087158203125,0.5645751953125,2.009677419354839,60.899315738025415,1.6774193548387097,50.83088954056696
8.083100896998076,8.639357657895204,-0.41058349609375,0.63494873046875,0.33087158203125,0.5645751953125,2.0064516129032257,60.80156402737048,1.6903225806451612,51.2218963831867
8.103182427992579,8.639357657895204,-0.41058349609375,0.63494873046875,0.33087158203125,0.5645751953125,1.9806451612903224,60.01955034213099,1.6483870967741936,49.95112414467254
8.123288984992541,8.639357657895204,-0.41058349609375,0.63494873046875,0.33087158203125,0.5645751953125,2.0483870967741935,62.07233626588465,1.62258064516129,49.169110459433035
8.143360499991104,8.639357657895204,-0.41058349609375,0.63494873046875,0.33087158203125,0.5645751953125,1.993548387096774,60.410557184750736,1.5677419354838709,47.507331378299114
8.16339249300654,8.639357657895204,-0.41058349609375,0.63494873046875,0.33087158203125,0.5645751953125,2.0032258064516126,60.703812316715535,1.5064516129032257,45.650048875855326
8.183493610005826,8.639357657895204,-0.41058349609375,0.63494873046875,0.33087158203125,0.5645751953125,1.9838709677419355,60.117302052785924,1.4709677419354839,44.57478005865102
8.203584100992884,8.639357657895204,-0.41058349609375,0.63494873046875,0.33087158203125,0.5645751953125,1.961290322580645,59.43304007820137,1.3677419354838707,41.44672531769305
8.223676992987748,8.639357657895204,-0.41058349609375,0.63494873046875,0.33087158203125,0.5645751953125,1.967741935483871,59.628543499511245,1.2999999999999998,39.39393939393939
8.243766364990734,8.639357657895204,-0.41058349609375,0.63494873046875,0.33087158203125,0.5645751953125,1.932258064516129,58.55327468230694,1.196774193548387,36.26588465298143
8.263876249984605,8.639357657895204,-0.41058349609375,0.63494873046875,0.33087158203125,0.5645751953125,1.9419354838709677,58.846529814271754,1.1903225806451614,36.07038123167156
8.283928852004465,8.639357657895204,-0.41058349609375,0.63494873046875,0.33087158203125,0.5645751953125,1.903225806451613,57.67350928641252,1.1580645161290324,35.0928641251222
8.303996431000996,8.639357657895204,-0.41058349609375,0.63494873046875,0.33087158203125,0.5645751953125,1.9064516129032258,57.77126099706745,1.0806451612903225,32.74682306940371
8.32407306699315,8.639357657895204,-0.41058349609375,0.63494873046875,0.33087158203125,0.5645751953125,1.8677419354838707,56.59824046920821,1.0548387096774192,31.964809384164223
8.344173190998845,8.639357657895204,-0.41058349609375,0.63494873046875,0.33087158203125,0.5645751953125,1.8677419354838707,56.59824046920821,1.058064516129032,32.06256109481915
8.364207584992982,8.639357657895204,-0.41058349609375,0.63494873046875,0.33087158203125,0.5645751953125,1.8741935483870966,56.79374389051808,0.9548387096774194,28.934506353861195
8.384351326007163,8.639357657895204,-0.41058349609375,0.63494873046875,0.33087158203125,0.5645751953125,1.8677419354838707,56.59824046920821,0.8677419354838709,26.295210166177906
8.404374839999946,8.639357657895204,-0.41058349609375,0.63494873046875,0.33087158203125,0.5645751953125,1.8870967741935485,57.18475073313783,0.796774193548387,24.144672531769302
8.424417937989347,8.639357657895204,-0.41058349609375,0.63494873046875,0.33087158203125,0.5645751953125,1.8483870967741933,56.01173020527859,0.5451612903225805,16.520039100684258
8.444482413004152,8.639357657895204,-0.41058349609375,0.63494873046875,0.33087158203125,0.5645751953125,1.8161290322580643,55.034213098729225,0.6935483870967742,21.016617790811342
8.464591336989542,8.639357657895204,-0.41058349609375,0.63494873046875,0.33087158203125,0.5645751953125,1.8322580645161288,55.5229716520039,0.7,21.21212121212121
8.48463552200701,8.639357657895204,-0.41058349609375,0.63494873046875,0.33087158203125,0.5645751953125,1.8677419354838707,56.59824046920821,0.7838709677419354,23.753665689149557
8.504697947995737,8.639357657895204,-0.41058349609375,0.63494873046875,0.33087158203125,0.5645751953125,1.8806451612903226,56.98924731182796,0.6709677419354838,20.332355816226784
8.524765654001385,8.639357657895204,-0.41058349609375,0.63494873046875,0.33087158203125,0.5645751953125,1.8548387096774193,56.20723362658847,0.8354838709677419,25.317693059628542
8.54482689499855,8.639357657895204,-0.41058349609375,0.63494873046875,0.33087158203125,0.5645751953125,1.829032258064516,55.42521994134897,0.7677419354838709,23.264907135874875
8.564921898010653,8.639357657895204,-0.41058349609375,0.63494873046875,0.33087158203125,0.5645751953125,1.829032258064516,55.42521994134897,0.7193548387096774,21.79863147605083
8.584976740006823,8.639357657895204,-0.41058349609375,0.63494873046875,0.33087158203125,0.5645751953125,1.8225806451612903,55.229716520039105,0.832258064516129,25.219941348973606
8.605040669994196,8.639357657895204,-0.41058349609375,0.63494873046875,0.33087158203125,0.5645751953125,1.8419354838709676,55.816226783968716,0.8354838709677419,25.317693059628542
8.625152633001562,8.639357657895204,-0.41058349609375,0.63494873046875,0.33087158203125,0.5645751953125,1.8322580645161288,55.5229716520039,0.8612903225806451,26.099706744868033
8.645226866996381,8.639357657895204,-0.41058349609375,0.63494873046875,0.33087158203125,0.5645751953125,1.8354838709677417,55.62072336265884,0.8903225806451612,26.97947214076246
8.665323149994947,8.639357657895204,-0.41058349609375,0.63494873046875,0.33087158203125,0.5645751953125,1.829032258064516,55.42521994134897,0.8870967741935484,26.88172043010753
8.685371495987056,8.639357657895204,-0.41058349609375,0.63494873046875,0.33087158203125,0.5645751953125,1.8451612903225805,55.91397849462365,0.8709677419354839,26.392961876832842
8.705444641993381,8.639357657895204,-0.41058349609375,0.63494873046875,0.33087158203125,0.5645751953125,1.8354838709677417,55.62072336265884,0.7774193548387096,23.558162267839684
8.72553218799294,8.639357657895204,-0.41058349609375,0.63494873046875,0.33087158203125,0.5645751953125,1.8548387096774193,56.20723362658847,0.8419354838709677,25.513196480938415
8.745656184008112,8.639357657895204,-0.41058349609375,0.63494873046875,0.33087158203125,0.5645751953125,1.8548387096774193,56.20723362658847,0.7709677419354838,23.36265884652981
8.76569281698903,8.639357657895204,-0.41058349609375,0.63494873046875,0.33087158203125,0.5645751953125,1.8161290322580643,55.034213098729225,0.8064516129032258,24.437927663734115
8.785769259993685,8.639357657895204,-0.41058349609375,0.63494873046875,0.33087158203125,0.5645751953125,1.7419354838709677,52.785923753665685,0.8064516129032258,24.437927663734115
8.805841125984443,8.639357657895204,-0.41058349609375,0.63494873046875,0.33087158203125,0.5645751953125,1.7677419354838708,53.567937438905176,0.7935483870967741,24.046920821114366
8.82591993600363,8.639357657895204,-0.41058349609375,0.63494873046875,0.33087158203125,0.5645751953125,1.7870967741935482,54.154447702834794,0.8032258064516128,24.340175953079175
8.84601932298392,8.639357657895204,-0.41058349609375,0.63494873046875,0.33087158203125,0.5645751953125,1.7741935483870968,53.76344086021506,0.8483870967741935,25.708699902248288
8.866090516996337,8.639357657895204,-0.41058349609375,0.63494873046875,0.33087158203125,0.5645751953125,1.7548387096774192,53.17693059628543,0.8225806451612904,24.9266862170088
8.88618673599558,8.639357657895204,-0.41058349609375,0.63494873046875,0.33087158203125,0.5645751953125,1.7903225806451613,54.25219941348974,0.8709677419354839,26.392961876832842
8.906249769992428,8.639357657895204,-0.41058349609375,0.63494873046875,0.33087158203125,0.5645751953125,1.7516129032258063,53.0791788856305,0.7935483870967741,24.046920821114366
8.926352773007238,8.639357657895204,-0.41058349609375,0.63494873046875,0.33087158203125,0.5645751953125,1.729032258064516,52.39491691104594,0.7193548387096774,21.79863147605083
8.94640863899258,8.639357657895204,-0.41058349609375,0.63494873046875,0.33087158203125,0.5645751953125,1.7548387096774192,53.17693059628543,0.7225806451612903,21.896383186705766
8.966497497982346,8.639357657895204,-0.41058349609375,0.63494873046875,0.33087158203125,0.5645751953125,1.8032258064516127,54.64320625610948,0.6838709677419353,20.723362658846526
8.986641397990752,8.639357657895204,-0.41058349609375,0.63494873046875,0.33087158203125,0.5645751953125,1.761290322580645,53.3724340175953,0.7290322580645161,22.09188660801564
9.006708144006552,8.639357657895204,-0.41058349609375,0.63494873046875,0.33087158203125,0.5645751953125,1.764516129032258,53.47018572825024,0.7548387096774193,22.87390029325513
9.026766953989863,8.639357657895204,-0.41058349609375,0.63494873046875,0.33087158203125,0.5645751953125,1.7419354838709677,52.785923753665685,0.7354838709677419,22.28739002932551
9.046838884009048,8.639357657895204,-0.41058349609375,0.63494873046875,0.33087158203125,0.5645751953125,1.729032258064516,52.39491691104594,0.6387096774193548,19.35483870967742
9.066902685997775,8.639357657895204,-0.41058349609375,0.63494873046875,0.33087158203125,0.5645751953125,1.7354838709677418,52.59042033235581,0.4225806451612903,12.805474095796676
9.086994360986864,8.639357657895204,-0.41058349609375,0.63494873046875,0.33087158203125,0.5645751953125,1.7225806451612902,52.19941348973607,0.5709677419354839,17.302052785923756
9.107103507994907,8.639357657895204,-0.41058349609375,0.63494873046875,0.33087158203125,0.5645751953125,1.7,51.515151515151516,0.5903225806451613,17.888563049853374
9.12717290999717,8.639357657895204,-0.41058349609375,0.63494873046875,0.33087158203125,0.5645751953125,1.7096774193548387,51.80840664711632,0.4129032258064516,12.512218963831867
9.147272553003859,8.639357657895204,-0.41058349609375,0.63494873046875,0.33087158203125,0.5645751953125,1.7032258064516128,51.61290322580645,0.4161290322580645,12.609970674486803
9.167339459003415,8.639357657895204,-0.41058349609375,0.63494873046875,0.33087158203125,0.5645751953125,1.7129032258064516,51.90615835777126,0.4064516129032258,12.316715542521994
9.187417821987765,8.639357657895204,-0.41058349609375,0.63494873046875,0.33087158203125,0.5645751953125,1.664516129032258,50.43988269794721,0.39999999999999997,12.121212121212121
9.207477782998467,8.639357657895204,-0.41058349609375,0.63494873046875,0.33087158203125,0.5645751953125,1.6516129032258065,50.048875855327466,0.36451612903225805,11.04594330400782
9.227550384995993,8.639357657895204,-0.41058349609375,0.63494873046875,0.33087158203125,0.5645751953125,1.5999999999999999,48.484848484848484,0.3161290322580645,9.579667644183774
9.247625579999294,8.639357657895204,-0.41058349609375,0.63494873046875,0.33087158203125,0.5645751953125,1.6129032258064515,48.87585532746823,0.0,0.0
9.267759176000254,8.639357657895204,-0.41058349609375,0.63494873046875,0.33087158203125,0.5645751953125,1.558064516129032,47.21407624633431,0.0,0.0
9.287834785995074,8.639357657895204,-0.41058349609375,0.63494873046875,0.33087158203125,0.5645751953125,1.5387096774193547,46.62756598240469,0.2806451612903225,8.50439882697947
9.307887803995982,8.639357657895204,-0.41058349609375,0.63494873046875,0.33087158203125,0.5645751953125,1.493548387096774,45.25904203323558,0.34193548387096767,10.361681329423263
9.327985495008761,8.639357657895204,-0.41058349609375,0.63494873046875,0.33087158203125,0.5645751953125,1.5451612903225804,46.82306940371456,0.35161290322580646,10.654936461388074
9.348054545000196,8.639357657895204,-0.41058349609375,0.63494873046875,0.33087158203125,0.5645751953125,1.5709677419354837,47.60508308895405,0.36451612903225805,11.04594330400782
9.368127819005167,8.639357657895204,-0.41058349609375,0.63494873046875,0.33087158203125,0.5645751953125,1.532258064516129,46.432062561094824,0.34838709677419355,10.557184750733137
9.388197188993217,8.639357657895204,-0.41058349609375,0.63494873046875,0.33087158203125,0.5645751953125,1.5129032258064514,45.8455522971652,0.34838709677419355,10.557184750733137
9.408307840989437,8.639357657895204,-0.41058349609375,0.63494873046875,0.33087158203125,0.5645751953125,1.493548387096774,45.25904203323558,0.34838709677419355,10.557184750733137
9.428377114993054,8.639357657895204,-0.41058349609375,0.63494873046875,0.33087158203125,0.5645751953125,1.496774193548387,45.35679374389051,0.35161290322580646,10.654936461388074
9.448440787993604,8.639357657895204,-0.41058349609375,0.63494873046875,0.33087158203125,0.5645751953125,1.4838709677419355,44.965786901270775,0.35806451612903223,10.850439882697946
9.46851082899957,8.639357657895204,-0.41058349609375,0.63494873046875,0.33087158203125,0.5645751953125,1.5548387096774192,47.11632453567937,0.36451612903225805,11.04594330400782
9.488595782982884,8.639357657895204,-0.41058349609375,0.63494873046875,0.33087158203125,0.5645751953125,1.5806451612903225,47.898338220918866,0.36129032258064514,10.948191593352883
9.508669119997649,8.639357657895204,-0.41058349609375,0.63494873046875,0.33087158203125,0.5645751953125,1.6032258064516127,48.58260019550342,0.36451612903225805,11.04594330400782
9.52877103400533,8.639357657895204,-0.41058349609375,0.63494873046875,0.33087158203125,0.5645751953125,1.5451612903225804,46.82306940371456,0.35161290322580646,10.654936461388074
9.548896852997132,8.639357657895204,-0.41058349609375,0.63494873046875,0.33087158203125,0.5645751953125,1.593548387096774,48.289345063538605,0.3548387096774194,10.752688172043012
9.568919949000701,8.639357657895204,-0.41058349609375,0.63494873046875,0.33087158203125,0.5645751953125,1.6129032258064515,48.87585532746823,0.36774193548387096,11.143695014662756
9.588993541983655,8.639357657895204,-0.41058349609375,0.63494873046875,0.33087158203125,0.5645751953125,1.6161290322580644,48.97360703812317,0.36451612903225805,11.04594330400782
9.609068671008572,8.639357657895204,-0.41058349609375,0.63494873046875,0.33087158203125,0.5645751953125,1.5677419354838709,47.507331378299114,0.35806451612903223,10.850439882697946
9.629145560000325,8.639357657895204,-0.41058349609375,0.63494873046875,0.33087158203125,0.5645751953125,1.564516129032258,47.40957966764419,0.36451612903225805,11.04594330400782
9.649225041997852,8.639357657895204,-0.41058349609375,0.63494873046875,0.33087158203125,0.5645751953125,1.532258064516129,46.432062561094824,0.37419354838709673,11.339198435972628
9.669308426993666,8.639357657895204,-0.41058349609375,0.63494873046875,0.33087158203125,0.5645751953125,1.564516129032258,47.40957966764419,0.38064516129032255,11.534701857282501
9.689415077009471,8.639357657895204,-0.41058349609375,0.63494873046875,0.33087158203125,0.5645751953125,1.5516129032258064,47.018572825024435,0.36774193548387096,11.143695014662756
9.709458302007988,8.639357657895204,-0.41058349609375,0.63494873046875,0.33087158203125,0.5645751953125,1.5709677419354837,47.60508308895405,0.39999999999999997,12.121212121212121
9.72954399100854,8.639357657895204,-0.41058349609375,0.63494873046875,0.33087158203125,0.5645751953125,1.5741935483870966,47.702834799608986,0.37419354838709673,11.339198435972628
9.749657393986126,8.639357657895204,-0.41058349609375,0.63494873046875,0.33087158203125,0.5645751953125,1.5548387096774192,47.11632453567937,0.37419354838709673,11.339198435972628
9.769704297999851,8.639357657895204,-0.41058349609375,0.63494873046875,0.33087158203125,0.5645751953125,1.5870967741935482,48.09384164222873,0.37419354838709673,11.339198435972628
9.78977734700311,8.639357657895204,-0.41058349609375,0.63494873046875,0.33087158203125,0.5645751953125,1.6129032258064515,48.87585532746823,0.37419354838709673,11.339198435972628
9.809860667999601,8.639357657895204,-0.41058349609375,0.63494873046875,0.33087158203125,0.5645751953125,1.6193548387096772,49.071358748778096,0.37419354838709673,11.339198435972628
9.829942582000513,8.639357657895204,-0.41058349609375,0.63494873046875,0.33087158203125,0.5645751953125,1.635483870967742,49.56011730205279,0.4612903225806451,13.978494623655912
9.850022734986851,8.639357657895204,-0.41058349609375,0.63494873046875,0.33087158203125,0.5645751953125,1.632258064516129,49.462365591397855,0.36451612903225805,11.04594330400782
9.870106024987763,8.639357657895204,-0.41058349609375,0.63494873046875,0.33087158203125,0.5645751953125,1.6483870967741936,49.95112414467254,0.37419354838709673,11.339198435972628
9.890197634987999,8.639357657895204,-0.41058349609375,0.63494873046875,0.33087158203125,0.5645751953125,1.6870967741935483,51.12414467253177,0.36774193548387096,11.143695014662756
9.910365118994378,8.639357657895204,-0.41058349609375,0.63494873046875,0.33087158203125,0.5645751953125,1.6483870967741936,49.95112414467254,0.36451612903225805,11.04594330400782
9.930328115995508,8.639357657895204,-0.41058349609375,0.63494873046875,0.33087158203125,0.5645751953125,1.6580645161290322,50.24437927663734,0.35806451612903223,10.850439882697946
9.950482287997147,8.639357657895204,-0.41058349609375,0.63494873046875,0.33087158203125,0.5645751953125,1.5838709677419354,47.9960899315738,0.38387096774193546,11.632453567937437
9.970514632004779,8.639357657895204,-0.41058349609375,0.63494873046875,0.33087158203125,0.5645751953125,1.6032258064516127,48.58260019550342,0.36451612903225805,11.04594330400782
9.990593377006007,8.639357657895204,-0.41058349609375,0.63494873046875,0.33087158203125,0.5645751953125,1.6064516129032256,48.68035190615835,0.3548387096774194,10.752688172043012
10.010669849987607,8.639357657895204,-0.41058349609375,0.63494873046875,0.33087158203125,0.5645751953125,1.5709677419354837,47.60508308895405,0.34193548387096767,10.361681329423263
10.030747891985811,8.639357657895204,-0.41058349609375,0.63494873046875,0.33087158203125,0.5645751953125,1.632258064516129,49.462365591397855,0.25806451612903225,7.820136852394917
10.05082545298501,8.639357657895204,-0.41058349609375,0.63494873046875,0.33087158203125,0.5645751953125,1.596774193548387,48.38709677419355,0.0,0.0
10.070912102994043,8.639357657895204,-0.41058349609375,0.63494873046875,0.33087158203125,0.5645751953125,1.6483870967741936,49.95112414467254,0.012903225806451613,0.39100684261974583
10.090982463996625,8.639357657895204,-0.41058349609375,0.63494873046875,0.33087158203125,0.5645751953125,1.6387096774193548,49.65786901270772,0.0,0.0
10.111056952999206,8.639357657895204,-0.41058349609375,0.63494873046875,0.33087158203125,0.5645751953125,1.6064516129032256,48.68035190615835,0.0,0.0
10.131168466992676,8.639357657895204,-0.41058349609375,0.63494873046875,0.33087158203125,0.5645751953125,1.6032258064516127,48.58260019550342,0.0,0.0
10.15123457199661,8.639357657895204,-0.41058349609375,0.63494873046875,0.33087158203125,0.5645751953125,1.6419354838709677,49.75562072336266,0.0064516129032258064,0.19550342130987292
10.171310981997522,8.639357657895204,-0.41058349609375,0.63494873046875,0.33087158203125,0.5645751953125,1.6419354838709677,49.75562072336266,0.0,0.0
10.191387742990628,8.639357657895204,-0.41058349609375,0.63494873046875,0.33087158203125,0.5645751953125,1.667741935483871,50.53763440860215,0.0,0.0
10.211445366992848,8.639357657895204,-0.41058349609375,0.63494873046875,0.33087158203125,0.5645751953125,1.6516129032258065,50.048875855327466,0.0,0.0
10.23153003299376,8.639357657895204,-0.41058349609375,0.63494873046875,0.33087158203125,0.5645751953125,1.6483870967741936,49.95112414467254,0.25806451612903225,7.820136852394917
10.251609002007172,8.639357657895204,-0.41058349609375,0.63494873046875,0.33087158203125,0.5645751953125,1.6548387096774193,50.146627565982406,0.39354838709677414,11.925708699902247
10.27175472601084,8.639357657895204,-0.41058349609375,0.63494873046875,0.33087158203125,0.5645751953125,1.6516129032258065,50.048875855327466,0.39999999999999997,12.121212121212121
10.29301213598228,8.639357657895204,-0.41058349609375,0.63494873046875,0.33087158203125,0.5645751953125,1.664516129032258,50.43988269794721,0.4580645161290322,13.880742913000976
10.313470830995357,8.639357657895204,-0.41058349609375,0.63494873046875,0.33087158203125,0.5645751953125,1.667741935483871,50.53763440860215,0.5548387096774193,16.81329423264907
10.332012178987497,8.639357657895204,-0.41058349609375,0.63494873046875,0.33087158203125,0.5645751953125,1.6870967741935483,51.12414467253177,0.664516129032258,20.13685239491691
10.352037386008305,8.639357657895204,-0.41058349609375,0.63494873046875,0.33087158203125,0.5645751953125,1.7516129032258063,53.0791788856305,0.7903225806451613,23.949169110459433
10.37214096399839,8.639357657895204,-0.41058349609375,0.63494873046875,0.33087158203125,0.5645751953125,1.7677419354838708,53.567937438905176,0.8516129032258064,25.806451612903224
10.392223325994564,8.639357657895204,-0.41058349609375,0.63494873046875,0.33087158203125,0.5645751953125,1.764516129032258,53.47018572825024,0.7387096774193548,22.385141739980448
10.412298231007298,8.639357657895204,-0.41058349609375,0.63494873046875,0.33087158203125,0.5645751953125,1.8258064516129031,55.32746823069403,0.7806451612903225,23.65591397849462
10.43241003298317,8.639357657895204,-0.41058349609375,0.63494873046875,0.33087158203125,0.5645751953125,1.8709677419354838,56.695992179863154,0.9225806451612902,27.956989247311824
10.452506923000328,8.639357657895204,-0.41058349609375,0.63494873046875,0.33087158203125,0.5645751953125,1.9225806451612903,58.260019550342136,0.8838709677419354,26.783968719452588
10.472502913005883,8.639357657895204,-0.41058349609375,0.63494873046875,0.33087158203125,0.5645751953125,1.9,57.57575757575758,0.9225806451612902,27.956989247311824
10.492626585997641,8.639357657895204,-0.41058349609375,0.63494873046875,0.33087158203125,0.5645751953125,1.9064516129032258,57.77126099706745,0.9580645161290322,29.03225806451613
10.51269361798768,8.639357657895204,-0.41058349609375,0.63494873046875,0.33087158203125,0.5645751953125,1.9129032258064516,57.96676441837732,0.996774193548387,30.205278592375368
10.532739337999374,8.639357657895204,-0.41058349609375,0.63494873046875,0.33087158203125,0.5645751953125,1.9064516129032258,57.77126099706745,0.996774193548387,30.205278592375368
10.55288742799894,8.639357657895204,-0.41058349609375,0.63494873046875,0.33087158203125,0.5645751953125,1.8935483870967742,57.380254154447705,1.0032258064516129,30.40078201368524
10.572958108008606,8.639357657895204,-0.41058349609375,0.63494873046875,0.33087158203125,0.5645751953125,1.9064516129032258,57.77126099706745,1.0483870967741935,31.76930596285435
10.592994770995574,8.639357657895204,-0.41058349609375,0.63494873046875,0.33087158203125,0.5645751953125,1.9096774193548387,57.86901270772239,1.0612903225806452,32.16031280547409
10.613053451001178,8.639357657895204,-0.41058349609375,0.63494873046875,0.33087158203125,0.5645751953125,1.929032258064516,58.45552297165201,0.9903225806451612,30.009775171065495
10.633163363992935,8.639357657895204,-0.41058349609375,0.63494873046875,0.33087158203125,0.5645751953125,1.8935483870967742,57.380254154447705,1.0741935483870966,32.55131964809384
14.034007229987765,90.0,0.0,0.0,0.0,0.0,1.8838709677419354,57.0869990224829,1.8258064516129031,55.32746823069403
14.049063013982959,90.0,0.0,0.0,0.0,0.0,1.932258064516129,58.55327468230694,1.8096774193548386,54.83870967741935
14.084180450008716,55.735405439319514,0.318359375,0.55810546875,-0.76312255859375,0.069091796875,1.9451612903225806,58.94428152492669,1.7838709677419353,54.05669599217986
14.089692287991056,55.735405439319514,0.318359375,0.55810546875,-0.76312255859375,0.069091796875,1.929032258064516,58.45552297165201,1.8419354838709676,55.816226783968716
14.109301604999928,55.735405439319514,0.318359375,0.55810546875,-0.76312255859375,0.069091796875,1.8870967741935485,57.18475073313783,1.8451612903225805,55.91397849462365
14.133355459984159,55.68475341650005,0.32330322265625,0.55755615234375,-0.761962890625,0.063720703125,1.9193548387096775,58.162267839687196,1.8806451612903226,56.98924731182796
14.149147268995875,55.68475341650005,0.32330322265625,0.55755615234375,-0.761962890625,0.063720703125,1.932258064516129,58.55327468230694,1.8709677419354838,56.695992179863154
14.174803675006842,55.02124440259776,0.33319091796875,0.55767822265625,-0.7578125,0.06121826171875,1.929032258064516,58.45552297165201,1.903225806451613,57.67350928641252
14.191066283994587,55.02124440259776,0.33319091796875,0.55767822265625,-0.7578125,0.06121826171875,1.9483870967741934,59.04203323558163,1.9387096774193548,58.748778103616814
14.209273057000246,55.02124440259776,0.33319091796875,0.55767822265625,-0.7578125,0.06121826171875,1.9387096774193548,58.748778103616814,1.9225806451612903,58.260019550342136
14.233214618987404,53.97751057399979,0.34765625,0.55572509765625,-0.7529296875,0.05810546875,1.961290322580645,59.43304007820137,1.9580645161290322,59.33528836754643
14.249287941987859,53.97751057399979,0.34765625,0.55572509765625,-0.7529296875,0.05810546875,1.9741935483870967,59.82404692082112,1.932258064516129,58.55327468230694
14.27389884000877,53.04130350065911,0.36248779296875,0.5523681640625,-0.748779296875,0.0528564453125,1.9516129032258065,59.13978494623656,1.929032258064516,58.45552297165201
14.289809468988096,53.04130350065911,0.36248779296875,0.5523681640625,-0.748779296875,0.0528564453125,1.9709677419354839,59.72629521016618,1.9548387096774194,59.2375366568915
14.308473762008362,53.04130350065911,0.36248779296875,0.5523681640625,-0.748779296875,0.0528564453125,1.9741935483870967,59.82404692082112,1.929032258064516,58.45552297165201
14.332935277983779,51.810444021496686,0.375244140625,0.5443115234375,-0.74847412109375,0.05194091796875,1.9580645161290322,59.33528836754643,1.8870967741935485,57.18475073313783
14.354145961988252,51.810444021496686,0.375244140625,0.5443115234375,-0.74847412109375,0.05194091796875,1.9096774193548387,57.86901270772239,1.8806451612903226,56.98924731182796
14.374411269993288,49.75252892249432,0.39031982421875,0.5341796875,-0.74761962890625,0.0584716796875,1.929032258064516,58.45552297165201,1.935483870967742,58.65102639296188
14.390021889004856,49.75252892249432,0.39031982421875,0.5341796875,-0.74761962890625,0.0584716796875,1.9225806451612903,58.260019550342136,1.9741935483870967,59.82404692082112
14.40986913398956,49.75252892249432,0.39031982421875,0.5341796875,-0.74761962890625,0.0584716796875,1.9516129032258065,59.13978494623656,1.9741935483870967,59.82404692082112
14.436388834001264,47.231588636188704,0.40234375,0.521728515625,-0.74871826171875,0.0733642578125,1.9,57.57575757575758,1.9870967741935484,60.215053763440864
14.451298820000375,47.231588636188704,0.40234375,0.521728515625,-0.74871826171875,0.0733642578125,1.9064516129032258,57.77126099706745,1.929032258064516,58.45552297165201
14.474892433994683,44.43190861584464,0.41094970703125,0.50701904296875,-0.75164794921875,0.094970703125,1.9096774193548387,57.86901270772239,1.8935483870967742,57.380254154447705
14.490272227994865,44.43190861584464,0.41094970703125,0.50701904296875,-0.75164794921875,0.094970703125,1.9193548387096775,58.162267839687196,1.8032258064516127,54.64320625610948
14.510154001007322,44.43190861584464,0.41094970703125,0.50701904296875,-0.75164794921875,0.094970703125,1.8548387096774193,56.20723362658847,1.6806451612903226,50.9286412512219
14.534718048002105,41.910585327585636,0.41729736328125,0.49285888671875,-0.754638671875,0.11602783203125,1.829032258064516,55.42521994134897,1.7258064516129032,52.29716520039101
14.550271863990929,41.910585327585636,0.41729736328125,0.49285888671875,-0.754638671875,0.11602783203125,1.8419354838709676,55.816226783968716,1.6838709677419355,51.02639296187683
14.575087119999807,40.282390702567184,0.416015625,0.4827880859375,-0.7584228515625,0.13653564453125,1.7774193548387096,53.86119257086999,1.635483870967742,49.56011730205279
14.59004453101079,40.282390702567184,0.416015625,0.4827880859375,-0.7584228515625,0.13653564453125,1.7838709677419353,54.05669599217986,1.3838709677419354,41.935483870967744
14.610506228986196,40.282390702567184,0.416015625,0.4827880859375,-0.7584228515625,0.13653564453125,1.7451612903225806,52.883675464320625,1.429032258064516,43.30400782013685
14.636312557995552,39.42157079421691,0.406982421875,0.474853515625,-0.7640380859375,0.1585693359375,1.7258064516129032,52.29716520039101,1.2387096774193547,37.536656891495596
14.650518200010993,39.42157079421691,0.406982421875,0.474853515625,-0.7640380859375,0.1585693359375,1.732258064516129,52.49266862170088,1.2032258064516128,36.4613880742913
14.676006694993703,39.24298074203123,0.39459228515625,0.4698486328125,-0.769287109375,0.1781005859375,1.7225806451612902,52.19941348973607,1.2354838709677418,37.43890518084066
14.69078989198897,39.24298074203123,0.39459228515625,0.4698486328125,-0.769287109375,0.1781005859375,1.6838709677419355,51.02639296187683,1.1870967741935483,35.97262952101662
14.710779318003915,39.24298074203123,0.39459228515625,0.4698486328125,-0.769287109375,0.1781005859375,1.6903225806451612,51.2218963831867,1.0935483870967742,33.137829912023456
14.735338883998338,39.50084456822192,0.3837890625,0.47021484375,-0.77142333984375,0.19085693359375,1.7129032258064516,51.90615835777126,0.9741935483870967,29.521016617790814
14.750830297998618,39.50084456822192,0.3837890625,0.47021484375,-0.77142333984375,0.19085693359375,1.696774193548387,51.417399804496576,1.0096774193548386,30.596285434995107
14.775663857988548,39.74820339377453,0.3790283203125,0.47393798828125,-0.77056884765625,0.19488525390625,1.7,51.515151515151516,0.9387096774193548,28.445747800586513
14.791001186997164,39.74820339377453,0.3790283203125,0.47393798828125,-0.77056884765625,0.19488525390625,1.6935483870967742,51.31964809384164,0.8064516129032258,24.437927663734115
14.811435938987415,39.74820339377453,0.3790283203125,0.47393798828125,-0.77056884765625,0.19488525390625,1.7064516129032257,51.71065493646139,0.8354838709677419,25.317693059628542
14.835468287987169,40.02650475207428,0.3797607421875,0.47802734375,-0.768798828125,0.190185546875,1.6774193548387097,50.83088954056696,0.8258064516129032,25.024437927663733
14.851509897009237,40.02650475207428,0.3797607421875,0.47802734375,-0.768798828125,0.190185546875,1.6838709677419355,51.02639296187683,0.7838709677419354,23.753665689149557
14.875948275002884,40.070929758041395,0.3843994140625,0.47967529296875,-0.76727294921875,0.18280029296875,1.6838709677419355,51.02639296187683,0.7193548387096774,21.79863147605083
14.8912055369874,40.070929758041395,0.3843994140625,0.47967529296875,-0.76727294921875,0.18280029296875,1.6806451612903226,50.9286412512219,0.7064516129032258,21.407624633431084
14.911229299992556,40.070929758041395,0.3843994140625,0.47967529296875,-0.76727294921875,0.18280029296875,1.6903225806451612,51.2218963831867,0.6354838709677418,19.25708699902248
14.93572028799099,39.69043316542052,0.3914794921875,0.48089599609375,-0.7640380859375,0.1781005859375,1.6612903225806452,50.34213098729228,0.6387096774193548,19.35483870967742
14.950961260998156,39.69043316542052,0.3914794921875,0.48089599609375,-0.7640380859375,0.1781005859375,1.6612903225806452,50.34213098729228,0.6838709677419353,20.723362658846526
14.976018157001818,39.052186640795924,0.39874267578125,0.48236083984375,-0.75958251953125,0.17706298828125,1.6870967741935483,51.12414467253177,0.7387096774193548,22.385141739980448
14.992317534983158,39.052186640795924,0.39874267578125,0.48236083984375,-0.75958251953125,0.17706298828125,1.6838709677419355,51.02639296187683,0.7354838709677419,22.28739002932551
15.011550805997103,39.052186640795924,0.39874267578125,0.48236083984375,-0.75958251953125,0.17706298828125,1.6806451612903226,50.9286412512219,0.7096774193548387,21.505376344086024
15.036617589998059,38.40597961057148,0.4044189453125,0.48358154296875,-0.75543212890625,0.178466796875,1.6903225806451612,51.2218963831867,0.7483870967741935,22.678396871945257
15.052371764992131,38.40597961057148,0.4044189453125,0.48358154296875,-0.75543212890625,0.178466796875,1.6741935483870967,50.733137829912025,0.6677419354838708,20.234604105571844
15.075058082991745,37.94471392650849,0.40777587890625,0.48431396484375,-0.75274658203125,0.18035888671875,1.6806451612903226,50.9286412512219,0.6612903225806451,20.039100684261975
15.089867873990443,37.94471392650849,0.40777587890625,0.48431396484375,-0.75274658203125,0.18035888671875,1.6709677419354838,50.635386119257085,0.603225806451613,18.27956989247312
15.109826993983006,37.94471392650849,0.40777587890625,0.48431396484375,-0.75274658203125,0.18035888671875,1.6870967741935483,51.12414467253177,0.6064516129032258,18.377321603128056
15.134030547982547,37.52211909000114,0.4112548828125,0.484619140625,-0.7503662109375,0.1815185546875,1.6806451612903226,50.9286412512219,0.8774193548387096,26.588465298142715
15.149638286005938,37.52211909000114,0.4112548828125,0.484619140625,-0.7503662109375,0.1815185546875,1.6870967741935483,51.12414467253177,0.8612903225806451,26.099706744868033
15.174581450002734,37.14008707156248,0.415771484375,0.48468017578125,-0.748046875,0.1806640625,1.6774193548387097,50.83088954056696,0.7548387096774193,22.87390029325513
15.193792639998719,37.14008707156248,0.415771484375,0.48468017578125,-0.748046875,0.1806640625,1.667741935483871,50.53763440860215,0.6967741935483871,21.114369501466275
15.209762246988248,37.14008707156248,0.415771484375,0.48468017578125,-0.748046875,0.1806640625,1.6612903225806452,50.34213098729228,0.7548387096774193,22.87390029325513
15.234493947995361,36.724017004207944,0.41998291015625,0.4833984375,-0.74664306640625,0.18035888671875,1.6741935483870967,50.733137829912025,0.7709677419354838,23.36265884652981
15.249745064997114,36.724017004207944,0.41998291015625,0.4833984375,-0.74664306640625,0.18035888671875,1.6741935483870967,50.733137829912025,0.7483870967741935,22.678396871945257
15.293624977988657,36.0167420113461,0.42523193359375,0.48260498046875,-0.7435302734375,0.182861328125,1.6870967741935483,51.12414467253177,0.7709677419354838,23.36265884652981
15.30195508900215,36.0167420113461,0.42523193359375,0.48260498046875,-0.7435302734375,0.182861328125,1.6516129032258065,50.048875855327466,0.6870967741935483,20.821114369501466
15.31410952398437,36.0167420113461,0.42523193359375,0.48260498046875,-0.7435302734375,0.182861328125,1.6516129032258065,50.048875855327466,0.6935483870967742,21.016617790811342
15.33440168001107,35.024865480934565,0.4312744140625,0.4840087890625,-0.7376708984375,0.18865966796875,1.6516129032258065,50.048875855327466,0.7193548387096774,21.79863147605083
15.354257403989322,35.024865480934565,0.4312744140625,0.4840087890625,-0.7376708984375,0.18865966796875,1.6870967741935483,51.12414467253177,0.6,18.181818181818183
15.374354928993853,34.31513338492557,0.43505859375,0.48480224609375,-0.73370361328125,0.19342041015625,1.667741935483871,50.53763440860215,0.6387096774193548,19.35483870967742
15.394418980984483,34.31513338492557,0.43505859375,0.48480224609375,-0.73370361328125,0.19342041015625,1.6483870967741936,49.95112414467254,0.6548387096774193,19.843597262952102
15.414535546005936,34.31513338492557,0.43505859375,0.48480224609375,-0.73370361328125,0.19342041015625,1.6516129032258065,50.048875855327466,0.6,18.181818181818183
15.434604365989799,33.57958674977315,0.44122314453125,0.4837646484375,-0.730224609375,0.195068359375,1.6516129032258065,50.048875855327466,0.6774193548387096,20.527859237536656
15.454671362007502,33.57958674977315,0.44122314453125,0.4837646484375,-0.730224609375,0.195068359375,1.6580645161290322,50.24437927663734,0.6387096774193548,19.35483870967742
15.474771573004546,32.82846774984958,0.44805908203125,0.4793701171875,-0.72894287109375,0.19512939453125,1.6516129032258065,50.048875855327466,0.4935483870967742,14.95601173020528
15.494830887997523,32.82846774984958,0.44805908203125,0.4793701171875,-0.72894287109375,0.19512939453125,1.6548387096774193,50.146627565982406,0.5032258064516129,15.249266862170089
15.514914778992534,32.82846774984958,0.44805908203125,0.4793701171875,-0.72894287109375,0.19512939453125,1.664516129032258,50.43988269794721,0.5225806451612903,15.835777126099707
15.535116723011015,32.238712552802085,0.4541015625,0.4752197265625,-0.728271484375,0.19403076171875,1.6580645161290322,50.24437927663734,0.5967741935483871,18.084066471163247
15.555063937004888,32.238712552802085,0.4541015625,0.4752197265625,-0.728271484375,0.19403076171875,1.6516129032258065,50.048875855327466,0.6774193548387096,20.527859237536656
15.575135635997867,31.622494581322186,0.4591064453125,0.4730224609375,-0.72613525390625,0.1953125,1.6741935483870967,50.733137829912025,0.6677419354838708,20.234604105571844
15.595256425003754,31.622494581322186,0.4591064453125,0.4730224609375,-0.72613525390625,0.1953125,1.667741935483871,50.53763440860215,0.6870967741935483,20.821114369501466
15.6153019790072,31.622494581322186,0.4591064453125,0.4730224609375,-0.72613525390625,0.1953125,1.664516129032258,50.43988269794721,0.6387096774193548,19.35483870967742
15.635606389987515,31.026704663135703,0.462890625,0.474609375,-0.7218017578125,0.19879150390625,1.6483870967741936,49.95112414467254,0.5806451612903226,17.595307917888565
15.65548067400232,31.026704663135703,0.462890625,0.474609375,-0.7218017578125,0.19879150390625,1.667741935483871,50.53763440860215,0.5516129032258064,16.715542521994134
15.676424659002805,30.258912270735962,0.46875,0.478515625,-0.7142333984375,0.202880859375,1.6838709677419355,51.02639296187683,0.5774193548387097,17.49755620723363
15.695723915006965,30.258912270735962,0.46875,0.478515625,-0.7142333984375,0.202880859375,1.664516129032258,50.43988269794721,0.6129032258064516,18.57282502443793
15.715751099982299,30.258912270735962,0.46875,0.478515625,-0.7142333984375,0.202880859375,1.6774193548387097,50.83088954056696,0.8612903225806451,26.099706744868033
15.735853999998653,29.405943413674777,0.47650146484375,0.48046875,-0.70709228515625,0.205322265625,1.6741935483870967,50.733137829912025,0.9387096774193548,28.445747800586513
15.755898465984501,29.405943413674777,0.47650146484375,0.48046875,-0.70709228515625,0.205322265625,1.7193548387096773,52.101661779081134,1.032258064516129,31.28054740957967
15.775992021983257,28.61540539668527,0.4873046875,0.47601318359375,-0.70379638671875,0.20159912109375,1.696774193548387,51.417399804496576,1.0709677419354837,32.453567937438905
15.796032871992793,28.61540539668527,0.4873046875,0.47601318359375,-0.70379638671875,0.20159912109375,1.7387096774193547,52.68817204301075,1.0870967741935482,32.94232649071358
15.81614450798952,28.61540539668527,0.4873046875,0.47601318359375,-0.70379638671875,0.20159912109375,1.7064516129032257,51.71065493646139,1.0774193548387097,32.64907135874878
15.836226415995043,27.86763751912075,0.4993896484375,0.46820068359375,-0.70245361328125,0.19482421875,1.7096774193548387,51.80840664711632,1.0741935483870966,32.55131964809384
15.856330243987031,27.86763751912075,0.4993896484375,0.46820068359375,-0.70245361328125,0.19482421875,1.7516129032258063,53.0791788856305,1.0548387096774192,31.964809384164223
15.876401205983711,27.00986424212683,0.5140380859375,0.46343994140625,-0.69683837890625,0.18829345703125,1.729032258064516,52.39491691104594,1.0806451612903225,32.74682306940371
15.896480553987203,27.00986424212683,0.5140380859375,0.46343994140625,-0.69683837890625,0.18829345703125,1.729032258064516,52.39491691104594,1.0870967741935482,32.94232649071358
15.916547803994035,27.00986424212683,0.5140380859375,0.46343994140625,-0.69683837890625,0.18829345703125,1.7258064516129032,52.29716520039101,1.2580645161290323,38.12316715542522
15.936613006982952,26.146867573762655,0.5279541015625,0.4627685546875,-0.6875,0.185546875,1.7516129032258063,53.0791788856305,1.429032258064516,43.30400782013685
15.95669264200842,26.146867573762655,0.5279541015625,0.4627685546875,-0.6875,0.185546875,1.729032258064516,52.39491691104594,1.2677419354838708,38.41642228739003
15.976764244987862,25.429663052302914,0.54327392578125,0.46112060546875,-0.67803955078125,0.180419921875,1.7419354838709677,52.785923753665685,1.4225806451612903,43.10850439882698
15.996837735990994,25.429663052302914,0.54327392578125,0.46112060546875,-0.67803955078125,0.180419921875,1.732258064516129,52.49266862170088,1.3483870967741933,40.86021505376344
16.01693090799381,25.429663052302914,0.54327392578125,0.46112060546875,-0.67803955078125,0.180419921875,1.7677419354838708,53.567937438905176,1.4451612903225806,43.79276637341153
16.03700654298882,25.18679974452607,0.55889892578125,0.45855712890625,-0.66949462890625,0.17071533203125,1.7548387096774192,53.17693059628543,1.3774193548387097,41.73998044965787
16.05710937900585,25.18679974452607,0.55889892578125,0.45855712890625,-0.66949462890625,0.17071533203125,1.7064516129032257,51.71065493646139,1.3548387096774193,41.05571847507331
16.07715704498696,25.33269690431652,0.57440185546875,0.4569091796875,-0.66033935546875,0.158935546875,1.7580645161290323,53.27468230694038,1.532258064516129,46.432062561094824
16.097242183983326,25.33269690431652,0.57440185546875,0.4569091796875,-0.66033935546875,0.158935546875,1.7419354838709677,52.785923753665685,1.4387096774193548,43.59726295210166
16.117308954999316,25.33269690431652,0.57440185546875,0.4569091796875,-0.66033935546875,0.158935546875,1.7,51.515151515151516,1.3741935483870966,41.64222873900293
16.137421646999428,25.698737553335917,0.58770751953125,0.4556884765625,-0.65203857421875,0.14776611328125,1.7451612903225806,52.883675464320625,1.3709677419354838,41.54447702834799
16.15748025799985,25.698737553335917,0.58770751953125,0.4556884765625,-0.65203857421875,0.14776611328125,1.7451612903225806,52.883675464320625,1.4129032258064516,42.81524926686217
16.177916865010047,25.966936243822644,0.598388671875,0.452880859375,-0.64617919921875,0.1387939453125,1.7161290322580645,52.003910068426194,1.4580645161290322,44.18377321603128
16.197635880002053,25.966936243822644,0.598388671875,0.452880859375,-0.64617919921875,0.1387939453125,1.7,51.515151515151516,1.467741935483871,44.4770283479961
16.217731676006224,25.966936243822644,0.598388671875,0.452880859375,-0.64617919921875,0.1387939453125,1.7387096774193547,52.68817204301075,1.3806451612903226,41.837732160312804
16.23780708698905,26.30925732943652,0.6070556640625,0.45025634765625,-0.6417236328125,0.1302490234375,1.764516129032258,53.47018572825024,1.4516129032258065,43.98826979472141
16.257884738006396,26.30925732943652,0.6070556640625,0.45025634765625,-0.6417236328125,0.1302490234375,1.729032258064516,52.39491691104594,1.4161290322580644,42.91300097751711
16.27796184498584,26.966224956989613,0.6162109375,0.4515380859375,-0.63360595703125,0.12225341796875,1.7451612903225806,52.883675464320625,1.4516129032258065,43.98826979472141
16.29806608898798,26.966224956989613,0.6162109375,0.4515380859375,-0.63360595703125,0.12225341796875,1.764516129032258,53.47018572825024,1.3903225806451613,42.13098729227762
16.318152188992826,26.966224956989613,0.6162109375,0.4515380859375,-0.63360595703125,0.12225341796875,1.7580645161290323,53.27468230694038,1.4419354838709677,43.6950146627566
16.33824161600205,27.726705496649345,0.6246337890625,0.4552001953125,-0.623779296875,0.1163330078125,1.7483870967741935,52.98142717497556,1.403225806451613,42.52199413489737
16.358341860002838,27.726705496649345,0.6246337890625,0.4552001953125,-0.623779296875,0.1163330078125,1.7387096774193547,52.68817204301075,1.493548387096774,45.25904203323558
16.379417465010192,28.651509601609057,0.63232421875,0.45849609375,-0.6148681640625,0.1090087890625,1.7483870967741935,52.98142717497556,1.432258064516129,43.401759530791786
16.398539852001704,28.651509601609057,0.63232421875,0.45849609375,-0.6148681640625,0.1090087890625,1.7548387096774192,53.17693059628543,1.5032258064516129,45.552297165200386
16.418607422005152,28.651509601609057,0.63232421875,0.45849609375,-0.6148681640625,0.1090087890625,1.729032258064516,52.39491691104594,1.467741935483871,44.4770283479961
16.43873614698532,29.40275156492514,0.639892578125,0.4578857421875,-0.60888671875,0.10040283203125,1.7161290322580645,52.003910068426194,1.4096774193548387,42.717497556207235
16.45882390998304,29.40275156492514,0.639892578125,0.4578857421875,-0.60888671875,0.10040283203125,1.7161290322580645,52.003910068426194,1.396774193548387,42.32649071358749
16.478812660992844,29.98765561841548,0.6466064453125,0.45458984375,-0.60577392578125,0.09100341796875,1.7193548387096773,52.101661779081134,1.3935483870967742,42.22873900293255
16.498919656005455,29.98765561841548,0.6466064453125,0.45458984375,-0.60577392578125,0.09100341796875,1.6741935483870967,50.733137829912025,1.361290322580645,41.251221896383186
16.51900837899302,29.98765561841548,0.6466064453125,0.45458984375,-0.60577392578125,0.09100341796875,1.5870967741935482,48.09384164222873,1.3709677419354838,41.54447702834799
16.53910439799074,29.859018101114295,0.65203857421875,0.4456787109375,-0.6075439453125,0.0841064453125,1.6032258064516127,48.58260019550342,1.3193548387096772,39.980449657869
16.559130045992788,29.859018101114295,0.65203857421875,0.4456787109375,-0.6075439453125,0.0841064453125,1.6096774193548384,48.77810361681329,1.264516129032258,38.318670576735094
16.579247921996284,28.626200314509887,0.6544189453125,0.43389892578125,-0.61309814453125,0.0867919921875,1.62258064516129,49.169110459433035,1.1741935483870969,35.581622678396876
16.59933721998823,28.626200314509887,0.6544189453125,0.43389892578125,-0.61309814453125,0.0867919921875,1.62258064516129,49.169110459433035,1.2387096774193547,37.536656891495596
16.619452374987304,28.626200314509887,0.6544189453125,0.43389892578125,-0.61309814453125,0.0867919921875,1.6483870967741936,49.95112414467254,1.2258064516129032,37.14565004887586
16.63953831398976,26.339559394758403,0.653076171875,0.42034912109375,-0.62200927734375,0.099609375,1.6483870967741936,49.95112414467254,1.058064516129032,32.06256109481915
16.659556281985715,26.339559394758403,0.653076171875,0.42034912109375,-0.62200927734375,0.099609375,1.6096774193548384,48.77810361681329,0.9451612903225807,28.641251221896386
16.67966215699562,23.6741459679738,0.6466064453125,0.4058837890625,-0.63543701171875,0.11590576171875,1.6032258064516127,48.58260019550342,1.0064516129032257,30.498533724340177
16.699759423994692,23.6741459679738,0.6466064453125,0.4058837890625,-0.63543701171875,0.11590576171875,1.6516129032258065,50.048875855327466,1.0838709677419354,32.84457478005865
16.719839889992727,23.6741459679738,0.6466064453125,0.4058837890625,-0.63543701171875,0.11590576171875,1.6838709677419355,51.02639296187683,1.0419354838709676,31.57380254154447
16.739920324005652,21.33468301792456,0.6368408203125,0.3931884765625,-0.64996337890625,0.13177490234375,1.6741935483870967,50.733137829912025,1.164516129032258,35.28836754643206
16.7600120230054,21.33468301792456,0.6368408203125,0.3931884765625,-0.64996337890625,0.13177490234375,1.6709677419354838,50.635386119257085,0.9709677419354839,29.423264907135877
16.78004071098985,19.878919667364457,0.6195068359375,0.3896484375,-0.664794921875,0.1497802734375,1.6612903225806452,50.34213098729228,1.1064516129032256,33.5288367546432
16.800146010005847,19.878919667364457,0.6195068359375,0.3896484375,-0.664794921875,0.1497802734375,1.6903225806451612,51.2218963831867,1.0483870967741935,31.76930596285435
16.820187946985243,19.878919667364457,0.6195068359375,0.3896484375,-0.664794921875,0.1497802734375,1.6612903225806452,50.34213098729228,1.1741935483870969,35.581622678396876
16.840334207983688,19.348389464305853,0.60009765625,0.39385986328125,-0.675537109375,0.16851806640625,1.6774193548387097,50.83088954056696,1.0612903225806452,32.16031280547409
16.86036990399589,19.348389464305853,0.60009765625,0.39385986328125,-0.675537109375,0.16851806640625,1.6774193548387097,50.83088954056696,1.0483870967741935,31.76930596285435
16.8804755230085,19.88912627338857,0.58172607421875,0.40576171875,-0.680908203125,0.18255615234375,1.664516129032258,50.43988269794721,1.090322580645161,33.040078201368516
16.90051797198248,19.88912627338857,0.58172607421875,0.40576171875,-0.680908203125,0.18255615234375,1.6483870967741936,49.95112414467254,1.0064516129032257,30.498533724340177
16.920559204998426,19.88912627338857,0.58172607421875,0.40576171875,-0.680908203125,0.18255615234375,1.6774193548387097,50.83088954056696,1.0129032258064516,30.69403714565005
16.946488735993626,20.6932582345908,0.568603515625,0.4168701171875,-0.6832275390625,0.19012451171875,1.6451612903225807,49.8533724340176,0.8387096774193549,25.41544477028348
16.960755787004018,20.6932582345908,0.568603515625,0.4168701171875,-0.6832275390625,0.19012451171875,1.6483870967741936,49.95112414467254,0.796774193548387,24.144672531769302
16.980826363986125,21.548332557372973,0.557861328125,0.4244384765625,-0.6865234375,0.193359375,1.62258064516129,49.169110459433035,0.8741935483870967,26.49071358748778
17.000908463000087,21.548332557372973,0.557861328125,0.4244384765625,-0.6865234375,0.193359375,1.6516129032258065,50.048875855327466,0.9161290322580644,27.76148582600195
17.020949247991666,21.548332557372973,0.557861328125,0.4244384765625,-0.6865234375,0.193359375,1.664516129032258,50.43988269794721,0.996774193548387,30.205278592375368
17.041009809006937,22.279507495120313,0.55084228515625,0.42919921875,-0.6890869140625,0.193603515625,1.6903225806451612,51.2218963831867,1.1064516129032256,33.5288367546432
17.061113892006688,22.279507495120313,0.55084228515625,0.42919921875,-0.6890869140625,0.193603515625,1.732258064516129,52.49266862170088,1.2129032258064516,36.75464320625611
17.08120063098613,22.71071923064578,0.55145263671875,0.43408203125,-0.6864013671875,0.1905517578125,1.729032258064516,52.39491691104594,1.3548387096774193,41.05571847507331
17.10126803998719,22.71071923064578,0.55145263671875,0.43408203125,-0.6864013671875,0.1905517578125,1.7580645161290323,53.27468230694038,1.4419354838709677,43.6950146627566
17.121344569983194,22.71071923064578,0.55145263671875,0.43408203125,-0.6864013671875,0.1905517578125,1.7774193548387096,53.86119257086999,1.5129032258064514,45.8455522971652
17.14139351499034,23.56589460259697,0.55572509765625,0.44232177734375,-0.68011474609375,0.181640625,1.8032258064516127,54.64320625610948,1.6096774193548384,48.77810361681329
17.16158550599357,23.56589460259697,0.55572509765625,0.44232177734375,-0.68011474609375,0.181640625,1.8548387096774193,56.20723362658847,1.6903225806451612,51.2218963831867
17.181651858991245,24.641095402780948,0.56280517578125,0.4490966796875,-0.67327880859375,0.168212890625,1.8032258064516127,54.64320625610948,1.667741935483871,50.53763440860215
17.201656899007503,24.641095402780948,0.56280517578125,0.4490966796875,-0.67327880859375,0.168212890625,1.8935483870967742,57.380254154447705,1.7,51.515151515151516
17.221695988002466,24.641095402780948,0.56280517578125,0.4490966796875,-0.67327880859375,0.168212890625,1.896774193548387,57.478005865102645,1.6870967741935483,51.12414467253177
17.24178154199035,25.755011106746906,0.57244873046875,0.45556640625,-0.66412353515625,0.15399169921875,1.932258064516129,58.55327468230694,1.6580645161290322,50.24437927663734
17.26188322500093,25.755011106746906,0.57244873046875,0.45556640625,-0.66412353515625,0.15399169921875,1.9516129032258065,59.13978494623656,1.829032258064516,55.42521994134897
17.281917321990477,26.475800707446773,0.5845947265625,0.4586181640625,-0.6539306640625,0.142333984375,1.932258064516129,58.55327468230694,1.9064516129032258,57.77126099706745
17.301973307010485,26.475800707446773,0.5845947265625,0.4586181640625,-0.6539306640625,0.142333984375,1.929032258064516,58.45552297165201,1.8677419354838707,56.59824046920821
17.32210868698894,26.475800707446773,0.5845947265625,0.4586181640625,-0.6539306640625,0.142333984375,1.9419354838709677,58.846529814271754,1.9,57.57575757575758
17.343539024004713,27.31911233073329,0.595703125,0.46002197265625,-0.64556884765625,0.12969970703125,1.964516129032258,59.530791788856305,1.9064516129032258,57.77126099706745
17.362206608988345,27.31911233073329,0.595703125,0.46002197265625,-0.64556884765625,0.12969970703125,2.009677419354839,60.899315738025415,1.8548387096774193,56.20723362658847
17.382340965006733,28.62798321607817,0.6029052734375,0.46160888671875,-0.64068603515625,0.11395263671875,2.009677419354839,60.899315738025415,1.8548387096774193,56.20723362658847
17.402364501991542,28.62798321607817,0.6029052734375,0.46160888671875,-0.64068603515625,0.11395263671875,2.019354838709677,61.19257086999021,1.8741935483870966,56.79374389051808
17.422441639995668,28.62798321607817,0.6029052734375,0.46160888671875,-0.64068603515625,0.11395263671875,1.9741935483870967,59.82404692082112,1.9,57.57575757575758
17.44254809099948,30.12934162274105,0.59429931640625,0.4730224609375,-0.6412353515625,0.10858154296875,1.8322580645161288,55.5229716520039,1.829032258064516,55.42521994134897
17.46267643000465,30.12934162274105,0.59429931640625,0.4730224609375,-0.6412353515625,0.10858154296875,1.8419354838709676,55.816226783968716,1.7,51.515151515151516
17.482689789001597,28.47142556173425,0.58367919921875,0.47772216796875,-0.642578125,0.13494873046875,1.8709677419354838,56.695992179863154,1.6612903225806452,50.34213098729228
17.502780270006042,28.47142556173425,0.58367919921875,0.47772216796875,-0.642578125,0.13494873046875,1.8677419354838707,56.59824046920821,1.7387096774193547,52.68817204301075
17.52285267098341,28.47142556173425,0.58367919921875,0.47772216796875,-0.642578125,0.13494873046875,1.8741935483870966,56.79374389051808,1.7548387096774192,53.17693059628543
17.542948752990924,25.02592684140106,0.576416015625,0.4755859375,-0.64080810546875,0.17596435546875,1.8677419354838707,56.59824046920821,1.7580645161290323,53.27468230694038
17.56299536098959,25.02592684140106,0.576416015625,0.4755859375,-0.64080810546875,0.17596435546875,1.8838709677419354,57.0869990224829,1.7548387096774192,53.17693059628543
17.58309259498492,21.541185769731044,0.564453125,0.4683837890625,-0.64434814453125,0.2164306640625,1.8580645161290321,56.304985337243394,1.7838709677419353,54.05669599217986
17.603141122992383,21.541185769731044,0.564453125,0.4683837890625,-0.64434814453125,0.2164306640625,1.8838709677419354,57.0869990224829,1.7903225806451613,54.25219941348974
17.623224212002242,21.541185769731044,0.564453125,0.4683837890625,-0.64434814453125,0.2164306640625,1.8483870967741933,56.01173020527859,1.8064516129032258,54.74095796676443
17.643271620007,19.374949333256097,0.5458984375,0.4671630859375,-0.6480712890625,0.25238037109375,1.8322580645161288,55.5229716520039,1.796774193548387,54.44770283479961
17.663352117000613,19.374949333256097,0.5458984375,0.4671630859375,-0.6480712890625,0.25238037109375,1.8354838709677417,55.62072336265884,1.696774193548387,51.417399804496576
17.6834014460037,19.25184546860784,0.53271484375,0.4764404296875,-0.645751953125,0.26873779296875,1.8387096774193548,55.71847507331379,1.4903225806451612,45.16129032258064
17.703461110009812,19.25184546860784,0.53271484375,0.4764404296875,-0.645751953125,0.26873779296875,1.8451612903225805,55.91397849462365,1.4129032258064516,42.81524926686217
17.723519877996296,19.809493790319024,0.51934814453125,0.48870849609375,-0.64312744140625,0.27911376953125,1.829032258064516,55.42521994134897,1.493548387096774,45.25904203323558
17.743612791993655,19.809493790319024,0.51934814453125,0.48870849609375,-0.64312744140625,0.27911376953125,1.8161290322580643,55.034213098729225,1.632258064516129,49.462365591397855
17.763661192002473,19.809493790319024,0.51934814453125,0.48870849609375,-0.64312744140625,0.27911376953125,1.8903225806451613,57.28250244379277,1.6935483870967742,51.31964809384164
17.783730297000147,19.77183122637814,0.50714111328125,0.4931640625,-0.6435546875,0.29229736328125,2.0161290322580645,61.09481915933529,1.7387096774193547,52.68817204301075
17.80387559600058,19.77183122637814,0.50714111328125,0.4931640625,-0.6435546875,0.29229736328125,2.0483870967741935,62.07233626588465,1.8935483870967742,57.380254154447705
17.823935452994192,20.152464740235203,0.49755859375,0.4990234375,-0.64337158203125,0.29913330078125,2.064516129032258,62.56109481915934,1.9548387096774194,59.2375366568915
17.843996524985414,20.152464740235203,0.49755859375,0.4990234375,-0.64337158203125,0.29913330078125,2.0677419354838706,62.65884652981426,2.0161290322580645,61.09481915933529
17.86406659000204,20.152464740235203,0.49755859375,0.4990234375,-0.64337158203125,0.29913330078125,2.0903225806451613,63.34310850439883,1.9580645161290322,59.33528836754643
17.884130991005804,20.28553964684511,0.4927978515625,0.50048828125,-0.64422607421875,0.302734375,2.064516129032258,62.56109481915934,2.0,60.60606060606061
17.904189054999733,20.28553964684511,0.4927978515625,0.50048828125,-0.64422607421875,0.302734375,2.074193548387097,62.85434995112414,1.961290322580645,59.43304007820137
17.924297360994387,20.532924404694853,0.4962158203125,0.4969482421875,-0.647705078125,0.29547119140625,2.054838709677419,62.267839687194524,2.0032258064516126,60.703812316715535
17.944333377003204,20.532924404694853,0.4962158203125,0.4969482421875,-0.647705078125,0.29547119140625,2.009677419354839,60.899315738025415,1.9580645161290322,59.33528836754643
17.964404369995464,20.532924404694853,0.4962158203125,0.4969482421875,-0.647705078125,0.29547119140625,1.996774193548387,60.50830889540567,1.9193548387096775,58.162267839687196
17.984483874985017,20.564587828610982,0.50628662109375,0.4869384765625,-0.65350341796875,0.28192138671875,1.9483870967741934,59.04203323558163,1.9451612903225806,58.94428152492669
18.004557364009088,20.564587828610982,0.50628662109375,0.4869384765625,-0.65350341796875,0.28192138671875,1.9580645161290322,59.33528836754643,1.8258064516129031,55.32746823069403
18.024659685994266,20.218647606052528,0.52105712890625,0.4742431640625,-0.65753173828125,0.26690673828125,1.9,57.57575757575758,1.8741935483870966,56.79374389051808
18.0447092379909,20.218647606052528,0.52105712890625,0.4742431640625,-0.65753173828125,0.26690673828125,1.8838709677419354,57.0869990224829,1.7838709677419353,54.05669599217986
18.064781670982484,20.218647606052528,0.52105712890625,0.4742431640625,-0.65753173828125,0.26690673828125,1.861290322580645,56.402737047898334,1.6870967741935483,51.12414467253177
18.084862999996403,20.05276746614956,0.53741455078125,0.46148681640625,-0.6607666015625,0.248291015625,1.8322580645161288,55.5229716520039,1.5999999999999999,48.484848484848484
18.104934440983925,20.05276746614956,0.53741455078125,0.46148681640625,-0.6607666015625,0.248291015625,1.764516129032258,53.47018572825024,1.4870967741935484,45.06353861192571
18.125012409989722,20.281645950915987,0.5477294921875,0.4493408203125,-0.6669921875,0.230712890625,1.729032258064516,52.39491691104594,1.3064516129032258,39.589442815249264
18.14508356299484,20.281645950915987,0.5477294921875,0.4493408203125,-0.6669921875,0.230712890625,1.7354838709677418,52.59042033235581,1.2741935483870968,38.6119257086999
18.165158171992516,20.281645950915987,0.5477294921875,0.4493408203125,-0.6669921875,0.230712890625,1.6516129032258065,50.048875855327466,1.196774193548387,36.26588465298143
18.185266413987847,20.560579425057753,0.55157470703125,0.44287109375,-0.67144775390625,0.2208251953125,1.6580645161290322,50.24437927663734,1.206451612903226,36.55913978494624
18.20528566100984,20.560579425057753,0.55157470703125,0.44287109375,-0.67144775390625,0.2208251953125,1.664516129032258,50.43988269794721,1.1838709677419355,35.87487781036168
18.22540180798387,20.92747677649642,0.5533447265625,0.44073486328125,-0.67364501953125,0.2138671875,1.6516129032258065,50.048875855327466,1.1451612903225807,34.701857282502445
18.24543452699436,20.92747677649642,0.5533447265625,0.44073486328125,-0.67364501953125,0.2138671875,1.6741935483870967,50.733137829912025,1.0677419354838709,32.355816226783965
18.265495344006922,20.92747677649642,0.5533447265625,0.44073486328125,-0.67364501953125,0.2138671875,1.6806451612903226,50.9286412512219,0.8225806451612904,24.9266862170088
18.285581153002568,21.513357112969928,0.55450439453125,0.44537353515625,-0.67132568359375,0.2086181640625,1.6483870967741936,49.95112414467254,0.7838709677419354,23.753665689149557
18.30564577798941,21.513357112969928,0.55450439453125,0.44537353515625,-0.67132568359375,0.2086181640625,1.62258064516129,49.169110459433035,0.5548387096774193,16.81329423264907
18.325688898010412,21.940702684550914,0.54998779296875,0.45562744140625,-0.666748046875,0.21307373046875,1.6580645161290322,50.24437927663734,0.5516129032258064,16.715542521994134
18.345758579001995,21.940702684550914,0.54998779296875,0.45562744140625,-0.666748046875,0.21307373046875,1.6516129032258065,50.048875855327466,0.5967741935483871,18.084066471163247
18.36582365099457,21.940702684550914,0.54998779296875,0.45562744140625,-0.666748046875,0.21307373046875,1.6451612903225807,49.8533724340176,0.5096774193548387,15.444770283479961
18.385882323986152,22.20293879711309,0.5400390625,0.46722412109375,-0.66314697265625,0.22430419921875,1.6483870967741936,49.95112414467254,0.2838709677419355,8.60215053763441
18.405995078006526,22.20293879711309,0.5400390625,0.46722412109375,-0.66314697265625,0.22430419921875,1.62258064516129,49.169110459433035,0.2225806451612903,6.744868035190615
18.42604031000519,22.640130312232813,0.5272216796875,0.47625732421875,-0.66351318359375,0.23443603515625,1.62258064516129,49.169110459433035,0.0032258064516129032,0.09775171065493646
18.44617629700224,22.640130312232813,0.5272216796875,0.47625732421875,-0.66351318359375,0.23443603515625,1.62258064516129,49.169110459433035,0.0,0.0
18.466231161000906,22.640130312232813,0.5272216796875,0.47625732421875,-0.66351318359375,0.23443603515625,1.5451612903225804,46.82306940371456,0.0,0.0
18.48630596100702,24.32817799704428,0.5107421875,0.48748779296875,-0.66827392578125,0.23443603515625,1.6483870967741936,49.95112414467254,0.0967741935483871,2.932551319648094
18.506356823985698,24.32817799704428,0.5107421875,0.48748779296875,-0.66827392578125,0.23443603515625,1.6096774193548384,48.77810361681329,0.2806451612903225,8.50439882697947
18.52641613499145,28.325909065615235,0.4854736328125,0.50537109375,-0.6790771484375,0.21856689453125,1.5838709677419354,47.9960899315738,0.3870967741935484,11.730205278592376
18.54649778298335,28.325909065615235,0.4854736328125,0.50537109375,-0.6790771484375,0.21856689453125,1.596774193548387,48.38709677419355,0.38387096774193546,11.632453567937437
18.566556806996232,28.325909065615235,0.4854736328125,0.50537109375,-0.6790771484375,0.21856689453125,1.6032258064516127,48.58260019550342,0.36129032258064514,10.948191593352883
18.586614389991155,34.3218275260927,0.4512939453125,0.52484130859375,-0.69696044921875,0.1875,1.6290322580645162,49.36461388074292,0.3032258064516129,9.188660801564028
18.606668581982376,34.3218275260927,0.4512939453125,0.52484130859375,-0.69696044921875,0.1875,1.635483870967742,49.56011730205279,0.3548387096774194,10.752688172043012
18.62675198999932,41.76406849745448,0.4072265625,0.5482177734375,-0.715087890625,0.14910888671875,1.5709677419354837,47.60508308895405,0.24838709677419354,7.526881720430108
18.64681558898883,41.76406849745448,0.4072265625,0.5482177734375,-0.715087890625,0.14910888671875,1.5774193548387094,47.800586510263926,0.0,0.0
18.666905269987183,41.76406849745448,0.4072265625,0.5482177734375,-0.715087890625,0.14910888671875,1.596774193548387,48.38709677419355,0.0,0.0
18.68694058098481,49.48655131765155,0.35186767578125,0.57830810546875,-0.7261962890625,0.11981201171875,1.62258064516129,49.169110459433035,0.0,0.0
18.707034549006494,49.48655131765155,0.35186767578125,0.57830810546875,-0.7261962890625,0.11981201171875,1.5870967741935482,48.09384164222873,0.0,0.0
18.727099109004484,57.08958655476124,0.29107666015625,0.60943603515625,-0.73114013671875,0.0965576171875,1.6161290322580644,48.97360703812317,0.0,0.0
18.747169909009244,57.08958655476124,0.29107666015625,0.60943603515625,-0.73114013671875,0.0965576171875,1.6935483870967742,51.31964809384164,0.0,0.0
18.76723261200823,57.08958655476124,0.29107666015625,0.60943603515625,-0.73114013671875,0.0965576171875,1.5806451612903225,47.898338220918866,0.012903225806451613,0.39100684261974583
18.787292371998774,62.72896072111937,0.2442626953125,0.6046142578125,-0.7545166015625,0.0740966796875,1.5838709677419354,47.9960899315738,0.0,0.0
18.807419269985985,62.72896072111937,0.2442626953125,0.6046142578125,-0.7545166015625,0.0740966796875,1.5806451612903225,47.898338220918866,0.0,0.0
18.827472372999182,71.51927161964909,0.188232421875,0.611083984375,-0.76849365234375,0.02264404296875,1.6709677419354838,50.635386119257085,0.0,0.0
18.847513796004932,71.51927161964909,0.188232421875,0.611083984375,-0.76849365234375,0.02264404296875,1.696774193548387,51.417399804496576,0.0,0.0
18.867643829988083,71.51927161964909,0.188232421875,0.611083984375,-0.76849365234375,0.02264404296875,1.6709677419354838,50.635386119257085,0.0,0.0
18.887681827996857,78.60917849244002,-0.1402587890625,-0.61029052734375,0.77947998046875,0.017333984375,1.6516129032258065,50.048875855327466,0.0,0.0
18.90773333099787,78.60917849244002,-0.1402587890625,-0.61029052734375,0.77947998046875,0.017333984375,1.6709677419354838,50.635386119257085,0.0,0.0
18.927823812002316,84.18594846167812,-0.09906005859375,-0.62091064453125,0.77642822265625,0.04229736328125,1.6129032258064515,48.87585532746823,0.0064516129032258064,0.19550342130987292
18.947871602984378,84.18594846167812,-0.09906005859375,-0.62091064453125,0.77642822265625,0.04229736328125,1.62258064516129,49.169110459433035,0.0,0.0
18.967922913987422,84.18594846167812,-0.09906005859375,-0.62091064453125,0.77642822265625,0.04229736328125,1.6806451612903226,50.9286412512219,0.0,0.0
18.987988273991505,88.64616041107995,-0.0687255859375,-0.63397216796875,0.767578125,0.0645751953125,1.6741935483870967,50.733137829912025,0.0,0.0
19.00805408199085,88.64616041107995,-0.0687255859375,-0.63397216796875,0.767578125,0.0645751953125,1.62258064516129,49.169110459433035,0.0,0.0
19.02812900999561,93.25312423155937,-0.04046630859375,-0.6429443359375,0.75927734375,0.0919189453125,1.6741935483870967,50.733137829912025,0.0,0.0
19.048204802005785,93.25312423155937,-0.04046630859375,-0.6429443359375,0.75927734375,0.0919189453125,1.6258064516129032,49.266862170087975,0.0,0.0
19.068269137002062,93.25312423155937,-0.04046630859375,-0.6429443359375,0.75927734375,0.0919189453125,1.6193548387096772,49.071358748778096,0.19677419354838707,5.962854349951123
19.088408610987244,97.56577247761503,-0.0128173828125,-0.64874267578125,0.751953125,0.1163330078125,1.6483870967741936,49.95112414467254,0.39999999999999997,12.121212121212121
19.108438258001115,97.56577247761503,-0.0128173828125,-0.64874267578125,0.751953125,0.1163330078125,1.6612903225806452,50.34213098729228,0.41935483870967744,12.70772238514174
19.128497761004837,101.21083156061249,0.01104736328125,-0.65411376953125,0.7440185546875,0.13604736328125,1.7064516129032257,51.71065493646139,0.4483870967741935,13.587487781036167
19.14856123298523,101.21083156061249,0.01104736328125,-0.65411376953125,0.7440185546875,0.13604736328125,1.593548387096774,48.289345063538605,0.34193548387096767,10.361681329423263
19.168625057005556,101.21083156061249,0.01104736328125,-0.65411376953125,0.7440185546875,0.13604736328125,1.7,51.515151515151516,0.3129032258064516,9.481915933528837
19.188704241008963,104.15796275586578,0.02947998046875,-0.66064453125,0.7344970703125,0.15234375,1.7032258064516128,51.61290322580645,0.3709677419354839,11.241446725317694
19.208770944009302,104.15796275586578,0.02947998046875,-0.66064453125,0.7344970703125,0.15234375,1.7774193548387096,53.86119257086999,0.4161290322580645,12.609970674486803
19.22882785598631,106.71254060139375,0.044677734375,-0.66558837890625,0.7259521484375,0.16729736328125,1.6903225806451612,51.2218963831867,0.4483870967741935,13.587487781036167
19.248892639006954,106.71254060139375,0.044677734375,-0.66558837890625,0.7259521484375,0.16729736328125,1.6483870967741936,49.95112414467254,0.5387096774193548,16.32453567937439
19.2689573589887,106.71254060139375,0.044677734375,-0.66558837890625,0.7259521484375,0.16729736328125,1.729032258064516,52.39491691104594,0.6129032258064516,18.57282502443793
19.28981900200597,109.26841858195517,0.05975341796875,-0.6680908203125,0.71881103515625,0.18267822265625,1.7,51.515151515151516,0.6516129032258063,19.745845552297162
19.30909153498942,109.26841858195517,0.05975341796875,-0.6680908203125,0.71881103515625,0.18267822265625,1.7451612903225806,52.883675464320625,0.6225806451612903,18.866080156402738
19.329154653998557,111.62093543801647,0.0736083984375,-0.6661376953125,0.7154541015625,0.197509765625,1.7129032258064516,51.90615835777126,0.6806451612903225,20.625610948191593
19.349265998986084,111.62093543801647,0.0736083984375,-0.6661376953125,0.7154541015625,0.197509765625,1.8032258064516127,54.64320625610948,0.7161290322580645,21.700879765395893
19.369312349997927,111.62093543801647,0.0736083984375,-0.6661376953125,0.7154541015625,0.197509765625,1.761290322580645,53.3724340175953,0.7516129032258064,22.776148582600193
19.389374285994563,113.7463959854866,0.0850830078125,-0.665283203125,0.71087646484375,0.21173095703125,1.7870967741935482,54.154447702834794,0.7387096774193548,22.385141739980448
19.409436124988133,113.7463959854866,0.0850830078125,-0.665283203125,0.71087646484375,0.21173095703125,1.8451612903225805,55.91397849462365,0.7516129032258064,22.776148582600193
19.42953722999664,115.4175316040586,0.09326171875,-0.66534423828125,0.70611572265625,0.22357177734375,1.8354838709677417,55.62072336265884,0.8516129032258064,25.806451612903224
19.4496382070065,115.4175316040586,0.09326171875,-0.66534423828125,0.70611572265625,0.22357177734375,1.8580645161290321,56.304985337243394,0.8516129032258064,25.806451612903224
19.46978724899236,115.4175316040586,0.09326171875,-0.66534423828125,0.70611572265625,0.22357177734375,1.8677419354838707,56.59824046920821,0.9096774193548386,27.56598240469208
19.49026807799237,116.71852291843412,0.0980224609375,-0.666259765625,0.701171875,0.2342529296875,1.8258064516129031,55.32746823069403,0.9387096774193548,28.445747800586513
19.510017041990068,116.71852291843412,0.0980224609375,-0.666259765625,0.701171875,0.2342529296875,1.8677419354838707,56.59824046920821,0.9129032258064516,27.663734115347015
19.530054303002544,117.71506983162382,0.10089111328125,-0.66668701171875,0.69720458984375,0.2432861328125,1.861290322580645,56.402737047898334,0.9032258064516129,27.370478983382213
19.550073739985237,117.71506983162382,0.10089111328125,-0.66668701171875,0.69720458984375,0.2432861328125,1.8580645161290321,56.304985337243394,0.9290322580645161,28.152492668621697
19.570131418993697,117.71506983162382,0.10089111328125,-0.66668701171875,0.69720458984375,0.2432861328125,1.9064516129032258,57.77126099706745,0.8838709677419354,26.783968719452588
19.590224777988624,118.21692415415727,0.10272216796875,-0.66668701171875,0.69549560546875,0.2474365234375,1.8580645161290321,56.304985337243394,0.8516129032258064,25.806451612903224
19.610252983984537,118.21692415415727,0.10272216796875,-0.66668701171875,0.69549560546875,0.2474365234375,1.8419354838709676,55.816226783968716,0.8903225806451612,26.97947214076246
19.630312774010235,118.29222192512452,0.10284423828125,-0.6663818359375,0.69549560546875,0.248291015625,1.8354838709677417,55.62072336265884,0.8903225806451612,26.97947214076246
19.65039058099501,118.29222192512452,0.10284423828125,-0.6663818359375,0.69549560546875,0.248291015625,1.8838709677419354,57.0869990224829,0.9096774193548386,27.56598240469208
19.670445188006852,118.29222192512452,0.10284423828125,-0.6663818359375,0.69549560546875,0.248291015625,1.8322580645161288,55.5229716520039,0.9419354838709677,28.54349951124145
19.69053819499095,118.08820073625597,0.10113525390625,-0.66571044921875,0.69659423828125,0.247802734375,1.8161290322580643,55.034213098729225,0.9516129032258065,28.83675464320626
19.71059376199264,118.08820073625597,0.10113525390625,-0.66571044921875,0.69659423828125,0.247802734375,1.8580645161290321,56.304985337243394,1.0225806451612902,30.98729227761486
19.730718545994023,117.71971072086129,0.09893798828125,-0.66497802734375,0.69830322265625,0.245849609375,1.8548387096774193,56.20723362658847,0.9806451612903225,29.716520039100686
19.750769471982494,117.71971072086129,0.09893798828125,-0.66497802734375,0.69830322265625,0.245849609375,1.8580645161290321,56.304985337243394,0.9935483870967742,30.107526881720432
19.770817549986532,117.71971072086129,0.09893798828125,-0.66497802734375,0.69830322265625,0.245849609375,1.8548387096774193,56.20723362658847,0.9161290322580644,27.76148582600195
19.79087458900176,117.23925576014825,0.09619140625,-0.664306640625,0.70025634765625,0.24310302734375,1.8419354838709676,55.816226783968716,0.9129032258064516,27.663734115347015
19.8109783490072,117.23925576014825,0.09619140625,-0.664306640625,0.70025634765625,0.24310302734375,1.8064516129032258,54.74095796676443,0.8870967741935484,26.88172043010753
19.831028922984842,116.69545243864727,0.09283447265625,-0.66387939453125,0.70208740234375,0.24017333984375,1.7774193548387096,53.86119257086999,0.8193548387096774,24.82893450635386
19.851104169996688,116.69545243864727,0.09283447265625,-0.66387939453125,0.70208740234375,0.24017333984375,1.764516129032258,53.47018572825024,0.764516129032258,23.16715542521994
19.871164632990258,116.69545243864727,0.09283447265625,-0.66387939453125,0.70208740234375,0.24017333984375,1.732258064516129,52.49266862170088,0.6903225806451613,20.918866080156402
19.8912862809957,115.95385038500115,0.0882568359375,-0.663818359375,0.70416259765625,0.23602294921875,1.7064516129032257,51.71065493646139,0.6935483870967742,21.016617790811342
19.911321558989584,115.95385038500115,0.0882568359375,-0.663818359375,0.70416259765625,0.23602294921875,1.6903225806451612,51.2218963831867,0.632258064516129,19.159335288367547
19.931381092988886,114.73967037327647,0.081298828125,-0.66278076171875,0.7083740234375,0.22882080078125,1.6774193548387097,50.83088954056696,0.4967741935483871,15.053763440860216
19.95147259699297,114.73967037327647,0.081298828125,-0.66278076171875,0.7083740234375,0.22882080078125,1.6741935483870967,50.733137829912025,0.5645161290322581,17.106549364613883
19.971529219008517,114.73967037327647,0.081298828125,-0.66278076171875,0.7083740234375,0.22882080078125,1.6548387096774193,50.146627565982406,0.5419354838709677,16.422287390029325
19.991576113010524,112.9697266690447,0.0731201171875,-0.6580810546875,0.71734619140625,0.216796875,1.5999999999999999,48.484848484848484,0.4483870967741935,13.587487781036167
20.011640256008832,112.9697266690447,0.0731201171875,-0.6580810546875,0.71734619140625,0.216796875,1.5999999999999999,48.484848484848484,0.34838709677419355,10.557184750733137
20.031737263983814,110.89351746834933,0.06427001953125,-0.64935302734375,0.730224609375,0.20233154296875,1.6483870967741936,49.95112414467254,0.4548387096774193,13.78299120234604
20.051798494008835,110.89351746834933,0.06427001953125,-0.64935302734375,0.730224609375,0.20233154296875,1.62258064516129,49.169110459433035,0.0,0.0
20.07187316499767,110.89351746834933,0.06427001953125,-0.64935302734375,0.730224609375,0.20233154296875,1.6129032258064515,48.87585532746823,0.0,0.0
20.091928603011183,108.26336783413421,0.05230712890625,-0.6383056640625,0.74554443359375,0.18438720703125,1.62258064516129,49.169110459433035,0.0032258064516129032,0.09775171065493646
20.111990729987156,108.26336783413421,0.05230712890625,-0.6383056640625,0.74554443359375,0.18438720703125,1.5870967741935482,48.09384164222873,0.0,0.0
20.132058232993586,105.03582438791193,0.035400390625,-0.63031005859375,0.7581787109375,0.1632080078125,1.532258064516129,46.432062561094824,0.0032258064516129032,0.09775171065493646
20.15220384998247,105.03582438791193,0.035400390625,-0.63031005859375,0.7581787109375,0.1632080078125,1.5161290322580645,45.94330400782014,0.0,0.0
20.172234039986506,105.03582438791193,0.035400390625,-0.63031005859375,0.7581787109375,0.1632080078125,1.496774193548387,45.35679374389051,0.0,0.0
20.192288613994606,100.68678839403812,0.0101318359375,-0.62335205078125,0.7698974609375,0.13623046875,1.532258064516129,46.432062561094824,0.0,0.0
20.212348339991877,100.68678839403812,0.0101318359375,-0.62335205078125,0.7698974609375,0.13623046875,1.5483870967741935,46.9208211143695,0.0,0.0
20.232430339994607,96.17560895343667,-0.0208740234375,-0.62103271484375,0.77532958984375,0.1126708984375,1.5677419354838709,47.507331378299114,0.0,0.0
20.252479249989847,96.17560895343667,-0.0208740234375,-0.62103271484375,0.77532958984375,0.1126708984375,1.5999999999999999,48.484848484848484,0.0,0.0
20.2725411200081,96.17560895343667,-0.0208740234375,-0.62103271484375,0.77532958984375,0.1126708984375,1.6290322580645162,49.36461388074292,0.0,0.0
20.292605998984072,91.38333222155576,-0.05438232421875,-0.6181640625,0.7791748046875,0.08807373046875,1.632258064516129,49.462365591397855,0.0,0.0
20.312670813000295,91.38333222155576,-0.05438232421875,-0.6181640625,0.7791748046875,0.08807373046875,1.62258064516129,49.169110459433035,0.0,0.0
20.332739147997927,86.149982240439,-0.09027099609375,-0.6143798828125,0.781494140625,0.0601806640625,1.5806451612903225,47.898338220918866,0.0,0.0
20.35280965900165,86.149982240439,-0.09027099609375,-0.6143798828125,0.781494140625,0.0601806640625,1.6064516129032256,48.68035190615835,0.0032258064516129032,0.09775171065493646
20.372978733008495,86.149982240439,-0.09027099609375,-0.6143798828125,0.781494140625,0.0601806640625,1.561290322580645,47.31182795698924,0.0,0.0
20.39299208999728,80.61337638596217,-0.12994384765625,-0.6107177734375,0.78045654296875,0.03253173828125,1.5451612903225804,46.82306940371456,0.0,0.0
20.413044423999963,80.61337638596217,-0.12994384765625,-0.6107177734375,0.78045654296875,0.03253173828125,1.5225806451612902,46.138807429130004,0.0,0.0
20.433109239005717,74.69225095967248,-0.17333984375,-0.6060791015625,0.7762451171875,0.00421142578125,1.5838709677419354,47.9960899315738,0.35161290322580646,10.654936461388074
20.454115366010228,74.69225095967248,-0.17333984375,-0.6060791015625,0.7762451171875,0.00421142578125,1.6129032258064515,48.87585532746823,0.3870967741935484,11.730205278592376
20.473250548006035,74.69225095967248,-0.17333984375,-0.6060791015625,0.7762451171875,0.00421142578125,1.664516129032258,50.43988269794721,0.32580645161290317,9.872922776148581
20.494708657002775,68.81034767479197,0.2158203125,0.599365234375,-0.77044677734375,0.02410888671875,1.7193548387096773,52.101661779081134,0.038709677419354833,1.1730205278592374
20.517487003002316,68.81034767479197,0.2158203125,0.599365234375,-0.77044677734375,0.02410888671875,1.7483870967741935,52.98142717497556,0.07096774193548387,2.1505376344086025
20.533881738985656,63.28695051918786,0.25677490234375,0.588134765625,-0.76544189453125,0.0479736328125,1.7483870967741935,52.98142717497556,0.27419354838709675,8.308895405669599
20.55361623800127,63.28695051918786,0.25677490234375,0.588134765625,-0.76544189453125,0.0479736328125,1.7548387096774192,53.17693059628543,0.39677419354838706,12.023460410557183
20.573670490994118,63.28695051918786,0.25677490234375,0.588134765625,-0.76544189453125,0.0479736328125,1.7387096774193547,52.68817204301075,0.4096774193548387,12.41446725317693
20.59371533599915,57.89091880337289,0.2967529296875,0.57391357421875,-0.76007080078125,0.070068359375,1.7161290322580645,52.003910068426194,0.4548387096774193,13.78299120234604
20.613836664007977,57.89091880337289,0.2967529296875,0.57391357421875,-0.76007080078125,0.070068359375,1.7451612903225806,52.883675464320625,0.39677419354838706,12.023460410557183
20.633873699989635,52.83815392060053,0.3341064453125,0.56072998046875,-0.752197265625,0.0904541015625,1.764516129032258,53.47018572825024,0.36129032258064514,10.948191593352883
20.65393307400518,52.83815392060053,0.3341064453125,0.56072998046875,-0.752197265625,0.0904541015625,1.7387096774193547,52.68817204301075,0.5032258064516129,15.249266862170089
20.674061473982874,52.83815392060053,0.3341064453125,0.56072998046875,-0.752197265625,0.0904541015625,1.7806451612903225,53.95894428152492,0.6290322580645161,19.06158357771261
20.694153775984887,48.3787833118869,0.367431640625,0.5460205078125,-0.74530029296875,0.106689453125,1.7548387096774192,53.17693059628543,0.603225806451613,18.27956989247312
20.71422175798216,48.3787833118869,0.367431640625,0.5460205078125,-0.74530029296875,0.106689453125,1.7161290322580645,52.003910068426194,0.8741935483870967,26.49071358748778
20.734267594991252,44.99479858285609,0.39678955078125,0.5338134765625,-0.73797607421875,0.11383056640625,1.696774193548387,51.417399804496576,0.964516129032258,29.227761485826004
20.754390266985865,44.99479858285609,0.39678955078125,0.5338134765625,-0.73797607421875,0.11383056640625,1.7419354838709677,52.785923753665685,1.058064516129032,32.06256109481915
20.774449735996313,44.99479858285609,0.39678955078125,0.5338134765625,-0.73797607421875,0.11383056640625,1.7387096774193547,52.68817204301075,1.032258064516129,31.28054740957967
20.794555734988535,42.24495310948063,0.4227294921875,0.52215576171875,-0.7314453125,0.11669921875,1.7516129032258063,53.0791788856305,1.1129032258064515,33.724340175953074
20.814596804004395,42.24495310948063,0.4227294921875,0.52215576171875,-0.7314453125,0.11669921875,1.7419354838709677,52.785923753665685,1.096774193548387,33.235581622678396
20.83464881699183,40.057486695429986,0.44439697265625,0.51275634765625,-0.72503662109375,0.11798095703125,1.7548387096774192,53.17693059628543,1.0935483870967742,33.137829912023456
20.854713918990456,40.057486695429986,0.44439697265625,0.51275634765625,-0.72503662109375,0.11798095703125,1.7580645161290323,53.27468230694038,1.1193548387096772,33.91984359726295
20.874779148987727,40.057486695429986,0.44439697265625,0.51275634765625,-0.72503662109375,0.11798095703125,1.7419354838709677,52.785923753665685,1.1580645161290324,35.0928641251222
20.89484712999547,37.595305706474605,0.46417236328125,0.50054931640625,-0.72021484375,0.12359619140625,1.7774193548387096,53.86119257086999,1.164516129032258,35.28836754643206
20.91491053599748,37.595305706474605,0.46417236328125,0.50054931640625,-0.72021484375,0.12359619140625,1.764516129032258,53.47018572825024,1.2193548387096773,36.950146627565985
20.93497163700522,34.8470955405251,0.48260498046875,0.48431396484375,-0.7176513671875,0.13214111328125,1.7741935483870968,53.76344086021506,1.229032258064516,37.24340175953079
20.95502934700926,34.8470955405251,0.48260498046875,0.48431396484375,-0.7176513671875,0.13214111328125,1.7580645161290323,53.27468230694038,1.2483870967741935,37.82991202346041
20.975203668000177,34.8470955405251,0.48260498046875,0.48431396484375,-0.7176513671875,0.13214111328125,1.7774193548387096,53.86119257086999,1.2677419354838708,38.41642228739003
20.99523427299573,31.934266148306428,0.500244140625,0.46575927734375,-0.71600341796875,0.14202880859375,1.7548387096774192,53.17693059628543,1.4903225806451612,45.16129032258064
21.01531585500925,31.934266148306428,0.500244140625,0.46575927734375,-0.71600341796875,0.14202880859375,1.7516129032258063,53.0791788856305,1.4129032258064516,42.81524926686217
21.035381564986892,29.021102649202653,0.51708984375,0.4482421875,-0.71295166015625,0.1529541015625,1.793548387096774,54.34995112414467,1.5774193548387094,47.800586510263926
21.055458315007854,29.021102649202653,0.51708984375,0.4482421875,-0.71295166015625,0.1529541015625,1.8193548387096772,55.13196480938416,1.590322580645161,48.19159335288367
21.07550248800544,29.021102649202653,0.51708984375,0.4482421875,-0.71295166015625,0.1529541015625,1.8806451612903226,56.98924731182796,1.6483870967741936,49.95112414467254
21.095602437999332,27.19303771405157,0.52557373046875,0.43731689453125,-0.71160888671875,0.1617431640625,1.8806451612903226,56.98924731182796,1.6451612903225807,49.8533724340176
21.115654803987127,27.19303771405157,0.52557373046875,0.43731689453125,-0.71160888671875,0.1617431640625,1.8838709677419354,57.0869990224829,1.7096774193548387,51.80840664711632
21.13575101000606,25.93879652378172,0.5322265625,0.4307861328125,-0.7093505859375,0.1673583984375,1.9096774193548387,57.86901270772239,1.7129032258064516,51.90615835777126
21.155822831991827,25.93879652378172,0.5322265625,0.4307861328125,-0.7093505859375,0.1673583984375,1.896774193548387,57.478005865102645,1.7516129032258063,53.0791788856305
21.17590841499623,25.93879652378172,0.5322265625,0.4307861328125,-0.7093505859375,0.1673583984375,1.9,57.57575757575758,1.7774193548387096,53.86119257086999
21.195977196010062,25.39057819917916,0.5350341796875,0.4288330078125,-0.707763671875,0.1702880859375,1.9064516129032258,57.77126099706745,1.764516129032258,53.47018572825024
21.21602860200801,25.39057819917916,0.5350341796875,0.4288330078125,-0.707763671875,0.1702880859375,1.8677419354838707,56.59824046920821,1.7741935483870968,53.76344086021506
21.236088454985293,25.403638925322213,0.53411865234375,0.42919921875,-0.7078857421875,0.17138671875,1.8774193548387097,56.89149560117303,1.796774193548387,54.44770283479961
21.256168724998133,25.403638925322213,0.53411865234375,0.42919921875,-0.7078857421875,0.17138671875,1.8741935483870966,56.79374389051808,1.7580645161290323,53.27468230694038
21.27622099398286,25.403638925322213,0.53411865234375,0.42919921875,-0.7078857421875,0.17138671875,1.8645161290322578,56.50048875855327,1.7580645161290323,53.27468230694038
21.29633393799304,25.52338853025941,0.53253173828125,0.42974853515625,-0.70867919921875,0.1717529296875,1.8580645161290321,56.304985337243394,1.8161290322580643,55.034213098729225
21.316413344000466,25.52338853025941,0.53253173828125,0.42974853515625,-0.70867919921875,0.1717529296875,1.9096774193548387,57.86901270772239,1.8161290322580643,55.034213098729225
21.33648647798691,25.783870465873846,0.53179931640625,0.4305419921875,-0.709228515625,0.169677734375,1.8741935483870966,56.79374389051808,1.8096774193548386,54.83870967741935
21.356564091984183,25.783870465873846,0.53179931640625,0.4305419921875,-0.709228515625,0.169677734375,1.8774193548387097,56.89149560117303,1.8483870967741933,56.01173020527859
21.37663924199296,25.783870465873846,0.53179931640625,0.4305419921875,-0.709228515625,0.169677734375,1.8548387096774193,56.20723362658847,1.8483870967741933,56.01173020527859
21.39669029499055,26.634161522461206,0.53057861328125,0.4356689453125,-0.70855712890625,0.1629638671875,1.8064516129032258,54.74095796676443,1.7,51.515151515151516
21.41678707799292,26.634161522461206,0.53057861328125,0.4356689453125,-0.70855712890625,0.1629638671875,1.7258064516129032,52.29716520039101,1.6870967741935483,51.12414467253177
21.436893140984466,28.31448098896567,0.527099609375,0.4427490234375,-0.70989990234375,0.1490478515625,1.7451612903225806,52.883675464320625,1.6903225806451612,51.2218963831867
21.456936576985754,28.31448098896567,0.527099609375,0.4427490234375,-0.70989990234375,0.1490478515625,1.7258064516129032,52.29716520039101,1.5870967741935482,48.09384164222873
21.47701518298709,28.31448098896567,0.527099609375,0.4427490234375,-0.70989990234375,0.1490478515625,1.7419354838709677,52.785923753665685,1.5548387096774192,47.11632453567937
21.497098171996186,30.617800892289544,0.52471923828125,0.45001220703125,-0.71142578125,0.12664794921875,1.7032258064516128,51.61290322580645,1.496774193548387,45.35679374389051
21.517192456987686,30.617800892289544,0.52471923828125,0.45001220703125,-0.71142578125,0.12664794921875,1.7516129032258063,53.0791788856305,1.3419354838709676,40.66471163245357
21.537268182990374,33.807812967054716,0.528564453125,0.45989990234375,-0.7078857421875,0.08978271484375,1.6903225806451612,51.2218963831867,1.1903225806451614,36.07038123167156
21.557326946989633,33.807812967054716,0.528564453125,0.45989990234375,-0.7078857421875,0.08978271484375,1.6935483870967742,51.31964809384164,1.0741935483870966,32.55131964809384
21.57739640001091,33.807812967054716,0.528564453125,0.45989990234375,-0.7078857421875,0.08978271484375,1.6387096774193548,49.65786901270772,0.9096774193548386,27.56598240469208
21.597499102004804,38.08399828692335,0.53515625,0.47528076171875,-0.697021484375,0.043212890625,1.6096774193548384,48.77810361681329,0.7870967741935483,23.851417399804493
21.61759021898615,38.08399828692335,0.53515625,0.47528076171875,-0.697021484375,0.043212890625,1.5741935483870966,47.702834799608986,0.5838709677419355,17.6930596285435
21.63768668100238,42.585627935400204,-0.538818359375,-0.489501953125,0.68560791015625,0.00262451171875,1.5483870967741935,46.9208211143695,0.5096774193548387,15.444770283479961
21.65772845299216,42.585627935400204,-0.538818359375,-0.489501953125,0.68560791015625,0.00262451171875,1.529032258064516,46.33431085043988,0.432258064516129,13.098729227761485
21.67780190598569,42.585627935400204,-0.538818359375,-0.489501953125,0.68560791015625,0.00262451171875,1.4870967741935484,45.06353861192571,0.38387096774193546,11.632453567937437
21.69786691101035,46.47540676369268,-0.5416259765625,-0.5003662109375,0.6741943359375,0.0416259765625,1.3419354838709676,40.66471163245357,0.2967741935483871,8.993157380254155
21.717940522998106,46.47540676369268,-0.5416259765625,-0.5003662109375,0.6741943359375,0.0416259765625,1.3806451612903226,41.837732160312804,0.0,0.0
21.73804831400048,49.73208925555533,-0.54052734375,-0.50836181640625,0.6663818359375,0.07281494140625,1.4516129032258065,43.98826979472141,0.0,0.0
21.7580894450075,49.73208925555533,-0.54052734375,-0.50836181640625,0.6663818359375,0.07281494140625,1.3064516129032258,39.589442815249264,0.0,0.0
21.778183410991915,49.73208925555533,-0.54052734375,-0.50836181640625,0.6663818359375,0.07281494140625,1.3322580645161288,40.371456500488755,0.0,0.0
21.79824204801116,52.59708597302277,-0.53656005859375,-0.51483154296875,0.66119384765625,0.09918212890625,1.2903225806451613,39.100684261974585,0.0,0.0
21.818323885003338,52.59708597302277,-0.53656005859375,-0.51483154296875,0.66119384765625,0.09918212890625,1.3129032258064515,39.784946236559136,0.0,0.0
21.838389273005305,55.096187903121056,-0.53302001953125,-0.52142333984375,0.65521240234375,0.12109375,1.2903225806451613,39.100684261974585,0.0,0.0
21.85850618398399,55.096187903121056,-0.53302001953125,-0.52142333984375,0.65521240234375,0.12109375,1.293548387096774,39.19843597262952,0.0,0.0
21.878536595002515,55.096187903121056,-0.53302001953125,-0.52142333984375,0.65521240234375,0.12109375,1.3258064516129031,40.17595307917888,0.0,0.0
21.89859961598995,57.33204681757334,-0.5325927734375,-0.528564453125,0.64599609375,0.14031982421875,1.2903225806451613,39.100684261974585,0.0,0.0
21.918669356993632,57.33204681757334,-0.5325927734375,-0.528564453125,0.64599609375,0.14031982421875,1.3064516129032258,39.589442815249264,0.0,0.0
21.949204511009157,59.178842160747365,-0.534423828125,-0.53509521484375,0.63543701171875,0.1558837890625,1.3193548387096772,39.980449657869,0.0,0.0
21.958799749991158,59.178842160747365,-0.534423828125,-0.53509521484375,0.63543701171875,0.1558837890625,1.3032258064516127,39.491691104594324,0.012903225806451613,0.39100684261974583
21.978901683993172,59.178842160747365,-0.534423828125,-0.53509521484375,0.63543701171875,0.1558837890625,1.296774193548387,39.29618768328446,0.0064516129032258064,0.19550342130987292
21.99896758500836,60.73776891084634,-0.5343017578125,-0.538818359375,0.62872314453125,0.16986083984375,1.293548387096774,39.19843597262952,0.0,0.0
22.01903700598632,60.73776891084634,-0.5343017578125,-0.538818359375,0.62872314453125,0.16986083984375,1.2870967741935482,39.00293255131964,0.0,0.0
22.03907676099334,62.05830368614447,-0.53326416015625,-0.5401611328125,0.624755859375,0.18304443359375,1.3032258064516127,39.491691104594324,0.09032258064516129,2.7370478983382207
22.059194792003836,62.05830368614447,-0.53326416015625,-0.5401611328125,0.624755859375,0.18304443359375,1.293548387096774,39.19843597262952,0.26774193548387093,8.113391984359726
22.079278452991275,62.05830368614447,-0.53326416015625,-0.5401611328125,0.624755859375,0.18304443359375,1.3258064516129031,40.17595307917888,0.35161290322580646,10.654936461388074
22.099355201993603,62.82645685077972,-0.5352783203125,-0.539306640625,0.620849609375,0.19281005859375,1.3387096774193548,40.56695992179863,0.4064516129032258,12.316715542521994
22.11942958299187,62.82645685077972,-0.5352783203125,-0.539306640625,0.620849609375,0.19281005859375,1.3064516129032258,39.589442815249264,0.39032258064516123,11.82795698924731
22.13950933999149,63.28772518075462,-0.538818359375,-0.5379638671875,0.61669921875,0.19989013671875,1.3483870967741933,40.86021505376344,0.38387096774193546,11.632453567937437
22.159589513001265,63.28772518075462,-0.538818359375,-0.5379638671875,0.61669921875,0.19989013671875,1.2903225806451613,39.100684261974585,0.38387096774193546,11.632453567937437
22.179670999001246,63.28772518075462,-0.538818359375,-0.5379638671875,0.61669921875,0.19989013671875,1.3193548387096772,39.980449657869,0.4032258064516129,12.218963831867057
22.19975158799207,63.41184438922738,-0.5423583984375,-0.53533935546875,0.6143798828125,0.20440673828125,1.2903225806451613,39.100684261974585,0.32580645161290317,9.872922776148581
22.219831856986275,63.41184438922738,-0.5423583984375,-0.53533935546875,0.6143798828125,0.20440673828125,1.2806451612903225,38.80742913000977,0.3064516129032258,9.286412512218964
22.239911134005524,63.43656424970004,-0.5458984375,-0.53173828125,0.6129150390625,0.208740234375,1.2870967741935482,39.00293255131964,0.3709677419354839,11.241446725317694
22.260016555985203,63.43656424970004,-0.5458984375,-0.53173828125,0.6129150390625,0.208740234375,1.3387096774193548,40.56695992179863,0.35806451612903223,10.850439882697946
22.280133243009914,63.43656424970004,-0.5458984375,-0.53173828125,0.6129150390625,0.208740234375,1.296774193548387,39.29618768328446,0.18064516129032257,5.474095796676441
22.300186790991575,63.515433706717666,-0.548095703125,-0.52899169921875,0.61199951171875,0.21258544921875,1.3161290322580643,39.882697947214076,0.11290322580645161,3.4213098729227767
22.32027992498479,63.515433706717666,-0.548095703125,-0.52899169921875,0.61199951171875,0.21258544921875,1.3580645161290321,41.153470185728246,0.1064516129032258,3.225806451612903
22.3403308489942,63.520259278967565,-0.5491943359375,-0.52618408203125,0.6124267578125,0.21551513671875,1.3645161290322578,41.34897360703812,0.11612903225806451,3.519061583577712
22.360427726991475,63.520259278967565,-0.5491943359375,-0.52618408203125,0.6124267578125,0.21551513671875,1.3580645161290321,41.153470185728246,0.1096774193548387,3.3235581622678394
22.380514555989066,63.520259278967565,-0.5491943359375,-0.52618408203125,0.6124267578125,0.21551513671875,1.3419354838709676,40.66471163245357,0.11935483870967742,3.6168132942326494
22.400601097004255,63.67834026058005,-0.55096435546875,-0.524169921875,0.61114501953125,0.21942138671875,1.3806451612903226,41.837732160312804,0.27741935483870966,8.406647116324535
22.420687062985962,63.67834026058005,-0.55096435546875,-0.524169921875,0.61114501953125,0.21942138671875,1.3870967741935485,42.033235581622684,0.43548387096774194,13.196480938416421
22.44077158800792,63.78683069164623,-0.55303955078125,-0.52215576171875,0.60980224609375,0.222900390625,1.3580645161290321,41.153470185728246,0.46774193548387094,14.173998044965789
22.460864464985207,63.78683069164623,-0.55303955078125,-0.52215576171875,0.60980224609375,0.222900390625,1.3322580645161288,40.371456500488755,0.5354838709677419,16.226783968719452
22.480947100993944,63.78683069164623,-0.55303955078125,-0.52215576171875,0.60980224609375,0.222900390625,1.3451612903225805,40.7624633431085,0.4225806451612903,12.805474095796676
22.501045609998982,63.86188215625597,-0.5550537109375,-0.520263671875,0.60845947265625,0.22576904296875,1.3645161290322578,41.34897360703812,0.5,15.151515151515152
22.52115221499116,63.86188215625597,-0.5550537109375,-0.520263671875,0.60845947265625,0.22576904296875,1.403225806451613,42.52199413489737,0.4935483870967742,14.95601173020528
22.541251619986724,63.90985087802959,-0.5562744140625,-0.5186767578125,0.60791015625,0.22802734375,1.4225806451612903,43.10850439882698,0.5032258064516129,15.249266862170089
22.561346608999884,63.90985087802959,-0.5562744140625,-0.5186767578125,0.60791015625,0.22802734375,1.4161290322580644,42.91300097751711,0.48709677419354835,14.760508308895407
22.58145177399274,63.90985087802959,-0.5562744140625,-0.5186767578125,0.60791015625,0.22802734375,1.4741935483870967,44.67253176930596,0.5,15.151515151515152
22.60148528800346,63.95829217165268,-0.55804443359375,-0.5167236328125,0.60693359375,0.23065185546875,1.5161290322580645,45.94330400782014,0.4935483870967742,14.95601173020528
22.62163554300787,63.95829217165268,-0.55804443359375,-0.5167236328125,0.60693359375,0.23065185546875,1.525806451612903,46.236559139784944,0.4483870967741935,13.587487781036167
22.64169305798714,64.09009835452551,-0.5594482421875,-0.5152587890625,0.605712890625,0.233642578125,1.5225806451612902,46.138807429130004,0.5967741935483871,18.084066471163247
22.661712940986035,64.09009835452551,-0.5594482421875,-0.5152587890625,0.605712890625,0.233642578125,1.5451612903225804,46.82306940371456,0.5225806451612903,15.835777126099707
22.681832857982954,64.09009835452551,-0.5594482421875,-0.5152587890625,0.605712890625,0.233642578125,1.496774193548387,45.35679374389051,0.5645161290322581,17.106549364613883
22.701927110989345,64.35863559288146,-0.56005859375,-0.51470947265625,0.60430908203125,0.2371826171875,1.467741935483871,44.4770283479961,0.5580645161290322,16.911045943304007
22.722041875997093,64.35863559288146,-0.56005859375,-0.51470947265625,0.60430908203125,0.2371826171875,1.429032258064516,43.30400782013685,0.5354838709677419,16.226783968719452
22.74206716599292,64.50635135153064,-0.5606689453125,-0.51397705078125,0.6033935546875,0.239501953125,1.3580645161290321,41.153470185728246,0.5645161290322581,17.106549364613883
22.7621846839902,64.50635135153064,-0.5606689453125,-0.51397705078125,0.6033935546875,0.239501953125,1.3774193548387097,41.73998044965787,0.5580645161290322,16.911045943304007
22.782240726985037,64.50635135153064,-0.5606689453125,-0.51397705078125,0.6033935546875,0.239501953125,1.3838709677419354,41.935483870967744,0.5774193548387097,17.49755620723363
22.802337027998874,64.64039353367218,-0.56146240234375,-0.51361083984375,0.60223388671875,0.24139404296875,1.3645161290322578,41.34897360703812,0.5451612903225805,16.520039100684258
22.82239227098762,64.64039353367218,-0.56146240234375,-0.51361083984375,0.60223388671875,0.24139404296875,1.3903225806451613,42.13098729227762,0.5580645161290322,16.911045943304007
22.842490684008226,64.75549993503998,-0.5609130859375,-0.5137939453125,0.60223388671875,0.242431640625,1.3774193548387097,41.73998044965787,0.5483870967741935,16.617790811339198
22.862591176992282,64.75549993503998,-0.5609130859375,-0.5137939453125,0.60223388671875,0.242431640625,1.3903225806451613,42.13098729227762,0.5258064516129032,15.933528836754643
22.88266168499831,64.75549993503998,-0.5609130859375,-0.5137939453125,0.60223388671875,0.242431640625,1.361290322580645,41.251221896383186,0.24516129032258063,7.429130009775172
22.902756385999965,64.82009989338985,-0.56005859375,-0.51422119140625,0.6025390625,0.2425537109375,1.3548387096774193,41.05571847507331,0.24193548387096775,7.331378299120235
22.922964210010832,64.82009989338985,-0.56005859375,-0.51422119140625,0.6025390625,0.2425537109375,1.3548387096774193,41.05571847507331,0.4548387096774193,13.78299120234604
22.94301695699687,64.94017227897879,-0.55877685546875,-0.5150146484375,0.6029052734375,0.242919921875,1.3548387096774193,41.05571847507331,0.49032258064516127,14.858260019550343
22.963105225993786,64.94017227897879,-0.55877685546875,-0.5150146484375,0.6029052734375,0.242919921875,1.3741935483870966,41.64222873900293,0.5935483870967742,17.98631476050831
22.983181813993724,64.94017227897879,-0.55877685546875,-0.5150146484375,0.6029052734375,0.242919921875,1.3774193548387097,41.73998044965787,0.6290322580645161,19.06158357771261
23.003259554010583,64.96942522894174,-0.558349609375,-0.51519775390625,0.60308837890625,0.24298095703125,1.3741935483870966,41.64222873900293,0.6290322580645161,19.06158357771261
23.023364302993286,64.96942522894174,-0.558349609375,-0.51519775390625,0.60308837890625,0.24298095703125,1.3580645161290321,41.153470185728246,0.6225806451612903,18.866080156402738
23.043399513990153,64.9944422927893,-0.55792236328125,-0.515869140625,0.6031494140625,0.24261474609375,1.3903225806451613,42.13098729227762,0.5838709677419355,17.6930596285435
23.063490022002952,64.9944422927893,-0.55792236328125,-0.515869140625,0.6031494140625,0.24261474609375,1.361290322580645,41.251221896383186,0.45161290322580644,13.685239491691107
23.08355896201101,64.9944422927893,-0.55792236328125,-0.515869140625,0.6031494140625,0.24261474609375,1.396774193548387,42.32649071358749,0.4258064516129032,12.903225806451612
23.1036669749883,65.04395451418439,-0.55657958984375,-0.516845703125,0.603759765625,0.24200439453125,1.3903225806451613,42.13098729227762,0.25806451612903225,7.820136852394917
23.123712842003442,65.04395451418439,-0.55657958984375,-0.516845703125,0.603759765625,0.24200439453125,1.3903225806451613,42.13098729227762,0.432258064516129,13.098729227761485
23.14377567000338,65.00355608453575,-0.55523681640625,-0.517333984375,0.60504150390625,0.240966796875,1.3677419354838707,41.44672531769305,0.4612903225806451,13.978494623655912
23.16386473798775,65.00355608453575,-0.55523681640625,-0.517333984375,0.60504150390625,0.240966796875,1.3516129032258062,40.957966764418366,0.4967741935483871,15.053763440860216
23.183939598005963,65.00355608453575,-0.55523681640625,-0.517333984375,0.60504150390625,0.240966796875,1.3645161290322578,41.34897360703812,0.4967741935483871,15.053763440860216
23.204018585995072,64.91759227297666,-0.55438232421875,-0.51751708984375,0.60614013671875,0.23974609375,1.3354838709677417,40.46920821114369,0.48709677419354835,14.760508308895407
23.224095301993657,64.91759227297666,-0.55438232421875,-0.51751708984375,0.60614013671875,0.23974609375,1.3258064516129031,40.17595307917888,0.4774193548387097,14.467253176930598
23.24417845098651,64.77769611918829,-0.5537109375,-0.517578125,0.6072998046875,0.238037109375,1.329032258064516,40.27370478983382,0.567741935483871,17.20430107526882
23.264263550983742,64.77769611918829,-0.5537109375,-0.517578125,0.6072998046875,0.238037109375,1.3387096774193548,40.56695992179863,0.5709677419354839,17.302052785923756
23.284341035003308,64.77769611918829,-0.5537109375,-0.517578125,0.6072998046875,0.238037109375,1.329032258064516,40.27370478983382,0.432258064516129,13.098729227761485
23.304446647991426,64.66060624195512,-0.55316162109375,-0.51824951171875,0.6080322265625,0.236083984375,1.329032258064516,40.27370478983382,0.3064516129032258,9.286412512218964
23.324501347990008,64.66060624195512,-0.55316162109375,-0.51824951171875,0.6080322265625,0.236083984375,1.3516129032258062,40.957966764418366,0.0967741935483871,2.932551319648094
23.344609616993694,64.4734788099787,-0.55267333984375,-0.518798828125,0.6090087890625,0.23345947265625,1.3451612903225805,40.7624633431085,0.132258064516129,4.007820136852394
23.364675291988533,64.4734788099787,-0.55267333984375,-0.518798828125,0.6090087890625,0.23345947265625,1.3387096774193548,40.56695992179863,0.36774193548387096,11.143695014662756
23.38475050398847,64.4734788099787,-0.55267333984375,-0.518798828125,0.6090087890625,0.23345947265625,1.3129032258064515,39.784946236559136,0.08387096774193548,2.541544477028348
23.40482571598841,64.30135731942765,-0.551513671875,-0.519287109375,0.610595703125,0.23095703125,1.3032258064516127,39.491691104594324,0.0,0.0
23.42490118398564,64.30135731942765,-0.551513671875,-0.519287109375,0.610595703125,0.23095703125,1.3064516129032258,39.589442815249264,0.0,0.0
23.44497754899203,64.1520936484255,-0.54925537109375,-0.5208740234375,0.61260986328125,0.22747802734375,1.2677419354838708,38.41642228739003,0.0,0.0
23.465088633005507,64.1520936484255,-0.54925537109375,-0.5208740234375,0.61260986328125,0.22747802734375,1.2548387096774192,38.025415444770275,0.0,0.0
23.48515933199087,64.1520936484255,-0.54925537109375,-0.5208740234375,0.61260986328125,0.22747802734375,1.2354838709677418,37.43890518084066,0.0,0.0
23.50525988798472,63.5956803688221,-0.54400634765625,-0.52252197265625,0.61895751953125,0.2188720703125,1.2419354838709677,37.634408602150536,0.0,0.0
23.525364572007675,63.5956803688221,-0.54400634765625,-0.52252197265625,0.61895751953125,0.2188720703125,1.229032258064516,37.24340175953079,0.0,0.0
23.54541197398794,62.66147487399981,-0.53424072265625,-0.524658203125,0.6304931640625,0.204345703125,1.2161290322580645,36.852394916911045,0.0,0.0
23.565532754990272,62.66147487399981,-0.53424072265625,-0.524658203125,0.6304931640625,0.204345703125,1.2483870967741935,37.82991202346041,0.0,0.0
23.585651742992923,62.66147487399981,-0.53424072265625,-0.524658203125,0.6304931640625,0.204345703125,1.2258064516129032,37.14565004887586,0.0,0.0
23.60571639399859,61.33224748451717,-0.51806640625,-0.525146484375,0.6495361328125,0.18402099609375,1.2096774193548387,36.65689149560117,0.0,0.0
23.625766515993746,61.33224748451717,-0.51806640625,-0.525146484375,0.6495361328125,0.18402099609375,1.2225806451612904,37.047898338220925,0.0,0.0
23.64587516800384,60.20372829157244,-0.50091552734375,-0.52825927734375,0.666259765625,0.16143798828125,1.229032258064516,37.24340175953079,0.0,0.0
23.665947786998004,60.20372829157244,-0.50091552734375,-0.52825927734375,0.666259765625,0.16143798828125,1.2741935483870968,38.6119257086999,0.0,0.0
23.686021973990137,60.20372829157244,-0.50091552734375,-0.52825927734375,0.666259765625,0.16143798828125,1.2870967741935482,39.00293255131964,0.0,0.0
23.706102880998515,59.278646892488936,-0.482666015625,-0.5352783203125,0.67974853515625,0.1357421875,1.2483870967741935,37.82991202346041,0.0,0.0
23.726181484002154,59.278646892488936,-0.482666015625,-0.5352783203125,0.67974853515625,0.1357421875,1.296774193548387,39.29618768328446,0.0,0.0
23.746259318984812,58.33846058131144,-0.4617919921875,-0.54254150390625,0.693603515625,0.10662841796875,1.2999999999999998,39.39393939393939,0.0,0.0
23.766342850984074,58.33846058131144,-0.4617919921875,-0.54254150390625,0.693603515625,0.10662841796875,1.2870967741935482,39.00293255131964,0.0064516129032258064,0.19550342130987292
23.786461646988755,58.33846058131144,-0.4617919921875,-0.54254150390625,0.693603515625,0.10662841796875,1.3096774193548386,39.687194525904204,0.0,0.0
23.80646741599776,57.38154676825148,-0.436767578125,-0.54766845703125,0.7098388671875,0.073974609375,1.3451612903225805,40.7624633431085,0.0064516129032258064,0.19550342130987292
23.826556963991607,57.38154676825148,-0.436767578125,-0.54766845703125,0.7098388671875,0.073974609375,1.3870967741935485,42.033235581622684,0.0,0.0
23.8466442390054,56.612447679642074,-0.4129638671875,-0.55023193359375,0.72442626953125,0.04364013671875,1.403225806451613,42.52199413489737,0.0,0.0
23.866684568987694,56.612447679642074,-0.4129638671875,-0.55023193359375,0.72442626953125,0.04364013671875,1.4064516129032258,42.619745845552295,0.0,0.0
23.886769315984566,56.612447679642074,-0.4129638671875,-0.55023193359375,0.72442626953125,0.04364013671875,1.4709677419354839,44.57478005865102,0.18387096774193548,5.571847507331378
23.906816173985135,56.00781920225862,-0.38970947265625,-0.55145263671875,0.7374267578125,0.01422119140625,1.4548387096774194,44.086021505376344,0.25806451612903225,7.820136852394917
23.926876952988096,56.00781920225862,-0.38970947265625,-0.55145263671875,0.7374267578125,0.01422119140625,1.4451612903225806,43.79276637341153,0.19032258064516128,5.7673509286412505
23.946995525009697,55.770963804785765,0.3646240234375,0.55328369140625,-0.74884033203125,0.01483154296875,1.4709677419354839,44.57478005865102,0.0,0.0
23.9670433109859,55.770963804785765,0.3646240234375,0.55328369140625,-0.74884033203125,0.01483154296875,1.4419354838709677,43.6950146627566,0.0,0.0
23.987184284982504,55.770963804785765,0.3646240234375,0.55328369140625,-0.74884033203125,0.01483154296875,1.467741935483871,44.4770283479961,0.25483870967741934,7.722385141739981
24.00720637399354,55.81276615618321,0.33770751953125,0.5548095703125,-0.759033203125,0.04437255859375,1.467741935483871,44.4770283479961,0.2935483870967742,8.895405669599219
24.02732632198604,55.81276615618321,0.33770751953125,0.5548095703125,-0.759033203125,0.04437255859375,1.4709677419354839,44.57478005865102,0.30967741935483867,9.384164222873899
24.047437758999877,55.85927397562899,0.3135986328125,0.55572509765625,-0.76654052734375,0.0723876953125,1.467741935483871,44.4770283479961,0.3,9.090909090909092
24.0675072419981,55.85927397562899,0.3135986328125,0.55572509765625,-0.76654052734375,0.0723876953125,1.4838709677419355,44.965786901270775,0.3193548387096774,9.67741935483871
24.08754926698748,55.85927397562899,0.3135986328125,0.55572509765625,-0.76654052734375,0.0723876953125,1.5129032258064514,45.8455522971652,0.32580645161290317,9.872922776148581
24.107653215003666,55.78799634090331,0.29437255859375,0.55584716796875,-0.77130126953125,0.0972900390625,1.564516129032258,47.40957966764419,0.32580645161290317,9.872922776148581
24.127732842986006,55.78799634090331,0.29437255859375,0.55584716796875,-0.77130126953125,0.0972900390625,1.5709677419354837,47.60508308895405,0.6129032258064516,18.57282502443793
24.147803605010267,55.55681588592868,0.2783203125,0.55487060546875,-0.7745361328125,0.12115478515625,1.6032258064516127,48.58260019550342,0.7064516129032258,21.407624633431084
24.16788502500276,55.55681588592868,0.2783203125,0.55487060546875,-0.7745361328125,0.12115478515625,1.6096774193548384,48.77810361681329,0.7741935483870968,23.46041055718475
24.187960556009784,55.55681588592868,0.2783203125,0.55487060546875,-0.7745361328125,0.12115478515625,1.635483870967742,49.56011730205279,0.7419354838709677,22.482893450635387
24.20806914399145,55.286010199216236,0.26190185546875,0.5518798828125,-0.77801513671875,0.146728515625,1.6193548387096772,49.071358748778096,0.6096774193548387,18.475073313782993
24.228134851000505,55.286010199216236,0.26190185546875,0.5518798828125,-0.77801513671875,0.146728515625,1.5709677419354837,47.60508308895405,0.6838709677419353,20.723362658846526
24.248217229993315,54.96475661257892,0.24688720703125,0.54931640625,-0.779541015625,0.17218017578125,1.6096774193548384,48.77810361681329,0.7548387096774193,22.87390029325513
24.2682868730044,54.96475661257892,0.24688720703125,0.54931640625,-0.779541015625,0.17218017578125,1.596774193548387,48.38709677419355,0.832258064516129,25.219941348973606
24.288394180999603,54.96475661257892,0.24688720703125,0.54931640625,-0.779541015625,0.17218017578125,1.6451612903225807,49.8533724340176,0.8451612903225806,25.61094819159335
24.31343141698744,54.67520351487099,0.23419189453125,0.55145263671875,-0.7767333984375,0.19439697265625,1.6032258064516127,48.58260019550342,0.967741935483871,29.32551319648094
24.328550682985224,54.67520351487099,0.23419189453125,0.55145263671875,-0.7767333984375,0.19439697265625,1.6806451612903226,50.9286412512219,1.1161290322580644,33.822091886608014
24.348593189002713,54.39255839578794,0.2237548828125,0.5565185546875,-0.771240234375,0.2130126953125,1.6774193548387097,50.83088954056696,1.1741935483870969,35.581622678396876
24.36867428800906,54.39255839578794,0.2237548828125,0.5565185546875,-0.771240234375,0.2130126953125,1.7032258064516128,51.61290322580645,1.2677419354838708,38.41642228739003
24.388750106998486,54.39255839578794,0.2237548828125,0.5565185546875,-0.771240234375,0.2130126953125,1.7064516129032257,51.71065493646139,1.3032258064516127,39.491691104594324
24.408837094990304,53.98282704183899,0.21636962890625,0.55963134765625,-0.76654052734375,0.22900390625,1.764516129032258,53.47018572825024,1.4741935483870967,44.67253176930596
24.428913329989882,53.98282704183899,0.21636962890625,0.55963134765625,-0.76654052734375,0.22900390625,1.7677419354838708,53.567937438905176,1.496774193548387,45.35679374389051
24.45225214000675,53.145578529009654,0.21405029296875,0.558837890625,-0.76300048828125,0.244384765625,1.796774193548387,54.44770283479961,1.5451612903225804,46.82306940371456
24.469064006989356,53.145578529009654,0.21405029296875,0.558837890625,-0.76300048828125,0.244384765625,1.8064516129032258,54.74095796676443,1.590322580645161,48.19159335288367
24.489148752996698,53.145578529009654,0.21405029296875,0.558837890625,-0.76300048828125,0.244384765625,1.8225806451612903,55.229716520039105,1.6387096774193548,49.65786901270772
24.509258653008146,52.15330768438416,0.214599609375,0.55560302734375,-0.7606201171875,0.25836181640625,1.8548387096774193,56.20723362658847,1.6483870967741936,49.95112414467254
24.529310470010387,52.15330768438416,0.214599609375,0.55560302734375,-0.7606201171875,0.25836181640625,1.9,57.57575757575758,1.7838709677419353,54.05669599217986
24.549428272992373,51.36281313661773,0.21453857421875,0.5538330078125,-0.7578125,0.2701416015625,1.8774193548387097,56.89149560117303,1.764516129032258,53.47018572825024
24.569468570000026,51.36281313661773,0.21453857421875,0.5538330078125,-0.7578125,0.2701416015625,1.8838709677419354,57.0869990224829,1.7387096774193547,52.68817204301075
24.589624038984766,51.36281313661773,0.21453857421875,0.5538330078125,-0.7578125,0.2701416015625,1.8806451612903226,56.98924731182796,1.7161290322580645,52.003910068426194
24.609718449995853,50.73872909405257,0.21234130859375,0.55328369140625,-0.75433349609375,0.28240966796875,1.9161290322580644,58.06451612903226,1.7451612903225806,52.883675464320625
24.629753849992994,50.73872909405257,0.21234130859375,0.55328369140625,-0.75433349609375,0.28240966796875,1.896774193548387,57.478005865102645,1.7129032258064516,51.90615835777126
24.64982202000101,50.204556926435046,0.20941162109375,0.55328369140625,-0.7506103515625,0.2943115234375,1.896774193548387,57.478005865102645,1.7129032258064516,51.90615835777126
24.66993361499044,50.204556926435046,0.20941162109375,0.55328369140625,-0.7506103515625,0.2943115234375,1.9193548387096775,58.162267839687196,1.6483870967741936,49.95112414467254
24.689970136008924,50.204556926435046,0.20941162109375,0.55328369140625,-0.7506103515625,0.2943115234375,1.8548387096774193,56.20723362658847,1.5838709677419354,47.9960899315738
24.710051073983777,49.856228667291454,0.206787109375,0.55206298828125,-0.74853515625,0.30352783203125,1.829032258064516,55.42521994134897,1.6258064516129032,49.266862170087975
24.730126476002624,49.856228667291454,0.206787109375,0.55206298828125,-0.74853515625,0.30352783203125,1.7580645161290323,53.27468230694038,1.6516129032258065,50.048875855327466
24.750213814986637,49.63169694327407,0.205078125,0.55072021484375,-0.74749755859375,0.3096923828125,1.7483870967741935,52.98142717497556,1.632258064516129,49.462365591397855
24.770291424996685,49.63169694327407,0.205078125,0.55072021484375,-0.74749755859375,0.3096923828125,1.732258064516129,52.49266862170088,1.6516129032258065,50.048875855327466
24.79036506699049,49.63169694327407,0.205078125,0.55072021484375,-0.74749755859375,0.3096923828125,1.7064516129032257,51.71065493646139,1.635483870967742,49.56011730205279
24.810497750993818,49.482114712804616,0.2044677734375,0.5489501953125,-0.7474365234375,0.3133544921875,1.7387096774193547,52.68817204301075,1.6290322580645162,49.36461388074292
24.830567776982207,49.482114712804616,0.2044677734375,0.5489501953125,-0.7474365234375,0.3133544921875,1.7,51.515151515151516,1.6129032258064515,48.87585532746823
24.850630411005113,49.336125682196894,0.20550537109375,0.54840087890625,-0.74725341796875,0.3140869140625,1.7193548387096773,52.101661779081134,1.6193548387096772,49.071358748778096
24.870699731982313,49.336125682196894,0.20550537109375,0.54840087890625,-0.74725341796875,0.3140869140625,1.7225806451612902,52.19941348973607,1.596774193548387,48.38709677419355
24.890771070000483,49.336125682196894,0.20550537109375,0.54840087890625,-0.74725341796875,0.3140869140625,1.7225806451612902,52.19941348973607,1.6096774193548384,48.77810361681329
24.910875369008863,49.172998896944385,0.20745849609375,0.5479736328125,-0.7471923828125,0.31365966796875,1.729032258064516,52.39491691104594,1.635483870967742,49.56011730205279
24.9309065460111,49.172998896944385,0.20745849609375,0.5479736328125,-0.7471923828125,0.31365966796875,1.6935483870967742,51.31964809384164,1.6290322580645162,49.36461388074292
24.95102047699038,49.07350306261901,0.209228515625,0.54827880859375,-0.7470703125,0.31231689453125,1.6870967741935483,51.12414467253177,1.6516129032258065,50.048875855327466
24.971084166987566,49.07350306261901,0.209228515625,0.54827880859375,-0.7470703125,0.31231689453125,1.6612903225806452,50.34213098729228,1.6064516129032256,48.68035190615835
24.991152784990845,49.07350306261901,0.209228515625,0.54827880859375,-0.7470703125,0.31231689453125,1.6451612903225807,49.8533724340176,1.590322580645161,48.19159335288367
25.011223706998862,49.102670452188896,0.2105712890625,0.5482177734375,-0.7476806640625,0.3099365234375,1.6161290322580644,48.97360703812317,1.525806451612903,46.236559139784944
25.031329062010627,49.102670452188896,0.2105712890625,0.5482177734375,-0.7476806640625,0.3099365234375,1.5838709677419354,47.9960899315738,1.461290322580645,44.28152492668622
25.051404815982096,49.23626944857195,0.2117919921875,0.54852294921875,-0.74871826171875,0.30609130859375,1.5451612903225804,46.82306940371456,1.4129032258064516,42.81524926686217
25.071558588999324,49.23626944857195,0.2117919921875,0.54852294921875,-0.74871826171875,0.30609130859375,1.5354838709677419,46.52981427174975,1.1870967741935483,35.97262952101662
25.091620582010364,49.23626944857195,0.2117919921875,0.54852294921875,-0.74871826171875,0.30609130859375,1.4838709677419355,44.965786901270775,1.0387096774193547,31.47605083088954
25.111662318988238,49.54294267289004,0.2139892578125,0.5513916015625,-0.74945068359375,0.29754638671875,1.4741935483870967,44.67253176930596,0.8838709677419354,26.783968719452588
25.131744888989488,49.54294267289004,0.2139892578125,0.5513916015625,-0.74945068359375,0.29754638671875,1.467741935483871,44.4770283479961,0.6064516129032258,18.377321603128056
25.151816419005627,50.08645483650613,0.21881103515625,0.55560302734375,-0.7510986328125,0.2816162109375,1.464516129032258,44.37927663734115,0.46774193548387094,14.173998044965789
25.171896396990633,50.08645483650613,0.21881103515625,0.55560302734375,-0.7510986328125,0.2816162109375,1.4483870967741934,43.89051808406647,0.45161290322580644,13.685239491691107
25.192045114003122,50.08645483650613,0.21881103515625,0.55560302734375,-0.7510986328125,0.2816162109375,1.3645161290322578,41.34897360703812,0.0,0.0
25.212078626995208,50.83960183648836,0.22711181640625,0.561767578125,-0.7525634765625,0.2578125,1.3387096774193548,40.56695992179863,0.0,0.0
25.23216122901067,50.83960183648836,0.22711181640625,0.561767578125,-0.7525634765625,0.2578125,1.3354838709677417,40.46920821114369,0.0064516129032258064,0.19550342130987292
25.25225263199536,51.452712227702804,0.2410888671875,0.56805419921875,-0.7528076171875,0.22900390625,1.3225806451612903,40.07820136852395,0.0,0.0
25.27235766701051,51.452712227702804,0.2410888671875,0.56805419921875,-0.7528076171875,0.22900390625,1.2709677419354837,38.51417399804496,0.0064516129032258064,0.19550342130987292
25.292387627006974,51.452712227702804,0.2410888671875,0.56805419921875,-0.7528076171875,0.22900390625,1.2032258064516128,36.4613880742913,0.0,0.0
25.31246795700281,51.93082153640835,0.260986328125,0.572509765625,-0.752197265625,0.19561767578125,1.1774193548387097,35.67937438905181,0.0,0.0
25.332534974993905,51.93082153640835,0.260986328125,0.572509765625,-0.752197265625,0.19561767578125,1.196774193548387,36.26588465298143,0.0,0.0
25.352642441983335,52.56607373771053,0.28509521484375,0.57464599609375,-0.7510986328125,0.15625,1.1838709677419355,35.87487781036168,0.0,0.0
25.372698324004887,52.56607373771053,0.28509521484375,0.57464599609375,-0.7510986328125,0.15625,1.196774193548387,36.26588465298143,0.0,0.0
25.3928046390065,52.56607373771053,0.28509521484375,0.57464599609375,-0.7510986328125,0.15625,1.1838709677419355,35.87487781036168,0.0,0.0
25.412838151009055,53.4255212772288,0.310546875,0.57403564453125,-0.74908447265625,0.11376953125,1.1741935483870969,35.581622678396876,0.016129032258064516,0.4887585532746823
25.432895217003534,53.4255212772288,0.310546875,0.57403564453125,-0.74908447265625,0.11376953125,1.1870967741935483,35.97262952101662,0.0,0.0
25.452988795004785,54.3651077596252,0.337158203125,0.573974609375,-0.74285888671875,0.0711669921875,1.1870967741935483,35.97262952101662,0.0,0.0
25.473074788984377,54.3651077596252,0.337158203125,0.573974609375,-0.74285888671875,0.0711669921875,1.1903225806451614,36.07038123167156,0.0,0.0
25.49315703799948,54.3651077596252,0.337158203125,0.573974609375,-0.74285888671875,0.0711669921875,1.2032258064516128,36.4613880742913,0.0,0.0
25.513202965987148,55.17115147977585,0.3641357421875,0.57366943359375,-0.73297119140625,0.03253173828125,1.196774193548387,36.26588465298143,0.0,0.0
25.53325366199715,55.17115147977585,0.3641357421875,0.57366943359375,-0.73297119140625,0.03253173828125,1.2032258064516128,36.4613880742913,0.0032258064516129032,0.09775171065493646
25.55332077498315,56.11285447601519,-0.3895263671875,-0.57275390625,0.72125244140625,0.0037841796875,1.1870967741935483,35.97262952101662,0.0,0.0
25.57346485098242,56.11285447601519,-0.3895263671875,-0.57275390625,0.72125244140625,0.0037841796875,1.164516129032258,35.28836754643206,0.0,0.0
25.593607485992834,56.11285447601519,-0.3895263671875,-0.57275390625,0.72125244140625,0.0037841796875,1.1548387096774193,34.99511241446726,0.0,0.0
25.613716711988673,57.14681370123137,-0.41278076171875,-0.568115234375,0.71087646484375,0.0390625,1.196774193548387,36.26588465298143,0.0,0.0
25.633835602988256,57.14681370123137,-0.41278076171875,-0.568115234375,0.71087646484375,0.0390625,1.1709677419354838,35.483870967741936,0.0,0.0
25.653905787999975,58.333129632042116,-0.43267822265625,-0.56195068359375,0.70123291015625,0.07281494140625,1.2096774193548387,36.65689149560117,0.0,0.0
25.673966308007948,58.333129632042116,-0.43267822265625,-0.56195068359375,0.70123291015625,0.07281494140625,1.1774193548387097,35.67937438905181,0.0,0.0
25.694046732998686,58.333129632042116,-0.43267822265625,-0.56195068359375,0.70123291015625,0.07281494140625,1.1741935483870969,35.581622678396876,0.0,0.0
25.71409355799551,59.39484457948283,-0.4498291015625,-0.55645751953125,0.691162109375,0.10125732421875,1.2096774193548387,36.65689149560117,0.009677419354838708,0.29325513196480935
25.73421574398526,59.39484457948283,-0.4498291015625,-0.55645751953125,0.691162109375,0.10125732421875,1.2129032258064516,36.75464320625611,0.009677419354838708,0.29325513196480935
25.7542771929875,60.20421332321487,-0.46539306640625,-0.5513916015625,0.68109130859375,0.124267578125,1.1870967741935483,35.97262952101662,0.0,0.0
25.774366097990423,60.20421332321487,-0.46539306640625,-0.5513916015625,0.68109130859375,0.124267578125,1.2,36.36363636363637,0.0,0.0
25.794438746990636,60.20421332321487,-0.46539306640625,-0.5513916015625,0.68109130859375,0.124267578125,1.1870967741935483,35.97262952101662,0.0,0.0
25.81452061299933,60.875501270953045,-0.48028564453125,-0.5457763671875,0.67120361328125,0.144775390625,1.1935483870967742,36.168132942326494,0.0,0.0
25.834632526995847,60.875501270953045,-0.48028564453125,-0.5457763671875,0.67120361328125,0.144775390625,1.1838709677419355,35.87487781036168,0.0,0.0
25.854702103999443,61.52192440342853,-0.49346923828125,-0.53924560546875,0.66241455078125,0.1640625,1.2161290322580645,36.852394916911045,0.0,0.0
25.874804129998665,61.52192440342853,-0.49346923828125,-0.53924560546875,0.66241455078125,0.1640625,1.2096774193548387,36.65689149560117,0.0,0.0
25.89484218598227,61.52192440342853,-0.49346923828125,-0.53924560546875,0.66241455078125,0.1640625,1.229032258064516,37.24340175953079,0.0,0.0
25.914957843982847,62.18130648341824,-0.50469970703125,-0.5328369140625,0.6544189453125,0.18194580078125,1.2,36.36363636363637,0.0,0.0
25.93498325900873,62.18130648341824,-0.50469970703125,-0.5328369140625,0.6544189453125,0.18194580078125,1.2,36.36363636363637,0.0,0.0
25.955088869988685,62.7701501090646,-0.50921630859375,-0.5277099609375,0.65130615234375,0.1949462890625,1.1741935483870969,35.581622678396876,0.0,0.0
25.975190992001444,62.7701501090646,-0.50921630859375,-0.5277099609375,0.65130615234375,0.1949462890625,1.1709677419354838,35.483870967741936,0.0,0.0
25.995222486992134,63.378650407105795,-0.5125732421875,-0.525146484375,0.64752197265625,0.20538330078125,1.1483870967741936,34.799608993157385,0.0,0.0
26.015348802000517,63.378650407105795,-0.5125732421875,-0.525146484375,0.64752197265625,0.20538330078125,1.132258064516129,34.3108504398827,0.0,0.0
26.035403049987508,63.378650407105795,-0.5125732421875,-0.525146484375,0.64752197265625,0.20538330078125,1.132258064516129,34.3108504398827,0.0064516129032258064,0.19550342130987292
26.05547883498366,63.80716696770605,-0.51654052734375,-0.52239990234375,0.64373779296875,0.21405029296875,1.164516129032258,35.28836754643206,0.0064516129032258064,0.19550342130987292
26.075560444995062,63.80716696770605,-0.51654052734375,-0.52239990234375,0.64373779296875,0.21405029296875,1.135483870967742,34.40860215053764,0.0,0.0
26.095636421989184,64.31320086311078,-0.51922607421875,-0.51983642578125,0.640625,0.22296142578125,1.1290322580645162,34.21309872922777,0.0,0.0
26.115695309999865,64.31320086311078,-0.51922607421875,-0.51983642578125,0.640625,0.22296142578125,1.1419354838709679,34.60410557184751,0.009677419354838708,0.29325513196480935
26.135817848989973,64.31320086311078,-0.51922607421875,-0.51983642578125,0.640625,0.22296142578125,1.1419354838709679,34.60410557184751,0.0,0.0
26.15588134599966,64.6551015777745,-0.52154541015625,-0.5164794921875,0.6387939453125,0.23065185546875,1.1709677419354838,35.483870967741936,0.0,0.0
26.175924106006278,64.6551015777745,-0.52154541015625,-0.5164794921875,0.6387939453125,0.23065185546875,1.2258064516129032,37.14565004887586,0.0,0.0
26.1960165950004,64.98157378062575,-0.52294921875,-0.51446533203125,0.6370849609375,0.236572265625,1.2419354838709677,37.634408602150536,0.0,0.0
26.216094395989785,64.98157378062575,-0.52294921875,-0.51446533203125,0.6370849609375,0.236572265625,1.2483870967741935,37.82991202346041,0.0,0.0
26.23619920600322,64.98157378062575,-0.52294921875,-0.51446533203125,0.6370849609375,0.236572265625,1.2451612903225806,37.732160312805476,0.0,0.0
26.25622455799021,65.10779266163203,-0.52496337890625,-0.51214599609375,0.6357421875,0.24072265625,1.1483870967741936,34.799608993157385,0.0,0.0
26.276288791006664,65.10779266163203,-0.52496337890625,-0.51214599609375,0.6357421875,0.24072265625,1.1161290322580644,33.822091886608014,0.0,0.0
26.29636492798454,65.09504047710804,-0.52685546875,-0.50994873046875,0.635009765625,0.2431640625,1.1129032258064515,33.724340175953074,0.016129032258064516,0.4887585532746823
26.316422759991838,65.09504047710804,-0.52685546875,-0.50994873046875,0.635009765625,0.2431640625,1.1193548387096772,33.91984359726295,0.0,0.0
26.336490193003556,65.09504047710804,-0.52685546875,-0.50994873046875,0.635009765625,0.2431640625,1.1580645161290324,35.0928641251222,0.0,0.0
26.356553369987523,64.97480971039903,-0.528564453125,-0.5079345703125,0.63482666015625,0.24420166015625,1.1709677419354838,35.483870967741936,0.0,0.0
26.37663689898909,64.97480971039903,-0.528564453125,-0.5079345703125,0.63482666015625,0.24420166015625,1.1870967741935483,35.97262952101662,0.0,0.0
26.396698219992686,64.84857514393113,-0.52996826171875,-0.50634765625,0.63470458984375,0.24462890625,1.196774193548387,36.26588465298143,0.0064516129032258064,0.19550342130987292
26.416750707983738,64.84857514393113,-0.52996826171875,-0.50634765625,0.63470458984375,0.24462890625,1.196774193548387,36.26588465298143,0.0,0.0
26.436817724985303,64.84857514393113,-0.52996826171875,-0.50634765625,0.63470458984375,0.24462890625,1.196774193548387,36.26588465298143,0.0,0.0
26.45693879100145,64.69284275283042,-0.53076171875,-0.50531005859375,0.63507080078125,0.24407958984375,1.1774193548387097,35.67937438905181,0.0,0.0
26.477061968995258,64.69284275283042,-0.53076171875,-0.50531005859375,0.63507080078125,0.24407958984375,1.2096774193548387,36.65689149560117,0.0,0.0
26.497082071000477,64.51984910696638,-0.5306396484375,-0.50445556640625,0.63629150390625,0.242919921875,1.1838709677419355,35.87487781036168,0.0,0.0
26.51720319999731,64.51984910696638,-0.5306396484375,-0.50445556640625,0.63629150390625,0.242919921875,1.1741935483870969,35.581622678396876,0.0,0.0
26.537270152010024,64.51984910696638,-0.5306396484375,-0.50445556640625,0.63629150390625,0.242919921875,1.206451612903226,36.55913978494624,0.0,0.0
26.557382993982174,64.32276162505049,-0.52996826171875,-0.50457763671875,0.63775634765625,0.240478515625,1.1580645161290324,35.0928641251222,0.0032258064516129032,0.09775171065493646
26.57745138599421,64.32276162505049,-0.52996826171875,-0.50457763671875,0.63775634765625,0.240478515625,1.1838709677419355,35.87487781036168,0.0,0.0
26.59759987599682,64.00464275724607,-0.5284423828125,-0.505126953125,0.6402587890625,0.2359619140625,1.2419354838709677,37.634408602150536,0.0,0.0
26.617663371987874,64.00464275724607,-0.5284423828125,-0.505126953125,0.6402587890625,0.2359619140625,1.2419354838709677,37.634408602150536,0.0,0.0
26.63775781300501,64.00464275724607,-0.5284423828125,-0.505126953125,0.6402587890625,0.2359619140625,1.229032258064516,37.24340175953079,0.0,0.0
26.657861854007933,63.53627884183498,-0.52630615234375,-0.50543212890625,0.64398193359375,0.229736328125,1.261290322580645,38.220918866080154,0.0064516129032258064,0.19550342130987292
26.677920293004718,63.53627884183498,-0.52630615234375,-0.50543212890625,0.64398193359375,0.229736328125,1.2161290322580645,36.852394916911045,0.0,0.0
26.69799258900457,62.883409047296105,-0.5230712890625,-0.50634765625,0.64910888671875,0.220458984375,1.196774193548387,36.26588465298143,0.0,0.0
26.718063765001716,62.883409047296105,-0.5230712890625,-0.50634765625,0.64910888671875,0.220458984375,1.2258064516129032,37.14565004887586,0.0,0.0
26.738104475982254,62.883409047296105,-0.5230712890625,-0.50634765625,0.64910888671875,0.220458984375,1.2161290322580645,36.852394916911045,0.0,0.0
26.75815321900882,62.04235824695936,-0.51776123046875,-0.50836181640625,0.65618896484375,0.20721435546875,1.1741935483870969,35.581622678396876,0.0,0.0
26.778295405994868,62.04235824695936,-0.51776123046875,-0.50836181640625,0.65618896484375,0.20721435546875,1.164516129032258,35.28836754643206,0.0,0.0
26.798357428982854,60.97597804004238,-0.50885009765625,-0.5118408203125,0.66607666015625,0.188232421875,1.1612903225806452,35.19061583577713,0.0,0.0
26.81844793399796,60.97597804004238,-0.50885009765625,-0.5118408203125,0.66607666015625,0.188232421875,1.1709677419354838,35.483870967741936,0.0,0.0
26.83848944498459,60.97597804004238,-0.50885009765625,-0.5118408203125,0.66607666015625,0.188232421875,1.1806451612903226,35.77712609970675,0.0,0.0
26.85858753399225,59.613047607917615,-0.4957275390625,-0.516845703125,0.67889404296875,0.16180419921875,1.1580645161290324,35.0928641251222,0.0,0.0
26.878697526990436,59.613047607917615,-0.4957275390625,-0.516845703125,0.67889404296875,0.16180419921875,1.2096774193548387,36.65689149560117,0.0,0.0
26.89877164698555,58.09712964878271,-0.481201171875,-0.52178955078125,0.6920166015625,0.13177490234375,1.2387096774193547,37.536656891495596,0.0,0.0
26.918844678992173,58.09712964878271,-0.481201171875,-0.52178955078125,0.6920166015625,0.13177490234375,1.2580645161290323,38.12316715542522,0.0,0.0
26.93890388699947,58.09712964878271,-0.481201171875,-0.52178955078125,0.6920166015625,0.13177490234375,1.2774193548387096,38.70967741935484,0.0,0.0
26.961162816995056,56.76067273893938,-0.4656982421875,-0.52679443359375,0.70367431640625,0.101806640625,1.2999999999999998,39.39393939393939,0.0,0.0
26.97906662299647,56.76067273893938,-0.4656982421875,-0.52679443359375,0.70367431640625,0.101806640625,1.3709677419354838,41.54447702834799,0.0,0.0
26.99915178399533,55.61639459202668,-0.4471435546875,-0.531982421875,0.715576171875,0.0706787109375,1.4,42.42424242424242,0.0,0.0
27.01925748900976,55.61639459202668,-0.4471435546875,-0.531982421875,0.715576171875,0.0706787109375,1.396774193548387,42.32649071358749,0.0,0.0
27.0393158000079,55.61639459202668,-0.4471435546875,-0.531982421875,0.715576171875,0.0706787109375,1.3903225806451613,42.13098729227762,0.0,0.0
27.05939830499119,54.74565498278124,-0.4251708984375,-0.5367431640625,0.72772216796875,0.03875732421875,1.4387096774193548,43.59726295210166,0.0,0.0
27.079478792991722,54.74565498278124,-0.4251708984375,-0.5367431640625,0.72772216796875,0.03875732421875,1.4870967741935484,45.06353861192571,0.0064516129032258064,0.19550342130987292
27.099562928982778,54.18493508027071,-0.4019775390625,-0.541015625,0.73870849609375,0.008056640625,1.493548387096774,45.25904203323558,0.029032258064516127,0.879765395894428
27.119675450987415,54.18493508027071,-0.4019775390625,-0.541015625,0.73870849609375,0.008056640625,1.493548387096774,45.25904203323558,0.12580645161290321,3.812316715542522
27.139752098999452,54.18493508027071,-0.4019775390625,-0.541015625,0.73870849609375,0.008056640625,1.5225806451612902,46.138807429130004,0.3032258064516129,9.188660801564028
27.159811305988114,53.630453226181906,0.3763427734375,0.5440673828125,-0.74945068359375,0.02655029296875,1.5451612903225804,46.82306940371456,0.6064516129032258,18.377321603128056
27.179927635996137,53.630453226181906,0.3763427734375,0.5440673828125,-0.74945068359375,0.02655029296875,1.593548387096774,48.289345063538605,0.7129032258064516,21.603128054740957
27.20000268399599,52.935763656090444,0.35223388671875,0.54443359375,-0.7586669921875,0.06268310546875,1.62258064516129,49.169110459433035,0.7419354838709677,22.482893450635387
27.220073443982983,52.935763656090444,0.35223388671875,0.54443359375,-0.7586669921875,0.06268310546875,1.6483870967741936,49.95112414467254,0.7161290322580645,21.700879765395893
27.240155371982837,52.935763656090444,0.35223388671875,0.54443359375,-0.7586669921875,0.06268310546875,1.6580645161290322,50.24437927663734,0.7838709677419354,23.753665689149557
27.260226932005025,51.9905670759144,0.3310546875,0.541015625,-0.76666259765625,0.0999755859375,1.6709677419354838,50.635386119257085,0.7999999999999999,24.242424242424242
27.28032220498426,51.9905670759144,0.3310546875,0.541015625,-0.76666259765625,0.0999755859375,1.667741935483871,50.53763440860215,0.8451612903225806,25.61094819159335
27.300395844999002,51.0199006023074,0.3106689453125,0.53570556640625,-0.77276611328125,0.13897705078125,1.6741935483870967,50.733137829912025,0.9129032258064516,27.663734115347015
27.320472652994795,51.0199006023074,0.3106689453125,0.53570556640625,-0.77276611328125,0.13897705078125,1.6935483870967742,51.31964809384164,0.9806451612903225,29.716520039100686
27.340548276988557,51.0199006023074,0.3106689453125,0.53570556640625,-0.77276611328125,0.13897705078125,1.6870967741935483,51.12414467253177,1.0290322580645161,31.182795698924732
27.360635710007045,50.11899401318174,0.2896728515625,0.52972412109375,-0.7764892578125,0.18060302734375,1.7354838709677418,52.59042033235581,1.0709677419354837,32.453567937438905
27.380682788993,50.11899401318174,0.2896728515625,0.52972412109375,-0.7764892578125,0.18060302734375,1.7516129032258063,53.0791788856305,1.1935483870967742,36.168132942326494
27.400801773997955,49.618479412090885,0.26837158203125,0.52862548828125,-0.77484130859375,0.21942138671875,1.8193548387096772,55.13196480938416,1.3096774193548386,39.687194525904204
27.420885814994108,49.618479412090885,0.26837158203125,0.52862548828125,-0.77484130859375,0.21942138671875,1.8483870967741933,56.01173020527859,1.3516129032258062,40.957966764418366
27.440914172999328,49.618479412090885,0.26837158203125,0.52862548828125,-0.77484130859375,0.21942138671875,1.8548387096774193,56.20723362658847,1.3419354838709676,40.66471163245357
27.460974627989344,49.45844093120831,0.24945068359375,0.53271484375,-0.76910400390625,0.24993896484375,1.8806451612903226,56.98924731182796,1.3709677419354838,41.54447702834799
27.4810758199892,49.45844093120831,0.24945068359375,0.53271484375,-0.76910400390625,0.24993896484375,1.8741935483870966,56.79374389051808,1.558064516129032,47.21407624633431
27.50116056398838,49.433078557837185,0.23602294921875,0.5380859375,-0.762939453125,0.2696533203125,1.8935483870967742,57.380254154447705,1.5999999999999999,48.484848484848484
27.52124245898449,49.433078557837185,0.23602294921875,0.5380859375,-0.762939453125,0.2696533203125,1.9,57.57575757575758,1.62258064516129,49.169110459433035
27.5412900490046,49.433078557837185,0.23602294921875,0.5380859375,-0.762939453125,0.2696533203125,1.9129032258064516,57.96676441837732,1.635483870967742,49.56011730205279
27.56139754600008,49.49951635843042,0.2261962890625,0.54229736328125,-0.75823974609375,0.28253173828125,1.9225806451612903,58.260019550342136,1.6096774193548384,48.77810361681329
27.58143979200395,49.49951635843042,0.2261962890625,0.54229736328125,-0.75823974609375,0.28253173828125,1.9580645161290322,59.33528836754643,1.6451612903225807,49.8533724340176
27.601550391991623,49.47548424611822,0.21844482421875,0.54425048828125,-0.7547607421875,0.29400634765625,1.961290322580645,59.43304007820137,1.667741935483871,50.53763440860215
27.62168118500267,49.47548424611822,0.21844482421875,0.54425048828125,-0.7547607421875,0.29400634765625,1.9709677419354839,59.72629521016618,1.7,51.515151515151516
27.641728102986235,49.47548424611822,0.21844482421875,0.54425048828125,-0.7547607421875,0.29400634765625,1.9838709677419355,60.117302052785924,1.7032258064516128,51.61290322580645
27.661863055982394,49.14087786797448,0.2137451171875,0.54595947265625,-0.7503662109375,0.30535888671875,1.9838709677419355,60.117302052785924,1.7032258064516128,51.61290322580645
27.681895925983554,49.14087786797448,0.2137451171875,0.54595947265625,-0.7503662109375,0.30535888671875,1.961290322580645,59.43304007820137,1.7129032258064516,51.90615835777126
27.701988765998976,48.775156906271256,0.2103271484375,0.54693603515625,-0.74639892578125,0.3154296875,1.9870967741935484,60.215053763440864,1.7677419354838708,53.567937438905176
27.72203664400149,48.775156906271256,0.2103271484375,0.54693603515625,-0.74639892578125,0.3154296875,1.996774193548387,60.50830889540567,1.7774193548387096,53.86119257086999
27.74208928999724,48.775156906271256,0.2103271484375,0.54693603515625,-0.74639892578125,0.3154296875,1.9870967741935484,60.215053763440864,1.7548387096774192,53.17693059628543
27.76215470500756,48.579850268200644,0.20648193359375,0.54638671875,-0.74407958984375,0.32421875,2.0,60.60606060606061,1.7419354838709677,52.785923753665685
27.782230487995548,48.579850268200644,0.20648193359375,0.54638671875,-0.74407958984375,0.32421875,1.9870967741935484,60.215053763440864,1.729032258064516,52.39491691104594
27.802327584009618,48.27110367625214,0.20404052734375,0.5455322265625,-0.74169921875,0.3326416015625,2.032258064516129,61.58357771260997,1.7354838709677418,52.59042033235581
27.82241600798443,48.27110367625214,0.20404052734375,0.5455322265625,-0.74169921875,0.3326416015625,2.02258064516129,61.29032258064516,1.732258064516129,52.49266862170088
27.84246106998762,48.27110367625214,0.20404052734375,0.5455322265625,-0.74169921875,0.3326416015625,2.0258064516129033,61.3880742913001,1.8161290322580643,55.034213098729225
27.862521331990138,48.05296464264637,0.2022705078125,0.5455322265625,-0.73956298828125,0.33843994140625,1.9838709677419355,60.117302052785924,1.8064516129032258,54.74095796676443
27.882612763991347,48.05296464264637,0.2022705078125,0.5455322265625,-0.73956298828125,0.33843994140625,2.009677419354839,60.899315738025415,1.7806451612903225,53.95894428152492
27.902677314996254,47.9656452217437,0.2020263671875,0.545654296875,-0.73876953125,0.34002685546875,2.02258064516129,61.29032258064516,1.8161290322580643,55.034213098729225
27.92271664898726,47.9656452217437,0.2020263671875,0.545654296875,-0.73876953125,0.34002685546875,1.9774193548387096,59.92179863147605,1.7903225806451613,54.25219941348974
27.942792048008414,47.9656452217437,0.2020263671875,0.545654296875,-0.73876953125,0.34002685546875,1.967741935483871,59.628543499511245,1.7870967741935482,54.154447702834794
27.962851254007546,47.99196646304832,0.20343017578125,0.54547119140625,-0.73968505859375,0.33758544921875,1.967741935483871,59.628543499511245,1.764516129032258,53.47018572825024
27.982907005003653,47.99196646304832,0.20343017578125,0.54547119140625,-0.73968505859375,0.33758544921875,1.9129032258064516,57.96676441837732,1.6741935483870967,50.733137829912025
28.00304976600455,47.998448851904016,0.20635986328125,0.545166015625,-0.7410888671875,0.33319091796875,1.9129032258064516,57.96676441837732,1.6387096774193548,49.65786901270772
28.023141741985455,47.998448851904016,0.20635986328125,0.545166015625,-0.7410888671875,0.33319091796875,1.9064516129032258,57.77126099706745,1.5999999999999999,48.484848484848484
28.04324914200697,47.998448851904016,0.20635986328125,0.545166015625,-0.7410888671875,0.33319091796875,1.8838709677419354,57.0869990224829,1.6064516129032256,48.68035190615835
28.063309085002402,47.76093755776006,0.212646484375,0.5445556640625,-0.74237060546875,0.32733154296875,1.8322580645161288,55.5229716520039,1.529032258064516,46.33431085043988
28.08339136399445,47.76093755776006,0.212646484375,0.5445556640625,-0.74237060546875,0.32733154296875,1.8548387096774193,56.20723362658847,1.5129032258064514,45.8455522971652
28.10346202700748,47.20760845967638,0.2235107421875,0.5428466796875,-0.74383544921875,0.3194580078125,1.7903225806451613,54.25219941348974,1.5193548387096774,46.04105571847507
28.123541617998853,47.20760845967638,0.2235107421875,0.5428466796875,-0.74383544921875,0.3194580078125,1.7774193548387096,53.86119257086999,1.5129032258064514,45.8455522971652
28.14365474699298,47.20760845967638,0.2235107421875,0.5428466796875,-0.74383544921875,0.3194580078125,1.7516129032258063,53.0791788856305,1.4419354838709677,43.6950146627566
28.163721666001948,46.23458773705913,0.240478515625,0.539794921875,-0.745361328125,0.30865478515625,1.732258064516129,52.49266862170088,1.4161290322580644,42.91300097751711
28.18377636000514,46.23458773705913,0.240478515625,0.539794921875,-0.745361328125,0.30865478515625,1.7806451612903225,53.95894428152492,1.4548387096774194,44.086021505376344
28.20387899200432,44.63703937949998,0.26702880859375,0.535888671875,-0.74566650390625,0.2923583984375,1.7,51.515151515151516,1.3451612903225805,40.7624633431085
28.223939543007873,44.63703937949998,0.26702880859375,0.535888671875,-0.74566650390625,0.2923583984375,1.7548387096774192,53.17693059628543,1.429032258064516,43.30400782013685
28.24401529401075,44.63703937949998,0.26702880859375,0.535888671875,-0.74566650390625,0.2923583984375,1.7483870967741935,52.98142717497556,1.3935483870967742,42.22873900293255
28.264095108985202,42.823857993488936,0.30206298828125,0.53802490234375,-0.74072265625,0.2657470703125,1.7677419354838708,53.567937438905176,1.464516129032258,44.37927663734115
28.28417018800974,42.823857993488936,0.30206298828125,0.53802490234375,-0.74072265625,0.2657470703125,1.7741935483870968,53.76344086021506,1.429032258064516,43.30400782013685
28.304246738989605,40.73066414746567,0.34381103515625,0.54132080078125,-0.73004150390625,0.23626708984375,1.8548387096774193,56.20723362658847,1.493548387096774,45.25904203323558
28.324354812008096,40.73066414746567,0.34381103515625,0.54132080078125,-0.73004150390625,0.23626708984375,1.8580645161290321,56.304985337243394,1.4580645161290322,44.18377321603128
28.344410305988276,40.73066414746567,0.34381103515625,0.54132080078125,-0.73004150390625,0.23626708984375,1.829032258064516,55.42521994134897,1.558064516129032,47.21407624633431
28.364493576984387,38.328403949144246,0.38604736328125,0.53863525390625,-0.71771240234375,0.21380615234375,1.8129032258064515,54.936461388074285,1.5483870967741935,46.9208211143695
28.38456619300996,38.328403949144246,0.38604736328125,0.53863525390625,-0.71771240234375,0.21380615234375,1.8483870967741933,56.01173020527859,1.62258064516129,49.169110459433035
28.404650392010808,35.220221830418936,0.42926025390625,0.525634765625,-0.70672607421875,0.199951171875,1.8451612903225805,55.91397849462365,1.6483870967741936,49.95112414467254
28.42475660800119,35.220221830418936,0.42926025390625,0.525634765625,-0.70672607421875,0.199951171875,1.829032258064516,55.42521994134897,1.6483870967741936,49.95112414467254
28.444822566991206,35.220221830418936,0.42926025390625,0.525634765625,-0.70672607421875,0.199951171875,1.8354838709677417,55.62072336265884,1.635483870967742,49.56011730205279
28.46492279798258,31.564518603575515,0.47271728515625,0.50286865234375,-0.69793701171875,0.19110107421875,1.8322580645161288,55.5229716520039,1.7,51.515151515151516
28.484998739993898,31.564518603575515,0.47271728515625,0.50286865234375,-0.69793701171875,0.19110107421875,1.8483870967741933,56.01173020527859,1.6387096774193548,49.65786901270772
28.50507417001063,28.116210438042103,0.50897216796875,0.47491455078125,-0.69354248046875,0.185302734375,1.8741935483870966,56.79374389051808,1.7258064516129032,52.29716520039101
28.52515388900065,28.116210438042103,0.50897216796875,0.47491455078125,-0.69354248046875,0.185302734375,1.861290322580645,56.402737047898334,1.6774193548387097,50.83088954056696
28.54519155799062,28.116210438042103,0.50897216796875,0.47491455078125,-0.69354248046875,0.185302734375,1.9193548387096775,58.162267839687196,1.732258064516129,52.49266862170088
28.565310028992826,25.201755712998022,0.533447265625,0.44830322265625,-0.69317626953125,0.184326171875,1.903225806451613,57.67350928641252,1.764516129032258,53.47018572825024
28.585410900006536,25.201755712998022,0.533447265625,0.44830322265625,-0.69317626953125,0.184326171875,1.9258064516129032,58.35777126099707,1.8225806451612903,55.229716520039105
28.6054657860077,22.952947182108247,0.5472412109375,0.42791748046875,-0.6943359375,0.18798828125,1.961290322580645,59.43304007820137,1.8096774193548386,54.83870967741935
28.62559440199402,22.952947182108247,0.5472412109375,0.42791748046875,-0.6943359375,0.18798828125,1.961290322580645,59.43304007820137,1.8451612903225805,55.91397849462365
28.645723753987113,22.952947182108247,0.5472412109375,0.42791748046875,-0.6943359375,0.18798828125,1.9451612903225806,58.94428152492669,1.861290322580645,56.402737047898334
28.665769454994006,21.5574173894682,0.5565185546875,0.416748046875,-0.69317626953125,0.190185546875,1.9741935483870967,59.82404692082112,1.8580645161290321,56.304985337243394
28.685888918989804,21.5574173894682,0.5565185546875,0.416748046875,-0.69317626953125,0.190185546875,1.9741935483870967,59.82404692082112,1.896774193548387,57.478005865102645
28.705959996994352,20.96646814958011,0.56561279296875,0.4117431640625,-0.6898193359375,0.18634033203125,1.9709677419354839,59.72629521016618,1.896774193548387,57.478005865102645
28.726014785992447,20.96646814958011,0.56561279296875,0.4117431640625,-0.6898193359375,0.18634033203125,1.9741935483870967,59.82404692082112,1.8258064516129031,55.32746823069403
28.746097864001058,20.96646814958011,0.56561279296875,0.4117431640625,-0.6898193359375,0.18634033203125,1.964516129032258,59.530791788856305,1.8161290322580643,55.034213098729225
28.766150893992744,20.628900842150287,0.57415771484375,0.40765380859375,-0.6866455078125,0.1807861328125,1.9709677419354839,59.72629521016618,1.8806451612903226,56.98924731182796
28.78620251500979,20.628900842150287,0.57415771484375,0.40765380859375,-0.6866455078125,0.1807861328125,1.9774193548387096,59.92179863147605,1.8870967741935485,57.18475073313783
28.806311738997465,20.049217715861914,0.58221435546875,0.4012451171875,-0.68450927734375,0.1773681640625,1.9903225806451612,60.312805474095796,1.8548387096774193,56.20723362658847
28.82639532900066,20.049217715861914,0.58221435546875,0.4012451171875,-0.68450927734375,0.1773681640625,1.9709677419354839,59.72629521016618,1.8709677419354838,56.695992179863154
28.846476198988967,20.049217715861914,0.58221435546875,0.4012451171875,-0.68450927734375,0.1773681640625,2.019354838709677,61.19257086999021,1.8225806451612903,55.229716520039105
28.86654574100976,19.336003394905305,0.5897216796875,0.39398193359375,-0.68280029296875,0.17547607421875,2.074193548387097,62.85434995112414,1.8451612903225805,55.91397849462365
28.8866255239991,19.336003394905305,0.5897216796875,0.39398193359375,-0.68280029296875,0.17547607421875,2.106451612903226,63.831867057673506,1.8838709677419354,57.0869990224829
28.906740218983032,18.85107348592716,0.5941162109375,0.38916015625,-0.68182373046875,0.17498779296875,2.074193548387097,62.85434995112414,1.896774193548387,57.478005865102645
28.926854914985597,18.85107348592716,0.5941162109375,0.38916015625,-0.68182373046875,0.17498779296875,2.093548387096774,63.44086021505376,1.996774193548387,60.50830889540567
28.946893607004313,18.85107348592716,0.5941162109375,0.38916015625,-0.68182373046875,0.17498779296875,2.1032258064516127,63.73411534701857,1.996774193548387,60.50830889540567
28.966988909989595,18.554544305159126,0.5963134765625,0.38739013671875,-0.6807861328125,0.1756591796875,2.1096774193548384,63.929618768328446,1.9870967741935484,60.215053763440864
28.9870971099881,18.554544305159126,0.5963134765625,0.38739013671875,-0.6807861328125,0.1756591796875,2.0774193548387094,62.95210166177908,2.0161290322580645,61.09481915933529
29.007154810999054,18.46365771152533,0.59735107421875,0.38702392578125,-0.6800537109375,0.17578125,2.116129032258064,64.1251221896383,2.0161290322580645,61.09481915933529
29.02724070599652,18.46365771152533,0.59735107421875,0.38702392578125,-0.6800537109375,0.17578125,2.1129032258064515,64.02737047898339,2.041935483870968,61.87683284457478
29.047329352004454,18.46365771152533,0.59735107421875,0.38702392578125,-0.6800537109375,0.17578125,2.0903225806451613,63.34310850439883,2.061290322580645,62.4633431085044
29.067413070995826,18.627414049256643,0.59661865234375,0.38726806640625,-0.68084716796875,0.174560546875,2.064516129032258,62.56109481915934,2.061290322580645,62.4633431085044
29.08751365399803,18.627414049256643,0.59661865234375,0.38726806640625,-0.68084716796875,0.174560546875,2.061290322580645,62.4633431085044,1.9903225806451612,60.312805474095796
29.10761990098399,19.088163878997307,0.5936279296875,0.38818359375,-0.68365478515625,0.1717529296875,2.0129032258064514,60.997067448680355,2.0,60.60606060606061
29.127683427010197,19.088163878997307,0.5936279296875,0.38818359375,-0.68365478515625,0.1717529296875,2.009677419354839,60.899315738025415,1.9903225806451612,60.312805474095796
29.147752808989026,19.088163878997307,0.5936279296875,0.38818359375,-0.68365478515625,0.1717529296875,2.019354838709677,61.19257086999021,2.0,60.60606060606061
29.167856783984462,19.72340117913788,0.58990478515625,0.39105224609375,-0.68603515625,0.168701171875,2.032258064516129,61.58357771260997,1.9741935483870967,59.82404692082112
29.18791765300557,19.72340117913788,0.58990478515625,0.39105224609375,-0.68603515625,0.168701171875,2.0354838709677416,61.6813294232649,1.9741935483870967,59.82404692082112
29.20801663599559,20.422809728938304,0.586181640625,0.395263671875,-0.6875,0.1658935546875,2.051612903225806,62.17008797653958,2.0,60.60606060606061
29.228070593992015,20.422809728938304,0.586181640625,0.395263671875,-0.6875,0.1658935546875,2.032258064516129,61.58357771260997,1.993548387096774,60.410557184750736
29.24813866399927,20.422809728938304,0.586181640625,0.395263671875,-0.6875,0.1658935546875,2.029032258064516,61.48582600195503,1.8935483870967742,57.380254154447705
29.268185997003457,21.024205799671606,0.58355712890625,0.40008544921875,-0.6873779296875,0.1639404296875,2.0064516129032257,60.80156402737048,1.9096774193548387,57.86901270772239
29.288262515008682,21.024205799671606,0.58355712890625,0.40008544921875,-0.6873779296875,0.1639404296875,1.9838709677419355,60.117302052785924,1.9064516129032258,57.77126099706745
29.3083113199973,21.301056187656584,0.58258056640625,0.40338134765625,-0.6864013671875,0.16351318359375,2.0032258064516126,60.703812316715535,1.8774193548387097,56.89149560117303
29.328443008009344,21.301056187656584,0.58258056640625,0.40338134765625,-0.6864013671875,0.16351318359375,2.029032258064516,61.48582600195503,1.8419354838709676,55.816226783968716
29.348471876990516,21.301056187656584,0.58258056640625,0.40338134765625,-0.6864013671875,0.16351318359375,1.9903225806451612,60.312805474095796,1.8483870967741933,56.01173020527859
29.36855796398595,21.620640632338507,0.58154296875,0.408203125,-0.68438720703125,0.1636962890625,1.9774193548387096,59.92179863147605,1.7999999999999998,54.54545454545454
29.388602800987428,21.620640632338507,0.58154296875,0.408203125,-0.68438720703125,0.1636962890625,1.961290322580645,59.43304007820137,1.8225806451612903,55.229716520039105
29.40872194399708,22.47903902870752,0.5772705078125,0.419921875,-0.68072509765625,0.1644287109375,1.932258064516129,58.55327468230694,1.761290322580645,53.3724340175953
29.428756604989758,22.47903902870752,0.5772705078125,0.419921875,-0.68072509765625,0.1644287109375,1.9064516129032258,57.77126099706745,1.7516129032258063,53.0791788856305
29.44889178100857,22.47903902870752,0.5772705078125,0.419921875,-0.68072509765625,0.1644287109375,1.8709677419354838,56.695992179863154,1.6548387096774193,50.146627565982406
29.468942857987713,23.72916267997988,0.5726318359375,0.4366455078125,-0.6741943359375,0.16412353515625,1.8032258064516127,54.64320625610948,1.564516129032258,47.40957966764419
29.489007694995962,23.72916267997988,0.5726318359375,0.4366455078125,-0.6741943359375,0.16412353515625,1.7774193548387096,53.86119257086999,1.4451612903225806,43.79276637341153
29.509092596010305,24.98132484472994,0.5654296875,0.45050048828125,-0.67132568359375,0.1634521484375,1.7741935483870968,53.76344086021506,1.5129032258064514,45.8455522971652
29.529165752988774,24.98132484472994,0.5654296875,0.45050048828125,-0.67132568359375,0.1634521484375,1.7709677419354837,53.665689149560116,1.4548387096774194,44.086021505376344
29.549215934006497,24.98132484472994,0.5654296875,0.45050048828125,-0.67132568359375,0.1634521484375,1.7451612903225806,52.883675464320625,1.3193548387096772,39.980449657869
29.569274401990697,26.82304575340593,0.55194091796875,0.46466064453125,-0.67364501953125,0.16009521484375,1.796774193548387,54.44770283479961,1.3709677419354838,41.54447702834799
29.589333670999622,26.82304575340593,0.55194091796875,0.46466064453125,-0.67364501953125,0.16009521484375,1.7774193548387096,53.86119257086999,1.0806451612903225,32.74682306940371
29.60940481198486,29.944524856025744,0.5267333984375,0.4849853515625,-0.68096923828125,0.15374755859375,1.7903225806451613,54.25219941348974,1.2354838709677418,37.43890518084066
29.629459023999516,29.944524856025744,0.5267333984375,0.4849853515625,-0.68096923828125,0.15374755859375,1.7548387096774192,53.17693059628543,1.2387096774193547,37.536656891495596
29.649527572997613,29.944524856025744,0.5267333984375,0.4849853515625,-0.68096923828125,0.15374755859375,1.7677419354838708,53.567937438905176,1.2096774193548387,36.65689149560117
29.66962924299878,34.28825063333184,0.49395751953125,0.5079345703125,-0.6915283203125,0.14080810546875,1.7677419354838708,53.567937438905176,1.0161290322580645,30.791788856304986
29.689697280002292,34.28825063333184,0.49395751953125,0.5079345703125,-0.6915283203125,0.14080810546875,1.764516129032258,53.47018572825024,0.8870967741935484,26.88172043010753
29.70982880698284,39.87245067592662,0.46038818359375,0.53656005859375,-0.69757080078125,0.11663818359375,1.7548387096774192,53.17693059628543,0.8806451612903226,26.68621700879765
29.729868171009002,39.87245067592662,0.46038818359375,0.53656005859375,-0.69757080078125,0.11663818359375,1.7677419354838708,53.567937438905176,0.9548387096774194,28.934506353861195
29.749977970001055,39.87245067592662,0.46038818359375,0.53656005859375,-0.69757080078125,0.11663818359375,1.7580645161290323,53.27468230694038,0.9387096774193548,28.445747800586513
29.77005397499306,46.433472335683966,0.41851806640625,0.56951904296875,-0.7017822265625,0.08935546875,1.7870967741935482,54.154447702834794,1.1451612903225807,34.701857282502445
29.79009861900704,46.433472335683966,0.41851806640625,0.56951904296875,-0.7017822265625,0.08935546875,1.7516129032258063,53.0791788856305,1.0193548387096774,30.889540566959923
29.81014915200649,51.96767475126758,0.37664794921875,0.5799560546875,-0.719482421875,0.06390380859375,1.7548387096774192,53.17693059628543,0.8354838709677419,25.317693059628542
29.83025549398735,51.96767475126758,0.37664794921875,0.5799560546875,-0.719482421875,0.06390380859375,1.764516129032258,53.47018572825024,0.7129032258064516,21.603128054740957
29.85031053799321,51.96767475126758,0.37664794921875,0.5799560546875,-0.719482421875,0.06390380859375,1.7548387096774192,53.17693059628543,0.7870967741935483,23.851417399804493
29.870353486010572,59.103065087625694,0.32843017578125,0.5950927734375,-0.73297119140625,0.02691650390625,1.7516129032258063,53.0791788856305,0.6741935483870967,20.43010752688172
29.89041790700867,59.103065087625694,0.32843017578125,0.5950927734375,-0.73297119140625,0.02691650390625,1.7387096774193547,52.68817204301075,0.6838709677419353,20.723362658846526
29.910500216996297,65.75031989457085,-0.28338623046875,-0.60693359375,0.742431640625,0.00830078125,1.7419354838709677,52.785923753665685,0.6741935483870967,20.43010752688172
29.93060294300085,65.75031989457085,-0.28338623046875,-0.60693359375,0.742431640625,0.00830078125,1.7258064516129032,52.29716520039101,0.5806451612903226,17.595307917888565
29.95063005000702,65.75031989457085,-0.28338623046875,-0.60693359375,0.742431640625,0.00830078125,1.7258064516129032,52.29716520039101,0.5741935483870968,17.399804496578692
29.970774761983193,71.8505003405744,-0.2392578125,-0.6199951171875,0.746337890625,0.03680419921875,1.7258064516129032,52.29716520039101,0.5645161290322581,17.106549364613883
29.990784844994778,71.8505003405744,-0.2392578125,-0.6199951171875,0.746337890625,0.03680419921875,1.764516129032258,53.47018572825024,0.529032258064516,16.031280547409576
30.010910804005107,77.5261993171981,-0.1964111328125,-0.630859375,0.748046875,0.06170654296875,1.7129032258064516,51.90615835777126,0.5129032258064515,15.542521994134894
30.030949848005548,77.5261993171981,-0.1964111328125,-0.630859375,0.748046875,0.06170654296875,1.6870967741935483,51.12414467253177,0.5516129032258064,16.715542521994134
30.05100085999584,77.5261993171981,-0.1964111328125,-0.630859375,0.748046875,0.06170654296875,1.6516129032258065,50.048875855327466,0.5193548387096774,15.73802541544477
30.07107200101018,82.92321325139788,-0.15765380859375,-0.637939453125,0.74859619140625,0.08843994140625,1.7419354838709677,52.785923753665685,0.561290322580645,17.00879765395894
30.091135205992032,82.92321325139788,-0.15765380859375,-0.637939453125,0.74859619140625,0.08843994140625,1.732258064516129,52.49266862170088,0.4838709677419355,14.66275659824047
30.111195211007725,88.02044191501382,-0.12353515625,-0.6422119140625,0.7474365234375,0.11688232421875,1.6838709677419355,51.02639296187683,0.4935483870967742,14.95601173020528
30.13126295999973,88.02044191501382,-0.12353515625,-0.6422119140625,0.7474365234375,0.11688232421875,1.6483870967741936,49.95112414467254,0.5064516129032258,15.347018572825025
30.151363126002252,88.02044191501382,-0.12353515625,-0.6422119140625,0.7474365234375,0.11688232421875,1.7,51.515151515151516,0.4967741935483871,15.053763440860216
30.171392536984058,92.58995606623341,-0.09320068359375,-0.64691162109375,0.743408203125,0.14202880859375,1.7129032258064516,51.90615835777126,0.4258064516129032,12.903225806451612
30.19147622300079,92.58995606623341,-0.09320068359375,-0.64691162109375,0.743408203125,0.14202880859375,1.7096774193548387,51.80840664711632,0.5225806451612903,15.835777126099707
30.21154089999618,96.38164127397067,-0.06768798828125,-0.65203857421875,0.73760986328125,0.16180419921875,1.6838709677419355,51.02639296187683,0.4225806451612903,12.805474095796676
30.23158778398647,96.38164127397067,-0.06768798828125,-0.65203857421875,0.73760986328125,0.16180419921875,1.632258064516129,49.462365591397855,0.4290322580645161,13.000977517106548
30.251656045002164,96.38164127397067,-0.06768798828125,-0.65203857421875,0.73760986328125,0.16180419921875,1.6451612903225807,49.8533724340176,0.4935483870967742,14.95601173020528
30.271710736997193,99.94147008973408,-0.043701171875,-0.65533447265625,0.73211669921875,0.1805419921875,1.632258064516129,49.462365591397855,0.5258064516129032,15.933528836754643
30.291774549987167,99.94147008973408,-0.043701171875,-0.65533447265625,0.73211669921875,0.1805419921875,1.596774193548387,48.38709677419355,0.5870967741935484,17.790811339198438
30.31191551699885,103.09335401997058,-0.0225830078125,-0.65704345703125,0.72723388671875,0.1973876953125,1.596774193548387,48.38709677419355,0.5419354838709677,16.422287390029325
30.331951136991847,103.09335401997058,-0.0225830078125,-0.65704345703125,0.72723388671875,0.1973876953125,1.6129032258064515,48.87585532746823,0.34838709677419355,10.557184750733137
30.35206035998999,103.09335401997058,-0.0225830078125,-0.65704345703125,0.72723388671875,0.1973876953125,1.6451612903225807,49.8533724340176,0.32580645161290317,9.872922776148581
30.37213614099892,105.98189453312756,-0.00341796875,-0.6591796875,0.72125244140625,0.21258544921875,1.6290322580645162,49.36461388074292,0.432258064516129,13.098729227761485
30.392247282987228,105.98189453312756,-0.00341796875,-0.6591796875,0.72125244140625,0.21258544921875,1.6483870967741936,49.95112414467254,0.5483870967741935,16.617790811339198
30.412286167003913,108.50575071846477,0.01348876953125,-0.660888671875,0.71563720703125,0.22552490234375,1.5709677419354837,47.60508308895405,0.632258064516129,19.159335288367547
30.432370652997633,108.50575071846477,0.01348876953125,-0.660888671875,0.71563720703125,0.22552490234375,1.5387096774193547,46.62756598240469,0.6387096774193548,19.35483870967742
30.452450017997762,108.50575071846477,0.01348876953125,-0.660888671875,0.71563720703125,0.22552490234375,1.564516129032258,47.40957966764419,0.5645161290322581,17.106549364613883
30.472546278993832,110.67494752121253,0.02783203125,-0.662109375,0.71051025390625,0.23675537109375,1.62258064516129,49.169110459433035,0.561290322580645,17.00879765395894
30.492593993985793,110.67494752121253,0.02783203125,-0.662109375,0.71051025390625,0.23675537109375,1.632258064516129,49.462365591397855,0.6064516129032258,18.377321603128056
30.512667757982854,112.67392888295143,0.039794921875,-0.66387939453125,0.704345703125,0.24810791015625,1.6838709677419355,51.02639296187683,0.5806451612903226,17.595307917888565
30.532737266010372,112.67392888295143,0.039794921875,-0.66387939453125,0.704345703125,0.24810791015625,1.6870967741935483,51.12414467253177,0.5903225806451613,17.888563049853374
30.552836727001704,112.67392888295143,0.039794921875,-0.66387939453125,0.704345703125,0.24810791015625,1.6096774193548384,48.77810361681329,0.7580645161290323,22.97165200391007
30.572867609997047,114.45130479732221,0.05096435546875,-0.66522216796875,0.69891357421875,0.257568359375,1.596774193548387,48.38709677419355,0.8032258064516128,24.340175953079175
30.59292547000223,114.45130479732221,0.05096435546875,-0.66522216796875,0.69891357421875,0.257568359375,1.62258064516129,49.169110459433035,0.9419354838709677,28.54349951124145
30.61305651598377,116.0057787581329,0.05999755859375,-0.66558837890625,0.69439697265625,0.26678466796875,1.6774193548387097,50.83088954056696,1.0387096774193547,31.47605083088954
30.633088711008895,116.0057787581329,0.05999755859375,-0.66558837890625,0.69439697265625,0.26678466796875,1.6709677419354838,50.635386119257085,1.064516129032258,32.25806451612903
30.65315354699851,116.0057787581329,0.05999755859375,-0.66558837890625,0.69439697265625,0.26678466796875,1.7258064516129032,52.29716520039101,1.0709677419354837,32.453567937438905
30.673220463009784,117.40744225250918,0.06787109375,-0.66619873046875,0.68975830078125,0.27520751953125,1.7064516129032257,51.71065493646139,1.1129032258064515,33.724340175953074
30.69336866098456,117.40744225250918,0.06787109375,-0.66619873046875,0.68975830078125,0.27520751953125,1.7258064516129032,52.29716520039101,1.1516129032258065,34.89736070381232
30.713376854982926,118.69577487324231,0.07550048828125,-0.667236328125,0.68511962890625,0.28228759765625,1.7419354838709677,52.785923753665685,1.1580645161290324,35.0928641251222
30.733463067997945,118.69577487324231,0.07550048828125,-0.667236328125,0.68511962890625,0.28228759765625,1.764516129032258,53.47018572825024,1.1709677419354838,35.483870967741936
30.753508127003442,118.69577487324231,0.07550048828125,-0.667236328125,0.68511962890625,0.28228759765625,1.729032258064516,52.39491691104594,1.2129032258064516,36.75464320625611
30.773669669986703,119.8810230902092,0.0823974609375,-0.66815185546875,0.6806640625,0.28887939453125,1.7806451612903225,53.95894428152492,1.2741935483870968,38.6119257086999
30.793676967994543,119.8810230902092,0.0823974609375,-0.66815185546875,0.6806640625,0.28887939453125,1.8032258064516127,54.64320625610948,1.2419354838709677,37.634408602150536
30.813740940007847,120.98000894169955,0.0885009765625,-0.66937255859375,0.67608642578125,0.29510498046875,1.7999999999999998,54.54545454545454,1.2870967741935482,39.00293255131964
30.83381044800626,120.98000894169955,0.0885009765625,-0.66937255859375,0.67608642578125,0.29510498046875,1.8096774193548386,54.83870967741935,1.3258064516129031,40.17595307917888
30.853871572006028,120.98000894169955,0.0885009765625,-0.66937255859375,0.67608642578125,0.29510498046875,1.796774193548387,54.44770283479961,1.3387096774193548,40.56695992179863
30.87393717598752,121.90328922104214,0.09326171875,-0.67047119140625,0.671875,0.3006591796875,1.8387096774193548,55.71847507331379,1.3806451612903226,41.837732160312804
30.89400268398458,121.90328922104214,0.09326171875,-0.67047119140625,0.671875,0.3006591796875,1.8806451612903226,56.98924731182796,1.3903225806451613,42.13098729227762
30.9141471379844,122.65174455913606,0.0970458984375,-0.6712646484375,0.66845703125,0.30523681640625,1.8580645161290321,56.304985337243394,1.403225806451613,42.52199413489737
30.934248934994685,122.65174455913606,0.0970458984375,-0.6712646484375,0.66845703125,0.30523681640625,1.932258064516129,58.55327468230694,1.4387096774193548,43.59726295210166
30.9543206509843,122.65174455913606,0.0970458984375,-0.6712646484375,0.66845703125,0.30523681640625,1.9387096774193548,58.748778103616814,1.4774193548387096,44.770283479960895
30.97440430399729,123.38331355341535,0.1007080078125,-0.672119140625,0.66497802734375,0.3096923828125,1.9419354838709677,58.846529814271754,1.3935483870967742,42.22873900293255
30.994436403008876,123.38331355341535,0.1007080078125,-0.672119140625,0.66497802734375,0.3096923828125,1.964516129032258,59.530791788856305,1.4451612903225806,43.79276637341153
31.014571097010048,124.06329007901664,0.1036376953125,-0.67279052734375,0.66168212890625,0.3143310546875,1.964516129032258,59.530791788856305,1.5,45.45454545454546
31.03465138899628,124.06329007901664,0.1036376953125,-0.67279052734375,0.66168212890625,0.3143310546875,1.996774193548387,60.50830889540567,1.5129032258064514,45.8455522971652
31.05473075399641,124.06329007901664,0.1036376953125,-0.67279052734375,0.66168212890625,0.3143310546875,2.032258064516129,61.58357771260997,1.5064516129032257,45.650048875855326
31.07481331800227,124.41328415483329,0.1055908203125,-0.6728515625,0.66033935546875,0.31634521484375,2.02258064516129,61.29032258064516,1.5193548387096774,46.04105571847507
31.094890153995948,124.41328415483329,0.1055908203125,-0.6728515625,0.66033935546875,0.31634521484375,2.009677419354839,60.899315738025415,1.5129032258064514,45.8455522971652
31.114973615010967,124.58469083781064,0.10650634765625,-0.6732177734375,0.65936279296875,0.3172607421875,1.964516129032258,59.530791788856305,1.5451612903225804,46.82306940371456
31.135024657996837,124.58469083781064,0.10650634765625,-0.6732177734375,0.65936279296875,0.3172607421875,1.964516129032258,59.530791788856305,1.496774193548387,45.35679374389051
31.155080886004725,124.58469083781064,0.10650634765625,-0.6732177734375,0.65936279296875,0.3172607421875,1.996774193548387,60.50830889540567,1.5032258064516129,45.552297165200386
31.175153497984866,124.60126162194703,0.1068115234375,-0.6732177734375,0.65936279296875,0.317138671875,1.9580645161290322,59.33528836754643,1.529032258064516,46.33431085043988
31.195281760010403,124.60126162194703,0.1068115234375,-0.6732177734375,0.65936279296875,0.317138671875,1.935483870967742,58.65102639296188,1.5129032258064514,45.8455522971652
31.215382788999705,124.45383667975915,0.10626220703125,-0.67291259765625,0.6602783203125,0.31610107421875,1.9129032258064516,57.96676441837732,1.529032258064516,46.33431085043988
31.23545543299406,124.45383667975915,0.10626220703125,-0.67291259765625,0.6602783203125,0.31610107421875,1.8870967741935485,57.18475073313783,1.5161290322580645,45.94330400782014
31.255521868995856,124.45383667975915,0.10626220703125,-0.67291259765625,0.6602783203125,0.31610107421875,1.8645161290322578,56.50048875855327,1.4516129032258065,43.98826979472141
31.275587089010514,124.121225805825,0.10430908203125,-0.6727294921875,0.66162109375,0.3143310546875,1.9,57.57575757575758,1.4419354838709677,43.6950146627566
31.29566703000455,124.121225805825,0.10430908203125,-0.6727294921875,0.66162109375,0.3143310546875,1.9064516129032258,57.77126099706745,1.3451612903225805,40.7624633431085
31.31574265001109,123.58938004110311,0.10107421875,-0.6724853515625,0.6636962890625,0.31158447265625,1.9161290322580644,58.06451612903226,1.3387096774193548,40.56695992179863
31.33584598300513,123.58938004110311,0.10107421875,-0.6724853515625,0.6636962890625,0.31158447265625,1.8935483870967742,57.380254154447705,1.2903225806451613,39.100684261974585
31.355897506000474,123.58938004110311,0.10107421875,-0.6724853515625,0.6636962890625,0.31158447265625,1.8258064516129031,55.32746823069403,1.058064516129032,32.06256109481915
31.375989542983007,122.76129495111425,0.095703125,-0.67236328125,0.66644287109375,0.30755615234375,1.8032258064516127,54.64320625610948,1.167741935483871,35.386119257087
31.396084300009534,122.76129495111425,0.095703125,-0.67236328125,0.66644287109375,0.30755615234375,1.7999999999999998,54.54545454545454,1.1709677419354838,35.483870967741936
31.416150671982905,121.4877729458041,0.0872802734375,-0.67181396484375,0.6708984375,0.30157470703125,1.8741935483870966,56.79374389051808,1.1064516129032256,33.5288367546432
31.436250484985067,121.4877729458041,0.0872802734375,-0.67181396484375,0.6708984375,0.30157470703125,1.7774193548387096,53.86119257086999,1.064516129032258,32.25806451612903
31.45633420100785,121.4877729458041,0.0872802734375,-0.67181396484375,0.6708984375,0.30157470703125,1.8032258064516127,54.64320625610948,1.096774193548387,33.235581622678396
31.476418461010326,119.77814463363491,0.07598876953125,-0.67132568359375,0.6763916015625,0.2933349609375,1.8225806451612903,55.229716520039105,1.12258064516129,34.01759530791788
31.49652937700739,119.77814463363491,0.07598876953125,-0.67132568359375,0.6763916015625,0.2933349609375,1.7999999999999998,54.54545454545454,1.1451612903225807,34.701857282502445
31.51659824399394,117.36398434837245,0.0618896484375,-0.66705322265625,0.68731689453125,0.28076171875,1.764516129032258,53.47018572825024,1.090322580645161,33.040078201368516
31.53669159198762,117.36398434837245,0.0618896484375,-0.66705322265625,0.68731689453125,0.28076171875,1.7387096774193547,52.68817204301075,1.096774193548387,33.235581622678396
31.556762891006656,117.36398434837245,0.0618896484375,-0.66705322265625,0.68731689453125,0.28076171875,1.7193548387096773,52.101661779081134,0.9774193548387097,29.61876832844575
31.57685060700169,114.46797360876818,0.044677734375,-0.66058349609375,0.70062255859375,0.26611328125,1.6870967741935483,51.12414467253177,1.0161290322580645,30.791788856304986
31.596912337990943,114.46797360876818,0.044677734375,-0.66058349609375,0.70062255859375,0.26611328125,1.6290322580645162,49.36461388074292,0.8548387096774194,25.90420332355816
31.617002421990037,110.8561665106809,0.0235595703125,-0.6527099609375,0.71588134765625,0.24688720703125,1.6483870967741936,49.95112414467254,0.3354838709677419,10.166177908113392
31.637077305000275,110.8561665106809,0.0235595703125,-0.6527099609375,0.71588134765625,0.24688720703125,1.6161290322580644,48.97360703812317,0.46451612903225803,14.076246334310849
31.65715954900952,110.8561665106809,0.0235595703125,-0.6527099609375,0.71588134765625,0.24688720703125,1.6290322580645162,49.36461388074292,0.2838709677419355,8.60215053763441
31.67725897699711,106.75073631983656,0.0,-0.6468505859375,0.72930908203125,0.2227783203125,1.6064516129032256,48.68035190615835,0.012903225806451613,0.39100684261974583
31.697276418010006,106.75073631983656,0.0,-0.6468505859375,0.72930908203125,0.2227783203125,1.6193548387096772,49.071358748778096,0.0,0.0
31.71749136998551,102.10538217750694,-0.02752685546875,-0.64117431640625,0.7415771484375,0.19537353515625,1.6258064516129032,49.266862170087975,0.0,0.0
31.737580301996786,102.10538217750694,-0.02752685546875,-0.64117431640625,0.7415771484375,0.19537353515625,1.62258064516129,49.169110459433035,0.0,0.0
31.75768977799453,102.10538217750694,-0.02752685546875,-0.64117431640625,0.7415771484375,0.19537353515625,1.590322580645161,48.19159335288367,0.0,0.0
31.777734643983422,97.29271162185805,-0.05743408203125,-0.63641357421875,0.750732421875,0.16748046875,1.6258064516129032,49.266862170087975,0.0,0.0
31.79781595998793,97.29271162185805,-0.05743408203125,-0.63641357421875,0.750732421875,0.16748046875,1.6483870967741936,49.95112414467254,0.0,0.0
31.81786367399036,92.2440257044284,-0.08929443359375,-0.63214111328125,0.75726318359375,0.137939453125,1.6387096774193548,49.65786901270772,0.0,0.0
31.837978847004706,92.2440257044284,-0.08929443359375,-0.63214111328125,0.75726318359375,0.137939453125,1.6806451612903226,50.9286412512219,0.0,0.0
31.858074722986203,92.2440257044284,-0.08929443359375,-0.63214111328125,0.75726318359375,0.137939453125,1.635483870967742,49.56011730205279,0.0,0.0
31.87813664600253,87.14208117502184,-0.12152099609375,-0.6279296875,0.76116943359375,0.10760498046875,1.6387096774193548,49.65786901270772,0.0,0.0
31.898229673010064,87.14208117502184,-0.12152099609375,-0.6279296875,0.76116943359375,0.10760498046875,1.6870967741935483,51.12414467253177,0.0,0.0
31.918287564010825,81.62521705869504,-0.1553955078125,-0.62054443359375,0.7650146484375,0.07421875,1.7032258064516128,51.61290322580645,0.3129032258064516,9.481915933528837
31.938368912000442,81.62521705869504,-0.1553955078125,-0.62054443359375,0.7650146484375,0.07421875,1.664516129032258,50.43988269794721,0.34838709677419355,10.557184750733137
31.958456850989023,81.62521705869504,-0.1553955078125,-0.62054443359375,0.7650146484375,0.07421875,1.6612903225806452,50.34213098729228,0.4129032258064516,12.512218963831867
31.97854738298338,75.89467784437997,-0.19000244140625,-0.6109619140625,0.76751708984375,0.03924560546875,1.6903225806451612,51.2218963831867,0.5419354838709677,16.422287390029325
31.998610713984817,75.89467784437997,-0.19000244140625,-0.6109619140625,0.76751708984375,0.03924560546875,1.7,51.515151515151516,0.7193548387096774,21.79863147605083
32.01871465399745,70.24617372410043,-0.2230224609375,-0.5980224609375,0.76983642578125,0.0045166015625,1.7129032258064516,51.90615835777126,0.8258064516129032,25.024437927663733
32.038762209005654,70.24617372410043,-0.2230224609375,-0.5980224609375,0.76983642578125,0.0045166015625,1.6935483870967742,51.31964809384164,0.9096774193548386,27.56598240469208
32.0588096989959,70.24617372410043,-0.2230224609375,-0.5980224609375,0.76983642578125,0.0045166015625,1.7129032258064516,51.90615835777126,1.1096774193548387,33.62658846529814
32.07886787800817,65.9203545597799,0.2471923828125,0.5838623046875,-0.77294921875,0.02215576171875,1.7193548387096773,52.101661779081134,1.1741935483870969,35.581622678396876
32.09893501698389,65.9203545597799,0.2471923828125,0.5838623046875,-0.77294921875,0.02215576171875,1.7580645161290323,53.27468230694038,1.293548387096774,39.19843597262952
32.11908894299995,61.92776452865068,0.2698974609375,0.569091796875,-0.775390625,0.04571533203125,1.764516129032258,53.47018572825024,1.3806451612903226,41.837732160312804
32.13916462598718,61.92776452865068,0.2698974609375,0.569091796875,-0.775390625,0.04571533203125,1.7580645161290323,53.27468230694038,1.4096774193548387,42.717497556207235
32.15921525200247,61.92776452865068,0.2698974609375,0.569091796875,-0.775390625,0.04571533203125,1.761290322580645,53.3724340175953,1.3354838709677417,40.46920821114369
32.17930463200901,57.92135742063546,0.29302978515625,0.55615234375,-0.77459716796875,0.0693359375,1.7806451612903225,53.95894428152492,1.3580645161290321,41.153470185728246
32.199381946993526,57.92135742063546,0.29302978515625,0.55615234375,-0.77459716796875,0.0693359375,1.7838709677419353,54.05669599217986,1.3774193548387097,41.73998044965787
32.219455262995325,54.5436750864181,0.313232421875,0.547607421875,-0.77081298828125,0.0887451171875,1.8516129032258062,56.10948191593352,1.4451612903225806,43.79276637341153
32.239556195010664,54.5436750864181,0.313232421875,0.547607421875,-0.77081298828125,0.0887451171875,1.8548387096774193,56.20723362658847,1.429032258064516,43.30400782013685
32.25963014998706,54.5436750864181,0.313232421875,0.547607421875,-0.77081298828125,0.0887451171875,1.8161290322580643,55.034213098729225,1.4774193548387096,44.770283479960895
32.279688073002035,50.90139277413781,0.334228515625,0.53582763671875,-0.76751708984375,0.1097412109375,1.7774193548387096,53.86119257086999,1.5161290322580645,45.94330400782014
32.29976132398588,50.90139277413781,0.334228515625,0.53582763671875,-0.76751708984375,0.1097412109375,1.8548387096774193,56.20723362658847,1.5483870967741935,46.9208211143695
32.31985406400054,45.82024738134993,0.362060546875,0.51861572265625,-0.76177978515625,0.14007568359375,1.8645161290322578,56.50048875855327,1.532258064516129,46.432062561094824
32.33992443498573,45.82024738134993,0.362060546875,0.51861572265625,-0.76177978515625,0.14007568359375,1.8580645161290321,56.304985337243394,1.593548387096774,48.289345063538605
32.36000382999191,45.82024738134993,0.362060546875,0.51861572265625,-0.76177978515625,0.14007568359375,1.8741935483870966,56.79374389051808,1.7516129032258063,53.0791788856305
32.38008101799642,42.246767167917625,0.38165283203125,0.50250244140625,-0.75909423828125,0.1600341796875,1.8838709677419354,57.0869990224829,1.7741935483870968,53.76344086021506
32.40015567699447,42.246767167917625,0.38165283203125,0.50250244140625,-0.75909423828125,0.1600341796875,1.9129032258064516,57.96676441837732,1.8032258064516127,54.64320625610948
32.4202011830057,39.814562126201146,0.396728515625,0.4888916015625,-0.75799560546875,0.17047119140625,1.903225806451613,57.67350928641252,1.8548387096774193,56.20723362658847
32.44030528300209,39.814562126201146,0.396728515625,0.4888916015625,-0.75799560546875,0.17047119140625,1.8838709677419354,57.0869990224829,1.8806451612903226,56.98924731182796
32.46042451998801,39.814562126201146,0.396728515625,0.4888916015625,-0.75799560546875,0.17047119140625,1.9064516129032258,57.77126099706745,1.8161290322580643,55.034213098729225
32.48047933698399,38.50563012414235,0.40423583984375,0.4832763671875,-0.756103515625,0.17718505859375,1.8903225806451613,57.28250244379277,1.8354838709677417,55.62072336265884
32.50059447699459,38.50563012414235,0.40423583984375,0.4832763671875,-0.756103515625,0.17718505859375,1.8774193548387097,56.89149560117303,1.7677419354838708,53.567937438905176
32.520713776990306,37.85587223050914,0.407470703125,0.48333740234375,-0.753173828125,0.18182373046875,1.8838709677419354,57.0869990224829,1.764516129032258,53.47018572825024
32.540731152985245,37.85587223050914,0.407470703125,0.48333740234375,-0.753173828125,0.18182373046875,1.861290322580645,56.402737047898334,1.7258064516129032,52.29716520039101
32.56080869201105,37.85587223050914,0.407470703125,0.48333740234375,-0.753173828125,0.18182373046875,1.8774193548387097,56.89149560117303,1.7129032258064516,51.90615835777126
32.58087605400942,37.10106776741553,0.41253662109375,0.4822998046875,-0.750244140625,0.18511962890625,1.861290322580645,56.402737047898334,1.6741935483870967,50.733137829912025
32.60092053498374,37.10106776741553,0.41253662109375,0.4822998046875,-0.750244140625,0.18511962890625,1.8548387096774193,56.20723362658847,1.7,51.515151515151516
32.62097640900174,36.16197290478781,0.41925048828125,0.4788818359375,-0.74798583984375,0.1881103515625,1.8903225806451613,57.28250244379277,1.7,51.515151515151516
32.641053403000114,36.16197290478781,0.41925048828125,0.4788818359375,-0.74798583984375,0.1881103515625,1.8838709677419354,57.0869990224829,1.667741935483871,50.53763440860215
32.66111292500864,36.16197290478781,0.41925048828125,0.4788818359375,-0.74798583984375,0.1881103515625,1.8741935483870966,56.79374389051808,1.6741935483870967,50.733137829912025
32.68117657498806,34.98785882992209,0.42791748046875,0.474609375,-0.74505615234375,0.19134521484375,1.9516129032258065,59.13978494623656,1.6838709677419355,51.02639296187683
32.70124905699049,34.98785882992209,0.42791748046875,0.474609375,-0.74505615234375,0.19134521484375,1.8741935483870966,56.79374389051808,1.7064516129032257,51.71065493646139
32.72131257900037,33.62013482379033,0.4375,0.4697265625,-0.7413330078125,0.1959228515625,1.8677419354838707,56.59824046920821,1.7774193548387096,53.86119257086999
32.741414725984214,33.62013482379033,0.4375,0.4697265625,-0.7413330078125,0.1959228515625,1.8935483870967742,57.380254154447705,1.8322580645161288,55.5229716520039
32.76153383401106,33.62013482379033,0.4375,0.4697265625,-0.7413330078125,0.1959228515625,1.8806451612903226,56.98924731182796,1.8419354838709676,55.816226783968716
32.78169387098751,32.68253702830683,0.44384765625,0.46728515625,-0.73809814453125,0.19952392578125,1.8709677419354838,56.695992179863154,1.8451612903225805,55.91397849462365
32.80173844800447,32.68253702830683,0.44384765625,0.46728515625,-0.73809814453125,0.19952392578125,1.8935483870967742,57.380254154447705,1.8548387096774193,56.20723362658847
32.821824690996436,32.055139626685836,0.44830322265625,0.46612548828125,-0.735595703125,0.20166015625,1.8838709677419354,57.0869990224829,1.8516129032258062,56.10948191593352
32.841914933989756,32.055139626685836,0.44830322265625,0.46612548828125,-0.735595703125,0.20166015625,1.8548387096774193,56.20723362658847,1.8741935483870966,56.79374389051808
32.861946135002654,32.055139626685836,0.44830322265625,0.46612548828125,-0.735595703125,0.20166015625,1.932258064516129,58.55327468230694,1.9129032258064516,57.96676441837732
32.88206440999056,31.606363776280133,0.45245361328125,0.4654541015625,-0.7333984375,0.20196533203125,1.896774193548387,57.478005865102645,1.9258064516129032,58.35777126099707
32.90217667000252,31.606363776280133,0.45245361328125,0.4654541015625,-0.7333984375,0.20196533203125,1.9580645161290322,59.33528836754643,1.9225806451612903,58.260019550342136
32.92222035099985,31.20569348689431,0.45574951171875,0.46453857421875,-0.731689453125,0.2027587890625,1.8838709677419354,57.0869990224829,1.9483870967741934,59.04203323558163
32.94231305801077,31.20569348689431,0.45574951171875,0.46453857421875,-0.731689453125,0.2027587890625,1.896774193548387,57.478005865102645,1.9193548387096775,58.162267839687196
32.96239514098852,31.20569348689431,0.45574951171875,0.46453857421875,-0.731689453125,0.2027587890625,1.9193548387096775,58.162267839687196,1.9258064516129032,58.35777126099707
32.9825122320035,30.633274151476293,0.46014404296875,0.462158203125,-0.7301025390625,0.2039794921875,1.8903225806451613,57.28250244379277,1.9806451612903224,60.01955034213099
33.00259777100291,30.633274151476293,0.46014404296875,0.462158203125,-0.7301025390625,0.2039794921875,1.8935483870967742,57.380254154447705,1.961290322580645,59.43304007820137
33.02266996499384,30.179258777587542,0.46392822265625,0.4608154296875,-0.72833251953125,0.2047119140625,1.8774193548387097,56.89149560117303,1.9774193548387096,59.92179863147605
33.042715246992884,30.179258777587542,0.46392822265625,0.4608154296875,-0.72833251953125,0.2047119140625,1.8677419354838707,56.59824046920821,1.9548387096774194,59.2375366568915
33.06281268998282,30.179258777587542,0.46392822265625,0.4608154296875,-0.72833251953125,0.2047119140625,1.8580645161290321,56.304985337243394,1.967741935483871,59.628543499511245
33.082879891997436,29.733783369953294,0.46759033203125,0.4591064453125,-0.7269287109375,0.205322265625,1.9258064516129032,58.35777126099707,1.961290322580645,59.43304007820137
33.102956374001224,29.733783369953294,0.46759033203125,0.4591064453125,-0.7269287109375,0.205322265625,1.8774193548387097,56.89149560117303,1.9806451612903224,60.01955034213099
33.123022007988766,29.416965082349265,0.47039794921875,0.4576416015625,-0.7259521484375,0.20550537109375,1.8548387096774193,56.20723362658847,1.9064516129032258,57.77126099706745
33.14309589800541,29.416965082349265,0.47039794921875,0.4576416015625,-0.7259521484375,0.20550537109375,1.8774193548387097,56.89149560117303,1.9451612903225806,58.94428152492669
33.163193821994355,29.416965082349265,0.47039794921875,0.4576416015625,-0.7259521484375,0.20550537109375,1.9064516129032258,57.77126099706745,1.961290322580645,59.43304007820137
33.183291008987,29.02538942801415,0.47412109375,0.4556884765625,-0.72479248046875,0.205322265625,1.8935483870967742,57.380254154447705,1.9741935483870967,59.82404692082112
33.20335811498808,29.02538942801415,0.47412109375,0.4556884765625,-0.72479248046875,0.205322265625,1.8548387096774193,56.20723362658847,1.9709677419354839,59.72629521016618
33.22343718900811,28.773731498770474,0.47711181640625,0.45458984375,-0.723876953125,0.204345703125,1.9129032258064516,57.96676441837732,1.964516129032258,59.530791788856305
33.24351415099227,28.773731498770474,0.47711181640625,0.45458984375,-0.723876953125,0.204345703125,1.896774193548387,57.478005865102645,1.9903225806451612,60.312805474095796
33.26362097100355,28.773731498770474,0.47711181640625,0.45458984375,-0.723876953125,0.204345703125,1.8709677419354838,56.695992179863154,1.9451612903225806,58.94428152492669
33.28369655698771,28.404943098896325,0.48065185546875,0.45257568359375,-0.7227783203125,0.20416259765625,1.8838709677419354,57.0869990224829,1.932258064516129,58.55327468230694
33.303743247000966,28.404943098896325,0.48065185546875,0.45257568359375,-0.7227783203125,0.20416259765625,1.8935483870967742,57.380254154447705,1.996774193548387,60.50830889540567
33.323821936995955,27.927103792778944,0.48480224609375,0.450927734375,-0.720947265625,0.20458984375,1.9064516129032258,57.77126099706745,2.0032258064516126,60.703812316715535
33.34393298099167,27.927103792778944,0.48480224609375,0.450927734375,-0.720947265625,0.20458984375,1.9096774193548387,57.86901270772239,2.0161290322580645,61.09481915933529
33.36400197498733,27.927103792778944,0.48480224609375,0.450927734375,-0.720947265625,0.20458984375,1.9193548387096775,58.162267839687196,1.993548387096774,60.410557184750736
33.38407375299721,27.449955235427034,0.48956298828125,0.44970703125,-0.71856689453125,0.20440673828125,1.9129032258064516,57.96676441837732,1.9806451612903224,60.01955034213099
33.404122745996574,27.449955235427034,0.48956298828125,0.44970703125,-0.71856689453125,0.20440673828125,1.9387096774193548,58.748778103616814,1.9580645161290322,59.33528836754643
33.424179099994944,27.001139911408544,0.4951171875,0.44854736328125,-0.7158203125,0.20306396484375,1.9064516129032258,57.77126099706745,1.9451612903225806,58.94428152492669
33.4442897909903,27.001139911408544,0.4951171875,0.44854736328125,-0.7158203125,0.20306396484375,1.903225806451613,57.67350928641252,1.964516129032258,59.530791788856305
33.46434771298664,27.001139911408544,0.4951171875,0.44854736328125,-0.7158203125,0.20306396484375,1.9387096774193548,58.748778103616814,1.9451612903225806,58.94428152492669
33.484404832997825,26.624087793188203,0.4996337890625,0.44732666015625,-0.7137451171875,0.2020263671875,1.8677419354838707,56.59824046920821,1.9741935483870967,59.82404692082112
33.50446662600734,26.624087793188203,0.4996337890625,0.44732666015625,-0.7137451171875,0.2020263671875,1.9774193548387096,59.92179863147605,1.9419354838709677,58.846529814271754
33.52453443498234,26.254952538787663,0.5037841796875,0.4454345703125,-0.7122802734375,0.20111083984375,1.9516129032258065,59.13978494623656,1.9258064516129032,58.35777126099707
33.54467418300919,26.254952538787663,0.5037841796875,0.4454345703125,-0.7122802734375,0.20111083984375,1.961290322580645,59.43304007820137,1.9419354838709677,58.846529814271754
33.56469693398685,26.254952538787663,0.5037841796875,0.4454345703125,-0.7122802734375,0.20111083984375,1.9709677419354839,59.72629521016618,1.9709677419354839,59.72629521016618
33.584813288995065,26.04007909543499,0.50665283203125,0.44342041015625,-0.71185302734375,0.19976806640625,1.9580645161290322,59.33528836754643,1.9451612903225806,58.94428152492669
33.60488266599714,26.04007909543499,0.50665283203125,0.44342041015625,-0.71185302734375,0.19976806640625,1.9580645161290322,59.33528836754643,1.9580645161290322,59.33528836754643
33.62496289200499,25.693570788400677,0.50982666015625,0.44061279296875,-0.71142578125,0.19940185546875,1.9451612903225806,58.94428152492669,2.0,60.60606060606061
33.64506603000336,25.693570788400677,0.50982666015625,0.44061279296875,-0.71142578125,0.19940185546875,1.961290322580645,59.43304007820137,1.964516129032258,59.530791788856305
33.66513179100002,25.693570788400677,0.50982666015625,0.44061279296875,-0.71142578125,0.19940185546875,1.9741935483870967,59.82404692082112,2.0,60.60606060606061
33.68523864200688,25.39502803057988,0.51287841796875,0.43914794921875,-0.71026611328125,0.19903564453125,1.996774193548387,60.50830889540567,1.996774193548387,60.50830889540567
33.705287730001146,25.39502803057988,0.51287841796875,0.43914794921875,-0.71026611328125,0.19903564453125,2.02258064516129,61.29032258064516,1.961290322580645,59.43304007820137
33.725344275007956,25.13897097469828,0.51556396484375,0.43896484375,-0.70843505859375,0.1990966796875,1.9483870967741934,59.04203323558163,2.019354838709677,61.19257086999021
33.74545086899889,25.13897097469828,0.51556396484375,0.43896484375,-0.70843505859375,0.1990966796875,1.9774193548387096,59.92179863147605,2.029032258064516,61.48582600195503
33.76551362199825,25.13897097469828,0.51556396484375,0.43896484375,-0.70843505859375,0.1990966796875,1.961290322580645,59.43304007820137,1.9870967741935484,60.215053763440864
33.785554711008444,24.928872065864724,0.51739501953125,0.43914794921875,-0.706787109375,0.19976806640625,1.964516129032258,59.530791788856305,1.9580645161290322,59.33528836754643
33.80572738699266,24.928872065864724,0.51739501953125,0.43914794921875,-0.706787109375,0.19976806640625,1.9741935483870967,59.82404692082112,2.0064516129032257,60.80156402737048
33.8257549389964,24.7248255541015,0.51885986328125,0.4388427734375,-0.70562744140625,0.20062255859375,1.932258064516129,58.55327468230694,2.009677419354839,60.899315738025415
33.845862621004926,24.7248255541015,0.51885986328125,0.4388427734375,-0.70562744140625,0.20062255859375,1.9838709677419355,60.117302052785924,1.967741935483871,59.628543499511245
33.86593119899044,24.7248255541015,0.51885986328125,0.4388427734375,-0.70562744140625,0.20062255859375,1.993548387096774,60.410557184750736,1.9193548387096775,58.162267839687196
33.886009631998604,24.492266328108343,0.5201416015625,0.4375,-0.70526123046875,0.2015380859375,1.9580645161290322,59.33528836754643,1.8709677419354838,56.695992179863154
33.90605046399287,24.492266328108343,0.5201416015625,0.4375,-0.70526123046875,0.2015380859375,1.9580645161290322,59.33528836754643,1.8548387096774193,56.20723362658847
33.92610672098817,24.171577111785254,0.523193359375,0.43310546875,-0.7060546875,0.2003173828125,1.9741935483870967,59.82404692082112,1.9225806451612903,58.260019550342136
33.94616032199701,24.171577111785254,0.523193359375,0.43310546875,-0.7060546875,0.2003173828125,1.9870967741935484,60.215053763440864,1.9064516129032258,57.77126099706745
33.966234210995026,24.171577111785254,0.523193359375,0.43310546875,-0.7060546875,0.2003173828125,2.029032258064516,61.48582600195503,1.9096774193548387,57.86901270772239
33.98632733299746,23.845679492418725,0.52825927734375,0.42840576171875,-0.7061767578125,0.19671630859375,2.0032258064516126,60.703812316715535,1.929032258064516,58.45552297165201
34.00638234199141,23.845679492418725,0.52825927734375,0.42840576171875,-0.7061767578125,0.19671630859375,1.996774193548387,60.50830889540567,1.9451612903225806,58.94428152492669
34.02647165599046,23.442277434716175,0.53399658203125,0.4268798828125,-0.70330810546875,0.19482421875,1.9870967741935484,60.215053763440864,1.932258064516129,58.55327468230694
34.04651565599488,23.442277434716175,0.53399658203125,0.4268798828125,-0.70330810546875,0.19482421875,1.9806451612903224,60.01955034213099,1.9516129032258065,59.13978494623656
34.066599529993255,23.442277434716175,0.53399658203125,0.4268798828125,-0.70330810546875,0.19482421875,1.961290322580645,59.43304007820137,1.9258064516129032,58.35777126099707
34.08664458600106,23.2635192481751,0.53662109375,0.4293212890625,-0.69964599609375,0.1954345703125,1.9387096774193548,58.748778103616814,1.9129032258064516,57.96676441837732
34.10669975500787,23.2635192481751,0.53662109375,0.4293212890625,-0.69964599609375,0.1954345703125,1.9419354838709677,58.846529814271754,1.9064516129032258,57.77126099706745
34.126768268004525,23.239563886934576,0.53668212890625,0.43109130859375,-0.6982421875,0.19647216796875,1.932258064516129,58.55327468230694,1.9064516129032258,57.77126099706745
34.146829356992384,23.239563886934576,0.53668212890625,0.43109130859375,-0.6982421875,0.19647216796875,1.9709677419354839,59.72629521016618,1.929032258064516,58.45552297165201
34.16691351798363,23.239563886934576,0.53668212890625,0.43109130859375,-0.6982421875,0.19647216796875,1.964516129032258,59.530791788856305,1.8774193548387097,56.89149560117303
34.186975054995855,23.38875711748865,0.53564453125,0.43060302734375,-0.69964599609375,0.1954345703125,1.9387096774193548,58.748778103616814,1.8193548387096772,55.13196480938416
34.207035759987775,23.38875711748865,0.53564453125,0.43060302734375,-0.69964599609375,0.1954345703125,1.9419354838709677,58.846529814271754,1.829032258064516,55.42521994134897
34.227163795003435,23.786727833577658,0.53802490234375,0.43133544921875,-0.69927978515625,0.1884765625,1.9225806451612903,58.260019550342136,1.7903225806451613,54.25219941348974
34.247212243994,23.786727833577658,0.53802490234375,0.43133544921875,-0.69927978515625,0.1884765625,1.9161290322580644,58.06451612903226,1.8032258064516127,54.64320625610948
34.26726574799977,23.786727833577658,0.53802490234375,0.43133544921875,-0.69927978515625,0.1884765625,1.8709677419354838,56.695992179863154,1.7451612903225806,52.883675464320625
34.28737794299377,24.43961775497837,0.54327392578125,0.4365234375,-0.694580078125,0.1783447265625,1.8548387096774193,56.20723362658847,1.7516129032258063,53.0791788856305
34.30741320698871,24.43961775497837,0.54327392578125,0.4365234375,-0.694580078125,0.1783447265625,1.8838709677419354,57.0869990224829,1.7451612903225806,52.883675464320625
34.32745858299313,25.17521555032357,0.549560546875,0.445068359375,-0.6865234375,0.16900634765625,1.8580645161290321,56.304985337243394,1.7516129032258063,53.0791788856305
34.347520887997234,25.17521555032357,0.549560546875,0.445068359375,-0.6865234375,0.16900634765625,1.8032258064516127,54.64320625610948,1.7516129032258063,53.0791788856305
34.36759010600508,25.17521555032357,0.549560546875,0.445068359375,-0.6865234375,0.16900634765625,1.8225806451612903,55.229716520039105,1.7516129032258063,53.0791788856305
34.38767353098956,25.766443175412363,0.5567626953125,0.45263671875,-0.6776123046875,0.16131591796875,1.8064516129032258,54.74095796676443,1.7548387096774192,53.17693059628543
34.40773669999908,25.766443175412363,0.5567626953125,0.45263671875,-0.6776123046875,0.16131591796875,1.7806451612903225,53.95894428152492,1.7193548387096773,52.101661779081134
34.4278051169822,26.494162183923358,0.5650634765625,0.45947265625,-0.66815185546875,0.1522216796875,1.7870967741935482,54.154447702834794,1.6096774193548384,48.77810361681329
34.44791750400327,26.494162183923358,0.5650634765625,0.45947265625,-0.66815185546875,0.1522216796875,1.796774193548387,54.44770283479961,1.5451612903225804,46.82306940371456
34.467986336007016,27.661104695830176,0.57257080078125,0.46722412109375,-0.65899658203125,0.1402587890625,1.8064516129032258,54.74095796676443,1.6161290322580644,48.97360703812317
34.48803734401008,27.661104695830176,0.57257080078125,0.46722412109375,-0.65899658203125,0.1402587890625,1.8064516129032258,54.74095796676443,1.5741935483870966,47.702834799608986
34.50810697599081,27.661104695830176,0.57257080078125,0.46722412109375,-0.65899658203125,0.1402587890625,1.7999999999999998,54.54545454545454,1.5064516129032257,45.650048875855326
34.52815292798914,29.01086553819284,0.57879638671875,0.47320556640625,-0.6519775390625,0.1265869140625,1.796774193548387,54.44770283479961,1.5483870967741935,46.9208211143695
34.548222399986116,29.01086553819284,0.57879638671875,0.47320556640625,-0.6519775390625,0.1265869140625,1.7774193548387096,53.86119257086999,1.5741935483870966,47.702834799608986
34.568299712002045,30.211662868617346,0.584716796875,0.47576904296875,-0.6473388671875,0.11260986328125,1.7774193548387096,53.86119257086999,1.5193548387096774,46.04105571847507
34.588348863995634,30.211662868617346,0.584716796875,0.47576904296875,-0.6473388671875,0.11260986328125,1.8064516129032258,54.74095796676443,1.6483870967741936,49.95112414467254
34.60841407999396,30.211662868617346,0.584716796875,0.47576904296875,-0.6473388671875,0.11260986328125,1.8161290322580643,55.034213098729225,1.696774193548387,51.417399804496576
34.628476576006506,30.84343267359848,0.59063720703125,0.47406005859375,-0.64495849609375,0.10198974609375,1.8064516129032258,54.74095796676443,1.7258064516129032,52.29716520039101
34.64853999999468,30.84343267359848,0.59063720703125,0.47406005859375,-0.64495849609375,0.10198974609375,1.829032258064516,55.42521994134897,1.7677419354838708,53.567937438905176
34.66860732799978,30.576580669561245,0.596435546875,0.4661865234375,-0.64617919921875,0.0966796875,1.8354838709677417,55.62072336265884,1.7258064516129032,52.29716520039101
34.688679935992695,30.576580669561245,0.596435546875,0.4661865234375,-0.64617919921875,0.0966796875,1.8032258064516127,54.64320625610948,1.7677419354838708,53.567937438905176
34.70874604900018,30.576580669561245,0.596435546875,0.4661865234375,-0.64617919921875,0.0966796875,1.8387096774193548,55.71847507331379,1.8161290322580643,55.034213098729225
34.728810689004604,29.701210814972534,0.6019287109375,0.45721435546875,-0.64739990234375,0.09759521484375,1.8709677419354838,56.695992179863154,1.8548387096774193,56.20723362658847
34.74888128100429,29.701210814972534,0.6019287109375,0.45721435546875,-0.64739990234375,0.09759521484375,1.8580645161290321,56.304985337243394,1.8548387096774193,56.20723362658847
34.76903923600912,28.300072884437604,0.60723876953125,0.4464111328125,-0.64910888671875,0.10321044921875,1.8870967741935485,57.18475073313783,1.8548387096774193,56.20723362658847
34.789157125982456,28.300072884437604,0.60723876953125,0.4464111328125,-0.64910888671875,0.10321044921875,1.9129032258064516,57.96676441837732,1.9516129032258065,59.13978494623656
34.8092733839876,28.300072884437604,0.60723876953125,0.4464111328125,-0.64910888671875,0.10321044921875,1.935483870967742,58.65102639296188,1.896774193548387,57.478005865102645
34.829380009003216,26.765382221785842,0.61138916015625,0.43621826171875,-0.6507568359375,0.111328125,1.9483870967741934,59.04203323558163,1.903225806451613,57.67350928641252
34.84940138400998,26.765382221785842,0.61138916015625,0.43621826171875,-0.6507568359375,0.111328125,1.967741935483871,59.628543499511245,1.9225806451612903,58.260019550342136
34.86947447198327,25.434400715746335,0.61419677734375,0.42840576171875,-0.65185546875,0.11944580078125,1.9838709677419355,60.117302052785924,1.9419354838709677,58.846529814271754
34.889533128007315,25.434400715746335,0.61419677734375,0.42840576171875,-0.65185546875,0.11944580078125,2.0,60.60606060606061,1.9580645161290322,59.33528836754643
34.90965962599148,25.434400715746335,0.61419677734375,0.42840576171875,-0.65185546875,0.11944580078125,2.0,60.60606060606061,1.935483870967742,58.65102639296188
34.929683592985384,24.295306661261662,0.61407470703125,0.422119140625,-0.65460205078125,0.1273193359375,1.9580645161290322,59.33528836754643,1.9838709677419355,60.117302052785924
34.94972186398809,24.295306661261662,0.61407470703125,0.422119140625,-0.65460205078125,0.1273193359375,1.9903225806451612,60.312805474095796,1.9806451612903224,60.01955034213099
34.96978237599251,23.46855009505863,0.6123046875,0.41741943359375,-0.6580810546875,0.1334228515625,2.009677419354839,60.899315738025415,1.9838709677419355,60.117302052785924
34.989844744006405,23.46855009505863,0.6123046875,0.41741943359375,-0.6580810546875,0.1334228515625,1.9580645161290322,59.33528836754643,2.0161290322580645,61.09481915933529
35.009931337001035,23.46855009505863,0.6123046875,0.41741943359375,-0.6580810546875,0.1334228515625,2.0,60.60606060606061,2.0064516129032257,60.80156402737048
35.029978215985466,22.910757656554395,0.6116943359375,0.41339111328125,-0.6605224609375,0.13671875,1.9774193548387096,59.92179863147605,2.0129032258064514,60.997067448680355
35.050065928982804,22.910757656554395,0.6116943359375,0.41339111328125,-0.6605224609375,0.13671875,2.019354838709677,61.19257086999021,1.9451612903225806,58.94428152492669
35.070167147001484,22.20235814255126,0.61322021484375,0.40814208984375,-0.66156005859375,0.1402587890625,1.9709677419354839,59.72629521016618,1.896774193548387,57.478005865102645
35.09025453898357,22.20235814255126,0.61322021484375,0.40814208984375,-0.66156005859375,0.1402587890625,1.9903225806451612,60.312805474095796,1.8903225806451613,57.28250244379277
35.110312906996114,22.20235814255126,0.61322021484375,0.40814208984375,-0.66156005859375,0.1402587890625,1.9838709677419355,60.117302052785924,1.9096774193548387,57.86901270772239
35.13036356298835,21.282367362528717,0.6160888671875,0.401611328125,-0.66204833984375,0.14447021484375,1.9741935483870967,59.82404692082112,1.932258064516129,58.55327468230694
35.15041684199241,21.282367362528717,0.6160888671875,0.401611328125,-0.66204833984375,0.14447021484375,1.9774193548387096,59.92179863147605,1.8161290322580643,55.034213098729225
35.17047652200563,20.420376319839818,0.6153564453125,0.39617919921875,-0.66461181640625,0.15045166015625,1.996774193548387,60.50830889540567,1.7838709677419353,54.05669599217986
35.19054311499349,20.420376319839818,0.6153564453125,0.39617919921875,-0.66461181640625,0.15045166015625,1.9709677419354839,59.72629521016618,1.7903225806451613,54.25219941348974
35.21060625099926,20.420376319839818,0.6153564453125,0.39617919921875,-0.66461181640625,0.15045166015625,1.9903225806451612,60.312805474095796,1.8451612903225805,55.91397849462365
35.23071924399119,19.548087974146995,0.611572265625,0.3916015625,-0.6689453125,0.15850830078125,1.961290322580645,59.43304007820137,1.829032258064516,55.42521994134897
35.250803564995294,19.548087974146995,0.611572265625,0.3916015625,-0.6689453125,0.15850830078125,1.996774193548387,60.50830889540567,1.8548387096774193,56.20723362658847
35.27083162800409,19.072942599923863,0.6082763671875,0.39013671875,-0.67144775390625,0.16436767578125,2.009677419354839,60.899315738025415,1.8741935483870966,56.79374389051808
35.290892875986174,19.072942599923863,0.6082763671875,0.39013671875,-0.67144775390625,0.16436767578125,2.0,60.60606060606061,1.8580645161290321,56.304985337243394
35.31097546798992,19.072942599923863,0.6082763671875,0.39013671875,-0.67144775390625,0.16436767578125,1.996774193548387,60.50830889540567,1.861290322580645,56.402737047898334
35.33103770800517,18.959979429635254,0.6060791015625,0.38995361328125,-0.6728515625,0.1668701171875,1.961290322580645,59.43304007820137,1.8903225806451613,57.28250244379277
35.35114321400761,18.959979429635254,0.6060791015625,0.38995361328125,-0.6728515625,0.1668701171875,1.993548387096774,60.410557184750736,1.9064516129032258,57.77126099706745
35.37119559801067,18.98609369410697,0.604736328125,0.38922119140625,-0.67462158203125,0.16656494140625,2.0161290322580645,61.09481915933529,1.8483870967741933,56.01173020527859
35.391253837005934,18.98609369410697,0.604736328125,0.38922119140625,-0.67462158203125,0.16656494140625,1.996774193548387,60.50830889540567,1.8645161290322578,56.50048875855327
35.41132388598635,18.98609369410697,0.604736328125,0.38922119140625,-0.67462158203125,0.16656494140625,1.9903225806451612,60.312805474095796,1.935483870967742,58.65102639296188
35.431426255003316,18.96921509210941,0.60198974609375,0.38775634765625,-0.67767333984375,0.1673583984375,2.0,60.60606060606061,1.9516129032258065,59.13978494623656
35.45146788598504,18.96921509210941,0.60198974609375,0.38775634765625,-0.67767333984375,0.1673583984375,1.996774193548387,60.50830889540567,1.929032258064516,58.45552297165201
35.47153374098707,18.87293214574268,0.598388671875,0.3878173828125,-0.6800537109375,0.170654296875,2.0354838709677416,61.6813294232649,1.9064516129032258,57.77126099706745
35.49159399600467,18.87293214574268,0.598388671875,0.3878173828125,-0.6800537109375,0.170654296875,1.996774193548387,60.50830889540567,1.9806451612903224,60.01955034213099
35.51174097400508,18.87293214574268,0.598388671875,0.3878173828125,-0.6800537109375,0.170654296875,1.964516129032258,59.530791788856305,1.9838709677419355,60.117302052785924
35.5317823170044,19.00890107716434,0.59417724609375,0.39154052734375,-0.6805419921875,0.17462158203125,1.9741935483870967,59.82404692082112,1.996774193548387,60.50830889540567
35.55183453898644,19.00890107716434,0.59417724609375,0.39154052734375,-0.6805419921875,0.17462158203125,1.961290322580645,59.43304007820137,1.9129032258064516,57.96676441837732
35.57191172300372,19.44394917975751,0.58935546875,0.39874267578125,-0.67974853515625,0.177734375,1.9258064516129032,58.35777126099707,1.896774193548387,57.478005865102645
35.591986473998986,19.44394917975751,0.58935546875,0.39874267578125,-0.67974853515625,0.177734375,1.8806451612903226,56.98924731182796,1.8419354838709676,55.816226783968716
35.61209018700174,19.44394917975751,0.58935546875,0.39874267578125,-0.67974853515625,0.177734375,1.8032258064516127,54.64320625610948,1.6096774193548384,48.77810361681329
35.63220039498992,20.425392093333485,0.581787109375,0.41119384765625,-0.6783447265625,0.17974853515625,1.8193548387096772,55.13196480938416,1.5161290322580645,45.94330400782014
35.65221812098753,20.425392093333485,0.581787109375,0.41119384765625,-0.6783447265625,0.17974853515625,1.6709677419354838,50.635386119257085,1.4,42.42424242424242
35.67229437700007,22.38447528797286,0.56707763671875,0.4307861328125,-0.6785888671875,0.179931640625,1.6838709677419355,51.02639296187683,1.3451612903225805,40.7624633431085
35.6923490309855,22.38447528797286,0.56707763671875,0.4307861328125,-0.6785888671875,0.179931640625,1.6709677419354838,50.635386119257085,1.167741935483871,35.386119257087
35.71242365500075,22.38447528797286,0.56707763671875,0.4307861328125,-0.6785888671875,0.179931640625,1.6419354838709677,49.75562072336266,1.0451612903225806,31.671554252199414
35.73254420000012,25.22505260386197,0.5467529296875,0.454345703125,-0.680908203125,0.1761474609375,1.6096774193548384,48.77810361681329,0.764516129032258,23.16715542521994
35.75260291900486,25.22505260386197,0.5467529296875,0.454345703125,-0.680908203125,0.1761474609375,1.5806451612903225,47.898338220918866,0.7774193548387096,23.558162267839684
35.772655268985545,28.7602964025687,0.5206298828125,0.4769287109375,-0.6878662109375,0.16815185546875,1.5806451612903225,47.898338220918866,0.7258064516129032,21.994134897360706
35.79271677299403,28.7602964025687,0.5206298828125,0.4769287109375,-0.6878662109375,0.16815185546875,1.558064516129032,47.21407624633431,0.36451612903225805,11.04594330400782
35.812839974008966,28.7602964025687,0.5206298828125,0.4769287109375,-0.6878662109375,0.16815185546875,1.558064516129032,47.21407624633431,0.36129032258064514,10.948191593352883
35.832933061989024,32.93129638787882,0.49139404296875,0.496337890625,-0.698974609375,0.15350341796875,1.5354838709677419,46.52981427174975,0.4548387096774193,13.78299120234604
35.85302272599074,32.93129638787882,0.49139404296875,0.496337890625,-0.698974609375,0.15350341796875,1.558064516129032,47.21407624633431,0.6290322580645161,19.06158357771261
35.87308912500157,37.78406657719841,0.45819091796875,0.51312255859375,-0.7135009765625,0.13299560546875,1.5516129032258064,47.018572825024435,0.5870967741935484,17.790811339198438
35.89318576498772,37.78406657719841,0.45819091796875,0.51312255859375,-0.7135009765625,0.13299560546875,1.558064516129032,47.21407624633431,0.4774193548387097,14.467253176930598
35.91322656298871,37.78406657719841,0.45819091796875,0.51312255859375,-0.7135009765625,0.13299560546875,1.5806451612903225,47.898338220918866,0.3870967741935484,11.730205278592376
35.93327491398668,43.16577750680906,0.42059326171875,0.53033447265625,-0.727783203125,0.1104736328125,1.596774193548387,48.38709677419355,0.2870967741935484,8.699902248289346
35.95334249699954,43.16577750680906,0.42059326171875,0.53033447265625,-0.727783203125,0.1104736328125,1.5709677419354837,47.60508308895405,0.3709677419354839,11.241446725317694
35.973457762011094,48.92701659067337,0.3768310546875,0.55413818359375,-0.73651123046875,0.09197998046875,1.564516129032258,47.40957966764419,0.34516129032258064,10.459433040078201
35.99349952000193,48.92701659067337,0.3768310546875,0.55413818359375,-0.73651123046875,0.09197998046875,1.558064516129032,47.21407624633431,0.46774193548387094,14.173998044965789
36.0136556509824,48.92701659067337,0.3768310546875,0.55413818359375,-0.73651123046875,0.09197998046875,1.5451612903225804,46.82306940371456,0.5387096774193548,16.32453567937439
36.03374374698615,53.96833244970447,0.33160400390625,0.56707763671875,-0.74969482421875,0.08026123046875,1.5193548387096774,46.04105571847507,0.5903225806451613,17.888563049853374
36.05378598498646,53.96833244970447,0.33160400390625,0.56707763671875,-0.74969482421875,0.08026123046875,1.532258064516129,46.432062561094824,0.5387096774193548,16.32453567937439
36.073899905983126,60.46475892674262,0.28009033203125,0.582275390625,-0.7611083984375,0.05718994140625,1.529032258064516,46.33431085043988,0.532258064516129,16.129032258064516
36.09391910300474,60.46475892674262,0.28009033203125,0.582275390625,-0.7611083984375,0.05718994140625,1.5096774193548386,45.74780058651026,0.5129032258064515,15.542521994134894
36.11399302299833,60.46475892674262,0.28009033203125,0.582275390625,-0.7611083984375,0.05718994140625,1.5096774193548386,45.74780058651026,0.5193548387096774,15.73802541544477
36.134071549982764,67.0457068619393,0.23138427734375,0.590576171875,-0.77264404296875,0.0274658203125,1.5032258064516129,45.552297165200386,0.4967741935483871,15.053763440860216
36.15417110300041,67.0457068619393,0.23138427734375,0.590576171875,-0.77264404296875,0.0274658203125,1.5,45.45454545454546,0.5161290322580645,15.640273704789834
36.17420521299937,73.35857899355328,-0.1881103515625,-0.5982666015625,0.77886962890625,0.00555419921875,1.5032258064516129,45.552297165200386,0.5129032258064515,15.542521994134894
36.194336254004156,73.35857899355328,-0.1881103515625,-0.5982666015625,0.77886962890625,0.00555419921875,1.493548387096774,45.25904203323558,0.4483870967741935,13.587487781036167
36.2144100459991,73.35857899355328,-0.1881103515625,-0.5982666015625,0.77886962890625,0.00555419921875,1.532258064516129,46.432062561094824,0.4548387096774193,13.78299120234604
36.23447602899978,79.0334531017111,-0.14727783203125,-0.60784912109375,0.77960205078125,0.03240966796875,1.5354838709677419,46.52981427174975,0.4612903225806451,13.978494623655912
36.254551611986244,79.0334531017111,-0.14727783203125,-0.60784912109375,0.77960205078125,0.03240966796875,1.5483870967741935,46.9208211143695,0.4967741935483871,15.053763440860216
36.2746240599954,84.49853935768449,-0.107666015625,-0.61773681640625,0.77685546875,0.05780029296875,1.558064516129032,47.21407624633431,0.5,15.151515151515152
36.29469906698796,84.49853935768449,-0.107666015625,-0.61773681640625,0.77685546875,0.05780029296875,1.5806451612903225,47.898338220918866,0.4612903225806451,13.978494623655912
36.314784763002535,84.49853935768449,-0.107666015625,-0.61773681640625,0.77685546875,0.05780029296875,1.5709677419354837,47.60508308895405,0.36451612903225805,11.04594330400782
36.33488562700222,90.15452638711407,-0.06732177734375,-0.6268310546875,0.7716064453125,0.08502197265625,1.593548387096774,48.289345063538605,0.4290322580645161,13.000977517106548
36.35495375498431,90.15452638711407,-0.06732177734375,-0.6268310546875,0.7716064453125,0.08502197265625,1.6516129032258065,50.048875855327466,0.37419354838709673,11.339198435972628
36.3750219779904,95.286811700988,-0.03021240234375,-0.63134765625,0.76708984375,0.10968017578125,1.6935483870967742,51.31964809384164,0.36451612903225805,11.04594330400782
36.39509192900732,95.286811700988,-0.03021240234375,-0.63134765625,0.76708984375,0.10968017578125,1.7161290322580645,52.003910068426194,0.6548387096774193,19.843597262952102
36.41519324100227,95.286811700988,-0.03021240234375,-0.63134765625,0.76708984375,0.10968017578125,1.7548387096774192,53.17693059628543,0.7225806451612903,21.896383186705766
36.43523925601039,100.07414095451458,0.002685546875,-0.6373291015625,0.75885009765625,0.134033203125,1.7741935483870968,53.76344086021506,0.7741935483870968,23.46041055718475
36.455311734986026,100.07414095451458,0.002685546875,-0.6373291015625,0.75885009765625,0.134033203125,1.8516129032258062,56.10948191593352,0.7580645161290323,22.97165200391007
36.47538878998603,104.09157247883653,0.030029296875,-0.64129638671875,0.7509765625,0.1546630859375,1.829032258064516,55.42521994134897,0.8032258064516128,24.340175953079175
36.495462227991084,104.09157247883653,0.030029296875,-0.64129638671875,0.7509765625,0.1546630859375,1.8032258064516127,54.64320625610948,0.9903225806451612,30.009775171065495
36.515564116009045,104.09157247883653,0.030029296875,-0.64129638671875,0.7509765625,0.1546630859375,1.8258064516129031,55.32746823069403,0.9322580645161289,28.250244379276634
36.535630033991765,107.77523968632403,0.05560302734375,-0.6412353515625,0.7454833984375,0.17340087890625,1.7774193548387096,53.86119257086999,0.9870967741935484,29.91202346041056
36.55570916898432,107.77523968632403,0.05560302734375,-0.6412353515625,0.7454833984375,0.17340087890625,1.8677419354838707,56.59824046920821,0.9709677419354839,29.423264907135877
36.575799791986356,111.42518331729069,0.0809326171875,-0.6397705078125,0.73980712890625,0.19189453125,1.8870967741935485,57.18475073313783,1.1161290322580644,33.822091886608014
36.59584046099917,111.42518331729069,0.0809326171875,-0.6397705078125,0.73980712890625,0.19189453125,1.929032258064516,58.45552297165201,1.096774193548387,33.235581622678396
36.615918764000526,111.42518331729069,0.0809326171875,-0.6397705078125,0.73980712890625,0.19189453125,1.9193548387096775,58.162267839687196,1.0774193548387097,32.64907135874878
36.63599687398528,114.61765486542211,0.10296630859375,-0.63775634765625,0.73443603515625,0.2080078125,1.9129032258064516,57.96676441837732,1.1129032258064515,33.724340175953074
36.65606919300626,114.61765486542211,0.10296630859375,-0.63775634765625,0.73443603515625,0.2080078125,1.8903225806451613,57.28250244379277,1.2161290322580645,36.852394916911045
36.67614967099507,117.11407977149278,0.11871337890625,-0.6380615234375,0.727783203125,0.22174072265625,1.8741935483870966,56.79374389051808,1.2419354838709677,37.634408602150536
36.696222022001166,117.11407977149278,0.11871337890625,-0.6380615234375,0.727783203125,0.22174072265625,1.9064516129032258,57.77126099706745,1.3354838709677417,40.46920821114369
36.71629645201028,117.11407977149278,0.11871337890625,-0.6380615234375,0.727783203125,0.22174072265625,1.9193548387096775,58.162267839687196,1.3451612903225805,40.7624633431085
36.736350433988264,118.78661046621417,0.12890625,-0.639404296875,0.721923828125,0.23101806640625,1.9,57.57575757575758,1.396774193548387,42.32649071358749
36.756449378008256,118.78661046621417,0.12890625,-0.639404296875,0.721923828125,0.23101806640625,1.9516129032258065,59.13978494623656,1.3903225806451613,42.13098729227762
36.7764945270028,120.00850728925434,0.13568115234375,-0.63995361328125,0.71771240234375,0.23858642578125,1.935483870967742,58.65102639296188,1.3645161290322578,41.34897360703812
36.796622110996395,120.00850728925434,0.13568115234375,-0.63995361328125,0.71771240234375,0.23858642578125,1.9193548387096775,58.162267839687196,1.3870967741935485,42.033235581622684
36.81670870198286,120.00850728925434,0.13568115234375,-0.63995361328125,0.71771240234375,0.23858642578125,1.903225806451613,57.67350928641252,1.4161290322580644,42.91300097751711
36.836781021003844,120.67785597320038,0.1402587890625,-0.6390380859375,0.71649169921875,0.241943359375,1.932258064516129,58.55327468230694,1.4096774193548387,42.717497556207235
36.85682089001057,120.67785597320038,0.1402587890625,-0.6390380859375,0.71649169921875,0.241943359375,1.9129032258064516,57.96676441837732,1.4387096774193548,43.59726295210166
36.87689381701057,120.89254621326674,0.1419677734375,-0.63800048828125,0.71685791015625,0.24285888671875,1.9129032258064516,57.96676441837732,1.4516129032258065,43.98826979472141
36.89700047200313,120.89254621326674,0.1419677734375,-0.63800048828125,0.71685791015625,0.24285888671875,1.9193548387096775,58.162267839687196,1.4516129032258065,43.98826979472141
36.917035093007144,120.89254621326674,0.1419677734375,-0.63800048828125,0.71685791015625,0.24285888671875,1.9451612903225806,58.94428152492669,1.461290322580645,44.28152492668622
36.93712808500277,120.78937018140988,0.141357421875,-0.63720703125,0.7177734375,0.242431640625,1.9580645161290322,59.33528836754643,1.432258064516129,43.401759530791786
36.95719579499564,120.78937018140988,0.141357421875,-0.63720703125,0.7177734375,0.242431640625,1.9548387096774194,59.2375366568915,1.4419354838709677,43.6950146627566
36.97727406598278,120.55387241271987,0.1396484375,-0.6370849609375,0.71856689453125,0.241455078125,1.9548387096774194,59.2375366568915,1.3903225806451613,42.13098729227762
36.997348528006114,120.55387241271987,0.1396484375,-0.6370849609375,0.71856689453125,0.241455078125,1.9387096774193548,58.748778103616814,1.3193548387096772,39.980449657869
37.01744711899664,120.55387241271987,0.1396484375,-0.6370849609375,0.71856689453125,0.241455078125,1.9064516129032258,57.77126099706745,1.3161290322580643,39.882697947214076
37.037522222002735,120.12365675425141,0.136962890625,-0.6361083984375,0.72064208984375,0.23931884765625,1.8645161290322578,56.50048875855327,1.2129032258064516,36.75464320625611
37.05762343699462,120.12365675425141,0.136962890625,-0.6361083984375,0.72064208984375,0.23931884765625,1.8322580645161288,55.5229716520039,1.12258064516129,34.01759530791788
37.07768177098478,119.41920138232044,0.13336181640625,-0.63446044921875,0.7242431640625,0.23486328125,1.8645161290322578,56.50048875855327,1.0612903225806452,32.16031280547409
37.09776503400644,119.41920138232044,0.13336181640625,-0.63446044921875,0.7242431640625,0.23486328125,1.8580645161290321,56.304985337243394,0.9225806451612902,27.956989247311824
37.117835688986816,119.41920138232044,0.13336181640625,-0.63446044921875,0.7242431640625,0.23486328125,1.8258064516129031,55.32746823069403,0.9129032258064516,27.663734115347015
37.137883910007076,118.40398785753997,0.1278076171875,-0.6324462890625,0.72894287109375,0.228759765625,1.8193548387096772,55.13196480938416,0.7548387096774193,22.87390029325513
37.15796080499422,118.40398785753997,0.1278076171875,-0.6324462890625,0.72894287109375,0.228759765625,1.7999999999999998,54.54545454545454,0.7,21.21212121212121
37.17803609900875,116.83213534362423,0.11920166015625,-0.6295166015625,0.73583984375,0.21917724609375,1.7838709677419353,54.05669599217986,0.6612903225806451,20.039100684261975
37.19813779499964,116.83213534362423,0.11920166015625,-0.6295166015625,0.73583984375,0.21917724609375,1.7903225806451613,54.25219941348974,0.5451612903225805,16.520039100684258
37.21818569599418,116.83213534362423,0.11920166015625,-0.6295166015625,0.73583984375,0.21917724609375,1.7774193548387096,53.86119257086999,0.4451612903225806,13.48973607038123
37.23826566300704,114.53656675554657,0.10595703125,-0.625732421875,0.74493408203125,0.2056884765625,1.7516129032258063,53.0791788856305,0.06129032258064516,1.857282502443793
37.2583338849945,114.53656675554657,0.10595703125,-0.625732421875,0.74493408203125,0.2056884765625,1.7741935483870968,53.76344086021506,0.3354838709677419,10.166177908113392
37.27842994898674,111.32336935707063,0.08697509765625,-0.62152099609375,0.75579833984375,0.186767578125,1.7709677419354837,53.665689149560116,0.3354838709677419,10.166177908113392
37.29851010700804,111.32336935707063,0.08697509765625,-0.62152099609375,0.75579833984375,0.186767578125,1.7709677419354837,53.665689149560116,0.0,0.0
37.3186056590057,111.32336935707063,0.08697509765625,-0.62152099609375,0.75579833984375,0.186767578125,1.796774193548387,54.44770283479961,0.0,0.0
37.3386520879867,107.81015975987052,0.06329345703125,-0.62066650390625,0.76312255859375,0.1685791015625,1.764516129032258,53.47018572825024,0.34838709677419355,10.557184750733137
37.35878895298811,107.81015975987052,0.06329345703125,-0.62066650390625,0.76312255859375,0.1685791015625,1.7548387096774192,53.17693059628543,0.2225806451612903,6.744868035190615
37.378880087984726,103.30932019452068,0.0338134765625,-0.622314453125,0.768798828125,0.1431884765625,1.7129032258064516,51.90615835777126,0.0,0.0
37.39889816500363,103.30932019452068,0.0338134765625,-0.622314453125,0.768798828125,0.1431884765625,1.6903225806451612,51.2218963831867,0.0,0.0
37.41901832498843,103.30932019452068,0.0338134765625,-0.622314453125,0.768798828125,0.1431884765625,1.6612903225806452,50.34213098729228,0.0,0.0
37.4391028030077,96.8543358327742,-0.0084228515625,-0.62164306640625,0.7760009765625,0.10650634765625,1.7,51.515151515151516,0.0,0.0
37.45918462600093,96.8543358327742,-0.0084228515625,-0.62164306640625,0.7760009765625,0.10650634765625,1.667741935483871,50.53763440860215,0.0,0.0
37.479271535994485,89.22612628297756,-0.05810546875,-0.6141357421875,0.7845458984375,0.063232421875,1.6258064516129032,49.266862170087975,0.0,0.0
37.4993630219833,89.22612628297756,-0.05810546875,-0.6141357421875,0.7845458984375,0.063232421875,1.62258064516129,49.169110459433035,0.2161290322580645,6.549364613880742
37.519442155986326,89.22612628297756,-0.05810546875,-0.6141357421875,0.7845458984375,0.063232421875,1.561290322580645,47.31182795698924,0.0,0.0
37.539536394004244,81.32863510443786,-0.10772705078125,-0.599609375,0.7928466796875,0.0167236328125,1.5451612903225804,46.82306940371456,0.332258064516129,10.068426197458455
37.55963104800321,81.32863510443786,-0.10772705078125,-0.599609375,0.7928466796875,0.0167236328125,1.5999999999999999,48.484848484848484,0.3387096774193548,10.263929618768328
37.57970125399879,73.66897080466595,0.1568603515625,0.5826416015625,-0.7969970703125,0.0267333984375,1.62258064516129,49.169110459433035,0.3548387096774194,10.752688172043012
37.59980528400047,73.66897080466595,0.1568603515625,0.5826416015625,-0.7969970703125,0.0267333984375,1.6193548387096772,49.071358748778096,0.36774193548387096,11.143695014662756
37.61985187299433,73.66897080466595,0.1568603515625,0.5826416015625,-0.7969970703125,0.0267333984375,1.6387096774193548,49.65786901270772,0.6677419354838708,20.234604105571844
37.63995763199637,66.73738946343438,0.20458984375,0.566162109375,-0.796142578125,0.06109619140625,1.7064516129032257,51.71065493646139,0.8548387096774194,25.90420332355816
37.66023632400902,66.73738946343438,0.20458984375,0.566162109375,-0.796142578125,0.06109619140625,1.732258064516129,52.49266862170088,1.0290322580645161,31.182795698924732
37.680319009989034,61.13595926913442,0.24658203125,0.55511474609375,-0.7899169921875,0.08392333984375,1.7129032258064516,51.90615835777126,1.0064516129032257,30.498533724340177
37.70036233399878,61.13595926913442,0.24658203125,0.55511474609375,-0.7899169921875,0.08392333984375,1.7419354838709677,52.785923753665685,0.9322580645161289,28.250244379276634
37.72042268299265,61.13595926913442,0.24658203125,0.55511474609375,-0.7899169921875,0.08392333984375,1.8032258064516127,54.64320625610948,1.0354838709677419,31.378299120234605
37.74049964098958,56.29000163180492,0.2816162109375,0.54351806640625,-0.7838134765625,0.10443115234375,1.796774193548387,54.44770283479961,1.0290322580645161,31.182795698924732
37.76057711101021,56.29000163180492,0.2816162109375,0.54351806640625,-0.7838134765625,0.10443115234375,1.7838709677419353,54.05669599217986,1.2419354838709677,37.634408602150536
37.78061822699965,51.584080590655546,0.3145751953125,0.53094482421875,-0.77685546875,0.1248779296875,1.7870967741935482,54.154447702834794,1.3741935483870966,41.64222873900293
37.80075240301085,51.584080590655546,0.3145751953125,0.53094482421875,-0.77685546875,0.1248779296875,1.8354838709677417,55.62072336265884,1.3677419354838707,41.44672531769305
37.82080132799456,51.584080590655546,0.3145751953125,0.53094482421875,-0.77685546875,0.1248779296875,1.8806451612903226,56.98924731182796,1.4838709677419355,44.965786901270775
37.840943343006074,47.11373755446139,0.34979248046875,0.51922607421875,-0.76739501953125,0.13836669921875,1.8709677419354838,56.695992179863154,1.5064516129032257,45.650048875855326
37.86106913498952,47.11373755446139,0.34979248046875,0.51922607421875,-0.76739501953125,0.13836669921875,1.8935483870967742,57.380254154447705,1.5354838709677419,46.52981427174975
37.88113761198474,40.46969208129572,0.4017333984375,0.5029296875,-0.748779296875,0.158203125,1.9064516129032258,57.77126099706745,1.6193548387096772,49.071358748778096
37.90123421800672,40.46969208129572,0.4017333984375,0.5029296875,-0.748779296875,0.158203125,1.903225806451613,57.67350928641252,1.5741935483870966,47.702834799608986
37.921277863002615,40.46969208129572,0.4017333984375,0.5029296875,-0.748779296875,0.158203125,1.9161290322580644,58.06451612903226,1.6516129032258065,50.048875855327466
37.94136922099278,36.57998967147668,0.434814453125,0.49530029296875,-0.7333984375,0.16680908203125,1.9580645161290322,59.33528836754643,1.764516129032258,53.47018572825024
37.96144838701002,36.57998967147668,0.434814453125,0.49530029296875,-0.7333984375,0.16680908203125,1.9096774193548387,57.86901270772239,1.8354838709677417,55.62072336265884
37.981551361008314,33.04974979125763,0.46429443359375,0.48663330078125,-0.718994140625,0.17523193359375,1.9096774193548387,57.86901270772239,1.8548387096774193,56.20723362658847
38.00163814300322,33.04974979125763,0.46429443359375,0.48663330078125,-0.718994140625,0.17523193359375,1.8774193548387097,56.89149560117303,1.8645161290322578,56.50048875855327
38.02169423599844,33.04974979125763,0.46429443359375,0.48663330078125,-0.718994140625,0.17523193359375,1.9387096774193548,58.748778103616814,1.9129032258064516,57.96676441837732
38.04175055300584,29.295785137646646,0.49810791015625,0.4742431640625,-0.7030029296875,0.18109130859375,1.9387096774193548,58.748778103616814,1.8870967741935485,57.18475073313783
38.0618607919896,29.295785137646646,0.49810791015625,0.4742431640625,-0.7030029296875,0.18109130859375,1.9129032258064516,57.96676441837732,1.9064516129032258,57.77126099706745
38.08191739700851,26.53356284175286,0.52520751953125,0.45867919921875,-0.69342041015625,0.1812744140625,1.9580645161290322,59.33528836754643,1.9064516129032258,57.77126099706745
38.10200763499597,26.53356284175286,0.52520751953125,0.45867919921875,-0.69342041015625,0.1812744140625,1.9741935483870967,59.82404692082112,1.9580645161290322,59.33528836754643
38.122138803009875,26.53356284175286,0.52520751953125,0.45867919921875,-0.69342041015625,0.1812744140625,1.9838709677419355,60.117302052785924,1.9258064516129032,58.35777126099707
38.14218737598276,24.461743355600063,0.5478515625,0.44073486328125,-0.68878173828125,0.17645263671875,2.009677419354839,60.899315738025415,1.9483870967741934,59.04203323558163
38.16224039599183,24.461743355600063,0.5478515625,0.44073486328125,-0.68878173828125,0.17645263671875,2.0,60.60606060606061,1.9709677419354839,59.72629521016618
38.18231648998335,22.68512632783502,0.5672607421875,0.4237060546875,-0.68499755859375,0.17169189453125,2.0032258064516126,60.703812316715535,1.9387096774193548,58.748778103616814
38.202395783999236,22.68512632783502,0.5672607421875,0.4237060546875,-0.68499755859375,0.17169189453125,2.0129032258064514,60.997067448680355,1.929032258064516,58.45552297165201
38.222470884997165,22.68512632783502,0.5672607421875,0.4237060546875,-0.68499755859375,0.17169189453125,2.009677419354839,60.899315738025415,1.9387096774193548,58.748778103616814
38.24255513900425,21.595810445147976,0.5799560546875,0.4141845703125,-0.6807861328125,0.169189453125,2.0354838709677416,61.6813294232649,1.9580645161290322,59.33528836754643
38.26268099498702,21.595810445147976,0.5799560546875,0.4141845703125,-0.6807861328125,0.169189453125,2.0032258064516126,60.703812316715535,1.9709677419354839,59.72629521016618
38.282707390986616,20.96926082259897,0.58538818359375,0.40948486328125,-0.6788330078125,0.16973876953125,2.019354838709677,61.19257086999021,1.9838709677419355,60.117302052785924
38.30275599498418,20.96926082259897,0.58538818359375,0.40948486328125,-0.6788330078125,0.16973876953125,2.0,60.60606060606061,1.9419354838709677,58.846529814271754
38.32289945098455,20.96926082259897,0.58538818359375,0.40948486328125,-0.6788330078125,0.16973876953125,2.0354838709677416,61.6813294232649,1.9580645161290322,59.33528836754643
38.34296623300179,20.335778248516718,0.5892333984375,0.4056396484375,-0.67730712890625,0.17193603515625,2.02258064516129,61.29032258064516,1.961290322580645,59.43304007820137
38.36305579901091,20.335778248516718,0.5892333984375,0.4056396484375,-0.67730712890625,0.17193603515625,2.019354838709677,61.19257086999021,2.0129032258064514,60.997067448680355
38.38318629399873,19.873308410856538,0.59136962890625,0.40313720703125,-0.67626953125,0.17437744140625,2.019354838709677,61.19257086999021,2.0258064516129033,61.3880742913001
38.40326331599499,19.873308410856538,0.59136962890625,0.40313720703125,-0.67626953125,0.17437744140625,2.0451612903225804,61.97458455522972,1.993548387096774,60.410557184750736
38.423315216990886,19.873308410856538,0.59136962890625,0.40313720703125,-0.67626953125,0.17437744140625,2.02258064516129,61.29032258064516,2.009677419354839,60.899315738025415
38.44340622299933,19.491570992099426,0.59332275390625,0.40057373046875,-0.67578125,0.17572021484375,2.032258064516129,61.58357771260997,2.009677419354839,60.899315738025415
38.46348977199523,19.491570992099426,0.59332275390625,0.40057373046875,-0.67578125,0.17572021484375,2.032258064516129,61.58357771260997,2.064516129032258,62.56109481915934
38.483576616999926,19.309932923126482,0.59521484375,0.40020751953125,-0.67413330078125,0.17645263671875,2.02258064516129,61.29032258064516,2.0709677419354837,62.75659824046921
38.50365984599921,19.309932923126482,0.59521484375,0.40020751953125,-0.67413330078125,0.17645263671875,2.0161290322580645,61.09481915933529,2.0580645161290323,62.365591397849464
38.523745890997816,19.309932923126482,0.59521484375,0.40020751953125,-0.67413330078125,0.17645263671875,2.0,60.60606060606061,2.0903225806451613,63.34310850439883
38.54383244799101,19.36950295412538,0.5960693359375,0.40106201171875,-0.67291259765625,0.176025390625,2.0129032258064514,60.997067448680355,2.096774193548387,63.5386119257087
38.56391615699977,19.36950295412538,0.5960693359375,0.40106201171875,-0.67291259765625,0.176025390625,2.009677419354839,60.899315738025415,2.125806451612903,64.41837732160313
38.58399564199499,19.619157185032833,0.595703125,0.40203857421875,-0.6732177734375,0.1739501953125,2.029032258064516,61.48582600195503,2.116129032258064,64.1251221896383
38.60408904700307,19.619157185032833,0.595703125,0.40203857421875,-0.6732177734375,0.1739501953125,1.9774193548387096,59.92179863147605,2.1193548387096772,64.22287390029325
38.62440153199714,19.619157185032833,0.595703125,0.40203857421875,-0.6732177734375,0.1739501953125,1.964516129032258,59.530791788856305,2.1129032258064515,64.02737047898339
38.64442264699028,19.941618674798022,0.593994140625,0.40386962890625,-0.67401123046875,0.1724853515625,1.996774193548387,60.50830889540567,2.0483870967741935,62.07233626588465
38.66456370198284,19.941618674798022,0.593994140625,0.40386962890625,-0.67401123046875,0.1724853515625,2.019354838709677,61.19257086999021,2.029032258064516,61.48582600195503
38.68459016099223,20.28321115004087,0.59051513671875,0.40631103515625,-0.6756591796875,0.17230224609375,1.9064516129032258,57.77126099706745,2.0451612903225804,61.97458455522972
38.70470225499594,20.28321115004087,0.59051513671875,0.40631103515625,-0.6756591796875,0.17230224609375,1.8548387096774193,56.20723362658847,1.9709677419354839,59.72629521016618
38.72473095401074,20.28321115004087,0.59051513671875,0.40631103515625,-0.6756591796875,0.17230224609375,1.8580645161290321,56.304985337243394,1.9548387096774194,59.2375366568915
38.74483520700596,20.982614457287667,0.58551025390625,0.41070556640625,-0.67779541015625,0.17041015625,1.861290322580645,56.402737047898334,1.8161290322580643,55.034213098729225
38.764936805004254,20.982614457287667,0.58551025390625,0.41070556640625,-0.67779541015625,0.17041015625,1.8419354838709676,55.816226783968716,1.6096774193548384,48.77810361681329
38.78499072100385,22.82543431811456,0.5748291015625,0.42364501953125,-0.68048095703125,0.16448974609375,1.7483870967741935,52.98142717497556,1.6580645161290322,50.24437927663734
38.805066173983505,22.82543431811456,0.5748291015625,0.42364501953125,-0.68048095703125,0.16448974609375,1.6870967741935483,51.12414467253177,1.5225806451612902,46.138807429130004
38.82514642601018,22.82543431811456,0.5748291015625,0.42364501953125,-0.68048095703125,0.16448974609375,1.6903225806451612,51.2218963831867,1.1838709677419355,35.87487781036168
38.84526924099191,25.877099542536627,0.555419921875,0.443359375,-0.6861572265625,0.15509033203125,1.6806451612903226,50.9286412512219,0.9548387096774194,28.934506353861195
38.86529944400536,25.877099542536627,0.555419921875,0.443359375,-0.6861572265625,0.15509033203125,1.6612903225806452,50.34213098729228,1.0,30.303030303030305
38.88546110698371,30.009260513957322,0.52679443359375,0.4659423828125,-0.6966552734375,0.1416015625,1.6806451612903226,50.9286412512219,0.8709677419354839,26.392961876832842
38.90553128000465,30.009260513957322,0.52679443359375,0.4659423828125,-0.6966552734375,0.1416015625,1.6548387096774193,50.146627565982406,0.7096774193548387,21.505376344086024
38.925647053983994,30.009260513957322,0.52679443359375,0.4659423828125,-0.6966552734375,0.1416015625,1.6258064516129032,49.266862170087975,0.7612903225806451,23.069403714565002
38.94572762699681,34.86777377089065,0.49066162109375,0.4884033203125,-0.71044921875,0.126220703125,1.5870967741935482,48.09384164222873,0.7451612903225806,22.58064516129032
38.96575472599943,34.86777377089065,0.49066162109375,0.4884033203125,-0.71044921875,0.126220703125,1.5806451612903225,47.898338220918866,0.46774193548387094,14.173998044965789
38.985791168990545,40.009359634606255,0.45196533203125,0.51043701171875,-0.7232666015625,0.10986328125,1.5483870967741935,46.9208211143695,0.4225806451612903,12.805474095796676
39.005908830993576,40.009359634606255,0.45196533203125,0.51043701171875,-0.7232666015625,0.10986328125,1.5838709677419354,47.9960899315738,0.4161290322580645,12.609970674486803
39.0260055649851,40.009359634606255,0.45196533203125,0.51043701171875,-0.7232666015625,0.10986328125,1.596774193548387,48.38709677419355,0.26774193548387093,8.113391984359726
39.0460694009962,45.361381387046684,0.41107177734375,0.53314208984375,-0.7335205078125,0.0933837890625,1.5548387096774192,47.11632453567937,0.23225806451612901,7.038123167155424
39.066136117005954,45.361381387046684,0.41107177734375,0.53314208984375,-0.7335205078125,0.0933837890625,1.5483870967741935,46.9208211143695,0.0,0.0
39.08621448199847,50.60662195797094,0.3697509765625,0.5504150390625,-0.74462890625,0.0762939453125,1.5451612903225804,46.82306940371456,0.0,0.0
39.106312048010295,50.60662195797094,0.3697509765625,0.5504150390625,-0.74462890625,0.0762939453125,1.5193548387096774,46.04105571847507,0.0,0.0
39.12639866900281,50.60662195797094,0.3697509765625,0.5504150390625,-0.74462890625,0.0762939453125,1.5225806451612902,46.138807429130004,0.0,0.0
39.146517418994335,55.83609291723174,0.32672119140625,0.56591796875,-0.7545166015625,0.060546875,1.493548387096774,45.25904203323558,0.14838709677419354,4.496578690127078
39.16659511200851,55.83609291723174,0.32672119140625,0.56591796875,-0.7545166015625,0.060546875,1.5129032258064514,45.8455522971652,0.18064516129032257,5.474095796676441
39.1866769969929,60.60090475281652,0.2872314453125,0.5758056640625,-0.76409912109375,0.04510498046875,1.5677419354838709,47.507331378299114,0.18064516129032257,5.474095796676441
39.20672195201041,60.60090475281652,0.2872314453125,0.5758056640625,-0.76409912109375,0.04510498046875,1.493548387096774,45.25904203323558,0.18387096774193548,5.571847507331378
39.22683775800397,60.60090475281652,0.2872314453125,0.5758056640625,-0.76409912109375,0.04510498046875,1.5225806451612902,46.138807429130004,0.07096774193548387,2.1505376344086025
39.24686581699643,64.93403224525862,0.25067138671875,0.58245849609375,-0.7725830078125,0.03118896484375,1.5451612903225804,46.82306940371456,0.009677419354838708,0.29325513196480935
39.2669706470042,64.93403224525862,0.25067138671875,0.58245849609375,-0.7725830078125,0.03118896484375,1.5354838709677419,46.52981427174975,0.07419354838709677,2.248289345063539
39.287044308002805,69.15461037507133,0.21612548828125,0.5882568359375,-0.779052734375,0.0162353515625,1.5483870967741935,46.9208211143695,0.24516129032258063,7.429130009775172
39.307121263991576,69.15461037507133,0.21612548828125,0.5882568359375,-0.779052734375,0.0162353515625,1.5387096774193547,46.62756598240469,0.0,0.0
39.32720289300778,69.15461037507133,0.21612548828125,0.5882568359375,-0.779052734375,0.0162353515625,1.561290322580645,47.31182795698924,0.0,0.0
39.34732001100201,73.20033136453569,0.181396484375,0.59161376953125,-0.7855224609375,0.00341796875,1.5774193548387094,47.800586510263926,0.0,0.0
39.36739434400806,73.20033136453569,0.181396484375,0.59161376953125,-0.7855224609375,0.00341796875,1.5741935483870966,47.702834799608986,0.1774193548387097,5.376344086021506
39.38746922099381,77.31695967879833,-0.14764404296875,-0.59698486328125,0.7884521484375,0.0111083984375,1.5741935483870966,47.702834799608986,0.0,0.0
39.407607747998554,77.31695967879833,-0.14764404296875,-0.59698486328125,0.7884521484375,0.0111083984375,1.5741935483870966,47.702834799608986,0.20967741935483872,6.35386119257087
39.42766975998529,77.31695967879833,-0.14764404296875,-0.59698486328125,0.7884521484375,0.0111083984375,1.558064516129032,47.21407624633431,0.0,0.0
39.447727291990304,81.29631868280022,-0.11688232421875,-0.6029052734375,0.7886962890625,0.02740478515625,1.5451612903225804,46.82306940371456,0.0,0.0
39.46781218398246,81.29631868280022,-0.11688232421875,-0.6029052734375,0.7886962890625,0.02740478515625,1.5677419354838709,47.507331378299114,0.0,0.0
39.487897779996274,85.09300648275519,-0.08966064453125,-0.60809326171875,0.7874755859375,0.0457763671875,1.561290322580645,47.31182795698924,0.0,0.0
39.507985328004,85.09300648275519,-0.08966064453125,-0.60809326171875,0.7874755859375,0.0457763671875,1.62258064516129,49.169110459433035,0.07741935483870967,2.3460410557184748
39.52806679598871,85.09300648275519,-0.08966064453125,-0.60809326171875,0.7874755859375,0.0457763671875,1.5838709677419354,47.9960899315738,0.0,0.0
39.5481827929907,88.61521764771636,-0.0645751953125,-0.6129150390625,0.78497314453125,0.06298828125,1.5870967741935482,48.09384164222873,0.09032258064516129,2.7370478983382207
39.56826451700181,88.61521764771636,-0.0645751953125,-0.6129150390625,0.78497314453125,0.06298828125,1.5806451612903225,47.898338220918866,0.08064516129032258,2.4437927663734116
39.588331937004114,91.9635617039839,-0.04150390625,-0.6181640625,0.78082275390625,0.08013916015625,1.5838709677419354,47.9960899315738,0.0,0.0
39.60842191698612,91.9635617039839,-0.04150390625,-0.6181640625,0.78082275390625,0.08013916015625,1.5999999999999999,48.484848484848484,0.0,0.0
39.62849541698233,91.9635617039839,-0.04150390625,-0.6181640625,0.78082275390625,0.08013916015625,1.5709677419354837,47.60508308895405,0.0,0.0
39.648575156985316,94.74396897163106,-0.02264404296875,-0.6212158203125,0.777587890625,0.09490966796875,1.6387096774193548,49.65786901270772,0.038709677419354833,1.1730205278592374
39.668649519997416,94.74396897163106,-0.02264404296875,-0.6212158203125,0.777587890625,0.09490966796875,1.6516129032258065,50.048875855327466,0.0,0.0
39.688758925010916,97.19432987318058,-0.0072021484375,-0.621826171875,0.775390625,0.10968017578125,1.6516129032258065,50.048875855327466,0.26774193548387093,8.113391984359726
39.70881005600677,97.19432987318058,-0.0072021484375,-0.621826171875,0.775390625,0.10968017578125,1.6709677419354838,50.635386119257085,0.1935483870967742,5.865102639296188
39.72888230800163,97.19432987318058,-0.0072021484375,-0.621826171875,0.775390625,0.10968017578125,1.6903225806451612,51.2218963831867,0.2870967741935484,8.699902248289346
39.748963263991755,99.92028602392374,0.00701904296875,-0.6239013671875,0.77069091796875,0.12939453125,1.6903225806451612,51.2218963831867,0.03225806451612903,0.9775171065493646
39.76903545198729,99.92028602392374,0.00701904296875,-0.6239013671875,0.77069091796875,0.12939453125,1.7161290322580645,52.003910068426194,0.12258064516129032,3.714565004887586
39.78911487100413,102.27794128186923,0.01837158203125,-0.62823486328125,0.7637939453125,0.14691162109375,1.7096774193548387,51.80840664711632,0.5580645161290322,16.911045943304007
39.809202228003414,102.27794128186923,0.01837158203125,-0.62823486328125,0.7637939453125,0.14691162109375,1.7193548387096773,52.101661779081134,0.4967741935483871,15.053763440860216
39.82928904000437,102.27794128186923,0.01837158203125,-0.62823486328125,0.7637939453125,0.14691162109375,1.7258064516129032,52.29716520039101,0.567741935483871,17.20430107526882
39.84935825099819,104.49318494321032,0.02825927734375,-0.63568115234375,0.75396728515625,0.163330078125,1.7161290322580645,52.003910068426194,0.6387096774193548,19.35483870967742
39.86945389598259,104.49318494321032,0.02825927734375,-0.63568115234375,0.75396728515625,0.163330078125,1.7354838709677418,52.59042033235581,0.6580645161290322,19.941348973607038
39.88949366600718,106.65906552988267,0.0372314453125,-0.6422119140625,0.744140625,0.1800537109375,1.7419354838709677,52.785923753665685,0.6838709677419353,20.723362658846526
39.90959814298549,106.65906552988267,0.0372314453125,-0.6422119140625,0.744140625,0.1800537109375,1.729032258064516,52.39491691104594,0.6806451612903225,20.625610948191593
39.92962933698436,106.65906552988267,0.0372314453125,-0.6422119140625,0.744140625,0.1800537109375,1.7258064516129032,52.29716520039101,0.5838709677419355,17.6930596285435
39.949764694989426,108.68068181484412,0.04705810546875,-0.6461181640625,0.736572265625,0.1942138671875,1.729032258064516,52.39491691104594,0.7096774193548387,21.505376344086024
39.969809041998815,108.68068181484412,0.04705810546875,-0.6461181640625,0.736572265625,0.1942138671875,1.729032258064516,52.39491691104594,0.7193548387096774,21.79863147605083
39.98991118199774,110.55092146573772,0.05633544921875,-0.64874267578125,0.7301025390625,0.2071533203125,1.7129032258064516,51.90615835777126,0.7838709677419354,23.753665689149557
40.00994132098276,110.55092146573772,0.05633544921875,-0.64874267578125,0.7301025390625,0.2071533203125,1.7032258064516128,51.61290322580645,0.8387096774193549,25.41544477028348
40.03002934899996,110.55092146573772,0.05633544921875,-0.64874267578125,0.7301025390625,0.2071533203125,1.732258064516129,52.49266862170088,0.7999999999999999,24.242424242424242
40.05008047999581,111.74737275014428,0.06304931640625,-0.64910888671875,0.72705078125,0.21478271484375,1.7258064516129032,52.29716520039101,0.8193548387096774,24.82893450635386
40.07018662098562,111.74737275014428,0.06304931640625,-0.64910888671875,0.72705078125,0.21478271484375,1.729032258064516,52.39491691104594,0.8354838709677419,25.317693059628542
40.090257303992985,112.39590818928906,0.06732177734375,-0.64849853515625,0.72607421875,0.2183837890625,1.7225806451612902,52.19941348973607,0.8290322580645161,25.12218963831867
40.110300083004404,112.39590818928906,0.06732177734375,-0.64849853515625,0.72607421875,0.2183837890625,1.7516129032258063,53.0791788856305,0.8516129032258064,25.806451612903224
40.130400975991506,112.39590818928906,0.06732177734375,-0.64849853515625,0.72607421875,0.2183837890625,1.7387096774193547,52.68817204301075,0.8516129032258064,25.806451612903224
40.15045108200866,112.70559211350212,0.07000732421875,-0.646728515625,0.72698974609375,0.2197265625,1.7161290322580645,52.003910068426194,0.8612903225806451,26.099706744868033
40.17054048698628,112.70559211350212,0.07000732421875,-0.646728515625,0.72698974609375,0.2197265625,1.7516129032258063,53.0791788856305,0.8483870967741935,25.708699902248288
40.190635842998745,112.71771299105038,0.07012939453125,-0.64459228515625,0.728759765625,0.22027587890625,1.6935483870967742,51.31964809384164,0.8548387096774194,25.90420332355816
40.21072191899293,112.71771299105038,0.07012939453125,-0.64459228515625,0.728759765625,0.22027587890625,1.6903225806451612,51.2218963831867,0.8548387096774194,25.90420332355816
40.230761913990136,112.71771299105038,0.07012939453125,-0.64459228515625,0.728759765625,0.22027587890625,1.6903225806451612,51.2218963831867,0.7354838709677419,22.28739002932551
40.250817652995465,112.34973308074682,0.067138671875,-0.64337158203125,0.73040771484375,0.21929931640625,1.6935483870967742,51.31964809384164,0.6354838709677418,19.25708699902248
40.270873392000794,112.34973308074682,0.067138671875,-0.64337158203125,0.73040771484375,0.21929931640625,1.6806451612903226,50.9286412512219,0.39677419354838706,12.023460410557183
40.290937610989204,111.57072613801061,0.0604248046875,-0.64300537109375,0.73193359375,0.21710205078125,1.6806451612903226,50.9286412512219,0.3709677419354839,11.241446725317694
40.31100951100234,111.57072613801061,0.0604248046875,-0.64300537109375,0.73193359375,0.21710205078125,1.6741935483870967,50.733137829912025,0.4967741935483871,15.053763440860216
40.33109923498705,111.57072613801061,0.0604248046875,-0.64300537109375,0.73193359375,0.21710205078125,1.6806451612903226,50.9286412512219,0.4548387096774193,13.78299120234604
40.35114294200321,110.36714072163117,0.05035400390625,-0.64288330078125,0.73394775390625,0.21319580078125,1.6870967741935483,51.12414467253177,0.5193548387096774,15.73802541544477
40.3712117059913,110.36714072163117,0.05035400390625,-0.64288330078125,0.73394775390625,0.21319580078125,1.7258064516129032,52.29716520039101,0.561290322580645,17.00879765395894
40.39132741501089,108.38758195840454,0.0360107421875,-0.64105224609375,0.7388916015625,0.20452880859375,1.7064516129032257,51.71065493646139,0.5032258064516129,15.249266862170089
40.41136872099014,108.38758195840454,0.0360107421875,-0.64105224609375,0.7388916015625,0.20452880859375,1.7129032258064516,51.90615835777126,0.6774193548387096,20.527859237536656
40.43144993300666,108.38758195840454,0.0360107421875,-0.64105224609375,0.7388916015625,0.20452880859375,1.7,51.515151515151516,0.6774193548387096,20.527859237536656
40.45151373700355,105.66714486976603,0.016357421875,-0.64068603515625,0.7432861328125,0.1917724609375,1.7096774193548387,51.80840664711632,0.7193548387096774,21.79863147605083
40.471618243987905,105.66714486976603,0.016357421875,-0.64068603515625,0.7432861328125,0.1917724609375,1.7161290322580645,52.003910068426194,0.5870967741935484,17.790811339198438
40.49167180599761,101.67100421034294,-0.01153564453125,-0.64031982421875,0.74859619140625,0.17144775390625,1.729032258064516,52.39491691104594,0.796774193548387,24.144672531769302
40.511764505994506,101.67100421034294,-0.01153564453125,-0.64031982421875,0.74859619140625,0.17144775390625,1.7516129032258063,53.0791788856305,0.8483870967741935,25.708699902248288
40.53184702899307,101.67100421034294,-0.01153564453125,-0.64031982421875,0.74859619140625,0.17144775390625,1.7419354838709677,52.785923753665685,1.0096774193548386,30.596285434995107
40.551924495986896,96.31523178383755,-0.049072265625,-0.63897705078125,0.7540283203125,0.14398193359375,1.7580645161290323,53.27468230694038,1.1064516129032256,33.5288367546432
40.571994186990196,96.31523178383755,-0.049072265625,-0.63897705078125,0.7540283203125,0.14398193359375,1.7999999999999998,54.54545454545454,1.164516129032258,35.28836754643206
40.59206637300667,89.38737798827022,-0.09722900390625,-0.63427734375,0.75933837890625,0.10797119140625,1.7774193548387096,53.86119257086999,1.1483870967741936,34.799608993157385
40.61218121700222,89.38737798827022,-0.09722900390625,-0.63427734375,0.75933837890625,0.10797119140625,1.7677419354838708,53.567937438905176,1.2129032258064516,36.75464320625611
40.63225381998927,89.38737798827022,-0.09722900390625,-0.63427734375,0.75933837890625,0.10797119140625,1.8032258064516127,54.64320625610948,1.1774193548387097,35.67937438905181
40.65230245399289,81.43758986307566,-0.1507568359375,-0.6263427734375,0.7620849609375,0.0645751953125,1.764516129032258,53.47018572825024,1.264516129032258,38.318670576735094
40.67235927999718,81.43758986307566,-0.1507568359375,-0.6263427734375,0.7620849609375,0.0645751953125,1.7741935483870968,53.76344086021506,1.1870967741935483,35.97262952101662
40.69245834799949,73.43852578523223,-0.20159912109375,-0.6143798828125,0.7625732421875,0.01824951171875,1.7741935483870968,53.76344086021506,1.0806451612903225,32.74682306940371
40.71252509398619,73.43852578523223,-0.20159912109375,-0.6143798828125,0.7625732421875,0.01824951171875,1.7741935483870968,53.76344086021506,1.0774193548387097,32.64907135874878
40.732587809005054,73.43852578523223,-0.20159912109375,-0.6143798828125,0.7625732421875,0.01824951171875,1.7516129032258063,53.0791788856305,1.164516129032258,35.28836754643206
40.752629338996485,66.21731293635213,0.2476806640625,0.59783935546875,-0.7620849609375,0.02154541015625,1.732258064516129,52.49266862170088,1.264516129032258,38.318670576735094
40.77269582898589,66.21731293635213,0.2476806640625,0.59783935546875,-0.7620849609375,0.02154541015625,1.7258064516129032,52.29716520039101,1.2419354838709677,37.634408602150536
40.79276295998716,59.52844109498341,0.290771484375,0.57806396484375,-0.7603759765625,0.05615234375,1.761290322580645,53.3724340175953,1.2774193548387096,38.70967741935484
40.81282423398807,59.52844109498341,0.290771484375,0.57806396484375,-0.7603759765625,0.05615234375,1.7741935483870968,53.76344086021506,1.4741935483870967,44.67253176930596
40.83289552500355,59.52844109498341,0.290771484375,0.57806396484375,-0.7603759765625,0.05615234375,1.7903225806451613,54.25219941348974,1.5387096774193547,46.62756598240469
40.85303849799675,53.1074931094771,0.3338623046875,0.55902099609375,-0.7540283203125,0.08660888671875,1.7580645161290323,53.27468230694038,1.432258064516129,43.401759530791786
40.87307202699594,53.1074931094771,0.3338623046875,0.55902099609375,-0.7540283203125,0.08660888671875,1.7483870967741935,52.98142717497556,1.467741935483871,44.4770283479961
40.893202103994554,47.616474553341604,0.3675537109375,0.54150390625,-0.747314453125,0.11517333984375,1.761290322580645,53.3724340175953,1.4419354838709677,43.6950146627566
40.9133056839928,47.616474553341604,0.3675537109375,0.54150390625,-0.747314453125,0.11517333984375,1.7870967741935482,54.154447702834794,1.461290322580645,44.28152492668622
40.93348452998907,47.616474553341604,0.3675537109375,0.54150390625,-0.747314453125,0.11517333984375,1.7838709677419353,54.05669599217986,1.4516129032258065,43.98826979472141
40.95353396399878,43.44968584649385,0.39129638671875,0.52435302734375,-0.74371337890625,0.13726806640625,1.7903225806451613,54.25219941348974,1.5096774193548386,45.74780058651026
40.9736251590075,43.44968584649385,0.39129638671875,0.52435302734375,-0.74371337890625,0.13726806640625,1.796774193548387,54.44770283479961,1.5451612903225804,46.82306940371456
40.99366521698539,39.764020048960134,0.4105224609375,0.505859375,-0.7421875,0.157470703125,1.7870967741935482,54.154447702834794,1.6096774193548384,48.77810361681329
41.01370572298765,39.764020048960134,0.4105224609375,0.505859375,-0.7421875,0.157470703125,1.7774193548387096,53.86119257086999,1.7161290322580645,52.003910068426194
41.03377954199095,39.764020048960134,0.4105224609375,0.505859375,-0.7421875,0.157470703125,1.8064516129032258,54.74095796676443,1.7225806451612902,52.19941348973607
41.053846767987125,36.51409089276653,0.42730712890625,0.48870849609375,-0.740234375,0.175048828125,1.8258064516129031,55.32746823069403,1.8032258064516127,54.64320625610948
41.073929195001256,36.51409089276653,0.42730712890625,0.48870849609375,-0.740234375,0.175048828125,1.8161290322580643,55.034213098729225,1.793548387096774,54.34995112414467
41.09399331800523,33.59196464820758,0.44384765625,0.4737548828125,-0.73681640625,0.1888427734375,1.8096774193548386,54.83870967741935,1.8548387096774193,56.20723362658847
41.11413881898625,33.59196464820758,0.44384765625,0.4737548828125,-0.73681640625,0.1888427734375,1.8032258064516127,54.64320625610948,1.8580645161290321,56.304985337243394
41.134171996003715,33.59196464820758,0.44384765625,0.4737548828125,-0.73681640625,0.1888427734375,1.7677419354838708,53.567937438905176,1.8161290322580643,55.034213098729225
41.15420795799582,31.225252962609567,0.45758056640625,0.46502685546875,-0.73095703125,0.2001953125,1.7999999999999998,54.54545454545454,1.9064516129032258,57.77126099706745
41.1742721759947,31.225252962609567,0.45758056640625,0.46502685546875,-0.73095703125,0.2001953125,1.7774193548387096,53.86119257086999,1.9225806451612903,58.260019550342136
41.1943890999828,29.67262788038687,0.46734619140625,0.45880126953125,-0.72698974609375,0.20635986328125,1.8129032258064515,54.936461388074285,1.9064516129032258,57.77126099706745
41.21446800700505,29.67262788038687,0.46734619140625,0.45880126953125,-0.72698974609375,0.20635986328125,1.7903225806451613,54.25219941348974,1.9580645161290322,59.33528836754643
41.234504096995806,29.67262788038687,0.46734619140625,0.45880126953125,-0.72698974609375,0.20635986328125,1.8096774193548386,54.83870967741935,1.9387096774193548,58.748778103616814
41.25456428300822,28.201600738130324,0.47930908203125,0.4515380859375,-0.72320556640625,0.20819091796875,1.829032258064516,55.42521994134897,1.9193548387096775,58.162267839687196
41.274682263989234,28.201600738130324,0.47930908203125,0.4515380859375,-0.72320556640625,0.20819091796875,1.8419354838709676,55.816226783968716,1.9129032258064516,57.96676441837732
41.29471998498775,27.023082089991398,0.4912109375,0.44586181640625,-0.71917724609375,0.2066650390625,1.8451612903225805,55.91397849462365,1.9516129032258065,59.13978494623656
41.31477370701032,27.023082089991398,0.4912109375,0.44586181640625,-0.71917724609375,0.2066650390625,1.829032258064516,55.42521994134897,1.9451612903225806,58.94428152492669
41.334837478003465,27.023082089991398,0.4912109375,0.44586181640625,-0.71917724609375,0.2066650390625,1.8322580645161288,55.5229716520039,1.9064516129032258,57.77126099706745
41.354955585993594,26.18619216807167,0.50189208984375,0.44281005859375,-0.71466064453125,0.2032470703125,1.8129032258064515,54.936461388074285,2.0,60.60606060606061
41.37500053999247,26.18619216807167,0.50189208984375,0.44281005859375,-0.71466064453125,0.2032470703125,1.8096774193548386,54.83870967741935,1.9806451612903224,60.01955034213099
41.39506079000421,25.625487352725045,0.51251220703125,0.44171142578125,-0.7093505859375,0.19757080078125,1.829032258064516,55.42521994134897,1.9806451612903224,60.01955034213099
41.415118864009855,25.625487352725045,0.51251220703125,0.44171142578125,-0.7093505859375,0.19757080078125,1.8064516129032258,54.74095796676443,1.961290322580645,59.43304007820137
41.43523140400066,25.625487352725045,0.51251220703125,0.44171142578125,-0.7093505859375,0.19757080078125,1.8548387096774193,56.20723362658847,1.9225806451612903,58.260019550342136
41.455357800994534,25.274258896509934,0.525390625,0.44244384765625,-0.701904296875,0.18841552734375,1.8548387096774193,56.20723362658847,1.9193548387096775,58.162267839687196
41.47542240199982,25.274258896509934,0.525390625,0.44244384765625,-0.701904296875,0.18841552734375,1.8451612903225805,55.91397849462365,1.9096774193548387,57.86901270772239
41.49549276399193,25.14059581069148,0.5404052734375,0.44390869140625,-0.69268798828125,0.1763916015625,1.8806451612903226,56.98924731182796,1.9096774193548387,57.86901270772239
41.515578966005705,25.14059581069148,0.5404052734375,0.44390869140625,-0.69268798828125,0.1763916015625,1.8483870967741933,56.01173020527859,1.961290322580645,59.43304007820137
41.535628687008284,25.14059581069148,0.5404052734375,0.44390869140625,-0.69268798828125,0.1763916015625,1.8741935483870966,56.79374389051808,1.9709677419354839,59.72629521016618
41.55570656899363,25.165653281628778,0.55743408203125,0.4449462890625,-0.68170166015625,0.16302490234375,1.8580645161290321,56.304985337243394,1.861290322580645,56.402737047898334
41.57575123399147,25.165653281628778,0.55743408203125,0.4449462890625,-0.68170166015625,0.16302490234375,1.903225806451613,57.67350928641252,1.9064516129032258,57.77126099706745
41.595804987009615,25.233818802508225,0.574462890625,0.44622802734375,-0.66912841796875,0.15216064453125,1.8677419354838707,56.59824046920821,2.0129032258064514,60.997067448680355
41.61590718998923,25.233818802508225,0.574462890625,0.44622802734375,-0.66912841796875,0.15216064453125,1.9096774193548387,57.86901270772239,1.9774193548387096,59.92179863147605
41.635987023997586,25.233818802508225,0.574462890625,0.44622802734375,-0.66912841796875,0.15216064453125,1.9193548387096775,58.162267839687196,2.0032258064516126,60.703812316715535
41.65605892200256,25.046829682539695,0.58856201171875,0.44659423828125,-0.657470703125,0.1478271484375,1.9096774193548387,57.86901270772239,2.0483870967741935,62.07233626588465
41.67612889999873,25.046829682539695,0.58856201171875,0.44659423828125,-0.657470703125,0.1478271484375,1.9129032258064516,57.96676441837732,2.041935483870968,61.87683284457478
41.69621404600912,24.60187940002153,0.599853515625,0.4432373046875,-0.64990234375,0.1461181640625,1.9516129032258065,59.13978494623656,1.996774193548387,60.50830889540567
41.71630002401071,24.60187940002153,0.599853515625,0.4432373046875,-0.64990234375,0.1461181640625,1.9193548387096775,58.162267839687196,2.051612903225806,62.17008797653958
41.736392243008595,24.60187940002153,0.599853515625,0.4432373046875,-0.64990234375,0.1461181640625,1.9225806451612903,58.260019550342136,2.064516129032258,62.56109481915934
41.75643998000305,24.302584009166637,0.607666015625,0.43780517578125,-0.6470947265625,0.1427001953125,1.9580645161290322,59.33528836754643,2.064516129032258,62.56109481915934
41.7765217339911,24.302584009166637,0.607666015625,0.43780517578125,-0.6470947265625,0.1427001953125,1.935483870967742,58.65102639296188,2.0774193548387094,62.95210166177908
41.79662460900727,23.74674274590535,0.6109619140625,0.43182373046875,-0.64788818359375,0.1431884765625,1.932258064516129,58.55327468230694,2.106451612903226,63.831867057673506
41.81666856998345,23.74674274590535,0.6109619140625,0.43182373046875,-0.64788818359375,0.1431884765625,1.932258064516129,58.55327468230694,2.087096774193548,63.24535679374389
41.83676357200602,23.74674274590535,0.6109619140625,0.43182373046875,-0.64788818359375,0.1431884765625,1.9387096774193548,58.748778103616814,2.02258064516129,61.29032258064516
41.85684644599678,23.035822966748512,0.6099853515625,0.42669677734375,-0.65130615234375,0.14727783203125,1.9225806451612903,58.260019550342136,2.061290322580645,62.4633431085044
41.876924904005136,23.035822966748512,0.6099853515625,0.42669677734375,-0.65130615234375,0.14727783203125,1.935483870967742,58.65102639296188,2.0774193548387094,62.95210166177908
41.89702150700032,22.317426848843667,0.606201171875,0.4217529296875,-0.65673828125,0.15277099609375,1.9258064516129032,58.35777126099707,2.0709677419354837,62.75659824046921
41.91708780499175,22.317426848843667,0.606201171875,0.4217529296875,-0.65673828125,0.15277099609375,1.9258064516129032,58.35777126099707,2.061290322580645,62.4633431085044
41.937134614010574,22.317426848843667,0.606201171875,0.4217529296875,-0.65673828125,0.15277099609375,1.9129032258064516,57.96676441837732,2.0677419354838706,62.65884652981426
41.95728446598514,21.804220759034322,0.5999755859375,0.4188232421875,-0.662841796875,0.15887451171875,1.9064516129032258,57.77126099706745,2.054838709677419,62.267839687194524
41.97729229799006,21.804220759034322,0.5999755859375,0.4188232421875,-0.662841796875,0.15887451171875,1.9483870967741934,59.04203323558163,2.0483870967741935,62.07233626588465
41.997402245004196,21.513591090518602,0.5947265625,0.41815185546875,-0.6666259765625,0.164306640625,1.9516129032258065,59.13978494623656,2.041935483870968,61.87683284457478
42.01745551798376,21.513591090518602,0.5947265625,0.41815185546875,-0.6666259765625,0.164306640625,1.935483870967742,58.65102639296188,2.0709677419354837,62.75659824046921
42.037528791988734,21.513591090518602,0.5947265625,0.41815185546875,-0.6666259765625,0.164306640625,1.9451612903225806,58.94428152492669,2.051612903225806,62.17008797653958
42.057650995004224,21.27150920907934,0.59136962890625,0.41796875,-0.668701171875,0.16864013671875,1.9580645161290322,59.33528836754643,2.009677419354839,60.899315738025415
42.07769265200477,21.27150920907934,0.59136962890625,0.41796875,-0.668701171875,0.16864013671875,1.8806451612903226,56.98924731182796,1.9419354838709677,58.846529814271754
42.09777085398673,21.038401342322956,0.59014892578125,0.41510009765625,-0.67120361328125,0.16998291015625,1.9064516129032258,57.77126099706745,1.896774193548387,57.478005865102645
42.1178446720005,21.038401342322956,0.59014892578125,0.41510009765625,-0.67120361328125,0.16998291015625,1.8838709677419354,57.0869990224829,1.8419354838709676,55.816226783968716
42.13793999500922,21.038401342322956,0.59014892578125,0.41510009765625,-0.67120361328125,0.16998291015625,1.8870967741935485,57.18475073313783,1.8032258064516127,54.64320625610948
42.15800334798405,21.063387259745056,0.5885009765625,0.411376953125,-0.67547607421875,0.16790771484375,1.8774193548387097,56.89149560117303,1.8419354838709676,55.816226783968716
42.17807636599173,21.063387259745056,0.5885009765625,0.411376953125,-0.67547607421875,0.16790771484375,1.8806451612903226,56.98924731182796,1.8483870967741933,56.01173020527859
42.1981441359967,21.395772868488223,0.58721923828125,0.408935546875,-0.67926025390625,0.16302490234375,1.8580645161290321,56.304985337243394,1.8064516129032258,54.74095796676443
42.21822236999287,21.395772868488223,0.58721923828125,0.408935546875,-0.67926025390625,0.16302490234375,1.8516129032258062,56.10948191593352,1.8387096774193548,55.71847507331379
42.23826786701102,21.395772868488223,0.58721923828125,0.408935546875,-0.67926025390625,0.16302490234375,1.8354838709677417,55.62072336265884,1.7806451612903225,53.95894428152492
42.258322323992616,22.347754071664028,0.58758544921875,0.41357421875,-0.67803955078125,0.15484619140625,1.829032258064516,55.42521994134897,1.8354838709677417,55.62072336265884
42.278448463010136,22.347754071664028,0.58758544921875,0.41357421875,-0.67803955078125,0.15484619140625,1.7870967741935482,54.154447702834794,1.8064516129032258,54.74095796676443
42.298570059007034,23.867298935673347,0.59033203125,0.421875,-0.67340087890625,0.14154052734375,1.729032258064516,52.39491691104594,1.7741935483870968,53.76344086021506
42.318575073994,23.867298935673347,0.59033203125,0.421875,-0.67340087890625,0.14154052734375,1.7451612903225806,52.883675464320625,1.7774193548387096,53.86119257086999
42.33863266799017,23.867298935673347,0.59033203125,0.421875,-0.67340087890625,0.14154052734375,1.7258064516129032,52.29716520039101,1.6709677419354838,50.635386119257085
42.35869966898463,25.974544738017272,0.595458984375,0.42950439453125,-0.66827392578125,0.12005615234375,1.7096774193548387,51.80840664711632,1.632258064516129,49.462365591397855
42.378753038996365,25.974544738017272,0.595458984375,0.42950439453125,-0.66827392578125,0.12005615234375,1.7096774193548387,51.80840664711632,1.4548387096774194,44.086021505376344
42.39881347998744,28.760170415839703,0.60321044921875,0.4368896484375,-0.6611328125,0.0904541015625,1.6741935483870967,50.733137829912025,1.3741935483870966,41.64222873900293
42.41888908998226,28.760170415839703,0.60321044921875,0.4368896484375,-0.6611328125,0.0904541015625,1.6516129032258065,50.048875855327466,1.3677419354838707,41.44672531769305
42.4389858529903,28.760170415839703,0.60321044921875,0.4368896484375,-0.6611328125,0.0904541015625,1.667741935483871,50.53763440860215,1.2870967741935482,39.00293255131964
42.4590340690047,32.30303310097859,0.613525390625,0.44671630859375,-0.64892578125,0.0548095703125,1.596774193548387,48.38709677419355,1.0709677419354837,32.453567937438905
42.479156368004624,32.30303310097859,0.613525390625,0.44671630859375,-0.64892578125,0.0548095703125,1.62258064516129,49.169110459433035,0.9903225806451612,30.009775171065495
42.49919927198789,36.44634993121783,0.62286376953125,0.4595947265625,-0.6328125,0.01751708984375,1.5870967741935482,48.09384164222873,0.9806451612903225,29.716520039100686
42.51924748800229,36.44634993121783,0.62286376953125,0.4595947265625,-0.6328125,0.01751708984375,1.5838709677419354,47.9960899315738,0.9548387096774194,28.934506353861195
42.539362201991025,36.44634993121783,0.62286376953125,0.4595947265625,-0.6328125,0.01751708984375,1.5741935483870966,47.702834799608986,0.9161290322580644,27.76148582600195
42.559440723009175,40.67785074467589,-0.6268310546875,-0.47637939453125,0.61639404296875,0.01507568359375,1.5483870967741935,46.9208211143695,0.9129032258064516,27.663734115347015
42.57948401098838,40.67785074467589,-0.6268310546875,-0.47637939453125,0.61639404296875,0.01507568359375,1.493548387096774,45.25904203323558,0.6967741935483871,21.114369501466275
42.59963030999643,44.446172726522356,-0.6282958984375,-0.49090576171875,0.60198974609375,0.0433349609375,1.493548387096774,45.25904203323558,0.7580645161290323,22.97165200391007
42.619670398009475,44.446172726522356,-0.6282958984375,-0.49090576171875,0.60198974609375,0.0433349609375,1.5064516129032257,45.650048875855326,0.7032258064516129,21.309872922776147
42.639772472000914,44.446172726522356,-0.6282958984375,-0.49090576171875,0.60198974609375,0.0433349609375,1.4870967741935484,45.06353861192571,0.6483870967741935,19.64809384164223
42.659832304983865,47.83432774107318,-0.6279296875,-0.503173828125,0.58978271484375,0.0689697265625,1.4548387096774194,44.086021505376344,0.6,18.181818181818183
42.6799901239865,47.83432774107318,-0.6279296875,-0.503173828125,0.58978271484375,0.0689697265625,1.4516129032258065,43.98826979472141,0.5258064516129032,15.933528836754643
42.70002032400225,50.94399918278755,-0.62579345703125,-0.51263427734375,0.580322265625,0.0938720703125,1.4451612903225806,43.79276637341153,0.4032258064516129,12.218963831867057
42.72005669999635,50.94399918278755,-0.62579345703125,-0.51263427734375,0.580322265625,0.0938720703125,1.4580645161290322,44.18377321603128,0.1774193548387097,5.376344086021506
42.74018962300033,50.94399918278755,-0.62579345703125,-0.51263427734375,0.580322265625,0.0938720703125,1.464516129032258,44.37927663734115,0.36774193548387096,11.143695014662756
42.76029095999547,53.85488040408989,-0.62060546875,-0.5223388671875,0.5731201171875,0.1163330078125,1.464516129032258,44.37927663734115,0.3548387096774194,10.752688172043012
42.7803600729967,53.85488040408989,-0.62060546875,-0.5223388671875,0.5731201171875,0.1163330078125,1.4483870967741934,43.89051808406647,0.5161290322580645,15.640273704789834
42.800386977003654,56.40019805393063,-0.6151123046875,-0.5311279296875,0.5667724609375,0.13543701171875,1.461290322580645,44.28152492668622,0.5838709677419355,17.6930596285435
42.8204474170052,56.40019805393063,-0.6151123046875,-0.5311279296875,0.5667724609375,0.13543701171875,1.4419354838709677,43.6950146627566,0.6580645161290322,19.941348973607038
42.84051473799627,56.40019805393063,-0.6151123046875,-0.5311279296875,0.5667724609375,0.13543701171875,1.4419354838709677,43.6950146627566,0.7032258064516129,21.309872922776147
42.86058404299547,58.54646928562944,-0.60986328125,-0.53863525390625,0.561279296875,0.151123046875,1.467741935483871,44.4770283479961,0.6903225806451613,20.918866080156402
42.88064070700784,58.54646928562944,-0.60986328125,-0.53863525390625,0.561279296875,0.151123046875,1.467741935483871,44.4770283479961,0.6967741935483871,21.114369501466275
42.90070351600298,60.33170800628452,-0.606689453125,-0.54327392578125,0.55621337890625,0.16558837890625,1.5161290322580645,45.94330400782014,0.7741935483870968,23.46041055718475
42.92078635698999,60.33170800628452,-0.606689453125,-0.54327392578125,0.55621337890625,0.16558837890625,1.5774193548387094,47.800586510263926,0.8032258064516128,24.340175953079175
42.940883406990906,61.80890063056145,-0.60546875,-0.54571533203125,0.55108642578125,0.1785888671875,1.5548387096774192,47.11632453567937,0.8516129032258064,25.806451612903224
42.96093261500937,61.80890063056145,-0.60546875,-0.54571533203125,0.55108642578125,0.1785888671875,1.5741935483870966,47.702834799608986,0.8387096774193549,25.41544477028348
42.98104313699878,61.80890063056145,-0.60546875,-0.54571533203125,0.55108642578125,0.1785888671875,1.5516129032258064,47.018572825024435,0.8225806451612904,24.9266862170088
43.001067767996574,62.94873754717827,-0.60491943359375,-0.545654296875,0.54779052734375,0.1905517578125,1.5774193548387094,47.800586510263926,0.8580645161290322,26.001955034213097
43.02115195299848,62.94873754717827,-0.60491943359375,-0.545654296875,0.54779052734375,0.1905517578125,1.5999999999999999,48.484848484848484,0.8354838709677419,25.317693059628542
43.04120132199023,62.94873754717827,-0.60491943359375,-0.545654296875,0.54779052734375,0.1905517578125,1.561290322580645,47.31182795698924,0.7451612903225806,22.58064516129032
43.06126268999651,63.66271813557852,-0.6063232421875,-0.54144287109375,0.5462646484375,0.2020263671875,1.5,45.45454545454546,0.7,21.21212121212121
43.08135381998727,63.66271813557852,-0.6063232421875,-0.54144287109375,0.5462646484375,0.2020263671875,1.5161290322580645,45.94330400782014,0.6935483870967742,21.016617790811342
43.10140181198949,63.81748813785896,-0.60791015625,-0.53228759765625,0.54931640625,0.212890625,1.5064516129032257,45.650048875855326,0.5387096774193548,16.32453567937439
43.12150446200394,63.81748813785896,-0.60791015625,-0.53228759765625,0.54931640625,0.212890625,1.5,45.45454545454546,0.20967741935483872,6.35386119257087
43.141580966999754,63.72028081193811,-0.6087646484375,-0.52349853515625,0.55364990234375,0.220947265625,1.4516129032258065,43.98826979472141,0.2032258064516129,6.158357771260997
43.16163107100874,63.72028081193811,-0.6087646484375,-0.52349853515625,0.55364990234375,0.220947265625,1.3129032258064515,39.784946236559136,0.2193548387096774,6.647116324535679
43.181777146004606,63.72028081193811,-0.6087646484375,-0.52349853515625,0.55364990234375,0.220947265625,1.2741935483870968,38.6119257086999,0.17419354838709677,5.278592375366569
43.201845362986205,62.779044888469784,-0.60662841796875,-0.51397705078125,0.56463623046875,0.221435546875,1.206451612903226,36.55913978494624,0.18064516129032257,5.474095796676441
43.221903178986395,62.779044888469784,-0.60662841796875,-0.51397705078125,0.56463623046875,0.221435546875,1.1903225806451614,36.07038123167156,0.4451612903225806,13.48973607038123
43.242027558007976,62.61592847508756,-0.598388671875,-0.51019287109375,0.57562255859375,0.224365234375,1.132258064516129,34.3108504398827,0.47096774193548385,14.271749755620725
43.26203820499359,62.61592847508756,-0.598388671875,-0.51019287109375,0.57562255859375,0.224365234375,1.0741935483870966,32.55131964809384,0.45161290322580644,13.685239491691107
43.28215295099653,62.61592847508756,-0.598388671875,-0.51019287109375,0.57562255859375,0.224365234375,1.0709677419354837,32.453567937438905,0.4290322580645161,13.000977517106548
43.30219713499537,63.286907986722184,-0.58587646484375,-0.51171875,0.584716796875,0.230224609375,1.0774193548387097,32.64907135874878,0.132258064516129,4.007820136852394
43.32224535100977,63.286907986722184,-0.58587646484375,-0.51171875,0.584716796875,0.230224609375,1.058064516129032,32.06256109481915,0.0,0.0
43.34230729599949,63.81774501372954,-0.57476806640625,-0.514892578125,0.592041015625,0.232421875,1.0935483870967742,33.137829912023456,0.0,0.0
43.3624266179977,63.81774501372954,-0.57476806640625,-0.514892578125,0.592041015625,0.232421875,1.1903225806451614,36.07038123167156,0.0,0.0
43.38250779500231,63.81774501372954,-0.57476806640625,-0.514892578125,0.592041015625,0.232421875,1.1806451612903226,35.77712609970675,0.0,0.0
43.40260001301067,63.85912983970472,-0.5626220703125,-0.5185546875,0.60198974609375,0.22833251953125,1.2,36.36363636363637,0.0,0.0
43.42269482300617,63.85912983970472,-0.5626220703125,-0.5185546875,0.60198974609375,0.22833251953125,1.2225806451612904,37.047898338220925,0.0,0.0
43.442781215999275,63.767013879643486,-0.5504150390625,-0.52191162109375,0.61248779296875,0.22247314453125,1.2129032258064516,36.75464320625611,0.0,0.0
43.463614034000784,63.767013879643486,-0.5504150390625,-0.52191162109375,0.61248779296875,0.22247314453125,1.2387096774193547,37.536656891495596,0.019354838709677417,0.5865102639296187
43.48292248000507,63.767013879643486,-0.5504150390625,-0.52191162109375,0.61248779296875,0.22247314453125,1.2548387096774192,38.025415444770275,0.36451612903225805,11.04594330400782
43.50302000899683,63.86015221780185,-0.53619384765625,-0.52783203125,0.62255859375,0.215087890625,1.2709677419354837,38.51417399804496,0.4290322580645161,13.000977517106548
43.52310422499431,63.86015221780185,-0.53619384765625,-0.52783203125,0.62255859375,0.215087890625,1.3129032258064515,39.784946236559136,0.4838709677419355,14.66275659824047
43.54315564100398,63.67628562784706,-0.51971435546875,-0.53497314453125,0.63470458984375,0.2021484375,1.2741935483870968,38.6119257086999,0.5,15.151515151515152
43.563237200985895,63.67628562784706,-0.51971435546875,-0.53497314453125,0.63470458984375,0.2021484375,1.3225806451612903,40.07820136852395,0.6129032258064516,18.57282502443793
43.58331309698406,63.67628562784706,-0.51971435546875,-0.53497314453125,0.63470458984375,0.2021484375,1.329032258064516,40.27370478983382,0.9193548387096774,27.859237536656895
43.603401025990024,63.06679509748227,-0.4993896484375,-0.541259765625,0.6513671875,0.18255615234375,1.3580645161290321,41.153470185728246,1.0096774193548386,30.596285434995107
43.62347032999969,63.06679509748227,-0.4993896484375,-0.541259765625,0.6513671875,0.18255615234375,1.3548387096774193,41.05571847507331,1.12258064516129,34.01759530791788
43.643554129987024,61.81316080789475,-0.4757080078125,-0.546875,0.67181396484375,0.15252685546875,1.3677419354838707,41.44672531769305,1.2225806451612904,37.047898338220925
43.663637833989924,61.81316080789475,-0.4757080078125,-0.546875,0.67181396484375,0.15252685546875,1.3806451612903226,41.837732160312804,1.3096774193548386,39.687194525904204
43.68371148998267,61.81316080789475,-0.4757080078125,-0.546875,0.67181396484375,0.15252685546875,1.3935483870967742,42.22873900293255,1.3032258064516127,39.491691104594324
43.70378799398895,59.76549447144005,-0.4503173828125,-0.54962158203125,0.69482421875,0.1112060546875,1.4096774193548387,42.717497556207235,1.3354838709677417,40.46920821114369
43.72386494700913,59.76549447144005,-0.4503173828125,-0.54962158203125,0.69482421875,0.1112060546875,1.429032258064516,43.30400782013685,1.4161290322580644,42.91300097751711
43.743945194990374,56.72813116090862,-0.4288330078125,-0.54351806640625,0.7188720703125,0.0625,1.4193548387096775,43.01075268817205,1.5870967741935482,48.09384164222873
43.76402342700749,56.72813116090862,-0.4288330078125,-0.54351806640625,0.7188720703125,0.0625,1.4516129032258065,43.98826979472141,1.6516129032258065,50.048875855327466
43.784126076003304,56.72813116090862,-0.4288330078125,-0.54351806640625,0.7188720703125,0.0625,1.493548387096774,45.25904203323558,1.7838709677419353,54.05669599217986
43.804184148000786,53.66812021161753,-0.41131591796875,-0.53253173828125,0.73956298828125,0.01495361328125,1.5129032258064514,45.8455522971652,1.8322580645161288,55.5229716520039
43.824266891984735,53.66812021161753,-0.41131591796875,-0.53253173828125,0.73956298828125,0.01495361328125,1.5741935483870966,47.702834799608986,1.8548387096774193,56.20723362658847
43.8443375719944,51.46285895168795,0.39306640625,0.52484130859375,-0.75445556640625,0.02850341796875,1.6096774193548384,48.77810361681329,1.8548387096774193,56.20723362658847
43.8644583330024,51.46285895168795,0.39306640625,0.52484130859375,-0.75445556640625,0.02850341796875,1.5709677419354837,47.60508308895405,1.896774193548387,57.478005865102645
43.88450738100801,51.46285895168795,0.39306640625,0.52484130859375,-0.75445556640625,0.02850341796875,1.6387096774193548,49.65786901270772,1.8677419354838707,56.59824046920821
43.9045597880031,49.71647901343483,0.37451171875,0.5194091796875,-0.7647705078125,0.07098388671875,1.635483870967742,49.56011730205279,1.8419354838709676,55.816226783968716
43.92468374999589,49.71647901343483,0.37451171875,0.5194091796875,-0.7647705078125,0.07098388671875,1.6741935483870967,50.733137829912025,1.8548387096774193,56.20723362658847
43.94473132499843,48.572588194225204,0.35443115234375,0.5172119140625,-0.77105712890625,0.11126708984375,1.6838709677419355,51.02639296187683,1.896774193548387,57.478005865102645
43.96490402400377,48.572588194225204,0.35443115234375,0.5172119140625,-0.77105712890625,0.11126708984375,1.635483870967742,49.56011730205279,1.9129032258064516,57.96676441837732
43.98497128000599,48.572588194225204,0.35443115234375,0.5172119140625,-0.77105712890625,0.11126708984375,1.6451612903225807,49.8533724340176,1.9806451612903224,60.01955034213099
44.00509348200285,48.003441173934924,0.33453369140625,0.517578125,-0.77386474609375,0.14617919921875,1.6516129032258065,50.048875855327466,1.993548387096774,60.410557184750736
44.02514905700809,48.003441173934924,0.33453369140625,0.517578125,-0.77386474609375,0.14617919921875,1.6516129032258065,50.048875855327466,2.0064516129032257,60.80156402737048
44.045238074002555,47.870004904843725,0.3189697265625,0.520263671875,-0.773681640625,0.17034912109375,1.6516129032258065,50.048875855327466,2.009677419354839,60.899315738025415
44.06529252900509,47.870004904843725,0.3189697265625,0.520263671875,-0.773681640625,0.17034912109375,1.6806451612903226,50.9286412512219,2.041935483870968,61.87683284457478
44.08535306499107,47.870004904843725,0.3189697265625,0.520263671875,-0.773681640625,0.17034912109375,1.664516129032258,50.43988269794721,2.0354838709677416,61.6813294232649
44.10543500899803,48.49555939163573,0.302490234375,0.52587890625,-0.77301025390625,0.1854248046875,1.6709677419354838,50.635386119257085,1.9741935483870967,59.82404692082112
44.1255125690077,48.49555939163573,0.302490234375,0.52587890625,-0.77301025390625,0.1854248046875,1.6870967741935483,51.12414467253177,1.9838709677419355,60.117302052785924
44.14562305799336,50.86052956990679,0.27587890625,0.54052734375,-0.771728515625,0.19000244140625,1.8419354838709676,55.816226783968716,1.9838709677419355,60.117302052785924
44.16570913098985,50.86052956990679,0.27587890625,0.54052734375,-0.771728515625,0.19000244140625,1.8516129032258062,56.10948191593352,1.9451612903225806,58.94428152492669
44.1857169290015,50.86052956990679,0.27587890625,0.54052734375,-0.771728515625,0.19000244140625,1.861290322580645,56.402737047898334,1.9806451612903224,60.01955034213099
44.20583352999529,55.25487035006834,0.238525390625,0.55999755859375,-0.7728271484375,0.1796875,1.8580645161290321,56.304985337243394,1.9838709677419355,60.117302052785924
44.22592859499855,55.25487035006834,0.238525390625,0.55999755859375,-0.7728271484375,0.1796875,1.8580645161290321,56.304985337243394,2.0483870967741935,62.07233626588465
44.245988969982136,60.94312647827673,0.1986083984375,0.57635498046875,-0.77777099609375,0.1533203125,1.8548387096774193,56.20723362658847,2.0161290322580645,61.09481915933529
44.266044930001954,60.94312647827673,0.1986083984375,0.57635498046875,-0.77777099609375,0.1533203125,1.8645161290322578,56.50048875855327,2.0483870967741935,62.07233626588465
44.28612796199741,60.94312647827673,0.1986083984375,0.57635498046875,-0.77777099609375,0.1533203125,1.8677419354838707,56.59824046920821,2.0999999999999996,63.636363636363626
44.306153937010095,67.09877126113977,0.16357421875,0.5888671875,-0.783447265625,0.11279296875,1.8516129032258062,56.10948191593352,2.041935483870968,61.87683284457478
44.32621341600316,67.09877126113977,0.16357421875,0.5888671875,-0.783447265625,0.11279296875,1.8322580645161288,55.5229716520039,2.064516129032258,62.56109481915934
44.346279263991164,72.81623173524335,0.13580322265625,0.599853515625,-0.7855224609375,0.06842041015625,1.8548387096774193,56.20723362658847,2.0032258064516126,60.703812316715535
44.366337718995055,72.81623173524335,0.13580322265625,0.599853515625,-0.7855224609375,0.06842041015625,1.7774193548387096,53.86119257086999,2.0032258064516126,60.703812316715535
44.386427663994255,72.81623173524335,0.13580322265625,0.599853515625,-0.7855224609375,0.06842041015625,1.8096774193548386,54.83870967741935,2.0129032258064514,60.997067448680355
44.40652112898533,77.81935478484641,0.11773681640625,0.614990234375,-0.77935791015625,0.0223388671875,1.7999999999999998,54.54545454545454,1.996774193548387,60.50830889540567
44.426617825985886,77.81935478484641,0.11773681640625,0.614990234375,-0.77935791015625,0.0223388671875,1.8225806451612903,55.229716520039105,1.967741935483871,59.628543499511245
44.44669842600706,81.46105238101653,-0.11785888671875,-0.63214111328125,0.76544189453125,0.0252685546875,1.7903225806451613,54.25219941348974,1.9870967741935484,60.215053763440864
44.46678923399304,81.46105238101653,-0.11785888671875,-0.63214111328125,0.76544189453125,0.0252685546875,1.8419354838709676,55.816226783968716,1.996774193548387,60.50830889540567
44.48683491998236,81.46105238101653,-0.11785888671875,-0.63214111328125,0.76544189453125,0.0252685546875,1.8548387096774193,56.20723362658847,1.9709677419354839,59.72629521016618
44.50693932798458,84.19338075201,-0.13812255859375,-0.6507568359375,0.74237060546875,0.079833984375,1.8322580645161288,55.5229716520039,2.032258064516129,61.58357771260997
44.52700975100743,84.19338075201,-0.13812255859375,-0.6507568359375,0.74237060546875,0.079833984375,1.8354838709677417,55.62072336265884,2.0483870967741935,62.07233626588465
44.54705540498253,86.35699358230914,-0.177001953125,-0.666015625,0.710693359375,0.14117431640625,1.8774193548387097,56.89149560117303,2.02258064516129,61.29032258064516
44.56717975001084,86.35699358230914,-0.177001953125,-0.666015625,0.710693359375,0.14117431640625,1.8548387096774193,56.20723362658847,1.9580645161290322,59.33528836754643
44.58726796600968,86.35699358230914,-0.177001953125,-0.666015625,0.710693359375,0.14117431640625,1.829032258064516,55.42521994134897,1.9483870967741934,59.04203323558163
44.607351284998,87.89337295305779,-0.2249755859375,-0.67364501953125,0.67547607421875,0.19830322265625,1.829032258064516,55.42521994134897,1.9451612903225806,58.94428152492669
44.62743927698466,87.89337295305779,-0.2249755859375,-0.67364501953125,0.67547607421875,0.19830322265625,1.8225806451612903,55.229716520039105,2.0032258064516126,60.703812316715535
44.64826745298342,88.72434312334973,-0.276611328125,-0.67120361328125,0.64154052734375,0.247802734375,1.8225806451612903,55.229716520039105,1.9709677419354839,59.72629521016618
44.66761711600702,88.72434312334973,-0.276611328125,-0.67120361328125,0.64154052734375,0.247802734375,1.8032258064516127,54.64320625610948,2.064516129032258,62.56109481915934
44.68770107498858,88.72434312334973,-0.276611328125,-0.67120361328125,0.64154052734375,0.247802734375,1.7838709677419353,54.05669599217986,2.0387096774193547,61.779081133919846
44.70778145099757,88.7471414414961,-0.32879638671875,-0.657470703125,0.61285400390625,0.28985595703125,1.793548387096774,54.34995112414467,2.074193548387097,62.85434995112414
44.727844320994336,88.7471414414961,-0.32879638671875,-0.657470703125,0.61285400390625,0.28985595703125,1.8741935483870966,56.79374389051808,1.9903225806451612,60.312805474095796
44.747921305010095,87.94278698636481,-0.36993408203125,-0.63970947265625,0.59503173828125,0.3160400390625,1.9064516129032258,57.77126099706745,1.8903225806451613,57.28250244379277
44.768003664008575,87.94278698636481,-0.36993408203125,-0.63970947265625,0.59503173828125,0.3160400390625,1.7806451612903225,53.95894428152492,2.0,60.60606060606061
44.78808522300096,87.94278698636481,-0.36993408203125,-0.63970947265625,0.59503173828125,0.3160400390625,1.8806451612903226,56.98924731182796,1.961290322580645,59.43304007820137
44.80815833498491,86.05246263167311,-0.40484619140625,-0.62548828125,0.58367919921875,0.32275390625,1.8580645161290321,56.304985337243394,2.0387096774193547,61.779081133919846
44.82823480598745,86.05246263167311,-0.40484619140625,-0.62548828125,0.58367919921875,0.32275390625,1.8483870967741933,56.01173020527859,2.0806451612903225,63.049853372434015
44.848332973982906,82.74572894388994,-0.444580078125,-0.6083984375,0.575927734375,0.31707763671875,1.8483870967741933,56.01173020527859,2.02258064516129,61.29032258064516
44.86841661299695,82.74572894388994,-0.444580078125,-0.6083984375,0.575927734375,0.31707763671875,1.829032258064516,55.42521994134897,2.009677419354839,60.899315738025415
44.88849468398257,82.74572894388994,-0.444580078125,-0.6083984375,0.575927734375,0.31707763671875,1.7516129032258063,53.0791788856305,1.9709677419354839,59.72629521016618
44.90858088398818,77.90172593363141,-0.47967529296875,-0.58709716796875,0.5809326171875,0.296142578125,1.7516129032258063,53.0791788856305,1.9774193548387096,59.92179863147605
44.928652331000194,77.90172593363141,-0.47967529296875,-0.58709716796875,0.5809326171875,0.296142578125,1.7516129032258063,53.0791788856305,1.9225806451612903,58.260019550342136
44.948732162010856,71.70090107116647,-0.51275634765625,-0.56201171875,0.5936279296875,0.26226806640625,1.7387096774193547,52.68817204301075,1.8806451612903226,56.98924731182796
44.96883637900464,71.70090107116647,-0.51275634765625,-0.56201171875,0.5936279296875,0.26226806640625,1.7258064516129032,52.29716520039101,1.829032258064516,55.42521994134897
44.988942514988594,71.70090107116647,-0.51275634765625,-0.56201171875,0.5936279296875,0.26226806640625,1.6741935483870967,50.733137829912025,1.7548387096774192,53.17693059628543
45.00904090699623,64.95728678266468,-0.5433349609375,-0.533935546875,0.60833740234375,0.22265625,1.6741935483870967,50.733137829912025,1.7258064516129032,52.29716520039101
45.029164834995754,64.95728678266468,-0.5433349609375,-0.533935546875,0.60833740234375,0.22265625,1.6516129032258065,50.048875855327466,1.7,51.515151515151516
45.049153751984704,58.173123250069594,-0.56781005859375,-0.5079345703125,0.62298583984375,0.17730712890625,1.6516129032258065,50.048875855327466,1.7516129032258063,53.0791788856305
45.06929000100354,58.173123250069594,-0.56781005859375,-0.5079345703125,0.62298583984375,0.17730712890625,1.6548387096774193,50.146627565982406,1.764516129032258,53.47018572825024
45.089298309991136,58.173123250069594,-0.56781005859375,-0.5079345703125,0.62298583984375,0.17730712890625,1.6612903225806452,50.34213098729228,1.8032258064516127,54.64320625610948
45.10943423898425,51.78953905184563,-0.5848388671875,-0.48272705078125,0.63824462890625,0.132568359375,1.6612903225806452,50.34213098729228,1.8354838709677417,55.62072336265884
45.129483925004024,51.78953905184563,-0.5848388671875,-0.48272705078125,0.63824462890625,0.132568359375,1.664516129032258,50.43988269794721,1.7999999999999998,54.54545454545454
45.14958993400796,45.802303850921284,-0.59783935546875,-0.45556640625,0.65313720703125,0.09197998046875,1.6870967741935483,51.12414467253177,1.761290322580645,53.3724340175953
45.169621826993534,45.802303850921284,-0.59783935546875,-0.45556640625,0.65313720703125,0.09197998046875,1.6806451612903226,50.9286412512219,1.829032258064516,55.42521994134897
45.18966674600961,45.802303850921284,-0.59783935546875,-0.45556640625,0.65313720703125,0.09197998046875,1.6548387096774193,50.146627565982406,1.8322580645161288,55.5229716520039
45.209758865006734,40.59739954824248,-0.60211181640625,-0.43218994140625,0.66912841796875,0.05377197265625,1.6774193548387097,50.83088954056696,1.8193548387096772,55.13196480938416
45.229806760005886,40.59739954824248,-0.60211181640625,-0.43218994140625,0.66912841796875,0.05377197265625,1.6774193548387097,50.83088954056696,1.764516129032258,53.47018572825024
45.24986495799385,36.364887966972134,-0.5997314453125,-0.41571044921875,0.68353271484375,0.017578125,1.7129032258064516,51.90615835777126,1.7516129032258063,53.0791788856305
45.26993163698353,36.364887966972134,-0.5997314453125,-0.41571044921875,0.68353271484375,0.017578125,1.7032258064516128,51.61290322580645,1.6548387096774193,50.146627565982406
45.29002852499252,36.364887966972134,-0.5997314453125,-0.41571044921875,0.68353271484375,0.017578125,1.7258064516129032,52.29716520039101,1.7161290322580645,52.003910068426194
45.31007853100891,33.21973849555644,0.59320068359375,0.4088134765625,-0.693359375,0.01708984375,1.732258064516129,52.49266862170088,1.6935483870967742,51.31964809384164
45.33020377199864,33.21973849555644,0.59320068359375,0.4088134765625,-0.693359375,0.01708984375,1.7483870967741935,52.98142717497556,1.6806451612903226,50.9286412512219
45.35026926698629,30.9778524449547,0.5870361328125,0.40655517578125,-0.69854736328125,0.0457763671875,1.8354838709677417,55.62072336265884,1.6516129032258065,50.048875855327466
45.37030759299523,30.9778524449547,0.5870361328125,0.40655517578125,-0.69854736328125,0.0457763671875,1.7999999999999998,54.54545454545454,1.6806451612903226,50.9286412512219
45.39039193600183,30.9778524449547,0.5870361328125,0.40655517578125,-0.69854736328125,0.0457763671875,1.8354838709677417,55.62072336265884,1.6741935483870967,50.733137829912025
45.410527386004105,29.417845506176164,0.57818603515625,0.408935546875,-0.70233154296875,0.072021484375,1.8451612903225805,55.91397849462365,1.6709677419354838,50.635386119257085
45.43059108799207,29.417845506176164,0.57818603515625,0.408935546875,-0.70233154296875,0.072021484375,1.8354838709677417,55.62072336265884,1.6483870967741936,49.95112414467254
45.45061683800304,28.09982667935826,0.56732177734375,0.41009521484375,-0.70751953125,0.09674072265625,1.8193548387096772,55.13196480938416,1.558064516129032,47.21407624633431
45.47067385198898,28.09982667935826,0.56732177734375,0.41009521484375,-0.70751953125,0.09674072265625,1.8387096774193548,55.71847507331379,1.5709677419354837,47.60508308895405
45.490746609983034,28.09982667935826,0.56732177734375,0.41009521484375,-0.70751953125,0.09674072265625,1.8096774193548386,54.83870967741935,1.5516129032258064,47.018572825024435
45.51081159198657,26.356956077631615,0.56402587890625,0.40460205078125,-0.71026611328125,0.1171875,1.8193548387096772,55.13196480938416,1.6129032258064515,48.87585532746823
45.53087538998807,26.356956077631615,0.56402587890625,0.40460205078125,-0.71026611328125,0.1171875,1.8193548387096772,55.13196480938416,1.5774193548387094,47.800586510263926
45.55095979600446,24.93172901395141,0.563720703125,0.39996337890625,-0.71051025390625,0.1322021484375,1.829032258064516,55.42521994134897,1.5709677419354837,47.60508308895405
45.57102602600935,24.93172901395141,0.563720703125,0.39996337890625,-0.71051025390625,0.1322021484375,1.8193548387096772,55.13196480938416,1.558064516129032,47.21407624633431
45.591082272003405,24.93172901395141,0.563720703125,0.39996337890625,-0.71051025390625,0.1322021484375,1.8032258064516127,54.64320625610948,1.5419354838709676,46.72531769305962
45.61114677399746,23.981281650555175,0.56439208984375,0.40069580078125,-0.70721435546875,0.14398193359375,1.8032258064516127,54.64320625610948,1.4838709677419355,44.965786901270775
45.63125191698782,23.981281650555175,0.56439208984375,0.40069580078125,-0.70721435546875,0.14398193359375,1.8064516129032258,54.74095796676443,1.5741935483870966,47.702834799608986
45.65129948998219,23.206729452774113,0.56463623046875,0.4056396484375,-0.7015380859375,0.1563720703125,1.764516129032258,53.47018572825024,1.5709677419354837,47.60508308895405
45.67138252098812,23.206729452774113,0.56463623046875,0.4056396484375,-0.7015380859375,0.1563720703125,1.7548387096774192,53.17693059628543,1.493548387096774,45.25904203323558
45.691480848006904,23.206729452774113,0.56463623046875,0.4056396484375,-0.7015380859375,0.1563720703125,1.7387096774193547,52.68817204301075,1.590322580645161,48.19159335288367
45.711531396984356,22.451014065046166,0.5660400390625,0.4107666015625,-0.69488525390625,0.16741943359375,1.7580645161290323,53.27468230694038,1.5161290322580645,45.94330400782014
45.731589403003454,22.451014065046166,0.5660400390625,0.4107666015625,-0.69488525390625,0.16741943359375,1.7548387096774192,53.17693059628543,1.4451612903225806,43.79276637341153
45.7517408200074,22.321310510630497,0.5670166015625,0.41778564453125,-0.6885986328125,0.17254638671875,1.7,51.515151515151516,1.4161290322580644,42.91300097751711
45.77178455298417,22.321310510630497,0.5670166015625,0.41778564453125,-0.6885986328125,0.17254638671875,1.7032258064516128,51.61290322580645,1.3935483870967742,42.22873900293255
45.7918371509877,22.321310510630497,0.5670166015625,0.41778564453125,-0.6885986328125,0.17254638671875,1.7193548387096773,52.101661779081134,1.361290322580645,41.251221896383186
45.811912309000036,22.53300704745635,0.56658935546875,0.421875,-0.6864013671875,0.1728515625,1.6838709677419355,51.02639296187683,1.0548387096774192,31.964809384164223
45.83198353101034,22.53300704745635,0.56658935546875,0.421875,-0.6864013671875,0.1728515625,1.6774193548387097,50.83088954056696,1.1516129032258065,34.89736070381232
45.8520360320108,22.89009077150274,0.56146240234375,0.4249267578125,-0.68829345703125,0.174560546875,1.6741935483870967,50.733137829912025,1.2354838709677418,37.43890518084066
45.87212731898762,22.89009077150274,0.56146240234375,0.4249267578125,-0.68829345703125,0.174560546875,1.6548387096774193,50.146627565982406,1.293548387096774,39.19843597262952
45.89217322898912,22.89009077150274,0.56146240234375,0.4249267578125,-0.68829345703125,0.174560546875,1.6483870967741936,49.95112414467254,1.2838709677419353,38.90518084066471
45.91223305798485,23.240327686657636,0.55206298828125,0.43017578125,-0.69085693359375,0.181396484375,1.6451612903225807,49.8533724340176,1.1903225806451614,36.07038123167156
45.932294775993796,23.240327686657636,0.55206298828125,0.43017578125,-0.69085693359375,0.181396484375,1.6387096774193548,49.65786901270772,1.1548387096774193,34.99511241446726
45.95236327798921,23.70141873872089,0.53973388671875,0.4395751953125,-0.69171142578125,0.19219970703125,1.6483870967741936,49.95112414467254,1.1129032258064515,33.724340175953074
45.97250669499044,23.70141873872089,0.53973388671875,0.4395751953125,-0.69171142578125,0.19219970703125,1.632258064516129,49.462365591397855,0.9354838709677419,28.347996089931577
45.99254841200309,23.70141873872089,0.53973388671875,0.4395751953125,-0.69171142578125,0.19219970703125,1.593548387096774,48.289345063538605,0.7935483870967741,24.046920821114366
46.01260632200865,25.082382093880724,0.522216796875,0.4576416015625,-0.69097900390625,0.2010498046875,1.5741935483870966,47.702834799608986,0.8290322580645161,25.12218963831867
46.03266323899152,25.082382093880724,0.522216796875,0.4576416015625,-0.69097900390625,0.2010498046875,1.5451612903225804,46.82306940371456,0.7193548387096774,21.79863147605083
46.05276585399406,27.501522373624184,0.498046875,0.48040771484375,-0.69195556640625,0.205810546875,1.5709677419354837,47.60508308895405,0.6838709677419353,20.723362658846526
46.07279547498911,27.501522373624184,0.498046875,0.48040771484375,-0.69195556640625,0.205810546875,1.5774193548387094,47.800586510263926,0.7354838709677419,22.28739002932551
46.092870952998055,27.501522373624184,0.498046875,0.48040771484375,-0.69195556640625,0.205810546875,1.6161290322580644,48.97360703812317,0.9387096774193548,28.445747800586513
46.112923103006324,31.169758225687914,0.4669189453125,0.5047607421875,-0.697265625,0.20257568359375,1.6387096774193548,49.65786901270772,0.996774193548387,30.205278592375368
46.13304453500314,31.169758225687914,0.4669189453125,0.5047607421875,-0.697265625,0.20257568359375,1.6483870967741936,49.95112414467254,1.0838709677419354,32.84457478005865
46.15309149998939,35.596848611099176,0.43084716796875,0.526123046875,-0.7071533203125,0.19366455078125,1.664516129032258,50.43988269794721,1.1548387096774193,34.99511241446726
46.17314160199021,35.596848611099176,0.43084716796875,0.526123046875,-0.7071533203125,0.19366455078125,1.6612903225806452,50.34213098729228,1.2709677419354837,38.51417399804496
46.193204118986614,35.596848611099176,0.43084716796875,0.526123046875,-0.7071533203125,0.19366455078125,1.7,51.515151515151516,1.3354838709677417,40.46920821114369
46.21332980701118,39.913802331366796,0.3953857421875,0.54205322265625,-0.718505859375,0.18341064453125,1.7516129032258063,53.0791788856305,1.432258064516129,43.401759530791786
46.233349412010284,39.913802331366796,0.3953857421875,0.54205322265625,-0.718505859375,0.18341064453125,1.7774193548387096,53.86119257086999,1.525806451612903,46.236559139784944
46.25342172200908,44.54374717975102,0.3543701171875,0.5616455078125,-0.72662353515625,0.176025390625,1.8548387096774193,56.20723362658847,1.7225806451612902,52.19941348973607
46.27347630399163,44.54374717975102,0.3543701171875,0.5616455078125,-0.72662353515625,0.176025390625,1.8354838709677417,55.62072336265884,1.729032258064516,52.39491691104594
46.29353933298262,44.54374717975102,0.3543701171875,0.5616455078125,-0.72662353515625,0.176025390625,1.861290322580645,56.402737047898334,1.732258064516129,52.49266862170088
46.31364758100244,48.85850158548682,0.309814453125,0.583984375,-0.72930908203125,0.1763916015625,1.8419354838709676,55.816226783968716,1.7225806451612902,52.19941348973607
46.33368894600426,48.85850158548682,0.309814453125,0.583984375,-0.72930908203125,0.1763916015625,1.8580645161290321,56.304985337243394,1.7,51.515151515151516
46.353750120004406,52.121401657043165,0.27099609375,0.6007080078125,-0.72979736328125,0.18182373046875,1.8774193548387097,56.89149560117303,1.7161290322580645,52.003910068426194
46.37384515098529,52.121401657043165,0.27099609375,0.6007080078125,-0.72979736328125,0.18182373046875,1.8580645161290321,56.304985337243394,1.6903225806451612,51.2218963831867
46.393938645982416,52.121401657043165,0.27099609375,0.6007080078125,-0.72979736328125,0.18182373046875,1.8580645161290321,56.304985337243394,1.7032258064516128,51.61290322580645
46.413974922994385,54.99872953214447,0.23876953125,0.611083984375,-0.7320556640625,0.18328857421875,1.8741935483870966,56.79374389051808,1.764516129032258,53.47018572825024
46.43403110399959,54.99872953214447,0.23876953125,0.611083984375,-0.7320556640625,0.18328857421875,1.8806451612903226,56.98924731182796,1.7419354838709677,52.785923753665685
46.45410888598417,57.85656686599437,0.21502685546875,0.61712646484375,-0.73651123046875,0.1744384765625,1.8806451612903226,56.98924731182796,1.6741935483870967,50.733137829912025
46.47417309900629,57.85656686599437,0.21502685546875,0.61712646484375,-0.73651123046875,0.1744384765625,1.8935483870967742,57.380254154447705,1.7870967741935482,54.154447702834794
46.494232831988484,57.85656686599437,0.21502685546875,0.61712646484375,-0.73651123046875,0.1744384765625,1.9580645161290322,59.33528836754643,1.8548387096774193,56.20723362658847
46.51429419699707,60.85949160120393,0.196044921875,0.62060546875,-0.74267578125,0.15771484375,1.932258064516129,58.55327468230694,1.9,57.57575757575758
46.5343554019928,60.85949160120393,0.196044921875,0.62060546875,-0.74267578125,0.15771484375,1.9387096774193548,58.748778103616814,1.9193548387096775,58.162267839687196
46.554431071010185,63.903418664806594,0.18121337890625,0.61114501953125,-0.75860595703125,0.13494873046875,1.9451612903225806,58.94428152492669,1.9096774193548387,57.86901270772239
46.57452142899274,63.903418664806594,0.18121337890625,0.61114501953125,-0.75860595703125,0.13494873046875,1.9225806451612903,58.260019550342136,1.932258064516129,58.55327468230694
46.59459895500913,63.903418664806594,0.18121337890625,0.61114501953125,-0.75860595703125,0.13494873046875,1.9258064516129032,58.35777126099707,1.9064516129032258,57.77126099706745
46.61468508798862,68.38166082661888,0.15777587890625,0.61749267578125,-0.76361083984375,0.10321044921875,1.9161290322580644,58.06451612903226,1.8709677419354838,56.695992179863154
46.634727028984344,68.38166082661888,0.15777587890625,0.61749267578125,-0.76361083984375,0.10321044921875,1.896774193548387,57.478005865102645,1.8258064516129031,55.32746823069403
46.65478893800173,71.84821909633477,0.1412353515625,0.6268310546875,-0.76239013671875,0.07672119140625,1.8838709677419354,57.0869990224829,1.7193548387096773,52.101661779081134
46.67484492599033,71.84821909633477,0.1412353515625,0.6268310546875,-0.76239013671875,0.07672119140625,1.8709677419354838,56.695992179863154,1.5838709677419354,47.9960899315738
46.69494814900099,71.84821909633477,0.1412353515625,0.6268310546875,-0.76239013671875,0.07672119140625,1.8258064516129031,55.32746823069403,1.5032258064516129,45.552297165200386
46.714993640984176,75.07213116589938,0.13079833984375,0.63714599609375,-0.7581787109375,0.0465087890625,1.8064516129032258,54.74095796676443,1.329032258064516,40.27370478983382
46.735049949988024,75.07213116589938,0.13079833984375,0.63714599609375,-0.7581787109375,0.0465087890625,1.8193548387096772,55.13196480938416,1.3387096774193548,40.56695992179863
46.755115122999996,78.52084998025902,0.124267578125,0.64508056640625,-0.75384521484375,0.009033203125,1.8064516129032258,54.74095796676443,1.3096774193548386,39.687194525904204
46.77526202698937,78.52084998025902,0.124267578125,0.64508056640625,-0.75384521484375,0.009033203125,1.7999999999999998,54.54545454545454,1.2741935483870968,38.6119257086999
46.7952999350091,78.52084998025902,0.124267578125,0.64508056640625,-0.75384521484375,0.009033203125,1.7709677419354837,53.665689149560116,1.032258064516129,31.28054740957967
46.815391509007895,81.73038932149692,-0.122314453125,-0.6505126953125,0.74896240234375,0.0302734375,1.7483870967741935,52.98142717497556,0.9322580645161289,28.250244379276634
46.8354356889904,81.73038932149692,-0.122314453125,-0.6505126953125,0.74896240234375,0.0302734375,1.732258064516129,52.49266862170088,0.9548387096774194,28.934506353861195
46.85555740800919,84.09246593180852,-0.125244140625,-0.65380859375,0.7435302734375,0.063720703125,1.7258064516129032,52.29716520039101,0.7580645161290323,22.97165200391007
46.875587251997786,84.09246593180852,-0.125244140625,-0.65380859375,0.7435302734375,0.063720703125,1.732258064516129,52.49266862170088,0.6419354838709677,19.452590420332356
46.8956442970084,84.09246593180852,-0.125244140625,-0.65380859375,0.7435302734375,0.063720703125,1.7129032258064516,51.90615835777126,0.6354838709677418,19.25708699902248
46.9157089900109,85.58225287525603,-0.1370849609375,-0.65643310546875,0.7357177734375,0.094970703125,1.6870967741935483,51.12414467253177,0.5709677419354839,17.302052785923756
46.935775443009334,85.58225287525603,-0.1370849609375,-0.65643310546875,0.7357177734375,0.094970703125,1.6387096774193548,49.65786901270772,0.5419354838709677,16.422287390029325
46.95584055199288,87.102977276248,-0.15435791015625,-0.6636962890625,0.7203369140625,0.12945556640625,1.6419354838709677,49.75562072336266,0.5838709677419355,17.6930596285435
46.97598403098527,87.102977276248,-0.15435791015625,-0.6636962890625,0.7203369140625,0.12945556640625,1.6064516129032256,48.68035190615835,0.5774193548387097,17.49755620723363
46.99604379601078,87.102977276248,-0.15435791015625,-0.6636962890625,0.7203369140625,0.12945556640625,1.5774193548387094,47.800586510263926,0.6967741935483871,21.114369501466275
47.01614794600755,88.1684067699685,-0.176025390625,-0.666748046875,0.70574951171875,0.162353515625,1.590322580645161,48.19159335288367,0.7064516129032258,21.407624633431084
47.036259488988435,88.1684067699685,-0.176025390625,-0.666748046875,0.70574951171875,0.162353515625,1.5741935483870966,47.702834799608986,0.5806451612903226,17.595307917888565
47.05636709500686,89.22652844702861,-0.19769287109375,-0.667236328125,0.6912841796875,0.1947021484375,1.561290322580645,47.31182795698924,0.39677419354838706,12.023460410557183
47.07648087799316,89.22652844702861,-0.19769287109375,-0.667236328125,0.6912841796875,0.1947021484375,1.5419354838709676,46.72531769305962,0.5354838709677419,16.226783968719452
47.09645046398509,89.22652844702861,-0.19769287109375,-0.667236328125,0.6912841796875,0.1947021484375,1.4838709677419355,44.965786901270775,0.45161290322580644,13.685239491691107
47.116566966986284,89.94763506677766,-0.22027587890625,-0.664306640625,0.67816162109375,0.22418212890625,1.4903225806451612,45.16129032258064,0.4129032258064516,12.512218963831867
47.13659245800227,89.94763506677766,-0.22027587890625,-0.664306640625,0.67816162109375,0.22418212890625,1.4806451612903224,44.868035190615835,0.4161290322580645,12.609970674486803
47.15670070500346,90.36629785642708,-0.2445068359375,-0.66119384765625,0.66363525390625,0.250244140625,1.5064516129032257,45.650048875855326,0.2225806451612903,6.744868035190615
47.1767334289907,90.36629785642708,-0.2445068359375,-0.66119384765625,0.66363525390625,0.250244140625,1.4451612903225806,43.79276637341153,0.332258064516129,10.068426197458455
47.19681882701116,90.36629785642708,-0.2445068359375,-0.66119384765625,0.66363525390625,0.250244140625,1.3645161290322578,41.34897360703812,0.4387096774193548,13.294232649071358
47.216872094984865,90.52186781931401,-0.269775390625,-0.6573486328125,0.64849853515625,0.2730712890625,1.3741935483870966,41.64222873900293,0.43548387096774194,13.196480938416421
47.23692942800699,90.52186781931401,-0.269775390625,-0.6573486328125,0.64849853515625,0.2730712890625,1.4258064516129032,43.20625610948191,0.47096774193548385,14.271749755620725
47.257069098996,90.19971812398038,-0.29388427734375,-0.65020751953125,0.63739013671875,0.290771484375,1.4096774193548387,42.717497556207235,0.4612903225806451,13.978494623655912
47.27709779099678,90.19971812398038,-0.29388427734375,-0.65020751953125,0.63739013671875,0.290771484375,1.4064516129032258,42.619745845552295,0.43548387096774194,13.196480938416421
47.29715147599927,90.19971812398038,-0.29388427734375,-0.65020751953125,0.63739013671875,0.290771484375,1.3774193548387097,41.73998044965787,0.4064516129032258,12.316715542521994
47.317212585010566,89.40238347011876,-0.3148193359375,-0.6417236328125,0.63104248046875,0.30145263671875,1.3645161290322578,41.34897360703812,0.3709677419354839,11.241446725317694
47.337310111004626,89.40238347011876,-0.3148193359375,-0.6417236328125,0.63104248046875,0.30145263671875,1.3483870967741933,40.86021505376344,0.24193548387096775,7.331378299120235
47.357405844988534,88.305602734618,-0.33514404296875,-0.63336181640625,0.62591552734375,0.307861328125,1.1451612903225807,34.701857282502445,0.25161290322580643,7.624633431085044
47.37747421799577,88.305602734618,-0.33514404296875,-0.63336181640625,0.62591552734375,0.307861328125,1.2387096774193547,37.536656891495596,0.2935483870967742,8.895405669599219
47.397501277999254,88.305602734618,-0.33514404296875,-0.63336181640625,0.62591552734375,0.307861328125,1.3903225806451613,42.13098729227762,0.3064516129032258,9.286412512218964
47.41758766799467,86.82267529383118,-0.35791015625,-0.623291015625,0.6212158203125,0.312255859375,1.3645161290322578,41.34897360703812,0.3161290322580645,9.579667644183774
47.43765421700664,86.82267529383118,-0.35791015625,-0.623291015625,0.6212158203125,0.312255859375,1.3064516129032258,39.589442815249264,0.07741935483870967,2.3460410557184748
47.45771727699321,84.43667017305364,-0.3817138671875,-0.61285400390625,0.6199951171875,0.30706787109375,1.2580645161290323,38.12316715542522,0.0,0.0
47.477784721995704,84.43667017305364,-0.3817138671875,-0.61285400390625,0.6199951171875,0.30706787109375,1.2741935483870968,38.6119257086999,0.0,0.0
47.49791002398706,84.43667017305364,-0.3817138671875,-0.61285400390625,0.6199951171875,0.30706787109375,1.2709677419354837,38.51417399804496,0.0,0.0
47.517990332009504,81.21782590901329,-0.408935546875,-0.603759765625,0.61859130859375,0.29254150390625,1.2870967741935482,39.00293255131964,0.0,0.0
47.538076784985606,81.21782590901329,-0.408935546875,-0.603759765625,0.61859130859375,0.29254150390625,1.2354838709677418,37.43890518084066,0.0,0.0
47.55817303000367,77.69879823398335,-0.43560791015625,-0.5921630859375,0.61932373046875,0.27569580078125,1.2354838709677418,37.43890518084066,0.0,0.0
47.57825577098993,77.69879823398335,-0.43560791015625,-0.5921630859375,0.61932373046875,0.27569580078125,1.2258064516129032,37.14565004887586,0.0,0.0
47.59837316899211,77.69879823398335,-0.43560791015625,-0.5921630859375,0.61932373046875,0.27569580078125,1.206451612903226,36.55913978494624,0.0,0.0
47.6184511409956,74.01412585201624,-0.45892333984375,-0.578369140625,0.6236572265625,0.25677490234375,1.2161290322580645,36.852394916911045,0.07096774193548387,2.1505376344086025
47.63852210598998,74.01412585201624,-0.45892333984375,-0.578369140625,0.6236572265625,0.25677490234375,1.2677419354838708,38.41642228739003,0.2129032258064516,6.451612903225806
47.658596622000914,70.03645773822309,-0.48138427734375,-0.564697265625,0.62841796875,0.2333984375,1.2580645161290323,38.12316715542522,0.2290322580645161,6.940371456500488
47.67870310798753,70.03645773822309,-0.48138427734375,-0.564697265625,0.62841796875,0.2333984375,1.2806451612903225,38.80742913000977,0.24838709677419354,7.526881720430108
47.698751158983214,70.03645773822309,-0.48138427734375,-0.564697265625,0.62841796875,0.2333984375,1.2741935483870968,38.6119257086999,0.3129032258064516,9.481915933528837
47.71879629898467,65.8238704472695,-0.5028076171875,-0.5498046875,0.63397216796875,0.20733642578125,1.3096774193548386,39.687194525904204,0.32580645161290317,9.872922776148581
47.73884924699087,65.8238704472695,-0.5028076171875,-0.5498046875,0.63397216796875,0.20733642578125,1.3129032258064515,39.784946236559136,0.4129032258064516,12.512218963831867
47.758909714990295,61.63968402339833,-0.522216796875,-0.53466796875,0.63946533203125,0.18035888671875,1.3419354838709676,40.66471163245357,0.4548387096774193,13.78299120234604
47.779014024010394,61.63968402339833,-0.522216796875,-0.53466796875,0.63946533203125,0.18035888671875,1.3258064516129031,40.17595307917888,0.6677419354838708,20.234604105571844
47.799042298982386,61.63968402339833,-0.522216796875,-0.53466796875,0.63946533203125,0.18035888671875,1.3387096774193548,40.56695992179863,0.6903225806451613,20.918866080156402
47.819105839007534,57.563573234775006,-0.53851318359375,-0.51953125,0.6455078125,0.15289306640625,1.3387096774193548,40.56695992179863,0.5870967741935484,17.790811339198438
47.83921830900363,57.563573234775006,-0.53851318359375,-0.51953125,0.6455078125,0.15289306640625,1.3258064516129031,40.17595307917888,0.6,18.181818181818183
47.85926229599863,53.319869954405924,-0.55291748046875,-0.50213623046875,0.6531982421875,0.12445068359375,1.3419354838709676,40.66471163245357,0.48709677419354835,14.760508308895407
47.87936049301061,53.319869954405924,-0.55291748046875,-0.50213623046875,0.6531982421875,0.12445068359375,1.3838709677419354,41.935483870967744,0.5354838709677419,16.226783968719452
47.89947411499452,53.319869954405924,-0.55291748046875,-0.50213623046875,0.6531982421875,0.12445068359375,1.3677419354838707,41.44672531769305,0.5258064516129032,15.933528836754643
47.91950040598749,49.39061393177929,-0.5665283203125,-0.48590087890625,0.6583251953125,0.0977783203125,1.3645161290322578,41.34897360703812,0.6967741935483871,21.114369501466275
47.93955725801061,49.39061393177929,-0.5665283203125,-0.48590087890625,0.6583251953125,0.0977783203125,1.4,42.42424242424242,0.7,21.21212121212121
47.959620061999885,45.61745168886766,-0.57904052734375,-0.4686279296875,0.66314697265625,0.0731201171875,1.4,42.42424242424242,0.7806451612903225,23.65591397849462
47.979684689984424,45.61745168886766,-0.57904052734375,-0.4686279296875,0.66314697265625,0.0731201171875,1.396774193548387,42.32649071358749,0.7903225806451613,23.949169110459433
47.99975111000822,45.61745168886766,-0.57904052734375,-0.4686279296875,0.66314697265625,0.0731201171875,1.4225806451612903,43.10850439882698,0.832258064516129,25.219941348973606
48.019818586006295,41.73375863118801,-0.588623046875,-0.44921875,0.67041015625,0.0478515625,1.4387096774193548,43.59726295210166,1.1096774193548387,33.62658846529814
48.039929040009156,41.73375863118801,-0.588623046875,-0.44921875,0.67041015625,0.0478515625,1.4161290322580644,42.91300097751711,1.0774193548387097,32.64907135874878
48.05997043498792,37.962653571217295,-0.59722900390625,-0.4283447265625,0.6776123046875,0.02447509765625,1.464516129032258,44.37927663734115,1.264516129032258,38.318670576735094
48.080133467010455,37.962653571217295,-0.59722900390625,-0.4283447265625,0.6776123046875,0.02447509765625,1.493548387096774,45.25904203323558,1.3064516129032258,39.589442815249264
48.10023646400077,37.962653571217295,-0.59722900390625,-0.4283447265625,0.6776123046875,0.02447509765625,1.4838709677419355,44.965786901270775,1.3806451612903226,41.837732160312804
48.12026083498495,34.4985669509478,-0.6048583984375,-0.4091796875,0.68316650390625,0.0028076171875,1.5193548387096774,46.04105571847507,1.4096774193548387,42.717497556207235
48.14056806298322,34.4985669509478,-0.6048583984375,-0.4091796875,0.68316650390625,0.0028076171875,1.5387096774193547,46.62756598240469,1.5677419354838709,47.507331378299114
48.16058366600191,32.02257436833577,0.60791015625,0.39654541015625,-0.687744140625,0.01470947265625,1.5483870967741935,46.9208211143695,1.6161290322580644,48.97360703812317
48.18066701400676,32.02257436833577,0.60791015625,0.39654541015625,-0.687744140625,0.01470947265625,1.5516129032258064,47.018572825024435,1.5870967741935482,48.09384164222873
48.20073455400416,32.02257436833577,0.60791015625,0.39654541015625,-0.687744140625,0.01470947265625,1.5677419354838709,47.507331378299114,1.62258064516129,49.169110459433035
48.22079492599005,30.475131747199327,0.608154296875,0.38946533203125,-0.69122314453125,0.027099609375,1.561290322580645,47.31182795698924,1.6258064516129032,49.266862170087975
48.24084777798271,30.475131747199327,0.608154296875,0.38946533203125,-0.69122314453125,0.027099609375,1.6064516129032256,48.68035190615835,1.6870967741935483,51.12414467253177
48.260905045986874,29.37461382184378,0.60784912109375,0.38372802734375,-0.69427490234375,0.03570556640625,1.5838709677419354,47.9960899315738,1.5709677419354837,47.60508308895405
48.28096817000187,29.37461382184378,0.60784912109375,0.38372802734375,-0.69427490234375,0.03570556640625,1.6129032258064515,48.87585532746823,1.6516129032258065,50.048875855327466
48.30109625600744,29.37461382184378,0.60784912109375,0.38372802734375,-0.69427490234375,0.03570556640625,1.593548387096774,48.289345063538605,1.6870967741935483,51.12414467253177
48.32114536399604,28.647177942656306,0.60498046875,0.38165283203125,-0.6973876953125,0.04425048828125,1.6096774193548384,48.77810361681329,1.6451612903225807,49.8533724340176
48.34121514399885,28.647177942656306,0.60498046875,0.38165283203125,-0.6973876953125,0.04425048828125,1.6258064516129032,49.266862170087975,1.667741935483871,50.53763440860215
48.36131170898443,28.094029283510586,0.60003662109375,0.38446044921875,-0.69927978515625,0.055908203125,1.6258064516129032,49.266862170087975,1.7387096774193547,52.68817204301075
48.381356976984534,28.094029283510586,0.60003662109375,0.38446044921875,-0.69927978515625,0.055908203125,1.6290322580645162,49.36461388074292,1.7483870967741935,52.98142717497556
48.40140560499276,28.094029283510586,0.60003662109375,0.38446044921875,-0.69927978515625,0.055908203125,1.6419354838709677,49.75562072336266,1.7516129032258063,53.0791788856305
48.421471256995574,27.761351825565242,0.59405517578125,0.39111328125,-0.6995849609375,0.06866455078125,1.6258064516129032,49.266862170087975,1.7516129032258063,53.0791788856305
48.44153594900854,27.761351825565242,0.59405517578125,0.39111328125,-0.6995849609375,0.06866455078125,1.6193548387096772,49.071358748778096,1.7709677419354837,53.665689149560116
48.461618336994434,27.9160693080456,0.58453369140625,0.40179443359375,-0.70025634765625,0.08087158203125,1.6064516129032256,48.68035190615835,1.8193548387096772,55.13196480938416
48.481665875006,27.9160693080456,0.58453369140625,0.40179443359375,-0.70025634765625,0.08087158203125,1.6096774193548384,48.77810361681329,1.8161290322580643,55.034213098729225
48.50173315900611,27.9160693080456,0.58453369140625,0.40179443359375,-0.70025634765625,0.08087158203125,1.561290322580645,47.31182795698924,1.8548387096774193,56.20723362658847
48.52184309900622,28.34642579847953,0.5706787109375,0.41558837890625,-0.70184326171875,0.0950927734375,1.5483870967741935,46.9208211143695,1.8548387096774193,56.20723362658847
48.54194689600263,28.34642579847953,0.5706787109375,0.41558837890625,-0.70184326171875,0.0950927734375,1.532258064516129,46.432062561094824,1.796774193548387,54.44770283479961
48.56201296299696,29.409166243469897,0.55010986328125,0.4354248046875,-0.703857421875,0.111083984375,1.493548387096774,45.25904203323558,1.7741935483870968,53.76344086021506
48.58206702998723,29.409166243469897,0.55010986328125,0.4354248046875,-0.703857421875,0.111083984375,1.493548387096774,45.25904203323558,1.7903225806451613,54.25219941348974
48.602111529005924,29.409166243469897,0.55010986328125,0.4354248046875,-0.703857421875,0.111083984375,1.493548387096774,45.25904203323558,1.664516129032258,50.43988269794721
48.62219004399958,31.27508289122175,0.5225830078125,0.45916748046875,-0.707275390625,0.125732421875,1.493548387096774,45.25904203323558,1.6032258064516127,48.58260019550342
48.64225537600578,31.27508289122175,0.5225830078125,0.45916748046875,-0.707275390625,0.125732421875,1.5161290322580645,45.94330400782014,1.6419354838709677,49.75562072336266
48.66230701000313,34.05718005990533,0.48748779296875,0.4844970703125,-0.7132568359375,0.1373291015625,1.493548387096774,45.25904203323558,1.5838709677419354,47.9960899315738
48.68237035800121,34.05718005990533,0.48748779296875,0.4844970703125,-0.7132568359375,0.1373291015625,1.5225806451612902,46.138807429130004,1.6258064516129032,49.266862170087975
48.70249028300168,34.05718005990533,0.48748779296875,0.4844970703125,-0.7132568359375,0.1373291015625,1.532258064516129,46.432062561094824,1.6161290322580644,48.97360703812317
48.72253250898211,37.62420807046366,0.4486083984375,0.5091552734375,-0.720458984375,0.14300537109375,1.5419354838709676,46.72531769305962,1.6096774193548384,48.77810361681329
48.74260152099305,37.62420807046366,0.4486083984375,0.5091552734375,-0.720458984375,0.14300537109375,1.5225806451612902,46.138807429130004,1.6290322580645162,49.36461388074292
48.76270051699248,41.6242688385226,0.40618896484375,0.53277587890625,-0.727783203125,0.14666748046875,1.558064516129032,47.21407624633431,1.5741935483870966,47.702834799608986
48.78274037499796,41.6242688385226,0.40618896484375,0.53277587890625,-0.727783203125,0.14666748046875,1.561290322580645,47.31182795698924,1.590322580645161,48.19159335288367
48.80280330599635,41.6242688385226,0.40618896484375,0.53277587890625,-0.727783203125,0.14666748046875,1.5483870967741935,46.9208211143695,1.529032258064516,46.33431085043988
48.82290211098734,45.763306945934396,0.36199951171875,0.55596923828125,-0.73297119140625,0.150146484375,1.5419354838709676,46.72531769305962,1.464516129032258,44.37927663734115
48.842960529989796,45.763306945934396,0.36199951171875,0.55596923828125,-0.73297119140625,0.150146484375,1.6516129032258065,50.048875855327466,1.2903225806451613,39.100684261974585
48.86309143100516,49.434705957649264,0.31884765625,0.5738525390625,-0.7379150390625,0.1566162109375,1.7,51.515151515151516,1.3870967741935485,42.033235581622684
48.88312636199407,49.434705957649264,0.31884765625,0.5738525390625,-0.7379150390625,0.1566162109375,1.6741935483870967,50.733137829912025,1.3516129032258062,40.957966764418366
48.90321367699653,49.434705957649264,0.31884765625,0.5738525390625,-0.7379150390625,0.1566162109375,1.596774193548387,48.38709677419355,1.2677419354838708,38.41642228739003
48.92324585598544,52.549262056783455,0.2801513671875,0.58648681640625,-0.7420654296875,0.1639404296875,1.593548387096774,48.289345063538605,1.2258064516129032,37.14565004887586
48.94342005398357,52.549262056783455,0.2801513671875,0.58648681640625,-0.7420654296875,0.1639404296875,1.5709677419354837,47.60508308895405,1.229032258064516,37.24340175953079
48.96343133598566,55.3877253139313,0.24554443359375,0.59417724609375,-0.7469482421875,0.1693115234375,1.590322580645161,48.19159335288367,1.2677419354838708,38.41642228739003
48.983482075011125,55.3877253139313,0.24554443359375,0.59417724609375,-0.7469482421875,0.1693115234375,1.635483870967742,49.56011730205279,1.1258064516129034,34.115347018572834
49.003541869984474,55.3877253139313,0.24554443359375,0.59417724609375,-0.7469482421875,0.1693115234375,1.564516129032258,47.40957966764419,1.206451612903226,36.55913978494624
49.02360662500723,58.07909489779683,0.21722412109375,0.598388671875,-0.75250244140625,0.16864013671875,1.62258064516129,49.169110459433035,1.196774193548387,36.26588465298143
49.043654899985995,58.07909489779683,0.21722412109375,0.598388671875,-0.75250244140625,0.16864013671875,1.5741935483870966,47.702834799608986,1.4258064516129032,43.20625610948191
49.06390986900078,61.205387953471885,0.1929931640625,0.60125732421875,-0.7593994140625,0.15679931640625,1.596774193548387,48.38709677419355,1.3129032258064515,39.784946236559136
49.083927327010315,61.205387953471885,0.1929931640625,0.60125732421875,-0.7593994140625,0.15679931640625,1.696774193548387,51.417399804496576,1.3645161290322578,41.34897360703812
49.10398168198299,61.205387953471885,0.1929931640625,0.60125732421875,-0.7593994140625,0.15679931640625,1.6935483870967742,51.31964809384164,1.3645161290322578,41.34897360703812
49.124064614006784,64.84726455956235,0.17431640625,0.592041015625,-0.77593994140625,0.1304931640625,1.6870967741935483,51.12414467253177,1.3096774193548386,39.687194525904204
49.144100472010905,64.84726455956235,0.17431640625,0.592041015625,-0.77593994140625,0.1304931640625,1.6774193548387097,50.83088954056696,1.2129032258064516,36.75464320625611
49.16417569099576,70.17443958560742,0.1492919921875,0.5987548828125,-0.78192138671875,0.0882568359375,1.6516129032258065,50.048875855327466,0.9483870967741935,28.739002932551323
49.18422758200904,70.17443958560742,0.1492919921875,0.5987548828125,-0.78192138671875,0.0882568359375,1.5999999999999999,48.484848484848484,1.0,30.303030303030305
49.20428788900608,70.17443958560742,0.1492919921875,0.5987548828125,-0.78192138671875,0.0882568359375,1.5774193548387094,47.800586510263926,0.8999999999999999,27.27272727272727
49.22435040399432,74.27353482010898,0.13330078125,0.60882568359375,-0.7802734375,0.0517578125,1.5870967741935482,48.09384164222873,0.9161290322580644,27.76148582600195
49.24441381599172,74.27353482010898,0.13330078125,0.60882568359375,-0.7802734375,0.0517578125,1.6193548387096772,49.071358748778096,0.9193548387096774,27.859237536656895
49.26447623499553,77.62145365583271,0.128662109375,0.62530517578125,-0.76959228515625,0.0130615234375,1.596774193548387,48.38709677419355,0.9290322580645161,28.152492668621697
49.284537917992566,77.62145365583271,0.128662109375,0.62530517578125,-0.76959228515625,0.0130615234375,1.6451612903225807,49.8533724340176,0.9258064516129031,28.05474095796676
49.30460420899908,77.62145365583271,0.128662109375,0.62530517578125,-0.76959228515625,0.0130615234375,1.6612903225806452,50.34213098729228,0.964516129032258,29.227761485826004
49.32466166798258,80.48838226538228,-0.1358642578125,-0.63812255859375,0.7572021484375,0.03173828125,1.6483870967741936,49.95112414467254,1.0419354838709676,31.57380254154447
49.34473948000232,80.48838226538228,-0.1358642578125,-0.63812255859375,0.7572021484375,0.03173828125,1.6903225806451612,51.2218963831867,1.1064516129032256,33.5288367546432
49.364791530999355,83.23998075871663,-0.1534423828125,-0.64788818359375,0.74127197265625,0.084716796875,1.6741935483870967,50.733137829912025,1.2516129032258063,37.92766373411535
49.384864413994364,83.23998075871663,-0.1534423828125,-0.64788818359375,0.74127197265625,0.084716796875,1.7096774193548387,51.80840664711632,1.3225806451612903,40.07820136852395
49.404929265001556,83.23998075871663,-0.1534423828125,-0.64788818359375,0.74127197265625,0.084716796875,1.7129032258064516,51.90615835777126,1.329032258064516,40.27370478983382
49.424981732008746,85.58500507561416,-0.177978515625,-0.6553955078125,0.7210693359375,0.1370849609375,1.7096774193548387,51.80840664711632,1.3032258064516127,39.491691104594324
49.44504258298548,85.58500507561416,-0.177978515625,-0.6553955078125,0.7210693359375,0.1370849609375,1.6387096774193548,49.65786901270772,1.4161290322580644,42.91300097751711
49.46510816999944,87.57241789142394,-0.208740234375,-0.66253662109375,0.69464111328125,0.1868896484375,1.6387096774193548,49.65786901270772,1.5096774193548386,45.74780058651026
49.48517349999747,87.57241789142394,-0.208740234375,-0.66253662109375,0.69464111328125,0.1868896484375,1.7387096774193547,52.68817204301075,1.5064516129032257,45.650048875855326
49.50523690998671,87.57241789142394,-0.208740234375,-0.66253662109375,0.69464111328125,0.1868896484375,1.7354838709677418,52.59042033235581,1.532258064516129,46.432062561094824
49.52530595299322,88.30738875541587,-0.24298095703125,-0.66070556640625,0.67352294921875,0.225341796875,1.7258064516129032,52.29716520039101,1.4709677419354839,44.57478005865102
49.54542155700619,88.30738875541587,-0.24298095703125,-0.66070556640625,0.67352294921875,0.225341796875,1.7516129032258063,53.0791788856305,1.429032258064516,43.30400782013685
49.565484742983244,89.02402463860776,-0.266845703125,-0.6588134765625,0.6563720703125,0.2529296875,1.7774193548387096,53.86119257086999,1.3806451612903226,41.837732160312804
49.58552844100632,89.02402463860776,-0.266845703125,-0.6588134765625,0.6563720703125,0.2529296875,1.7419354838709677,52.785923753665685,1.3935483870967742,42.22873900293255
49.60560823598644,89.02402463860776,-0.266845703125,-0.6588134765625,0.6563720703125,0.2529296875,1.6129032258064515,48.87585532746823,1.3322580645161288,40.371456500488755
49.62564258900238,89.63654099851257,-0.2882080078125,-0.65380859375,0.6419677734375,0.27813720703125,1.62258064516129,49.169110459433035,1.3161290322580643,39.882697947214076
49.64572507198318,89.63654099851257,-0.2882080078125,-0.65380859375,0.6419677734375,0.27813720703125,1.590322580645161,48.19159335288367,1.2677419354838708,38.41642228739003
49.66578029000084,90.32917338636545,-0.307373046875,-0.64849853515625,0.6275634765625,0.3018798828125,1.558064516129032,47.21407624633431,1.2870967741935482,39.00293255131964
49.68583013198804,90.32917338636545,-0.307373046875,-0.64849853515625,0.6275634765625,0.3018798828125,1.5999999999999999,48.484848484848484,1.3548387096774193,41.05571847507331
49.70590803900268,90.32917338636545,-0.307373046875,-0.64849853515625,0.6275634765625,0.3018798828125,1.6483870967741936,49.95112414467254,1.2677419354838708,38.41642228739003
49.7259843449865,90.57235418522488,-0.3240966796875,-0.64190673828125,0.6171875,0.31939697265625,1.6161290322580644,48.97360703812317,1.2999999999999998,39.39393939393939
49.74609242900624,90.57235418522488,-0.3240966796875,-0.64190673828125,0.6171875,0.31939697265625,1.5483870967741935,46.9208211143695,1.361290322580645,41.251221896383186
49.76615404698532,90.53714120145334,-0.33880615234375,-0.6341552734375,0.60992431640625,0.333251953125,1.5161290322580645,45.94330400782014,1.2870967741935482,39.00293255131964
49.786194993008394,90.53714120145334,-0.33880615234375,-0.6341552734375,0.60992431640625,0.333251953125,1.5419354838709676,46.72531769305962,1.4161290322580644,42.91300097751711
49.80627977999393,90.53714120145334,-0.33880615234375,-0.6341552734375,0.60992431640625,0.333251953125,1.5483870967741935,46.9208211143695,1.429032258064516,43.30400782013685
49.82634290200076,90.47448116252225,-0.34918212890625,-0.62640380859375,0.60589599609375,0.3443603515625,1.525806451612903,46.236559139784944,1.4483870967741934,43.89051808406647
49.84639946400421,90.47448116252225,-0.34918212890625,-0.62640380859375,0.60589599609375,0.3443603515625,1.6419354838709677,49.75562072336266,1.4129032258064516,42.81524926686217
49.866454137983965,90.08742474775283,-0.3623046875,-0.6173095703125,0.6016845703125,0.3543701171875,1.6612903225806452,50.34213098729228,1.4774193548387096,44.770283479960895
49.88651089198538,90.08742474775283,-0.3623046875,-0.6173095703125,0.6016845703125,0.3543701171875,1.6483870967741936,49.95112414467254,1.403225806451613,42.52199413489737
49.90657209500205,90.08742474775283,-0.3623046875,-0.6173095703125,0.6016845703125,0.3543701171875,1.696774193548387,51.417399804496576,1.3741935483870966,41.64222873900293
49.92664804900414,89.23114180389952,-0.37652587890625,-0.60772705078125,0.5992431640625,0.3602294921875,1.6516129032258065,50.048875855327466,1.4161290322580644,42.91300097751711
49.94670307499473,89.23114180389952,-0.37652587890625,-0.60772705078125,0.5992431640625,0.3602294921875,1.6129032258064515,48.87585532746823,1.3354838709677417,40.46920821114369
49.96676171699073,88.1515595323718,-0.38873291015625,-0.59918212890625,0.59918212890625,0.36181640625,1.6290322580645162,49.36461388074292,1.3387096774193548,40.56695992179863
49.98682275999454,88.1515595323718,-0.38873291015625,-0.59918212890625,0.59918212890625,0.36181640625,1.5709677419354837,47.60508308895405,1.2741935483870968,38.6119257086999
50.00688840998919,88.1515595323718,-0.38873291015625,-0.59918212890625,0.59918212890625,0.36181640625,1.6580645161290322,50.24437927663734,1.196774193548387,36.26588465298143
50.02694724398316,86.73597124304446,-0.40118408203125,-0.59100341796875,0.6004638671875,0.35943603515625,1.635483870967742,49.56011730205279,1.132258064516129,34.3108504398827
50.04704262298765,86.73597124304446,-0.40118408203125,-0.59100341796875,0.6004638671875,0.35943603515625,1.6096774193548384,48.77810361681329,1.0709677419354837,32.453567937438905
50.06711765000364,85.19173547147025,-0.412841796875,-0.5838623046875,0.60260009765625,0.35430908203125,1.6096774193548384,48.77810361681329,1.0419354838709676,31.57380254154447
50.08715738001047,85.19173547147025,-0.412841796875,-0.5838623046875,0.60260009765625,0.35430908203125,1.5451612903225804,46.82306940371456,0.9838709677419355,29.814271749755623
50.107232245994965,85.19173547147025,-0.412841796875,-0.5838623046875,0.60260009765625,0.35430908203125,1.532258064516129,46.432062561094824,0.8258064516129032,25.024437927663733
50.12744427000871,83.25129580570457,-0.42559814453125,-0.575927734375,0.606201171875,0.345947265625,1.525806451612903,46.236559139784944,0.7870967741935483,23.851417399804493
50.14751491200877,83.25129580570457,-0.42559814453125,-0.575927734375,0.606201171875,0.345947265625,1.5193548387096774,46.04105571847507,0.7193548387096774,21.79863147605083
50.16750113599119,80.7185935152003,-0.4415283203125,-0.56610107421875,0.61077880859375,0.33392333984375,1.5387096774193547,46.62756598240469,0.6483870967741935,19.64809384164223
50.18756537800073,80.7185935152003,-0.4415283203125,-0.56610107421875,0.61077880859375,0.33392333984375,1.5193548387096774,46.04105571847507,0.796774193548387,24.144672531769302
50.20764840499032,80.7185935152003,-0.4415283203125,-0.56610107421875,0.61077880859375,0.33392333984375,1.5451612903225804,46.82306940371456,0.7903225806451613,23.949169110459433
50.227701511001214,77.67455341001966,-0.46075439453125,-0.55462646484375,0.615234375,0.31866455078125,1.5064516129032257,45.650048875855326,0.7354838709677419,22.28739002932551
50.24775749701075,77.67455341001966,-0.46075439453125,-0.55462646484375,0.615234375,0.31866455078125,1.5096774193548386,45.74780058651026,0.7064516129032258,21.407624633431084
50.26781738700811,74.38574279965542,-0.48236083984375,-0.542724609375,0.6180419921875,0.30133056640625,1.525806451612903,46.236559139784944,0.7548387096774193,22.87390029325513
50.28787778998958,74.38574279965542,-0.48236083984375,-0.542724609375,0.6180419921875,0.30133056640625,1.493548387096774,45.25904203323558,0.7548387096774193,22.87390029325513
50.307964273000835,74.38574279965542,-0.48236083984375,-0.542724609375,0.6180419921875,0.30133056640625,1.5064516129032257,45.650048875855326,0.7548387096774193,22.87390029325513
50.32802259500022,70.83464138421428,-0.503173828125,-0.53021240234375,0.62200927734375,0.28070068359375,1.4870967741935484,45.06353861192571,0.7548387096774193,22.87390029325513
50.34808123699622,70.83464138421428,-0.503173828125,-0.53021240234375,0.62200927734375,0.28070068359375,1.4806451612903224,44.868035190615835,0.7096774193548387,21.505376344086024
50.36814304700238,67.04917497987725,-0.52362060546875,-0.5164794921875,0.6265869140625,0.25775146484375,1.5064516129032257,45.650048875855326,0.632258064516129,19.159335288367547
50.388208536984166,67.04917497987725,-0.52362060546875,-0.5164794921875,0.6265869140625,0.25775146484375,1.5064516129032257,45.650048875855326,0.6354838709677418,19.25708699902248
50.40828775599948,67.04917497987725,-0.52362060546875,-0.5164794921875,0.6265869140625,0.25775146484375,1.4903225806451612,45.16129032258064,0.6483870967741935,19.64809384164223
50.42833420599345,63.40686196733007,-0.5408935546875,-0.5025634765625,0.63214111328125,0.2349853515625,1.4806451612903224,44.868035190615835,0.7612903225806451,23.069403714565002
50.44841550500132,63.40686196733007,-0.5408935546875,-0.5025634765625,0.63214111328125,0.2349853515625,1.493548387096774,45.25904203323558,0.8483870967741935,25.708699902248288
50.468463394005084,59.86577692100766,-0.5560302734375,-0.4884033203125,0.6380615234375,0.21246337890625,1.5419354838709676,46.72531769305962,1.0193548387096774,30.889540566959923
50.488525555003434,59.86577692100766,-0.5560302734375,-0.4884033203125,0.6380615234375,0.21246337890625,1.5838709677419354,47.9960899315738,1.0096774193548386,30.596285434995107
50.50860090099741,59.86577692100766,-0.5560302734375,-0.4884033203125,0.6380615234375,0.21246337890625,1.5999999999999999,48.484848484848484,1.1483870967741936,34.799608993157385
50.52865368599305,56.474929033406944,-0.56890869140625,-0.4759521484375,0.64349365234375,0.18896484375,1.6032258064516127,48.58260019550342,1.1741935483870969,35.581622678396876
50.54875677698874,56.474929033406944,-0.56890869140625,-0.4759521484375,0.64349365234375,0.18896484375,1.5999999999999999,48.484848484848484,1.164516129032258,35.28836754643206
50.56881724199047,52.673277459061985,-0.5838623046875,-0.46185302734375,0.64764404296875,0.16229248046875,1.5870967741935482,48.09384164222873,1.1129032258064515,33.724340175953074
50.5888633709983,52.673277459061985,-0.5838623046875,-0.46185302734375,0.64764404296875,0.16229248046875,1.62258064516129,49.169110459433035,1.0677419354838709,32.355816226783965
50.608923931984464,52.673277459061985,-0.5838623046875,-0.46185302734375,0.64764404296875,0.16229248046875,1.596774193548387,48.38709677419355,1.0806451612903225,32.74682306940371
50.62899444598588,48.83876092400886,-0.59747314453125,-0.44659423828125,0.65203857421875,0.13543701171875,1.6032258064516127,48.58260019550342,1.1451612903225807,34.701857282502445
50.64904943900183,48.83876092400886,-0.59747314453125,-0.44659423828125,0.65203857421875,0.13543701171875,1.593548387096774,48.289345063538605,1.1258064516129034,34.115347018572834
50.669128976995125,45.16821088494754,-0.61083984375,-0.4298095703125,0.655517578125,0.1114501953125,1.5838709677419354,47.9960899315738,1.2096774193548387,36.65689149560117
50.689191682002274,45.16821088494754,-0.61083984375,-0.4298095703125,0.655517578125,0.1114501953125,1.5741935483870966,47.702834799608986,1.1580645161290324,35.0928641251222
50.70925297899521,45.16821088494754,-0.61083984375,-0.4298095703125,0.655517578125,0.1114501953125,1.5451612903225804,46.82306940371456,1.1870967741935483,35.97262952101662
50.72931347700069,41.40756649326119,-0.62188720703125,-0.4110107421875,0.66082763671875,0.08746337890625,1.590322580645161,48.19159335288367,1.3387096774193548,40.56695992179863
50.74937887000851,41.40756649326119,-0.62188720703125,-0.4110107421875,0.66082763671875,0.08746337890625,1.6580645161290322,50.24437927663734,1.2903225806451613,39.100684261974585
50.76944291999098,38.04347802222125,-0.629638671875,-0.39520263671875,0.665771484375,0.0643310546875,1.6612903225806452,50.34213098729228,1.4419354838709677,43.6950146627566
50.78954245799105,38.04347802222125,-0.629638671875,-0.39520263671875,0.665771484375,0.0643310546875,1.6774193548387097,50.83088954056696,1.464516129032258,44.37927663734115
50.80965428499621,38.04347802222125,-0.629638671875,-0.39520263671875,0.665771484375,0.0643310546875,1.7096774193548387,51.80840664711632,1.729032258064516,52.39491691104594
50.82965055698878,35.16165872261971,-0.63507080078125,-0.38360595703125,0.66912841796875,0.04217529296875,1.8032258064516127,54.64320625610948,1.7774193548387096,53.86119257086999
50.84972651000135,35.16165872261971,-0.63507080078125,-0.38360595703125,0.66912841796875,0.04217529296875,1.8225806451612903,55.229716520039105,1.8322580645161288,55.5229716520039
50.869780062988866,32.79848280111908,-0.635498046875,-0.37640380859375,0.673828125,0.02105712890625,1.8516129032258062,56.10948191593352,1.9516129032258065,59.13978494623656
50.88984196900856,32.79848280111908,-0.635498046875,-0.37640380859375,0.673828125,0.02105712890625,1.8677419354838707,56.59824046920821,1.967741935483871,59.628543499511245
50.90992045099847,32.79848280111908,-0.635498046875,-0.37640380859375,0.673828125,0.02105712890625,1.8709677419354838,56.695992179863154,2.0161290322580645,61.09481915933529
50.929961362999165,31.132091413912818,-0.63092041015625,-0.37457275390625,0.679443359375,0.0018310546875,1.9064516129032258,57.77126099706745,2.0387096774193547,61.779081133919846
50.9500426609884,31.132091413912818,-0.63092041015625,-0.37457275390625,0.679443359375,0.0018310546875,1.8838709677419354,57.0869990224829,2.032258064516129,61.58357771260997
50.97008904599352,29.776524126959167,0.62628173828125,0.37298583984375,-0.6844482421875,0.0142822265625,1.8838709677419354,57.0869990224829,2.02258064516129,61.29032258064516
50.99016096800915,29.776524126959167,0.62628173828125,0.37298583984375,-0.6844482421875,0.0142822265625,1.8935483870967742,57.380254154447705,1.8032258064516127,54.64320625610948
51.0102225849987,29.776524126959167,0.62628173828125,0.37298583984375,-0.6844482421875,0.0142822265625,1.8645161290322578,56.50048875855327,1.8161290322580643,55.034213098729225
51.03031732400996,28.68517283060865,0.62115478515625,0.37152099609375,-0.68951416015625,0.02783203125,1.8838709677419354,57.0869990224829,1.8193548387096772,55.13196480938416
51.050390429008985,28.68517283060865,0.62115478515625,0.37152099609375,-0.68951416015625,0.02783203125,1.8870967741935485,57.18475073313783,1.6483870967741936,49.95112414467254
51.07044298999244,27.610098776846414,0.61517333984375,0.37060546875,-0.69451904296875,0.04266357421875,1.8129032258064515,54.936461388074285,1.5451612903225804,46.82306940371456
51.090509600006044,27.610098776846414,0.61517333984375,0.37060546875,-0.69451904296875,0.04266357421875,1.7258064516129032,52.29716520039101,1.5193548387096774,46.04105571847507
51.11057089699898,27.610098776846414,0.61517333984375,0.37060546875,-0.69451904296875,0.04266357421875,1.7032258064516128,51.61290322580645,1.3903225806451613,42.13098729227762
51.130677059991285,26.673166885512984,0.606201171875,0.37408447265625,-0.69921875,0.061279296875,1.7161290322580645,52.003910068426194,1.164516129032258,35.28836754643206
51.150829335994786,26.673166885512984,0.606201171875,0.37408447265625,-0.69921875,0.061279296875,1.62258064516129,49.169110459433035,0.9806451612903225,29.716520039100686
51.17084179999074,26.295193665910958,0.5908203125,0.3839111328125,-0.70477294921875,0.0830078125,1.6387096774193548,49.65786901270772,1.0483870967741935,31.76930596285435
51.19087788098841,26.295193665910958,0.5908203125,0.3839111328125,-0.70477294921875,0.0830078125,1.6258064516129032,49.266862170087975,0.7935483870967741,24.046920821114366
51.21098718000576,26.54116648374987,0.57183837890625,0.398681640625,-0.70928955078125,0.1046142578125,1.6161290322580644,48.97360703812317,0.8064516129032258,24.437927663734115
51.23102373999427,26.54116648374987,0.57183837890625,0.398681640625,-0.70928955078125,0.1046142578125,1.5838709677419354,47.9960899315738,0.7483870967741935,22.678396871945257
51.25108190099127,26.54116648374987,0.57183837890625,0.398681640625,-0.70928955078125,0.1046142578125,1.596774193548387,48.38709677419355,0.8870967741935484,26.88172043010753
51.27114297499065,27.227862877994873,0.5517578125,0.415771484375,-0.7122802734375,0.12408447265625,1.561290322580645,47.31182795698924,0.7161290322580645,21.700879765395893
51.29125329799717,27.227862877994873,0.5517578125,0.415771484375,-0.7122802734375,0.12408447265625,1.5709677419354837,47.60508308895405,0.7096774193548387,21.505376344086024
51.31128665799042,28.377392751981922,0.52996826171875,0.43304443359375,-0.715576171875,0.14013671875,1.5709677419354837,47.60508308895405,0.5,15.151515151515152
51.3313400830084,28.377392751981922,0.52996826171875,0.43304443359375,-0.715576171875,0.14013671875,1.596774193548387,48.38709677419355,0.6193548387096773,18.768328445747798
51.3514042290044,28.377392751981922,0.52996826171875,0.43304443359375,-0.715576171875,0.14013671875,1.558064516129032,47.21407624633431,0.6709677419354838,20.332355816226784
51.37146581400884,29.819162874943913,0.508056640625,0.449462890625,-0.71868896484375,0.15277099609375,1.6064516129032256,48.68035190615835,0.7548387096774193,22.87390029325513
51.3915342479886,29.819162874943913,0.508056640625,0.449462890625,-0.71868896484375,0.15277099609375,1.6258064516129032,49.266862170087975,0.7419354838709677,22.482893450635387
51.411586840986274,31.428017553241915,0.486572265625,0.4658203125,-0.720947265625,0.162841796875,1.6612903225806452,50.34213098729228,0.896774193548387,27.174975562072333
51.43166592999478,31.428017553241915,0.486572265625,0.4658203125,-0.720947265625,0.162841796875,1.7129032258064516,51.90615835777126,1.0290322580645161,31.182795698924732
51.45173026798875,31.428017553241915,0.486572265625,0.4658203125,-0.720947265625,0.162841796875,1.6741935483870967,50.733137829912025,1.1451612903225807,34.701857282502445
51.471783691988094,33.095674495453316,0.4635009765625,0.481689453125,-0.72314453125,0.17376708984375,1.6838709677419355,51.02639296187683,1.2096774193548387,36.65689149560117
51.49185903699254,33.095674495453316,0.4635009765625,0.481689453125,-0.72314453125,0.17376708984375,1.6903225806451612,51.2218963831867,1.206451612903226,36.55913978494624
51.51191226899391,34.85705394826538,0.43634033203125,0.49822998046875,-0.72515869140625,0.18841552734375,1.7516129032258063,53.0791788856305,1.3258064516129031,40.17595307917888
51.53201635100413,34.85705394826538,0.43634033203125,0.49822998046875,-0.72515869140625,0.18841552734375,1.7516129032258063,53.0791788856305,1.435483870967742,43.49951124144673
51.55206478299806,34.85705394826538,0.43634033203125,0.49822998046875,-0.72515869140625,0.18841552734375,1.7516129032258063,53.0791788856305,1.435483870967742,43.49951124144673
51.57212217498454,37.03812372591533,0.4036865234375,0.516357421875,-0.72698974609375,0.20458984375,1.793548387096774,54.34995112414467,1.5161290322580645,45.94330400782014
51.592187472007936,37.03812372591533,0.4036865234375,0.516357421875,-0.72698974609375,0.20458984375,1.7774193548387096,53.86119257086999,1.5548387096774192,47.11632453567937
51.61224457598291,39.68145327353978,0.370361328125,0.53424072265625,-0.72882080078125,0.21502685546875,1.793548387096774,54.34995112414467,1.561290322580645,47.31182795698924
51.63230801699683,39.68145327353978,0.370361328125,0.53424072265625,-0.72882080078125,0.21502685546875,1.7903225806451613,54.25219941348974,1.5193548387096774,46.04105571847507
51.65237286500633,39.68145327353978,0.370361328125,0.53424072265625,-0.72882080078125,0.21502685546875,1.764516129032258,53.47018572825024,1.5677419354838709,47.507331378299114
51.67243761799182,42.76250503356197,0.33770751953125,0.55010986328125,-0.7320556640625,0.2178955078125,1.8032258064516127,54.64320625610948,1.496774193548387,45.35679374389051
51.69252867499017,42.76250503356197,0.33770751953125,0.55010986328125,-0.7320556640625,0.2178955078125,1.793548387096774,54.34995112414467,1.461290322580645,44.28152492668622
51.712646678002784,46.21024677220607,0.3079833984375,0.56597900390625,-0.73492431640625,0.21142578125,1.7903225806451613,54.25219941348974,1.4096774193548387,42.717497556207235
51.73269491799874,46.21024677220607,0.3079833984375,0.56597900390625,-0.73492431640625,0.21142578125,1.7741935483870968,53.76344086021506,1.3709677419354838,41.54447702834799
51.752765974000795,46.21024677220607,0.3079833984375,0.56597900390625,-0.73492431640625,0.21142578125,1.7999999999999998,54.54545454545454,1.3677419354838707,41.44672531769305
51.77281766998931,49.70644591176543,0.2811279296875,0.58087158203125,-0.7373046875,0.1998291015625,1.7838709677419353,54.05669599217986,1.2451612903225806,37.732160312805476
51.79285950999474,49.70644591176543,0.2811279296875,0.58087158203125,-0.7373046875,0.1998291015625,1.7806451612903225,53.95894428152492,1.2483870967741935,37.82991202346041
51.81292106298497,53.26900300832809,0.2568359375,0.59637451171875,-0.73797607421875,0.18359375,1.7870967741935482,54.154447702834794,1.2387096774193547,37.536656891495596
51.83298555898364,53.26900300832809,0.2568359375,0.59637451171875,-0.73797607421875,0.18359375,1.8193548387096772,55.13196480938416,1.1709677419354838,35.483870967741936
51.85305219999282,53.26900300832809,0.2568359375,0.59637451171875,-0.73797607421875,0.18359375,1.8258064516129031,55.32746823069403,1.0806451612903225,32.74682306940371
51.873112536006374,57.15579193051619,0.2332763671875,0.611328125,-0.73876953125,0.16168212890625,1.8419354838709676,55.816226783968716,1.0774193548387097,32.64907135874878
51.89322775500477,57.15579193051619,0.2332763671875,0.611328125,-0.73876953125,0.16168212890625,1.796774193548387,54.44770283479961,0.9612903225806452,29.130009775171068
51.913277274987195,61.459207774653464,0.20965576171875,0.62579345703125,-0.73919677734375,0.13409423828125,1.8225806451612903,55.229716520039105,0.9225806451612902,27.956989247311824
51.93333556299331,61.459207774653464,0.20965576171875,0.62579345703125,-0.73919677734375,0.13409423828125,1.8064516129032258,54.74095796676443,0.9483870967741935,28.739002932551323
51.95340348398895,61.459207774653464,0.20965576171875,0.62579345703125,-0.73919677734375,0.13409423828125,1.7903225806451613,54.25219941348974,0.9451612903225807,28.641251221896386
51.9734890369873,65.66376589872586,0.1884765625,0.63897705078125,-0.73834228515625,0.10467529296875,1.7838709677419353,54.05669599217986,0.9516129032258065,28.83675464320626
51.99353266900289,65.66376589872586,0.1884765625,0.63897705078125,-0.73834228515625,0.10467529296875,1.7129032258064516,51.90615835777126,0.9387096774193548,28.445747800586513
52.01361530998838,69.5885760403008,0.1727294921875,0.6500244140625,-0.7364501953125,0.07257080078125,1.7258064516129032,52.29716520039101,1.0193548387096774,30.889540566959923
52.03369119900162,69.5885760403008,0.1727294921875,0.6500244140625,-0.7364501953125,0.07257080078125,1.7387096774193547,52.68817204301075,1.0096774193548386,30.596285434995107
52.05373803098337,69.5885760403008,0.1727294921875,0.6500244140625,-0.7364501953125,0.07257080078125,1.7516129032258063,53.0791788856305,1.0096774193548386,30.596285434995107
52.07381907198578,73.15189579819386,0.16552734375,0.65728759765625,-0.73443603515625,0.0355224609375,1.7709677419354837,53.665689149560116,1.0483870967741935,31.76930596285435
52.093863632006105,73.15189579819386,0.16552734375,0.65728759765625,-0.73443603515625,0.0355224609375,1.7903225806451613,54.25219941348974,1.1838709677419355,35.87487781036168
52.11393347301055,76.38902197966236,-0.166015625,-0.65887451171875,0.73370361328125,0.00628662109375,1.8161290322580643,55.034213098729225,1.2258064516129032,37.14565004887586
52.133995409007184,76.38902197966236,-0.166015625,-0.65887451171875,0.73370361328125,0.00628662109375,1.8064516129032258,54.74095796676443,1.296774193548387,39.29618768328446
52.154113858996425,76.38902197966236,-0.166015625,-0.65887451171875,0.73370361328125,0.00628662109375,1.8032258064516127,54.64320625610948,1.3548387096774193,41.05571847507331
52.17415909099509,79.92564356036277,-0.16729736328125,-0.6605224609375,0.73004150390625,0.052490234375,1.8580645161290321,56.304985337243394,1.3903225806451613,42.13098729227762
52.19424025999615,79.92564356036277,-0.16729736328125,-0.6605224609375,0.73004150390625,0.052490234375,1.8516129032258062,56.10948191593352,1.3677419354838707,41.44672531769305
52.2143276380084,82.7336868193254,-0.17022705078125,-0.6632080078125,0.72320556640625,0.09027099609375,1.8741935483870966,56.79374389051808,1.3548387096774193,41.05571847507331
52.2343820539827,82.7336868193254,-0.17022705078125,-0.6632080078125,0.72320556640625,0.09027099609375,1.8354838709677417,55.62072336265884,1.4129032258064516,42.81524926686217
52.25446907899459,82.7336868193254,-0.17022705078125,-0.6632080078125,0.72320556640625,0.09027099609375,1.8322580645161288,55.5229716520039,1.3870967741935485,42.033235581622684
52.274543111998355,84.82775068123891,-0.17767333984375,-0.66851806640625,0.71185302734375,0.12176513671875,1.8387096774193548,55.71847507331379,1.3677419354838707,41.44672531769305
52.29459349598619,84.82775068123891,-0.17767333984375,-0.66851806640625,0.71185302734375,0.12176513671875,1.8258064516129031,55.32746823069403,1.396774193548387,42.32649071358749
52.31465821698657,86.63648368665794,-0.19110107421875,-0.671630859375,0.69879150390625,0.1551513671875,1.8064516129032258,54.74095796676443,1.5419354838709676,46.72531769305962
52.3347234170069,86.63648368665794,-0.19110107421875,-0.671630859375,0.69879150390625,0.1551513671875,1.8322580645161288,55.5229716520039,1.558064516129032,47.21407624633431
52.35479009000119,86.63648368665794,-0.19110107421875,-0.671630859375,0.69879150390625,0.1551513671875,1.8548387096774193,56.20723362658847,1.593548387096774,48.289345063538605
52.37491206100094,87.98606689827531,-0.2080078125,-0.66522216796875,0.6915283203125,0.1898193359375,1.8483870967741933,56.01173020527859,1.5451612903225804,46.82306940371456
52.394953579991125,87.98606689827531,-0.2080078125,-0.66522216796875,0.6915283203125,0.1898193359375,1.8161290322580643,55.034213098729225,1.5838709677419354,47.9960899315738
52.415015517006395,89.2546256178191,-0.22528076171875,-0.662353515625,0.67938232421875,0.22125244140625,1.8483870967741933,56.01173020527859,1.6096774193548384,48.77810361681329
52.43508023698814,89.2546256178191,-0.22528076171875,-0.662353515625,0.67938232421875,0.22125244140625,1.829032258064516,55.42521994134897,1.6096774193548384,48.77810361681329
52.45516454198514,89.2546256178191,-0.22528076171875,-0.662353515625,0.67938232421875,0.22125244140625,1.8064516129032258,54.74095796676443,1.632258064516129,49.462365591397855
52.47523553398787,89.2626940272659,-0.2449951171875,-0.65576171875,0.67205810546875,0.24127197265625,1.7903225806451613,54.25219941348974,1.5451612903225804,46.82306940371456
52.495286108984146,89.2626940272659,-0.2449951171875,-0.65576171875,0.67205810546875,0.24127197265625,1.796774193548387,54.44770283479961,1.493548387096774,45.25904203323558
52.515372302004835,88.9693644977622,-0.265380859375,-0.6514892578125,0.66290283203125,0.2562255859375,1.7999999999999998,54.54545454545454,1.4419354838709677,43.6950146627566
52.53542729298351,88.9693644977622,-0.265380859375,-0.6514892578125,0.66290283203125,0.2562255859375,1.7774193548387096,53.86119257086999,1.4903225806451612,45.16129032258064
52.55549191700993,88.9693644977622,-0.265380859375,-0.6514892578125,0.66290283203125,0.2562255859375,1.7548387096774192,53.17693059628543,1.5483870967741935,46.9208211143695
52.57556252498762,88.35986253244792,-0.28875732421875,-0.64422607421875,0.654296875,0.27105712890625,1.7870967741935482,54.154447702834794,1.596774193548387,48.38709677419355
52.59563038000488,88.35986253244792,-0.28875732421875,-0.64422607421875,0.654296875,0.27105712890625,1.8096774193548386,54.83870967741935,1.5806451612903225,47.898338220918866
52.615694715990685,87.48653936008208,-0.313232421875,-0.63446044921875,0.646728515625,0.28472900390625,1.7870967741935482,54.154447702834794,1.561290322580645,47.31182795698924
52.635762955993414,87.48653936008208,-0.313232421875,-0.63446044921875,0.646728515625,0.28472900390625,1.7774193548387096,53.86119257086999,1.461290322580645,44.28152492668622
52.65582844399614,87.48653936008208,-0.313232421875,-0.63446044921875,0.646728515625,0.28472900390625,1.8032258064516127,54.64320625610948,1.4548387096774194,44.086021505376344
52.675946156989085,85.97383060393926,-0.33990478515625,-0.6243896484375,0.6397705078125,0.29205322265625,1.7999999999999998,54.54545454545454,1.4516129032258065,43.98826979472141
52.69599449200905,85.97383060393926,-0.33990478515625,-0.6243896484375,0.6397705078125,0.29205322265625,1.7838709677419353,54.05669599217986,1.635483870967742,49.56011730205279
52.71606494000298,83.31095572653933,-0.369140625,-0.6119384765625,0.636962890625,0.2890625,1.7774193548387096,53.86119257086999,1.5999999999999999,48.484848484848484
52.73612841198337,83.31095572653933,-0.369140625,-0.6119384765625,0.636962890625,0.2890625,1.796774193548387,54.44770283479961,1.429032258064516,43.30400782013685
52.75621895599761,83.31095572653933,-0.369140625,-0.6119384765625,0.636962890625,0.2890625,1.732258064516129,52.49266862170088,1.6064516129032256,48.68035190615835
52.77631599700544,79.99426592562813,-0.398681640625,-0.59814453125,0.63665771484375,0.27911376953125,1.7483870967741935,52.98142717497556,1.590322580645161,48.19159335288367
52.796352620003745,79.99426592562813,-0.398681640625,-0.59814453125,0.63665771484375,0.27911376953125,1.7064516129032257,51.71065493646139,1.5064516129032257,45.650048875855326
52.81642265198752,76.50613840845422,-0.42864990234375,-0.5831298828125,0.6361083984375,0.26751708984375,1.7419354838709677,52.785923753665685,1.4838709677419355,44.965786901270775
52.836477642995305,76.50613840845422,-0.42864990234375,-0.5831298828125,0.6361083984375,0.26751708984375,1.7354838709677418,52.59042033235581,1.532258064516129,46.432062561094824
52.85658044400043,76.50613840845422,-0.42864990234375,-0.5831298828125,0.6361083984375,0.26751708984375,1.7,51.515151515151516,1.4451612903225806,43.79276637341153
52.87661741900956,72.89673929382342,-0.455322265625,-0.56915283203125,0.63690185546875,0.25115966796875,1.7032258064516128,51.61290322580645,1.4419354838709677,43.6950146627566
52.89668117798283,72.89673929382342,-0.455322265625,-0.56915283203125,0.63690185546875,0.25115966796875,1.6935483870967742,51.31964809384164,1.4161290322580644,42.91300097751711
52.91674436200992,69.16883950580123,-0.47772216796875,-0.554931640625,0.640625,0.2310791015625,1.6806451612903226,50.9286412512219,1.3645161290322578,41.34897360703812
52.936811577994376,69.16883950580123,-0.47772216796875,-0.554931640625,0.640625,0.2310791015625,1.6741935483870967,50.733137829912025,1.2999999999999998,39.39393939393939
52.95688212200184,69.16883950580123,-0.47772216796875,-0.554931640625,0.640625,0.2310791015625,1.6483870967741936,49.95112414467254,1.2225806451612904,37.047898338220925
52.97697093800525,65.68450408789043,-0.495849609375,-0.539794921875,0.64630126953125,0.2122802734375,1.62258064516129,49.169110459433035,1.232258064516129,37.34115347018573
52.99707146699075,65.68450408789043,-0.495849609375,-0.539794921875,0.64630126953125,0.2122802734375,1.6516129032258065,50.048875855327466,1.2419354838709677,37.634408602150536
53.01715762700769,62.29529671178915,-0.51153564453125,-0.5240478515625,0.65283203125,0.19366455078125,1.6870967741935483,51.12414467253177,1.2419354838709677,37.634408602150536
53.03720077799517,62.29529671178915,-0.51153564453125,-0.5240478515625,0.65283203125,0.19366455078125,1.6548387096774193,50.146627565982406,1.2129032258064516,36.75464320625611
53.05725167400669,62.29529671178915,-0.51153564453125,-0.5240478515625,0.65283203125,0.19366455078125,1.6483870967741936,49.95112414467254,1.12258064516129,34.01759530791788
53.077315305010416,58.70511767833375,-0.52740478515625,-0.50830078125,0.65863037109375,0.17242431640625,1.62258064516129,49.169110459433035,1.1032258064516127,33.43108504398827
53.09740344999591,58.70511767833375,-0.52740478515625,-0.50830078125,0.65863037109375,0.17242431640625,1.6161290322580644,48.97360703812317,1.2096774193548387,36.65689149560117
53.11748426599661,54.77360228503029,-0.5421142578125,-0.49029541015625,0.6661376953125,0.1483154296875,1.6129032258064515,48.87585532746823,1.1741935483870969,35.581622678396876
53.13754962600069,54.77360228503029,-0.5421142578125,-0.49029541015625,0.6661376953125,0.1483154296875,1.6096774193548384,48.77810361681329,1.196774193548387,36.26588465298143
53.15775636601029,54.77360228503029,-0.5421142578125,-0.49029541015625,0.6661376953125,0.1483154296875,1.6161290322580644,48.97360703812317,1.2032258064516128,36.4613880742913
53.17776213999605,51.29759199481366,-0.55548095703125,-0.474365234375,0.67108154296875,0.12677001953125,1.6483870967741936,49.95112414467254,1.1451612903225807,34.701857282502445
53.19790308599477,51.29759199481366,-0.55548095703125,-0.474365234375,0.67108154296875,0.12677001953125,1.6258064516129032,49.266862170087975,1.12258064516129,34.01759530791788
53.21793461998459,47.897218518179166,-0.5631103515625,-0.4598388671875,0.678955078125,0.1024169921875,1.632258064516129,49.462365591397855,1.0999999999999999,33.33333333333333
53.23796266698628,47.897218518179166,-0.5631103515625,-0.4598388671875,0.678955078125,0.1024169921875,1.6193548387096772,49.071358748778096,1.0483870967741935,31.76930596285435
53.25805465099984,47.897218518179166,-0.5631103515625,-0.4598388671875,0.678955078125,0.1024169921875,1.6032258064516127,48.58260019550342,0.9290322580645161,28.152492668621697
53.27808903399273,44.707107781501215,-0.56475830078125,-0.44915771484375,0.68829345703125,0.07427978515625,1.596774193548387,48.38709677419355,0.7225806451612903,21.896383186705766
53.298145657987334,44.707107781501215,-0.56475830078125,-0.44915771484375,0.68829345703125,0.07427978515625,1.5451612903225804,46.82306940371456,0.7870967741935483,23.851417399804493
53.318213800986996,41.73632756959817,-0.55859375,-0.44366455078125,0.69964599609375,0.0399169921875,1.561290322580645,47.31182795698924,0.7903225806451613,23.949169110459433
53.338275768997846,41.73632756959817,-0.55859375,-0.44366455078125,0.69964599609375,0.0399169921875,1.5451612903225804,46.82306940371456,0.7903225806451613,23.949169110459433
53.3583399449999,41.73632756959817,-0.55859375,-0.44366455078125,0.69964599609375,0.0399169921875,1.5483870967741935,46.9208211143695,0.8806451612903226,26.68621700879765
53.378411160985706,39.393127794253814,-0.54388427734375,-0.4453125,0.7113037109375,0.00103759765625,1.5483870967741935,46.9208211143695,0.7354838709677419,22.28739002932551
53.398479016002966,39.393127794253814,-0.54388427734375,-0.4453125,0.7113037109375,0.00103759765625,1.558064516129032,47.21407624633431,0.8419354838709677,25.513196480938415
53.41854898398742,37.84105094922232,0.52099609375,0.4539794921875,-0.72161865234375,0.0416259765625,1.564516129032258,47.40957966764419,0.7999999999999999,24.242424242424242
53.43861178398947,37.84105094922232,0.52099609375,0.4539794921875,-0.72161865234375,0.0416259765625,1.5838709677419354,47.9960899315738,0.7709677419354838,23.36265884652981
53.45867746300064,37.84105094922232,0.52099609375,0.4539794921875,-0.72161865234375,0.0416259765625,1.5806451612903225,47.898338220918866,0.8580645161290322,26.001955034213097
53.478763141989475,37.26604320208742,0.48858642578125,0.46697998046875,-0.73199462890625,0.08624267578125,1.5870967741935482,48.09384164222873,0.9483870967741935,28.739002932551323
53.49883976599085,37.26604320208742,0.48858642578125,0.46697998046875,-0.73199462890625,0.08624267578125,1.596774193548387,48.38709677419355,1.064516129032258,32.25806451612903
53.51888858000166,37.870022392348524,0.453857421875,0.482177734375,-0.73919677734375,0.122802734375,1.5870967741935482,48.09384164222873,1.0999999999999999,33.33333333333333
53.53896373099997,37.870022392348524,0.453857421875,0.482177734375,-0.73919677734375,0.122802734375,1.6032258064516127,48.58260019550342,1.1741935483870969,35.581622678396876
53.559025474009104,37.870022392348524,0.453857421875,0.482177734375,-0.73919677734375,0.122802734375,1.62258064516129,49.169110459433035,1.232258064516129,37.34115347018573
53.57908827299252,39.634790420485984,0.41802978515625,0.50213623046875,-0.74224853515625,0.14892578125,1.6451612903225807,49.8533724340176,1.2483870967741935,37.82991202346041
53.599156415992184,39.634790420485984,0.41802978515625,0.50213623046875,-0.74224853515625,0.14892578125,1.6870967741935483,51.12414467253177,1.261290322580645,38.220918866080154
53.619222542009084,42.81290188100115,0.37847900390625,0.52655029296875,-0.74383544921875,0.16192626953125,1.6741935483870967,50.733137829912025,1.3032258064516127,39.491691104594324
53.63930114998948,42.81290188100115,0.37847900390625,0.52655029296875,-0.74383544921875,0.16192626953125,1.696774193548387,51.417399804496576,1.3516129032258062,40.957966764418366
53.65935700398404,42.81290188100115,0.37847900390625,0.52655029296875,-0.74383544921875,0.16192626953125,1.7354838709677418,52.59042033235581,1.3516129032258062,40.957966764418366
53.67944617199828,46.954299240847774,0.3392333984375,0.54730224609375,-0.7481689453125,0.15985107421875,1.7225806451612902,52.19941348973607,1.3548387096774193,41.05571847507331
53.69951469899388,46.954299240847774,0.3392333984375,0.54730224609375,-0.7481689453125,0.15985107421875,1.729032258064516,52.39491691104594,1.4806451612903224,44.868035190615835
53.71957922598813,51.62720965774648,0.3031005859375,0.56219482421875,-0.7557373046875,0.1446533203125,1.7,51.515151515151516,1.493548387096774,45.25904203323558
53.739693481998984,51.62720965774648,0.3031005859375,0.56219482421875,-0.7557373046875,0.1446533203125,1.732258064516129,52.49266862170088,1.532258064516129,46.432062561094824
53.759757144987816,51.62720965774648,0.3031005859375,0.56219482421875,-0.7557373046875,0.1446533203125,1.7354838709677418,52.59042033235581,1.5387096774193547,46.62756598240469
53.77978298199014,56.61412306790003,0.2718505859375,0.57562255859375,-0.76214599609375,0.1180419921875,1.7483870967741935,52.98142717497556,1.590322580645161,48.19159335288367
53.79985467699589,56.61412306790003,0.2718505859375,0.57562255859375,-0.76214599609375,0.1180419921875,1.764516129032258,53.47018572825024,1.6741935483870967,50.733137829912025
53.819916612003,61.75730393206395,0.24249267578125,0.59088134765625,-0.7645263671875,0.086669921875,1.7548387096774192,53.17693059628543,1.7,51.515151515151516
53.83998497898574,61.75730393206395,0.24249267578125,0.59088134765625,-0.7645263671875,0.086669921875,1.7451612903225806,52.883675464320625,1.664516129032258,50.43988269794721
53.86005084999488,61.75730393206395,0.24249267578125,0.59088134765625,-0.7645263671875,0.086669921875,1.7483870967741935,52.98142717497556,1.6806451612903226,50.9286412512219
53.88012974499725,66.74487588457889,0.2154541015625,0.60528564453125,-0.76434326171875,0.0540771484375,1.761290322580645,53.3724340175953,1.6612903225806452,50.34213098729228
53.90017980700941,66.74487588457889,0.2154541015625,0.60528564453125,-0.76434326171875,0.0540771484375,1.7516129032258063,53.0791788856305,1.664516129032258,50.43988269794721
53.92025130998809,71.55261525736591,0.193603515625,0.61785888671875,-0.76190185546875,0.017333984375,1.764516129032258,53.47018572825024,1.6612903225806452,50.34213098729228
53.9403184929979,71.55261525736591,0.193603515625,0.61785888671875,-0.76190185546875,0.017333984375,1.7806451612903225,53.95894428152492,1.6774193548387097,50.83088954056696
53.960385643993504,71.55261525736591,0.193603515625,0.61785888671875,-0.76190185546875,0.017333984375,1.7774193548387096,53.86119257086999,1.6838709677419355,51.02639296187683
53.98051814100472,76.0605673653697,-0.17950439453125,-0.62750244140625,0.7572021484375,0.024658203125,1.7903225806451613,54.25219941348974,1.8032258064516127,54.64320625610948
54.00058375598746,76.0605673653697,-0.17950439453125,-0.62750244140625,0.7572021484375,0.024658203125,1.796774193548387,54.44770283479961,1.8483870967741933,56.01173020527859
54.020683356007794,80.18936164808818,-0.17333984375,-0.63592529296875,0.748779296875,0.07012939453125,1.8096774193548386,54.83870967741935,1.829032258064516,55.42521994134897
54.040731146000326,80.18936164808818,-0.17333984375,-0.63592529296875,0.748779296875,0.07012939453125,1.861290322580645,56.402737047898334,1.8483870967741933,56.01173020527859
54.0607708079915,80.18936164808818,-0.17333984375,-0.63592529296875,0.748779296875,0.07012939453125,1.8774193548387097,56.89149560117303,1.8580645161290321,56.304985337243394
54.08088640900678,83.68518525379017,-0.1746826171875,-0.6444091796875,0.73565673828125,0.11407470703125,1.829032258064516,55.42521994134897,1.8741935483870966,56.79374389051808
54.10092706300202,83.68518525379017,-0.1746826171875,-0.6444091796875,0.73565673828125,0.11407470703125,1.8451612903225805,55.91397849462365,1.861290322580645,56.402737047898334
54.121009061986115,86.74845993564006,-0.18072509765625,-0.653564453125,0.71844482421875,0.1552734375,1.8483870967741933,56.01173020527859,1.8741935483870966,56.79374389051808
54.1410888209939,86.74845993564006,-0.18072509765625,-0.653564453125,0.71844482421875,0.1552734375,1.8806451612903226,56.98924731182796,1.8580645161290321,56.304985337243394
54.16114025999559,86.74845993564006,-0.18072509765625,-0.653564453125,0.71844482421875,0.1552734375,1.9064516129032258,57.77126099706745,1.8677419354838707,56.59824046920821
54.18120229098713,89.34445999990727,-0.19024658203125,-0.6607666015625,0.699951171875,0.19287109375,1.8774193548387097,56.89149560117303,1.8161290322580643,55.034213098729225
54.20135869199294,89.34445999990727,-0.19024658203125,-0.6607666015625,0.699951171875,0.19287109375,1.8419354838709676,55.816226783968716,1.8548387096774193,56.20723362658847
54.22147499700077,91.25647216806065,-0.20635986328125,-0.663330078125,0.6820068359375,0.22869873046875,1.8161290322580643,55.034213098729225,1.8096774193548386,54.83870967741935
54.24151993900887,91.25647216806065,-0.20635986328125,-0.663330078125,0.6820068359375,0.22869873046875,1.8354838709677417,55.62072336265884,1.932258064516129,58.55327468230694
54.26153518399224,91.25647216806065,-0.20635986328125,-0.663330078125,0.6820068359375,0.22869873046875,1.8193548387096772,55.13196480938416,1.8419354838709676,55.816226783968716
54.28162460800377,92.07581090753949,-0.22784423828125,-0.65948486328125,0.66815185546875,0.25830078125,1.7838709677419353,54.05669599217986,1.8935483870967742,57.380254154447705
54.30165732599562,92.07581090753949,-0.22784423828125,-0.65948486328125,0.66815185546875,0.25830078125,1.7516129032258063,53.0791788856305,1.8354838709677417,55.62072336265884
54.32172226801049,92.05541765218013,-0.250732421875,-0.654296875,0.65667724609375,0.279052734375,1.761290322580645,53.3724340175953,1.8838709677419354,57.0869990224829
54.34185489299125,92.05541765218013,-0.250732421875,-0.654296875,0.65667724609375,0.279052734375,1.7387096774193547,52.68817204301075,1.7580645161290323,53.27468230694038
54.36191545199836,92.05541765218013,-0.250732421875,-0.654296875,0.65667724609375,0.279052734375,1.7741935483870968,53.76344086021506,1.8322580645161288,55.5229716520039
54.38198893898516,91.6098948872388,-0.2750244140625,-0.64739990234375,0.64617919921875,0.29620361328125,1.7516129032258063,53.0791788856305,1.8129032258064515,54.936461388074285
54.40205589798279,91.6098948872388,-0.2750244140625,-0.64739990234375,0.64617919921875,0.29620361328125,1.7354838709677418,52.59042033235581,1.8677419354838707,56.59824046920821
54.42216023398214,90.56920915394048,-0.30010986328125,-0.6375732421875,0.638916015625,0.30853271484375,1.7258064516129032,52.29716520039101,1.8677419354838707,56.59824046920821
54.442193880007835,90.56920915394048,-0.30010986328125,-0.6375732421875,0.638916015625,0.30853271484375,1.7161290322580645,52.003910068426194,1.8225806451612903,55.229716520039105
54.46226723800646,90.56920915394048,-0.30010986328125,-0.6375732421875,0.638916015625,0.30853271484375,1.7483870967741935,52.98142717497556,1.9,57.57575757575758
54.48234453299665,88.76656082507532,-0.328125,-0.62701416015625,0.63287353515625,0.31402587890625,1.7516129032258063,53.0791788856305,1.7774193548387096,53.86119257086999
54.50244022801053,88.76656082507532,-0.328125,-0.62701416015625,0.63287353515625,0.31402587890625,1.7354838709677418,52.59042033235581,1.8516129032258062,56.10948191593352
54.52250350598479,86.02943861580003,-0.35650634765625,-0.61456298828125,0.6317138671875,0.31011962890625,1.7451612903225806,52.883675464320625,1.8419354838709676,55.816226783968716
54.542554334999295,86.02943861580003,-0.35650634765625,-0.61456298828125,0.6317138671875,0.31011962890625,1.7451612903225806,52.883675464320625,1.8258064516129031,55.32746823069403
54.56263124500401,86.02943861580003,-0.35650634765625,-0.61456298828125,0.6317138671875,0.31011962890625,1.7,51.515151515151516,1.7032258064516128,51.61290322580645
54.5827038679854,82.87649293761335,-0.38372802734375,-0.6031494140625,0.6319580078125,0.29925537109375,1.6741935483870967,50.733137829912025,1.632258064516129,49.462365591397855
54.6028001710074,82.87649293761335,-0.38372802734375,-0.6031494140625,0.6319580078125,0.29925537109375,1.590322580645161,48.19159335288367,1.5838709677419354,47.9960899315738
54.622838392009726,79.18847734138745,-0.40972900390625,-0.58782958984375,0.636962890625,0.284423828125,1.5870967741935482,48.09384164222873,1.4483870967741934,43.89051808406647
54.64289674098836,79.18847734138745,-0.40972900390625,-0.58782958984375,0.636962890625,0.284423828125,1.5741935483870966,47.702834799608986,1.2806451612903225,38.80742913000977
54.662983315996826,79.18847734138745,-0.40972900390625,-0.58782958984375,0.636962890625,0.284423828125,1.5806451612903225,47.898338220918866,1.2193548387096773,36.950146627565985
54.6830372819968,75.11382393374267,-0.435546875,-0.57073974609375,0.643310546875,0.265869140625,1.5709677419354837,47.60508308895405,1.1161290322580644,33.822091886608014
54.703109967987984,75.11382393374267,-0.435546875,-0.57073974609375,0.643310546875,0.265869140625,1.5193548387096774,46.04105571847507,1.058064516129032,32.06256109481915
54.723195133992704,70.65967686137496,-0.46136474609375,-0.55291748046875,0.64996337890625,0.24285888671875,1.525806451612903,46.236559139784944,1.0032258064516129,30.40078201368524
54.74324788400554,70.65967686137496,-0.46136474609375,-0.55291748046875,0.64996337890625,0.24285888671875,1.5129032258064514,45.8455522971652,1.0387096774193547,31.47605083088954
54.76334031499573,70.65967686137496,-0.46136474609375,-0.55291748046875,0.64996337890625,0.24285888671875,1.4870967741935484,45.06353861192571,0.8935483870967741,27.077223851417397
54.78339293599129,65.89940592684357,-0.48651123046875,-0.533935546875,0.65692138671875,0.2161865234375,1.4709677419354839,44.57478005865102,0.9064516129032257,27.468230694037143
54.8034431579872,65.89940592684357,-0.48651123046875,-0.533935546875,0.65692138671875,0.2161865234375,1.4548387096774194,44.086021505376344,0.8354838709677419,25.317693059628542
54.823521476006135,61.18762027130804,-0.50738525390625,-0.51495361328125,0.6650390625,0.18731689453125,1.4741935483870967,44.67253176930596,0.8741935483870967,26.49071358748778
54.843589202006115,61.18762027130804,-0.50738525390625,-0.51495361328125,0.6650390625,0.18731689453125,1.493548387096774,45.25904203323558,0.9225806451612902,27.956989247311824
54.863646207988495,61.18762027130804,-0.50738525390625,-0.51495361328125,0.6650390625,0.18731689453125,1.464516129032258,44.37927663734115,0.8903225806451612,26.97947214076246
54.88370689400472,56.65632586638238,-0.5235595703125,-0.49755859375,0.6737060546875,0.15655517578125,1.4709677419354839,44.57478005865102,0.6677419354838708,20.234604105571844
54.90378121199319,56.65632586638238,-0.5235595703125,-0.49755859375,0.6737060546875,0.15655517578125,1.4580645161290322,44.18377321603128,0.6612903225806451,20.039100684261975
54.92384416999994,52.23836569564405,-0.53265380859375,-0.4822998046875,0.684814453125,0.1214599609375,1.4516129032258065,43.98826979472141,0.5032258064516129,15.249266862170089
54.943976089998614,52.23836569564405,-0.53265380859375,-0.4822998046875,0.684814453125,0.1214599609375,1.4161290322580644,42.91300097751711,0.6419354838709677,19.452590420332356
54.96404624800198,52.23836569564405,-0.53265380859375,-0.4822998046875,0.684814453125,0.1214599609375,1.3935483870967742,42.22873900293255,0.5387096774193548,16.32453567937439
54.9841873839905,47.8336279764734,-0.53692626953125,-0.4678955078125,0.69708251953125,0.08258056640625,1.361290322580645,41.251221896383186,0.5516129032258064,16.715542521994134
55.004215428984025,47.8336279764734,-0.53692626953125,-0.4678955078125,0.69708251953125,0.08258056640625,1.4483870967741934,43.89051808406647,0.6193548387096773,18.768328445747798
55.02427822700702,43.72383765173635,-0.5390625,-0.45355224609375,0.70831298828125,0.045166015625,1.432258064516129,43.401759530791786,0.5967741935483871,18.084066471163247
55.04437776200939,43.72383765173635,-0.5390625,-0.45355224609375,0.70831298828125,0.045166015625,1.3645161290322578,41.34897360703812,0.6580645161290322,19.941348973607038
55.06442795199109,43.72383765173635,-0.5390625,-0.45355224609375,0.70831298828125,0.045166015625,1.3806451612903226,41.837732160312804,0.39677419354838706,12.023460410557183
55.08449881398701,40.13278426587785,-0.53875732421875,-0.43963623046875,0.71856689453125,0.01104736328125,1.4096774193548387,42.717497556207235,0.4290322580645161,13.000977517106548
55.10457063600188,40.13278426587785,-0.53875732421875,-0.43963623046875,0.71856689453125,0.01104736328125,1.3903225806451613,42.13098729227762,0.5161290322580645,15.640273704789834
55.124657690990716,37.55884489555527,0.5352783203125,0.42950439453125,-0.72711181640625,0.01666259765625,1.403225806451613,42.52199413489737,0.6870967741935483,20.821114369501466
55.144730280997464,37.55884489555527,0.5352783203125,0.42950439453125,-0.72711181640625,0.01666259765625,1.4064516129032258,42.619745845552295,0.5387096774193548,16.32453567937439
55.164802774990676,37.55884489555527,0.5352783203125,0.42950439453125,-0.72711181640625,0.01666259765625,1.4387096774193548,43.59726295210166,0.6612903225806451,20.039100684261975
55.18487408501096,35.667816929782546,0.53143310546875,0.42340087890625,-0.73260498046875,0.03985595703125,1.4451612903225806,43.79276637341153,0.7354838709677419,22.28739002932551
55.204984629002865,35.667816929782546,0.53143310546875,0.42340087890625,-0.73260498046875,0.03985595703125,1.467741935483871,44.4770283479961,0.7935483870967741,24.046920821114366
55.22503728198353,34.4023415834444,0.52581787109375,0.4219970703125,-0.736083984375,0.0604248046875,1.4580645161290322,44.18377321603128,0.7999999999999999,24.242424242424242
55.24513726501027,34.4023415834444,0.52581787109375,0.4219970703125,-0.736083984375,0.0604248046875,1.593548387096774,48.289345063538605,0.8999999999999999,27.27272727272727
55.265225440001814,34.4023415834444,0.52581787109375,0.4219970703125,-0.736083984375,0.0604248046875,1.5709677419354837,47.60508308895405,0.9935483870967742,30.107526881720432
55.2852863179869,33.645636915219065,0.51922607421875,0.42218017578125,-0.73907470703125,0.07696533203125,1.5677419354838709,47.507331378299114,1.032258064516129,31.28054740957967
55.30538412500755,33.645636915219065,0.51922607421875,0.42218017578125,-0.73907470703125,0.07696533203125,1.5483870967741935,46.9208211143695,1.0290322580645161,31.182795698924732
55.325442857982125,33.10840453436762,0.51422119140625,0.42205810546875,-0.7413330078125,0.089111328125,1.561290322580645,47.31182795698924,1.0451612903225806,31.671554252199414
55.34552978500142,33.10840453436762,0.51422119140625,0.42205810546875,-0.7413330078125,0.089111328125,1.5451612903225804,46.82306940371456,1.058064516129032,32.06256109481915
55.36564119299874,33.10840453436762,0.51422119140625,0.42205810546875,-0.7413330078125,0.089111328125,1.590322580645161,48.19159335288367,1.1032258064516127,33.43108504398827
55.38570629400783,32.60590374513225,0.51177978515625,0.42083740234375,-0.7425537109375,0.09783935546875,1.5516129032258064,47.018572825024435,1.1096774193548387,33.62658846529814
55.40577075598412,32.60590374513225,0.51177978515625,0.42083740234375,-0.7425537109375,0.09783935546875,1.5806451612903225,47.898338220918866,1.0806451612903225,32.74682306940371
55.425850227009505,32.10193084651073,0.5147705078125,0.4178466796875,-0.741943359375,0.099609375,1.62258064516129,49.169110459433035,1.1096774193548387,33.62658846529814
55.4458952639834,32.10193084651073,0.5147705078125,0.4178466796875,-0.741943359375,0.099609375,1.593548387096774,48.289345063538605,1.0516129032258064,31.867057673509287
55.46599716600031,32.10193084651073,0.5147705078125,0.4178466796875,-0.741943359375,0.099609375,1.5451612903225804,46.82306940371456,1.0677419354838709,32.355816226783965
55.48603714699857,31.728404358062846,0.5250244140625,0.4110107421875,-0.7398681640625,0.089599609375,1.558064516129032,47.21407624633431,1.058064516129032,32.06256109481915
55.50609853598871,31.728404358062846,0.5250244140625,0.4110107421875,-0.7398681640625,0.089599609375,1.5774193548387094,47.800586510263926,1.0516129032258064,31.867057673509287
55.52628274500603,31.743521347759753,0.537353515625,0.40179443359375,-0.738037109375,0.07122802734375,1.593548387096774,48.289345063538605,1.0032258064516129,30.40078201368524
55.54628349200357,31.743521347759753,0.537353515625,0.40179443359375,-0.738037109375,0.07122802734375,1.5774193548387094,47.800586510263926,0.964516129032258,29.227761485826004
55.56632993600215,31.743521347759753,0.537353515625,0.40179443359375,-0.738037109375,0.07122802734375,1.5806451612903225,47.898338220918866,0.8096774193548386,24.535679374389048
55.58639618899906,31.706421395955076,0.54730224609375,0.39068603515625,-0.73809814453125,0.0548095703125,1.5999999999999999,48.484848484848484,0.8612903225806451,26.099706744868033
55.60647649099701,31.706421395955076,0.54730224609375,0.39068603515625,-0.73809814453125,0.0548095703125,1.5709677419354837,47.60508308895405,0.9806451612903225,29.716520039100686
55.6265309349983,31.60651691028911,0.5538330078125,0.379638671875,-0.73980712890625,0.04241943359375,1.5870967741935482,48.09384164222873,0.996774193548387,30.205278592375368
55.64659664500505,31.60651691028911,0.5538330078125,0.379638671875,-0.73980712890625,0.04241943359375,1.5709677419354837,47.60508308895405,0.9870967741935484,29.91202346041056
55.66669419500977,31.60651691028911,0.5538330078125,0.379638671875,-0.73980712890625,0.04241943359375,1.5387096774193547,46.62756598240469,0.8258064516129032,25.024437927663733
55.68674387098872,31.72517025241055,0.5595703125,0.3675537109375,-0.7423095703125,0.0269775390625,1.532258064516129,46.432062561094824,0.5193548387096774,15.73802541544477
55.706866702006664,31.72517025241055,0.5595703125,0.3675537109375,-0.7423095703125,0.0269775390625,1.5,45.45454545454546,0.41935483870967744,12.70772238514174
55.72691631500493,32.2632971937814,0.5662841796875,0.3560791015625,-0.7432861328125,0.00531005859375,1.5129032258064514,45.8455522971652,0.38387096774193546,11.632453567937437
55.74696746299742,32.2632971937814,0.5662841796875,0.3560791015625,-0.7432861328125,0.00531005859375,1.4838709677419355,44.965786901270775,0.38064516129032255,11.534701857282501
55.767030675982824,32.2632971937814,0.5662841796875,0.3560791015625,-0.7432861328125,0.00531005859375,1.4709677419354839,44.57478005865102,0.3548387096774194,10.752688172043012
55.787126242998056,32.7778106478676,-0.57379150390625,-0.34527587890625,0.74249267578125,0.016357421875,1.4709677419354839,44.57478005865102,0.34193548387096767,10.361681329423263
55.80718369499664,32.7778106478676,-0.57379150390625,-0.34527587890625,0.74249267578125,0.016357421875,1.4483870967741934,43.89051808406647,0.3387096774193548,10.263929618768328
55.82723417200032,33.24000395719503,-0.5799560546875,-0.33441162109375,0.741943359375,0.03619384765625,1.4709677419354839,44.57478005865102,0.34516129032258064,10.459433040078201
55.84730135300197,33.24000395719503,-0.5799560546875,-0.33441162109375,0.741943359375,0.03619384765625,1.4903225806451612,45.16129032258064,0.1774193548387097,5.376344086021506
55.86737115800497,33.24000395719503,-0.5799560546875,-0.33441162109375,0.741943359375,0.03619384765625,1.4838709677419355,44.965786901270775,0.0,0.0
55.887435138982255,33.71465857086282,-0.58587646484375,-0.322021484375,0.741455078125,0.05743408203125,1.4483870967741934,43.89051808406647,0.0,0.0
55.907498735992704,33.71465857086282,-0.58587646484375,-0.322021484375,0.741455078125,0.05743408203125,1.4548387096774194,44.086021505376344,0.0,0.0
55.927581758005545,34.101543964629705,-0.59259033203125,-0.30712890625,0.74029541015625,0.080322265625,1.429032258064516,43.30400782013685,0.0,0.0
55.947634634998394,34.101543964629705,-0.59259033203125,-0.30712890625,0.74029541015625,0.080322265625,1.429032258064516,43.30400782013685,0.0,0.0
55.96770139998989,34.101543964629705,-0.59259033203125,-0.30712890625,0.74029541015625,0.080322265625,1.4451612903225806,43.79276637341153,0.0,0.0
55.987786790006794,34.33423678576665,-0.59991455078125,-0.2899169921875,0.73846435546875,0.10394287109375,1.461290322580645,44.28152492668622,0.0,0.0
56.007843825995224,34.33423678576665,-0.59991455078125,-0.2899169921875,0.73846435546875,0.10394287109375,1.4419354838709677,43.6950146627566,0.06129032258064516,1.857282502443793
56.02791030399385,34.758260743267776,-0.60858154296875,-0.274169921875,0.7332763671875,0.12939453125,1.4548387096774194,44.086021505376344,0.0,0.0
56.04798510100227,34.758260743267776,-0.60858154296875,-0.274169921875,0.7332763671875,0.12939453125,1.467741935483871,44.4770283479961,0.0,0.0
56.06805615400663,34.758260743267776,-0.60858154296875,-0.274169921875,0.7332763671875,0.12939453125,1.467741935483871,44.4770283479961,0.0,0.0
56.08811223099474,35.139141538928236,-0.62176513671875,-0.26043701171875,0.7222900390625,0.1544189453125,1.467741935483871,44.4770283479961,0.0,0.0
56.10817845200654,35.139141538928236,-0.62176513671875,-0.26043701171875,0.7222900390625,0.1544189453125,1.4516129032258065,43.98826979472141,0.0,0.0
56.12834826100152,35.23186641132456,-0.63446044921875,-0.248046875,0.71136474609375,0.17303466796875,1.461290322580645,44.28152492668622,0.0,0.0
56.14840155298589,35.23186641132456,-0.63446044921875,-0.248046875,0.71136474609375,0.17303466796875,1.467741935483871,44.4770283479961,0.0,0.0
56.16844697398483,35.23186641132456,-0.63446044921875,-0.248046875,0.71136474609375,0.17303466796875,1.4774193548387096,44.770283479960895,0.2129032258064516,6.451612903225806
56.18850951499189,35.01571131423786,-0.64215087890625,-0.2376708984375,0.7054443359375,0.18304443359375,1.4548387096774194,44.086021505376344,0.0,0.0
56.20856808798271,35.01571131423786,-0.64215087890625,-0.2376708984375,0.7054443359375,0.18304443359375,1.4548387096774194,44.086021505376344,0.0032258064516129032,0.09775171065493646
56.228765768988524,34.520637495173254,-0.64697265625,-0.22637939453125,0.70306396484375,0.18951416015625,1.4548387096774194,44.086021505376344,0.2870967741935484,8.699902248289346
56.2488524710061,34.520637495173254,-0.64697265625,-0.22637939453125,0.70306396484375,0.18951416015625,1.4387096774193548,43.59726295210166,0.3064516129032258,9.286412512218964
56.268989061994944,34.520637495173254,-0.64697265625,-0.22637939453125,0.70306396484375,0.18951416015625,1.4193548387096775,43.01075268817205,0.3290322580645161,9.970674486803519
56.288987856998574,34.022995425435695,-0.6510009765625,-0.21533203125,0.701171875,0.1953125,1.435483870967742,43.49951124144673,0.3129032258064516,9.481915933528837
56.30900284499512,34.022995425435695,-0.6510009765625,-0.21533203125,0.701171875,0.1953125,1.4419354838709677,43.6950146627566,0.3161290322580645,9.579667644183774
56.32908433000557,33.84204629870803,-0.65460205078125,-0.20904541015625,0.6983642578125,0.20025634765625,1.432258064516129,43.401759530791786,0.3064516129032258,9.286412512218964
56.349170231987955,33.84204629870803,-0.65460205078125,-0.20904541015625,0.6983642578125,0.20025634765625,1.435483870967742,43.49951124144673,0.09032258064516129,2.7370478983382207
56.369212707999395,33.84204629870803,-0.65460205078125,-0.20904541015625,0.6983642578125,0.20025634765625,1.4161290322580644,42.91300097751711,0.2967741935483871,8.993157380254155
56.38929269000073,33.84631182352516,-0.6585693359375,-0.20684814453125,0.69439697265625,0.2032470703125,1.4129032258064516,42.81524926686217,0.5129032258064515,15.542521994134894
56.40933267000946,33.84631182352516,-0.6585693359375,-0.20684814453125,0.69439697265625,0.2032470703125,1.429032258064516,43.30400782013685,0.6870967741935483,20.821114369501466
56.42939540298539,33.95104922991226,-0.65997314453125,-0.20526123046875,0.692626953125,0.20635986328125,1.4548387096774194,44.086021505376344,0.7193548387096774,21.79863147605083
56.44945618399652,33.95104922991226,-0.65997314453125,-0.20526123046875,0.692626953125,0.20635986328125,1.4741935483870967,44.67253176930596,0.7096774193548387,21.505376344086024
56.46951782799442,33.95104922991226,-0.65997314453125,-0.20526123046875,0.692626953125,0.20635986328125,1.464516129032258,44.37927663734115,0.7774193548387096,23.558162267839684
56.48960574500961,34.17901281835496,-0.6597900390625,-0.202392578125,0.69195556640625,0.21197509765625,1.461290322580645,44.28152492668622,0.732258064516129,22.189638318670575
56.509651292988565,34.17901281835496,-0.6597900390625,-0.202392578125,0.69195556640625,0.21197509765625,1.435483870967742,43.49951124144673,0.7451612903225806,22.58064516129032
56.529709864989854,34.60627768156729,-0.66156005859375,-0.20062255859375,0.68853759765625,0.21917724609375,1.461290322580645,44.28152492668622,0.732258064516129,22.189638318670575
56.5497927890101,34.60627768156729,-0.66156005859375,-0.20062255859375,0.68853759765625,0.21917724609375,1.464516129032258,44.37927663734115,0.832258064516129,25.219941348973606
56.56983894499717,34.60627768156729,-0.66156005859375,-0.20062255859375,0.68853759765625,0.21917724609375,1.4548387096774194,44.086021505376344,0.7548387096774193,22.87390029325513
56.58991860598326,35.157523704063735,-0.66473388671875,-0.20281982421875,0.68328857421875,0.22393798828125,1.4870967741935484,45.06353861192571,0.832258064516129,25.219941348973606
56.610042363987304,35.157523704063735,-0.66473388671875,-0.20281982421875,0.68328857421875,0.22393798828125,1.461290322580645,44.28152492668622,0.9709677419354839,29.423264907135877
56.63007543099229,35.702048221462604,-0.6671142578125,-0.207763671875,0.67889404296875,0.2255859375,1.4838709677419355,44.965786901270775,0.9838709677419355,29.814271749755623
56.65013054700103,35.702048221462604,-0.6671142578125,-0.207763671875,0.67889404296875,0.2255859375,1.5,45.45454545454546,1.0290322580645161,31.182795698924732
56.67019331100164,35.702048221462604,-0.6671142578125,-0.207763671875,0.67889404296875,0.2255859375,1.4838709677419355,44.965786901270775,1.0290322580645161,31.182795698924732
56.69024813899887,36.149679664297985,-0.669189453125,-0.21295166015625,0.6751708984375,0.22576904296875,1.493548387096774,45.25904203323558,1.0709677419354837,32.453567937438905
56.710323703009635,36.149679664297985,-0.669189453125,-0.21295166015625,0.6751708984375,0.22576904296875,1.5129032258064514,45.8455522971652,1.1193548387096772,33.91984359726295
56.7303720350028,36.45403875964799,-0.67138671875,-0.21905517578125,0.671875,0.22332763671875,1.5451612903225804,46.82306940371456,1.1580645161290324,35.0928641251222
56.750439502997324,36.45403875964799,-0.67138671875,-0.21905517578125,0.671875,0.22332763671875,1.525806451612903,46.236559139784944,1.096774193548387,33.235581622678396
56.77052626799559,36.45403875964799,-0.67138671875,-0.21905517578125,0.671875,0.22332763671875,1.525806451612903,46.236559139784944,1.0387096774193547,31.47605083088954
56.79056557599688,36.58176324234787,-0.6719970703125,-0.22784423828125,0.67071533203125,0.21600341796875,1.493548387096774,45.25904203323558,1.0999999999999999,33.33333333333333
56.81065784499515,36.58176324234787,-0.6719970703125,-0.22784423828125,0.67071533203125,0.21600341796875,1.5225806451612902,46.138807429130004,1.1419354838709679,34.60410557184751
56.8307070400042,36.7367768460774,-0.67169189453125,-0.2381591796875,0.67010498046875,0.20745849609375,1.5129032258064514,45.8455522971652,1.12258064516129,34.01759530791788
56.85077018899028,36.7367768460774,-0.67169189453125,-0.2381591796875,0.67010498046875,0.20745849609375,1.5225806451612902,46.138807429130004,1.12258064516129,34.01759530791788
56.870832921005785,36.7367768460774,-0.67169189453125,-0.2381591796875,0.67010498046875,0.20745849609375,1.529032258064516,46.33431085043988,1.132258064516129,34.3108504398827
56.89088806899963,37.13258331075433,-0.66796875,-0.246826171875,0.67193603515625,0.20343017578125,1.525806451612903,46.236559139784944,1.0709677419354837,32.453567937438905
56.91095604898874,37.13258331075433,-0.66796875,-0.246826171875,0.67193603515625,0.20343017578125,1.5483870967741935,46.9208211143695,1.0677419354838709,32.355816226783965
56.93101282900898,37.48430827959909,-0.664306640625,-0.251708984375,0.67401123046875,0.20257568359375,1.5225806451612902,46.138807429130004,1.0483870967741935,31.76930596285435
56.951085128996056,37.48430827959909,-0.664306640625,-0.251708984375,0.67401123046875,0.20257568359375,1.5096774193548386,45.74780058651026,1.0096774193548386,30.596285434995107
56.97113611700479,37.48430827959909,-0.664306640625,-0.251708984375,0.67401123046875,0.20257568359375,1.496774193548387,45.35679374389051,0.964516129032258,29.227761485826004
56.99120441699051,37.55762915566764,-0.66143798828125,-0.25543212890625,0.67633056640625,0.1995849609375,1.493548387096774,45.25904203323558,1.0677419354838709,32.355816226783965
57.01126465300331,37.55762915566764,-0.66143798828125,-0.25543212890625,0.67633056640625,0.1995849609375,1.5064516129032257,45.650048875855326,1.0741935483870966,32.55131964809384
57.03132696900866,37.51004677992237,-0.65667724609375,-0.25775146484375,0.6810302734375,0.1962890625,1.467741935483871,44.4770283479961,1.0999999999999999,33.33333333333333
57.05138803800219,37.51004677992237,-0.65667724609375,-0.25775146484375,0.6810302734375,0.1962890625,1.5,45.45454545454546,1.0290322580645161,31.182795698924732
57.071453265991295,37.51004677992237,-0.65667724609375,-0.25775146484375,0.6810302734375,0.1962890625,1.4774193548387096,44.770283479960895,1.0516129032258064,31.867057673509287
57.091565535985865,37.48212238647198,-0.64794921875,-0.257568359375,0.6898193359375,0.19488525390625,1.467741935483871,44.4770283479961,1.0451612903225806,31.671554252199414
57.11159265000606,37.48212238647198,-0.64794921875,-0.257568359375,0.6898193359375,0.19488525390625,1.4838709677419355,44.965786901270775,0.9064516129032257,27.468230694037143
57.13164648599923,37.26285932488394,-0.63922119140625,-0.2535400390625,0.6995849609375,0.19427490234375,1.493548387096774,45.25904203323558,0.9709677419354839,29.423264907135877
57.151710946985986,37.26285932488394,-0.63922119140625,-0.2535400390625,0.6995849609375,0.19427490234375,1.5064516129032257,45.650048875855326,0.9129032258064516,27.663734115347015
57.17178619100014,37.26285932488394,-0.63922119140625,-0.2535400390625,0.6995849609375,0.19427490234375,1.4903225806451612,45.16129032258064,0.9193548387096774,27.859237536656895
57.19183385098586,36.98626773829851,-0.6357421875,-0.249755859375,0.70428466796875,0.193603515625,1.467741935483871,44.4770283479961,0.8741935483870967,26.49071358748778
57.21190167099121,36.98626773829851,-0.6357421875,-0.249755859375,0.70428466796875,0.193603515625,1.461290322580645,44.28152492668622,0.8483870967741935,25.708699902248288
57.232023957010824,36.64733917783068,-0.63702392578125,-0.24578857421875,0.7044677734375,0.19366455078125,1.4451612903225806,43.79276637341153,0.7612903225806451,23.069403714565002
57.25209276899113,36.64733917783068,-0.63702392578125,-0.24578857421875,0.7044677734375,0.19366455078125,1.429032258064516,43.30400782013685,0.7709677419354838,23.36265884652981
57.27225425699726,36.64733917783068,-0.63702392578125,-0.24578857421875,0.7044677734375,0.19366455078125,1.4193548387096775,43.01075268817205,0.6580645161290322,19.941348973607038
57.29230729298433,36.34325533069415,-0.63812255859375,-0.24041748046875,0.704833984375,0.19561767578125,1.4193548387096775,43.01075268817205,0.6354838709677418,19.25708699902248
57.31241460199817,36.34325533069415,-0.63812255859375,-0.24041748046875,0.704833984375,0.19561767578125,1.429032258064516,43.30400782013685,0.5225806451612903,15.835777126099707
57.33240680399467,35.85354170426634,-0.63671875,-0.2320556640625,0.7083740234375,0.197265625,1.429032258064516,43.30400782013685,0.38064516129032255,11.534701857282501
57.35251449799398,35.85354170426634,-0.63671875,-0.2320556640625,0.7083740234375,0.197265625,1.4580645161290322,44.18377321603128,0.34838709677419355,10.557184750733137
57.372536971990485,35.85354170426634,-0.63671875,-0.2320556640625,0.7083740234375,0.197265625,1.464516129032258,44.37927663734115,0.37419354838709673,11.339198435972628
57.39259781700093,35.160904843501996,-0.63287353515625,-0.22137451171875,0.715087890625,0.19781494140625,1.4483870967741934,43.89051808406647,0.532258064516129,16.129032258064516
57.412660612986656,35.160904843501996,-0.63287353515625,-0.22137451171875,0.715087890625,0.19781494140625,1.464516129032258,44.37927663734115,0.532258064516129,16.129032258064516
57.432719920994714,34.265399124060686,-0.6309814453125,-0.2110595703125,0.72039794921875,0.19586181640625,1.464516129032258,44.37927663734115,0.4129032258064516,12.512218963831867
57.45278303700616,34.265399124060686,-0.6309814453125,-0.2110595703125,0.72039794921875,0.19586181640625,1.4516129032258065,43.98826979472141,0.5193548387096774,15.73802541544477
57.4728857690061,34.265399124060686,-0.6309814453125,-0.2110595703125,0.72039794921875,0.19586181640625,1.464516129032258,44.37927663734115,0.4967741935483871,15.053763440860216
57.49294018000364,33.587497802497886,-0.63201904296875,-0.203125,0.72186279296875,0.19549560546875,1.4419354838709677,43.6950146627566,0.47096774193548385,14.271749755620725
57.51299641499645,33.587497802497886,-0.63201904296875,-0.203125,0.72186279296875,0.19549560546875,1.467741935483871,44.4770283479961,0.4967741935483871,15.053763440860216
57.533058281987906,33.44603967920558,-0.6314697265625,-0.1990966796875,0.722900390625,0.19732666015625,1.464516129032258,44.37927663734115,0.561290322580645,17.00879765395894
57.55315205498482,33.44603967920558,-0.6314697265625,-0.1990966796875,0.722900390625,0.19732666015625,1.4806451612903224,44.868035190615835,0.5741935483870968,17.399804496578692
57.573244611005066,33.44603967920558,-0.6314697265625,-0.1990966796875,0.722900390625,0.19732666015625,1.496774193548387,45.35679374389051,0.5935483870967742,17.98631476050831
57.59328180499142,33.467265319444316,-0.6280517578125,-0.19482421875,0.72625732421875,0.2003173828125,1.496774193548387,45.35679374389051,0.48709677419354835,14.760508308895407
57.61334719299339,33.467265319444316,-0.6280517578125,-0.19482421875,0.72625732421875,0.2003173828125,1.4838709677419355,44.965786901270775,0.47419354838709676,14.369501466275661
57.63339376298245,33.49932977428954,-0.62567138671875,-0.1900634765625,0.72845458984375,0.20428466796875,1.4741935483870967,44.67253176930596,0.5258064516129032,15.933528836754643
57.65345406299457,33.49932977428954,-0.62567138671875,-0.1900634765625,0.72845458984375,0.20428466796875,1.467741935483871,44.4770283479961,0.5419354838709677,16.422287390029325
57.673517497983994,33.49932977428954,-0.62567138671875,-0.1900634765625,0.72845458984375,0.20428466796875,1.4903225806451612,45.16129032258064,0.5,15.151515151515152
57.69361219799612,33.50986189544277,-0.624755859375,-0.184814453125,0.72918701171875,0.209228515625,1.493548387096774,45.25904203323558,0.5516129032258064,16.715542521994134
57.713662705005845,33.50986189544277,-0.624755859375,-0.184814453125,0.72918701171875,0.209228515625,1.4548387096774194,44.086021505376344,0.5516129032258064,16.715542521994134
57.73371167600271,33.54894492886645,-0.62451171875,-0.17962646484375,0.72906494140625,0.21490478515625,1.525806451612903,46.236559139784944,0.5193548387096774,15.73802541544477
57.75377258300432,33.54894492886645,-0.62451171875,-0.17962646484375,0.72906494140625,0.21490478515625,1.493548387096774,45.25904203323558,0.5354838709677419,16.226783968719452
57.77389880499686,33.54894492886645,-0.62451171875,-0.17962646484375,0.72906494140625,0.21490478515625,1.4903225806451612,45.16129032258064,0.5645161290322581,17.106549364613883
57.79393555098795,33.28596519993093,-0.62640380859375,-0.17413330078125,0.72784423828125,0.21795654296875,1.493548387096774,45.25904203323558,0.6290322580645161,19.06158357771261
57.81399210600648,33.28596519993093,-0.62640380859375,-0.17413330078125,0.72784423828125,0.21795654296875,1.5193548387096774,46.04105571847507,0.5935483870967742,17.98631476050831
57.83406869400642,32.8477902018764,-0.63037109375,-0.17071533203125,0.725341796875,0.2177734375,1.5161290322580645,45.94330400782014,0.529032258064516,16.031280547409576
57.85413491301006,32.8477902018764,-0.63037109375,-0.17071533203125,0.725341796875,0.2177734375,1.5064516129032257,45.650048875855326,0.5096774193548387,15.444770283479961
57.8741829879873,32.8477902018764,-0.63037109375,-0.17071533203125,0.725341796875,0.2177734375,1.5096774193548386,45.74780058651026,0.47096774193548385,14.271749755620725
57.8942389349977,32.529500474197846,-0.636474609375,-0.1705322265625,0.7203369140625,0.21649169921875,1.5129032258064514,45.8455522971652,0.529032258064516,16.031280547409576
57.91435254798853,32.529500474197846,-0.636474609375,-0.1705322265625,0.7203369140625,0.21649169921875,1.493548387096774,45.25904203323558,0.49032258064516127,14.858260019550343
57.93439623899758,32.09869186013186,-0.64599609375,-0.17230224609375,0.71246337890625,0.212890625,1.529032258064516,46.33431085043988,0.4096774193548387,12.41446725317693
57.95447692199377,32.09869186013186,-0.64599609375,-0.17230224609375,0.71246337890625,0.212890625,1.493548387096774,45.25904203323558,0.5419354838709677,16.422287390029325
57.974526725010946,32.09869186013186,-0.64599609375,-0.17230224609375,0.71246337890625,0.212890625,1.5064516129032257,45.650048875855326,0.6516129032258063,19.745845552297162
57.994588080007816,31.52433820194571,-0.65936279296875,-0.17742919921875,0.701416015625,0.2044677734375,1.5419354838709676,46.72531769305962,0.7096774193548387,21.505376344086024
58.01465657199151,31.52433820194571,-0.65936279296875,-0.17742919921875,0.701416015625,0.2044677734375,1.5225806451612902,46.138807429130004,0.7290322580645161,22.09188660801564
58.03470915899379,31.05494557644485,-0.67181396484375,-0.18109130859375,0.690673828125,0.19696044921875,1.5193548387096774,46.04105571847507,0.7483870967741935,22.678396871945257
58.05477374600014,31.05494557644485,-0.67181396484375,-0.18109130859375,0.690673828125,0.19696044921875,1.5451612903225804,46.82306940371456,0.7129032258064516,21.603128054740957
58.07483657301054,31.05494557644485,-0.67181396484375,-0.18109130859375,0.690673828125,0.19696044921875,1.5064516129032257,45.650048875855326,0.5580645161290322,16.911045943304007
58.094905225007096,30.879493410750207,-0.680908203125,-0.18414306640625,0.6822509765625,0.1923828125,1.5129032258064514,45.8455522971652,0.5967741935483871,18.084066471163247
58.11504331900505,30.879493410750207,-0.680908203125,-0.18414306640625,0.6822509765625,0.1923828125,1.5096774193548386,45.74780058651026,0.567741935483871,17.20430107526882
58.1350656329887,30.903208619455313,-0.68878173828125,-0.18621826171875,0.67431640625,0.1903076171875,1.532258064516129,46.432062561094824,0.46451612903225803,14.076246334310849
58.155119275994366,30.903208619455313,-0.68878173828125,-0.18621826171875,0.67431640625,0.1903076171875,1.5096774193548386,45.74780058651026,0.4483870967741935,13.587487781036167
58.17518341500545,30.903208619455313,-0.68878173828125,-0.18621826171875,0.67431640625,0.1903076171875,1.496774193548387,45.35679374389051,0.5064516129032258,15.347018572825025
58.19529216398951,31.152707440824166,-0.6947021484375,-0.18603515625,0.66754150390625,0.19268798828125,1.5096774193548386,45.74780058651026,0.48709677419354835,14.760508308895407
58.21533502198872,31.152707440824166,-0.6947021484375,-0.18603515625,0.66754150390625,0.19268798828125,1.4806451612903224,44.868035190615835,0.4806451612903226,14.565004887585534
58.235389528999804,31.56881119951977,-0.6966552734375,-0.18536376953125,0.6641845703125,0.197998046875,1.493548387096774,45.25904203323558,0.5,15.151515151515152
58.25545174899162,31.56881119951977,-0.6966552734375,-0.18536376953125,0.6641845703125,0.197998046875,1.5193548387096774,46.04105571847507,0.47096774193548385,14.271749755620725
58.275561680988176,31.56881119951977,-0.6966552734375,-0.18536376953125,0.6641845703125,0.197998046875,1.525806451612903,46.236559139784944,0.5451612903225805,16.520039100684258
58.29560962799587,31.848420131355205,-0.69537353515625,-0.18157958984375,0.66436767578125,0.2052001953125,1.532258064516129,46.432062561094824,0.5258064516129032,15.933528836754643
58.315660647000186,31.848420131355205,-0.69537353515625,-0.18157958984375,0.66436767578125,0.2052001953125,1.5451612903225804,46.82306940371456,0.7774193548387096,23.558162267839684
58.3357578110008,31.73973438720494,-0.69537353515625,-0.17523193359375,0.66448974609375,0.21026611328125,1.5451612903225804,46.82306940371456,0.8419354838709677,25.513196480938415
58.355782620987156,31.73973438720494,-0.69537353515625,-0.17523193359375,0.66448974609375,0.21026611328125,1.493548387096774,45.25904203323558,0.6354838709677418,19.25708699902248
58.375864520989126,31.73973438720494,-0.69537353515625,-0.17523193359375,0.66448974609375,0.21026611328125,1.525806451612903,46.236559139784944,0.5225806451612903,15.835777126099707
58.39591230798396,31.77947772263569,-0.69677734375,-0.17431640625,0.66290283203125,0.21142578125,1.5,45.45454545454546,0.5419354838709677,16.422287390029325
58.415975070995046,31.77947772263569,-0.69677734375,-0.17431640625,0.66290283203125,0.21142578125,1.5064516129032257,45.650048875855326,0.39677419354838706,12.023460410557183
58.43603444300243,32.03320363562816,-0.6964111328125,-0.179931640625,0.66259765625,0.20880126953125,1.5064516129032257,45.650048875855326,0.4451612903225806,13.48973607038123
58.456096565001644,32.03320363562816,-0.6964111328125,-0.179931640625,0.66259765625,0.20880126953125,1.493548387096774,45.25904203323558,0.41935483870967744,12.70772238514174
58.47616079999716,32.03320363562816,-0.6964111328125,-0.179931640625,0.66259765625,0.20880126953125,1.5354838709677419,46.52981427174975,0.5935483870967742,17.98631476050831
58.496225226001116,32.321521853489514,-0.6907958984375,-0.18536376953125,0.6673583984375,0.20758056640625,1.467741935483871,44.4770283479961,0.6290322580645161,19.06158357771261
58.51629298098851,32.321521853489514,-0.6907958984375,-0.18536376953125,0.6673583984375,0.20758056640625,1.493548387096774,45.25904203323558,0.6741935483870967,20.43010752688172
58.53635516698705,32.82855909177016,-0.67889404296875,-0.18695068359375,0.67742919921875,0.212646484375,1.4709677419354839,44.57478005865102,0.6064516129032258,18.377321603128056
58.55641985000693,32.82855909177016,-0.67889404296875,-0.18695068359375,0.67742919921875,0.212646484375,1.5032258064516129,45.552297165200386,0.6,18.181818181818183
58.576478003989905,32.82855909177016,-0.67889404296875,-0.18695068359375,0.67742919921875,0.212646484375,1.4161290322580644,42.91300097751711,0.532258064516129,16.129032258064516
58.596566622989485,33.12126070697366,-0.66717529296875,-0.18658447265625,0.68804931640625,0.2159423828125,1.4258064516129032,43.20625610948191,0.32580645161290317,9.872922776148581
58.61661120899953,33.12126070697366,-0.66717529296875,-0.18658447265625,0.68804931640625,0.2159423828125,1.4225806451612903,43.10850439882698,0.2967741935483871,8.993157380254155
58.636679123999784,32.959869208925916,-0.66522216796875,-0.19586181640625,0.69085693359375,0.2044677734375,1.435483870967742,43.49951124144673,0.0,0.0
58.656732125993585,32.959869208925916,-0.66522216796875,-0.19586181640625,0.69085693359375,0.2044677734375,1.4,42.42424242424242,0.0,0.0
58.6768035920104,32.959869208925916,-0.66522216796875,-0.19586181640625,0.69085693359375,0.2044677734375,1.3774193548387097,41.73998044965787,0.0,0.0
58.69686232300592,32.99397067290229,-0.66436767578125,-0.21484375,0.6912841796875,0.18572998046875,1.3774193548387097,41.73998044965787,0.0,0.0
58.716926460998366,32.99397067290229,-0.66436767578125,-0.21484375,0.6912841796875,0.18572998046875,1.3806451612903226,41.837732160312804,0.0064516129032258064,0.19550342130987292
58.7370711780095,33.584592412377624,-0.66058349609375,-0.23028564453125,0.6922607421875,0.177001953125,1.361290322580645,41.251221896383186,0.0,0.0
58.75711528401007,33.584592412377624,-0.66058349609375,-0.23028564453125,0.6922607421875,0.177001953125,1.3387096774193548,40.56695992179863,0.0,0.0
58.777165245992364,33.584592412377624,-0.66058349609375,-0.23028564453125,0.6922607421875,0.177001953125,1.3516129032258062,40.957966764418366,0.0,0.0
58.79722362398752,34.41771252304628,-0.65228271484375,-0.235107421875,0.697509765625,0.1807861328125,1.3677419354838707,41.44672531769305,0.0,0.0
58.81728497898439,34.41771252304628,-0.65228271484375,-0.235107421875,0.697509765625,0.1807861328125,1.3645161290322578,41.34897360703812,0.0,0.0
58.83739337499719,34.82855332577142,-0.64495849609375,-0.23516845703125,0.7034912109375,0.18408203125,1.3677419354838707,41.44672531769305,0.0,0.0
58.857474985998124,34.82855332577142,-0.64495849609375,-0.23516845703125,0.7034912109375,0.18408203125,1.3580645161290321,41.153470185728246,0.0032258064516129032,0.09775171065493646
58.87752357200952,34.82855332577142,-0.64495849609375,-0.23516845703125,0.7034912109375,0.18408203125,1.2870967741935482,39.00293255131964,0.0,0.0
58.89758377399994,34.99929464227826,-0.6458740234375,-0.245361328125,0.70111083984375,0.17626953125,1.2870967741935482,39.00293255131964,0.0,0.0
58.91763911198359,34.99929464227826,-0.6458740234375,-0.245361328125,0.70111083984375,0.17626953125,1.2870967741935482,39.00293255131964,0.0,0.0
58.93768849800108,35.05797221762708,-0.6505126953125,-0.26373291015625,0.69403076171875,0.15997314453125,1.293548387096774,39.19843597262952,0.0,0.0
58.95773737199488,35.05797221762708,-0.6505126953125,-0.26373291015625,0.69403076171875,0.15997314453125,1.2838709677419353,38.90518084066471,0.0,0.0
58.97779146200628,35.5832927026664,-0.65350341796875,-0.28143310546875,0.68658447265625,0.1494140625,1.3032258064516127,39.491691104594324,0.0,0.0
58.997946419985965,35.5832927026664,-0.65350341796875,-0.28143310546875,0.68658447265625,0.1494140625,1.3129032258064515,39.784946236559136,0.0,0.0
59.017963900987525,35.5832927026664,-0.65350341796875,-0.28143310546875,0.68658447265625,0.1494140625,1.3032258064516127,39.491691104594324,0.0,0.0
59.03805283998372,36.63861514305426,-0.6551513671875,-0.29443359375,0.6795654296875,0.14947509765625,1.2870967741935482,39.00293255131964,0.0,0.0
59.05813729899819,36.63861514305426,-0.6551513671875,-0.29443359375,0.6795654296875,0.14947509765625,1.2999999999999998,39.39393939393939,0.0,0.0
59.07822098999168,37.8676781369869,-0.65673828125,-0.30474853515625,0.67242431640625,0.15386962890625,1.3258064516129031,40.17595307917888,0.0,0.0
59.0982523910061,37.8676781369869,-0.65673828125,-0.30474853515625,0.67242431640625,0.15386962890625,1.3548387096774193,41.05571847507331,0.0032258064516129032,0.09775171065493646
59.118320114008384,37.8676781369869,-0.65673828125,-0.30474853515625,0.67242431640625,0.15386962890625,1.2677419354838708,38.41642228739003,0.0,0.0
59.138415260997135,39.40589423562921,-0.66046142578125,-0.32037353515625,0.66082763671875,0.15643310546875,1.2709677419354837,38.51417399804496,0.0,0.0
59.15844576701056,39.40589423562921,-0.66046142578125,-0.32037353515625,0.66082763671875,0.15643310546875,1.3129032258064515,39.784946236559136,0.0,0.0
59.178509616991505,40.8306905243185,-0.66485595703125,-0.33685302734375,0.64813232421875,0.1561279296875,1.3096774193548386,39.687194525904204,0.0032258064516129032,0.09775171065493646
59.198571323999204,40.8306905243185,-0.66485595703125,-0.33685302734375,0.64813232421875,0.1561279296875,1.2387096774193547,37.536656891495596,0.0,0.0
59.21862893400248,40.8306905243185,-0.66485595703125,-0.33685302734375,0.64813232421875,0.1561279296875,1.2387096774193547,37.536656891495596,0.0032258064516129032,0.09775171065493646
59.2386899679841,42.118955822147626,-0.66729736328125,-0.34979248046875,0.63836669921875,0.15753173828125,1.232258064516129,37.34115347018573,0.0,0.0
59.258751610992476,42.118955822147626,-0.66729736328125,-0.34979248046875,0.63836669921875,0.15753173828125,1.2129032258064516,36.75464320625611,0.0,0.0
59.27889664800023,43.57160688036454,-0.6673583984375,-0.35931396484375,0.63128662109375,0.164306640625,1.2,36.36363636363637,0.0,0.0
59.29895086601027,43.57160688036454,-0.6673583984375,-0.35931396484375,0.63128662109375,0.164306640625,1.1387096774193548,34.50635386119257,0.019354838709677417,0.5865102639296187
59.3191361920035,43.57160688036454,-0.6673583984375,-0.35931396484375,0.63128662109375,0.164306640625,1.167741935483871,35.386119257087,0.0,0.0
59.33917056999053,44.99750217401879,-0.66436767578125,-0.364013671875,0.62860107421875,0.17596435546875,1.167741935483871,35.386119257087,0.0,0.0
59.359202099003596,44.99750217401879,-0.66436767578125,-0.364013671875,0.62860107421875,0.17596435546875,1.1741935483870969,35.581622678396876,0.019354838709677417,0.5865102639296187
59.37922124398756,45.974912383768675,-0.6605224609375,-0.364501953125,0.62921142578125,0.1868896484375,1.167741935483871,35.386119257087,0.0,0.0
59.3992970949912,45.974912383768675,-0.6605224609375,-0.364501953125,0.62921142578125,0.1868896484375,1.1258064516129034,34.115347018572834,0.0032258064516129032,0.09775171065493646
59.41934683299041,45.974912383768675,-0.6605224609375,-0.364501953125,0.62921142578125,0.1868896484375,1.1193548387096772,33.91984359726295,0.009677419354838708,0.29325513196480935
59.43940617100452,46.4188182659442,-0.658935546875,-0.3687744140625,0.628173828125,0.187744140625,1.1129032258064515,33.724340175953074,0.019354838709677417,0.5865102639296187
59.45951491899905,46.4188182659442,-0.658935546875,-0.3687744140625,0.628173828125,0.187744140625,1.1129032258064515,33.724340175953074,0.0,0.0
59.47958916798234,46.37985538363185,-0.657958984375,-0.373291015625,0.6279296875,0.1827392578125,1.1161290322580644,33.822091886608014,0.0,0.0
59.49962952898932,46.37985538363185,-0.657958984375,-0.373291015625,0.6279296875,0.1827392578125,1.132258064516129,34.3108504398827,0.0,0.0
59.51971754000988,46.37985538363185,-0.657958984375,-0.373291015625,0.6279296875,0.1827392578125,1.1161290322580644,33.822091886608014,0.0,0.0
59.539792174007744,46.45218335227236,-0.655029296875,-0.3746337890625,0.63031005859375,0.18255615234375,1.1290322580645162,34.21309872922777,0.0,0.0
59.55983448700863,46.45218335227236,-0.655029296875,-0.3746337890625,0.63031005859375,0.18255615234375,1.1258064516129034,34.115347018572834,0.0,0.0
59.57989555198583,46.044775094107266,-0.65277099609375,-0.36822509765625,0.63580322265625,0.18463134765625,1.1129032258064515,33.724340175953074,0.0,0.0
59.59995911398437,46.044775094107266,-0.65277099609375,-0.36822509765625,0.63580322265625,0.18463134765625,1.1290322580645162,34.21309872922777,0.0,0.0
59.6200405319978,46.044775094107266,-0.65277099609375,-0.36822509765625,0.63580322265625,0.18463134765625,1.1096774193548387,33.62658846529814,0.0,0.0
59.64011625398416,44.6568682104962,-0.65692138671875,-0.35858154296875,0.6387939453125,0.17840576171875,1.12258064516129,34.01759530791788,0.0,0.0
59.66025901798275,44.6568682104962,-0.65692138671875,-0.35858154296875,0.6387939453125,0.17840576171875,1.12258064516129,34.01759530791788,0.0,0.0
59.68026292999275,42.84614385499781,-0.6669921875,-0.35107421875,0.63623046875,0.16455078125,1.132258064516129,34.3108504398827,0.0,0.0
59.700374012987595,42.84614385499781,-0.6669921875,-0.35107421875,0.63623046875,0.16455078125,1.1387096774193548,34.50635386119257,0.012903225806451613,0.39100684261974583
59.72041203698609,42.84614385499781,-0.6669921875,-0.35107421875,0.63623046875,0.16455078125,1.135483870967742,34.40860215053764,0.0,0.0
59.74049812799785,41.46420443602715,-0.67352294921875,-0.3446044921875,0.6353759765625,0.154541015625,1.1290322580645162,34.21309872922777,0.0,0.0
59.76062965899473,41.46420443602715,-0.67352294921875,-0.3446044921875,0.6353759765625,0.154541015625,1.132258064516129,34.3108504398827,0.0,0.0
59.78065731600509,40.479017584290375,-0.67413330078125,-0.336181640625,0.639892578125,0.15185546875,1.1451612903225807,34.701857282502445,0.0,0.0
59.800702796987025,40.479017584290375,-0.67413330078125,-0.336181640625,0.639892578125,0.15185546875,1.1548387096774193,34.99511241446726,0.0,0.0
59.82076424598927,40.479017584290375,-0.67413330078125,-0.336181640625,0.639892578125,0.15185546875,1.1516129032258065,34.89736070381232,0.0,0.0
59.84083519998239,39.77090844908568,-0.67437744140625,-0.3258056640625,0.6444091796875,0.154296875,1.132258064516129,34.3108504398827,0.0,0.0
59.86091376998229,39.77090844908568,-0.67437744140625,-0.3258056640625,0.6444091796875,0.154296875,1.1612903225806452,35.19061583577713,0.0,0.0
59.88099931698525,38.946724085367805,-0.6754150390625,-0.3179931640625,0.6475830078125,0.152587890625,1.1516129032258065,34.89736070381232,0.0,0.0
59.90105084600509,38.946724085367805,-0.6754150390625,-0.3179931640625,0.6475830078125,0.152587890625,1.1580645161290324,35.0928641251222,0.0,0.0
59.921087399008684,38.946724085367805,-0.6754150390625,-0.3179931640625,0.6475830078125,0.152587890625,1.1516129032258065,34.89736070381232,0.0,0.0
59.94115486400551,37.87580635485188,-0.67431640625,-0.3140869140625,0.65252685546875,0.14434814453125,1.1451612903225807,34.701857282502445,0.0,0.0
59.96122140198713,37.87580635485188,-0.67431640625,-0.3140869140625,0.65252685546875,0.14434814453125,1.1483870967741936,34.799608993157385,0.0,0.0
59.981282114982605,37.124716120429014,-0.67010498046875,-0.31201171875,0.6591796875,0.13800048828125,1.1774193548387097,35.67937438905181,0.0,0.0
60.00134094100213,37.124716120429014,-0.67010498046875,-0.31201171875,0.6591796875,0.13800048828125,1.1612903225806452,35.19061583577713,0.0,0.0
60.02142911098781,37.124716120429014,-0.67010498046875,-0.31201171875,0.6591796875,0.13800048828125,1.1903225806451614,36.07038123167156,0.0,0.0
60.04151222499786,36.589867290784575,-0.66741943359375,-0.30865478515625,0.6640625,0.13525390625,1.196774193548387,36.26588465298143,0.0,0.0
60.061554729996715,36.589867290784575,-0.66741943359375,-0.30865478515625,0.6640625,0.13525390625,1.206451612903226,36.55913978494624,0.0,0.0
60.08163128400338,35.791198754505636,-0.66845703125,-0.30474853515625,0.6658935546875,0.1297607421875,1.2,36.36363636363637,0.0,0.0
60.101641115994425,35.791198754505636,-0.66845703125,-0.30474853515625,0.6658935546875,0.1297607421875,1.2258064516129032,37.14565004887586,0.0,0.0
60.121709189988906,35.791198754505636,-0.66845703125,-0.30474853515625,0.6658935546875,0.1297607421875,1.2677419354838708,38.41642228739003,0.0,0.0
60.14176955100265,34.70767365569743,-0.67132568359375,-0.30224609375,0.66607666015625,0.1195068359375,1.2483870967741935,37.82991202346041,0.0,0.0
60.16191049100598,34.70767365569743,-0.67132568359375,-0.30224609375,0.66607666015625,0.1195068359375,1.2709677419354837,38.51417399804496,0.0,0.0
60.18192947600619,33.749694388212426,-0.673828125,-0.3018798828125,0.6656494140625,0.108642578125,1.2838709677419353,38.90518084066471,0.0,0.0
60.202032781991875,33.749694388212426,-0.673828125,-0.3018798828125,0.6656494140625,0.108642578125,1.2870967741935482,39.00293255131964,0.0,0.0
60.22207755901036,33.749694388212426,-0.673828125,-0.3018798828125,0.6656494140625,0.108642578125,1.293548387096774,39.19843597262952,0.0,0.0
60.242131425009575,33.01900080883276,-0.67431640625,-0.2996826171875,0.6671142578125,0.10211181640625,1.2903225806451613,39.100684261974585,0.0,0.0
60.262185642000986,33.01900080883276,-0.67431640625,-0.2996826171875,0.6671142578125,0.10211181640625,1.3096774193548386,39.687194525904204,0.0,0.0
60.28224990799208,32.72274321710549,-0.6767578125,-0.29864501953125,0.66546630859375,0.0994873046875,1.3193548387096772,39.980449657869,0.0,0.0
60.302399359992705,32.72274321710549,-0.6767578125,-0.29864501953125,0.66546630859375,0.0994873046875,1.3548387096774193,41.05571847507331,0.0,0.0
60.322441352996975,32.72274321710549,-0.6767578125,-0.29864501953125,0.66546630859375,0.0994873046875,1.361290322580645,41.251221896383186,0.0,0.0
60.34260152600473,32.80970007163087,-0.6795654296875,-0.30267333984375,0.66131591796875,0.09637451171875,1.3677419354838707,41.44672531769305,0.0,0.0
60.36259753300692,32.80970007163087,-0.6795654296875,-0.30267333984375,0.66131591796875,0.09637451171875,1.3516129032258062,40.957966764418366,0.0,0.0
60.382712744001765,32.99044754831217,-0.67938232421875,-0.31048583984375,0.65869140625,0.090576171875,1.3419354838709676,40.66471163245357,0.0,0.0
60.4027252960077,32.99044754831217,-0.67938232421875,-0.31048583984375,0.65869140625,0.090576171875,1.3387096774193548,40.56695992179863,0.0,0.0
60.42280146598932,32.99044754831217,-0.67938232421875,-0.31048583984375,0.65869140625,0.090576171875,1.3516129032258062,40.957966764418366,0.0064516129032258064,0.19550342130987292
60.44291459699161,33.020074048205515,-0.6787109375,-0.31494140625,0.65777587890625,0.08636474609375,1.3387096774193548,40.56695992179863,0.0,0.0
60.46329650399275,33.020074048205515,-0.6787109375,-0.31494140625,0.65777587890625,0.08636474609375,1.3419354838709676,40.66471163245357,0.0,0.0
60.48338790598791,32.89014383720284,-0.6790771484375,-0.31402587890625,0.657958984375,0.0858154296875,1.329032258064516,40.27370478983382,0.0,0.0
60.503471339005046,32.89014383720284,-0.6790771484375,-0.31402587890625,0.657958984375,0.0858154296875,1.3322580645161288,40.371456500488755,0.0,0.0
60.5235665809887,32.89014383720284,-0.6790771484375,-0.31402587890625,0.657958984375,0.0858154296875,1.3322580645161288,40.371456500488755,0.0,0.0
60.54366438300349,33.300110479250925,-0.6798095703125,-0.31585693359375,0.6558837890625,0.08856201171875,1.3645161290322578,41.34897360703812,0.0,0.0
60.56373178400099,33.300110479250925,-0.6798095703125,-0.31585693359375,0.6558837890625,0.08856201171875,1.3677419354838707,41.44672531769305,0.0,0.0
60.58375998298288,33.75421989139554,-0.68194580078125,-0.3192138671875,0.65185546875,0.09027099609375,1.361290322580645,41.251221896383186,0.0,0.0
60.603867386002094,33.75421989139554,-0.68194580078125,-0.3192138671875,0.65185546875,0.09027099609375,1.4,42.42424242424242,0.0,0.0
60.623948514985386,33.75421989139554,-0.68194580078125,-0.3192138671875,0.65185546875,0.09027099609375,1.4,42.42424242424242,0.0,0.0
60.644069868983934,34.505653387242894,-0.68499755859375,-0.3251953125,0.64532470703125,0.09228515625,1.4,42.42424242424242,0.0,0.0
60.66412062998279,34.505653387242894,-0.68499755859375,-0.3251953125,0.64532470703125,0.09228515625,1.4161290322580644,42.91300097751711,0.0,0.0
60.68424246399081,35.61969302579059,-0.68927001953125,-0.33428955078125,0.6357421875,0.094970703125,1.4161290322580644,42.91300097751711,0.0,0.0
60.704283559985925,35.61969302579059,-0.68927001953125,-0.33428955078125,0.6357421875,0.094970703125,1.4129032258064516,42.81524926686217,0.0064516129032258064,0.19550342130987292
60.72436100998311,35.61969302579059,-0.68927001953125,-0.33428955078125,0.6357421875,0.094970703125,1.3870967741935485,42.033235581622684,0.0,0.0
60.74443353098468,36.82306141507934,-0.6923828125,-0.343994140625,0.62664794921875,0.0977783203125,1.403225806451613,42.52199413489737,0.0,0.0
60.76451616399572,36.82306141507934,-0.6923828125,-0.343994140625,0.62664794921875,0.0977783203125,1.3870967741935485,42.033235581622684,0.0,0.0
60.784605230001034,37.99252959532137,-0.69482421875,-0.3502197265625,0.6195068359375,0.10394287109375,1.4096774193548387,42.717497556207235,0.0,0.0
60.804686902993126,37.99252959532137,-0.69482421875,-0.3502197265625,0.6195068359375,0.10394287109375,1.4096774193548387,42.717497556207235,0.019354838709677417,0.5865102639296187
60.824761024006875,37.99252959532137,-0.69482421875,-0.3502197265625,0.6195068359375,0.10394287109375,1.4161290322580644,42.91300097751711,0.0,0.0
60.84483898500912,39.22090816023621,-0.6966552734375,-0.35479736328125,0.61328125,0.1124267578125,1.403225806451613,42.52199413489737,0.3,9.090909090909092
60.86493301100563,39.22090816023621,-0.6966552734375,-0.35479736328125,0.61328125,0.1124267578125,1.4161290322580644,42.91300097751711,0.49032258064516127,14.858260019550343
60.88500492399908,40.66149639169087,-0.69757080078125,-0.359130859375,0.6075439453125,0.12396240234375,1.403225806451613,42.52199413489737,0.603225806451613,18.27956989247312
60.90507526899455,40.66149639169087,-0.69757080078125,-0.359130859375,0.6075439453125,0.12396240234375,1.432258064516129,43.401759530791786,0.5419354838709677,16.422287390029325
60.925157549994765,40.66149639169087,-0.69757080078125,-0.359130859375,0.6075439453125,0.12396240234375,1.5064516129032257,45.650048875855326,0.6129032258064516,18.57282502443793
60.94523570299498,42.755064056201654,-0.6959228515625,-0.367919921875,0.60089111328125,0.13873291015625,1.5096774193548386,45.74780058651026,0.7193548387096774,21.79863147605083
60.96526070300024,42.755064056201654,-0.6959228515625,-0.367919921875,0.60089111328125,0.13873291015625,1.525806451612903,46.236559139784944,0.7516129032258064,22.776148582600193
60.985470955987694,45.01830251858479,-0.692626953125,-0.3800048828125,0.5938720703125,0.15234375,1.5774193548387094,47.800586510263926,0.7677419354838709,23.264907135874875
61.00552779700956,45.01830251858479,-0.692626953125,-0.3800048828125,0.5938720703125,0.15234375,1.561290322580645,47.31182795698924,0.7999999999999999,24.242424242424242
61.02564076700946,45.01830251858479,-0.692626953125,-0.3800048828125,0.5938720703125,0.15234375,1.5999999999999999,48.484848484848484,0.9709677419354839,29.423264907135877
61.04568883898901,47.51111978974674,-0.6834716796875,-0.3978271484375,0.58966064453125,0.16412353515625,1.5999999999999999,48.484848484848484,1.1516129032258065,34.89736070381232
61.06568337400677,47.51111978974674,-0.6834716796875,-0.3978271484375,0.58966064453125,0.16412353515625,1.596774193548387,48.38709677419355,1.2387096774193547,37.536656891495596
61.08583967399318,50.16570504604589,-0.6689453125,-0.41943359375,0.58831787109375,0.1746826171875,1.635483870967742,49.56011730205279,1.3774193548387097,41.73998044965787
61.10590019400115,50.16570504604589,-0.6689453125,-0.41943359375,0.58831787109375,0.1746826171875,1.6096774193548384,48.77810361681329,1.4709677419354839,44.57478005865102
61.126003051991574,50.16570504604589,-0.6689453125,-0.41943359375,0.58831787109375,0.1746826171875,1.6516129032258065,50.048875855327466,1.7,51.515151515151516
61.14607842100668,52.87549430794433,-0.6510009765625,-0.4439697265625,0.5880126953125,0.1824951171875,1.7,51.515151515151516,1.793548387096774,54.34995112414467
61.16615929498221,52.87549430794433,-0.6510009765625,-0.4439697265625,0.5880126953125,0.1824951171875,1.7741935483870968,53.76344086021506,1.8580645161290321,56.304985337243394
61.18625949599664,55.06002712228817,-0.63177490234375,-0.4683837890625,0.589599609375,0.18389892578125,1.8064516129032258,54.74095796676443,1.9806451612903224,60.01955034213099
61.206322448997525,55.06002712228817,-0.63177490234375,-0.4683837890625,0.589599609375,0.18389892578125,1.8161290322580643,55.034213098729225,2.02258064516129,61.29032258064516
61.22640306598623,55.06002712228817,-0.63177490234375,-0.4683837890625,0.589599609375,0.18389892578125,1.8580645161290321,56.304985337243394,2.041935483870968,61.87683284457478
61.246484483999666,56.609601439485694,-0.613525390625,-0.49359130859375,0.59051513671875,0.176513671875,1.8064516129032258,54.74095796676443,2.0999999999999996,63.636363636363626
61.26657079698634,56.609601439485694,-0.613525390625,-0.49359130859375,0.59051513671875,0.176513671875,1.8451612903225805,55.91397849462365,2.093548387096774,63.44086021505376
61.286652790993685,57.35992711542807,-0.595947265625,-0.5128173828125,0.59527587890625,0.1658935546875,1.8548387096774193,56.20723362658847,2.1354838709677417,64.71163245356793
61.30671212699963,57.35992711542807,-0.595947265625,-0.5128173828125,0.59527587890625,0.1658935546875,1.7516129032258063,53.0791788856305,2.1419354838709674,64.90713587487781
61.32682269701036,57.35992711542807,-0.595947265625,-0.5128173828125,0.59527587890625,0.1658935546875,1.8322580645161288,55.5229716520039,2.158064516129032,65.39589442815249
61.34692696298589,57.60461849164378,-0.572998046875,-0.5299072265625,0.6068115234375,0.150634765625,1.829032258064516,55.42521994134897,2.2677419354838713,68.71945259042035
61.3669595149986,57.60461849164378,-0.572998046875,-0.5299072265625,0.6068115234375,0.150634765625,1.8064516129032258,54.74095796676443,2.261290322580645,68.52394916911047
61.38705334899714,57.484005438904305,-0.54730224609375,-0.5445556640625,0.621826171875,0.13140869140625,1.7741935483870968,53.76344086021506,2.264516129032258,68.6217008797654
61.40715799899772,57.484005438904305,-0.54730224609375,-0.5445556640625,0.621826171875,0.13140869140625,1.8322580645161288,55.5229716520039,2.306451612903226,69.89247311827957
61.42720498298877,57.484005438904305,-0.54730224609375,-0.5445556640625,0.621826171875,0.13140869140625,1.8677419354838707,56.59824046920821,2.3161290322580648,70.1857282502444
61.44730480099679,56.93851267357275,-0.52227783203125,-0.5562744140625,0.63726806640625,0.10797119140625,1.8774193548387097,56.89149560117303,2.338709677419355,70.86999022482894
61.46738132101018,56.93851267357275,-0.52227783203125,-0.5562744140625,0.63726806640625,0.10797119140625,1.8741935483870966,56.79374389051808,2.3419354838709676,70.96774193548387
61.48746075399686,56.45181044888455,-0.50006103515625,-0.5693359375,0.647216796875,0.0831298828125,1.8935483870967742,57.380254154447705,2.3193548387096774,70.28347996089931
61.50752895401092,56.45181044888455,-0.50006103515625,-0.5693359375,0.647216796875,0.0831298828125,1.8806451612903226,56.98924731182796,2.3645161290322583,71.65200391006844
61.52760179399047,56.45181044888455,-0.50006103515625,-0.5693359375,0.647216796875,0.0831298828125,1.9,57.57575757575758,2.329032258064516,70.57673509286413
61.547694890992716,55.791101805643905,-0.480224609375,-0.57855224609375,0.6566162109375,0.05914306640625,1.8645161290322578,56.50048875855327,2.3225806451612905,70.38123167155426
61.56777534700814,55.791101805643905,-0.480224609375,-0.57855224609375,0.6566162109375,0.05914306640625,1.8677419354838707,56.59824046920821,2.303225806451613,69.79472140762464
61.58784946700325,54.867849180483724,-0.46746826171875,-0.58587646484375,0.66094970703125,0.0362548828125,1.829032258064516,55.42521994134897,2.306451612903226,69.89247311827957
61.60795174801024,54.867849180483724,-0.46746826171875,-0.58587646484375,0.66094970703125,0.0362548828125,1.8387096774193548,55.71847507331379,2.335483870967742,70.772238514174
61.62802330899285,54.867849180483724,-0.46746826171875,-0.58587646484375,0.66094970703125,0.0362548828125,1.8548387096774193,56.20723362658847,2.3193548387096774,70.28347996089931
61.64809022899135,53.797670673695094,-0.45843505859375,-0.59503173828125,0.6600341796875,0.01220703125,1.8483870967741933,56.01173020527859,2.3161290322580648,70.1857282502444
61.6682034219848,53.797670673695094,-0.45843505859375,-0.59503173828125,0.6600341796875,0.01220703125,1.8032258064516127,54.64320625610948,2.293548387096774,69.50146627565982
61.688277701992774,52.79669458518413,0.4493408203125,0.60125732421875,-0.66064453125,0.00909423828125,1.8580645161290321,56.304985337243394,2.325806451612903,70.4789833822092
61.70835339100449,52.79669458518413,0.4493408203125,0.60125732421875,-0.66064453125,0.00909423828125,1.8580645161290321,56.304985337243394,2.3322580645161293,70.67448680351907
61.72838831000263,52.79669458518413,0.4493408203125,0.60125732421875,-0.66064453125,0.00909423828125,1.8548387096774193,56.20723362658847,2.3322580645161293,70.67448680351907
61.74850137499743,51.90088055856267,0.44134521484375,0.605712890625,-0.6614990234375,0.02734375,1.8548387096774193,56.20723362658847,2.3161290322580648,70.1857282502444
61.76858371900744,51.90088055856267,0.44134521484375,0.605712890625,-0.6614990234375,0.02734375,1.8806451612903226,56.98924731182796,2.329032258064516,70.57673509286413
61.788652944000205,50.87954343262873,0.43450927734375,0.6107177734375,-0.66033935546875,0.0467529296875,1.8548387096774193,56.20723362658847,2.3096774193548386,69.99022482893452
61.80875020098756,50.87954343262873,0.43450927734375,0.6107177734375,-0.66033935546875,0.0467529296875,1.8548387096774193,56.20723362658847,2.3000000000000003,69.69696969696972
61.82881990500027,50.87954343262873,0.43450927734375,0.6107177734375,-0.66033935546875,0.0467529296875,1.8709677419354838,56.695992179863154,2.2677419354838713,68.71945259042035
61.84889114499674,49.7294972167434,0.42596435546875,0.61651611328125,-0.6585693359375,0.0692138671875,1.8580645161290321,56.304985337243394,2.2903225806451615,69.40371456500489
61.86897435298306,49.7294972167434,0.42596435546875,0.61651611328125,-0.6585693359375,0.0692138671875,1.8806451612903226,56.98924731182796,2.2677419354838713,68.71945259042035
61.889012728002854,48.608623577236095,0.41741943359375,0.6224365234375,-0.65576171875,0.09136962890625,1.8580645161290321,56.304985337243394,2.296774193548387,69.59921798631477
61.90912784199463,48.608623577236095,0.41741943359375,0.6224365234375,-0.65576171875,0.09136962890625,1.8354838709677417,55.62072336265884,2.2903225806451615,69.40371456500489
61.929237962991465,48.608623577236095,0.41741943359375,0.6224365234375,-0.65576171875,0.09136962890625,1.8483870967741933,56.01173020527859,2.293548387096774,69.50146627565982
61.94930405099876,47.577265425388234,0.40863037109375,0.6278076171875,-0.65289306640625,0.1123046875,1.8419354838709676,55.816226783968716,2.296774193548387,69.59921798631477
61.969378746987786,47.577265425388234,0.40863037109375,0.6278076171875,-0.65289306640625,0.1123046875,1.8677419354838707,56.59824046920821,2.2483870967741932,68.1329423264907
61.98945210000966,46.64359141984344,0.39935302734375,0.6322021484375,-0.6507568359375,0.13189697265625,1.8322580645161288,55.5229716520039,2.225806451612903,67.44868035190615
62.00953140400816,46.64359141984344,0.39935302734375,0.6322021484375,-0.6507568359375,0.13189697265625,1.8322580645161288,55.5229716520039,2.1838709677419352,66.17790811339198
62.029657109989785,46.64359141984344,0.39935302734375,0.6322021484375,-0.6507568359375,0.13189697265625,1.8354838709677417,55.62072336265884,2.0903225806451613,63.34310850439883
62.049731101986254,45.74496520356398,0.39068603515625,0.63482666015625,-0.6495361328125,0.14990234375,1.8032258064516127,54.64320625610948,2.0903225806451613,63.34310850439883
62.06980506199761,45.74496520356398,0.39068603515625,0.63482666015625,-0.6495361328125,0.14990234375,1.8225806451612903,55.229716520039105,2.1354838709677417,64.71163245356793
62.08988542298903,44.52642692279823,0.3848876953125,0.6346435546875,-0.648681640625,0.16827392578125,1.8129032258064515,54.936461388074285,2.0677419354838706,62.65884652981426
62.10995416698279,44.52642692279823,0.3848876953125,0.6346435546875,-0.648681640625,0.16827392578125,1.8064516129032258,54.74095796676443,2.093548387096774,63.44086021505376
62.13003577498603,44.52642692279823,0.3848876953125,0.6346435546875,-0.648681640625,0.16827392578125,1.8096774193548386,54.83870967741935,2.064516129032258,62.56109481915934
62.150107366993325,42.972379848188915,0.38262939453125,0.63458251953125,-0.6446533203125,0.18780517578125,1.7903225806451613,54.25219941348974,2.0258064516129033,61.3880742913001
62.17019022398745,42.972379848188915,0.38262939453125,0.63458251953125,-0.6446533203125,0.18780517578125,1.8032258064516127,54.64320625610948,1.9419354838709677,58.846529814271754
62.19026799200219,41.47584308654699,0.38128662109375,0.6363525390625,-0.63800048828125,0.2064208984375,1.8064516129032258,54.74095796676443,1.9580645161290322,59.33528836754643
62.21037692998652,41.47584308654699,0.38128662109375,0.6363525390625,-0.63800048828125,0.2064208984375,1.7516129032258063,53.0791788856305,1.9,57.57575757575758
62.23041594499955,41.47584308654699,0.38128662109375,0.6363525390625,-0.63800048828125,0.2064208984375,1.7999999999999998,54.54545454545454,1.9225806451612903,58.260019550342136
62.250532593985554,40.12178170371847,0.380126953125,0.63580322265625,-0.6339111328125,0.22235107421875,1.8129032258064515,54.936461388074285,1.8870967741935485,57.18475073313783
62.27058495400706,40.12178170371847,0.380126953125,0.63580322265625,-0.6339111328125,0.22235107421875,1.8096774193548386,54.83870967741935,1.929032258064516,58.45552297165201
62.29065993800759,38.96191939439568,0.37908935546875,0.63311767578125,-0.63250732421875,0.2353515625,1.8064516129032258,54.74095796676443,1.9870967741935484,60.215053763440864
62.31073645799188,38.96191939439568,0.37908935546875,0.63311767578125,-0.63250732421875,0.2353515625,1.8129032258064515,54.936461388074285,1.961290322580645,59.43304007820137
62.33080376198632,38.96191939439568,0.37908935546875,0.63311767578125,-0.63250732421875,0.2353515625,1.8129032258064515,54.936461388074285,1.932258064516129,58.55327468230694
62.350941501004854,37.694441596642314,0.37823486328125,0.6287841796875,-0.63214111328125,0.24896240234375,1.7774193548387096,53.86119257086999,1.967741935483871,59.628543499511245
62.371029189002,37.694441596642314,0.37823486328125,0.6287841796875,-0.63214111328125,0.24896240234375,1.8096774193548386,54.83870967741935,1.9838709677419355,60.117302052785924
62.391121517983265,36.30813654395138,0.37530517578125,0.6217041015625,-0.63427734375,0.26519775390625,1.7774193548387096,53.86119257086999,1.9580645161290322,59.33528836754643
62.41112658000202,36.30813654395138,0.37530517578125,0.6217041015625,-0.63427734375,0.26519775390625,1.7709677419354837,53.665689149560116,1.9096774193548387,57.86901270772239
62.431249533983646,36.30813654395138,0.37530517578125,0.6217041015625,-0.63427734375,0.26519775390625,1.8161290322580643,55.034213098729225,1.961290322580645,59.43304007820137
62.451286853000056,34.80509362039534,0.37200927734375,0.61175537109375,-0.63818359375,0.28302001953125,1.7774193548387096,53.86119257086999,2.0161290322580645,61.09481915933529
62.471449422999285,34.80509362039534,0.37200927734375,0.61175537109375,-0.63818359375,0.28302001953125,1.7677419354838708,53.567937438905176,1.9838709677419355,60.117302052785924
62.491449780005496,33.52571449780788,0.3704833984375,0.60479736328125,-0.6390380859375,0.2977294921875,1.761290322580645,53.3724340175953,1.9516129032258065,59.13978494623656
62.51155324399588,33.52571449780788,0.3704833984375,0.60479736328125,-0.6390380859375,0.2977294921875,1.7354838709677418,52.59042033235581,1.9806451612903224,60.01955034213099
62.5316200350062,33.52571449780788,0.3704833984375,0.60479736328125,-0.6390380859375,0.2977294921875,1.7387096774193547,52.68817204301075,1.9451612903225806,58.94428152492669
62.55168192999554,32.41388828000396,0.3680419921875,0.6015625,-0.6365966796875,0.31219482421875,1.732258064516129,52.49266862170088,1.932258064516129,58.55327468230694
62.57175333000487,32.41388828000396,0.3680419921875,0.6015625,-0.6365966796875,0.31219482421875,1.732258064516129,52.49266862170088,1.932258064516129,58.55327468230694
62.59181903299759,31.645142459912904,0.36181640625,0.60205078125,-0.632080078125,0.3271484375,1.7096774193548387,51.80840664711632,1.9516129032258065,59.13978494623656
62.61192540900083,31.645142459912904,0.36181640625,0.60205078125,-0.632080078125,0.3271484375,1.7129032258064516,51.90615835777126,1.9483870967741934,59.04203323558163
62.63196483900538,31.645142459912904,0.36181640625,0.60205078125,-0.632080078125,0.3271484375,1.729032258064516,52.39491691104594,1.8903225806451613,57.28250244379277
62.65208846400492,31.160450962816576,0.35296630859375,0.6044921875,-0.62713623046875,0.34161376953125,1.7096774193548387,51.80840664711632,1.829032258064516,55.42521994134897
62.67212882300373,31.160450962816576,0.35296630859375,0.6044921875,-0.62713623046875,0.34161376953125,1.7032258064516128,51.61290322580645,1.6838709677419355,51.02639296187683
62.69223007900291,30.465565163306444,0.34552001953125,0.60467529296875,-0.6224365234375,0.3570556640625,1.6838709677419355,51.02639296187683,1.635483870967742,49.56011730205279
62.71229719000985,30.465565163306444,0.34552001953125,0.60467529296875,-0.6224365234375,0.3570556640625,1.6548387096774193,50.146627565982406,1.6129032258064515,48.87585532746823
62.73234823698294,30.465565163306444,0.34552001953125,0.60467529296875,-0.6224365234375,0.3570556640625,1.6580645161290322,50.24437927663734,1.7,51.515151515151516
62.752425587998005,29.636480901902054,0.34063720703125,0.60284423828125,-0.6185302734375,0.37139892578125,1.6258064516129032,49.266862170087975,1.667741935483871,50.53763440860215
62.772493338998174,29.636480901902054,0.34063720703125,0.60284423828125,-0.6185302734375,0.37139892578125,1.5999999999999999,48.484848484848484,1.5999999999999999,48.484848484848484
62.79256960298517,29.249199510134027,0.33489990234375,0.60174560546875,-0.6163330078125,0.3819580078125,1.6096774193548384,48.77810361681329,1.593548387096774,48.289345063538605
62.81264941798872,29.249199510134027,0.33489990234375,0.60174560546875,-0.6163330078125,0.3819580078125,1.6161290322580644,48.97360703812317,1.5225806451612902,46.138807429130004
62.832722802006174,29.249199510134027,0.33489990234375,0.60174560546875,-0.6163330078125,0.3819580078125,1.6129032258064515,48.87585532746823,1.5096774193548386,45.74780058651026
62.852807257004315,29.310095605177096,0.32916259765625,0.60296630859375,-0.61480712890625,0.387451171875,1.6258064516129032,49.266862170087975,1.4387096774193548,43.59726295210166
62.8728728639835,29.310095605177096,0.32916259765625,0.60296630859375,-0.61480712890625,0.387451171875,1.6290322580645162,49.36461388074292,1.4129032258064516,42.81524926686217
62.89291312699788,29.572539945060022,0.32452392578125,0.60748291015625,-0.61187744140625,0.38897705078125,1.6193548387096772,49.071358748778096,1.435483870967742,43.49951124144673
62.91297668599873,29.572539945060022,0.32452392578125,0.60748291015625,-0.61187744140625,0.38897705078125,1.6258064516129032,49.266862170087975,1.4709677419354839,44.57478005865102
62.93303918899619,29.572539945060022,0.32452392578125,0.60748291015625,-0.61187744140625,0.38897705078125,1.6096774193548384,48.77810361681329,1.5096774193548386,45.74780058651026
62.95312374000787,30.02705193040702,0.3197021484375,0.613525390625,-0.608642578125,0.388427734375,1.6451612903225807,49.8533724340176,1.529032258064516,46.33431085043988
62.9731812189857,30.02705193040702,0.3197021484375,0.613525390625,-0.608642578125,0.388427734375,1.635483870967742,49.56011730205279,1.5387096774193547,46.62756598240469
62.99323930600076,30.394059775028367,0.3165283203125,0.6187744140625,-0.60595703125,0.38702392578125,1.6290322580645162,49.36461388074292,1.5774193548387094,47.800586510263926
63.01330136100296,30.394059775028367,0.3165283203125,0.6187744140625,-0.60595703125,0.38702392578125,1.6387096774193548,49.65786901270772,1.593548387096774,48.289345063538605
63.03348278001067,30.394059775028367,0.3165283203125,0.6187744140625,-0.60595703125,0.38702392578125,1.6483870967741936,49.95112414467254,1.593548387096774,48.289345063538605
63.05348214498372,30.693325511487167,0.31494140625,0.62255859375,-0.604248046875,0.38494873046875,1.635483870967742,49.56011730205279,1.5741935483870966,47.702834799608986
63.07359716200153,30.693325511487167,0.31494140625,0.62255859375,-0.604248046875,0.38494873046875,1.6483870967741936,49.95112414467254,1.6096774193548384,48.77810361681329
63.093635823985096,30.51966263131561,0.31390380859375,0.627685546875,-0.597900390625,0.38720703125,1.6451612903225807,49.8533724340176,1.5709677419354837,47.60508308895405
63.113701143010985,30.51966263131561,0.31390380859375,0.627685546875,-0.597900390625,0.38720703125,1.6516129032258065,50.048875855327466,1.5999999999999999,48.484848484848484
63.13376483001048,30.51966263131561,0.31390380859375,0.627685546875,-0.597900390625,0.38720703125,1.6548387096774193,50.146627565982406,1.5709677419354837,47.60508308895405
63.153814340999816,29.798687969361673,0.3143310546875,0.63812255859375,-0.582763671875,0.39288330078125,1.6419354838709677,49.75562072336266,1.5870967741935482,48.09384164222873
63.17394612598582,29.798687969361673,0.3143310546875,0.63812255859375,-0.582763671875,0.39288330078125,1.6838709677419355,51.02639296187683,1.6419354838709677,49.75562072336266
63.194024500990054,29.255338255974564,0.31475830078125,0.646240234375,-0.57061767578125,0.3970947265625,1.6096774193548384,48.77810361681329,1.7,51.515151515151516
63.21410262098652,29.255338255974564,0.31475830078125,0.646240234375,-0.57061767578125,0.3970947265625,1.635483870967742,49.56011730205279,1.729032258064516,52.39491691104594
63.23420864500804,29.255338255974564,0.31475830078125,0.646240234375,-0.57061767578125,0.3970947265625,1.5999999999999999,48.484848484848484,1.664516129032258,50.43988269794721
63.254279276006855,28.88401937151348,0.3154296875,0.64703369140625,-0.5672607421875,0.40008544921875,1.62258064516129,49.169110459433035,1.532258064516129,46.432062561094824
63.27434817998437,28.88401937151348,0.3154296875,0.64703369140625,-0.5672607421875,0.40008544921875,1.6290322580645162,49.36461388074292,1.5193548387096774,46.04105571847507
63.294422042992665,28.162580533305295,0.3203125,0.642333984375,-0.567626953125,0.4031982421875,1.6129032258064515,48.87585532746823,1.593548387096774,48.289345063538605
63.314490402000956,28.162580533305295,0.3203125,0.642333984375,-0.567626953125,0.4031982421875,1.596774193548387,48.38709677419355,1.6258064516129032,49.266862170087975
63.33457904998795,28.162580533305295,0.3203125,0.642333984375,-0.567626953125,0.4031982421875,1.62258064516129,49.169110459433035,1.6483870967741936,49.95112414467254
63.3546571059851,27.538780460162563,0.326904296875,0.637451171875,-0.56903076171875,0.4036865234375,1.62258064516129,49.169110459433035,1.6548387096774193,50.146627565982406
63.37470047199167,27.538780460162563,0.326904296875,0.637451171875,-0.56903076171875,0.4036865234375,1.6193548387096772,49.071358748778096,1.6580645161290322,50.24437927663734
63.39483305698377,27.3601526245967,0.334716796875,0.63525390625,-0.57073974609375,0.3983154296875,1.62258064516129,49.169110459433035,1.6096774193548384,48.77810361681329
63.4149085849931,27.3601526245967,0.334716796875,0.63525390625,-0.57073974609375,0.3983154296875,1.5999999999999999,48.484848484848484,1.564516129032258,47.40957966764419
63.43497192001087,27.3601526245967,0.334716796875,0.63525390625,-0.57073974609375,0.3983154296875,1.635483870967742,49.56011730205279,1.590322580645161,48.19159335288367
63.45502104598563,27.7037988143029,0.34210205078125,0.6373291015625,-0.5711669921875,0.38800048828125,1.6258064516129032,49.266862170087975,1.6193548387096772,49.071358748778096
63.4750720919983,27.7037988143029,0.34210205078125,0.6373291015625,-0.5711669921875,0.38800048828125,1.6032258064516127,48.58260019550342,1.5999999999999999,48.484848484848484
63.49515526599134,27.77953204787402,0.34906005859375,0.63665771484375,-0.57244873046875,0.3809814453125,1.635483870967742,49.56011730205279,1.6032258064516127,48.58260019550342
63.5152021519898,27.77953204787402,0.34906005859375,0.63665771484375,-0.57244873046875,0.3809814453125,1.6258064516129032,49.266862170087975,1.6258064516129032,49.266862170087975
63.535340561007615,27.77953204787402,0.34906005859375,0.63665771484375,-0.57244873046875,0.3809814453125,1.635483870967742,49.56011730205279,1.6258064516129032,49.266862170087975
63.555420758988475,27.37645982304096,0.35723876953125,0.63128662109375,-0.5755615234375,0.37762451171875,1.6741935483870967,50.733137829912025,1.6161290322580644,48.97360703812317
63.575462973007234,27.37645982304096,0.35723876953125,0.63128662109375,-0.5755615234375,0.37762451171875,1.7096774193548387,51.80840664711632,1.5419354838709676,46.72531769305962
63.5955214429996,26.58999929771845,0.36798095703125,0.623291015625,-0.5787353515625,0.37567138671875,1.7225806451612902,52.19941348973607,1.5064516129032257,45.650048875855326
63.61558644101024,26.58999929771845,0.36798095703125,0.623291015625,-0.5787353515625,0.37567138671875,1.764516129032258,53.47018572825024,1.6483870967741936,49.95112414467254
63.63565201498568,26.58999929771845,0.36798095703125,0.623291015625,-0.5787353515625,0.37567138671875,1.764516129032258,53.47018572825024,1.6806451612903226,50.9286412512219
63.65571506199194,25.648790643289658,0.37701416015625,0.61505126953125,-0.5811767578125,0.3765869140625,1.7516129032258063,53.0791788856305,1.7387096774193547,52.68817204301075
63.67584924600669,25.648790643289658,0.37701416015625,0.61505126953125,-0.5811767578125,0.3765869140625,1.7741935483870968,53.76344086021506,1.7516129032258063,53.0791788856305
63.6958881309838,24.445035123080572,0.38665771484375,0.6064453125,-0.58197021484375,0.3795166015625,1.732258064516129,52.49266862170088,1.6870967741935483,51.12414467253177
63.7159806189884,24.445035123080572,0.38665771484375,0.6064453125,-0.58197021484375,0.3795166015625,1.7129032258064516,51.90615835777126,1.6774193548387097,50.83088954056696
63.73603143999935,24.445035123080572,0.38665771484375,0.6064453125,-0.58197021484375,0.3795166015625,1.7225806451612902,52.19941348973607,1.7258064516129032,52.29716520039101
63.75612235898734,23.407038098320356,0.39324951171875,0.60186767578125,-0.57952880859375,0.38372802734375,1.7129032258064516,51.90615835777126,1.7193548387096773,52.101661779081134
63.77620047799428,23.407038098320356,0.39324951171875,0.60186767578125,-0.57952880859375,0.38372802734375,1.7129032258064516,51.90615835777126,1.7419354838709677,52.785923753665685
63.79628630899242,22.365030814180358,0.39849853515625,0.602294921875,-0.57159423828125,0.3895263671875,1.7225806451612902,52.19941348973607,1.7258064516129032,52.29716520039101
63.816380843985826,22.365030814180358,0.39849853515625,0.602294921875,-0.57159423828125,0.3895263671875,1.732258064516129,52.49266862170088,1.8032258064516127,54.64320625610948
63.836408369010314,22.365030814180358,0.39849853515625,0.602294921875,-0.57159423828125,0.3895263671875,1.7258064516129032,52.29716520039101,1.7999999999999998,54.54545454545454
63.856472854997264,21.50130923156604,0.401611328125,0.59747314453125,-0.5706787109375,0.39501953125,1.7354838709677418,52.59042033235581,1.7225806451612902,52.19941348973607
63.876538846001495,21.50130923156604,0.401611328125,0.59747314453125,-0.5706787109375,0.39501953125,1.7387096774193547,52.68817204301075,1.7354838709677418,52.59042033235581
63.89668317401083,21.173988899147687,0.40545654296875,0.58587646484375,-0.58062744140625,0.39398193359375,1.7258064516129032,52.29716520039101,1.6580645161290322,50.24437927663734
63.91675383699476,21.173988899147687,0.40545654296875,0.58587646484375,-0.58062744140625,0.39398193359375,1.7225806451612902,52.19941348973607,1.6580645161290322,50.24437927663734
63.93680302699795,21.173988899147687,0.40545654296875,0.58587646484375,-0.58062744140625,0.39398193359375,1.6774193548387097,50.83088954056696,1.6032258064516127,48.58260019550342
63.956849559996044,21.639811541011795,0.41131591796875,0.575439453125,-0.5941162109375,0.38299560546875,1.6774193548387097,50.83088954056696,1.6483870967741936,49.95112414467254
63.976945790986065,21.639811541011795,0.41131591796875,0.575439453125,-0.5941162109375,0.38299560546875,1.6516129032258065,50.048875855327466,1.6451612903225807,49.8533724340176
63.99700419700821,22.4769332252351,0.41717529296875,0.57000732421875,-0.6046142578125,0.3680419921875,1.6516129032258065,50.048875855327466,1.6387096774193548,49.65786901270772
64.01704666699516,22.4769332252351,0.41717529296875,0.57000732421875,-0.6046142578125,0.3680419921875,1.6548387096774193,50.146627565982406,1.6290322580645162,49.36461388074292
64.03715451498283,22.4769332252351,0.41717529296875,0.57000732421875,-0.6046142578125,0.3680419921875,1.6451612903225807,49.8533724340176,1.6516129032258065,50.048875855327466
64.05723036100972,23.71541606210569,0.42022705078125,0.56890869140625,-0.6131591796875,0.35174560546875,1.6483870967741936,49.95112414467254,1.7193548387096773,52.101661779081134
64.07727798298583,23.71541606210569,0.42022705078125,0.56890869140625,-0.6131591796875,0.35174560546875,1.6774193548387097,50.83088954056696,1.7258064516129032,52.29716520039101
64.09733738098294,25.17641373106153,0.42218017578125,0.56854248046875,-0.62213134765625,0.33392333984375,1.7419354838709677,52.785923753665685,1.7903225806451613,54.25219941348974
64.11745066900039,25.17641373106153,0.42218017578125,0.56854248046875,-0.62213134765625,0.33392333984375,1.7419354838709677,52.785923753665685,1.8225806451612903,55.229716520039105
64.13751870699343,25.17641373106153,0.42218017578125,0.56854248046875,-0.62213134765625,0.33392333984375,1.7516129032258063,53.0791788856305,1.8161290322580643,55.034213098729225
64.15758364100475,26.84645262683822,0.42333984375,0.56890869140625,-0.63104248046875,0.3145751953125,1.7548387096774192,53.17693059628543,1.8451612903225805,55.91397849462365
64.17763731098967,26.84645262683822,0.42333984375,0.56890869140625,-0.63104248046875,0.3145751953125,1.7999999999999998,54.54545454545454,1.8645161290322578,56.50048875855327
64.1977289019851,28.599388399011843,0.4244384765625,0.5694580078125,-0.63958740234375,0.294189453125,1.829032258064516,55.42521994134897,1.9193548387096775,58.162267839687196
64.21783918200526,28.599388399011843,0.4244384765625,0.5694580078125,-0.63958740234375,0.294189453125,1.8387096774193548,55.71847507331379,1.9451612903225806,58.94428152492669
64.2378602430108,28.599388399011843,0.4244384765625,0.5694580078125,-0.63958740234375,0.294189453125,1.8741935483870966,56.79374389051808,1.964516129032258,59.530791788856305
64.2580068759853,29.922663624234467,0.42584228515625,0.5654296875,-0.6497802734375,0.27703857421875,1.8548387096774193,56.20723362658847,1.9709677419354839,59.72629521016618
64.27808208198985,29.922663624234467,0.42584228515625,0.5654296875,-0.6497802734375,0.27703857421875,1.8580645161290321,56.304985337243394,1.961290322580645,59.43304007820137
64.29816906500491,30.740426326195085,0.42706298828125,0.5635986328125,-0.65509033203125,0.26611328125,1.8548387096774193,56.20723362658847,1.961290322580645,59.43304007820137
64.31828155298717,30.740426326195085,0.42706298828125,0.5635986328125,-0.65509033203125,0.26611328125,1.8806451612903226,56.98924731182796,1.9870967741935484,60.215053763440864
64.33835144698969,30.740426326195085,0.42706298828125,0.5635986328125,-0.65509033203125,0.26611328125,1.9,57.57575757575758,2.0354838709677416,61.6813294232649
64.3584377259831,31.4509996336253,0.424560546875,0.56573486328125,-0.656982421875,0.26092529296875,1.903225806451613,57.67350928641252,2.041935483870968,61.87683284457478
64.37851613300154,31.4509996336253,0.424560546875,0.56573486328125,-0.656982421875,0.26092529296875,1.929032258064516,58.45552297165201,2.061290322580645,62.4633431085044
64.39860846000374,32.446628820243404,0.4171142578125,0.5655517578125,-0.66351318359375,0.2567138671875,1.9,57.57575757575758,2.051612903225806,62.17008797653958
64.41869147500256,32.446628820243404,0.4171142578125,0.5655517578125,-0.66351318359375,0.2567138671875,1.9064516129032258,57.77126099706745,2.0483870967741935,62.07233626588465
64.43876412100508,32.446628820243404,0.4171142578125,0.5655517578125,-0.66351318359375,0.2567138671875,1.9451612903225806,58.94428152492669,2.1225806451612903,64.32062561094818
64.45885062401067,33.677071774258536,0.407958984375,0.562255859375,-0.6741943359375,0.2508544921875,1.9193548387096775,58.162267839687196,2.1129032258064515,64.02737047898339
64.47897245499189,33.677071774258536,0.407958984375,0.562255859375,-0.6741943359375,0.2508544921875,1.9548387096774194,59.2375366568915,2.170967741935484,65.78690127077223
64.49903159600217,35.01481631660052,0.3973388671875,0.55938720703125,-0.68475341796875,0.24566650390625,1.9193548387096775,58.162267839687196,2.193548387096774,66.47116324535679
64.51913339499151,35.01481631660052,0.3973388671875,0.55938720703125,-0.68475341796875,0.24566650390625,1.9838709677419355,60.117302052785924,2.2419354838709675,67.93743890518084
64.53920168799232,35.01481631660052,0.3973388671875,0.55938720703125,-0.68475341796875,0.24566650390625,1.964516129032258,59.530791788856305,2.2419354838709675,67.93743890518084
64.55928505398333,36.08372508448311,0.386474609375,0.55926513671875,-0.6912841796875,0.24481201171875,1.9709677419354839,59.72629521016618,2.2677419354838713,68.71945259042035
64.57935939598246,36.08372508448311,0.386474609375,0.55926513671875,-0.6912841796875,0.24481201171875,1.9870967741935484,60.215053763440864,2.2580645161290325,68.42619745845553
64.59945648998837,36.94669883242528,0.377197265625,0.56396484375,-0.69244384765625,0.24542236328125,1.996774193548387,60.50830889540567,2.3000000000000003,69.69696969696972
64.6195033749973,36.94669883242528,0.377197265625,0.56396484375,-0.69244384765625,0.24542236328125,2.0258064516129033,61.3880742913001,2.303225806451613,69.79472140762464
64.63957704498898,36.94669883242528,0.377197265625,0.56396484375,-0.69244384765625,0.24542236328125,2.0387096774193547,61.779081133919846,2.3161290322580648,70.1857282502444
64.65965756299556,38.14654655835456,0.3680419921875,0.56939697265625,-0.694091796875,0.241943359375,2.0483870967741935,62.07233626588465,2.3419354838709676,70.96774193548387
64.67975276900688,38.14654655835456,0.3680419921875,0.56939697265625,-0.694091796875,0.241943359375,2.02258064516129,61.29032258064516,2.335483870967742,70.772238514174
64.69982333498774,39.80449733485459,0.35784912109375,0.57177734375,-0.70037841796875,0.23345947265625,2.0387096774193547,61.779081133919846,2.3225806451612905,70.38123167155426
64.71991422100109,39.80449733485459,0.35784912109375,0.57177734375,-0.70037841796875,0.23345947265625,2.041935483870968,61.87683284457478,2.3322580645161293,70.67448680351907
64.74002488399856,39.80449733485459,0.35784912109375,0.57177734375,-0.70037841796875,0.23345947265625,2.0451612903225804,61.97458455522972,2.3193548387096774,70.28347996089931
64.76008607298718,41.2531735078563,0.35162353515625,0.57147216796875,-0.707275390625,0.22259521484375,2.093548387096774,63.44086021505376,2.370967741935484,71.8475073313783
64.78014300600626,41.2531735078563,0.35162353515625,0.57147216796875,-0.707275390625,0.22259521484375,2.061290322580645,62.4633431085044,2.3838709677419354,72.23851417399804
64.80021898000268,42.16268443162311,0.3486328125,0.57183837890625,-0.71087646484375,0.2147216796875,2.0354838709677416,61.6813294232649,2.3838709677419354,72.23851417399804
64.82029338600114,42.16268443162311,0.3486328125,0.57183837890625,-0.71087646484375,0.2147216796875,2.0774193548387094,62.95210166177908,2.3193548387096774,70.28347996089931
64.84038199999486,42.16268443162311,0.3486328125,0.57183837890625,-0.71087646484375,0.2147216796875,2.064516129032258,62.56109481915934,2.3741935483870966,71.94525904203324
64.86043266099296,42.76569765580454,0.34765625,0.5721435546875,-0.7130126953125,0.20831298828125,2.064516129032258,62.56109481915934,2.3838709677419354,72.23851417399804
64.88054524399922,42.76569765580454,0.34765625,0.5721435546875,-0.7130126953125,0.20831298828125,2.074193548387097,62.85434995112414,2.3741935483870966,71.94525904203324
64.90061667299597,43.07738481619425,0.349609375,0.5692138671875,-0.71630859375,0.20166015625,2.064516129032258,62.56109481915934,2.3451612903225807,71.0654936461388
64.92069549500593,43.07738481619425,0.349609375,0.5692138671875,-0.71630859375,0.20166015625,2.0580645161290323,62.365591397849464,2.403225806451613,72.82502443792767
64.94078020498273,43.07738481619425,0.349609375,0.5692138671875,-0.71630859375,0.20166015625,2.074193548387097,62.85434995112414,2.3645161290322583,71.65200391006844
64.9608582269866,43.116638608750996,0.353515625,0.5633544921875,-0.720703125,0.19561767578125,2.0677419354838706,62.65884652981426,2.4161290322580644,73.21603128054741
64.98094344898709,43.116638608750996,0.353515625,0.5633544921875,-0.720703125,0.19561767578125,2.087096774193548,63.24535679374389,2.3838709677419354,72.23851417399804
65.00104159899638,42.796391840704196,0.35894775390625,0.55535888671875,-0.7252197265625,0.19189453125,2.0999999999999996,63.636363636363626,2.42258064516129,73.41153470185728
65.0211293809989,42.796391840704196,0.35894775390625,0.55535888671875,-0.7252197265625,0.19189453125,2.0580645161290323,62.365591397849464,2.390322580645161,72.43401759530792
65.04117504999158,42.796391840704196,0.35894775390625,0.55535888671875,-0.7252197265625,0.19189453125,2.0483870967741935,62.07233626588465,2.3967741935483873,72.6295210166178
65.06126734500867,42.469846002796906,0.36334228515625,0.5452880859375,-0.73138427734375,0.18902587890625,2.0354838709677416,61.6813294232649,2.3774193548387097,72.04301075268818
65.0813409179973,42.469846002796906,0.36334228515625,0.5452880859375,-0.73138427734375,0.18902587890625,2.0129032258064514,60.997067448680355,2.370967741935484,71.8475073313783
65.10141967600794,42.35708371112235,0.36761474609375,0.53472900390625,-0.73846435546875,0.18328857421875,2.032258064516129,61.58357771260997,2.3838709677419354,72.23851417399804
65.1215100819827,42.35708371112235,0.36761474609375,0.53472900390625,-0.73846435546875,0.18328857421875,2.0,60.60606060606061,2.358064516129032,71.45650048875855
65.14161594500183,42.35708371112235,0.36761474609375,0.53472900390625,-0.73846435546875,0.18328857421875,2.0,60.60606060606061,2.3322580645161293,70.67448680351907
65.16168606298743,42.18207723898967,0.37274169921875,0.52593994140625,-0.74365234375,0.17742919921875,1.9870967741935484,60.215053763440864,2.329032258064516,70.57673509286413
65.18176750800922,42.18207723898967,0.37274169921875,0.52593994140625,-0.74365234375,0.17742919921875,2.0064516129032257,60.80156402737048,2.2677419354838713,68.71945259042035
65.20182370601106,42.100636484689446,0.37701416015625,0.51837158203125,-0.74810791015625,0.17156982421875,1.9806451612903224,60.01955034213099,2.2677419354838713,68.71945259042035
65.22190156698343,42.100636484689446,0.37701416015625,0.51837158203125,-0.74810791015625,0.17156982421875,2.0032258064516126,60.703812316715535,2.2677419354838713,68.71945259042035
65.24193632398965,42.100636484689446,0.37701416015625,0.51837158203125,-0.74810791015625,0.17156982421875,1.9806451612903224,60.01955034213099,2.303225806451613,69.79472140762464
65.2620099929918,42.10227349483651,0.37969970703125,0.51019287109375,-0.7535400390625,0.16632080078125,1.9838709677419355,60.117302052785924,2.2677419354838713,68.71945259042035
65.28213096098625,42.10227349483651,0.37969970703125,0.51019287109375,-0.7535400390625,0.16632080078125,2.0032258064516126,60.703812316715535,2.3096774193548386,69.99022482893452
65.30216907701106,41.9923310345978,0.38299560546875,0.50537109375,-0.7559814453125,0.16241455078125,1.961290322580645,59.43304007820137,2.303225806451613,69.79472140762464
65.3222223620105,41.9923310345978,0.38299560546875,0.50537109375,-0.7559814453125,0.16241455078125,1.9483870967741934,59.04203323558163,2.3000000000000003,69.69696969696972
65.34228627200355,41.9923310345978,0.38299560546875,0.50537109375,-0.7559814453125,0.16241455078125,1.9838709677419355,60.117302052785924,2.293548387096774,69.50146627565982
65.36234998900909,42.01381092299565,0.385009765625,0.50335693359375,-0.75701904296875,0.15899658203125,1.9806451612903224,60.01955034213099,2.3000000000000003,69.69696969696972
65.38243949899334,42.01381092299565,0.385009765625,0.50335693359375,-0.75701904296875,0.15899658203125,1.961290322580645,59.43304007820137,2.270967741935484,68.81720430107528
65.40257099500741,42.131671652555774,0.384033203125,0.49853515625,-0.76104736328125,0.15753173828125,1.9838709677419355,60.117302052785924,2.270967741935484,68.81720430107528
65.42267692100722,42.131671652555774,0.384033203125,0.49853515625,-0.76104736328125,0.15753173828125,1.9580645161290322,59.33528836754643,2.2548387096774194,68.32844574780059
65.44279225598439,42.131671652555774,0.384033203125,0.49853515625,-0.76104736328125,0.15753173828125,1.935483870967742,58.65102639296188,2.2548387096774194,68.32844574780059
65.46285322098993,41.839040298136894,0.38507080078125,0.492919921875,-0.76385498046875,0.15899658203125,1.9225806451612903,58.260019550342136,2.2419354838709675,67.93743890518084
65.48287911200896,41.839040298136894,0.38507080078125,0.492919921875,-0.76385498046875,0.15899658203125,1.9096774193548387,57.86901270772239,2.2387096774193544,67.8396871945259
65.5029738380108,41.25981085215493,0.388916015625,0.4888916015625,-0.7640380859375,0.1610107421875,1.8903225806451613,57.28250244379277,2.2161290322580642,67.15542521994135
65.5230657790089,41.25981085215493,0.388916015625,0.4888916015625,-0.7640380859375,0.1610107421875,1.8903225806451613,57.28250244379277,2.2161290322580642,67.15542521994135
65.5431168229843,41.25981085215493,0.388916015625,0.4888916015625,-0.7640380859375,0.1610107421875,1.896774193548387,57.478005865102645,2.190322580645161,66.37341153470186
65.56319199598511,40.87799381341687,0.39324951171875,0.4844970703125,-0.7650146484375,0.15936279296875,1.9193548387096775,58.162267839687196,2.2161290322580642,67.15542521994135
65.58330793800997,40.87799381341687,0.39324951171875,0.4844970703125,-0.7650146484375,0.15936279296875,1.9064516129032258,57.77126099706745,2.2096774193548385,66.95992179863147
65.60336733498843,40.72020126821377,0.39691162109375,0.48004150390625,-0.76666259765625,0.155517578125,1.8806451612903226,56.98924731182796,2.2193548387096773,67.25317693059628
65.62341860300512,40.72020126821377,0.39691162109375,0.48004150390625,-0.76666259765625,0.155517578125,1.929032258064516,58.45552297165201,2.264516129032258,68.6217008797654
65.64353595298599,40.72020126821377,0.39691162109375,0.48004150390625,-0.76666259765625,0.155517578125,1.9225806451612903,58.260019550342136,2.261290322580645,68.52394916911047
65.66356574799283,40.714077972318265,0.39703369140625,0.47711181640625,-0.76861572265625,0.15472412109375,1.9225806451612903,58.260019550342136,2.235483870967742,67.74193548387096
65.68362584899296,40.714077972318265,0.39703369140625,0.47711181640625,-0.76861572265625,0.15472412109375,1.9096774193548387,57.86901270772239,2.22258064516129,67.35092864125122
65.70374374298262,40.6831684890655,0.3955078125,0.47698974609375,-0.76898193359375,0.15728759765625,1.8935483870967742,57.380254154447705,2.225806451612903,67.44868035190615
65.72378697898239,40.6831684890655,0.3955078125,0.47698974609375,-0.76898193359375,0.15728759765625,1.896774193548387,57.478005865102645,2.2193548387096773,67.25317693059628
65.7438435269869,40.6831684890655,0.3955078125,0.47698974609375,-0.76898193359375,0.15728759765625,1.9,57.57575757575758,2.2419354838709675,67.93743890518084
65.7639804299979,40.64668389585221,0.3939208984375,0.47613525390625,-0.769775390625,0.159912109375,1.9193548387096775,58.162267839687196,2.2419354838709675,67.93743890518084
65.78402232198277,40.64668389585221,0.3939208984375,0.47613525390625,-0.769775390625,0.159912109375,1.9225806451612903,58.260019550342136,2.2483870967741932,68.1329423264907
65.80411868001102,40.81089372488102,0.39190673828125,0.47393798828125,-0.7720947265625,0.1600341796875,1.9451612903225806,58.94428152492669,2.2806451612903227,69.11045943304008
65.82417333999183,40.81089372488102,0.39190673828125,0.47393798828125,-0.7720947265625,0.1600341796875,1.935483870967742,58.65102639296188,2.274193548387097,68.91495601173021
65.84427875399706,40.81089372488102,0.39190673828125,0.47393798828125,-0.7720947265625,0.1600341796875,1.9451612903225806,58.94428152492669,2.270967741935484,68.81720430107528
65.86434413399547,40.93246084070314,0.3900146484375,0.47216796875,-0.7740478515625,0.16064453125,1.9774193548387096,59.92179863147605,2.325806451612903,70.4789833822092
65.88439876199118,40.93246084070314,0.3900146484375,0.47216796875,-0.7740478515625,0.16064453125,2.0064516129032257,60.80156402737048,2.2677419354838713,68.71945259042035
65.90445764700416,41.13191299331027,0.38787841796875,0.47320556640625,-0.7744140625,0.16107177734375,1.9806451612903224,60.01955034213099,2.3838709677419354,72.23851417399804
65.9245329159894,41.13191299331027,0.38787841796875,0.47320556640625,-0.7744140625,0.16107177734375,2.009677419354839,60.899315738025415,2.358064516129032,71.45650048875855
65.94458018400474,41.13191299331027,0.38787841796875,0.47320556640625,-0.7744140625,0.16107177734375,1.9580645161290322,59.33528836754643,2.3322580645161293,70.67448680351907
65.96464463599841,41.49325577912247,0.38470458984375,0.4754638671875,-0.77459716796875,0.16094970703125,1.996774193548387,60.50830889540567,2.370967741935484,71.8475073313783
65.98475894599687,41.49325577912247,0.38470458984375,0.4754638671875,-0.77459716796875,0.16094970703125,2.009677419354839,60.899315738025415,2.3838709677419354,72.23851417399804
66.00483200699091,41.76103883178624,0.3817138671875,0.47637939453125,-0.77545166015625,0.16156005859375,1.9774193548387096,59.92179863147605,2.3741935483870966,71.94525904203324
66.02492276500561,41.76103883178624,0.3817138671875,0.47637939453125,-0.77545166015625,0.16156005859375,2.0,60.60606060606061,2.390322580645161,72.43401759530792
66.0449559520057,41.76103883178624,0.3817138671875,0.47637939453125,-0.77545166015625,0.16156005859375,2.0161290322580645,61.09481915933529,2.4161290322580644,73.21603128054741
66.06501138000749,41.67685681347066,0.38092041015625,0.47796630859375,-0.77423095703125,0.164306640625,2.0,60.60606060606061,2.3967741935483873,72.6295210166178
66.08506680899882,41.67685681347066,0.38092041015625,0.47796630859375,-0.77423095703125,0.164306640625,2.02258064516129,61.29032258064516,2.3967741935483873,72.6295210166178
66.10513090901077,41.4958484824724,0.38043212890625,0.48138427734375,-0.771484375,0.16827392578125,2.0129032258064514,60.997067448680355,2.3967741935483873,72.6295210166178
66.12523389098351,41.4958484824724,0.38043212890625,0.48138427734375,-0.771484375,0.16827392578125,2.02258064516129,61.29032258064516,2.42258064516129,73.41153470185728
66.1452738950029,41.4958484824724,0.38043212890625,0.48138427734375,-0.771484375,0.16827392578125,1.9806451612903224,60.01955034213099,2.4,72.72727272727273
66.16536945200642,41.2985383004692,0.38067626953125,0.4835205078125,-0.76947021484375,0.17108154296875,1.9838709677419355,60.117302052785924,2.3741935483870966,71.94525904203324
66.18540321598994,41.2985383004692,0.38067626953125,0.4835205078125,-0.76947021484375,0.17108154296875,1.993548387096774,60.410557184750736,2.3741935483870966,71.94525904203324
66.20549637300428,41.17119574236369,0.381591796875,0.4837646484375,-0.76873779296875,0.171630859375,2.0,60.60606060606061,2.403225806451613,72.82502443792767
66.22564133998821,41.17119574236369,0.381591796875,0.4837646484375,-0.76873779296875,0.171630859375,1.996774193548387,60.50830889540567,2.393548387096774,72.53176930596285
66.24571596900932,41.17119574236369,0.381591796875,0.4837646484375,-0.76873779296875,0.171630859375,1.996774193548387,60.50830889540567,2.4161290322580644,73.21603128054741
66.2657465969969,41.12255661769136,0.3826904296875,0.48529052734375,-0.76727294921875,0.17108154296875,1.9870967741935484,60.215053763440864,2.4,72.72727272727273
66.2857998170075,41.12255661769136,0.3826904296875,0.48529052734375,-0.76727294921875,0.17108154296875,2.0129032258064514,60.997067448680355,2.42258064516129,73.41153470185728
66.30588567798259,41.17890077123135,0.38372802734375,0.486083984375,-0.76678466796875,0.16888427734375,2.0032258064516126,60.703812316715535,2.4161290322580644,73.21603128054741
66.3259265460074,41.17890077123135,0.38372802734375,0.486083984375,-0.76678466796875,0.16888427734375,1.9903225806451612,60.312805474095796,2.412903225806452,73.11827956989248
66.34598718999769,41.17890077123135,0.38372802734375,0.486083984375,-0.76678466796875,0.16888427734375,2.0129032258064514,60.997067448680355,2.4161290322580644,73.21603128054741
66.3660555149836,41.17842098410876,0.3865966796875,0.48492431640625,-0.7669677734375,0.16461181640625,2.0129032258064514,60.997067448680355,2.370967741935484,71.8475073313783
66.38611679899623,41.17842098410876,0.3865966796875,0.48492431640625,-0.7669677734375,0.16461181640625,2.032258064516129,61.58357771260997,2.4,72.72727272727273
66.40618538000854,40.99710317493207,0.39202880859375,0.482421875,-0.76702880859375,0.158935546875,1.996774193548387,60.50830889540567,2.4096774193548387,73.02052785923753
66.42624855300528,40.99710317493207,0.39202880859375,0.482421875,-0.76702880859375,0.158935546875,2.0161290322580645,61.09481915933529,2.458064516129032,74.48680351906158
66.44638651100104,40.99710317493207,0.39202880859375,0.482421875,-0.76702880859375,0.158935546875,1.9741935483870967,59.82404692082112,2.370967741935484,71.8475073313783
66.46648158799508,40.77241767119412,0.39813232421875,0.483642578125,-0.76416015625,0.15386962890625,1.9580645161290322,59.33528836754643,2.3967741935483873,72.6295210166178
66.48651999098365,40.77241767119412,0.39813232421875,0.483642578125,-0.76416015625,0.15386962890625,2.0,60.60606060606061,2.432258064516129,73.70478983382209
66.50660569098545,41.10237954628185,0.39990234375,0.4881591796875,-0.761474609375,0.14801025390625,2.0129032258064514,60.997067448680355,2.4290322580645163,73.60703812316717
66.52670403200318,41.10237954628185,0.39990234375,0.4881591796875,-0.761474609375,0.14801025390625,2.0161290322580645,61.09481915933529,2.425806451612903,73.50928641251222
66.54674272300326,41.10237954628185,0.39990234375,0.4881591796875,-0.761474609375,0.14801025390625,1.996774193548387,60.50830889540567,2.432258064516129,73.70478983382209
66.56684896801016,41.861888596007766,0.39910888671875,0.48974609375,-0.76263427734375,0.13885498046875,1.996774193548387,60.50830889540567,2.425806451612903,73.50928641251222
66.58689047500957,41.861888596007766,0.39910888671875,0.48974609375,-0.76263427734375,0.13885498046875,2.029032258064516,61.48582600195503,2.445161290322581,74.09579667644185
66.60697419100325,42.4830062331685,0.3990478515625,0.49151611328125,-0.762939453125,0.13079833984375,2.02258064516129,61.29032258064516,2.4483870967741934,74.19354838709677
66.62705384398578,42.4830062331685,0.3990478515625,0.49151611328125,-0.762939453125,0.13079833984375,2.029032258064516,61.48582600195503,2.412903225806452,73.11827956989248
66.64712258300278,42.4830062331685,0.3990478515625,0.49151611328125,-0.762939453125,0.13079833984375,2.02258064516129,61.29032258064516,2.458064516129032,74.48680351906158
66.66719881200697,42.77521842471677,0.40069580078125,0.494873046875,-0.76080322265625,0.1256103515625,2.0032258064516126,60.703812316715535,2.4290322580645163,73.60703812316717
66.68726998299826,42.77521842471677,0.40069580078125,0.494873046875,-0.76080322265625,0.1256103515625,2.0064516129032257,60.80156402737048,2.4483870967741934,74.19354838709677
66.70734918798553,42.90080993001653,0.40338134765625,0.49566650390625,-0.7596435546875,0.1207275390625,2.02258064516129,61.29032258064516,2.432258064516129,73.70478983382209
66.72739584700321,42.90080993001653,0.40338134765625,0.49566650390625,-0.7596435546875,0.1207275390625,2.009677419354839,60.899315738025415,2.4516129032258065,74.29130009775172
66.74752442899626,42.90080993001653,0.40338134765625,0.49566650390625,-0.7596435546875,0.1207275390625,2.009677419354839,60.899315738025415,2.4612903225806453,74.58455522971653
66.76757835200988,43.20933016129069,0.4049072265625,0.495361328125,-0.75994873046875,0.114501953125,2.029032258064516,61.48582600195503,2.4290322580645163,73.60703812316717
66.78765592401032,43.20933016129069,0.4049072265625,0.495361328125,-0.75994873046875,0.114501953125,1.9903225806451612,60.312805474095796,2.4419354838709677,73.9980449657869
66.80770437500905,43.527246540960995,0.40679931640625,0.4959716796875,-0.759521484375,0.10797119140625,2.02258064516129,61.29032258064516,2.467741935483871,74.7800586510264
66.82779410798685,43.527246540960995,0.40679931640625,0.4959716796875,-0.759521484375,0.10797119140625,2.041935483870968,61.87683284457478,2.454838709677419,74.38905180840665
66.84786163200624,43.527246540960995,0.40679931640625,0.4959716796875,-0.759521484375,0.10797119140625,2.029032258064516,61.48582600195503,2.425806451612903,73.50928641251222
66.86795984400669,43.81927346612773,0.40899658203125,0.4967041015625,-0.75872802734375,0.1015625,2.0161290322580645,61.09481915933529,2.42258064516129,73.41153470185728
66.88801783201052,43.81927346612773,0.40899658203125,0.4967041015625,-0.75872802734375,0.1015625,2.051612903225806,62.17008797653958,2.42258064516129,73.41153470185728
66.9080933239893,44.0949231671014,0.41082763671875,0.4971923828125,-0.7581787109375,0.09576416015625,2.041935483870968,61.87683284457478,2.454838709677419,74.38905180840665
66.9281677280087,44.0949231671014,0.41082763671875,0.4971923828125,-0.7581787109375,0.09576416015625,2.0483870967741935,62.07233626588465,2.4612903225806453,74.58455522971653
66.94826658099191,44.0949231671014,0.41082763671875,0.4971923828125,-0.7581787109375,0.09576416015625,2.0387096774193547,61.779081133919846,2.4483870967741934,74.19354838709677
66.96831941598793,44.33734399545697,0.41290283203125,0.49725341796875,-0.7576904296875,0.09002685546875,2.0451612903225804,61.97458455522972,2.454838709677419,74.38905180840665
66.98840866898536,44.33734399545697,0.41290283203125,0.49725341796875,-0.7576904296875,0.09002685546875,2.029032258064516,61.48582600195503,2.467741935483871,74.7800586510264
67.0084717439895,44.446687252119794,0.415283203125,0.49609375,-0.75775146484375,0.085205078125,2.0161290322580645,61.09481915933529,2.4741935483870967,74.97556207233626
67.02855805298896,44.446687252119794,0.415283203125,0.49609375,-0.75775146484375,0.085205078125,2.0129032258064514,60.997067448680355,2.4741935483870967,74.97556207233626
67.04865959400195,44.446687252119794,0.415283203125,0.49609375,-0.75775146484375,0.085205078125,2.061290322580645,62.4633431085044,2.467741935483871,74.7800586510264
67.06873002898647,44.552626800163104,0.4176025390625,0.494140625,-0.75823974609375,0.08026123046875,2.061290322580645,62.4633431085044,2.4612903225806453,74.58455522971653
67.08880283299368,44.552626800163104,0.4176025390625,0.494140625,-0.75823974609375,0.08026123046875,2.02258064516129,61.29032258064516,2.435483870967742,73.80254154447702
67.10884226000053,44.63465036314622,0.41827392578125,0.4925537109375,-0.75921630859375,0.07763671875,2.096774193548387,63.5386119257087,2.458064516129032,74.48680351906158
67.12892220000504,44.63465036314622,0.41827392578125,0.4925537109375,-0.75921630859375,0.07763671875,2.0451612903225804,61.97458455522972,2.467741935483871,74.7800586510264
67.14896953199059,44.63465036314622,0.41827392578125,0.4925537109375,-0.75921630859375,0.07763671875,2.061290322580645,62.4633431085044,2.4741935483870967,74.97556207233626
67.16903708700556,44.792635152110236,0.4173583984375,0.491943359375,-0.76025390625,0.0762939453125,2.0999999999999996,63.636363636363626,2.490322580645161,75.46432062561095
67.18912214800366,44.792635152110236,0.4173583984375,0.491943359375,-0.76025390625,0.0762939453125,2.0387096774193547,61.779081133919846,2.4709677419354836,74.87781036168133
67.20920071200817,44.97594415796937,0.4161376953125,0.49151611328125,-0.76129150390625,0.0750732421875,2.0354838709677416,61.6813294232649,2.4612903225806453,74.58455522971653
67.22925777098862,44.97594415796937,0.4161376953125,0.49151611328125,-0.76129150390625,0.0750732421875,2.0580645161290323,62.365591397849464,2.4741935483870967,74.97556207233626
67.2493358879874,44.97594415796937,0.4161376953125,0.49151611328125,-0.76129150390625,0.0750732421875,2.074193548387097,62.85434995112414,2.4516129032258065,74.29130009775172
67.26938747501117,45.13723973939724,0.4146728515625,0.4915771484375,-0.76214599609375,0.0745849609375,2.061290322580645,62.4633431085044,2.4709677419354836,74.87781036168133
67.28945573500823,45.13723973939724,0.4146728515625,0.4915771484375,-0.76214599609375,0.0745849609375,2.061290322580645,62.4633431085044,2.435483870967742,73.80254154447702
67.30952434698702,45.14255270483642,0.41424560546875,0.49041748046875,-0.7630615234375,0.0745849609375,2.0354838709677416,61.6813294232649,2.4483870967741934,74.19354838709677
67.32962495900574,45.14255270483642,0.41424560546875,0.49041748046875,-0.7630615234375,0.0745849609375,2.054838709677419,62.267839687194524,2.464516129032258,74.68230694037146
67.34966787399026,45.14255270483642,0.41424560546875,0.49041748046875,-0.7630615234375,0.0745849609375,2.061290322580645,62.4633431085044,2.487096774193548,75.366568914956
67.369721510011,45.080416586113195,0.4141845703125,0.48883056640625,-0.76409912109375,0.0748291015625,2.0580645161290323,62.365591397849464,2.493548387096774,75.56207233626587
67.38978298500297,45.080416586113195,0.4141845703125,0.48883056640625,-0.76409912109375,0.0748291015625,2.064516129032258,62.56109481915934,2.5096774193548383,76.05083088954055
67.40984977298649,45.12018940895628,0.41339111328125,0.4879150390625,-0.76513671875,0.0748291015625,2.087096774193548,63.24535679374389,2.5032258064516126,75.8553274682307
67.42992177698761,45.12018940895628,0.41339111328125,0.4879150390625,-0.76513671875,0.0748291015625,2.061290322580645,62.4633431085044,2.5161290322580645,76.24633431085044
67.44998293300159,45.24551615684466,0.41107177734375,0.48779296875,-0.766357421875,0.07586669921875,2.02258064516129,61.29032258064516,2.490322580645161,75.46432062561095
67.47004760699929,45.24551615684466,0.41107177734375,0.48779296875,-0.766357421875,0.07586669921875,2.0387096774193547,61.779081133919846,2.519354838709677,76.34408602150538
67.49014898799942,45.24551615684466,0.41107177734375,0.48779296875,-0.766357421875,0.07586669921875,2.0451612903225804,61.97458455522972,2.519354838709677,76.34408602150538
67.5102577600046,45.34446789435887,0.40869140625,0.486572265625,-0.768310546875,0.076904296875,2.029032258064516,61.48582600195503,2.496774193548387,75.65982404692082
67.53029315400636,45.34446789435887,0.40869140625,0.486572265625,-0.768310546875,0.076904296875,2.0,60.60606060606061,2.496774193548387,75.65982404692082
67.55036387700238,45.465639638489066,0.4078369140625,0.4849853515625,-0.7698974609375,0.07562255859375,2.0064516129032257,60.80156402737048,2.4774193548387093,75.07331378299119
67.57048461798695,45.465639638489066,0.4078369140625,0.4849853515625,-0.7698974609375,0.07562255859375,2.009677419354839,60.899315738025415,2.4741935483870967,74.97556207233626
67.5906092299847,45.465639638489066,0.4078369140625,0.4849853515625,-0.7698974609375,0.07562255859375,1.9580645161290322,59.33528836754643,2.4806451612903224,75.17106549364614
67.61066894500982,45.7921032508558,0.40765380859375,0.48480224609375,-0.7705078125,0.07122802734375,1.9709677419354839,59.72629521016618,2.4774193548387093,75.07331378299119
67.63075781299267,45.7921032508558,0.40765380859375,0.48480224609375,-0.7705078125,0.07122802734375,2.0064516129032257,60.80156402737048,2.4838709677419355,75.26881720430107
67.65085173700936,45.945065827780894,0.41021728515625,0.4849853515625,-0.76953125,0.06597900390625,1.964516129032258,59.530791788856305,2.493548387096774,75.56207233626587
67.67091906798305,45.945065827780894,0.41021728515625,0.4849853515625,-0.76953125,0.06597900390625,1.9580645161290322,59.33528836754643,2.490322580645161,75.46432062561095
67.69099887899938,45.945065827780894,0.41021728515625,0.4849853515625,-0.76953125,0.06597900390625,2.032258064516129,61.58357771260997,2.5032258064516126,75.8553274682307
67.71105670600082,46.214063821012864,0.411865234375,0.48577880859375,-0.7685546875,0.06060791015625,1.932258064516129,58.55327468230694,2.493548387096774,75.56207233626587
67.73117421398638,46.214063821012864,0.411865234375,0.48577880859375,-0.7685546875,0.06060791015625,1.964516129032258,59.530791788856305,2.5451612903225804,77.12609970674487
67.75123808899662,46.39322666501818,0.41180419921875,0.48553466796875,-0.76898193359375,0.05804443359375,1.9580645161290322,59.33528836754643,2.525806451612903,76.53958944281524
67.77131236399873,46.39322666501818,0.41180419921875,0.48553466796875,-0.76898193359375,0.05804443359375,1.9483870967741934,59.04203323558163,2.496774193548387,75.65982404692082
67.79138558299746,46.39322666501818,0.41180419921875,0.48553466796875,-0.76898193359375,0.05804443359375,1.9580645161290322,59.33528836754643,2.490322580645161,75.46432062561095
67.81149454799015,46.32695606880671,0.41290283203125,0.485595703125,-0.76837158203125,0.05767822265625,1.9774193548387096,59.92179863147605,2.4774193548387093,75.07331378299119
67.83157179900445,46.32695606880671,0.41290283203125,0.485595703125,-0.76837158203125,0.05767822265625,1.9419354838709677,58.846529814271754,2.487096774193548,75.366568914956
67.85162604099605,46.10399352653649,0.416015625,0.48638916015625,-0.76617431640625,0.05743408203125,1.9516129032258065,59.13978494623656,2.5709677419354837,77.90811339198436
67.87171849299921,46.10399352653649,0.416015625,0.48638916015625,-0.76617431640625,0.05743408203125,1.9548387096774194,59.2375366568915,2.529032258064516,76.63734115347019
67.89179596898612,46.10399352653649,0.416015625,0.48638916015625,-0.76617431640625,0.05743408203125,1.9580645161290322,59.33528836754643,2.487096774193548,75.366568914956
67.91187616399839,45.98125091160095,0.41839599609375,0.48663330078125,-0.76483154296875,0.056396484375,2.0,60.60606060606061,2.5354838709677416,76.83284457478005
67.93195392700727,45.98125091160095,0.41839599609375,0.48663330078125,-0.76483154296875,0.056396484375,1.996774193548387,60.50830889540567,2.529032258064516,76.63734115347019
67.95203380298335,45.795081436970264,0.42138671875,0.4886474609375,-0.76190185546875,0.056396484375,2.0129032258064514,60.997067448680355,2.5387096774193547,76.93059628543499
67.9721145099902,45.795081436970264,0.42138671875,0.4886474609375,-0.76190185546875,0.056396484375,2.0,60.60606060606061,2.5419354838709673,77.02834799608992
67.99219720100518,45.795081436970264,0.42138671875,0.4886474609375,-0.76190185546875,0.056396484375,2.02258064516129,61.29032258064516,2.5419354838709673,77.02834799608992
68.01227531698532,45.321004165811,0.42230224609375,0.488525390625,-0.76104736328125,0.061767578125,2.061290322580645,62.4633431085044,2.532258064516129,76.73509286412512
68.03235311200842,45.321004165811,0.42230224609375,0.488525390625,-0.76104736328125,0.061767578125,2.0451612903225804,61.97458455522972,2.561290322580645,77.61485826001955
68.0524384919845,45.00711042187238,0.4217529296875,0.48687744140625,-0.76202392578125,0.06597900390625,2.054838709677419,62.267839687194524,2.525806451612903,76.53958944281524
68.0725464639836,45.00711042187238,0.4217529296875,0.48687744140625,-0.76202392578125,0.06597900390625,2.041935483870968,61.87683284457478,2.554838709677419,77.41935483870968
68.09261453099316,45.00711042187238,0.4217529296875,0.48687744140625,-0.76202392578125,0.06597900390625,2.0483870967741935,62.07233626588465,2.554838709677419,77.41935483870968
68.1126784060034,44.76737598714296,0.41986083984375,0.4857177734375,-0.76336669921875,0.07098388671875,2.02258064516129,61.29032258064516,2.551612903225806,77.32160312805473
68.13278436200926,44.76737598714296,0.41986083984375,0.4857177734375,-0.76336669921875,0.07098388671875,2.0161290322580645,61.09481915933529,2.487096774193548,75.366568914956
68.15286359700258,44.69378228958458,0.41925048828125,0.487060546875,-0.76263427734375,0.07330322265625,2.0387096774193547,61.779081133919846,2.493548387096774,75.56207233626587
68.1729364960047,44.69378228958458,0.41925048828125,0.487060546875,-0.76263427734375,0.07330322265625,2.0999999999999996,63.636363636363626,2.551612903225806,77.32160312805473
68.1929912189953,44.69378228958458,0.41925048828125,0.487060546875,-0.76263427734375,0.07330322265625,2.096774193548387,63.5386119257087,2.519354838709677,76.34408602150538
68.2131084720022,44.50562170032647,0.41912841796875,0.4874267578125,-0.76220703125,0.076171875,2.0774193548387094,62.95210166177908,2.529032258064516,76.63734115347019
68.23318713100161,44.50562170032647,0.41912841796875,0.4874267578125,-0.76220703125,0.076171875,2.1193548387096772,64.22287390029325,2.525806451612903,76.53958944281524
68.25326009400305,44.49693932092859,0.4150390625,0.4864501953125,-0.76458740234375,0.080810546875,2.1129032258064515,64.02737047898339,2.5483870967741935,77.2238514173998
68.27337459500995,44.49693932092859,0.4150390625,0.4864501953125,-0.76458740234375,0.080810546875,2.1322580645161286,64.61388074291298,2.558064516129032,77.5171065493646
68.29347200598568,44.49693932092859,0.4150390625,0.4864501953125,-0.76458740234375,0.080810546875,2.0903225806451613,63.34310850439883,2.554838709677419,77.41935483870968
68.31353738499456,44.7213613840411,0.41162109375,0.48822021484375,-0.76507568359375,0.0826416015625,2.061290322580645,62.4633431085044,2.5419354838709673,77.02834799608992
68.3336544460035,44.7213613840411,0.41162109375,0.48822021484375,-0.76507568359375,0.0826416015625,2.096774193548387,63.5386119257087,2.519354838709677,76.34408602150538
68.35372283300967,44.76936602557847,0.40643310546875,0.489501953125,-0.766357421875,0.0888671875,2.0999999999999996,63.636363636363626,2.558064516129032,77.5171065493646
68.37380853199284,44.76936602557847,0.40643310546875,0.489501953125,-0.766357421875,0.0888671875,2.0709677419354837,62.75659824046921,2.529032258064516,76.63734115347019
68.39386712698615,44.76936602557847,0.40643310546875,0.489501953125,-0.766357421875,0.0888671875,2.1096774193548384,63.929618768328446,2.5,75.75757575757575
68.41393346598488,45.08073429434635,0.39947509765625,0.489990234375,-0.76910400390625,0.093505859375,2.0806451612903225,63.049853372434015,2.487096774193548,75.366568914956
68.43400297299377,45.08073429434635,0.39947509765625,0.489990234375,-0.76910400390625,0.093505859375,2.064516129032258,62.56109481915934,2.4483870967741934,74.19354838709677
68.45405660700635,45.2045267975913,0.39373779296875,0.49078369140625,-0.7708740234375,0.099365234375,2.061290322580645,62.4633431085044,2.4612903225806453,74.58455522971653
68.47420800398686,45.2045267975913,0.39373779296875,0.49078369140625,-0.7708740234375,0.099365234375,2.061290322580645,62.4633431085044,2.4741935483870967,74.97556207233626
68.49514672200894,45.2045267975913,0.39373779296875,0.49078369140625,-0.7708740234375,0.099365234375,2.041935483870968,61.87683284457478,2.4774193548387093,75.07331378299119
68.51528150998638,45.48300404923451,0.38623046875,0.4910888671875,-0.77362060546875,0.10540771484375,2.0129032258064514,60.997067448680355,2.4612903225806453,74.58455522971653
68.5352586619847,45.48300404923451,0.38623046875,0.4910888671875,-0.77362060546875,0.10540771484375,1.9580645161290322,59.33528836754643,2.4516129032258065,74.29130009775172
68.55528221398708,45.625040580089234,0.38006591796875,0.49151611328125,-0.7755126953125,0.11175537109375,2.0064516129032257,60.80156402737048,2.4483870967741934,74.19354838709677
68.57536864900612,45.625040580089234,0.38006591796875,0.49151611328125,-0.7755126953125,0.11175537109375,1.961290322580645,59.43304007820137,2.425806451612903,73.50928641251222
68.59540484199533,45.625040580089234,0.38006591796875,0.49151611328125,-0.7755126953125,0.11175537109375,1.964516129032258,59.530791788856305,2.435483870967742,73.80254154447702
68.61548711700016,46.05589034247482,0.374755859375,0.492919921875,-0.77703857421875,0.1131591796875,1.9838709677419355,60.117302052785924,2.370967741935484,71.8475073313783
68.63553681501071,46.05589034247482,0.374755859375,0.492919921875,-0.77703857421875,0.1131591796875,1.961290322580645,59.43304007820137,2.3741935483870966,71.94525904203324
68.65560542501044,46.429376390233934,0.37274169921875,0.49420166015625,-0.77752685546875,0.11090087890625,1.932258064516129,58.55327468230694,2.4,72.72727272727273
68.67571288399631,46.429376390233934,0.37274169921875,0.49420166015625,-0.77752685546875,0.11090087890625,1.9483870967741934,59.04203323558163,2.412903225806452,73.11827956989248
68.69583387998864,46.429376390233934,0.37274169921875,0.49420166015625,-0.77752685546875,0.11090087890625,1.9387096774193548,58.748778103616814,2.4161290322580644,73.21603128054741
68.71591394700226,46.71905522163538,0.372802734375,0.49542236328125,-0.7772216796875,0.1070556640625,1.9258064516129032,58.35777126099707,2.435483870967742,73.80254154447702
68.73596357999486,46.71905522163538,0.372802734375,0.49542236328125,-0.7772216796875,0.1070556640625,1.9193548387096775,58.162267839687196,2.4387096774193546,73.90029325513197
68.75610054499703,46.53564832745732,0.37628173828125,0.494384765625,-0.77655029296875,0.10467529296875,1.9483870967741934,59.04203323558163,2.445161290322581,74.09579667644185
68.77618054699269,46.53564832745732,0.37628173828125,0.494384765625,-0.77655029296875,0.10467529296875,1.9483870967741934,59.04203323558163,2.445161290322581,74.09579667644185
68.79624714099918,46.53564832745732,0.37628173828125,0.494384765625,-0.77655029296875,0.10467529296875,1.967741935483871,59.628543499511245,2.42258064516129,73.41153470185728
68.81633168799453,46.48248718897951,0.37908935546875,0.4947509765625,-0.77532958984375,0.101806640625,1.9483870967741934,59.04203323558163,2.4483870967741934,74.19354838709677
68.83644167499733,46.48248718897951,0.37908935546875,0.4947509765625,-0.77532958984375,0.101806640625,1.9419354838709677,58.846529814271754,2.4483870967741934,74.19354838709677
68.85651863800013,46.533016849629,0.37957763671875,0.49755859375,-0.77337646484375,0.101318359375,1.9580645161290322,59.33528836754643,2.435483870967742,73.80254154447702
68.87655483098933,46.533016849629,0.37957763671875,0.49755859375,-0.77337646484375,0.101318359375,1.9451612903225806,58.94428152492669,2.4838709677419355,75.26881720430107
68.89661188900936,46.533016849629,0.37957763671875,0.49755859375,-0.77337646484375,0.101318359375,1.9548387096774194,59.2375366568915,2.4,72.72727272727273
68.91669211498811,46.387326167943485,0.378662109375,0.4986572265625,-0.77264404296875,0.10491943359375,1.935483870967742,58.65102639296188,2.4161290322580644,73.21603128054741
68.93674075699528,46.387326167943485,0.378662109375,0.4986572265625,-0.77264404296875,0.10491943359375,1.929032258064516,58.45552297165201,2.370967741935484,71.8475073313783
68.95679221500177,46.28811838848531,0.37786865234375,0.49908447265625,-0.7723388671875,0.1075439453125,1.9193548387096775,58.162267839687196,2.3741935483870966,71.94525904203324
68.97686652099947,46.28811838848531,0.37786865234375,0.49908447265625,-0.7723388671875,0.1075439453125,1.9387096774193548,58.748778103616814,2.3645161290322583,71.65200391006844
68.99691935500596,46.28811838848531,0.37786865234375,0.49908447265625,-0.7723388671875,0.1075439453125,1.935483870967742,58.65102639296188,2.390322580645161,72.43401759530792
69.01698428500094,45.76364179837176,0.37982177734375,0.49615478515625,-0.77276611328125,0.1114501953125,1.9419354838709677,58.846529814271754,2.3741935483870966,71.94525904203324
69.0370417899976,45.76364179837176,0.37982177734375,0.49615478515625,-0.77276611328125,0.1114501953125,1.9161290322580644,58.06451612903226,2.3741935483870966,71.94525904203324
69.05710931299836,45.66419142486403,0.38140869140625,0.49542236328125,-0.7725830078125,0.11053466796875,1.9419354838709677,58.846529814271754,2.3870967741935485,72.33626588465299
69.07723008398898,45.66419142486403,0.38140869140625,0.49542236328125,-0.7725830078125,0.11053466796875,1.9419354838709677,58.846529814271754,2.3838709677419354,72.23851417399804
69.09729286999209,45.66419142486403,0.38140869140625,0.49542236328125,-0.7725830078125,0.11053466796875,1.9483870967741934,59.04203323558163,2.3451612903225807,71.0654936461388
69.11734567198437,45.79942844896322,0.38116455078125,0.4969482421875,-0.7718505859375,0.10943603515625,1.929032258064516,58.45552297165201,2.370967741935484,71.8475073313783
69.13739700199221,45.79942844896322,0.38116455078125,0.4969482421875,-0.7718505859375,0.10943603515625,1.9741935483870967,59.82404692082112,2.3483870967741938,71.16324535679375
69.15745044298819,45.94336520208641,0.38006591796875,0.49835205078125,-0.77154541015625,0.1092529296875,1.9064516129032258,57.77126099706745,2.3838709677419354,72.23851417399804
69.17751911800588,45.94336520208641,0.38006591796875,0.49835205078125,-0.77154541015625,0.1092529296875,1.9387096774193548,58.748778103616814,2.393548387096774,72.53176930596285
69.19759796798462,45.94336520208641,0.38006591796875,0.49835205078125,-0.77154541015625,0.1092529296875,1.967741935483871,59.628543499511245,2.4193548387096775,73.31378299120234
69.21765684999991,45.83716490250333,0.38079833984375,0.49810791015625,-0.771240234375,0.1097412109375,1.9903225806451612,60.312805474095796,2.435483870967742,73.80254154447702
69.23772110798745,45.83716490250333,0.38079833984375,0.49810791015625,-0.771240234375,0.1097412109375,2.0,60.60606060606061,2.4741935483870967,74.97556207233626
69.25777637399733,44.937935031848106,0.38720703125,0.49365234375,-0.7705078125,0.11260986328125,1.996774193548387,60.50830889540567,2.454838709677419,74.38905180840665
69.2778376560018,44.937935031848106,0.38720703125,0.49365234375,-0.7705078125,0.11260986328125,2.0129032258064514,60.997067448680355,2.4774193548387093,75.07331378299119
69.29791663400829,44.937935031848106,0.38720703125,0.49365234375,-0.7705078125,0.11260986328125,2.009677419354839,60.899315738025415,2.4806451612903224,75.17106549364614
69.31796325999312,44.75180181754746,0.38916015625,0.490966796875,-0.7713623046875,0.11181640625,2.061290322580645,62.4633431085044,2.5,75.75757575757575
69.3380613749905,44.75180181754746,0.38916015625,0.490966796875,-0.7713623046875,0.11181640625,2.0387096774193547,61.779081133919846,2.5,75.75757575757575
69.35811811298481,44.96853426320679,0.3883056640625,0.49212646484375,-0.77130126953125,0.1102294921875,2.0387096774193547,61.779081133919846,2.496774193548387,75.65982404692082
69.37824205300421,44.96853426320679,0.3883056640625,0.49212646484375,-0.77130126953125,0.1102294921875,2.061290322580645,62.4633431085044,2.525806451612903,76.53958944281524
69.39826374899712,44.96853426320679,0.3883056640625,0.49212646484375,-0.77130126953125,0.1102294921875,2.054838709677419,62.267839687194524,2.4806451612903224,75.17106549364614
69.41832291899482,45.08126239750345,0.38641357421875,0.49346923828125,-0.77117919921875,0.111572265625,2.041935483870968,61.87683284457478,2.5096774193548383,76.05083088954055
69.43838320899522,45.08126239750345,0.38641357421875,0.49346923828125,-0.77117919921875,0.111572265625,2.0354838709677416,61.6813294232649,2.490322580645161,75.46432062561095
69.45851284498349,45.283594770605866,0.38494873046875,0.4931640625,-0.77227783203125,0.11053466796875,2.0999999999999996,63.636363636363626,2.532258064516129,76.73509286412512
69.478560396994,45.283594770605866,0.38494873046875,0.4931640625,-0.77227783203125,0.11053466796875,2.061290322580645,62.4633431085044,2.5032258064516126,75.8553274682307
69.49861886200961,45.283594770605866,0.38494873046875,0.4931640625,-0.77227783203125,0.11053466796875,2.074193548387097,62.85434995112414,2.551612903225806,77.32160312805473
69.51875374600058,45.31513119517747,0.38555908203125,0.4920654296875,-0.77288818359375,0.10894775390625,2.093548387096774,63.44086021505376,2.5483870967741935,77.2238514173998
69.53885822798475,45.31513119517747,0.38555908203125,0.4920654296875,-0.77288818359375,0.10894775390625,2.083870967741935,63.14760508308894,2.5741935483870964,78.00586510263928
69.5589274459926,45.40579153903866,0.38653564453125,0.4913330078125,-0.77325439453125,0.10614013671875,2.064516129032258,62.56109481915934,2.5709677419354837,77.90811339198436
69.57897144599701,45.40579153903866,0.38653564453125,0.4913330078125,-0.77325439453125,0.10614013671875,2.0774193548387094,62.95210166177908,2.583870967741935,78.2991202346041
69.59905103198253,45.40579153903866,0.38653564453125,0.4913330078125,-0.77325439453125,0.10614013671875,2.0806451612903225,63.049853372434015,2.551612903225806,77.32160312805473
69.61909362499136,45.522057462091425,0.3878173828125,0.4920654296875,-0.7725830078125,0.10302734375,2.096774193548387,63.5386119257087,2.5677419354838706,77.81036168132943
69.63916962599615,45.522057462091425,0.3878173828125,0.4920654296875,-0.7725830078125,0.10302734375,2.074193548387097,62.85434995112414,2.5774193548387094,78.10361681329422
69.65922773900093,45.4314135956845,0.3892822265625,0.49114990234375,-0.77252197265625,0.10211181640625,2.061290322580645,62.4633431085044,2.5741935483870964,78.00586510263928
69.67932194899186,45.4314135956845,0.3892822265625,0.49114990234375,-0.77252197265625,0.10211181640625,2.1032258064516127,63.73411534701857,2.587096774193548,78.39687194525904
69.69940204700106,45.4314135956845,0.3892822265625,0.49114990234375,-0.77252197265625,0.10211181640625,2.0806451612903225,63.049853372434015,2.5806451612903225,78.20136852394917
69.71946233598283,45.42119909053602,0.3887939453125,0.489990234375,-0.77349853515625,0.10247802734375,2.0677419354838706,62.65884652981426,2.590322580645161,78.49462365591397
69.73951654499979,45.42119909053602,0.3887939453125,0.489990234375,-0.77349853515625,0.10247802734375,2.0903225806451613,63.34310850439883,2.561290322580645,77.61485826001955
69.75957376198494,45.567554685138006,0.38763427734375,0.4901123046875,-0.7740478515625,0.10198974609375,2.0999999999999996,63.636363636363626,2.525806451612903,76.53958944281524
69.779648516007,45.567554685138006,0.38763427734375,0.4901123046875,-0.7740478515625,0.10198974609375,2.0903225806451613,63.34310850439883,2.525806451612903,76.53958944281524
69.79970624498674,45.567554685138006,0.38763427734375,0.4901123046875,-0.7740478515625,0.10198974609375,2.0903225806451613,63.34310850439883,2.5774193548387094,78.10361681329422
69.81977021400235,45.53575353768293,0.38818359375,0.49090576171875,-0.77325439453125,0.10198974609375,2.106451612903226,63.831867057673506,2.5483870967741935,77.2238514173998
69.83984106298885,45.53575353768293,0.38818359375,0.49090576171875,-0.77325439453125,0.10198974609375,2.1096774193548384,63.929618768328446,2.529032258064516,76.63734115347019
69.85993104899535,45.04165083127321,0.39178466796875,0.4881591796875,-0.77301025390625,0.10333251953125,2.0999999999999996,63.636363636363626,2.5387096774193547,76.93059628543499
69.88000234699575,45.04165083127321,0.39178466796875,0.4881591796875,-0.77301025390625,0.10333251953125,2.1129032258064515,64.02737047898339,2.5483870967741935,77.2238514173998
69.90005316399038,45.04165083127321,0.39178466796875,0.4881591796875,-0.77301025390625,0.10333251953125,2.1129032258064515,64.02737047898339,2.554838709677419,77.41935483870968
69.92012474898365,44.629314812546255,0.3958740234375,0.48480224609375,-0.77313232421875,0.1026611328125,2.1032258064516127,63.73411534701857,2.5774193548387094,78.10361681329422
69.94018561398843,44.629314812546255,0.3958740234375,0.48480224609375,-0.77313232421875,0.1026611328125,2.096774193548387,63.5386119257087,2.554838709677419,77.41935483870968
69.96024404698983,44.30343781287258,0.3985595703125,0.48236083984375,-0.77325439453125,0.1029052734375,2.096774193548387,63.5386119257087,2.5387096774193547,76.93059628543499
69.98031422498752,44.30343781287258,0.3985595703125,0.48236083984375,-0.77325439453125,0.1029052734375,2.1032258064516127,63.73411534701857,2.5419354838709673,77.02834799608992
70.00039038600517,44.30343781287258,0.3985595703125,0.48236083984375,-0.77325439453125,0.1029052734375,2.1032258064516127,63.73411534701857,2.551612903225806,77.32160312805473
70.02044792298693,43.94041012396485,0.40020751953125,0.4803466796875,-0.7733154296875,0.105224609375,2.0774193548387094,62.95210166177908,2.564516129032258,77.71260997067448
70.0405141649826,43.94041012396485,0.40020751953125,0.4803466796875,-0.7733154296875,0.105224609375,2.0903225806451613,63.34310850439883,2.564516129032258,77.71260997067448
70.06058926999685,43.782644060091,0.40167236328125,0.4786376953125,-0.773681640625,0.10491943359375,2.074193548387097,62.85434995112414,2.529032258064516,76.63734115347019
70.08067263200064,43.782644060091,0.40167236328125,0.4786376953125,-0.773681640625,0.10491943359375,2.0774193548387094,62.95210166177908,2.5354838709677416,76.83284457478005
70.10082597998553,43.782644060091,0.40167236328125,0.4786376953125,-0.773681640625,0.10491943359375,2.093548387096774,63.44086021505376,2.52258064516129,76.44183773216031
70.12091567800962,43.71577715011495,0.4027099609375,0.4769287109375,-0.7742919921875,0.10394287109375,2.064516129032258,62.56109481915934,2.5419354838709673,77.02834799608992
70.14098575900425,43.71577715011495,0.4027099609375,0.4769287109375,-0.7742919921875,0.10394287109375,2.0774193548387094,62.95210166177908,2.5483870967741935,77.2238514173998
70.16105142500601,43.829149007696806,0.40240478515625,0.47625732421875,-0.77508544921875,0.10247802734375,2.061290322580645,62.4633431085044,2.529032258064516,76.63734115347019
70.18114182699355,43.829149007696806,0.40240478515625,0.47625732421875,-0.77508544921875,0.10247802734375,2.074193548387097,62.85434995112414,2.532258064516129,76.73509286412512
70.20118285098579,43.829149007696806,0.40240478515625,0.47625732421875,-0.77508544921875,0.10247802734375,2.064516129032258,62.56109481915934,2.551612903225806,77.32160312805473
70.2212377639953,44.106190352578395,0.402099609375,0.47705078125,-0.77520751953125,0.09918212890625,2.064516129032258,62.56109481915934,2.5354838709677416,76.83284457478005
70.24129875699873,44.106190352578395,0.402099609375,0.47705078125,-0.77520751953125,0.09918212890625,2.061290322580645,62.4633431085044,2.5387096774193547,76.93059628543499
70.26137578298221,44.550610265642504,0.4022216796875,0.47900390625,-0.774658203125,0.0933837890625,2.0580645161290323,62.365591397849464,2.558064516129032,77.5171065493646
70.28142544798902,44.550610265642504,0.4022216796875,0.47900390625,-0.774658203125,0.0933837890625,2.051612903225806,62.17008797653958,2.5419354838709673,77.02834799608992
70.30148980100057,44.550610265642504,0.4022216796875,0.47900390625,-0.774658203125,0.0933837890625,2.064516129032258,62.56109481915934,2.5354838709677416,76.83284457478005
70.32155258598505,44.69309581174616,0.40411376953125,0.4793701171875,-0.77392578125,0.08905029296875,2.0677419354838706,62.65884652981426,2.532258064516129,76.73509286412512
70.3416506999929,44.69309581174616,0.40411376953125,0.4793701171875,-0.77392578125,0.08905029296875,2.083870967741935,63.14760508308894,2.529032258064516,76.63734115347019
70.3616506359831,44.81843423272689,0.405029296875,0.47918701171875,-0.77392578125,0.08599853515625,2.0354838709677416,61.6813294232649,2.5,75.75757575757575
70.38172487699194,44.81843423272689,0.405029296875,0.47918701171875,-0.77392578125,0.08599853515625,2.054838709677419,62.267839687194524,2.564516129032258,77.71260997067448
70.40180052700453,44.81843423272689,0.405029296875,0.47918701171875,-0.77392578125,0.08599853515625,2.0580645161290323,62.365591397849464,2.529032258064516,76.63734115347019
70.42185332698864,44.99490182639819,0.4049072265625,0.4793701171875,-0.77410888671875,0.083740234375,2.1129032258064515,64.02737047898339,2.529032258064516,76.63734115347019
70.4419151530019,44.99490182639819,0.4049072265625,0.4793701171875,-0.77410888671875,0.083740234375,2.0483870967741935,62.07233626588465,2.529032258064516,76.63734115347019
70.46197627298534,45.19398760922057,0.4044189453125,0.480712890625,-0.773681640625,0.08209228515625,2.061290322580645,62.4633431085044,2.529032258064516,76.63734115347019
70.48207848300808,45.19398760922057,0.4044189453125,0.480712890625,-0.773681640625,0.08209228515625,2.051612903225806,62.17008797653958,2.5129032258064514,76.1485826001955
70.5021008499898,45.19398760922057,0.4044189453125,0.480712890625,-0.773681640625,0.08209228515625,2.0774193548387094,62.95210166177908,2.532258064516129,76.73509286412512
70.52216389001114,45.33925268595761,0.4034423828125,0.48260498046875,-0.77301025390625,0.08203125,2.0387096774193547,61.779081133919846,2.5483870967741935,77.2238514173998
70.5422250420088,45.33925268595761,0.4034423828125,0.48260498046875,-0.77301025390625,0.08203125,2.051612903225806,62.17008797653958,2.551612903225806,77.32160312805473
70.56229886700748,45.365910735470635,0.4029541015625,0.4830322265625,-0.77301025390625,0.0823974609375,2.074193548387097,62.85434995112414,2.5032258064516126,75.8553274682307
70.58236117099295,45.365910735470635,0.4029541015625,0.4830322265625,-0.77301025390625,0.0823974609375,2.0580645161290323,62.365591397849464,2.532258064516129,76.73509286412512
70.60241761998623,45.365910735470635,0.4029541015625,0.4830322265625,-0.77301025390625,0.0823974609375,2.061290322580645,62.4633431085044,2.5,75.75757575757575
70.62249867699575,45.44100203228069,0.40325927734375,0.48370361328125,-0.77252197265625,0.08123779296875,2.0451612903225804,61.97458455522972,2.525806451612903,76.53958944281524
70.6425496529846,45.44100203228069,0.40325927734375,0.48370361328125,-0.77252197265625,0.08123779296875,2.032258064516129,61.58357771260997,2.5419354838709673,77.02834799608992
70.66269221500261,45.382549307015914,0.4044189453125,0.4844970703125,-0.771484375,0.08087158203125,2.083870967741935,63.14760508308894,2.5129032258064514,76.1485826001955
70.68270229399786,45.382549307015914,0.4044189453125,0.4844970703125,-0.771484375,0.08087158203125,2.074193548387097,62.85434995112414,2.525806451612903,76.53958944281524
70.70277141500264,45.382549307015914,0.4044189453125,0.4844970703125,-0.771484375,0.08087158203125,2.041935483870968,61.87683284457478,2.558064516129032,77.5171065493646
70.72285416800878,45.183173283719746,0.40673828125,0.4833984375,-0.77099609375,0.080322265625,2.074193548387097,62.85434995112414,2.5483870967741935,77.2238514173998
70.74296178499935,45.183173283719746,0.40673828125,0.4833984375,-0.77099609375,0.080322265625,2.0677419354838706,62.65884652981426,2.5129032258064514,76.1485826001955
70.762988536997,45.089728265474065,0.40838623046875,0.48236083984375,-0.7708740234375,0.07916259765625,2.064516129032258,62.56109481915934,2.6032258064516127,78.88563049853371
70.78304136899533,45.089728265474065,0.40838623046875,0.48236083984375,-0.7708740234375,0.07916259765625,2.041935483870968,61.87683284457478,2.5354838709677416,76.83284457478005
70.80310418500449,45.089728265474065,0.40838623046875,0.48236083984375,-0.7708740234375,0.07916259765625,2.0354838709677416,61.6813294232649,2.561290322580645,77.61485826001955
70.82316460099537,45.093286282517454,0.40777587890625,0.48345947265625,-0.7703857421875,0.080322265625,2.02258064516129,61.29032258064516,2.519354838709677,76.34408602150538
70.84322524198797,45.093286282517454,0.40777587890625,0.48345947265625,-0.7703857421875,0.080322265625,2.041935483870968,61.87683284457478,2.52258064516129,76.44183773216031
70.86331948300358,45.25729006321774,0.406005859375,0.4862060546875,-0.76953125,0.081298828125,2.029032258064516,61.48582600195503,2.5096774193548383,76.05083088954055
70.88339263599482,45.25729006321774,0.406005859375,0.4862060546875,-0.76953125,0.081298828125,2.0258064516129033,61.3880742913001,2.5161290322580645,76.24633431085044
70.90344015500159,45.25729006321774,0.406005859375,0.4862060546875,-0.76953125,0.081298828125,2.0258064516129033,61.3880742913001,2.5129032258064514,76.1485826001955
70.9235002839996,45.45841032598435,0.40447998046875,0.4873046875,-0.76971435546875,0.080810546875,2.061290322580645,62.4633431085044,2.4806451612903224,75.17106549364614
70.94355871598236,45.45841032598435,0.40447998046875,0.4873046875,-0.76971435546875,0.080810546875,2.0129032258064514,60.997067448680355,2.5387096774193547,76.93059628543499
70.96363615698647,45.41201918708175,0.40423583984375,0.48748779296875,-0.76953125,0.0819091796875,2.029032258064516,61.48582600195503,2.5064516129032257,75.95307917888563
70.98369551700307,45.41201918708175,0.40423583984375,0.48748779296875,-0.76953125,0.0819091796875,2.032258064516129,61.58357771260997,2.5096774193548383,76.05083088954055
71.0037500129838,45.41201918708175,0.40423583984375,0.48748779296875,-0.76953125,0.0819091796875,2.0387096774193547,61.779081133919846,2.493548387096774,75.56207233626587
71.02382230199873,45.28272729116736,0.40496826171875,0.4876708984375,-0.76898193359375,0.08282470703125,2.0483870967741935,62.07233626588465,2.5032258064516126,75.8553274682307
71.04387394999503,45.28272729116736,0.40496826171875,0.4876708984375,-0.76898193359375,0.08282470703125,2.0387096774193547,61.779081133919846,2.487096774193548,75.366568914956
71.06394815800013,44.90354724584615,0.4071044921875,0.4869384765625,-0.76800537109375,0.085205078125,2.083870967741935,63.14760508308894,2.5,75.75757575757575
71.08400979099679,44.90354724584615,0.4071044921875,0.4869384765625,-0.76800537109375,0.085205078125,2.0354838709677416,61.6813294232649,2.487096774193548,75.366568914956
71.10407030300121,44.90354724584615,0.4071044921875,0.4869384765625,-0.76800537109375,0.085205078125,2.0387096774193547,61.779081133919846,2.4774193548387093,75.07331378299119
71.12413062300766,44.58787348129434,0.4073486328125,0.48681640625,-0.76751708984375,0.0892333984375,2.0354838709677416,61.6813294232649,2.4774193548387093,75.07331378299119
71.14422553699114,44.58787348129434,0.4073486328125,0.48681640625,-0.76751708984375,0.0892333984375,2.009677419354839,60.899315738025415,2.4741935483870967,74.97556207233626
71.16427689700504,44.38559158357314,0.406982421875,0.487548828125,-0.766845703125,0.0927734375,2.0064516129032257,60.80156402737048,2.4741935483870967,74.97556207233626
71.18432534500607,44.38559158357314,0.406982421875,0.487548828125,-0.766845703125,0.0927734375,1.9870967741935484,60.215053763440864,2.464516129032258,74.68230694037146
71.20439491298748,44.38559158357314,0.406982421875,0.487548828125,-0.766845703125,0.0927734375,1.9870967741935484,60.215053763440864,2.454838709677419,74.38905180840665
71.22445712200715,44.413613913580924,0.4073486328125,0.48846435546875,-0.76611328125,0.09228515625,2.0064516129032257,60.80156402737048,2.4290322580645163,73.60703812316717
71.24451126600616,44.413613913580924,0.4073486328125,0.48846435546875,-0.76611328125,0.09228515625,1.9870967741935484,60.215053763440864,2.4483870967741934,74.19354838709677
71.26468054900761,44.679056092756674,0.40728759765625,0.4893798828125,-0.7659912109375,0.0889892578125,1.9806451612903224,60.01955034213099,2.403225806451613,72.82502443792767
71.2847344049951,44.679056092756674,0.40728759765625,0.4893798828125,-0.7659912109375,0.0889892578125,1.996774193548387,60.50830889540567,2.4290322580645163,73.60703812316717
71.30482032598229,44.679056092756674,0.40728759765625,0.4893798828125,-0.7659912109375,0.0889892578125,1.9741935483870967,59.82404692082112,2.42258064516129,73.41153470185728
71.3248991429864,44.809031029144684,0.4073486328125,0.4910888671875,-0.7650146484375,0.0877685546875,1.9709677419354839,59.72629521016618,2.390322580645161,72.43401759530792
71.34498714498477,44.809031029144684,0.4073486328125,0.4910888671875,-0.7650146484375,0.0877685546875,1.9548387096774194,59.2375366568915,2.4096774193548387,73.02052785923753
71.36506016898784,44.834920160149,0.40869140625,0.4925537109375,-0.76348876953125,0.08636474609375,1.9451612903225806,58.94428152492669,2.3741935483870966,71.94525904203324
71.3851407780021,44.834920160149,0.40869140625,0.4925537109375,-0.76348876953125,0.08636474609375,1.9548387096774194,59.2375366568915,2.3774193548387097,72.04301075268818
71.40521677900688,44.834920160149,0.40869140625,0.4925537109375,-0.76348876953125,0.08636474609375,1.9387096774193548,58.748778103616814,2.3838709677419354,72.23851417399804
71.42532119699172,44.65348452166916,0.4132080078125,0.490966796875,-0.762451171875,0.082763671875,1.8806451612903226,56.98924731182796,2.4,72.72727272727273
71.44538062100764,44.65348452166916,0.4132080078125,0.490966796875,-0.762451171875,0.082763671875,1.8548387096774193,56.20723362658847,2.3967741935483873,72.6295210166178
71.46546289298567,44.558938196844274,0.41900634765625,0.49017333984375,-0.76043701171875,0.0767822265625,1.8741935483870966,56.79374389051808,2.3870967741935485,72.33626588465299
71.48553822099348,44.558938196844274,0.41900634765625,0.49017333984375,-0.76043701171875,0.0767822265625,1.9161290322580644,58.06451612903226,2.3516129032258064,71.26099706744868
71.5056539659854,44.558938196844274,0.41900634765625,0.49017333984375,-0.76043701171875,0.0767822265625,1.8935483870967742,57.380254154447705,2.3516129032258064,71.26099706744868
71.52575297499425,44.126796371102984,0.4273681640625,0.48980712890625,-0.75640869140625,0.07275390625,1.9129032258064516,57.96676441837732,2.367741935483871,71.74975562072336
71.54584030300612,44.126796371102984,0.4273681640625,0.48980712890625,-0.75640869140625,0.07275390625,1.9,57.57575757575758,2.3483870967741938,71.16324535679375
71.56592695901054,43.36650259343495,0.4366455078125,0.4876708984375,-0.7525634765625,0.071533203125,1.8709677419354838,56.695992179863154,2.361290322580645,71.5542521994135
71.58604571298929,43.36650259343495,0.4366455078125,0.4876708984375,-0.7525634765625,0.071533203125,1.8870967741935485,57.18475073313783,2.367741935483871,71.74975562072336
71.60608782400959,43.36650259343495,0.4366455078125,0.4876708984375,-0.7525634765625,0.071533203125,1.932258064516129,58.55327468230694,2.367741935483871,71.74975562072336
71.62609777299804,43.113353878343275,0.44219970703125,0.4840087890625,-0.75213623046875,0.06695556640625,1.8741935483870966,56.79374389051808,2.370967741935484,71.8475073313783
71.64618574199267,43.113353878343275,0.44219970703125,0.4840087890625,-0.75213623046875,0.06695556640625,1.8774193548387097,56.89149560117303,2.393548387096774,72.53176930596285
71.66621220399975,43.23633575526457,0.4454345703125,0.48089599609375,-0.7528076171875,0.0601806640625,1.8774193548387097,56.89149560117303,2.393548387096774,72.53176930596285
71.68635438199271,43.23633575526457,0.4454345703125,0.48089599609375,-0.7528076171875,0.0601806640625,1.8709677419354838,56.695992179863154,2.3838709677419354,72.23851417399804
71.70636554798693,43.23633575526457,0.4454345703125,0.48089599609375,-0.7528076171875,0.0601806640625,1.861290322580645,56.402737047898334,2.3838709677419354,72.23851417399804
71.72642228298355,43.337336532805374,0.44805908203125,0.48040771484375,-0.75189208984375,0.05572509765625,1.8806451612903226,56.98924731182796,2.3548387096774195,71.35874877810362
71.74652721200255,43.337336532805374,0.44805908203125,0.48040771484375,-0.75189208984375,0.05572509765625,1.8741935483870966,56.79374389051808,2.3419354838709676,70.96774193548387
71.76657073100796,43.45456456558434,0.45123291015625,0.48004150390625,-0.7506103515625,0.050537109375,1.8741935483870966,56.79374389051808,2.3193548387096774,70.28347996089931
71.78662794700358,43.45456456558434,0.45123291015625,0.48004150390625,-0.7506103515625,0.050537109375,1.9,57.57575757575758,2.270967741935484,68.81720430107528
71.80668624999817,43.45456456558434,0.45123291015625,0.48004150390625,-0.7506103515625,0.050537109375,1.8806451612903226,56.98924731182796,2.296774193548387,69.59921798631477
71.82674730598228,43.49109819702601,0.45513916015625,0.47894287109375,-0.749267578125,0.04534912109375,1.9580645161290322,59.33528836754643,2.270967741935484,68.81720430107528
71.84682417000295,43.49109819702601,0.45513916015625,0.47894287109375,-0.749267578125,0.04534912109375,1.9225806451612903,58.260019550342136,2.3225806451612905,70.38123167155426
71.86688452100498,43.3845458149362,0.459228515625,0.47705078125,-0.7481689453125,0.04150390625,1.929032258064516,58.45552297165201,2.3516129032258064,71.26099706744868
71.88694522398873,43.3845458149362,0.459228515625,0.47705078125,-0.7481689453125,0.04150390625,1.932258064516129,58.55327468230694,2.370967741935484,71.8475073313783
71.90702653699555,43.3845458149362,0.459228515625,0.47705078125,-0.7481689453125,0.04150390625,1.9129032258064516,57.96676441837732,2.3741935483870966,71.94525904203324
71.9270880719996,43.16816862833977,0.4613037109375,0.4720458984375,-0.75018310546875,0.0394287109375,1.9451612903225806,58.94428152492669,2.335483870967742,70.772238514174
71.94715408800403,43.16816862833977,0.4613037109375,0.4720458984375,-0.75018310546875,0.0394287109375,1.9483870967741934,59.04203323558163,2.3483870967741938,71.16324535679375
71.96720663100132,42.84662596112225,0.462646484375,0.46502685546875,-0.75384521484375,0.038330078125,1.935483870967742,58.65102639296188,2.3838709677419354,72.23851417399804
71.98726445398643,42.84662596112225,0.462646484375,0.46502685546875,-0.75384521484375,0.038330078125,1.961290322580645,59.43304007820137,2.4096774193548387,73.02052785923753
72.0073275899922,42.84662596112225,0.462646484375,0.46502685546875,-0.75384521484375,0.038330078125,2.0,60.60606060606061,2.370967741935484,71.8475073313783
72.02739555799053,42.374925983782994,0.46478271484375,0.4595947265625,-0.75579833984375,0.03936767578125,1.9548387096774194,59.2375366568915,2.3451612903225807,71.0654936461388
72.04752154299058,42.374925983782994,0.46478271484375,0.4595947265625,-0.75579833984375,0.03936767578125,1.9838709677419355,60.117302052785924,2.3483870967741938,71.16324535679375
72.0675467249821,42.137618000991345,0.46490478515625,0.455322265625,-0.75823974609375,0.04010009765625,1.964516129032258,59.530791788856305,2.3741935483870966,71.94525904203324
72.08760371699464,42.137618000991345,0.46490478515625,0.455322265625,-0.75823974609375,0.04010009765625,1.9741935483870967,59.82404692082112,2.3967741935483873,72.6295210166178
72.10766211600276,42.137618000991345,0.46490478515625,0.455322265625,-0.75823974609375,0.04010009765625,1.967741935483871,59.628543499511245,2.403225806451613,72.82502443792767
72.12773059599567,42.269981153000465,0.4620361328125,0.4521484375,-0.76190185546875,0.03973388671875,1.9806451612903224,60.01955034213099,2.3838709677419354,72.23851417399804
72.14778784298687,42.269981153000465,0.4620361328125,0.4521484375,-0.76190185546875,0.03973388671875,1.967741935483871,59.628543499511245,2.4419354838709677,73.9980449657869
72.1678703709913,42.26136368746318,0.4583740234375,0.44891357421875,-0.765869140625,0.04229736328125,1.9483870967741934,59.04203323558163,2.4290322580645163,73.60703812316717
72.18793741098489,42.26136368746318,0.4583740234375,0.44891357421875,-0.765869140625,0.04229736328125,1.961290322580645,59.43304007820137,2.435483870967742,73.80254154447702
72.20798454599571,42.26136368746318,0.4583740234375,0.44891357421875,-0.765869140625,0.04229736328125,1.9580645161290322,59.33528836754643,2.4290322580645163,73.60703812316717
72.22804576199269,41.99701551127184,0.45611572265625,0.4459228515625,-0.7686767578125,0.04705810546875,1.9709677419354839,59.72629521016618,2.445161290322581,74.09579667644185
72.24811574499472,41.99701551127184,0.45611572265625,0.4459228515625,-0.7686767578125,0.04705810546875,1.967741935483871,59.628543499511245,2.4612903225806453,74.58455522971653
72.26817452898831,41.57278576070406,0.45428466796875,0.44146728515625,-0.77197265625,0.05291748046875,1.967741935483871,59.628543499511245,2.4483870967741934,74.19354838709677
72.28823276798357,41.57278576070406,0.45428466796875,0.44146728515625,-0.77197265625,0.05291748046875,1.9580645161290322,59.33528836754643,2.445161290322581,74.09579667644185
72.30832537700189,41.57278576070406,0.45428466796875,0.44146728515625,-0.77197265625,0.05291748046875,1.9709677419354839,59.72629521016618,2.425806451612903,73.50928641251222
72.3283765759843,41.09876903085469,0.45404052734375,0.435791015625,-0.7750244140625,0.05712890625,1.9387096774193548,58.748778103616814,2.425806451612903,73.50928641251222
72.34843033499783,41.09876903085469,0.45404052734375,0.435791015625,-0.7750244140625,0.05712890625,1.9064516129032258,57.77126099706745,2.425806451612903,73.50928641251222
72.36850070298533,41.02801001071335,0.453369140625,0.42974853515625,-0.77886962890625,0.0560302734375,1.896774193548387,57.478005865102645,2.432258064516129,73.70478983382209
72.38855737398262,41.02801001071335,0.453369140625,0.42974853515625,-0.77886962890625,0.0560302734375,1.9064516129032258,57.77126099706745,2.3967741935483873,72.6295210166178
72.40862537399516,41.02801001071335,0.453369140625,0.42974853515625,-0.77886962890625,0.0560302734375,1.8806451612903226,56.98924731182796,2.3483870967741938,71.16324535679375
72.42870028599282,41.517705936921246,0.45098876953125,0.42242431640625,-0.78472900390625,0.0484619140625,1.8838709677419354,57.0869990224829,2.325806451612903,70.4789833822092
72.44878467000672,41.517705936921246,0.45098876953125,0.42242431640625,-0.78472900390625,0.0484619140625,1.8677419354838707,56.59824046920821,2.3193548387096774,70.28347996089931
72.46881250699516,42.152855229193264,0.44921875,0.415771484375,-0.78985595703125,0.03814697265625,1.8516129032258062,56.10948191593352,2.3096774193548386,69.99022482893452
72.48887692199787,42.152855229193264,0.44921875,0.415771484375,-0.78985595703125,0.03814697265625,1.8548387096774193,56.20723362658847,2.2548387096774194,68.32844574780059
72.50893820100464,42.152855229193264,0.44921875,0.415771484375,-0.78985595703125,0.03814697265625,1.8419354838709676,55.816226783968716,2.2774193548387096,69.01270772238514
72.52900619999855,42.55477881475925,0.44769287109375,0.41253662109375,-0.79266357421875,0.0325927734375,1.8354838709677417,55.62072336265884,2.2774193548387096,69.01270772238514
72.5490664219833,42.55477881475925,0.44769287109375,0.41253662109375,-0.79266357421875,0.0325927734375,1.829032258064516,55.42521994134897,2.2838709677419358,69.20821114369502
72.56913003700902,42.795754706523994,0.4449462890625,0.410400390625,-0.79541015625,0.0316162109375,1.829032258064516,55.42521994134897,2.270967741935484,68.81720430107528
72.5892926309898,42.795754706523994,0.4449462890625,0.410400390625,-0.79541015625,0.0316162109375,1.8419354838709676,55.816226783968716,2.2677419354838713,68.71945259042035
72.60935518998303,42.795754706523994,0.4449462890625,0.410400390625,-0.79541015625,0.0316162109375,1.8322580645161288,55.5229716520039,2.2806451612903227,69.11045943304008
72.62938289900194,43.29432983654507,0.44097900390625,0.40972900390625,-0.79803466796875,0.029296875,1.8741935483870966,56.79374389051808,2.3322580645161293,70.67448680351907
72.6494425139972,43.29432983654507,0.44097900390625,0.40972900390625,-0.79803466796875,0.029296875,1.8548387096774193,56.20723362658847,2.3000000000000003,69.69696969696972
72.66952619299991,43.50995012008039,0.4385986328125,0.407470703125,-0.80047607421875,0.0283203125,1.8677419354838707,56.59824046920821,2.296774193548387,69.59921798631477
72.68959255999653,43.50995012008039,0.4385986328125,0.407470703125,-0.80047607421875,0.0283203125,1.8516129032258062,56.10948191593352,2.274193548387097,68.91495601173021
72.70966443099314,43.50995012008039,0.4385986328125,0.407470703125,-0.80047607421875,0.0283203125,1.8677419354838707,56.59824046920821,2.2677419354838713,68.71945259042035
72.72971332599991,43.071946149199846,0.44012451171875,0.40301513671875,-0.80181884765625,0.0306396484375,1.8548387096774193,56.20723362658847,2.270967741935484,68.81720430107528
72.74976535598398,43.071946149199846,0.44012451171875,0.40301513671875,-0.80181884765625,0.0306396484375,1.8516129032258062,56.10948191593352,2.264516129032258,68.6217008797654
72.76982909900835,41.83611234454261,0.44842529296875,0.39752197265625,-0.79974365234375,0.03497314453125,1.8161290322580643,55.034213098729225,2.2903225806451615,69.40371456500489
72.78988624899648,41.83611234454261,0.44842529296875,0.39752197265625,-0.79974365234375,0.03497314453125,1.8483870967741933,56.01173020527859,2.270967741935484,68.81720430107528
72.80996992898872,41.83611234454261,0.44842529296875,0.39752197265625,-0.79974365234375,0.03497314453125,1.8548387096774193,56.20723362658847,2.2548387096774194,68.32844574780059
72.83003578300122,39.731284876182634,0.462646484375,0.39263916015625,-0.79364013671875,0.044189453125,1.8322580645161288,55.5229716520039,2.2677419354838713,68.71945259042035
72.85007994199987,39.731284876182634,0.462646484375,0.39263916015625,-0.79364013671875,0.044189453125,1.8096774193548386,54.83870967741935,2.2322580645161287,67.64418377321603
72.87014861198259,38.12919682121427,0.47210693359375,0.38848876953125,-0.78955078125,0.05291748046875,1.8322580645161288,55.5229716520039,2.1645161290322577,65.59139784946235
72.89026832499076,38.12919682121427,0.47210693359375,0.38848876953125,-0.78955078125,0.05291748046875,1.8741935483870966,56.79374389051808,2.1516129032258062,65.20039100684262
72.91030736299581,38.12919682121427,0.47210693359375,0.38848876953125,-0.78955078125,0.05291748046875,1.8354838709677417,55.62072336265884,2.158064516129032,65.39589442815249
72.93038045000867,37.63425186126006,0.47613525390625,0.38592529296875,-0.788330078125,0.05340576171875,1.8322580645161288,55.5229716520039,2.138709677419355,64.80938416422288
72.95043369600899,37.63425186126006,0.47613525390625,0.38592529296875,-0.788330078125,0.05340576171875,1.829032258064516,55.42521994134897,2.190322580645161,66.37341153470186
72.97050854400732,37.45087593624646,0.47918701171875,0.38702392578125,-0.7860107421875,0.05242919921875,1.8258064516129031,55.32746823069403,2.1870967741935483,66.27565982404691
72.99055561400019,37.45087593624646,0.47918701171875,0.38702392578125,-0.7860107421875,0.05242919921875,1.829032258064516,55.42521994134897,2.2419354838709675,67.93743890518084
73.0106244449853,37.45087593624646,0.47918701171875,0.38702392578125,-0.7860107421875,0.05242919921875,1.8032258064516127,54.64320625610948,2.170967741935484,65.78690127077223
73.03068063498358,37.40330283334552,0.47918701171875,0.39312744140625,-0.78271484375,0.0562744140625,1.8096774193548386,54.83870967741935,2.2161290322580642,67.15542521994135
73.05083682900295,37.40330283334552,0.47918701171875,0.39312744140625,-0.78271484375,0.0562744140625,1.8258064516129031,55.32746823069403,2.1967741935483867,66.56891495601171
73.07088665099582,37.15565330806353,0.47894287109375,0.400390625,-0.778564453125,0.06396484375,1.8548387096774193,56.20723362658847,2.2322580645161287,67.64418377321603
73.09092943300493,37.15565330806353,0.47894287109375,0.400390625,-0.778564453125,0.06396484375,1.8387096774193548,55.71847507331379,2.2580645161290325,68.42619745845553
73.11098600798869,37.15565330806353,0.47894287109375,0.400390625,-0.778564453125,0.06396484375,1.8354838709677417,55.62072336265884,2.296774193548387,69.59921798631477
73.13104882198968,37.22593445783614,0.47650146484375,0.4088134765625,-0.775146484375,0.07037353515625,1.8419354838709676,55.816226783968716,2.2806451612903227,69.11045943304008
73.15110901300795,37.22593445783614,0.47650146484375,0.4088134765625,-0.775146484375,0.07037353515625,1.829032258064516,55.42521994134897,2.24516129032258,68.03519061583576
73.17117057999712,38.04532612517139,0.46905517578125,0.42138671875,-0.7725830078125,0.074462890625,1.8161290322580643,55.034213098729225,2.2548387096774194,68.32844574780059
73.19125173098291,38.04532612517139,0.46905517578125,0.42138671875,-0.7725830078125,0.074462890625,1.8483870967741933,56.01173020527859,2.190322580645161,66.37341153470186
73.21131323400186,38.04532612517139,0.46905517578125,0.42138671875,-0.7725830078125,0.074462890625,1.8451612903225805,55.91397849462365,2.116129032258064,64.1251221896383
73.23139592100051,39.46938582144533,0.456298828125,0.4390869140625,-0.7698974609375,0.0789794921875,1.8483870967741933,56.01173020527859,2.1354838709677417,64.71163245356793
73.25143991899677,39.46938582144533,0.456298828125,0.4390869140625,-0.7698974609375,0.0789794921875,1.8387096774193548,55.71847507331379,2.138709677419355,64.80938416422288
73.2714966860076,41.24590981276811,0.439697265625,0.4566650390625,-0.7689208984375,0.0828857421875,1.8516129032258062,56.10948191593352,2.0709677419354837,62.75659824046921
73.2915682370076,41.24590981276811,0.439697265625,0.4566650390625,-0.7689208984375,0.0828857421875,1.8258064516129031,55.32746823069403,2.064516129032258,62.56109481915934
73.31162180300453,41.24590981276811,0.439697265625,0.4566650390625,-0.7689208984375,0.0828857421875,1.8096774193548386,54.83870967741935,2.032258064516129,61.58357771260997
73.33172231499339,43.18682907523738,0.42254638671875,0.46875,-0.77130126953125,0.08245849609375,1.7774193548387096,53.86119257086999,1.961290322580645,59.43304007820137
73.35177024899167,43.18682907523738,0.42254638671875,0.46875,-0.77130126953125,0.08245849609375,1.8161290322580643,55.034213098729225,1.9806451612903224,60.01955034213099
73.37183024798287,45.28276033251994,0.40625,0.478759765625,-0.7744140625,0.07769775390625,1.8064516129032258,54.74095796676443,1.9225806451612903,58.260019550342136
73.39195191298495,45.28276033251994,0.40625,0.478759765625,-0.7744140625,0.07769775390625,1.8161290322580643,55.034213098729225,1.9225806451612903,58.260019550342136
73.41199335100828,45.28276033251994,0.40625,0.478759765625,-0.7744140625,0.07769775390625,1.829032258064516,55.42521994134897,1.961290322580645,59.43304007820137
73.43204944499303,47.07810957268987,0.3927001953125,0.4906005859375,-0.77435302734375,0.07421875,1.7677419354838708,53.567937438905176,1.935483870967742,58.65102639296188
73.45211325198761,47.07810957268987,0.3927001953125,0.4906005859375,-0.77435302734375,0.07421875,1.7225806451612902,52.19941348973607,1.9129032258064516,57.96676441837732
73.4721881620062,48.75152124338422,0.3800048828125,0.50238037109375,-0.7734375,0.0711669921875,1.696774193548387,51.417399804496576,1.8806451612903226,56.98924731182796
73.49228028900689,48.75152124338422,0.3800048828125,0.50238037109375,-0.7734375,0.0711669921875,1.6709677419354838,50.635386119257085,1.9225806451612903,58.260019550342136
73.5123212460021,48.75152124338422,0.3800048828125,0.50238037109375,-0.7734375,0.0711669921875,1.6870967741935483,51.12414467253177,1.8645161290322578,56.50048875855327
73.53238198001054,50.31405365480872,0.36883544921875,0.50958251953125,-0.77459716796875,0.06591796875,1.6806451612903226,50.9286412512219,1.829032258064516,55.42521994134897
73.55249967600685,50.31405365480872,0.36883544921875,0.50958251953125,-0.77459716796875,0.06591796875,1.6903225806451612,51.2218963831867,1.8419354838709676,55.816226783968716
73.57254786498379,51.52147628948614,0.35992431640625,0.51153564453125,-0.77789306640625,0.06085205078125,1.6870967741935483,51.12414467253177,1.7741935483870968,53.76344086021506
73.59262242299155,51.52147628948614,0.35992431640625,0.51153564453125,-0.77789306640625,0.06085205078125,1.6870967741935483,51.12414467253177,1.7,51.515151515151516
73.61270491799223,51.52147628948614,0.35992431640625,0.51153564453125,-0.77789306640625,0.06085205078125,1.6741935483870967,50.733137829912025,1.7806451612903225,53.95894428152492
73.63274174698745,52.0063923376715,0.35601806640625,0.51043701171875,-0.780517578125,0.05859375,1.6741935483870967,50.733137829912025,1.793548387096774,54.34995112414467
73.65280795301078,52.0063923376715,0.35601806640625,0.51043701171875,-0.780517578125,0.05859375,1.696774193548387,51.417399804496576,1.7903225806451613,54.25219941348974
73.67286763098673,52.313311075561536,0.3538818359375,0.50762939453125,-0.7835693359375,0.055908203125,1.6935483870967742,51.31964809384164,1.764516129032258,53.47018572825024
73.69295057299314,52.313311075561536,0.3538818359375,0.50762939453125,-0.7835693359375,0.055908203125,1.6903225806451612,51.2218963831867,1.8161290322580643,55.034213098729225
73.71308094100095,52.313311075561536,0.3538818359375,0.50762939453125,-0.7835693359375,0.055908203125,1.7,51.515151515151516,1.8354838709677417,55.62072336265884
73.73312333898502,52.6637952678478,0.350830078125,0.50299072265625,-0.78814697265625,0.05316162109375,1.7,51.515151515151516,1.8548387096774193,56.20723362658847
73.7531831759843,52.6637952678478,0.350830078125,0.50299072265625,-0.78814697265625,0.05316162109375,1.6903225806451612,51.2218963831867,1.8451612903225805,55.91397849462365
73.77323267800966,52.84954553361274,0.349609375,0.49957275390625,-0.79095458984375,0.0509033203125,1.6870967741935483,51.12414467253177,1.8677419354838707,56.59824046920821
73.79329638800118,52.84954553361274,0.349609375,0.49957275390625,-0.79095458984375,0.0509033203125,1.6870967741935483,51.12414467253177,1.8709677419354838,56.695992179863154
73.81335753799067,52.84954553361274,0.349609375,0.49957275390625,-0.79095458984375,0.0509033203125,1.7032258064516128,51.61290322580645,1.9064516129032258,57.77126099706745
73.83341833599843,52.97112031151373,0.34796142578125,0.49859619140625,-0.792236328125,0.051025390625,1.7129032258064516,51.90615835777126,1.903225806451613,57.67350928641252
73.85348294099094,52.97112031151373,0.34796142578125,0.49859619140625,-0.792236328125,0.051025390625,1.7064516129032257,51.71065493646139,1.932258064516129,58.55327468230694
73.87355314800516,53.32266495430648,0.3419189453125,0.49456787109375,-0.79736328125,0.0526123046875,1.6903225806451612,51.2218963831867,1.9064516129032258,57.77126099706745
73.89362594598788,53.32266495430648,0.3419189453125,0.49456787109375,-0.79736328125,0.0526123046875,1.7096774193548387,51.80840664711632,1.8838709677419354,57.0869990224829
73.9136460699956,53.32266495430648,0.3419189453125,0.49456787109375,-0.79736328125,0.0526123046875,1.6903225806451612,51.2218963831867,1.9193548387096775,58.162267839687196
73.93371115598711,53.47932884052069,0.33795166015625,0.4898681640625,-0.80181884765625,0.05426025390625,1.6935483870967742,51.31964809384164,1.9193548387096775,58.162267839687196
73.95379576299456,53.47932884052069,0.33795166015625,0.4898681640625,-0.80181884765625,0.05426025390625,1.6838709677419355,51.02639296187683,1.8677419354838707,56.59824046920821
73.97386776100029,53.22038938929353,0.33807373046875,0.48858642578125,-0.80224609375,0.0576171875,1.664516129032258,50.43988269794721,1.8806451612903226,56.98924731182796
73.99391444699722,53.22038938929353,0.33807373046875,0.48858642578125,-0.80224609375,0.0576171875,1.6548387096774193,50.146627565982406,1.903225806451613,57.67350928641252
74.0140247179952,53.22038938929353,0.33807373046875,0.48858642578125,-0.80224609375,0.0576171875,1.6741935483870967,50.733137829912025,1.896774193548387,57.478005865102645
74.03405514699989,52.975898449376466,0.3380126953125,0.4874267578125,-0.80279541015625,0.06097412109375,1.6709677419354838,50.635386119257085,1.8548387096774193,56.20723362658847
74.05411741699209,52.975898449376466,0.3380126953125,0.4874267578125,-0.80279541015625,0.06097412109375,1.6516129032258065,50.048875855327466,1.8193548387096772,55.13196480938416
74.07417629499105,52.95550050467051,0.33685302734375,0.48468017578125,-0.8048095703125,0.0621337890625,1.6709677419354838,50.635386119257085,1.793548387096774,54.34995112414467
74.09429347800324,52.95550050467051,0.33685302734375,0.48468017578125,-0.8048095703125,0.0621337890625,1.667741935483871,50.53763440860215,1.8064516129032258,54.74095796676443
74.11433827600558,52.95550050467051,0.33685302734375,0.48468017578125,-0.8048095703125,0.0621337890625,1.667741935483871,50.53763440860215,1.8161290322580643,55.034213098729225
74.13439289698726,52.6982039771186,0.3377685546875,0.48370361328125,-0.80487060546875,0.06439208984375,1.6709677419354838,50.635386119257085,1.8419354838709676,55.816226783968716
74.15445151898894,52.6982039771186,0.3377685546875,0.48370361328125,-0.80487060546875,0.06439208984375,1.6580645161290322,50.24437927663734,1.8806451612903226,56.98924731182796
74.17456975899404,52.247003738791,0.34027099609375,0.48577880859375,-0.80224609375,0.0682373046875,1.6548387096774193,50.146627565982406,1.896774193548387,57.478005865102645
74.19460585198249,52.247003738791,0.34027099609375,0.48577880859375,-0.80224609375,0.0682373046875,1.6741935483870967,50.733137829912025,1.8806451612903226,56.98924731182796
74.21468498598551,52.247003738791,0.34027099609375,0.48577880859375,-0.80224609375,0.0682373046875,1.6548387096774193,50.146627565982406,1.9096774193548387,57.86901270772239
74.23474479198921,51.900316939251546,0.3411865234375,0.48760986328125,-0.80035400390625,0.07269287109375,1.6516129032258065,50.048875855327466,1.896774193548387,57.478005865102645
74.25479378100135,51.900316939251546,0.3411865234375,0.48760986328125,-0.80035400390625,0.07269287109375,1.6612903225806452,50.34213098729228,1.8935483870967742,57.380254154447705
74.27485035499558,51.593415130308266,0.3416748046875,0.487548828125,-0.7998046875,0.07659912109375,1.6516129032258065,50.048875855327466,1.8774193548387097,56.89149560117303
74.29498593899189,51.593415130308266,0.3416748046875,0.487548828125,-0.7998046875,0.07659912109375,1.6516129032258065,50.048875855327466,1.8838709677419354,57.0869990224829
74.31504555299762,51.593415130308266,0.3416748046875,0.487548828125,-0.7998046875,0.07659912109375,1.6516129032258065,50.048875855327466,1.8935483870967742,57.380254154447705
74.33509345501079,51.688982622080225,0.3397216796875,0.490478515625,-0.79864501953125,0.07879638671875,1.6096774193548384,48.77810361681329,1.8903225806451613,57.28250244379277
74.35515357999247,51.688982622080225,0.3397216796875,0.490478515625,-0.79864501953125,0.07879638671875,1.6290322580645162,49.36461388074292,1.8806451612903226,56.98924731182796
74.37520903398399,51.782422691830895,0.338623046875,0.49517822265625,-0.7960205078125,0.080322265625,1.664516129032258,50.43988269794721,1.9064516129032258,57.77126099706745
74.39528864898602,51.782422691830895,0.338623046875,0.49517822265625,-0.7960205078125,0.080322265625,1.6483870967741936,49.95112414467254,1.8935483870967742,57.380254154447705
74.41533530200832,51.782422691830895,0.338623046875,0.49517822265625,-0.7960205078125,0.080322265625,1.6451612903225807,49.8533724340176,1.9193548387096775,58.162267839687196
74.43539677199442,51.88930894589401,0.337646484375,0.50018310546875,-0.79315185546875,0.08154296875,1.6612903225806452,50.34213098729228,1.929032258064516,58.45552297165201
74.45553469200968,51.88930894589401,0.337646484375,0.50018310546875,-0.79315185546875,0.08154296875,1.6774193548387097,50.83088954056696,1.9838709677419355,60.117302052785924
74.47556403200724,51.87301986612513,0.33740234375,0.501708984375,-0.792236328125,0.08251953125,1.6806451612903226,50.9286412512219,1.996774193548387,60.50830889540567
74.49563602899434,51.87301986612513,0.33740234375,0.501708984375,-0.792236328125,0.08251953125,1.7193548387096773,52.101661779081134,2.0032258064516126,60.703812316715535
74.5156806659943,51.87301986612513,0.33740234375,0.501708984375,-0.792236328125,0.08251953125,1.729032258064516,52.39491691104594,2.0354838709677416,61.6813294232649
74.53574392700102,51.44783893348891,0.3406982421875,0.5009765625,-0.7911376953125,0.083984375,1.7903225806451613,54.25219941348974,1.961290322580645,59.43304007820137
74.5558103559888,51.44783893348891,0.3406982421875,0.5009765625,-0.7911376953125,0.083984375,1.8032258064516127,54.64320625610948,2.0032258064516126,60.703812316715535
74.5758724650077,50.59528720523346,0.3482666015625,0.5010986328125,-0.78753662109375,0.0860595703125,1.829032258064516,55.42521994134897,2.0387096774193547,61.779081133919846
74.59598887999891,50.59528720523346,0.3482666015625,0.5010986328125,-0.78753662109375,0.0860595703125,1.8548387096774193,56.20723362658847,2.1032258064516127,63.73411534701857
74.6161079829908,50.59528720523346,0.3482666015625,0.5010986328125,-0.78753662109375,0.0860595703125,1.8225806451612903,55.229716520039105,2.116129032258064,64.1251221896383
74.63620590098435,50.637495650038865,0.34906005859375,0.50408935546875,-0.78533935546875,0.08526611328125,1.7999999999999998,54.54545454545454,2.1129032258064515,64.02737047898339
74.65622381700086,50.637495650038865,0.34906005859375,0.50408935546875,-0.78533935546875,0.08526611328125,1.793548387096774,54.34995112414467,2.1451612903225805,65.00488758553274
74.67625632500858,51.082650662770405,0.343017578125,0.507080078125,-0.7857666015625,0.087890625,1.7774193548387096,53.86119257086999,2.087096774193548,63.24535679374389
74.69631776199094,51.082650662770405,0.343017578125,0.507080078125,-0.7857666015625,0.087890625,1.7677419354838708,53.567937438905176,2.1516129032258062,65.20039100684262
74.71648707400891,51.082650662770405,0.343017578125,0.507080078125,-0.7857666015625,0.087890625,1.7741935483870968,53.76344086021506,2.180645161290322,66.08015640273703
74.73648943798617,51.295467933586174,0.33782958984375,0.5069580078125,-0.7877197265625,0.091796875,1.7580645161290323,53.27468230694038,2.1548387096774193,65.29814271749756
74.75655167500372,51.295467933586174,0.33782958984375,0.5069580078125,-0.7877197265625,0.091796875,1.7806451612903225,53.95894428152492,2.158064516129032,65.39589442815249
74.7766106799827,51.38636272642216,0.3353271484375,0.50579833984375,-0.789306640625,0.0936279296875,1.8225806451612903,55.229716520039105,2.1451612903225805,65.00488758553274
74.79672261400265,51.38636272642216,0.3353271484375,0.50579833984375,-0.789306640625,0.0936279296875,1.7806451612903225,53.95894428152492,2.1354838709677417,64.71163245356793
74.81677473901073,51.38636272642216,0.3353271484375,0.50579833984375,-0.789306640625,0.0936279296875,1.8225806451612903,55.229716520039105,2.1032258064516127,63.73411534701857
74.83683735999512,51.4341097293923,0.334228515625,0.50555419921875,-0.789794921875,0.09442138671875,1.7677419354838708,53.567937438905176,2.0806451612903225,63.049853372434015
74.85690817300929,51.4341097293923,0.334228515625,0.50555419921875,-0.789794921875,0.09442138671875,1.7419354838709677,52.785923753665685,2.0354838709677416,61.6813294232649
74.87696752999909,51.58949219911028,0.33514404296875,0.5068359375,-0.78900146484375,0.0911865234375,1.7,51.515151515151516,2.0,60.60606060606061
74.89708100099233,51.58949219911028,0.33514404296875,0.5068359375,-0.78900146484375,0.0911865234375,1.6935483870967742,51.31964809384164,1.8774193548387097,56.89149560117303
74.91712323800311,51.58949219911028,0.33514404296875,0.5068359375,-0.78900146484375,0.0911865234375,1.696774193548387,51.417399804496576,1.8741935483870966,56.79374389051808
74.9371803230024,51.94396151985668,0.33599853515625,0.5107421875,-0.78668212890625,0.0859375,1.6838709677419355,51.02639296187683,1.8677419354838707,56.59824046920821
74.95724204799626,51.94396151985668,0.33599853515625,0.5107421875,-0.78668212890625,0.0859375,1.6838709677419355,51.02639296187683,1.8838709677419354,57.0869990224829
74.97732979001012,52.07438500830127,0.33624267578125,0.5120849609375,-0.785888671875,0.0841064453125,1.6741935483870967,50.733137829912025,1.829032258064516,55.42521994134897
74.99739564300398,52.07438500830127,0.33624267578125,0.5120849609375,-0.785888671875,0.0841064453125,1.6612903225806452,50.34213098729228,1.6516129032258065,50.048875855327466
75.01744139898801,52.07438500830127,0.33624267578125,0.5120849609375,-0.785888671875,0.0841064453125,1.6483870967741936,49.95112414467254,1.6516129032258065,50.048875855327466
75.03751214899239,52.46803981514764,0.33343505859375,0.5123291015625,-0.787109375,0.082275390625,1.6129032258064515,48.87585532746823,1.6064516129032256,48.68035190615835
75.05759348999709,52.46803981514764,0.33343505859375,0.5123291015625,-0.787109375,0.082275390625,1.5483870967741935,46.9208211143695,1.435483870967742,43.49951124144673
75.07772485000896,52.913489479562756,0.32977294921875,0.51348876953125,-0.7880859375,0.0810546875,1.5677419354838709,47.507331378299114,1.5064516129032257,45.650048875855326
75.09778772699065,52.913489479562756,0.32977294921875,0.51348876953125,-0.7880859375,0.0810546875,1.5548387096774192,47.11632453567937,1.3129032258064515,39.784946236559136
75.11784925998654,52.913489479562756,0.32977294921875,0.51348876953125,-0.7880859375,0.0810546875,1.5483870967741935,46.9208211143695,1.3258064516129031,40.17595307917888
75.13791072898312,52.99992948805738,0.32818603515625,0.51483154296875,-0.7877197265625,0.08233642578125,1.561290322580645,47.31182795698924,1.293548387096774,39.19843597262952
75.15796119000879,52.99992948805738,0.32818603515625,0.51483154296875,-0.7877197265625,0.08233642578125,1.5999999999999999,48.484848484848484,1.3774193548387097,41.73998044965787
75.1780403550074,52.88140915605763,0.33013916015625,0.51483154296875,-0.7869873046875,0.0814208984375,1.596774193548387,48.38709677419355,1.3322580645161288,40.371456500488755
75.19816099398304,52.88140915605763,0.33013916015625,0.51483154296875,-0.7869873046875,0.0814208984375,1.6096774193548384,48.77810361681329,1.329032258064516,40.27370478983382
75.21820169501007,52.88140915605763,0.33013916015625,0.51483154296875,-0.7869873046875,0.0814208984375,1.62258064516129,49.169110459433035,1.403225806451613,42.52199413489737
75.23827359598363,52.821597991530666,0.33282470703125,0.51312255859375,-0.78729248046875,0.07818603515625,1.6193548387096772,49.071358748778096,1.3935483870967742,42.22873900293255
75.25833535299171,52.821597991530666,0.33282470703125,0.51312255859375,-0.78729248046875,0.07818603515625,1.6096774193548384,48.77810361681329,1.403225806451613,42.52199413489737
75.27838802200858,52.62874930409666,0.33538818359375,0.5111083984375,-0.78759765625,0.07696533203125,1.6161290322580644,48.97360703812317,1.3806451612903226,41.837732160312804
75.29845499500516,52.62874930409666,0.33538818359375,0.5111083984375,-0.78759765625,0.07696533203125,1.632258064516129,49.462365591397855,1.3935483870967742,42.22873900293255
75.31852004799293,52.62874930409666,0.33538818359375,0.5111083984375,-0.78759765625,0.07696533203125,1.596774193548387,48.38709677419355,1.261290322580645,38.220918866080154
75.33858609298477,52.56968957289189,0.3369140625,0.51092529296875,-0.7872314453125,0.07568359375,1.6096774193548384,48.77810361681329,1.3387096774193548,40.56695992179863
75.35865028298576,52.56968957289189,0.3369140625,0.51092529296875,-0.7872314453125,0.07568359375,1.5870967741935482,48.09384164222873,1.3870967741935485,42.033235581622684
75.37872647200129,53.20600132877484,0.3341064453125,0.51458740234375,-0.78643798828125,0.07135009765625,1.596774193548387,48.38709677419355,1.2580645161290323,38.12316715542522
75.39885543100536,53.20600132877484,0.3341064453125,0.51458740234375,-0.78643798828125,0.07135009765625,1.561290322580645,47.31182795698924,1.261290322580645,38.220918866080154
75.41889379598433,53.20600132877484,0.3341064453125,0.51458740234375,-0.78643798828125,0.07135009765625,1.564516129032258,47.40957966764419,1.3129032258064515,39.784946236559136
75.43894828800694,54.40959162311789,0.3271484375,0.519775390625,-0.7864990234375,0.0648193359375,1.525806451612903,46.236559139784944,1.2354838709677418,37.43890518084066
75.45901346899336,54.40959162311789,0.3271484375,0.519775390625,-0.7864990234375,0.0648193359375,1.5,45.45454545454546,1.132258064516129,34.3108504398827
75.47907890498755,55.972528265594626,0.31640625,0.5244140625,-0.78839111328125,0.057861328125,1.493548387096774,45.25904203323558,1.0161290322580645,30.791788856304986
75.49914907800849,55.972528265594626,0.31640625,0.5244140625,-0.78839111328125,0.057861328125,1.493548387096774,45.25904203323558,0.7741935483870968,23.46041055718475
75.5192266110098,55.972528265594626,0.31640625,0.5244140625,-0.78839111328125,0.057861328125,1.4838709677419355,44.965786901270775,0.7258064516129032,21.994134897360706
75.53928427098435,57.842122879551646,0.30267333984375,0.5289306640625,-0.791259765625,0.05035400390625,1.4516129032258065,43.98826979472141,0.732258064516129,22.189638318670575
75.55936612398364,57.842122879551646,0.30267333984375,0.5289306640625,-0.791259765625,0.05035400390625,1.464516129032258,44.37927663734115,0.9064516129032257,27.468230694037143
75.5794835939887,59.6607550303151,0.28857421875,0.53533935546875,-0.79254150390625,0.0445556640625,1.4387096774193548,43.59726295210166,0.8612903225806451,26.099706744868033
75.59952691700892,59.6607550303151,0.28857421875,0.53533935546875,-0.79254150390625,0.0445556640625,1.4483870967741934,43.89051808406647,0.7,21.21212121212121
75.61958217798383,59.6607550303151,0.28857421875,0.53533935546875,-0.79254150390625,0.0445556640625,1.4064516129032258,42.619745845552295,0.35161290322580646,10.654936461388074
75.63964815798681,61.34164482093361,0.2742919921875,0.5426025390625,-0.7928466796875,0.0411376953125,1.4193548387096775,43.01075268817205,0.34516129032258064,10.459433040078201
75.65976274799323,61.34164482093361,0.2742919921875,0.5426025390625,-0.7928466796875,0.0411376953125,1.4161290322580644,42.91300097751711,0.3387096774193548,10.263929618768328
75.67978770300397,62.239700563732725,0.26495361328125,0.54595947265625,-0.793701171875,0.0413818359375,1.4129032258064516,42.81524926686217,0.5903225806451613,17.888563049853374
75.69989048500429,62.239700563732725,0.26495361328125,0.54595947265625,-0.793701171875,0.0413818359375,1.4193548387096775,43.01075268817205,0.7064516129032258,21.407624633431084
75.71994942499441,62.239700563732725,0.26495361328125,0.54595947265625,-0.793701171875,0.0413818359375,1.435483870967742,43.49951124144673,0.8451612903225806,25.61094819159335
75.74002250900958,62.38140431738721,0.26361083984375,0.546142578125,-0.7940673828125,0.0411376953125,1.493548387096774,45.25904203323558,0.964516129032258,29.227761485826004
75.76007082499564,62.38140431738721,0.26361083984375,0.546142578125,-0.7940673828125,0.0411376953125,1.5064516129032257,45.650048875855326,0.9354838709677419,28.347996089931577
75.78022378400783,61.799380002562934,0.26727294921875,0.54241943359375,-0.79522705078125,0.04376220703125,1.532258064516129,46.432062561094824,1.0032258064516129,30.40078201368524
75.80024208300165,61.799380002562934,0.26727294921875,0.54241943359375,-0.79522705078125,0.04376220703125,1.5354838709677419,46.52981427174975,1.025806451612903,31.08504398826979
75.82030630399822,61.15910097503408,0.271728515625,0.53564453125,-0.7982177734375,0.04534912109375,1.5387096774193547,46.62756598240469,1.0129032258064516,30.69403714565005
75.8403684439836,61.15910097503408,0.271728515625,0.53564453125,-0.7982177734375,0.04534912109375,1.5870967741935482,48.09384164222873,1.1032258064516127,33.43108504398827
75.860435287992,61.15910097503408,0.271728515625,0.53564453125,-0.7982177734375,0.04534912109375,1.5709677419354837,47.60508308895405,1.1483870967741936,34.799608993157385
75.88050360500347,60.98427997238569,0.27362060546875,0.53179931640625,-0.80023193359375,0.0443115234375,1.5451612903225804,46.82306940371456,1.1709677419354838,35.483870967741936
75.90056328100036,60.98427997238569,0.27362060546875,0.53179931640625,-0.80023193359375,0.0443115234375,1.532258064516129,46.432062561094824,1.1419354838709679,34.60410557184751
75.92062702099793,61.09460514868681,0.27423095703125,0.53271484375,-0.79949951171875,0.0421142578125,1.5548387096774192,47.11632453567937,1.1290322580645162,34.21309872922777
75.94070061799721,61.09460514868681,0.27423095703125,0.53271484375,-0.79949951171875,0.0421142578125,1.5516129032258064,47.018572825024435,1.1806451612903226,35.77712609970675
75.96077581500867,61.09460514868681,0.27423095703125,0.53271484375,-0.79949951171875,0.0421142578125,1.561290322580645,47.31182795698924,1.2129032258064516,36.75464320625611
75.98082960300962,61.08858363060642,0.27569580078125,0.533203125,-0.79876708984375,0.04034423828125,1.564516129032258,47.40957966764419,1.229032258064516,37.24340175953079
76.00090860700584,61.08858363060642,0.27569580078125,0.533203125,-0.79876708984375,0.04034423828125,1.5709677419354837,47.60508308895405,1.1451612903225807,34.701857282502445
76.02099308400648,61.095425351108574,0.2779541015625,0.53057861328125,-0.7999267578125,0.03643798828125,1.564516129032258,47.40957966764419,1.1870967741935483,35.97262952101662
76.04102655200404,61.095425351108574,0.2779541015625,0.53057861328125,-0.7999267578125,0.03643798828125,1.5677419354838709,47.507331378299114,1.2741935483870968,38.6119257086999
76.06109944399213,61.095425351108574,0.2779541015625,0.53057861328125,-0.7999267578125,0.03643798828125,1.5806451612903225,47.898338220918866,1.2870967741935482,39.00293255131964
76.08115780900698,61.1371461860757,0.27996826171875,0.52789306640625,-0.80120849609375,0.03228759765625,1.5806451612903225,47.898338220918866,1.432258064516129,43.401759530791786
76.10122401299304,61.1371461860757,0.27996826171875,0.52789306640625,-0.80120849609375,0.03228759765625,1.593548387096774,48.289345063538605,1.435483870967742,43.49951124144673
76.12129360900144,60.95884532263378,0.281494140625,0.52655029296875,-0.801513671875,0.032470703125,1.596774193548387,48.38709677419355,1.461290322580645,44.28152492668622
76.14135693400749,60.95884532263378,0.281494140625,0.52655029296875,-0.801513671875,0.032470703125,1.558064516129032,47.21407624633431,1.4709677419354839,44.57478005865102
76.1614246419922,60.95884532263378,0.281494140625,0.52655029296875,-0.801513671875,0.032470703125,1.5870967741935482,48.09384164222873,1.461290322580645,44.28152492668622
76.1814925110084,61.30595809908438,0.2808837890625,0.5264892578125,-0.80194091796875,0.02813720703125,1.596774193548387,48.38709677419355,1.5483870967741935,46.9208211143695
76.20157842800836,61.30595809908438,0.2808837890625,0.5264892578125,-0.80194091796875,0.02813720703125,1.5999999999999999,48.484848484848484,1.596774193548387,48.38709677419355
76.22163093599374,61.792028737933876,0.27935791015625,0.52813720703125,-0.80157470703125,0.02349853515625,1.5870967741935482,48.09384164222873,1.590322580645161,48.19159335288367
76.24169758800417,61.792028737933876,0.27935791015625,0.52813720703125,-0.80157470703125,0.02349853515625,1.6064516129032256,48.68035190615835,1.5838709677419354,47.9960899315738
76.26177793700481,61.792028737933876,0.27935791015625,0.52813720703125,-0.80157470703125,0.02349853515625,1.5999999999999999,48.484848484848484,1.7,51.515151515151516
76.2818467009929,62.34976335509387,0.2779541015625,0.53240966796875,-0.79937744140625,0.01849365234375,1.6483870967741936,49.95112414467254,1.6935483870967742,51.31964809384164
76.30190231400775,62.34976335509387,0.2779541015625,0.53240966796875,-0.79937744140625,0.01849365234375,1.6580645161290322,50.24437927663734,1.667741935483871,50.53763440860215
76.32196384598501,62.44561799860934,0.2789306640625,0.53558349609375,-0.796875,0.016845703125,1.6741935483870967,50.733137829912025,1.7548387096774192,53.17693059628543
76.34204342699377,62.44561799860934,0.2789306640625,0.53558349609375,-0.796875,0.016845703125,1.6935483870967742,51.31964809384164,1.8516129032258062,56.10948191593352
76.36216940899612,62.44561799860934,0.2789306640625,0.53558349609375,-0.796875,0.016845703125,1.6903225806451612,51.2218963831867,1.903225806451613,57.67350928641252
76.38221266900655,62.11214009580206,0.283203125,0.53460693359375,-0.79608154296875,0.0157470703125,1.6741935483870967,50.733137829912025,2.0129032258064514,60.997067448680355
76.40227170501021,62.11214009580206,0.283203125,0.53460693359375,-0.79608154296875,0.0157470703125,1.6903225806451612,51.2218963831867,1.9451612903225806,58.94428152492669
76.42233314100304,61.4136454554203,0.29119873046875,0.53204345703125,-0.794921875,0.01458740234375,1.6903225806451612,51.2218963831867,2.02258064516129,61.29032258064516
76.44239774500602,61.4136454554203,0.29119873046875,0.53204345703125,-0.794921875,0.01458740234375,1.7,51.515151515151516,2.032258064516129,61.58357771260997
76.46246148500359,61.4136454554203,0.29119873046875,0.53204345703125,-0.794921875,0.01458740234375,1.7387096774193547,52.68817204301075,2.0032258064516126,60.703812316715535
76.48252650498762,60.47657149209064,0.30096435546875,0.5301513671875,-0.79254150390625,0.01483154296875,1.7516129032258063,53.0791788856305,2.083870967741935,63.14760508308894
76.5025958759943,60.47657149209064,0.30096435546875,0.5301513671875,-0.79254150390625,0.01483154296875,1.7451612903225806,52.883675464320625,2.093548387096774,63.44086021505376
76.5226632639824,59.18920693354305,0.31231689453125,0.52972412109375,-0.788330078125,0.0186767578125,1.7999999999999998,54.54545454545454,2.190322580645161,66.37341153470186
76.54274162798538,59.18920693354305,0.31231689453125,0.52972412109375,-0.788330078125,0.0186767578125,1.7903225806451613,54.25219941348974,2.24516129032258,68.03519061583576
76.56279701500898,59.18920693354305,0.31231689453125,0.52972412109375,-0.788330078125,0.0186767578125,1.8161290322580643,55.034213098729225,2.2677419354838713,68.71945259042035
76.58286587501061,57.20303907187797,0.32586669921875,0.52813720703125,-0.78363037109375,0.029296875,1.8064516129032258,54.74095796676443,2.3129032258064517,70.08797653958945
76.60292852600105,57.20303907187797,0.32586669921875,0.52813720703125,-0.78363037109375,0.029296875,1.8096774193548386,54.83870967741935,2.335483870967742,70.772238514174
76.6229963619844,54.803943504341326,0.337158203125,0.52227783203125,-0.7818603515625,0.04705810546875,1.8903225806451613,57.28250244379277,2.3451612903225807,71.0654936461388
76.64306394199957,54.803943504341326,0.337158203125,0.52227783203125,-0.7818603515625,0.04705810546875,1.8838709677419354,57.0869990224829,2.370967741935484,71.8475073313783
76.66313702598563,54.803943504341326,0.337158203125,0.52227783203125,-0.7818603515625,0.04705810546875,1.9129032258064516,57.96676441837732,2.454838709677419,74.38905180840665
76.68319481299841,52.68066610295207,0.34161376953125,0.5135498046875,-0.78411865234375,0.06866455078125,1.9064516129032258,57.77126099706745,2.370967741935484,71.8475073313783
76.70328725699801,52.68066610295207,0.34161376953125,0.5135498046875,-0.78411865234375,0.06866455078125,1.9225806451612903,58.260019550342136,2.403225806451613,72.82502443792767
76.72334920498542,51.30935496828956,0.33978271484375,0.506103515625,-0.78778076171875,0.08868408203125,1.9580645161290322,59.33528836754643,2.412903225806452,73.11827956989248
76.74342468898976,51.30935496828956,0.33978271484375,0.506103515625,-0.78778076171875,0.08868408203125,1.9580645161290322,59.33528836754643,2.3838709677419354,72.23851417399804
76.76348852398223,51.30935496828956,0.33978271484375,0.506103515625,-0.78778076171875,0.08868408203125,1.9580645161290322,59.33528836754643,2.4096774193548387,73.02052785923753
76.78354663201026,51.11606718622525,0.331298828125,0.505126953125,-0.79022216796875,0.10308837890625,1.9193548387096775,58.162267839687196,2.42258064516129,73.41153470185728
76.80362281898852,51.11606718622525,0.331298828125,0.505126953125,-0.79022216796875,0.10308837890625,1.9193548387096775,58.162267839687196,2.4,72.72727272727273
76.82368143901112,51.049974802572315,0.3271484375,0.50640869140625,-0.7901611328125,0.1102294921875,1.9451612903225806,58.94428152492669,2.4064516129032256,72.9227761485826
76.84374898599344,51.049974802572315,0.3271484375,0.50640869140625,-0.7901611328125,0.1102294921875,1.9548387096774194,59.2375366568915,2.42258064516129,73.41153470185728
76.86381451800116,51.049974802572315,0.3271484375,0.50640869140625,-0.7901611328125,0.1102294921875,1.9709677419354839,59.72629521016618,2.435483870967742,73.80254154447702
76.88388577799196,50.96501576412104,0.3299560546875,0.50714111328125,-0.78887939453125,0.107666015625,1.9709677419354839,59.72629521016618,2.551612903225806,77.32160312805473
76.90394810898579,50.96501576412104,0.3299560546875,0.50714111328125,-0.78887939453125,0.107666015625,1.9806451612903224,60.01955034213099,2.5032258064516126,75.8553274682307
76.92402695299825,50.49110765302893,0.333740234375,0.50494384765625,-0.78857421875,0.1087646484375,2.0032258064516126,60.703812316715535,2.529032258064516,76.63734115347019
76.9440837810107,50.49110765302893,0.333740234375,0.50494384765625,-0.78857421875,0.1087646484375,1.9806451612903224,60.01955034213099,2.551612903225806,77.32160312805473
76.96414815998287,50.49110765302893,0.333740234375,0.50494384765625,-0.78857421875,0.1087646484375,2.0064516129032257,60.80156402737048,2.551612903225806,77.32160312805473
76.98432588699507,49.589849532749085,0.3363037109375,0.50189208984375,-0.7880859375,0.11773681640625,2.019354838709677,61.19257086999021,2.551612903225806,77.32160312805473
77.00432316100341,49.589849532749085,0.3363037109375,0.50189208984375,-0.7880859375,0.11773681640625,2.019354838709677,61.19257086999021,2.554838709677419,77.41935483870968
77.02440274099354,49.06811329852778,0.33404541015625,0.5009765625,-0.7879638671875,0.12847900390625,1.9774193548387096,59.92179863147605,2.5741935483870964,78.00586510263928
77.04445358400699,49.06811329852778,0.33404541015625,0.5009765625,-0.7879638671875,0.12847900390625,2.0032258064516126,60.703812316715535,2.596774193548387,78.69012707722385
77.06451114700758,49.06811329852778,0.33404541015625,0.5009765625,-0.7879638671875,0.12847900390625,2.009677419354839,60.899315738025415,2.6096774193548384,79.0811339198436
77.08457507900312,49.19863918148735,0.326904296875,0.5023193359375,-0.7886962890625,0.13714599609375,1.9709677419354839,59.72629521016618,2.5806451612903225,78.20136852394917
77.10464422599762,49.19863918148735,0.326904296875,0.5023193359375,-0.7886962890625,0.13714599609375,1.9709677419354839,59.72629521016618,2.5709677419354837,77.90811339198436
77.12472412598436,49.20016629835587,0.32159423828125,0.505615234375,-0.7872314453125,0.14544677734375,2.0,60.60606060606061,2.5774193548387094,78.10361681329422
77.14477778598666,49.20016629835587,0.32159423828125,0.505615234375,-0.7872314453125,0.14544677734375,2.0,60.60606060606061,2.593548387096774,78.59237536656892
77.164854645991,49.20016629835587,0.32159423828125,0.505615234375,-0.7872314453125,0.14544677734375,1.9870967741935484,60.215053763440864,2.6032258064516127,78.88563049853371
77.18490875299904,48.29660934606933,0.32574462890625,0.5064697265625,-0.78363037109375,0.15277099609375,2.02258064516129,61.29032258064516,2.6096774193548384,79.0811339198436
77.20497620399692,48.29660934606933,0.32574462890625,0.5064697265625,-0.78363037109375,0.15277099609375,1.9870967741935484,60.215053763440864,2.593548387096774,78.59237536656892
77.22504567200667,46.91487014307815,0.335205078125,0.50225830078125,-0.7811279296875,0.15869140625,2.0129032258064514,60.997067448680355,2.6193548387096772,79.37438905180841
77.24511059600627,46.91487014307815,0.335205078125,0.50225830078125,-0.7811279296875,0.15869140625,2.061290322580645,62.4633431085044,2.5999999999999996,78.78787878787878
77.26517852698453,46.91487014307815,0.335205078125,0.50225830078125,-0.7811279296875,0.15869140625,1.9903225806451612,60.312805474095796,2.5999999999999996,78.78787878787878
77.28525698700105,46.13524417828778,0.34075927734375,0.49591064453125,-0.78228759765625,0.1611328125,2.02258064516129,61.29032258064516,2.616129032258064,79.27663734115346
77.30532325498643,46.13524417828778,0.34075927734375,0.49591064453125,-0.78228759765625,0.1611328125,2.0354838709677416,61.6813294232649,2.590322580645161,78.49462365591397
77.32545810099691,45.383008689466635,0.3472900390625,0.4952392578125,-0.77960205078125,0.16241455078125,2.009677419354839,60.899315738025415,2.6419354838709674,80.05865102639295
77.34550334399682,45.383008689466635,0.3472900390625,0.4952392578125,-0.77960205078125,0.16241455078125,2.02258064516129,61.29032258064516,2.6064516129032254,78.98338220918865
77.3655756280059,45.383008689466635,0.3472900390625,0.4952392578125,-0.77960205078125,0.16241455078125,2.0,60.60606060606061,2.648387096774193,80.25415444770283
77.3856423109828,44.708002832564766,0.35357666015625,0.49627685546875,-0.77593994140625,0.1632080078125,2.0129032258064514,60.997067448680355,2.5774193548387094,78.10361681329422
77.40568899401114,44.708002832564766,0.35357666015625,0.49627685546875,-0.77593994140625,0.1632080078125,2.0161290322580645,61.09481915933529,2.6096774193548384,79.0811339198436
77.42577187001007,44.47126194760998,0.3555908203125,0.493408203125,-0.77685546875,0.16326904296875,1.9709677419354839,59.72629521016618,2.6064516129032254,78.98338220918865
77.44582648898358,44.47126194760998,0.3555908203125,0.493408203125,-0.77685546875,0.16326904296875,2.0032258064516126,60.703812316715535,2.590322580645161,78.49462365591397
77.46588808399974,44.47126194760998,0.3555908203125,0.493408203125,-0.77685546875,0.16326904296875,1.9709677419354839,59.72629521016618,2.5806451612903225,78.20136852394917
77.48595863900846,44.69292950198259,0.35565185546875,0.49285888671875,-0.77789306640625,0.15985107421875,1.9838709677419355,60.117302052785924,2.587096774193548,78.39687194525904
77.50602141799754,44.69292950198259,0.35565185546875,0.49285888671875,-0.77789306640625,0.15985107421875,1.9580645161290322,59.33528836754643,2.5677419354838706,77.81036168132943
77.52611597298528,44.87391877107284,0.35809326171875,0.4947509765625,-0.7767333984375,0.15399169921875,1.9709677419354839,59.72629521016618,2.5741935483870964,78.00586510263928
77.54615884801024,44.87391877107284,0.35809326171875,0.4947509765625,-0.7767333984375,0.15399169921875,1.932258064516129,58.55327468230694,2.5677419354838706,77.81036168132943
77.56623874700745,44.87391877107284,0.35809326171875,0.4947509765625,-0.7767333984375,0.15399169921875,1.9516129032258065,59.13978494623656,2.554838709677419,77.41935483870968
77.58629150901106,45.327048825397185,0.357666015625,0.49615478515625,-0.777099609375,0.1483154296875,1.929032258064516,58.45552297165201,2.52258064516129,76.44183773216031
77.60635704000015,45.327048825397185,0.357666015625,0.49615478515625,-0.777099609375,0.1483154296875,1.9225806451612903,58.260019550342136,2.464516129032258,74.68230694037146
77.62643159501022,47.6017807215588,0.34808349609375,0.50311279296875,-0.78021240234375,0.13031005859375,1.8709677419354838,56.695992179863154,2.425806451612903,73.50928641251222
77.6464910460054,47.6017807215588,0.34808349609375,0.50311279296875,-0.78021240234375,0.13031005859375,1.8419354838709676,55.816226783968716,2.4612903225806453,74.58455522971653
77.66660979398875,47.6017807215588,0.34808349609375,0.50311279296875,-0.78021240234375,0.13031005859375,1.8258064516129031,55.32746823069403,2.467741935483871,74.7800586510264
77.68671244598227,49.392563998641634,0.33966064453125,0.51043701171875,-0.78118896484375,0.11773681640625,1.8258064516129031,55.32746823069403,2.412903225806452,73.11827956989248
77.70687705199816,49.392563998641634,0.33966064453125,0.51043701171875,-0.78118896484375,0.11773681640625,1.829032258064516,55.42521994134897,2.403225806451613,72.82502443792767
77.72685720399022,50.03497287003347,0.33453369140625,0.515625,-0.7801513671875,0.11669921875,1.8032258064516127,54.64320625610948,2.4064516129032256,72.9227761485826
77.74690692598233,50.03497287003347,0.33453369140625,0.515625,-0.7801513671875,0.11669921875,1.829032258064516,55.42521994134897,2.3967741935483873,72.6295210166178
77.76696090499172,50.03497287003347,0.33453369140625,0.515625,-0.7801513671875,0.11669921875,1.9064516129032258,57.77126099706745,2.3870967741935485,72.33626588465299
77.7870522919984,49.72761508702401,0.334716796875,0.51416015625,-0.78045654296875,0.12054443359375,1.8677419354838707,56.59824046920821,2.3967741935483873,72.6295210166178
77.80715753600816,49.72761508702401,0.334716796875,0.51416015625,-0.78045654296875,0.12054443359375,1.8645161290322578,56.50048875855327,2.4,72.72727272727273
77.82721583498642,49.09991722998199,0.3388671875,0.50604248046875,-0.78369140625,0.12213134765625,1.8870967741935485,57.18475073313783,2.370967741935484,71.8475073313783
77.84726165299071,49.09991722998199,0.3388671875,0.50604248046875,-0.78369140625,0.12213134765625,1.8677419354838707,56.59824046920821,2.412903225806452,73.11827956989248
77.86732632000349,49.09991722998199,0.3388671875,0.50604248046875,-0.78369140625,0.12213134765625,1.8774193548387097,56.89149560117303,2.4,72.72727272727273
77.88739690699731,48.832720749311136,0.3406982421875,0.5018310546875,-0.7855224609375,0.12255859375,1.8806451612903226,56.98924731182796,2.432258064516129,73.70478983382209
77.90748614998301,48.832720749311136,0.3406982421875,0.5018310546875,-0.7855224609375,0.12255859375,1.9,57.57575757575758,2.4483870967741934,74.19354838709677
77.92752694399678,48.850791415902336,0.34075927734375,0.50421142578125,-0.78399658203125,0.1226806640625,1.8806451612903226,56.98924731182796,2.425806451612903,73.50928641251222
77.94759215498925,48.850791415902336,0.34075927734375,0.50421142578125,-0.78399658203125,0.1226806640625,1.8838709677419354,57.0869990224829,2.4387096774193546,73.90029325513197
77.96766075800406,48.850791415902336,0.34075927734375,0.50421142578125,-0.78399658203125,0.1226806640625,1.9,57.57575757575758,2.4483870967741934,74.19354838709677
77.98772840099991,49.222003384877844,0.33880615234375,0.50787353515625,-0.78271484375,0.120849609375,1.9064516129032258,57.77126099706745,2.458064516129032,74.48680351906158
78.00785339000868,49.222003384877844,0.33880615234375,0.50787353515625,-0.78271484375,0.120849609375,1.8709677419354838,56.695992179863154,2.4516129032258065,74.29130009775172
78.02793287299573,49.5320021735335,0.33563232421875,0.5096435546875,-0.78289794921875,0.12115478515625,1.9387096774193548,58.748778103616814,2.4774193548387093,75.07331378299119
78.04803338099737,49.5320021735335,0.33563232421875,0.5096435546875,-0.78289794921875,0.12115478515625,1.9580645161290322,59.33528836754643,2.467741935483871,74.7800586510264
78.06806754998979,49.5320021735335,0.33563232421875,0.5096435546875,-0.78289794921875,0.12115478515625,1.9483870967741934,59.04203323558163,2.5,75.75757575757575
78.08816636199481,49.445505585075715,0.333251953125,0.5087890625,-0.7838134765625,0.12554931640625,1.9580645161290322,59.33528836754643,2.5129032258064514,76.1485826001955
78.10824213299202,49.445505585075715,0.333251953125,0.5087890625,-0.7838134765625,0.12554931640625,1.961290322580645,59.43304007820137,2.5064516129032257,75.95307917888563
78.12831956899026,48.99729979677794,0.33380126953125,0.504150390625,-0.7857666015625,0.13043212890625,1.9774193548387096,59.92179863147605,2.4741935483870967,74.97556207233626
78.14836957899388,48.99729979677794,0.33380126953125,0.504150390625,-0.7857666015625,0.13043212890625,1.9870967741935484,60.215053763440864,2.525806451612903,76.53958944281524
78.16843094900833,48.99729979677794,0.33380126953125,0.504150390625,-0.7857666015625,0.13043212890625,2.0,60.60606060606061,2.5161290322580645,76.24633431085044
78.18850230399403,48.79728843485387,0.3355712890625,0.5009765625,-0.78704833984375,0.1302490234375,1.9903225806451612,60.312805474095796,2.5451612903225804,77.12609970674487
78.2086070360092,48.79728843485387,0.3355712890625,0.5009765625,-0.78704833984375,0.1302490234375,1.9870967741935484,60.215053763440864,2.52258064516129,76.44183773216031
78.22865877498407,48.98056789695752,0.338134765625,0.50347900390625,-0.7852783203125,0.1243896484375,2.009677419354839,60.899315738025415,2.5,75.75757575757575
78.2487556989945,48.98056789695752,0.338134765625,0.50347900390625,-0.7852783203125,0.1243896484375,1.9806451612903224,60.01955034213099,2.5387096774193547,76.93059628543499
78.26880666898796,48.98056789695752,0.338134765625,0.50347900390625,-0.7852783203125,0.1243896484375,1.9903225806451612,60.312805474095796,2.529032258064516,76.63734115347019
78.28888823199668,49.15769111075907,0.3414306640625,0.50836181640625,-0.78167724609375,0.11822509765625,1.9838709677419355,60.117302052785924,2.5483870967741935,77.2238514173998
78.30897337998613,49.15769111075907,0.3414306640625,0.50836181640625,-0.78167724609375,0.11822509765625,1.9838709677419355,60.117302052785924,2.5096774193548383,76.05083088954055
78.32902809398365,48.50313786942299,0.347900390625,0.509765625,-0.77777099609375,0.11907958984375,1.9903225806451612,60.312805474095796,2.5161290322580645,76.24633431085044
78.34909532099846,48.50313786942299,0.347900390625,0.509765625,-0.77777099609375,0.11907958984375,2.009677419354839,60.899315738025415,2.5129032258064514,76.1485826001955
78.36919730098452,48.50313786942299,0.347900390625,0.509765625,-0.77777099609375,0.11907958984375,1.996774193548387,60.50830889540567,2.5483870967741935,77.2238514173998
78.38924891100032,46.619307168458946,0.35791015625,0.50396728515625,-0.77508544921875,0.1309814453125,2.0354838709677416,61.6813294232649,2.5161290322580645,76.24633431085044
78.40930704999482,46.619307168458946,0.35791015625,0.50396728515625,-0.77508544921875,0.1309814453125,1.9870967741935484,60.215053763440864,2.525806451612903,76.53958944281524
78.42937053198693,45.55197768874832,0.36083984375,0.49566650390625,-0.77740478515625,0.14044189453125,2.0,60.60606060606061,2.5387096774193547,76.93059628543499
78.44944582300377,45.55197768874832,0.36083984375,0.49566650390625,-0.77740478515625,0.14044189453125,2.0064516129032257,60.80156402737048,2.525806451612903,76.53958944281524
78.46950792899588,45.55197768874832,0.36083984375,0.49566650390625,-0.77740478515625,0.14044189453125,1.9709677419354839,59.72629521016618,2.5387096774193547,76.93059628543499
78.48965790998773,45.42625832636487,0.3585205078125,0.4908447265625,-0.78082275390625,0.14459228515625,2.009677419354839,60.899315738025415,2.4741935483870967,74.97556207233626
78.50967287798994,45.42625832636487,0.3585205078125,0.4908447265625,-0.78082275390625,0.14459228515625,2.009677419354839,60.899315738025415,2.525806451612903,76.53958944281524
78.52972944799694,45.715000895925776,0.3544921875,0.490966796875,-0.78228759765625,0.146240234375,2.009677419354839,60.899315738025415,2.5354838709677416,76.83284457478005
78.5497930579877,45.715000895925776,0.3544921875,0.490966796875,-0.78228759765625,0.146240234375,2.009677419354839,60.899315738025415,2.5387096774193547,76.93059628543499
78.56990953400964,45.715000895925776,0.3544921875,0.490966796875,-0.78228759765625,0.146240234375,2.02258064516129,61.29032258064516,2.5,75.75757575757575
78.58997179899598,45.85492412117756,0.353759765625,0.4910888671875,-0.78265380859375,0.14532470703125,2.0161290322580645,61.09481915933529,2.5419354838709673,77.02834799608992
78.61001844899147,45.85492412117756,0.353759765625,0.4910888671875,-0.78265380859375,0.14532470703125,2.0161290322580645,61.09481915933529,2.564516129032258,77.71260997067448
78.63013617199613,45.56291125782147,0.35772705078125,0.48638916015625,-0.7843017578125,0.14288330078125,2.029032258064516,61.48582600195503,2.529032258064516,76.63734115347019
78.65017434200854,45.56291125782147,0.35772705078125,0.48638916015625,-0.7843017578125,0.14288330078125,2.0129032258064514,60.997067448680355,2.561290322580645,77.61485826001955
78.67027849701117,45.56291125782147,0.35772705078125,0.48638916015625,-0.7843017578125,0.14288330078125,2.0258064516129033,61.3880742913001,2.5129032258064514,76.1485826001955
78.69036761199823,45.040484697063214,0.3651123046875,0.4798583984375,-0.78564453125,0.13848876953125,2.0258064516129033,61.3880742913001,2.5419354838709673,77.02834799608992
78.7104930790083,45.040484697063214,0.3651123046875,0.4798583984375,-0.78564453125,0.13848876953125,2.041935483870968,61.87683284457478,2.529032258064516,76.63734115347019
78.73057889798656,44.169444255900615,0.376953125,0.47393798828125,-0.78466796875,0.13262939453125,2.0483870967741935,62.07233626588465,2.5419354838709673,77.02834799608992
78.75063463600236,44.169444255900615,0.376953125,0.47393798828125,-0.78466796875,0.13262939453125,2.0387096774193547,61.779081133919846,2.5419354838709673,77.02834799608992
78.77065696398495,44.169444255900615,0.376953125,0.47393798828125,-0.78466796875,0.13262939453125,2.061290322580645,62.4633431085044,2.525806451612903,76.53958944281524
78.79071436598315,43.84388843358518,0.3839111328125,0.469970703125,-0.78472900390625,0.12628173828125,2.0806451612903225,63.049853372434015,2.587096774193548,78.39687194525904
78.8107968569966,43.84388843358518,0.3839111328125,0.469970703125,-0.78472900390625,0.12628173828125,2.061290322580645,62.4633431085044,2.6032258064516127,78.88563049853371
78.83084088200121,44.01819788157086,0.38397216796875,0.46881103515625,-0.785888671875,0.123291015625,2.041935483870968,61.87683284457478,2.596774193548387,78.69012707722385
78.85096737398999,44.01819788157086,0.38397216796875,0.46881103515625,-0.785888671875,0.123291015625,2.061290322580645,62.4633431085044,2.5709677419354837,77.90811339198436
78.87102144700475,44.01819788157086,0.38397216796875,0.46881103515625,-0.785888671875,0.123291015625,2.051612903225806,62.17008797653958,2.616129032258064,79.27663734115346
78.891068256984,44.29579748498339,0.3798828125,0.470458984375,-0.7864990234375,0.1256103515625,2.0354838709677416,61.6813294232649,2.564516129032258,77.71260997067448
78.91116735601099,44.29579748498339,0.3798828125,0.470458984375,-0.7864990234375,0.1256103515625,2.0483870967741935,62.07233626588465,2.5806451612903225,78.20136852394917
78.93121150898514,44.55757716580667,0.3746337890625,0.47216796875,-0.78729248046875,0.1298828125,2.032258064516129,61.58357771260997,2.629032258064516,79.6676441837732
78.95130798401078,44.55757716580667,0.3746337890625,0.47216796875,-0.78729248046875,0.1298828125,2.0,60.60606060606061,2.5806451612903225,78.20136852394917
78.97135601000628,44.55757716580667,0.3746337890625,0.47216796875,-0.78729248046875,0.1298828125,2.0258064516129033,61.3880742913001,2.5741935483870964,78.00586510263928
78.9914154910075,44.3222799008202,0.3734130859375,0.47015380859375,-0.78826904296875,0.134765625,2.02258064516129,61.29032258064516,2.5354838709677416,76.83284457478005
79.01151212598779,44.3222799008202,0.3734130859375,0.47015380859375,-0.78826904296875,0.134765625,2.019354838709677,61.19257086999021,2.496774193548387,75.65982404692082
79.03157004000968,43.7741775401658,0.3780517578125,0.4671630859375,-0.78778076171875,0.13531494140625,2.02258064516129,61.29032258064516,2.5161290322580645,76.24633431085044
79.05166254698997,43.7741775401658,0.3780517578125,0.4671630859375,-0.78778076171875,0.13531494140625,2.0354838709677416,61.6813294232649,2.5129032258064514,76.1485826001955
79.07175822200952,43.7741775401658,0.3780517578125,0.4671630859375,-0.78778076171875,0.13531494140625,1.9580645161290322,59.33528836754643,2.5064516129032257,75.95307917888563
79.09183719198336,43.69399921761532,0.3818359375,0.46405029296875,-0.78857421875,0.13018798828125,1.9806451612903224,60.01955034213099,2.525806451612903,76.53958944281524
79.11188998600119,43.69399921761532,0.3818359375,0.46405029296875,-0.78857421875,0.13018798828125,1.9870967741935484,60.215053763440864,2.525806451612903,76.53958944281524
79.13196425201022,43.483604976188424,0.38720703125,0.46063232421875,-0.78887939453125,0.12445068359375,1.993548387096774,60.410557184750736,2.551612903225806,77.32160312805473
79.15204747900134,43.483604976188424,0.38720703125,0.46063232421875,-0.78887939453125,0.12445068359375,1.9903225806451612,60.312805474095796,2.5354838709677416,76.83284457478005
79.17211406500428,43.483604976188424,0.38720703125,0.46063232421875,-0.78887939453125,0.12445068359375,2.009677419354839,60.899315738025415,2.5354838709677416,76.83284457478005
79.19219677898218,43.2551196093813,0.3956298828125,0.45989990234375,-0.78656005859375,0.11517333984375,1.9806451612903224,60.01955034213099,2.5677419354838706,77.81036168132943
79.21227290199022,43.2551196093813,0.3956298828125,0.45989990234375,-0.78656005859375,0.11517333984375,2.029032258064516,61.48582600195503,2.5483870967741935,77.2238514173998
79.2323467519891,43.31584275356415,0.400390625,0.4591064453125,-0.7857666015625,0.10711669921875,1.9709677419354839,59.72629521016618,2.6032258064516127,78.88563049853371
79.25238530500792,43.31584275356415,0.400390625,0.4591064453125,-0.7857666015625,0.10711669921875,2.032258064516129,61.58357771260997,2.564516129032258,77.71260997067448
79.27244689900544,43.31584275356415,0.400390625,0.4591064453125,-0.7857666015625,0.10711669921875,1.996774193548387,60.50830889540567,2.587096774193548,78.39687194525904
79.29254884598777,43.79934374779393,0.3966064453125,0.45855712890625,-0.78826904296875,0.105224609375,2.032258064516129,61.58357771260997,2.593548387096774,78.59237536656892
79.31259216699982,43.79934374779393,0.3966064453125,0.45855712890625,-0.78826904296875,0.105224609375,2.032258064516129,61.58357771260997,2.6096774193548384,79.0811339198436
79.33266569799162,45.45548923986345,0.3824462890625,0.4642333984375,-0.792236328125,0.10284423828125,2.0354838709677416,61.6813294232649,2.6096774193548384,79.0811339198436
79.35272735499893,45.45548923986345,0.3824462890625,0.4642333984375,-0.792236328125,0.10284423828125,2.0129032258064514,60.997067448680355,2.654838709677419,80.4496578690127
79.37277493299916,45.45548923986345,0.3824462890625,0.4642333984375,-0.792236328125,0.10284423828125,2.0258064516129033,61.3880742913001,2.648387096774193,80.25415444770283
79.39284078299534,46.54457120778825,0.3677978515625,0.46917724609375,-0.79541015625,0.10943603515625,2.0258064516129033,61.3880742913001,2.654838709677419,80.4496578690127
79.41290061699692,46.54457120778825,0.3677978515625,0.46917724609375,-0.79541015625,0.10943603515625,2.0064516129032257,60.80156402737048,2.6419354838709674,80.05865102639295
79.4330170280009,47.15159602715364,0.35382080078125,0.47430419921875,-0.79681396484375,0.12249755859375,2.009677419354839,60.899315738025415,2.648387096774193,80.25415444770283
79.45306159698521,47.15159602715364,0.35382080078125,0.47430419921875,-0.79681396484375,0.12249755859375,2.0129032258064514,60.997067448680355,2.6387096774193544,79.960899315738
79.47318946398445,47.15159602715364,0.35382080078125,0.47430419921875,-0.79681396484375,0.12249755859375,1.9903225806451612,60.312805474095796,2.6354838709677417,79.86314760508309
79.49320209599682,47.545714639088615,0.34136962890625,0.47906494140625,-0.79705810546875,0.13653564453125,2.0064516129032257,60.80156402737048,2.6354838709677417,79.86314760508309
79.51329808999435,47.545714639088615,0.34136962890625,0.47906494140625,-0.79705810546875,0.13653564453125,2.02258064516129,61.29032258064516,2.62258064516129,79.47214076246333
79.53333612999995,47.23642658558121,0.339599609375,0.48089599609375,-0.79534912109375,0.144287109375,2.0,60.60606060606061,2.625806451612903,79.56989247311827
79.55339545098832,47.23642658558121,0.339599609375,0.48089599609375,-0.79534912109375,0.144287109375,2.0,60.60606060606061,2.616129032258064,79.27663734115346
79.57346088500344,47.23642658558121,0.339599609375,0.48089599609375,-0.79534912109375,0.144287109375,1.993548387096774,60.410557184750736,2.6193548387096772,79.37438905180841
79.59352314998978,46.573763093013014,0.34765625,0.47711181640625,-0.79473876953125,0.14129638671875,1.9838709677419355,60.117302052785924,2.6129032258064515,79.17888563049853
79.6136877219833,46.573763093013014,0.34765625,0.47711181640625,-0.79473876953125,0.14129638671875,1.9903225806451612,60.312805474095796,2.648387096774193,80.25415444770283
79.63366131199291,46.700947385204834,0.35174560546875,0.4747314453125,-0.7957763671875,0.1326904296875,2.009677419354839,60.899315738025415,2.6064516129032254,78.98338220918865
79.65371752899955,46.700947385204834,0.35174560546875,0.4747314453125,-0.7957763671875,0.1326904296875,2.0064516129032257,60.80156402737048,2.6032258064516127,78.88563049853371
79.67379288299708,46.700947385204834,0.35174560546875,0.4747314453125,-0.7957763671875,0.1326904296875,2.0,60.60606060606061,2.629032258064516,79.6676441837732
79.69384042700403,47.20380148660722,0.3487548828125,0.47686767578125,-0.7962646484375,0.1300048828125,1.996774193548387,60.50830889540567,2.629032258064516,79.6676441837732
79.71390691699344,47.20380148660722,0.3487548828125,0.47686767578125,-0.7962646484375,0.1300048828125,1.9870967741935484,60.215053763440864,2.625806451612903,79.56989247311827
79.73396415798925,47.29973635075559,0.34649658203125,0.479248046875,-0.79541015625,0.1324462890625,1.993548387096774,60.410557184750736,2.661290322580645,80.64516129032258
79.75402296698303,47.29973635075559,0.34649658203125,0.479248046875,-0.79541015625,0.1324462890625,1.9709677419354839,59.72629521016618,2.5774193548387094,78.10361681329422
79.77408382398426,47.29973635075559,0.34649658203125,0.479248046875,-0.79541015625,0.1324462890625,1.9580645161290322,59.33528836754643,2.6064516129032254,78.98338220918865
79.79415223299293,47.517305624910655,0.3427734375,0.48114013671875,-0.79547119140625,0.1351318359375,1.964516129032258,59.530791788856305,2.62258064516129,79.47214076246333
79.81421037000837,47.517305624910655,0.3427734375,0.48114013671875,-0.79547119140625,0.1351318359375,1.964516129032258,59.530791788856305,2.616129032258064,79.27663734115346
79.83429026699741,47.70586281313279,0.33941650390625,0.48095703125,-0.796630859375,0.13739013671875,1.9387096774193548,58.748778103616814,2.6064516129032254,78.98338220918865
79.85433608398307,47.70586281313279,0.33941650390625,0.48095703125,-0.796630859375,0.13739013671875,1.9483870967741934,59.04203323558163,2.5999999999999996,78.78787878787878
79.87448702400434,47.70586281313279,0.33941650390625,0.48095703125,-0.796630859375,0.13739013671875,1.9483870967741934,59.04203323558163,2.6032258064516127,78.88563049853371
79.89452896799776,47.470014696848594,0.3402099609375,0.47998046875,-0.79644775390625,0.1396484375,1.9774193548387096,59.92179863147605,2.593548387096774,78.59237536656892
79.91457251299289,47.470014696848594,0.3402099609375,0.47998046875,-0.79644775390625,0.1396484375,1.964516129032258,59.530791788856305,2.6129032258064515,79.17888563049853
79.934667642985,46.85979322818564,0.3443603515625,0.4755859375,-0.79693603515625,0.141845703125,1.932258064516129,58.55327468230694,2.596774193548387,78.69012707722385
79.95471016300144,46.85979322818564,0.3443603515625,0.4755859375,-0.79693603515625,0.141845703125,1.9580645161290322,59.33528836754643,2.596774193548387,78.69012707722385
79.97476740399725,46.85979322818564,0.3443603515625,0.4755859375,-0.79693603515625,0.141845703125,1.9483870967741934,59.04203323558163,2.596774193548387,78.69012707722385
79.99483085400425,46.536854040094916,0.34759521484375,0.47210693359375,-0.79766845703125,0.1412353515625,1.9870967741935484,60.215053763440864,2.5774193548387094,78.10361681329422
80.01489171100548,46.536854040094916,0.34759521484375,0.47210693359375,-0.79766845703125,0.1412353515625,1.9064516129032258,57.77126099706745,2.587096774193548,78.39687194525904
80.03501077700639,46.94526444043369,0.34490966796875,0.47265625,-0.79888916015625,0.13922119140625,1.9451612903225806,58.94428152492669,2.6032258064516127,78.88563049853371
80.05507803498767,46.94526444043369,0.34490966796875,0.47265625,-0.79888916015625,0.13922119140625,1.8935483870967742,57.380254154447705,2.5677419354838706,77.81036168132943
80.07515447598416,46.94526444043369,0.34490966796875,0.47265625,-0.79888916015625,0.13922119140625,1.932258064516129,58.55327468230694,2.554838709677419,77.41935483870968
80.09521270898404,47.89886633679988,0.33599853515625,0.476806640625,-0.80029296875,0.13909912109375,1.896774193548387,57.478005865102645,2.558064516129032,77.5171065493646
80.11537603399483,47.89886633679988,0.33599853515625,0.476806640625,-0.80029296875,0.13909912109375,1.903225806451613,57.67350928641252,2.5354838709677416,76.83284457478005
80.13536744800513,49.259100390202285,0.322265625,0.48187255859375,-0.80267333984375,0.140380859375,1.8838709677419354,57.0869990224829,2.519354838709677,76.34408602150538
80.15541752098943,49.259100390202285,0.322265625,0.48187255859375,-0.80267333984375,0.140380859375,1.8870967741935485,57.18475073313783,2.5387096774193547,76.93059628543499
80.17551764298696,49.259100390202285,0.322265625,0.48187255859375,-0.80267333984375,0.140380859375,1.8935483870967742,57.380254154447705,2.5161290322580645,76.24633431085044
80.195605668996,50.12376795296655,0.31219482421875,0.4853515625,-0.80401611328125,0.143310546875,1.8709677419354838,56.695992179863154,2.525806451612903,76.53958944281524
80.21564918200602,50.12376795296655,0.31219482421875,0.4853515625,-0.80401611328125,0.143310546875,1.903225806451613,57.67350928641252,2.5354838709677416,76.83284457478005
80.23570063099032,50.360499569500135,0.3101806640625,0.48785400390625,-0.8033447265625,0.14306640625,1.9387096774193548,58.748778103616814,2.5129032258064514,76.1485826001955
80.25583857798483,50.360499569500135,0.3101806640625,0.48785400390625,-0.8033447265625,0.14306640625,1.9580645161290322,59.33528836754643,2.554838709677419,77.41935483870968
80.27587633000803,50.360499569500135,0.3101806640625,0.48785400390625,-0.8033447265625,0.14306640625,1.8935483870967742,57.380254154447705,2.558064516129032,77.5171065493646
80.29593056300655,51.0962352905963,0.3065185546875,0.4893798828125,-0.8046875,0.13763427734375,1.9064516129032258,57.77126099706745,2.532258064516129,76.73509286412512
80.31603347000782,51.0962352905963,0.3065185546875,0.4893798828125,-0.8046875,0.13763427734375,1.9129032258064516,57.96676441837732,2.551612903225806,77.32160312805473
80.33607362199109,51.692072717428665,0.302978515625,0.49163818359375,-0.8052978515625,0.1341552734375,1.896774193548387,57.478005865102645,2.5774193548387094,78.10361681329422
80.3561989289883,51.692072717428665,0.302978515625,0.49163818359375,-0.8052978515625,0.1341552734375,1.8806451612903226,56.98924731182796,2.5419354838709673,77.02834799608992
80.3762818989926,51.692072717428665,0.302978515625,0.49163818359375,-0.8052978515625,0.1341552734375,1.9064516129032258,57.77126099706745,2.5129032258064514,76.1485826001955
80.39630752298399,52.528036133927344,0.29766845703125,0.496826171875,-0.8048095703125,0.13006591796875,1.861290322580645,56.402737047898334,2.4741935483870967,74.97556207233626
80.41635641100584,52.528036133927344,0.29766845703125,0.496826171875,-0.8048095703125,0.13006591796875,1.8806451612903226,56.98924731182796,2.4806451612903224,75.17106549364614
80.43646914200508,54.319987927491546,0.28662109375,0.50347900390625,-0.80615234375,0.12030029296875,1.8419354838709676,55.816226783968716,2.4838709677419355,75.26881720430107
80.45650590199511,54.319987927491546,0.28662109375,0.50347900390625,-0.80615234375,0.12030029296875,1.8225806451612903,55.229716520039105,2.425806451612903,73.50928641251222
80.47656995800207,54.319987927491546,0.28662109375,0.50347900390625,-0.80615234375,0.12030029296875,1.8032258064516127,54.64320625610948,2.3483870967741938,71.16324535679375
80.49672320100944,56.87310137245893,0.271240234375,0.5111083984375,-0.80877685546875,0.10540771484375,1.8064516129032258,54.74095796676443,2.325806451612903,70.4789833822092
80.51673932000995,56.87310137245893,0.271240234375,0.5111083984375,-0.80877685546875,0.10540771484375,1.7741935483870968,53.76344086021506,2.2838709677419358,69.20821114369502
80.53679505598848,59.19155490721411,0.2564697265625,0.51922607421875,-0.8099365234375,0.0931396484375,1.7870967741935482,54.154447702834794,2.1870967741935483,66.27565982404691
80.55690474598669,59.19155490721411,0.2564697265625,0.51922607421875,-0.8099365234375,0.0931396484375,1.796774193548387,54.44770283479961,2.1645161290322577,65.59139784946235
80.57694294600515,59.19155490721411,0.2564697265625,0.51922607421875,-0.8099365234375,0.0931396484375,1.7709677419354837,53.665689149560116,2.1999999999999997,66.66666666666666
80.59699938600534,61.06943904469442,0.24359130859375,0.5274658203125,-0.80950927734375,0.084716796875,1.7387096774193547,52.68817204301075,2.1419354838709674,64.90713587487781
80.6170651059947,61.06943904469442,0.24359130859375,0.5274658203125,-0.80950927734375,0.084716796875,1.7419354838709677,52.785923753665685,2.158064516129032,65.39589442815249
80.63714397899457,62.58984854482021,0.23052978515625,0.53411865234375,-0.80926513671875,0.0816650390625,1.7387096774193547,52.68817204301075,2.1516129032258062,65.20039100684262
80.65728656598367,62.58984854482021,0.23052978515625,0.53411865234375,-0.80926513671875,0.0816650390625,1.729032258064516,52.39491691104594,2.0903225806451613,63.34310850439883
80.67729484499432,62.58984854482021,0.23052978515625,0.53411865234375,-0.80926513671875,0.0816650390625,1.729032258064516,52.39491691104594,2.0354838709677416,61.6813294232649
80.69741275900742,64.30694407914864,0.21685791015625,0.53826904296875,-0.81085205078125,0.0760498046875,1.7032258064516128,51.61290322580645,2.0806451612903225,63.049853372434015
80.71752641699277,64.30694407914864,0.21685791015625,0.53826904296875,-0.81085205078125,0.0760498046875,1.7,51.515151515151516,1.996774193548387,60.50830889540567
80.73769722800353,66.31251951166462,0.2030029296875,0.54180908203125,-0.81292724609375,0.066162109375,1.635483870967742,49.56011730205279,1.9064516129032258,57.77126099706745
80.75773488398409,66.31251951166462,0.2030029296875,0.54180908203125,-0.81292724609375,0.066162109375,1.590322580645161,48.19159335288367,1.8354838709677417,55.62072336265884
80.77780591600458,66.31251951166462,0.2030029296875,0.54180908203125,-0.81292724609375,0.066162109375,1.5999999999999999,48.484848484848484,1.793548387096774,54.34995112414467
80.7978077630105,68.2798250643454,0.1907958984375,0.547119140625,-0.81317138671875,0.05462646484375,1.6032258064516127,48.58260019550342,1.7548387096774192,53.17693059628543
80.81787252301001,68.2798250643454,0.1907958984375,0.547119140625,-0.81317138671875,0.05462646484375,1.5806451612903225,47.898338220918866,1.6258064516129032,49.266862170087975
80.83794784400379,69.92147683121787,0.18084716796875,0.55267333984375,-0.812255859375,0.0447998046875,1.5870967741935482,48.09384164222873,1.7,51.515151515151516
80.8580210210057,69.92147683121787,0.18084716796875,0.55267333984375,-0.812255859375,0.0447998046875,1.5709677419354837,47.60508308895405,1.6516129032258065,50.048875855327466
80.87804821200552,69.92147683121787,0.18084716796875,0.55267333984375,-0.812255859375,0.0447998046875,1.5709677419354837,47.60508308895405,1.6258064516129032,49.266862170087975
80.89812510099728,71.39861939803882,0.17205810546875,0.5577392578125,-0.81121826171875,0.03570556640625,1.5806451612903225,47.898338220918866,1.5451612903225804,46.82306940371456
80.91816733198357,71.39861939803882,0.17205810546875,0.5577392578125,-0.81121826171875,0.03570556640625,1.5516129032258064,47.018572825024435,1.467741935483871,44.4770283479961
80.93823862099089,72.75622893788228,0.16326904296875,0.5616455078125,-0.81060791015625,0.02825927734375,1.5387096774193547,46.62756598240469,1.3161290322580643,39.882697947214076
80.95834232599009,72.75622893788228,0.16326904296875,0.5616455078125,-0.81060791015625,0.02825927734375,1.5419354838709676,46.72531769305962,1.2032258064516128,36.4613880742913
80.9784695529961,72.75622893788228,0.16326904296875,0.5616455078125,-0.81060791015625,0.02825927734375,1.5354838709677419,46.52981427174975,1.2483870967741935,37.82991202346041
80.99849328800337,73.89080726208685,0.156005859375,0.564208984375,-0.81048583984375,0.02178955078125,1.5387096774193547,46.62756598240469,1.1548387096774193,34.99511241446726
81.01854038398596,73.89080726208685,0.156005859375,0.564208984375,-0.81048583984375,0.02178955078125,1.5225806451612902,46.138807429130004,1.0516129032258064,31.867057673509287
81.03862741700141,74.75016725151677,0.150390625,0.56561279296875,-0.8106689453125,0.0169677734375,1.5161290322580645,45.94330400782014,1.1064516129032256,33.5288367546432
81.05866014398634,74.75016725151677,0.150390625,0.56561279296875,-0.8106689453125,0.0169677734375,1.525806451612903,46.236559139784944,1.0451612903225806,31.671554252199414
81.07871562399669,74.75016725151677,0.150390625,0.56561279296875,-0.8106689453125,0.0169677734375,1.5161290322580645,45.94330400782014,1.0516129032258064,31.867057673509287
81.09877878500265,75.47634508822887,0.14605712890625,0.5665283203125,-0.8109130859375,0.01226806640625,1.5387096774193547,46.62756598240469,1.1419354838709679,34.60410557184751
81.11886495398358,75.47634508822887,0.14605712890625,0.5665283203125,-0.8109130859375,0.01226806640625,1.525806451612903,46.236559139784944,1.0774193548387097,32.64907135874878
81.13891688198783,75.98162064829614,0.14422607421875,0.5670166015625,-0.81097412109375,0.00732421875,1.525806451612903,46.236559139784944,1.0999999999999999,33.33333333333333
81.15897159400629,75.98162064829614,0.14422607421875,0.5670166015625,-0.81097412109375,0.00732421875,1.529032258064516,46.33431085043988,1.1161290322580644,33.822091886608014
81.17903885000851,75.98162064829614,0.14422607421875,0.5670166015625,-0.81097412109375,0.00732421875,1.5354838709677419,46.52981427174975,1.1161290322580644,33.822091886608014
81.19909487399855,76.1784486962495,0.145263671875,0.568359375,-0.80987548828125,0.003173828125,1.5451612903225804,46.82306940371456,1.1096774193548387,33.62658846529814
81.21915665900451,76.1784486962495,0.145263671875,0.568359375,-0.80987548828125,0.003173828125,1.5516129032258064,47.018572825024435,1.1612903225806452,35.19061583577713
81.23923095499049,76.36378074247087,-0.146484375,-0.5706787109375,0.80804443359375,0.0008544921875,1.5548387096774192,47.11632453567937,1.1548387096774193,34.99511241446726
81.25928454700625,76.36378074247087,-0.146484375,-0.5706787109375,0.80804443359375,0.0008544921875,1.5677419354838709,47.507331378299114,1.1419354838709679,34.60410557184751
81.27935148400138,76.36378074247087,-0.146484375,-0.5706787109375,0.80804443359375,0.0008544921875,1.5129032258064514,45.8455522971652,1.0838709677419354,32.84457478005865
81.29941064398736,76.57674642798185,-0.14666748046875,-0.57257080078125,0.806640625,0.00390625,1.5193548387096774,46.04105571847507,1.0451612903225806,31.671554252199414
81.31947137200041,76.57674642798185,-0.14666748046875,-0.57257080078125,0.806640625,0.00390625,1.529032258064516,46.33431085043988,1.096774193548387,33.235581622678396
81.3395344360033,76.79368196736013,-0.14654541015625,-0.5740966796875,0.8055419921875,0.00665283203125,1.525806451612903,46.236559139784944,1.1870967741935483,35.97262952101662
81.35959670098964,76.79368196736013,-0.14654541015625,-0.5740966796875,0.8055419921875,0.00665283203125,1.5387096774193547,46.62756598240469,1.2516129032258063,37.92766373411535
81.37967435800238,76.79368196736013,-0.14654541015625,-0.5740966796875,0.8055419921875,0.00665283203125,1.5387096774193547,46.62756598240469,1.206451612903226,36.55913978494624
81.39973511800054,76.96538882098315,-0.14678955078125,-0.57562255859375,0.80438232421875,0.00921630859375,1.5451612903225804,46.82306940371456,1.232258064516129,37.34115347018573
81.41986672798521,76.96538882098315,-0.14678955078125,-0.57562255859375,0.80438232421875,0.00921630859375,1.596774193548387,48.38709677419355,1.1870967741935483,35.97262952101662
81.43992800099659,76.83782138813419,-0.14862060546875,-0.5770263671875,0.80303955078125,0.009521484375,1.6516129032258065,50.048875855327466,1.1193548387096772,33.91984359726295
81.45996229498996,76.83782138813419,-0.14862060546875,-0.5770263671875,0.80303955078125,0.009521484375,1.6870967741935483,51.12414467253177,1.132258064516129,34.3108504398827
81.48001492698677,76.83782138813419,-0.14862060546875,-0.5770263671875,0.80303955078125,0.009521484375,1.7,51.515151515151516,1.2741935483870968,38.6119257086999
81.50007882199134,76.52361985000132,-0.15252685546875,-0.5767822265625,0.802490234375,0.01019287109375,1.764516129032258,53.47018572825024,1.3741935483870966,41.64222873900293
81.52014905400574,76.52361985000132,-0.15252685546875,-0.5767822265625,0.802490234375,0.01019287109375,1.7677419354838708,53.567937438905176,1.396774193548387,42.32649071358749
81.5402013649873,75.93593671315017,-0.15960693359375,-0.5740966796875,0.802978515625,0.0115966796875,1.7774193548387096,53.86119257086999,1.5451612903225804,46.82306940371456
81.56026682900847,75.93593671315017,-0.15960693359375,-0.5740966796875,0.802978515625,0.0115966796875,1.8161290322580643,55.034213098729225,1.5677419354838709,47.507331378299114
81.58032435600762,75.93593671315017,-0.15960693359375,-0.5740966796875,0.802978515625,0.0115966796875,1.8483870967741933,56.01173020527859,1.596774193548387,48.38709677419355
81.60039557999698,74.85088138645294,-0.172119140625,-0.56854248046875,0.8043212890625,0.013671875,1.8548387096774193,56.20723362658847,1.6258064516129032,49.266862170087975
81.6204538430029,74.85088138645294,-0.172119140625,-0.56854248046875,0.8043212890625,0.013671875,1.8677419354838707,56.59824046920821,1.664516129032258,50.43988269794721
81.64051722700242,73.80958417274933,-0.18695068359375,-0.56195068359375,0.8055419921875,0.0198974609375,1.8741935483870966,56.79374389051808,1.6258064516129032,49.266862170087975
81.66063510798267,73.80958417274933,-0.18695068359375,-0.56195068359375,0.8055419921875,0.0198974609375,1.8161290322580643,55.034213098729225,1.6129032258064515,48.87585532746823
81.6807106199849,73.80958417274933,-0.18695068359375,-0.56195068359375,0.8055419921875,0.0198974609375,1.8419354838709676,55.816226783968716,1.4838709677419355,44.965786901270775
81.70074840300367,72.8870125853853,-0.20220947265625,-0.554443359375,0.8067626953125,0.02886962890625,1.7774193548387096,53.86119257086999,1.4,42.42424242424242
81.72085754800355,72.8870125853853,-0.20220947265625,-0.554443359375,0.8067626953125,0.02886962890625,1.7774193548387096,53.86119257086999,1.2387096774193547,37.536656891495596
81.740898819,72.05376733146663,-0.21759033203125,-0.54547119140625,0.80841064453125,0.0400390625,1.764516129032258,53.47018572825024,1.1806451612903226,35.77712609970675
81.76095541799441,72.05376733146663,-0.21759033203125,-0.54547119140625,0.80841064453125,0.0400390625,1.7741935483870968,53.76344086021506,1.090322580645161,33.040078201368516
81.78113701299299,72.05376733146663,-0.21759033203125,-0.54547119140625,0.80841064453125,0.0400390625,1.732258064516129,52.49266862170088,0.7741935483870968,23.46041055718475
81.80122180600301,71.81868287393338,-0.2281494140625,-0.53863525390625,0.809326171875,0.05316162109375,1.6774193548387097,50.83088954056696,0.4612903225806451,13.978494623655912
81.82125747599639,71.81868287393338,-0.2281494140625,-0.53863525390625,0.809326171875,0.05316162109375,1.632258064516129,49.462365591397855,0.37741935483870964,11.436950146627565
81.84131349998643,72.32921892097174,-0.23187255859375,-0.537353515625,0.80816650390625,0.0662841796875,1.5999999999999999,48.484848484848484,0.3354838709677419,10.166177908113392
81.86135934700724,72.32921892097174,-0.23187255859375,-0.537353515625,0.80816650390625,0.0662841796875,1.5483870967741935,46.9208211143695,0.24193548387096775,7.331378299120235
81.88144705098239,72.32921892097174,-0.23187255859375,-0.537353515625,0.80816650390625,0.0662841796875,1.5516129032258064,47.018572825024435,0.0,0.0
81.90154662801069,73.51320137323312,-0.23077392578125,-0.5384521484375,0.8062744140625,0.08203125,1.5548387096774192,47.11632453567937,0.0,0.0
81.92162261999329,73.51320137323312,-0.23077392578125,-0.5384521484375,0.8062744140625,0.08203125,1.5225806451612902,46.138807429130004,0.0,0.0
81.9416528820002,74.56070344626508,-0.23150634765625,-0.53790283203125,0.8045654296875,0.09881591796875,1.5387096774193547,46.62756598240469,0.009677419354838708,0.29325513196480935
81.9617131940031,74.56070344626508,-0.23150634765625,-0.53790283203125,0.8045654296875,0.09881591796875,1.496774193548387,45.35679374389051,0.0,0.0
81.981780512986,74.56070344626508,-0.23150634765625,-0.53790283203125,0.8045654296875,0.09881591796875,1.467741935483871,44.4770283479961,0.0,0.0
82.00184287299635,75.51124226994547,-0.23388671875,-0.54022216796875,0.8001708984375,0.1148681640625,1.4806451612903224,44.868035190615835,0.0,0.0
82.0219094560016,75.51124226994547,-0.23388671875,-0.54022216796875,0.8001708984375,0.1148681640625,1.464516129032258,44.37927663734115,0.0,0.0
82.04197703200043,76.27153291843902,-0.2357177734375,-0.545166015625,0.79461669921875,0.12591552734375,1.4419354838709677,43.6950146627566,0.0,0.0
82.06204255999182,76.27153291843902,-0.2357177734375,-0.545166015625,0.79461669921875,0.12591552734375,1.4806451612903224,44.868035190615835,0.0,0.0
82.08210667900858,76.27153291843902,-0.2357177734375,-0.545166015625,0.79461669921875,0.12591552734375,1.4838709677419355,44.965786901270775,0.0,0.0
82.10217060698778,76.38021761156877,-0.235595703125,-0.54840087890625,0.79241943359375,0.125732421875,1.5161290322580645,45.94330400782014,0.0,0.0
82.12223703000927,76.38021761156877,-0.235595703125,-0.54840087890625,0.79241943359375,0.125732421875,1.493548387096774,45.25904203323558,0.0,0.0
82.14238480100175,76.85830364159992,-0.23199462890625,-0.5465087890625,0.79425048828125,0.129150390625,1.5354838709677419,46.52981427174975,0.0,0.0
82.1624101990019,76.85830364159992,-0.23199462890625,-0.5465087890625,0.79425048828125,0.129150390625,1.5451612903225804,46.82306940371456,0.0,0.0
82.18248244700953,76.85830364159992,-0.23199462890625,-0.5465087890625,0.79425048828125,0.129150390625,1.5451612903225804,46.82306940371456,0.0,0.0
82.20254038998974,77.20738017858108,-0.22845458984375,-0.54315185546875,0.79718017578125,0.1314697265625,1.6032258064516127,48.58260019550342,0.0,0.0
82.22261346998857,77.20738017858108,-0.22845458984375,-0.54315185546875,0.79718017578125,0.1314697265625,1.593548387096774,48.289345063538605,0.0,0.0
82.24266936499043,77.0871449714723,-0.2261962890625,-0.5345458984375,0.80364990234375,0.13104248046875,1.5999999999999999,48.484848484848484,0.0,0.0
82.26279179099947,77.0871449714723,-0.2261962890625,-0.5345458984375,0.80364990234375,0.13104248046875,1.5999999999999999,48.484848484848484,0.0,0.0
82.28287075899425,77.0871449714723,-0.2261962890625,-0.5345458984375,0.80364990234375,0.13104248046875,1.590322580645161,48.19159335288367,0.0,0.0
82.30291849400965,77.38782156737645,-0.22283935546875,-0.5316162109375,0.80633544921875,0.13262939453125,1.6032258064516127,48.58260019550342,0.0,0.0
82.32298587801051,77.38782156737645,-0.22283935546875,-0.5316162109375,0.80633544921875,0.13262939453125,1.6419354838709677,49.75562072336266,0.0,0.0
82.34308756599785,77.20656114181271,-0.221923828125,-0.529296875,0.80853271484375,0.12982177734375,1.6096774193548384,48.77810361681329,0.0,0.0
82.36316387800616,77.20656114181271,-0.221923828125,-0.529296875,0.80853271484375,0.12982177734375,1.6290322580645162,49.36461388074292,0.0,0.0
82.3832114530087,77.20656114181271,-0.221923828125,-0.529296875,0.80853271484375,0.12982177734375,1.6483870967741936,49.95112414467254,0.3064516129032258,9.286412512218964
82.40329384600045,76.9663896149751,-0.22210693359375,-0.52685546875,0.8104248046875,0.12762451171875,1.635483870967742,49.56011730205279,0.35806451612903223,10.850439882697946
82.42335210900637,76.9663896149751,-0.22210693359375,-0.52685546875,0.8104248046875,0.12762451171875,1.6258064516129032,49.266862170087975,0.36774193548387096,11.143695014662756
82.44340675600688,76.93160526595994,-0.22161865234375,-0.52593994140625,0.811279296875,0.12689208984375,1.6258064516129032,49.266862170087975,0.36129032258064514,10.948191593352883
82.46351215598406,76.93160526595994,-0.22161865234375,-0.52593994140625,0.811279296875,0.12689208984375,1.6258064516129032,49.266862170087975,0.36774193548387096,11.143695014662756
82.48357390699675,76.93160526595994,-0.22161865234375,-0.52593994140625,0.811279296875,0.12689208984375,1.6387096774193548,49.65786901270772,0.36774193548387096,11.143695014662756
82.50363120998372,77.11179666096669,-0.220947265625,-0.5269775390625,0.81060791015625,0.12823486328125,1.632258064516129,49.462365591397855,0.3709677419354839,11.241446725317694
82.52369670500048,77.11179666096669,-0.220947265625,-0.5269775390625,0.81060791015625,0.12823486328125,1.62258064516129,49.169110459433035,0.36774193548387096,11.143695014662756
82.54377957599354,77.59382470218189,-0.220458984375,-0.5296630859375,0.80810546875,0.133544921875,1.6129032258064515,48.87585532746823,0.5064516129032258,15.347018572825025
82.5638686879829,77.59382470218189,-0.220458984375,-0.5296630859375,0.80810546875,0.133544921875,1.6096774193548384,48.77810361681329,0.6096774193548387,18.475073313782993
82.58390999000403,77.59382470218189,-0.220458984375,-0.5296630859375,0.80810546875,0.133544921875,1.6290322580645162,49.36461388074292,0.5451612903225805,16.520039100684258
82.60399558098288,78.10506289666777,-0.2200927734375,-0.5308837890625,0.8062744140625,0.14013671875,1.5709677419354837,47.60508308895405,0.567741935483871,17.20430107526882
82.62404229099047,78.10506289666777,-0.2200927734375,-0.5308837890625,0.8062744140625,0.14013671875,1.596774193548387,48.38709677419355,0.7096774193548387,21.505376344086024
82.64417943599983,78.7441883853702,-0.21826171875,-0.5303955078125,0.8057861328125,0.1475830078125,1.6129032258064515,48.87585532746823,0.6129032258064516,18.57282502443793
82.66426022798987,78.7441883853702,-0.21826171875,-0.5303955078125,0.8057861328125,0.1475830078125,1.5741935483870966,47.702834799608986,0.8032258064516128,24.340175953079175
82.68431708199205,78.7441883853702,-0.21826171875,-0.5303955078125,0.8057861328125,0.1475830078125,1.5709677419354837,47.60508308895405,0.8999999999999999,27.27272727272727
82.70438526500948,79.5999889482027,-0.21453857421875,-0.53070068359375,0.80511474609375,0.1553955078125,1.5709677419354837,47.60508308895405,0.9354838709677419,28.347996089931577
82.72444468000322,79.5999889482027,-0.21453857421875,-0.53070068359375,0.80511474609375,0.1553955078125,1.5451612903225804,46.82306940371456,0.832258064516129,25.219941348973606
82.74450310200336,80.30509543862598,-0.2108154296875,-0.53125,0.8046875,0.16082763671875,1.5451612903225804,46.82306940371456,0.7838709677419354,23.753665689149557
82.76460869499715,80.30509543862598,-0.2108154296875,-0.53125,0.8046875,0.16082763671875,1.5806451612903225,47.898338220918866,0.8193548387096774,24.82893450635386
82.78465038098511,80.30509543862598,-0.2108154296875,-0.53125,0.8046875,0.16082763671875,1.596774193548387,48.38709677419355,0.8161290322580645,24.731182795698928
82.80471488300827,80.68023593296557,-0.2098388671875,-0.533203125,0.80291748046875,0.16412353515625,1.635483870967742,49.56011730205279,0.8612903225806451,26.099706744868033
82.8247800579993,80.68023593296557,-0.2098388671875,-0.533203125,0.80291748046875,0.16412353515625,1.632258064516129,49.462365591397855,0.8225806451612904,24.9266862170088
82.8448478890059,80.99246242041558,-0.20806884765625,-0.5330810546875,0.802978515625,0.16656494140625,1.6387096774193548,49.65786901270772,0.6838709677419353,20.723362658846526
82.86495245699189,80.99246242041558,-0.20806884765625,-0.5330810546875,0.802978515625,0.16656494140625,1.6419354838709677,49.75562072336266,0.6967741935483871,21.114369501466275
82.88501190399984,80.99246242041558,-0.20806884765625,-0.5330810546875,0.802978515625,0.16656494140625,1.6451612903225807,49.8533724340176,0.6806451612903225,20.625610948191593
82.90508488699561,81.37276265178579,-0.2059326171875,-0.53192138671875,0.8035888671875,0.17010498046875,1.6451612903225807,49.8533724340176,0.6258064516129032,18.963831867057674
82.92513946900726,81.37276265178579,-0.2059326171875,-0.53192138671875,0.8035888671875,0.17010498046875,1.6516129032258065,50.048875855327466,0.6129032258064516,18.57282502443793
82.94522029298241,81.47067638330093,-0.20672607421875,-0.53192138671875,0.8028564453125,0.172607421875,1.6580645161290322,50.24437927663734,0.7129032258064516,21.603128054740957
82.96527161099948,81.47067638330093,-0.20672607421875,-0.53192138671875,0.8028564453125,0.172607421875,1.6709677419354838,50.635386119257085,0.6903225806451613,20.918866080156402
82.98533774600946,81.47067638330093,-0.20672607421875,-0.53192138671875,0.8028564453125,0.172607421875,1.6612903225806452,50.34213098729228,0.8096774193548386,24.535679374389048
83.00543680999544,81.29767299347232,-0.21087646484375,-0.53533935546875,0.79925537109375,0.17352294921875,1.6516129032258065,50.048875855327466,0.8548387096774194,25.90420332355816
83.02547705598408,81.29767299347232,-0.21087646484375,-0.53533935546875,0.79925537109375,0.17352294921875,1.664516129032258,50.43988269794721,0.8387096774193549,25.41544477028348
83.04554210300557,81.0856623703209,-0.21478271484375,-0.53814697265625,0.7962646484375,0.173828125,1.6516129032258065,50.048875855327466,0.7548387096774193,22.87390029325513
83.06562225398375,81.0856623703209,-0.21478271484375,-0.53814697265625,0.7962646484375,0.173828125,1.6580645161290322,50.24437927663734,0.8483870967741935,25.708699902248288
83.08567782898899,81.0856623703209,-0.21478271484375,-0.53814697265625,0.7962646484375,0.173828125,1.6548387096774193,50.146627565982406,0.8903225806451612,26.97947214076246
83.10574281099252,80.95214771854701,-0.2158203125,-0.53594970703125,0.79736328125,0.17437744140625,1.696774193548387,51.417399804496576,0.896774193548387,27.174975562072333
83.12580824200995,80.95214771854701,-0.2158203125,-0.53594970703125,0.79736328125,0.17437744140625,1.6935483870967742,51.31964809384164,0.8741935483870967,26.49071358748778
83.14587293699151,80.92050752788629,-0.2154541015625,-0.53277587890625,0.79937744140625,0.1751708984375,1.6741935483870967,50.733137829912025,0.8387096774193549,25.41544477028348
83.1659610249917,80.92050752788629,-0.2154541015625,-0.53277587890625,0.79937744140625,0.1751708984375,1.6935483870967742,51.31964809384164,0.9129032258064516,27.663734115347015
83.18601989498711,80.92050752788629,-0.2154541015625,-0.53277587890625,0.79937744140625,0.1751708984375,1.7032258064516128,51.61290322580645,0.8903225806451612,26.97947214076246
83.20607883000048,80.88863497125519,-0.215576171875,-0.53155517578125,0.80010986328125,0.175537109375,1.7032258064516128,51.61290322580645,0.9258064516129031,28.05474095796676
83.22614051698474,80.88863497125519,-0.215576171875,-0.53155517578125,0.80010986328125,0.175537109375,1.7258064516129032,52.29716520039101,0.9032258064516129,27.370478983382213
83.24627670200425,80.90322189047033,-0.21673583984375,-0.53253173828125,0.79888916015625,0.17669677734375,1.7387096774193547,52.68817204301075,0.9387096774193548,28.445747800586513
83.26632225999492,80.90322189047033,-0.21673583984375,-0.53253173828125,0.79888916015625,0.17669677734375,1.6935483870967742,51.31964809384164,0.9354838709677419,28.347996089931577
83.28638157900423,80.90322189047033,-0.21673583984375,-0.53253173828125,0.79888916015625,0.17669677734375,1.7387096774193547,52.68817204301075,0.9741935483870967,29.521016617790814
83.30646406600135,80.91936494809232,-0.21807861328125,-0.53338623046875,0.797607421875,0.17816162109375,1.729032258064516,52.39491691104594,1.0,30.303030303030305
83.32652085600421,80.91936494809232,-0.21807861328125,-0.53338623046875,0.797607421875,0.17816162109375,1.7258064516129032,52.29716520039101,1.0451612903225806,31.671554252199414
83.34657729498576,80.91176451662247,-0.2203369140625,-0.53509521484375,0.79541015625,0.179931640625,1.7258064516129032,52.29716520039101,1.058064516129032,32.06256109481915
83.36664454999845,80.91176451662247,-0.2203369140625,-0.53509521484375,0.79541015625,0.179931640625,1.729032258064516,52.39491691104594,1.0838709677419354,32.84457478005865
83.3867262690037,80.91176451662247,-0.2203369140625,-0.53509521484375,0.79541015625,0.179931640625,1.7387096774193547,52.68817204301075,1.0806451612903225,32.74682306940371
83.40678066000692,80.75397300157744,-0.2239990234375,-0.536865234375,0.79296875,0.18121337890625,1.7548387096774192,53.17693059628543,1.0999999999999999,33.33333333333333
83.42685850700946,80.75397300157744,-0.2239990234375,-0.536865234375,0.79296875,0.18121337890625,1.729032258064516,52.39491691104594,1.1032258064516127,33.43108504398827
83.44692723400658,80.6006397745978,-0.2254638671875,-0.53460693359375,0.79388427734375,0.18206787109375,1.7483870967741935,52.98142717497556,1.090322580645161,33.040078201368516
83.46697707899148,80.6006397745978,-0.2254638671875,-0.53460693359375,0.79388427734375,0.18206787109375,1.7516129032258063,53.0791788856305,1.0935483870967742,33.137829912023456
83.4870458059886,80.6006397745978,-0.2254638671875,-0.53460693359375,0.79388427734375,0.18206787109375,1.7258064516129032,52.29716520039101,1.0709677419354837,32.453567937438905
83.50711046799552,80.5187648056195,-0.22467041015625,-0.52923583984375,0.7974853515625,0.18292236328125,1.7709677419354837,53.665689149560116,1.1838709677419355,35.87487781036168
83.52717602599296,80.5187648056195,-0.22467041015625,-0.52923583984375,0.7974853515625,0.18292236328125,1.7516129032258063,53.0791788856305,1.0774193548387097,32.64907135874878
83.5472460000019,80.4577429271954,-0.223388671875,-0.52490234375,0.80072021484375,0.182861328125,1.7774193548387096,53.86119257086999,1.2258064516129032,37.14565004887586
83.56732026199461,80.4577429271954,-0.223388671875,-0.52490234375,0.80072021484375,0.182861328125,1.7903225806451613,54.25219941348974,1.2387096774193547,37.536656891495596
83.58737861999543,80.4577429271954,-0.223388671875,-0.52490234375,0.80072021484375,0.182861328125,1.7870967741935482,54.154447702834794,1.396774193548387,42.32649071358749
83.60744868998881,80.33781761234947,-0.22412109375,-0.52276611328125,0.80181884765625,0.1832275390625,1.7741935483870968,53.76344086021506,1.396774193548387,42.32649071358749
83.62751111199032,80.33781761234947,-0.22412109375,-0.52276611328125,0.80181884765625,0.1832275390625,1.829032258064516,55.42521994134897,1.3903225806451613,42.13098729227762
83.64764694400947,80.31482901828795,-0.22601318359375,-0.52276611328125,0.80078125,0.185302734375,1.829032258064516,55.42521994134897,1.467741935483871,44.4770283479961
83.66768574999878,80.31482901828795,-0.22601318359375,-0.52276611328125,0.80078125,0.185302734375,1.796774193548387,54.44770283479961,1.5419354838709676,46.72531769305962
83.68779441301012,80.31482901828795,-0.22601318359375,-0.52276611328125,0.80078125,0.185302734375,1.8032258064516127,54.64320625610948,1.496774193548387,45.35679374389051
83.70786320298794,80.43223343894479,-0.227294921875,-0.52276611328125,0.7996826171875,0.188720703125,1.8483870967741933,56.01173020527859,1.467741935483871,44.4770283479961
83.72791301700636,80.43223343894479,-0.227294921875,-0.52276611328125,0.7996826171875,0.188720703125,1.8322580645161288,55.5229716520039,1.4193548387096775,43.01075268817205
83.74796974300989,80.54039715083039,-0.22796630859375,-0.52301025390625,0.79876708984375,0.1910400390625,1.8419354838709676,55.816226783968716,1.467741935483871,44.4770283479961
83.76803834098973,80.54039715083039,-0.22796630859375,-0.52301025390625,0.79876708984375,0.1910400390625,1.8580645161290321,56.304985337243394,1.5032258064516129,45.552297165200386
83.78821231800248,80.54039715083039,-0.22796630859375,-0.52301025390625,0.79876708984375,0.1910400390625,1.8483870967741933,56.01173020527859,1.5096774193548386,45.74780058651026
83.80826699599857,80.48737202134642,-0.2298583984375,-0.5228271484375,0.79791259765625,0.1927490234375,1.8580645161290321,56.304985337243394,1.5774193548387094,47.800586510263926
83.82847614298225,80.48737202134642,-0.2298583984375,-0.5228271484375,0.79791259765625,0.1927490234375,1.8580645161290321,56.304985337243394,1.6096774193548384,48.77810361681329
83.84855312498985,80.33993425427883,-0.23065185546875,-0.51898193359375,0.7999267578125,0.19384765625,1.8548387096774193,56.20723362658847,1.6193548387096772,49.071358748778096
83.86853228000109,80.33993425427883,-0.23065185546875,-0.51898193359375,0.7999267578125,0.19384765625,1.8548387096774193,56.20723362658847,1.6129032258064515,48.87585532746823
83.88859505398432,80.14455651298528,-0.23126220703125,-0.515380859375,0.80206298828125,0.19384765625,1.8677419354838707,56.59824046920821,1.6419354838709677,49.75562072336266
83.90865098001086,80.14455651298528,-0.23126220703125,-0.515380859375,0.80206298828125,0.19384765625,1.8580645161290321,56.304985337243394,1.596774193548387,48.38709677419355
83.92883766200976,80.14455651298528,-0.23126220703125,-0.515380859375,0.80206298828125,0.19384765625,1.8548387096774193,56.20723362658847,1.62258064516129,49.169110459433035
83.94882612998481,79.96274867258134,-0.2322998046875,-0.51446533203125,0.80255126953125,0.1929931640625,1.8774193548387097,56.89149560117303,1.664516129032258,50.43988269794721
83.96889747999376,79.96274867258134,-0.2322998046875,-0.51446533203125,0.80255126953125,0.1929931640625,1.896774193548387,57.478005865102645,1.7387096774193547,52.68817204301075
83.98894790100167,79.85795241072948,-0.23321533203125,-0.51348876953125,0.8028564453125,0.19317626953125,1.896774193548387,57.478005865102645,1.729032258064516,52.39491691104594
84.00901169900317,79.85795241072948,-0.23321533203125,-0.51348876953125,0.8028564453125,0.19317626953125,1.8838709677419354,57.0869990224829,1.7129032258064516,51.90615835777126
84.02912970699253,79.85795241072948,-0.23321533203125,-0.51348876953125,0.8028564453125,0.19317626953125,1.896774193548387,57.478005865102645,1.7387096774193547,52.68817204301075
84.0491780169832,79.7005792598465,-0.23455810546875,-0.51226806640625,0.80328369140625,0.19329833984375,1.9129032258064516,57.96676441837732,1.732258064516129,52.49266862170088
84.06928424799116,79.7005792598465,-0.23455810546875,-0.51226806640625,0.80328369140625,0.19329833984375,1.9,57.57575757575758,1.7516129032258063,53.0791788856305
84.08932615700178,79.44232173540509,-0.23590087890625,-0.510986328125,0.80401611328125,0.19189453125,1.9,57.57575757575758,1.7838709677419353,54.05669599217986
84.10938624298433,79.44232173540509,-0.23590087890625,-0.510986328125,0.80401611328125,0.19189453125,1.9161290322580644,58.06451612903226,1.8032258064516127,54.64320625610948
84.1294494009926,79.44232173540509,-0.23590087890625,-0.510986328125,0.80401611328125,0.19189453125,1.9161290322580644,58.06451612903226,1.8161290322580643,55.034213098729225
84.14951700699748,79.08862191519334,-0.23699951171875,-0.5081787109375,0.80596923828125,0.18963623046875,1.9225806451612903,58.260019550342136,1.8322580645161288,55.5229716520039
84.1696832079906,79.08862191519334,-0.23699951171875,-0.5081787109375,0.80596923828125,0.18963623046875,1.9387096774193548,58.748778103616814,1.8483870967741933,56.01173020527859
84.18968975698226,78.66142984362381,-0.237548828125,-0.50421142578125,0.80908203125,0.18621826171875,1.9903225806451612,60.312805474095796,1.903225806451613,57.67350928641252
84.20979717199225,78.66142984362381,-0.237548828125,-0.50421142578125,0.80908203125,0.18621826171875,2.0032258064516126,60.703812316715535,1.9419354838709677,58.846529814271754
84.22982586498256,78.66142984362381,-0.237548828125,-0.50421142578125,0.80908203125,0.18621826171875,2.019354838709677,61.19257086999021,1.9064516129032258,57.77126099706745
84.24988447900978,78.14366300615242,-0.23828125,-0.50030517578125,0.8123779296875,0.18157958984375,2.0,60.60606060606061,1.9064516129032258,57.77126099706745
84.26999758998863,78.14366300615242,-0.23828125,-0.50030517578125,0.8123779296875,0.18157958984375,2.0258064516129033,61.3880742913001,1.967741935483871,59.628543499511245
84.29004218798946,77.48419516510666,-0.2398681640625,-0.497802734375,0.81488037109375,0.17498779296875,1.9903225806451612,60.312805474095796,1.996774193548387,60.50830889540567
84.31010045000585,77.48419516510666,-0.2398681640625,-0.497802734375,0.81488037109375,0.17498779296875,2.0032258064516126,60.703812316715535,1.9580645161290322,59.33528836754643
84.33024274598574,77.48419516510666,-0.2398681640625,-0.497802734375,0.81488037109375,0.17498779296875,2.0064516129032257,60.80156402737048,1.9516129032258065,59.13978494623656
84.35026436700718,76.81287186367199,-0.241455078125,-0.49627685546875,0.81689453125,0.1676025390625,2.029032258064516,61.48582600195503,1.9741935483870967,59.82404692082112
84.37032896498567,76.81287186367199,-0.241455078125,-0.49627685546875,0.81689453125,0.1676025390625,2.0258064516129033,61.3880742913001,1.9741935483870967,59.82404692082112
84.39039679500274,76.33491462026765,-0.2408447265625,-0.49456787109375,0.819580078125,0.1602783203125,2.061290322580645,62.4633431085044,1.9774193548387096,59.92179863147605
84.41045537698665,76.33491462026765,-0.2408447265625,-0.49456787109375,0.819580078125,0.1602783203125,2.009677419354839,60.899315738025415,1.9580645161290322,59.33528836754643
84.43051914300304,76.33491462026765,-0.2408447265625,-0.49456787109375,0.819580078125,0.1602783203125,2.061290322580645,62.4633431085044,1.9870967741935484,60.215053763440864
84.45061542198528,75.89278031597331,-0.23980712890625,-0.493408203125,0.822021484375,0.15252685546875,2.054838709677419,62.267839687194524,1.9580645161290322,59.33528836754643
84.47066920198267,75.89278031597331,-0.23980712890625,-0.493408203125,0.822021484375,0.15252685546875,2.0774193548387094,62.95210166177908,2.0129032258064514,60.997067448680355
84.49072221500683,75.50867175459706,-0.23846435546875,-0.4942626953125,0.823486328125,0.1441650390625,2.051612903225806,62.17008797653958,2.0354838709677416,61.6813294232649
84.51078687698464,75.50867175459706,-0.23846435546875,-0.4942626953125,0.823486328125,0.1441650390625,2.009677419354839,60.899315738025415,2.1322580645161286,64.61388074291298
84.53085307398578,75.50867175459706,-0.23846435546875,-0.4942626953125,0.823486328125,0.1441650390625,2.054838709677419,62.267839687194524,2.0999999999999996,63.636363636363626
84.55092218299978,75.09779848611417,-0.23699951171875,-0.49505615234375,0.824951171875,0.13519287109375,2.019354838709677,61.19257086999021,2.1129032258064515,64.02737047898339
84.57100572501076,75.09779848611417,-0.23699951171875,-0.49505615234375,0.824951171875,0.13519287109375,2.02258064516129,61.29032258064516,2.0354838709677416,61.6813294232649
84.59107000200311,74.74089957732542,-0.23455810546875,-0.49554443359375,0.8267822265625,0.12579345703125,2.032258064516129,61.58357771260997,1.935483870967742,58.65102639296188
84.61119012100971,74.74089957732542,-0.23455810546875,-0.49554443359375,0.8267822265625,0.12579345703125,2.02258064516129,61.29032258064516,1.9064516129032258,57.77126099706745
84.63123202999122,74.74089957732542,-0.23455810546875,-0.49554443359375,0.8267822265625,0.12579345703125,2.0129032258064514,60.997067448680355,1.9258064516129032,58.35777126099707
84.65133086798596,74.51590554579641,-0.23077392578125,-0.49530029296875,0.82928466796875,0.11688232421875,1.9903225806451612,60.312805474095796,1.8838709677419354,57.0869990224829
84.67137824898236,74.51590554579641,-0.23077392578125,-0.49530029296875,0.82928466796875,0.11688232421875,2.0161290322580645,61.09481915933529,1.8548387096774193,56.20723362658847
84.69149945600657,74.06700315727431,-0.22882080078125,-0.49530029296875,0.8311767578125,0.10687255859375,2.0354838709677416,61.6813294232649,1.861290322580645,56.402737047898334
84.7115502289962,74.06700315727431,-0.22882080078125,-0.49530029296875,0.8311767578125,0.10687255859375,2.0161290322580645,61.09481915933529,1.8741935483870966,56.79374389051808
84.73162349799532,74.06700315727431,-0.22882080078125,-0.49530029296875,0.8311767578125,0.10687255859375,2.02258064516129,61.29032258064516,1.9225806451612903,58.260019550342136
84.75169904000359,73.12032256526844,-0.23150634765625,-0.49664306640625,0.83111572265625,0.0950927734375,2.0129032258064514,60.997067448680355,1.9193548387096775,58.162267839687196
84.77175611699931,73.12032256526844,-0.23150634765625,-0.49664306640625,0.83111572265625,0.0950927734375,2.0129032258064514,60.997067448680355,1.9258064516129032,58.35777126099707
84.79183687499608,71.76233897050302,-0.23760986328125,-0.49774169921875,0.83013916015625,0.0819091796875,2.032258064516129,61.58357771260997,1.8903225806451613,57.28250244379277
84.81189302398707,71.76233897050302,-0.23760986328125,-0.49774169921875,0.83013916015625,0.0819091796875,2.054838709677419,62.267839687194524,1.9129032258064516,57.96676441837732
84.83201832699706,71.76233897050302,-0.23760986328125,-0.49774169921875,0.83013916015625,0.0819091796875,2.032258064516129,61.58357771260997,1.9258064516129032,58.35777126099707
84.85205965899513,70.2821048785059,-0.244384765625,-0.498046875,0.8292236328125,0.06817626953125,2.02258064516129,61.29032258064516,1.9225806451612903,58.260019550342136
84.87211097599356,70.2821048785059,-0.244384765625,-0.498046875,0.8292236328125,0.06817626953125,2.0354838709677416,61.6813294232649,1.932258064516129,58.55327468230694
84.89218251800048,68.86418878573447,-0.2506103515625,-0.49822998046875,0.8282470703125,0.05474853515625,2.0032258064516126,60.703812316715535,1.9741935483870967,59.82404692082112
84.91224250700907,68.86418878573447,-0.2506103515625,-0.49822998046875,0.8282470703125,0.05474853515625,2.032258064516129,61.58357771260997,1.996774193548387,60.50830889540567
84.93230966400006,68.86418878573447,-0.2506103515625,-0.49822998046875,0.8282470703125,0.05474853515625,2.032258064516129,61.58357771260997,1.9580645161290322,59.33528836754643
84.95245256798808,67.23136453390372,-0.2574462890625,-0.4984130859375,0.826904296875,0.03887939453125,2.019354838709677,61.19257086999021,1.9806451612903224,60.01955034213099
84.97247265200713,67.23136453390372,-0.2574462890625,-0.4984130859375,0.826904296875,0.03887939453125,2.0129032258064514,60.997067448680355,1.903225806451613,57.67350928641252
84.99254480100353,65.38814461944075,-0.26519775390625,-0.49749755859375,0.82562255859375,0.02154541015625,2.061290322580645,62.4633431085044,1.8548387096774193,56.20723362658847
85.01260578198708,65.38814461944075,-0.26519775390625,-0.49749755859375,0.82562255859375,0.02154541015625,2.0258064516129033,61.3880742913001,1.8161290322580643,55.034213098729225
85.03266621899093,65.38814461944075,-0.26519775390625,-0.49749755859375,0.82562255859375,0.02154541015625,2.0032258064516126,60.703812316715535,1.8870967741935485,57.18475073313783
85.05277625800227,63.19982357867348,-0.27587890625,-0.4951171875,0.8238525390625,0.00372314453125,2.009677419354839,60.899315738025415,1.8032258064516127,54.64320625610948
85.07281631100341,63.19982357867348,-0.27587890625,-0.4951171875,0.8238525390625,0.00372314453125,1.9870967741935484,60.215053763440864,1.9064516129032258,57.77126099706745
85.0929523340019,60.46035529365075,0.29229736328125,0.4910888671875,-0.82049560546875,0.01361083984375,1.9806451612903224,60.01955034213099,1.8580645161290321,56.304985337243394
85.11298902600538,60.46035529365075,0.29229736328125,0.4910888671875,-0.82049560546875,0.01361083984375,2.064516129032258,62.56109481915934,1.8387096774193548,55.71847507331379
85.1330545200035,60.46035529365075,0.29229736328125,0.4910888671875,-0.82049560546875,0.01361083984375,2.051612903225806,62.17008797653958,1.8322580645161288,55.5229716520039
85.15311303699855,57.396602219208134,0.31298828125,0.489013671875,-0.81365966796875,0.0301513671875,2.061290322580645,62.4633431085044,1.7774193548387096,53.86119257086999
85.17318329800037,57.396602219208134,0.31298828125,0.489013671875,-0.81365966796875,0.0301513671875,1.9870967741935484,60.215053763440864,1.8387096774193548,55.71847507331379
85.19329912899411,53.71381917135495,0.34033203125,0.4864501953125,-0.8033447265625,0.0462646484375,1.9741935483870967,59.82404692082112,1.8483870967741933,56.01173020527859
85.21339403098682,53.71381917135495,0.34033203125,0.4864501953125,-0.8033447265625,0.0462646484375,1.996774193548387,60.50830889540567,1.7516129032258063,53.0791788856305
85.23343245199067,53.71381917135495,0.34033203125,0.4864501953125,-0.8033447265625,0.0462646484375,2.0161290322580645,61.09481915933529,1.7161290322580645,52.003910068426194
85.25348277698504,49.837632903978864,0.372802734375,0.483154296875,-0.79010009765625,0.05780029296875,1.996774193548387,60.50830889540567,1.8064516129032258,54.74095796676443
85.27354555000784,49.837632903978864,0.372802734375,0.483154296875,-0.79010009765625,0.05780029296875,2.0161290322580645,61.09481915933529,1.796774193548387,54.44770283479961
85.29363382799784,46.55383027404744,0.407958984375,0.48211669921875,-0.7730712890625,0.05902099609375,2.019354838709677,61.19257086999021,1.8677419354838707,56.59824046920821
85.31368120800471,46.55383027404744,0.407958984375,0.48211669921875,-0.7730712890625,0.05902099609375,2.0483870967741935,62.07233626588465,1.7774193548387096,53.86119257086999
85.333749101992,46.55383027404744,0.407958984375,0.48211669921875,-0.7730712890625,0.05902099609375,2.032258064516129,61.58357771260997,1.8129032258064515,54.936461388074285
85.3538475559908,44.88308986576568,0.4412841796875,0.48455810546875,-0.75396728515625,0.04449462890625,2.0258064516129033,61.3880742913001,1.8032258064516127,54.64320625610948
85.37388821700006,44.88308986576568,0.4412841796875,0.48455810546875,-0.75396728515625,0.04449462890625,2.041935483870968,61.87683284457478,1.7870967741935482,54.154447702834794
85.39400715200463,44.891583867974006,0.46575927734375,0.49285888671875,-0.7344970703125,0.02459716796875,2.0129032258064514,60.997067448680355,1.9096774193548387,57.86901270772239
85.41406618099427,44.891583867974006,0.46575927734375,0.49285888671875,-0.7344970703125,0.02459716796875,2.054838709677419,62.267839687194524,1.9451612903225806,58.94428152492669
85.43412159400759,44.891583867974006,0.46575927734375,0.49285888671875,-0.7344970703125,0.02459716796875,2.0387096774193547,61.779081133919846,1.9806451612903224,60.01955034213099
85.45419316701009,44.93606509855786,0.4864501953125,0.50537109375,-0.71258544921875,0.01446533203125,2.074193548387097,62.85434995112414,2.0483870967741935,62.07233626588465
85.4742694440065,44.93606509855786,0.4864501953125,0.50537109375,-0.71258544921875,0.01446533203125,2.051612903225806,62.17008797653958,2.0032258064516126,60.703812316715535
85.49433375199442,44.23197155375568,0.503173828125,0.51971435546875,-0.6900634765625,0.021240234375,2.0580645161290323,62.365591397849464,2.0032258064516126,60.703812316715535
85.51438394800061,44.23197155375568,0.503173828125,0.51971435546875,-0.6900634765625,0.021240234375,2.009677419354839,60.899315738025415,1.9516129032258065,59.13978494623656
85.53444588798448,44.23197155375568,0.503173828125,0.51971435546875,-0.6900634765625,0.021240234375,2.0387096774193547,61.779081133919846,1.9774193548387096,59.92179863147605
85.55451320498833,43.13032375794467,0.5142822265625,0.5281982421875,-0.6748046875,0.0338134765625,2.0387096774193547,61.779081133919846,1.929032258064516,58.45552297165201
85.5745819619915,43.13032375794467,0.5142822265625,0.5281982421875,-0.6748046875,0.0338134765625,2.02258064516129,61.29032258064516,1.935483870967742,58.65102639296188
85.59465433401056,41.63669585423059,0.5234375,0.523193359375,-0.671142578125,0.04278564453125,2.0354838709677416,61.6813294232649,1.9709677419354839,59.72629521016618
85.61472808299004,41.63669585423059,0.5234375,0.523193359375,-0.671142578125,0.04278564453125,2.009677419354839,60.899315738025415,1.9903225806451612,60.312805474095796
85.6347864389827,41.63669585423059,0.5234375,0.523193359375,-0.671142578125,0.04278564453125,1.961290322580645,59.43304007820137,1.9483870967741934,59.04203323558163
85.65488844498759,39.325997541599726,0.52764892578125,0.50592041015625,-0.68011474609375,0.05517578125,1.996774193548387,60.50830889540567,1.8580645161290321,56.304985337243394
85.67493182499311,39.325997541599726,0.52764892578125,0.50592041015625,-0.68011474609375,0.05517578125,1.9483870967741934,59.04203323558163,1.7,51.515151515151516
85.69499539700337,35.719893171811634,0.5272216796875,0.4815673828125,-0.6953125,0.08172607421875,1.896774193548387,57.478005865102645,1.5999999999999999,48.484848484848484
85.71506287399097,35.719893171811634,0.5272216796875,0.4815673828125,-0.6953125,0.08172607421875,1.8516129032258062,56.10948191593352,1.4548387096774194,44.086021505376344
85.73514487899956,35.719893171811634,0.5272216796875,0.4815673828125,-0.6953125,0.08172607421875,1.8451612903225805,55.91397849462365,1.461290322580645,44.28152492668622
85.75520816299831,31.377125198379886,0.5223388671875,0.45574951171875,-0.710205078125,0.1226806640625,1.8161290322580643,55.034213098729225,1.396774193548387,42.32649071358749
85.77526949599269,31.377125198379886,0.5223388671875,0.45574951171875,-0.710205078125,0.1226806640625,1.9516129032258065,59.13978494623656,1.4806451612903224,44.868035190615835
85.79533188400092,28.173314701803925,0.5057373046875,0.441162109375,-0.72100830078125,0.17254638671875,1.9870967741935484,60.215053763440864,1.593548387096774,48.289345063538605
85.81539881700883,28.173314701803925,0.5057373046875,0.441162109375,-0.72100830078125,0.17254638671875,1.9838709677419355,60.117302052785924,1.6548387096774193,50.146627565982406
85.83546318899607,28.173314701803925,0.5057373046875,0.441162109375,-0.72100830078125,0.17254638671875,1.9806451612903224,60.01955034213099,1.7387096774193547,52.68817204301075
85.85553610598436,27.488283112840215,0.47918701171875,0.4521484375,-0.7200927734375,0.21783447265625,1.8548387096774193,56.20723362658847,1.7258064516129032,52.29716520039101
85.87559891000274,27.488283112840215,0.47918701171875,0.4521484375,-0.7200927734375,0.21783447265625,1.8935483870967742,57.380254154447705,1.6870967741935483,51.12414467253177
85.89570715598529,27.821543878822354,0.45562744140625,0.478759765625,-0.70745849609375,0.2503662109375,1.8032258064516127,54.64320625610948,1.4451612903225806,43.79276637341153
85.91576119200909,27.821543878822354,0.45562744140625,0.478759765625,-0.70745849609375,0.2503662109375,1.8419354838709676,55.816226783968716,1.3870967741935485,42.033235581622684
85.93581804499263,27.821543878822354,0.45562744140625,0.478759765625,-0.70745849609375,0.2503662109375,1.8032258064516127,54.64320625610948,1.4,42.42424242424242
85.95588379300898,28.01699889113649,0.442626953125,0.499755859375,-0.69464111328125,0.26800537109375,1.8096774193548386,54.83870967741935,1.432258064516129,43.401759530791786
85.97596263000742,28.01699889113649,0.442626953125,0.499755859375,-0.69464111328125,0.26800537109375,1.8451612903225805,55.91397849462365,1.5774193548387094,47.800586510263926
85.99609254099778,27.54824002001849,0.44317626953125,0.50555419921875,-0.68768310546875,0.2740478515625,1.8677419354838707,56.59824046920821,1.5870967741935482,48.09384164222873
86.0161499689857,27.54824002001849,0.44317626953125,0.50555419921875,-0.68768310546875,0.2740478515625,1.9,57.57575757575758,1.6935483870967742,51.31964809384164
86.0361887080071,27.54824002001849,0.44317626953125,0.50555419921875,-0.68768310546875,0.2740478515625,1.8548387096774193,56.20723362658847,1.6741935483870967,50.733137829912025
86.05625048899674,26.52142607817398,0.45111083984375,0.500732421875,-0.68524169921875,0.276123046875,1.929032258064516,58.45552297165201,1.7483870967741935,52.98142717497556
86.07638631999725,26.52142607817398,0.45111083984375,0.500732421875,-0.68524169921875,0.276123046875,1.9451612903225806,58.94428152492669,1.764516129032258,53.47018572825024
86.09642477100715,25.630261306245558,0.45941162109375,0.4996337890625,-0.6802978515625,0.2767333984375,1.9903225806451612,60.312805474095796,1.8032258064516127,54.64320625610948
86.11651653700392,25.630261306245558,0.45941162109375,0.4996337890625,-0.6802978515625,0.2767333984375,1.996774193548387,60.50830889540567,1.8806451612903226,56.98924731182796
86.13662234999356,25.630261306245558,0.45941162109375,0.4996337890625,-0.6802978515625,0.2767333984375,2.0064516129032257,60.80156402737048,1.9161290322580644,58.06451612903226
86.15663852900616,24.722061559947036,0.46917724609375,0.5025634765625,-0.67120361328125,0.277099609375,1.996774193548387,60.50830889540567,1.8677419354838707,56.59824046920821
86.17670261400053,24.722061559947036,0.46917724609375,0.5025634765625,-0.67120361328125,0.277099609375,1.9838709677419355,60.117302052785924,1.9193548387096775,58.162267839687196
86.1968082349922,24.441557448774674,0.47509765625,0.50482177734375,-0.666259765625,0.274658203125,1.9483870967741934,59.04203323558163,1.861290322580645,56.402737047898334
86.21685615900788,24.441557448774674,0.47509765625,0.50482177734375,-0.666259765625,0.274658203125,1.8935483870967742,57.380254154447705,1.7903225806451613,54.25219941348974
86.23695874100667,24.441557448774674,0.47509765625,0.50482177734375,-0.666259765625,0.274658203125,1.929032258064516,58.45552297165201,1.764516129032258,53.47018572825024
86.25699495300069,25.175668135744843,0.47222900390625,0.5081787109375,-0.66778564453125,0.2698974609375,1.9225806451612903,58.260019550342136,1.7516129032258063,53.0791788856305
86.27704873299808,25.175668135744843,0.47222900390625,0.5081787109375,-0.66778564453125,0.2698974609375,1.9064516129032258,57.77126099706745,1.8064516129032258,54.74095796676443
86.29717454698402,25.640783381722827,0.4678955078125,0.510986328125,-0.66876220703125,0.269775390625,1.929032258064516,58.45552297165201,1.7419354838709677,52.785923753665685
86.31721827900037,25.640783381722827,0.4678955078125,0.510986328125,-0.66876220703125,0.269775390625,1.932258064516129,58.55327468230694,1.7903225806451613,54.25219941348974
86.33727804300725,25.640783381722827,0.4678955078125,0.510986328125,-0.66876220703125,0.269775390625,1.9,57.57575757575758,1.8193548387096772,55.13196480938416
86.35739339300198,25.692231682169194,0.46514892578125,0.51416015625,-0.66680908203125,0.2730712890625,1.9064516129032258,57.77126099706745,1.8161290322580643,55.034213098729225
86.37743837299058,25.692231682169194,0.46514892578125,0.51416015625,-0.66680908203125,0.2730712890625,1.8935483870967742,57.380254154447705,1.6903225806451612,51.2218963831867
86.39753362699412,25.885102233284726,0.4638671875,0.51702880859375,-0.66558837890625,0.27288818359375,1.8774193548387097,56.89149560117303,1.5709677419354837,47.60508308895405
86.41760004698881,25.885102233284726,0.4638671875,0.51702880859375,-0.66558837890625,0.27288818359375,1.8709677419354838,56.695992179863154,1.4548387096774194,44.086021505376344
86.43764595498214,25.885102233284726,0.4638671875,0.51702880859375,-0.66558837890625,0.27288818359375,1.8806451612903226,56.98924731182796,1.4387096774193548,43.59726295210166
86.45771186298225,26.29568704317795,0.46435546875,0.5189208984375,-0.665771484375,0.26806640625,1.8419354838709676,55.816226783968716,1.435483870967742,43.49951124144673
86.47777434700401,26.29568704317795,0.46435546875,0.5189208984375,-0.665771484375,0.26806640625,1.8645161290322578,56.50048875855327,1.4129032258064516,42.81524926686217
86.49785660699126,26.893004053590005,0.4635009765625,0.52099609375,-0.6668701171875,0.26263427734375,1.8483870967741933,56.01173020527859,1.3903225806451613,42.13098729227762
86.51792741098325,26.893004053590005,0.4635009765625,0.52099609375,-0.6668701171875,0.26263427734375,1.8548387096774193,56.20723362658847,1.361290322580645,41.251221896383186
86.53797283800668,26.893004053590005,0.4635009765625,0.52099609375,-0.6668701171875,0.26263427734375,1.8548387096774193,56.20723362658847,1.3193548387096772,39.980449657869
86.55803801000002,27.317859397299472,0.46240234375,0.52294921875,-0.66741943359375,0.25933837890625,1.8548387096774193,56.20723362658847,1.3032258064516127,39.491691104594324
86.57811940601096,27.317859397299472,0.46240234375,0.52294921875,-0.66741943359375,0.25933837890625,1.829032258064516,55.42521994134897,1.2741935483870968,38.6119257086999
86.59817292899243,27.685591188131227,0.46099853515625,0.524169921875,-0.66839599609375,0.2568359375,1.796774193548387,54.44770283479961,1.3096774193548386,39.687194525904204
86.61823931700201,27.685591188131227,0.46099853515625,0.524169921875,-0.66839599609375,0.2568359375,1.829032258064516,55.42521994134897,1.2903225806451613,39.100684261974585
86.63841796500492,27.685591188131227,0.46099853515625,0.524169921875,-0.66839599609375,0.2568359375,1.8064516129032258,54.74095796676443,1.3419354838709676,40.66471163245357
86.65843487900565,27.941569084913688,0.46014404296875,0.52386474609375,-0.6700439453125,0.254638671875,1.8419354838709676,55.816226783968716,1.2806451612903225,38.80742913000977
86.6784817139851,27.941569084913688,0.46014404296875,0.52386474609375,-0.6700439453125,0.254638671875,1.8225806451612903,55.229716520039105,1.3451612903225805,40.7624633431085
86.6985459580028,28.150977619733105,0.4595947265625,0.5228271484375,-0.672119140625,0.25238037109375,1.8064516129032258,54.74095796676443,1.3129032258064515,39.784946236559136
86.718625050009,28.150977619733105,0.4595947265625,0.5228271484375,-0.672119140625,0.25238037109375,1.8129032258064515,54.936461388074285,1.3354838709677417,40.46920821114369
86.73868487699656,28.150977619733105,0.4595947265625,0.5228271484375,-0.672119140625,0.25238037109375,1.8032258064516127,54.64320625610948,1.293548387096774,39.19843597262952
86.75874825700885,28.31449178914515,0.458984375,0.521728515625,-0.6739501953125,0.25079345703125,1.7903225806451613,54.25219941348974,1.2870967741935482,39.00293255131964
86.77888930300833,28.31449178914515,0.458984375,0.521728515625,-0.6739501953125,0.25079345703125,1.8129032258064515,54.936461388074285,1.2677419354838708,38.41642228739003
86.79891431398573,28.417457318208527,0.4581298828125,0.52069091796875,-0.675537109375,0.25018310546875,1.796774193548387,54.44770283479961,1.2870967741935482,39.00293255131964
86.81902028698823,28.417457318208527,0.4581298828125,0.52069091796875,-0.675537109375,0.25018310546875,1.8258064516129031,55.32746823069403,1.2903225806451613,39.100684261974585
86.83911269099917,28.417457318208527,0.4581298828125,0.52069091796875,-0.675537109375,0.25018310546875,1.8032258064516127,54.64320625610948,1.3161290322580643,39.882697947214076
86.85921616799897,28.409279864143542,0.45819091796875,0.51910400390625,-0.67694091796875,0.24969482421875,1.8161290322580643,55.034213098729225,1.2806451612903225,38.80742913000977
86.87933314900147,28.409279864143542,0.45819091796875,0.51910400390625,-0.67694091796875,0.24969482421875,1.829032258064516,55.42521994134897,1.2354838709677418,37.43890518084066
86.89939284900902,28.41082311442723,0.4588623046875,0.517333984375,-0.6783447265625,0.2484130859375,1.8548387096774193,56.20723362658847,1.2354838709677418,37.43890518084066
86.91949075800949,28.41082311442723,0.4588623046875,0.517333984375,-0.6783447265625,0.2484130859375,1.8193548387096772,55.13196480938416,1.2483870967741935,37.82991202346041
86.93948495099903,28.41082311442723,0.4588623046875,0.517333984375,-0.6783447265625,0.2484130859375,1.829032258064516,55.42521994134897,1.2354838709677418,37.43890518084066
86.95954068299034,28.47907010823019,0.45904541015625,0.51611328125,-0.67962646484375,0.2470703125,1.8096774193548386,54.83870967741935,1.1935483870967742,36.168132942326494
86.97965081600705,28.47907010823019,0.45904541015625,0.51611328125,-0.67962646484375,0.2470703125,1.8064516129032258,54.74095796676443,1.0161290322580645,30.791788856304986
86.99972168399836,28.42421745256396,0.4603271484375,0.5146484375,-0.68017578125,0.24603271484375,1.8064516129032258,54.74095796676443,1.0096774193548386,30.596285434995107
87.01976131901029,28.42421745256396,0.4603271484375,0.5146484375,-0.68017578125,0.24603271484375,1.8096774193548386,54.83870967741935,1.0225806451612902,30.98729227761486
87.039842106984,28.42421745256396,0.4603271484375,0.5146484375,-0.68017578125,0.24603271484375,1.793548387096774,54.34995112414467,0.9806451612903225,29.716520039100686
87.059938735998,28.222024339909062,0.4627685546875,0.513916015625,-0.67926025390625,0.24560546875,1.7774193548387096,53.86119257086999,1.096774193548387,33.235581622678396
87.07998771499842,28.222024339909062,0.4627685546875,0.513916015625,-0.67926025390625,0.24560546875,1.8354838709677417,55.62072336265884,1.2129032258064516,36.75464320625611
87.1000533339975,27.919636080447646,0.46435546875,0.51470947265625,-0.6767578125,0.247802734375,1.7999999999999998,54.54545454545454,1.1741935483870969,35.581622678396876
87.1201428269851,27.919636080447646,0.46435546875,0.51470947265625,-0.6767578125,0.247802734375,1.7806451612903225,53.95894428152492,1.167741935483871,35.386119257087
87.14019654199365,27.919636080447646,0.46435546875,0.51470947265625,-0.6767578125,0.247802734375,1.764516129032258,53.47018572825024,1.1870967741935483,35.97262952101662
87.16025531399646,27.480787998928946,0.46636962890625,0.5172119140625,-0.67205810546875,0.25164794921875,1.729032258064516,52.39491691104594,0.9548387096774194,28.934506353861195
87.1804075280088,27.480787998928946,0.46636962890625,0.5172119140625,-0.67205810546875,0.25164794921875,1.7193548387096773,52.101661779081134,0.964516129032258,29.227761485826004
87.20046284398995,27.099838886905204,0.46710205078125,0.52093505859375,-0.666748046875,0.256591796875,1.7032258064516128,51.61290322580645,0.8999999999999999,27.27272727272727
87.22049985500053,27.099838886905204,0.46710205078125,0.52093505859375,-0.666748046875,0.256591796875,1.7032258064516128,51.61290322580645,0.8806451612903226,26.68621700879765
87.24060506001115,27.099838886905204,0.46710205078125,0.52093505859375,-0.666748046875,0.256591796875,1.729032258064516,52.39491691104594,0.896774193548387,27.174975562072333
87.2606788080011,26.716653807432152,0.4677734375,0.52374267578125,-0.66229248046875,0.26123046875,1.7161290322580645,52.003910068426194,0.9193548387096774,27.859237536656895
87.2807307309995,26.716653807432152,0.4677734375,0.52374267578125,-0.66229248046875,0.26123046875,1.7516129032258063,53.0791788856305,0.9290322580645161,28.152492668621697
87.3007930550084,26.307694081760452,0.46954345703125,0.524658203125,-0.65899658203125,0.2645263671875,1.7387096774193547,52.68817204301075,0.9580645161290322,29.03225806451613
87.32084523400408,26.307694081760452,0.46954345703125,0.524658203125,-0.65899658203125,0.2645263671875,1.7193548387096773,52.101661779081134,1.0096774193548386,30.596285434995107
87.34095101500861,26.307694081760452,0.46954345703125,0.524658203125,-0.65899658203125,0.2645263671875,1.7258064516129032,52.29716520039101,0.996774193548387,30.205278592375368
87.36101074598264,25.91795826338614,0.47100830078125,0.52423095703125,-0.6571044921875,0.2674560546875,1.7258064516129032,52.29716520039101,0.9774193548387097,29.61876832844575
87.38116699300008,25.91795826338614,0.47100830078125,0.52423095703125,-0.6571044921875,0.2674560546875,1.7129032258064516,51.90615835777126,1.1032258064516127,33.43108504398827
87.40122461199644,25.357321771847083,0.47149658203125,0.523681640625,-0.65478515625,0.27325439453125,1.7129032258064516,51.90615835777126,1.1161290322580644,33.822091886608014
87.42129487200873,25.357321771847083,0.47149658203125,0.523681640625,-0.65478515625,0.27325439453125,1.732258064516129,52.49266862170088,1.1548387096774193,34.99511241446726
87.44137591699837,25.357321771847083,0.47149658203125,0.523681640625,-0.65478515625,0.27325439453125,1.729032258064516,52.39491691104594,1.164516129032258,35.28836754643206
87.46144329599338,24.46347008023247,0.4725341796875,0.525146484375,-0.6488037109375,0.2828369140625,1.732258064516129,52.49266862170088,1.135483870967742,34.40860215053764
87.48151989100734,24.46347008023247,0.4725341796875,0.525146484375,-0.6488037109375,0.2828369140625,1.732258064516129,52.49266862170088,1.1483870967741936,34.799608993157385
87.5016219909885,23.614670562371245,0.4739990234375,0.52972412109375,-0.63958740234375,0.29254150390625,1.7516129032258063,53.0791788856305,1.1580645161290324,35.0928641251222
87.5217165070062,23.614670562371245,0.4739990234375,0.52972412109375,-0.63958740234375,0.29254150390625,1.732258064516129,52.49266862170088,1.1838709677419355,35.87487781036168
87.54175482899882,23.614670562371245,0.4739990234375,0.52972412109375,-0.63958740234375,0.29254150390625,1.7096774193548387,51.80840664711632,1.2161290322580645,36.852394916911045
87.56181337599992,23.012517259497997,0.4752197265625,0.53350830078125,-0.63238525390625,0.29931640625,1.7387096774193547,52.68817204301075,1.1709677419354838,35.483870967741936
87.5818867390044,23.012517259497997,0.4752197265625,0.53350830078125,-0.63238525390625,0.29931640625,1.7,51.515151515151516,1.1741935483870969,35.581622678396876
87.60196272601024,22.473116398366344,0.47772216796875,0.53460693359375,-0.627685546875,0.3033447265625,1.7419354838709677,52.785923753665685,1.2096774193548387,36.65689149560117
87.6220568259887,22.473116398366344,0.47772216796875,0.53460693359375,-0.627685546875,0.3033447265625,1.7451612903225806,52.883675464320625,1.2838709677419353,38.90518084066471
87.64212948500062,22.473116398366344,0.47772216796875,0.53460693359375,-0.627685546875,0.3033447265625,1.7806451612903225,53.95894428152492,1.3225806451612903,40.07820136852395
87.66222179299803,21.985132393506106,0.48089599609375,0.53289794921875,-0.62567138671875,0.305419921875,1.793548387096774,54.34995112414467,1.3161290322580643,39.882697947214076
87.68226805198356,21.985132393506106,0.48089599609375,0.53289794921875,-0.62567138671875,0.305419921875,1.7870967741935482,54.154447702834794,1.3387096774193548,40.56695992179863
87.70233917498263,21.867345782788945,0.4833984375,0.53009033203125,-0.6270751953125,0.30352783203125,1.8032258064516127,54.64320625610948,1.3419354838709676,40.66471163245357
87.72238786501111,21.867345782788945,0.4833984375,0.53009033203125,-0.6270751953125,0.30352783203125,1.7903225806451613,54.25219941348974,1.3838709677419354,41.935483870967744
87.74245457199868,21.867345782788945,0.4833984375,0.53009033203125,-0.6270751953125,0.30352783203125,1.8161290322580643,55.034213098729225,1.3677419354838707,41.44672531769305
87.76252566298353,22.09872206773781,0.48779296875,0.5272216796875,-0.62957763671875,0.29620361328125,1.8064516129032258,54.74095796676443,1.3806451612903226,41.837732160312804
87.78258379400359,22.09872206773781,0.48779296875,0.5272216796875,-0.62957763671875,0.29620361328125,1.7903225806451613,54.25219941348974,1.3935483870967742,42.22873900293255
87.8026648699888,22.484075003711084,0.49346923828125,0.5238037109375,-0.63275146484375,0.285888671875,1.7903225806451613,54.25219941348974,1.3903225806451613,42.13098729227762
87.82271394398413,22.484075003711084,0.49346923828125,0.5238037109375,-0.63275146484375,0.285888671875,1.8032258064516127,54.64320625610948,1.396774193548387,42.32649071358749
87.84278052300215,22.484075003711084,0.49346923828125,0.5238037109375,-0.63275146484375,0.285888671875,1.8225806451612903,55.229716520039105,1.3677419354838707,41.44672531769305
87.86288511898601,22.939249223915468,0.49969482421875,0.520751953125,-0.6353759765625,0.2745361328125,1.7903225806451613,54.25219941348974,1.3645161290322578,41.34897360703812
87.88294037000742,22.939249223915468,0.49969482421875,0.520751953125,-0.6353759765625,0.2745361328125,1.8193548387096772,55.13196480938416,1.3741935483870966,41.64222873900293
87.90299725299701,23.4238248205682,0.50592041015625,0.5189208984375,-0.63677978515625,0.2633056640625,1.8064516129032258,54.74095796676443,1.396774193548387,42.32649071358749
87.92316393100191,23.4238248205682,0.50592041015625,0.5189208984375,-0.63677978515625,0.2633056640625,1.793548387096774,54.34995112414467,1.3774193548387097,41.73998044965787
87.94317479600431,23.4238248205682,0.50592041015625,0.5189208984375,-0.63677978515625,0.2633056640625,1.8064516129032258,54.74095796676443,1.3903225806451613,42.13098729227762
87.96323830299661,23.907065672615403,0.5126953125,0.5167236328125,-0.6376953125,0.25189208984375,1.796774193548387,54.44770283479961,1.396774193548387,42.32649071358749
87.98337208401063,23.907065672615403,0.5126953125,0.5167236328125,-0.6376953125,0.25189208984375,1.7870967741935482,54.154447702834794,1.3645161290322578,41.34897360703812
88.00344554299954,24.501381778601726,0.51824951171875,0.5162353515625,-0.6378173828125,0.24102783203125,1.7741935483870968,53.76344086021506,1.3451612903225805,40.7624633431085
88.02353887498612,24.501381778601726,0.51824951171875,0.5162353515625,-0.6378173828125,0.24102783203125,1.7806451612903225,53.95894428152492,1.361290322580645,41.251221896383186
88.04358878100174,24.501381778601726,0.51824951171875,0.5162353515625,-0.6378173828125,0.24102783203125,1.7548387096774192,53.17693059628543,1.3677419354838707,41.44672531769305
88.06368768098764,25.009594275234306,0.5234375,0.51556396484375,-0.6376953125,0.2314453125,1.7806451612903225,53.95894428152492,1.1483870967741936,34.799608993157385
88.08375397199416,25.009594275234306,0.5234375,0.51556396484375,-0.6376953125,0.2314453125,1.7999999999999998,54.54545454545454,1.2516129032258063,37.92766373411535
88.10382458398817,25.32940032474741,0.52911376953125,0.5125732421875,-0.63861083984375,0.22247314453125,1.7806451612903225,53.95894428152492,1.3096774193548386,39.687194525904204
88.1238974989974,25.32940032474741,0.52911376953125,0.5125732421875,-0.63861083984375,0.22247314453125,1.796774193548387,54.44770283479961,1.2903225806451613,39.100684261974585
88.14397425399511,25.32940032474741,0.52911376953125,0.5125732421875,-0.63861083984375,0.22247314453125,1.829032258064516,55.42521994134897,1.3419354838709676,40.66471163245357
88.16407654600334,25.60245176052466,0.5369873046875,0.51019287109375,-0.63702392578125,0.21331787109375,1.8354838709677417,55.62072336265884,1.293548387096774,39.19843597262952
88.18413701298414,25.60245176052466,0.5369873046875,0.51019287109375,-0.63702392578125,0.21331787109375,1.8419354838709676,55.816226783968716,1.2225806451612904,37.047898338220925
88.20418458300992,25.808001393336284,0.54632568359375,0.50933837890625,-0.63238525390625,0.2054443359375,1.8064516129032258,54.74095796676443,1.2516129032258063,37.92766373411535
88.22422860199003,25.808001393336284,0.54632568359375,0.50933837890625,-0.63238525390625,0.2054443359375,1.796774193548387,54.44770283479961,1.2548387096774192,38.025415444770275
88.24429050899926,25.808001393336284,0.54632568359375,0.50933837890625,-0.63238525390625,0.2054443359375,1.8677419354838707,56.59824046920821,1.293548387096774,39.19843597262952
88.26435103898984,26.46165253377312,0.5560302734375,0.5123291015625,-0.62432861328125,0.19610595703125,1.8645161290322578,56.50048875855327,1.3096774193548386,39.687194525904204
88.28443541098386,26.46165253377312,0.5560302734375,0.5123291015625,-0.62432861328125,0.19610595703125,1.9193548387096775,58.162267839687196,1.3193548387096772,39.980449657869
88.30448550899746,26.98942377261241,0.56524658203125,0.51226806640625,-0.61907958984375,0.1866455078125,1.9,57.57575757575758,1.3645161290322578,41.34897360703812
88.32453890400939,26.98942377261241,0.56524658203125,0.51226806640625,-0.61907958984375,0.1866455078125,1.8741935483870966,56.79374389051808,1.3838709677419354,41.935483870967744
88.34459818698815,26.98942377261241,0.56524658203125,0.51226806640625,-0.61907958984375,0.1866455078125,1.8870967741935485,57.18475073313783,1.4129032258064516,42.81524926686217
88.36470143898623,27.44087017867728,0.5762939453125,0.51043701171875,-0.61322021484375,0.177001953125,1.903225806451613,57.67350928641252,1.429032258064516,43.30400782013685
88.38475870600087,27.44087017867728,0.5762939453125,0.51043701171875,-0.61322021484375,0.177001953125,1.896774193548387,57.478005865102645,1.4387096774193548,43.59726295210166
88.40481536398875,28.243176822619468,0.5889892578125,0.50830078125,-0.60662841796875,0.16363525390625,1.896774193548387,57.478005865102645,1.464516129032258,44.37927663734115
88.42487320699729,28.243176822619468,0.5889892578125,0.50830078125,-0.60662841796875,0.16363525390625,1.9096774193548387,57.86901270772239,1.4806451612903224,44.868035190615835
88.4449347940099,28.243176822619468,0.5889892578125,0.50830078125,-0.60662841796875,0.16363525390625,1.9161290322580644,58.06451612903226,1.5129032258064514,45.8455522971652
88.46499801200116,29.155723077648318,0.60009765625,0.504638671875,-0.60260009765625,0.148681640625,1.9096774193548387,57.86901270772239,1.4903225806451612,45.16129032258064
88.48508686298737,29.155723077648318,0.60009765625,0.504638671875,-0.60260009765625,0.148681640625,1.9258064516129032,58.35777126099707,1.5032258064516129,45.552297165200386
88.50512742399587,29.845386418365116,0.60955810546875,0.5003662109375,-0.59954833984375,0.1363525390625,1.9193548387096775,58.162267839687196,1.5451612903225804,46.82306940371456
88.52518821100239,29.845386418365116,0.60955810546875,0.5003662109375,-0.59954833984375,0.1363525390625,1.9193548387096775,58.162267839687196,1.493548387096774,45.25904203323558
88.54526845298824,29.845386418365116,0.60955810546875,0.5003662109375,-0.59954833984375,0.1363525390625,1.9096774193548387,57.86901270772239,1.4838709677419355,44.965786901270775
88.56532943100319,30.28266643706366,0.619140625,0.49591064453125,-0.59539794921875,0.1273193359375,1.9193548387096775,58.162267839687196,1.5064516129032257,45.650048875855326
88.58539738599211,30.28266643706366,0.619140625,0.49591064453125,-0.59539794921875,0.1273193359375,1.9225806451612903,58.260019550342136,1.4580645161290322,44.18377321603128
88.60548453999218,30.69931963157501,0.62799072265625,0.49151611328125,-0.591552734375,0.118896484375,1.9129032258064516,57.96676441837732,1.432258064516129,43.401759530791786
88.62552858999697,30.69931963157501,0.62799072265625,0.49151611328125,-0.591552734375,0.118896484375,1.9,57.57575757575758,1.3709677419354838,41.54447702834799
88.64560947299469,30.69931963157501,0.62799072265625,0.49151611328125,-0.591552734375,0.118896484375,1.9096774193548387,57.86901270772239,1.3645161290322578,41.34897360703812
88.66564660999575,31.28336066530472,0.63525390625,0.487548828125,-0.5889892578125,0.1090087890625,1.9161290322580644,58.06451612903226,1.2774193548387096,38.70967741935484
88.6857114279992,31.28336066530472,0.63525390625,0.487548828125,-0.5889892578125,0.1090087890625,1.9,57.57575757575758,1.2677419354838708,38.41642228739003
88.70579995898879,31.83500037768502,0.6405029296875,0.48370361328125,-0.58807373046875,0.0994873046875,1.9225806451612903,58.260019550342136,1.2580645161290323,38.12316715542522
88.72585748098209,31.83500037768502,0.6405029296875,0.48370361328125,-0.58807373046875,0.0994873046875,1.8935483870967742,57.380254154447705,1.264516129032258,38.318670576735094
88.7459919009998,31.83500037768502,0.6405029296875,0.48370361328125,-0.58807373046875,0.0994873046875,1.8806451612903226,56.98924731182796,1.264516129032258,38.318670576735094
88.76606455998262,32.16327670595182,0.64398193359375,0.48028564453125,-0.5882568359375,0.092529296875,1.8548387096774193,56.20723362658847,1.2096774193548387,36.65689149560117
88.78609833700466,32.16327670595182,0.64398193359375,0.48028564453125,-0.5882568359375,0.092529296875,1.9193548387096775,58.162267839687196,1.2516129032258063,37.92766373411535
88.80615777900675,32.212451106333646,0.6458740234375,0.47711181640625,-0.58929443359375,0.08892822265625,1.903225806451613,57.67350928641252,1.261290322580645,38.220918866080154
88.8262335099862,32.212451106333646,0.6458740234375,0.47711181640625,-0.58929443359375,0.08892822265625,1.9064516129032258,57.77126099706745,1.2161290322580645,36.852394916911045
88.84628847098793,32.212451106333646,0.6458740234375,0.47711181640625,-0.58929443359375,0.08892822265625,1.896774193548387,57.478005865102645,1.1870967741935483,35.97262952101662
88.86636557799648,32.137234705038175,0.6468505859375,0.47406005859375,-0.591064453125,0.08660888671875,1.896774193548387,57.478005865102645,1.2451612903225806,37.732160312805476
88.8864256599918,32.137234705038175,0.6468505859375,0.47406005859375,-0.591064453125,0.08660888671875,1.9064516129032258,57.77126099706745,1.2774193548387096,38.70967741935484
88.90648065399728,32.11402706915925,0.64752197265625,0.47088623046875,-0.59326171875,0.08355712890625,1.8935483870967742,57.380254154447705,1.2999999999999998,39.39393939393939
88.92654889600817,32.11402706915925,0.64752197265625,0.47088623046875,-0.59326171875,0.08355712890625,1.8838709677419354,57.0869990224829,1.2354838709677418,37.43890518084066
88.94668725298834,32.11402706915925,0.64752197265625,0.47088623046875,-0.59326171875,0.08355712890625,1.8935483870967742,57.380254154447705,1.261290322580645,38.220918866080154
88.96672160600428,32.16693165221875,0.6484375,0.46728515625,-0.59576416015625,0.07904052734375,1.8935483870967742,57.380254154447705,1.2677419354838708,38.41642228739003
88.98677355999826,32.16693165221875,0.6484375,0.46728515625,-0.59576416015625,0.07904052734375,1.9,57.57575757575758,1.293548387096774,39.19843597262952
89.00684173800983,32.21385011698206,0.6497802734375,0.463623046875,-0.5977783203125,0.07464599609375,1.9129032258064516,57.96676441837732,1.3419354838709676,40.66471163245357
89.02690316399094,32.21385011698206,0.6497802734375,0.463623046875,-0.5977783203125,0.07464599609375,1.9258064516129032,58.35777126099707,1.3258064516129031,40.17595307917888
89.04699278299813,32.21385011698206,0.6497802734375,0.463623046875,-0.5977783203125,0.07464599609375,1.9096774193548387,57.86901270772239,1.3419354838709676,40.66471163245357
89.06704425698263,32.25903135896805,0.650634765625,0.460693359375,-0.59942626953125,0.07122802734375,1.9193548387096775,58.162267839687196,1.3741935483870966,41.64222873900293
89.08716197300237,32.25903135896805,0.650634765625,0.460693359375,-0.59942626953125,0.07122802734375,1.9161290322580644,58.06451612903226,1.3774193548387097,41.73998044965787
89.10720269399462,32.294402425691615,0.65106201171875,0.4581298828125,-0.60137939453125,0.06793212890625,1.9096774193548387,57.86901270772239,1.3709677419354838,41.54447702834799
89.12729138499708,32.294402425691615,0.65106201171875,0.4581298828125,-0.60137939453125,0.06793212890625,1.903225806451613,57.67350928641252,1.3645161290322578,41.34897360703812
89.1473440429836,32.294402425691615,0.65106201171875,0.4581298828125,-0.60137939453125,0.06793212890625,1.8870967741935485,57.18475073313783,1.3677419354838707,41.44672531769305
89.16740620500059,32.35470862967305,0.6514892578125,0.45556640625,-0.60321044921875,0.06451416015625,1.9096774193548387,57.86901270772239,1.3387096774193548,40.56695992179863
