timestamp,elevation_deg,imu_i,imu_j,imu_k,imu_r,ch0_voltage,ch0_percentage,ch1_voltage,ch1_percentage
0.0028424219926819205,24.024981277720173,0.2015380859375,0.640869140625,-0.48468017578125,0.5601806640625,1.6838709677419355,51.02639296187683,0.14838709677419354,4.496578690127078
0.027272414998151362,24.0816974639023,0.20086669921875,0.64166259765625,-0.4842529296875,0.559814453125,1.6838709677419355,51.02639296187683,0.2032258064516129,6.158357771260997
0.04310201696353033,24.0816974639023,0.20086669921875,0.64166259765625,-0.4842529296875,0.559814453125,1.7,51.515151515151516,0.23225806451612901,7.038123167155424
0.06280364096164703,24.0816974639023,0.20086669921875,0.64166259765625,-0.4842529296875,0.559814453125,1.7,51.515151515151516,0.23225806451612901,7.038123167155424
0.08698536996962503,24.304622129535517,0.20233154296875,0.6412353515625,-0.48785400390625,0.55670166015625,1.7193548387096773,52.101661779081134,0.25161290322580643,7.624633431085044
0.10313472599955276,24.304622129535517,0.20233154296875,0.6412353515625,-0.48785400390625,0.55670166015625,1.7129032258064516,51.90615835777126,0.37741935483870964,11.436950146627565
0.12801493995357305,24.336076989611982,0.20989990234375,0.64007568359375,-0.4940185546875,0.54974365234375,1.7709677419354837,53.665689149560116,0.4548387096774193,13.78299120234604
0.14340475294739008,24.336076989611982,0.20989990234375,0.64007568359375,-0.4940185546875,0.54974365234375,1.7580645161290323,53.27468230694038,0.4580645161290322,13.880742913000976
0.1631772269611247,24.336076989611982,0.20989990234375,0.64007568359375,-0.4940185546875,0.54974365234375,1.7129032258064516,51.90615835777126,0.46451612903225803,14.076246334310849
0.18726602499373257,24.181008227819476,0.2235107421875,0.6396484375,-0.501708984375,0.53778076171875,1.7483870967741935,52.98142717497556,0.4612903225806451,13.978494623655912
0.20385440200334415,24.181008227819476,0.2235107421875,0.6396484375,-0.501708984375,0.53778076171875,1.764516129032258,53.47018572825024,0.47419354838709676,14.369501466275661
0.2265661979909055,24.030739069804596,0.24371337890625,0.64166259765625,-0.5107421875,0.5177001953125,1.7580645161290323,53.27468230694038,0.4612903225806451,13.978494623655912
0.24330398795427755,24.030739069804596,0.24371337890625,0.64166259765625,-0.5107421875,0.5177001953125,1.764516129032258,53.47018572825024,0.4032258064516129,12.218963831867057
0.2636495999759063,24.030739069804596,0.24371337890625,0.64166259765625,-0.5107421875,0.5177001953125,1.761290322580645,53.3724340175953,0.4935483870967742,14.95601173020528
0.28759586496744305,23.90781356143613,0.271484375,0.644287109375,-0.52056884765625,0.4901123046875,1.7774193548387096,53.86119257086999,0.48709677419354835,14.760508308895407
0.30369245196925476,23.90781356143613,0.271484375,0.644287109375,-0.52056884765625,0.4901123046875,1.7387096774193547,52.68817204301075,0.48709677419354835,14.760508308895407
0.32773295999504626,24.15470129296351,0.30322265625,0.64654541015625,-0.53033447265625,0.4569091796875,1.7838709677419353,54.05669599217986,0.48709677419354835,14.760508308895407
0.34364886896219105,24.15470129296351,0.30322265625,0.64654541015625,-0.53033447265625,0.4569091796875,1.7838709677419353,54.05669599217986,0.4967741935483871,15.053763440860216
0.36374423297820613,24.15470129296351,0.30322265625,0.64654541015625,-0.53033447265625,0.4569091796875,1.7903225806451613,54.25219941348974,0.5064516129032258,15.347018572825025
0.38878400396788493,25.04401325968837,0.33502197265625,0.64697265625,-0.54119873046875,0.419921875,1.7580645161290323,53.27468230694038,0.4967741935483871,15.053763440860216
0.40408488595858216,25.04401325968837,0.33502197265625,0.64697265625,-0.54119873046875,0.419921875,1.8161290322580643,55.034213098729225,0.47419354838709676,14.369501466275661
0.42797706997953355,26.38140133107145,0.36602783203125,0.64599609375,-0.55072021484375,0.38134765625,1.7548387096774192,53.17693059628543,0.4935483870967742,14.95601173020528
0.44403730297926813,26.38140133107145,0.36602783203125,0.64599609375,-0.55072021484375,0.38134765625,1.8032258064516127,54.64320625610948,0.4774193548387097,14.467253176930598
0.4636790859512985,26.38140133107145,0.36602783203125,0.64599609375,-0.55072021484375,0.38134765625,1.761290322580645,53.3724340175953,0.4967741935483871,15.053763440860216
0.48825592995854095,27.650976123235353,0.39599609375,0.6422119140625,-0.5579833984375,0.3455810546875,1.7806451612903225,53.95894428152492,0.4967741935483871,15.053763440860216
0.5043210279545747,27.650976123235353,0.39599609375,0.6422119140625,-0.5579833984375,0.3455810546875,1.793548387096774,54.34995112414467,0.47419354838709676,14.369501466275661
0.5282653729664162,27.96162174865588,0.423828125,0.63330078125,-0.5623779296875,0.32098388671875,1.7999999999999998,54.54545454545454,0.46451612903225803,14.076246334310849
0.5444199449848384,27.96162174865588,0.423828125,0.63330078125,-0.5623779296875,0.32098388671875,1.7838709677419353,54.05669599217986,0.4290322580645161,13.000977517106548
0.5649990039528348,27.96162174865588,0.423828125,0.63330078125,-0.5623779296875,0.32098388671875,1.7870967741935482,54.154447702834794,0.34193548387096767,10.361681329423263
0.5887719210004434,27.21670179861958,0.44561767578125,0.6217041015625,-0.564208984375,0.310791015625,1.7806451612903225,53.95894428152492,0.5387096774193548,16.32453567937439
0.6050071030040272,27.21670179861958,0.44561767578125,0.6217041015625,-0.564208984375,0.310791015625,1.7741935483870968,53.76344086021506,0.5548387096774193,16.81329423264907
0.6278635119670071,26.079935979920393,0.46331787109375,0.60833740234375,-0.56683349609375,0.3065185546875,1.7516129032258063,53.0791788856305,0.5709677419354839,17.302052785923756
0.6447786829667166,26.079935979920393,0.46331787109375,0.60833740234375,-0.56683349609375,0.3065185546875,1.7870967741935482,54.154447702834794,0.6129032258064516,18.57282502443793
0.6644515059888363,26.079935979920393,0.46331787109375,0.60833740234375,-0.56683349609375,0.3065185546875,1.764516129032258,53.47018572825024,0.5741935483870968,17.399804496578692
0.6875561460037716,24.91413482490671,0.4736328125,0.5936279296875,-0.57440185546875,0.30560302734375,1.796774193548387,54.44770283479961,0.561290322580645,17.00879765395894
0.7049555879784748,24.91413482490671,0.4736328125,0.5936279296875,-0.57440185546875,0.30560302734375,1.8032258064516127,54.64320625610948,0.5967741935483871,18.084066471163247
0.7277191299945116,23.99763920993034,0.47686767578125,0.5804443359375,-0.58441162109375,0.30682373046875,1.8354838709677417,55.62072336265884,0.6225806451612903,18.866080156402738
0.7456636119750328,23.99763920993034,0.47686767578125,0.5804443359375,-0.58441162109375,0.30682373046875,1.829032258064516,55.42521994134897,0.4612903225806451,13.978494623655912
0.7649377039633691,23.99763920993034,0.47686767578125,0.5804443359375,-0.58441162109375,0.30682373046875,1.8677419354838707,56.59824046920821,0.6419354838709677,19.452590420332356
0.7894966279854998,23.440722533938768,0.47601318359375,0.57098388671875,-0.59332275390625,0.30877685546875,1.8645161290322578,56.50048875855327,0.632258064516129,19.159335288367547
0.8052400189917535,23.440722533938768,0.47601318359375,0.57098388671875,-0.59332275390625,0.30877685546875,1.9096774193548387,57.86901270772239,0.6580645161290322,19.941348973607038
0.8284404059522785,22.849011762939625,0.4765625,0.56158447265625,-0.600830078125,0.31060791015625,1.9483870967741934,59.04203323558163,0.7516129032258064,22.776148582600193
0.8452175249694847,22.849011762939625,0.4765625,0.56158447265625,-0.600830078125,0.31060791015625,1.935483870967742,58.65102639296188,0.7548387096774193,22.87390029325513
0.8652261989773251,22.849011762939625,0.4765625,0.56158447265625,-0.600830078125,0.31060791015625,1.8838709677419354,57.0869990224829,0.7419354838709677,22.482893450635387
0.8885083479690365,22.408268167785124,0.47906494140625,0.5548095703125,-0.6051025390625,0.3106689453125,1.9774193548387096,59.92179863147605,0.7612903225806451,23.069403714565002
0.9055145299644209,22.408268167785124,0.47906494140625,0.5548095703125,-0.6051025390625,0.3106689453125,2.0,60.60606060606061,0.7870967741935483,23.851417399804493
0.9294817560003139,21.9902825225694,0.48455810546875,0.55035400390625,-0.60546875,0.309326171875,2.029032258064516,61.48582600195503,0.8096774193548386,24.535679374389048
0.9454029129701667,21.9902825225694,0.48455810546875,0.55035400390625,-0.60546875,0.309326171875,2.0354838709677416,61.6813294232649,0.8225806451612904,24.9266862170088
0.9655546949943528,21.9902825225694,0.48455810546875,0.55035400390625,-0.60546875,0.309326171875,2.0354838709677416,61.6813294232649,0.9225806451612902,27.956989247311824
0.9902228709543124,21.495469861324537,0.49285888671875,0.54620361328125,-0.603759765625,0.30694580078125,2.0387096774193547,61.779081133919846,0.9580645161290322,29.03225806451613
1.0055168409598991,21.495469861324537,0.49285888671875,0.54620361328125,-0.603759765625,0.30694580078125,2.051612903225806,62.17008797653958,0.9548387096774194,28.934506353861195
1.030376061971765,20.84967131437449,0.501708984375,0.5408935546875,-0.6019287109375,0.3055419921875,2.0709677419354837,62.75659824046921,0.9870967741935484,29.91202346041056
1.0457482099882327,20.84967131437449,0.501708984375,0.5408935546875,-0.6019287109375,0.3055419921875,2.0709677419354837,62.75659824046921,0.9903225806451612,30.009775171065495
1.0658276379690506,20.84967131437449,0.501708984375,0.5408935546875,-0.6019287109375,0.3055419921875,2.061290322580645,62.4633431085044,0.9903225806451612,30.009775171065495
1.0917521719820797,20.38783322571733,0.50738525390625,0.536865234375,-0.60125732421875,0.30474853515625,2.0774193548387094,62.95210166177908,1.0193548387096774,30.889540566959923
1.106572591001168,20.38783322571733,0.50738525390625,0.536865234375,-0.60125732421875,0.30474853515625,2.0677419354838706,62.65884652981426,1.0193548387096774,30.889540566959923
1.1288668069755659,20.3191419747872,0.5091552734375,0.5352783203125,-0.60174560546875,0.3035888671875,2.064516129032258,62.56109481915934,1.025806451612903,31.08504398826979
1.1462042309576645,20.3191419747872,0.5091552734375,0.5352783203125,-0.60174560546875,0.3035888671875,2.0483870967741935,62.07233626588465,1.0354838709677419,31.378299120234605
1.1661283900029957,20.3191419747872,0.5091552734375,0.5352783203125,-0.60174560546875,0.3035888671875,2.0677419354838706,62.65884652981426,1.064516129032258,32.25806451612903
1.189989564998541,20.405654943169466,0.50836181640625,0.534423828125,-0.60357666015625,0.302734375,2.0354838709677416,61.6813294232649,1.0516129032258064,31.867057673509287
1.2061621850007214,20.405654943169466,0.50836181640625,0.534423828125,-0.60357666015625,0.302734375,2.0677419354838706,62.65884652981426,1.0548387096774192,31.964809384164223
1.2310051819658838,20.535661452059998,0.50543212890625,0.534423828125,-0.60577392578125,0.30322265625,2.054838709677419,62.267839687194524,1.0612903225806452,32.16031280547409
1.2465310949482955,20.535661452059998,0.50543212890625,0.534423828125,-0.60577392578125,0.30322265625,2.0483870967741935,62.07233626588465,1.0677419354838709,32.355816226783965
1.2662496159900911,20.535661452059998,0.50543212890625,0.534423828125,-0.60577392578125,0.30322265625,2.061290322580645,62.4633431085044,1.0548387096774192,31.964809384164223
1.2912753059645183,20.698022309798972,0.50152587890625,0.53662109375,-0.6060791015625,0.30517578125,2.0354838709677416,61.6813294232649,1.0709677419354837,32.453567937438905
1.3064673529588617,20.698022309798972,0.50152587890625,0.53662109375,-0.6060791015625,0.30517578125,2.054838709677419,62.267839687194524,1.0741935483870966,32.55131964809384
1.3310143729904667,20.833233355671496,0.496337890625,0.5390625,-0.606689453125,0.30828857421875,2.0387096774193547,61.779081133919846,1.0806451612903225,32.74682306940371
1.3460385429789312,20.833233355671496,0.496337890625,0.5390625,-0.606689453125,0.30828857421875,2.061290322580645,62.4633431085044,1.058064516129032,32.06256109481915
1.3667560059693642,20.833233355671496,0.496337890625,0.5390625,-0.606689453125,0.30828857421875,2.041935483870968,61.87683284457478,1.0290322580645161,31.182795698924732
1.3914534299983643,20.938291309375018,0.48992919921875,0.5401611328125,-0.60882568359375,0.31231689453125,2.0580645161290323,62.365591397849464,0.9741935483870967,29.521016617790814
1.406790472974535,20.938291309375018,0.48992919921875,0.5401611328125,-0.60882568359375,0.31231689453125,2.061290322580645,62.4633431085044,0.9258064516129031,28.05474095796676
1.4311298709944822,20.97884816614426,0.48504638671875,0.54278564453125,-0.608154296875,0.316650390625,2.0354838709677416,61.6813294232649,0.8451612903225806,25.61094819159335
1.4476714629563503,20.97884816614426,0.48504638671875,0.54278564453125,-0.608154296875,0.316650390625,2.0354838709677416,61.6813294232649,0.832258064516129,25.219941348973606
1.4676773839746602,20.97884816614426,0.48504638671875,0.54278564453125,-0.608154296875,0.316650390625,2.054838709677419,62.267839687194524,0.9258064516129031,28.05474095796676
1.4914105229545385,21.02659139496913,0.4822998046875,0.54718017578125,-0.6046142578125,0.32000732421875,2.061290322580645,62.4633431085044,0.9516129032258065,28.83675464320626
1.5068066399544477,21.02659139496913,0.4822998046875,0.54718017578125,-0.6046142578125,0.32000732421875,2.0580645161290323,62.365591397849464,0.9774193548387097,29.61876832844575
1.5312139119487256,20.998636930277712,0.4788818359375,0.5478515625,-0.6051025390625,0.3231201171875,2.0580645161290323,62.365591397849464,0.9612903225806452,29.130009775171068
1.5469869679654948,20.998636930277712,0.4788818359375,0.5478515625,-0.6051025390625,0.3231201171875,2.061290322580645,62.4633431085044,0.8838709677419354,26.783968719452588
1.5684851270052604,20.998636930277712,0.4788818359375,0.5478515625,-0.6051025390625,0.3231201171875,2.009677419354839,60.899315738025415,0.8935483870967741,27.077223851417397
1.5926989849540405,21.07111356796679,0.47528076171875,0.54669189453125,-0.6080322265625,0.3248291015625,1.9870967741935484,60.215053763440864,0.8387096774193549,25.41544477028348
1.608661902952008,21.07111356796679,0.47528076171875,0.54669189453125,-0.6080322265625,0.3248291015625,1.9870967741935484,60.215053763440864,0.7548387096774193,22.87390029325513
1.6337398829637095,21.321974246805752,0.4720458984375,0.549072265625,-0.6080322265625,0.3255615234375,1.9806451612903224,60.01955034213099,0.7451612903225806,22.58064516129032
1.649572525988333,21.321974246805752,0.4720458984375,0.549072265625,-0.6080322265625,0.3255615234375,1.9709677419354839,59.72629521016618,0.7096774193548387,21.505376344086024
1.6673276589717716,21.321974246805752,0.4720458984375,0.549072265625,-0.6080322265625,0.3255615234375,1.9516129032258065,59.13978494623656,0.7516129032258064,22.776148582600193
1.6918418449931778,21.658259589037954,0.46624755859375,0.5540771484375,-0.60638427734375,0.32843017578125,1.9548387096774194,59.2375366568915,0.7838709677419354,23.753665689149557
1.7074606889509596,21.658259589037954,0.46624755859375,0.5540771484375,-0.60638427734375,0.32843017578125,1.935483870967742,58.65102639296188,0.7903225806451613,23.949169110459433
1.7321128319599666,22.03350890617402,0.458984375,0.55841064453125,-0.60614013671875,0.331787109375,1.9161290322580644,58.06451612903226,0.7838709677419354,23.753665689149557
1.7476462329505011,22.03350890617402,0.458984375,0.55841064453125,-0.60614013671875,0.331787109375,1.903225806451613,57.67350928641252,0.796774193548387,24.144672531769302
1.7683152469689958,22.03350890617402,0.458984375,0.55841064453125,-0.60614013671875,0.331787109375,1.8806451612903226,56.98924731182796,0.764516129032258,23.16715542521994
1.7917387769557536,22.56661151932687,0.45159912109375,0.56243896484375,-0.6070556640625,0.33349609375,1.8032258064516127,54.64320625610948,0.6096774193548387,18.475073313782993
1.8078561639995314,22.56661151932687,0.45159912109375,0.56243896484375,-0.6070556640625,0.33349609375,1.8419354838709676,55.816226783968716,0.5838709677419355,17.6930596285435
1.832874269981403,23.418963027850012,0.44342041015625,0.56756591796875,-0.60870361328125,0.33282470703125,1.8387096774193548,55.71847507331379,0.49032258064516127,14.858260019550343
1.848072204971686,23.418963027850012,0.44342041015625,0.56756591796875,-0.60870361328125,0.33282470703125,1.8064516129032258,54.74095796676443,0.4935483870967742,14.95601173020528
1.868148431996815,23.418963027850012,0.44342041015625,0.56756591796875,-0.60870361328125,0.33282470703125,1.8032258064516127,54.64320625610948,0.47419354838709676,14.369501466275661
1.892124714970123,24.606991569293527,0.4334716796875,0.57470703125,-0.61029052734375,0.3306884765625,1.8161290322580643,55.034213098729225,0.4838709677419355,14.66275659824047
1.9083108399645425,24.606991569293527,0.4334716796875,0.57470703125,-0.61029052734375,0.3306884765625,1.8096774193548386,54.83870967741935,0.5096774193548387,15.444770283479961
1.934131242975127,26.049359190541146,0.42169189453125,0.583984375,-0.61126708984375,0.32781982421875,1.8064516129032258,54.74095796676443,0.5096774193548387,15.444770283479961
1.9484806399559602,26.049359190541146,0.42169189453125,0.583984375,-0.61126708984375,0.32781982421875,1.8129032258064515,54.936461388074285,0.5,15.151515151515152
1.9685995889594778,26.049359190541146,0.42169189453125,0.583984375,-0.61126708984375,0.32781982421875,1.8193548387096772,55.13196480938416,0.36451612903225805,11.04594330400782
1.9921436019940302,27.667311850827737,0.407958984375,0.59356689453125,-0.613037109375,0.32470703125,1.8064516129032258,54.74095796676443,0.3387096774193548,10.263929618768328
2.0087616439559497,27.667311850827737,0.407958984375,0.59356689453125,-0.613037109375,0.32470703125,1.8064516129032258,54.74095796676443,0.332258064516129,10.068426197458455
2.0324021719861776,29.45260438146996,0.392578125,0.60247802734375,-0.6163330078125,0.321044921875,1.7999999999999998,54.54545454545454,0.3225806451612903,9.775171065493646
2.048914162965957,29.45260438146996,0.392578125,0.60247802734375,-0.6163330078125,0.321044921875,1.7774193548387096,53.86119257086999,0.38064516129032255,11.534701857282501
2.0690053039579652,29.45260438146996,0.392578125,0.60247802734375,-0.6163330078125,0.321044921875,1.8032258064516127,54.64320625610948,0.4290322580645161,13.000977517106548
2.092450017982628,31.457434631335722,0.37554931640625,0.61102294921875,-0.62091064453125,0.31640625,1.8161290322580643,55.034213098729225,0.35161290322580646,10.654936461388074
2.1108385139959864,31.457434631335722,0.37554931640625,0.61102294921875,-0.62091064453125,0.31640625,1.7258064516129032,52.29716520039101,0.3709677419354839,11.241446725317694
2.1329166590003297,33.41864060379848,0.359375,0.6180419921875,-0.62615966796875,0.3111572265625,1.7354838709677418,52.59042033235581,0.3354838709677419,10.166177908113392
2.1553720950032584,33.41864060379848,0.359375,0.6180419921875,-0.62615966796875,0.3111572265625,1.7419354838709677,52.785923753665685,0.32580645161290317,9.872922776148581
2.1693969379994087,33.41864060379848,0.359375,0.6180419921875,-0.62615966796875,0.3111572265625,1.7258064516129032,52.29716520039101,0.3129032258064516,9.481915933528837
2.1933360989787616,35.498387997757504,0.34246826171875,0.626220703125,-0.63037109375,0.3052978515625,1.7451612903225806,52.883675464320625,0.2870967741935484,8.699902248289346
2.209580593975261,35.498387997757504,0.34246826171875,0.626220703125,-0.63037109375,0.3052978515625,1.7516129032258063,53.0791788856305,0.35806451612903223,10.850439882697946
2.2332924839574844,37.71758495858457,0.32391357421875,0.6358642578125,-0.63336181640625,0.29937744140625,1.7258064516129032,52.29716520039101,0.25806451612903225,7.820136852394917
2.249783770996146,37.71758495858457,0.32391357421875,0.6358642578125,-0.63336181640625,0.29937744140625,1.729032258064516,52.39491691104594,0.3225806451612903,9.775171065493646
2.2698302699718624,37.71758495858457,0.32391357421875,0.6358642578125,-0.63336181640625,0.29937744140625,1.7,51.515151515151516,0.2290322580645161,6.940371456500488
2.2933574179769494,39.85617098302315,0.30615234375,0.642822265625,-0.6380615234375,0.293212890625,1.729032258064516,52.39491691104594,0.16774193548387095,5.083088954056696
2.3100078139686957,39.85617098302315,0.30615234375,0.642822265625,-0.6380615234375,0.293212890625,1.7258064516129032,52.29716520039101,0.13870967741935483,4.203323558162268
2.33327412197832,42.23225483444747,0.28662109375,0.6495361328125,-0.64349365234375,0.2860107421875,1.7387096774193547,52.68817204301075,0.16129032258064516,4.887585532746823
2.350118059956003,42.23225483444747,0.28662109375,0.6495361328125,-0.64349365234375,0.2860107421875,1.7161290322580645,52.003910068426194,0.1032258064516129,3.1280547409579667
2.3705695949611254,42.23225483444747,0.28662109375,0.6495361328125,-0.64349365234375,0.2860107421875,1.7225806451612902,52.19941348973607,0.14193548387096774,4.301075268817205
2.3933230559923686,44.527031419760654,0.2681884765625,0.65460205078125,-0.649658203125,0.27838134765625,1.7258064516129032,52.29716520039101,0.17096774193548384,5.180840664711631
2.4106810889788903,44.527031419760654,0.2681884765625,0.65460205078125,-0.649658203125,0.27838134765625,1.7,51.515151515151516,0.1774193548387097,5.376344086021506
2.4336167949950323,46.8571511718926,0.25018310546875,0.65936279296875,-0.6556396484375,0.269775390625,1.7225806451612902,52.19941348973607,0.18387096774193548,5.571847507331378
2.45080195897026,46.8571511718926,0.25018310546875,0.65936279296875,-0.6556396484375,0.269775390625,1.7258064516129032,52.29716520039101,0.14516129032258066,4.398826979472141
2.470923947985284,46.8571511718926,0.25018310546875,0.65936279296875,-0.6556396484375,0.269775390625,1.7354838709677418,52.59042033235581,0.13870967741935483,4.203323558162268
2.4936635849880986,49.21247387105117,0.2322998046875,0.66424560546875,-0.6610107421875,0.26055908203125,1.7,51.515151515151516,0.14193548387096774,4.301075268817205
2.5110900349682197,49.21247387105117,0.2322998046875,0.66424560546875,-0.6610107421875,0.26055908203125,1.7258064516129032,52.29716520039101,0.14516129032258066,4.398826979472141
2.5339672759873793,51.60365101146024,0.21429443359375,0.6690673828125,-0.66595458984375,0.2508544921875,1.7096774193548387,51.80840664711632,0.2129032258064516,6.451612903225806
2.5512658509542234,51.60365101146024,0.21429443359375,0.6690673828125,-0.66595458984375,0.2508544921875,1.764516129032258,53.47018572825024,0.2225806451612903,6.744868035190615
2.571281821001321,51.60365101146024,0.21429443359375,0.6690673828125,-0.66595458984375,0.2508544921875,1.729032258064516,52.39491691104594,0.16774193548387095,5.083088954056696
2.5943735649925657,54.155637564971926,0.1947021484375,0.67388916015625,-0.67083740234375,0.24066162109375,1.7451612903225806,52.883675464320625,0.1064516129032258,3.225806451612903
2.611485125962645,54.155637564971926,0.1947021484375,0.67388916015625,-0.67083740234375,0.24066162109375,1.7193548387096773,52.101661779081134,0.09032258064516129,2.7370478983382207
2.6344366089906543,56.745795555002935,0.174072265625,0.677978515625,-0.67578125,0.23089599609375,1.7387096774193547,52.68817204301075,0.1096774193548387,3.3235581622678394
2.651649325969629,56.745795555002935,0.174072265625,0.677978515625,-0.67578125,0.23089599609375,1.7451612903225806,52.883675464320625,0.08709677419354839,2.6392961876832843
2.671699983999133,56.745795555002935,0.174072265625,0.677978515625,-0.67578125,0.23089599609375,1.7774193548387096,53.86119257086999,0.0,0.0
2.6940628419979475,59.37248824778811,0.15313720703125,0.68145751953125,-0.68072509765625,0.2208251953125,1.7774193548387096,53.86119257086999,0.0032258064516129032,0.09775171065493646
2.7266539149568416,59.37248824778811,0.15313720703125,0.68145751953125,-0.68072509765625,0.2208251953125,1.7419354838709677,52.785923753665685,0.0,0.0
2.734472232987173,61.98667957408132,0.13336181640625,0.68463134765625,-0.68524169921875,0.20953369140625,1.7258064516129032,52.29716520039101,0.0032258064516129032,0.09775171065493646
2.7520579519914463,61.98667957408132,0.13336181640625,0.68463134765625,-0.68524169921875,0.20953369140625,1.7387096774193547,52.68817204301075,0.0064516129032258064,0.19550342130987292
2.7722056699567474,61.98667957408132,0.13336181640625,0.68463134765625,-0.68524169921875,0.20953369140625,1.7419354838709677,52.785923753665685,0.0032258064516129032,0.09775171065493646
2.7943477209773846,64.52712133911385,0.11480712890625,0.68743896484375,-0.6893310546875,0.19769287109375,1.7387096774193547,52.68817204301075,0.0,0.0
2.8122518499731086,64.52712133911385,0.11480712890625,0.68743896484375,-0.6893310546875,0.19769287109375,1.7516129032258063,53.0791788856305,0.05161290322580645,1.5640273704789833
2.8336897830013186,66.93385554416618,0.09716796875,0.68975830078125,-0.69287109375,0.1864013671875,1.7161290322580645,52.003910068426194,0.06129032258064516,1.857282502443793
2.8524924679659307,66.93385554416618,0.09716796875,0.68975830078125,-0.69287109375,0.1864013671875,1.7064516129032257,51.71065493646139,0.1774193548387097,5.376344086021506
2.8725760559900664,66.93385554416618,0.09716796875,0.68975830078125,-0.69287109375,0.1864013671875,1.7193548387096773,52.101661779081134,0.06451612903225806,1.9550342130987293
2.8948050210019574,69.30189813368122,0.07965087890625,0.6920166015625,-0.69573974609375,0.17529296875,1.6838709677419355,51.02639296187683,0.0,0.0
2.9126835499773733,69.30189813368122,0.07965087890625,0.6920166015625,-0.69573974609375,0.17529296875,1.6580645161290322,50.24437927663734,0.0,0.0
2.934680859965738,71.62913741960824,0.062744140625,0.69354248046875,-0.69873046875,0.16400146484375,1.6806451612903226,50.9286412512219,0.035483870967741936,1.0752688172043012
2.952795907971449,71.62913741960824,0.062744140625,0.69354248046875,-0.69873046875,0.16400146484375,1.6451612903225807,49.8533724340176,0.0,0.0
2.9728584709810093,71.62913741960824,0.062744140625,0.69354248046875,-0.69873046875,0.16400146484375,1.62258064516129,49.169110459433035,0.11612903225806451,3.519061583577712
2.994953543995507,73.86381970419737,0.04693603515625,0.695068359375,-0.70098876953125,0.152587890625,1.6064516129032256,48.68035190615835,0.0,0.0
3.013064559956547,73.86381970419737,0.04693603515625,0.695068359375,-0.70098876953125,0.152587890625,1.6161290322580644,48.97360703812317,0.06129032258064516,1.857282502443793
3.0349525869823992,75.85076654537586,0.0333251953125,0.697021484375,-0.70208740234375,0.14178466796875,1.590322580645161,48.19159335288367,0.07741935483870967,2.3460410557184748
3.0531612369813956,75.85076654537586,0.0333251953125,0.697021484375,-0.70208740234375,0.14178466796875,1.5774193548387094,47.800586510263926,0.0,0.0
3.0732231289730407,75.85076654537586,0.0333251953125,0.697021484375,-0.70208740234375,0.14178466796875,1.664516129032258,50.43988269794721,0.12580645161290321,3.812316715542522
3.095269048004411,77.62797475304154,0.02130126953125,0.6990966796875,-0.70245361328125,0.1318359375,1.7258064516129032,52.29716520039101,0.0,0.0
3.1134021769976243,77.62797475304154,0.02130126953125,0.6990966796875,-0.70245361328125,0.1318359375,1.7806451612903225,53.95894428152492,0.016129032258064516,0.4887585532746823
3.1359231189708225,79.28198637972203,0.00994873046875,0.70062255859375,-0.70281982421875,0.12274169921875,1.761290322580645,53.3724340175953,0.0,0.0
3.1535196869517677,79.28198637972203,0.00994873046875,0.70062255859375,-0.70281982421875,0.12274169921875,1.7548387096774192,53.17693059628543,0.0032258064516129032,0.09775171065493646
3.173582761955913,79.28198637972203,0.00994873046875,0.70062255859375,-0.70281982421875,0.12274169921875,1.7387096774193547,52.68817204301075,0.0032258064516129032,0.09775171065493646
3.1954850609763525,80.94363328714138,-0.001708984375,0.70233154296875,-0.70269775390625,0.11376953125,1.732258064516129,52.49266862170088,0.06774193548387096,2.0527859237536656
3.2137214569956996,80.94363328714138,-0.001708984375,0.70233154296875,-0.70269775390625,0.11376953125,1.7419354838709677,52.785923753665685,0.14516129032258066,4.398826979472141
3.2355931949568912,82.45489194698379,-0.0118408203125,0.70269775390625,-0.70355224609375,0.10528564453125,1.7129032258064516,51.90615835777126,0.05161290322580645,1.5640273704789833
3.2538893679738976,82.45489194698379,-0.0118408203125,0.70269775390625,-0.70355224609375,0.10528564453125,1.7483870967741935,52.98142717497556,0.18064516129032257,5.474095796676441
3.273957628000062,82.45489194698379,-0.0118408203125,0.70269775390625,-0.70355224609375,0.10528564453125,1.729032258064516,52.39491691104594,0.0,0.0
3.296185536950361,84.0323463715449,-0.0223388671875,0.70343017578125,-0.703857421875,0.09625244140625,1.6903225806451612,51.2218963831867,0.0,0.0
3.3140996510046534,84.0323463715449,-0.0223388671875,0.70343017578125,-0.703857421875,0.09625244140625,1.7129032258064516,51.90615835777126,0.09354838709677418,2.834799608993157
3.336413482960779,85.47952224784258,-0.0325927734375,0.70330810546875,-0.70458984375,0.08868408203125,1.7161290322580645,52.003910068426194,0.08064516129032258,2.4437927663734116
3.354311371978838,85.47952224784258,-0.0325927734375,0.70330810546875,-0.70458984375,0.08868408203125,1.6935483870967742,51.31964809384164,0.0,0.0
3.3743498379481025,85.47952224784258,-0.0325927734375,0.70330810546875,-0.70458984375,0.08868408203125,1.6935483870967742,51.31964809384164,0.0,0.0
3.396666902001016,86.82199806382853,-0.042236328125,0.70306396484375,-0.70513916015625,0.081787109375,1.6903225806451612,51.2218963831867,0.0064516129032258064,0.19550342130987292
3.4145341659896076,86.82199806382853,-0.042236328125,0.70306396484375,-0.70513916015625,0.081787109375,1.6548387096774193,50.146627565982406,0.0064516129032258064,0.19550342130987292
3.4362565559567884,88.02586831474164,-0.05035400390625,0.7027587890625,-0.7056884765625,0.0750732421875,1.6870967741935483,51.12414467253177,0.03225806451612903,0.9775171065493646
3.4546857259701937,88.02586831474164,-0.05035400390625,0.7027587890625,-0.7056884765625,0.0750732421875,1.6483870967741936,49.95112414467254,0.06774193548387096,2.0527859237536656
3.474753760965541,88.02586831474164,-0.05035400390625,0.7027587890625,-0.7056884765625,0.0750732421875,1.7096774193548387,51.80840664711632,0.09032258064516129,2.7370478983382207
3.497262990975287,89.04428585848021,-0.0565185546875,0.70294189453125,-0.7056884765625,0.068603515625,1.7354838709677418,52.59042033235581,0.08709677419354839,2.6392961876832843
3.5148530309670605,89.04428585848021,-0.0565185546875,0.70294189453125,-0.7056884765625,0.068603515625,1.7419354838709677,52.785923753665685,0.07096774193548387,2.1505376344086025
3.536590300966054,89.91478567472598,-0.0614013671875,0.70416259765625,-0.70465087890625,0.0625,1.7,51.515151515151516,0.04516129032258064,1.3685239491691104
3.5550210059736855,89.91478567472598,-0.0614013671875,0.70416259765625,-0.70465087890625,0.0625,1.7161290322580645,52.003910068426194,0.09032258064516129,2.7370478983382207
3.5751032499829307,89.91478567472598,-0.0614013671875,0.70416259765625,-0.70465087890625,0.0625,1.732258064516129,52.49266862170088,0.04838709677419355,1.466275659824047
3.5966919399797916,90.39927688062639,-0.06402587890625,0.70477294921875,-0.7041015625,0.05902099609375,1.7161290322580645,52.003910068426194,0.038709677419354833,1.1730205278592374
3.6152179439668544,90.39927688062639,-0.06402587890625,0.70477294921875,-0.7041015625,0.05902099609375,1.7451612903225806,52.883675464320625,0.14193548387096774,4.301075268817205
3.636697990994435,90.65940272638154,-0.065185546875,0.7052001953125,-0.70367431640625,0.056884765625,1.7,51.515151515151516,0.18387096774193548,5.571847507331378
3.655364286969416,90.65940272638154,-0.065185546875,0.7052001953125,-0.70367431640625,0.056884765625,1.7451612903225806,52.883675464320625,0.18064516129032257,5.474095796676441
3.675438658974599,90.65940272638154,-0.065185546875,0.7052001953125,-0.70367431640625,0.056884765625,1.7,51.515151515151516,0.18387096774193548,5.571847507331378
3.696818957978394,90.75115364194181,-0.0654296875,0.70501708984375,-0.70391845703125,0.0560302734375,1.7354838709677418,52.59042033235581,0.20967741935483872,6.35386119257087
3.715543912956491,90.75115364194181,-0.0654296875,0.70501708984375,-0.70391845703125,0.0560302734375,1.7,51.515151515151516,0.2193548387096774,6.647116324535679
3.7380327580031008,90.71190716363206,-0.0650634765625,0.70465087890625,-0.70428466796875,0.05621337890625,1.7,51.515151515151516,0.2193548387096774,6.647116324535679
3.7556971359881572,90.71190716363206,-0.0650634765625,0.70465087890625,-0.70428466796875,0.05621337890625,1.7129032258064516,51.90615835777126,0.2161290322580645,6.549364613880742
3.775816404959187,90.71190716363206,-0.0650634765625,0.70465087890625,-0.70428466796875,0.05621337890625,1.7032258064516128,51.61290322580645,0.2193548387096774,6.647116324535679
3.7979229019838385,90.60902827423095,-0.0640869140625,0.70428466796875,-0.7047119140625,0.05657958984375,1.7032258064516128,51.61290322580645,0.2161290322580645,6.549364613880742
3.815964635985438,90.60902827423095,-0.0640869140625,0.70428466796875,-0.7047119140625,0.05657958984375,1.7258064516129032,52.29716520039101,0.2161290322580645,6.549364613880742
3.838163551990874,90.45485695669419,-0.0628662109375,0.7037353515625,-0.70538330078125,0.057373046875,1.7064516129032257,51.71065493646139,0.19677419354838707,5.962854349951123
3.8561257629771717,90.45485695669419,-0.0628662109375,0.7037353515625,-0.70538330078125,0.057373046875,1.6870967741935483,51.12414467253177,0.1935483870967742,5.865102639296188
3.8761788859847,90.45485695669419,-0.0628662109375,0.7037353515625,-0.70538330078125,0.057373046875,1.6483870967741936,49.95112414467254,0.1935483870967742,5.865102639296188
3.898422539990861,90.30186416817884,-0.061767578125,0.7030029296875,-0.7060546875,0.05828857421875,1.6516129032258065,50.048875855327466,0.1935483870967742,5.865102639296188
3.9164065759978257,90.30186416817884,-0.061767578125,0.7030029296875,-0.7060546875,0.05828857421875,1.664516129032258,50.43988269794721,0.19032258064516128,5.7673509286412505
3.9386464529670775,90.19560248362707,-0.0609130859375,0.7025146484375,-0.70660400390625,0.058837890625,1.6516129032258065,50.048875855327466,0.19032258064516128,5.7673509286412505
3.9565318939858116,90.19560248362707,-0.0609130859375,0.7025146484375,-0.70660400390625,0.058837890625,1.664516129032258,50.43988269794721,0.18709677419354837,5.669599217986314
3.977555350982584,90.09709374684316,-0.0601806640625,0.7021484375,-0.70697021484375,0.05938720703125,1.664516129032258,50.43988269794721,0.18709677419354837,5.669599217986314
3.9966322199907154,90.09709374684316,-0.0601806640625,0.7021484375,-0.70697021484375,0.05938720703125,1.6774193548387097,50.83088954056696,0.19032258064516128,5.7673509286412505
4.016771520953625,90.09709374684316,-0.0601806640625,0.7021484375,-0.70697021484375,0.05938720703125,1.7225806451612902,52.19941348973607,0.19032258064516128,5.7673509286412505
4.039443187997676,90.02813653852992,-0.05963134765625,0.7017822265625,-0.70733642578125,0.05975341796875,1.6774193548387097,50.83088954056696,0.1935483870967742,5.865102639296188
4.056952488957904,90.02813653852992,-0.05963134765625,0.7017822265625,-0.70733642578125,0.05975341796875,1.6870967741935483,51.12414467253177,0.1935483870967742,5.865102639296188
4.0779106959817,90.13660775481002,-0.06024169921875,0.701416015625,-0.70770263671875,0.05908203125,1.6903225806451612,51.2218963831867,0.1935483870967742,5.865102639296188
4.097025069990195,90.13660775481002,-0.06024169921875,0.701416015625,-0.70770263671875,0.05908203125,1.6935483870967742,51.31964809384164,0.2032258064516129,6.158357771260997
4.117119793954771,90.13660775481002,-0.06024169921875,0.701416015625,-0.70770263671875,0.05908203125,1.6903225806451612,51.2218963831867,0.2064516129032258,6.256109481915933
4.138830695999786,90.17279422953786,-0.06048583984375,0.7012939453125,-0.70782470703125,0.05889892578125,1.6870967741935483,51.12414467253177,0.22580645161290322,6.842619745845553
4.157229975971859,90.17279422953786,-0.06048583984375,0.7012939453125,-0.70782470703125,0.05889892578125,1.7129032258064516,51.90615835777126,0.2032258064516129,6.158357771260997
4.17841126199346,90.20857181289946,-0.06072998046875,0.70123291015625,-0.70794677734375,0.0587158203125,1.6806451612903226,50.9286412512219,0.2161290322580645,6.549364613880742
4.197378686978482,90.20857181289946,-0.06072998046875,0.70123291015625,-0.70794677734375,0.0587158203125,1.6516129032258065,50.048875855327466,0.2161290322580645,6.549364613880742
4.217430497985333,90.20857181289946,-0.06072998046875,0.70123291015625,-0.70794677734375,0.0587158203125,1.7,51.515151515151516,0.2193548387096774,6.647116324535679
4.239838156965561,90.24559898674052,-0.06097412109375,0.7010498046875,-0.7081298828125,0.05853271484375,1.6935483870967742,51.31964809384164,0.2290322580645161,6.940371456500488
4.257623434998095,90.24559898674052,-0.06097412109375,0.7010498046875,-0.7081298828125,0.05853271484375,1.6516129032258065,50.048875855327466,0.22580645161290322,6.842619745845553
4.279034646984655,90.2723966542069,-0.06121826171875,0.70086669921875,-0.708251953125,0.0584716796875,1.6516129032258065,50.048875855327466,0.2225806451612903,6.744868035190615
4.297763121954631,90.2723966542069,-0.06121826171875,0.70086669921875,-0.708251953125,0.0584716796875,1.6580645161290322,50.24437927663734,0.2225806451612903,6.744868035190615
4.317796467978042,90.2723966542069,-0.06121826171875,0.70086669921875,-0.708251953125,0.0584716796875,1.7,51.515151515151516,0.22580645161290322,6.842619745845553
4.339464359974954,90.30864578850097,-0.0615234375,0.70074462890625,-0.7083740234375,0.058349609375,1.6774193548387097,50.83088954056696,0.23225806451612901,7.038123167155424
4.358012124954257,90.30864578850097,-0.0615234375,0.70074462890625,-0.7083740234375,0.058349609375,1.6741935483870967,50.733137829912025,0.23548387096774193,7.1358748778103624
4.379759090952575,90.33648437345394,-0.0616455078125,0.70086669921875,-0.708251953125,0.05810546875,1.664516129032258,50.43988269794721,0.2290322580645161,6.940371456500488
4.398186692968011,90.33648437345394,-0.0616455078125,0.70086669921875,-0.708251953125,0.05810546875,1.6870967741935483,51.12414467253177,0.24516129032258063,7.429130009775172
4.418238215963356,90.33648437345394,-0.0616455078125,0.70086669921875,-0.708251953125,0.05810546875,1.6935483870967742,51.31964809384164,0.2290322580645161,6.940371456500488
4.4397267739987,90.3741821937792,-0.06182861328125,0.70098876953125,-0.7081298828125,0.05780029296875,1.6935483870967742,51.31964809384164,0.23548387096774193,7.1358748778103624
4.458424623997416,90.3741821937792,-0.06182861328125,0.70098876953125,-0.7081298828125,0.05780029296875,1.6838709677419355,51.02639296187683,0.2225806451612903,6.744868035190615
4.479284714965615,90.40203506382649,-0.06182861328125,0.70074462890625,-0.7083740234375,0.0574951171875,1.6774193548387097,50.83088954056696,0.2193548387096774,6.647116324535679
4.4985655909986235,90.40203506382649,-0.06182861328125,0.70074462890625,-0.7083740234375,0.0574951171875,1.6774193548387097,50.83088954056696,0.2225806451612903,6.744868035190615
4.518638425972313,90.40203506382649,-0.06182861328125,0.70074462890625,-0.7083740234375,0.0574951171875,1.6774193548387097,50.83088954056696,0.2193548387096774,6.647116324535679
4.540814749954734,90.44267237922494,-0.06201171875,0.70068359375,-0.70849609375,0.05718994140625,1.6838709677419355,51.02639296187683,0.2161290322580645,6.549364613880742
4.558829154993873,90.44267237922494,-0.06201171875,0.70068359375,-0.70849609375,0.05718994140625,1.696774193548387,51.417399804496576,0.24193548387096775,7.331378299120235
4.5806974049774,90.44433984911123,-0.06201171875,0.7005615234375,-0.7086181640625,0.05718994140625,1.7129032258064516,51.90615835777126,0.2064516129032258,6.256109481915933
4.598957704962231,90.44433984911123,-0.06201171875,0.7005615234375,-0.7086181640625,0.05718994140625,1.6612903225806452,50.34213098729228,0.20967741935483872,6.35386119257087
4.619024460960645,90.44433984911123,-0.06201171875,0.7005615234375,-0.7086181640625,0.05718994140625,1.732258064516129,52.49266862170088,0.2064516129032258,6.256109481915933
4.641756064957008,90.46982623054872,-0.06207275390625,0.70013427734375,-0.70904541015625,0.0570068359375,1.7064516129032257,51.71065493646139,0.19999999999999998,6.0606060606060606
4.659165842982475,90.46982623054872,-0.06207275390625,0.70013427734375,-0.70904541015625,0.0570068359375,1.696774193548387,51.417399804496576,0.2161290322580645,6.549364613880742
4.680445115955081,90.49610076752069,-0.06219482421875,0.70001220703125,-0.70916748046875,0.05682373046875,1.6870967741935483,51.12414467253177,0.20967741935483872,6.35386119257087
4.6993587799952365,90.49610076752069,-0.06219482421875,0.70001220703125,-0.70916748046875,0.05682373046875,1.6612903225806452,50.34213098729228,0.20967741935483872,6.35386119257087
4.7194012139807455,90.49610076752069,-0.06219482421875,0.70001220703125,-0.70916748046875,0.05682373046875,1.6870967741935483,51.12414467253177,0.2064516129032258,6.256109481915933
4.742062640958466,90.50016488367316,-0.06219482421875,0.7000732421875,-0.7091064453125,0.0567626953125,1.6741935483870967,50.733137829912025,0.2290322580645161,6.940371456500488
4.759580294950865,90.50016488367316,-0.06219482421875,0.7000732421875,-0.7091064453125,0.0567626953125,1.667741935483871,50.53763440860215,0.2225806451612903,6.744868035190615
4.780776811996475,90.52064559175957,-0.062255859375,0.70001220703125,-0.70916748046875,0.05657958984375,1.6741935483870967,50.733137829912025,0.2129032258064516,6.451612903225806
4.799686827987898,90.52064559175957,-0.062255859375,0.70001220703125,-0.70916748046875,0.05657958984375,1.6870967741935483,51.12414467253177,0.39032258064516123,11.82795698924731
4.8198627709643915,90.52064559175957,-0.062255859375,0.70001220703125,-0.70916748046875,0.05657958984375,1.6870967741935483,51.12414467253177,0.39032258064516123,11.82795698924731
4.842611751984805,90.53725689286742,-0.0625,0.69989013671875,-0.70928955078125,0.056640625,1.6935483870967742,51.31964809384164,0.39354838709677414,11.925708699902247
4.859955927997362,90.53725689286742,-0.0625,0.69989013671875,-0.70928955078125,0.056640625,1.6870967741935483,51.12414467253177,0.36129032258064514,10.948191593352883
4.880355269997381,90.5426803039118,-0.0626220703125,0.6998291015625,-0.70928955078125,0.05670166015625,1.7032258064516128,51.61290322580645,0.35806451612903223,10.850439882697946
4.900242275965866,90.5426803039118,-0.0626220703125,0.6998291015625,-0.70928955078125,0.05670166015625,1.6903225806451612,51.2218963831867,0.4258064516129032,12.903225806451612
4.920320231001824,90.5426803039118,-0.0626220703125,0.6998291015625,-0.70928955078125,0.05670166015625,1.6741935483870967,50.733137829912025,0.39032258064516123,11.82795698924731
4.942192897957284,90.53838221610926,-0.06280517578125,0.69976806640625,-0.70928955078125,0.05694580078125,1.7032258064516128,51.61290322580645,0.38064516129032255,11.534701857282501
4.960414156957995,90.53838221610926,-0.06280517578125,0.69976806640625,-0.70928955078125,0.05694580078125,1.7161290322580645,52.003910068426194,0.39677419354838706,12.023460410557183
4.98220934899291,90.52055124587717,-0.0628662109375,0.69964599609375,-0.70941162109375,0.0572509765625,1.7451612903225806,52.883675464320625,0.4096774193548387,12.41446725317693
5.000555923965294,90.52055124587717,-0.0628662109375,0.69964599609375,-0.70941162109375,0.0572509765625,1.7161290322580645,52.003910068426194,0.4032258064516129,12.218963831867057
5.02062315895455,90.52055124587717,-0.0628662109375,0.69964599609375,-0.70941162109375,0.0572509765625,1.7354838709677418,52.59042033235581,0.4032258064516129,12.218963831867057
5.0440701129846275,90.51160504269889,-0.0628662109375,0.6995849609375,-0.70947265625,0.057373046875,1.7516129032258063,53.0791788856305,0.39677419354838706,12.023460410557183
5.0607482210034505,90.51160504269889,-0.0628662109375,0.6995849609375,-0.70947265625,0.057373046875,1.7516129032258063,53.0791788856305,0.39677419354838706,12.023460410557183
5.082326158997603,90.50580214139359,-0.06280517578125,0.69964599609375,-0.70941162109375,0.057373046875,1.7451612903225806,52.883675464320625,0.39677419354838706,12.023460410557183
5.10094490199117,90.50580214139359,-0.06280517578125,0.69964599609375,-0.70941162109375,0.057373046875,1.729032258064516,52.39491691104594,0.39677419354838706,12.023460410557183
5.121025673986878,90.50580214139359,-0.06280517578125,0.69964599609375,-0.70941162109375,0.057373046875,1.7548387096774192,53.17693059628543,0.4096774193548387,12.41446725317693
5.1429280049633235,90.46148672103244,-0.06256103515625,0.69964599609375,-0.70941162109375,0.05767822265625,1.761290322580645,53.3724340175953,0.4161290322580645,12.609970674486803
5.161196817003656,90.46148672103244,-0.06256103515625,0.69964599609375,-0.70941162109375,0.05767822265625,1.7516129032258063,53.0791788856305,0.4129032258064516,12.512218963831867
5.183027818973642,90.44345787446508,-0.06243896484375,0.69952392578125,-0.70953369140625,0.05780029296875,1.7258064516129032,52.29716520039101,0.4096774193548387,12.41446725317693
5.201285718998406,90.44345787446508,-0.06243896484375,0.69952392578125,-0.70953369140625,0.05780029296875,1.7580645161290323,53.27468230694038,0.4129032258064516,12.512218963831867
5.221395066997502,90.44345787446508,-0.06243896484375,0.69952392578125,-0.70953369140625,0.05780029296875,1.7516129032258063,53.0791788856305,0.4096774193548387,12.41446725317693
5.243162834958639,90.42528563388115,-0.06219482421875,0.69940185546875,-0.70965576171875,0.05780029296875,1.7419354838709677,52.785923753665685,0.4032258064516129,12.218963831867057
5.26149769697804,90.42528563388115,-0.06219482421875,0.69940185546875,-0.70965576171875,0.05780029296875,1.7354838709677418,52.59042033235581,0.39999999999999997,12.121212121212121
5.284025710949209,90.42849975398467,-0.06219482421875,0.69952392578125,-0.70953369140625,0.0577392578125,1.7387096774193547,52.68817204301075,0.38064516129032255,11.534701857282501
5.301744010997936,90.42849975398467,-0.06219482421875,0.69952392578125,-0.70953369140625,0.0577392578125,1.7258064516129032,52.29716520039101,0.36451612903225805,11.04594330400782
5.321841806988232,90.42849975398467,-0.06219482421875,0.69952392578125,-0.70953369140625,0.0577392578125,1.7129032258064516,51.90615835777126,0.35161290322580646,10.654936461388074
5.343490626954008,90.4559178039568,-0.06231689453125,0.69970703125,-0.70941162109375,0.0574951171875,1.7,51.515151515151516,0.3354838709677419,10.166177908113392
5.361948500969447,90.4559178039568,-0.06231689453125,0.69970703125,-0.70941162109375,0.0574951171875,1.7225806451612902,52.19941348973607,0.2161290322580645,6.549364613880742
5.383181051991414,90.49946476264452,-0.0626220703125,0.69976806640625,-0.7093505859375,0.0572509765625,1.7225806451612902,52.19941348973607,0.20967741935483872,6.35386119257087
5.4020906839868985,90.49946476264452,-0.0626220703125,0.69976806640625,-0.7093505859375,0.0572509765625,1.7258064516129032,52.29716520039101,0.2129032258064516,6.451612903225806
5.422136190987658,90.49946476264452,-0.0626220703125,0.69976806640625,-0.7093505859375,0.0572509765625,1.732258064516129,52.49266862170088,0.2161290322580645,6.549364613880742
5.443745456985198,90.5355343290499,-0.062744140625,0.69964599609375,-0.70947265625,0.05694580078125,1.7064516129032257,51.71065493646139,0.2161290322580645,6.549364613880742
5.4623111429973505,90.5355343290499,-0.062744140625,0.69964599609375,-0.70947265625,0.05694580078125,1.7096774193548387,51.80840664711632,0.2161290322580645,6.549364613880742
5.484600909985602,90.55434125185535,-0.06280517578125,0.69970703125,-0.70941162109375,0.0567626953125,1.7032258064516128,51.61290322580645,0.2193548387096774,6.647116324535679
5.502409995999187,90.55434125185535,-0.06280517578125,0.69970703125,-0.70941162109375,0.0567626953125,1.7193548387096773,52.101661779081134,0.2193548387096774,6.647116324535679
5.522473744000308,90.55434125185535,-0.06280517578125,0.69970703125,-0.70941162109375,0.0567626953125,1.7258064516129032,52.29716520039101,0.23870967741935484,7.233626588465299
5.544405387947336,90.55427337367394,-0.062744140625,0.69970703125,-0.70941162109375,0.05670166015625,1.7258064516129032,52.29716520039101,0.2225806451612903,6.744868035190615
5.5626306149642915,90.55427337367394,-0.062744140625,0.69970703125,-0.70941162109375,0.05670166015625,1.7516129032258063,53.0791788856305,0.2193548387096774,6.647116324535679
5.5843750209896825,90.52278822555085,-0.0626220703125,0.699462890625,-0.7095947265625,0.0570068359375,1.732258064516129,52.49266862170088,0.2225806451612903,6.744868035190615
5.602769245975651,90.52278822555085,-0.0626220703125,0.699462890625,-0.7095947265625,0.0570068359375,1.7387096774193547,52.68817204301075,0.2193548387096774,6.647116324535679
5.622846464975737,90.52278822555085,-0.0626220703125,0.699462890625,-0.7095947265625,0.0570068359375,1.7387096774193547,52.68817204301075,0.2225806451612903,6.744868035190615
5.644517588953022,90.5188666811736,-0.0626220703125,0.69903564453125,-0.71002197265625,0.05712890625,1.732258064516129,52.49266862170088,0.2193548387096774,6.647116324535679
5.662945862975903,90.5188666811736,-0.0626220703125,0.69903564453125,-0.71002197265625,0.05712890625,1.732258064516129,52.49266862170088,0.2225806451612903,6.744868035190615
5.684478006965946,90.51770507460313,-0.06268310546875,0.69915771484375,-0.7099609375,0.05718994140625,1.7483870967741935,52.98142717497556,0.2193548387096774,6.647116324535679
5.703095406002831,90.51770507460313,-0.06268310546875,0.69915771484375,-0.7099609375,0.05718994140625,1.732258064516129,52.49266862170088,0.2290322580645161,6.940371456500488
5.723152336955536,90.51770507460313,-0.06268310546875,0.69915771484375,-0.7099609375,0.05718994140625,1.7516129032258063,53.0791788856305,0.2225806451612903,6.744868035190615
5.745980167994276,90.49587877805502,-0.06256103515625,0.69927978515625,-0.70977783203125,0.05731201171875,1.7354838709677418,52.59042033235581,0.2193548387096774,6.647116324535679
5.763279927952681,90.49587877805502,-0.06256103515625,0.69927978515625,-0.70977783203125,0.05731201171875,1.7387096774193547,52.68817204301075,0.22580645161290322,6.842619745845553
5.7847417969605885,90.50168209742705,-0.0626220703125,0.69921875,-0.7098388671875,0.05731201171875,1.7548387096774192,53.17693059628543,0.22580645161290322,6.842619745845553
5.803431870997883,90.50168209742705,-0.0626220703125,0.69921875,-0.7098388671875,0.05731201171875,1.7741935483870968,53.76344086021506,0.2225806451612903,6.744868035190615
5.823483649990521,90.50168209742705,-0.0626220703125,0.69921875,-0.7098388671875,0.05731201171875,1.729032258064516,52.39491691104594,0.2193548387096774,6.647116324535679
5.845203222997952,90.5026712321881,-0.062744140625,0.69915771484375,-0.70989990234375,0.05743408203125,1.7387096774193547,52.68817204301075,0.2225806451612903,6.744868035190615
5.863613799971063,90.5026712321881,-0.062744140625,0.69915771484375,-0.70989990234375,0.05743408203125,1.7354838709677418,52.59042033235581,0.2290322580645161,6.940371456500488
5.884279038000386,90.4663307645958,-0.0626220703125,0.69891357421875,-0.7100830078125,0.05780029296875,1.729032258064516,52.39491691104594,0.2193548387096774,6.647116324535679
5.903801583976019,90.4663307645958,-0.0626220703125,0.69891357421875,-0.7100830078125,0.05780029296875,1.729032258064516,52.39491691104594,0.2225806451612903,6.744868035190615
5.923918485001195,90.4663307645958,-0.0626220703125,0.69891357421875,-0.7100830078125,0.05780029296875,1.7225806451612902,52.19941348973607,0.2161290322580645,6.549364613880742
5.9445842989953235,90.35900562963886,-0.0621337890625,0.6988525390625,-0.71014404296875,0.05865478515625,1.7129032258064516,51.90615835777126,0.2161290322580645,6.549364613880742
5.964061595965177,90.35900562963886,-0.0621337890625,0.6988525390625,-0.71014404296875,0.05865478515625,1.696774193548387,51.417399804496576,0.2161290322580645,6.549364613880742
5.984767218993511,90.1347986033792,-0.0606689453125,0.69866943359375,-0.7103271484375,0.05999755859375,1.6483870967741936,49.95112414467254,0.18709677419354837,5.669599217986314
6.004202050971799,90.1347986033792,-0.0606689453125,0.69866943359375,-0.7103271484375,0.05999755859375,1.5999999999999999,48.484848484848484,0.18387096774193548,5.571847507331378
6.024276615004055,90.1347986033792,-0.0606689453125,0.69866943359375,-0.7103271484375,0.05999755859375,1.6193548387096772,49.071358748778096,0.17419354838709677,5.278592375366569
6.044792823959142,89.71584674400272,-0.05767822265625,0.69866943359375,-0.71038818359375,0.06219482421875,1.5870967741935482,48.09384164222873,0.16451612903225804,4.9853372434017595
6.064440205984283,89.71584674400272,-0.05767822265625,0.69866943359375,-0.71038818359375,0.06219482421875,1.5354838709677419,46.52981427174975,0.14516129032258066,4.398826979472141
6.08505597000476,88.95210347777135,-0.0521240234375,0.6986083984375,-0.71051025390625,0.06610107421875,1.5193548387096774,46.04105571847507,0.132258064516129,4.007820136852394
6.104634199000429,88.95210347777135,-0.0521240234375,0.6986083984375,-0.71051025390625,0.06610107421875,1.5193548387096774,46.04105571847507,0.132258064516129,4.007820136852394
6.1246570170042105,88.95210347777135,-0.0521240234375,0.6986083984375,-0.71051025390625,0.06610107421875,1.5064516129032257,45.650048875855326,0.11935483870967742,3.6168132942326494
6.145160072948784,87.83734103071536,-0.0439453125,0.69854736328125,-0.71063232421875,0.07171630859375,1.5451612903225804,46.82306940371456,0.03225806451612903,0.9775171065493646
6.164814719988499,87.83734103071536,-0.0439453125,0.69854736328125,-0.71063232421875,0.07171630859375,1.5096774193548386,45.74780058651026,0.0,0.0
6.185455156955868,86.51176607282112,-0.0341796875,0.69781494140625,-0.711181640625,0.07843017578125,1.5161290322580645,45.94330400782014,0.0,0.0
6.2049182140035555,86.51176607282112,-0.0341796875,0.69781494140625,-0.711181640625,0.07843017578125,1.4838709677419355,44.965786901270775,0.03225806451612903,0.9775171065493646
6.2249828889616765,86.51176607282112,-0.0341796875,0.69781494140625,-0.711181640625,0.07843017578125,1.4741935483870967,44.67253176930596,0.038709677419354833,1.1730205278592374
6.245408694958314,85.0669806285122,-0.0235595703125,0.6968994140625,-0.711669921875,0.08575439453125,1.4870967741935484,45.06353861192571,0.038709677419354833,1.1730205278592374
6.265103310986888,85.0669806285122,-0.0235595703125,0.6968994140625,-0.711669921875,0.08575439453125,1.525806451612903,46.236559139784944,0.038709677419354833,1.1730205278592374
6.2854797399486415,83.39590598664333,-0.01129150390625,0.69512939453125,-0.71258544921875,0.09429931640625,1.5419354838709676,46.72531769305962,0.038709677419354833,1.1730205278592374
6.305302903987467,83.39590598664333,-0.01129150390625,0.69512939453125,-0.71258544921875,0.09429931640625,1.5419354838709676,46.72531769305962,0.025806451612903226,0.7820136852394917
6.325375642976724,83.39590598664333,-0.01129150390625,0.69512939453125,-0.71258544921875,0.09429931640625,1.532258064516129,46.432062561094824,0.04193548387096774,1.270772238514174
6.34555917000398,81.73101308511448,0.00067138671875,0.69415283203125,-0.71240234375,0.1029052734375,1.5451612903225804,46.82306940371456,0.029032258064516127,0.879765395894428
6.365549154987093,81.73101308511448,0.00067138671875,0.69415283203125,-0.71240234375,0.1029052734375,1.5225806451612902,46.138807429130004,0.03225806451612903,0.9775171065493646
6.385995633958373,80.01573764275454,0.01251220703125,0.695068359375,-0.71002197265625,0.1119384765625,1.5451612903225804,46.82306940371456,0.02258064516129032,0.6842619745845552
6.405719754984602,80.01573764275454,0.01251220703125,0.695068359375,-0.71002197265625,0.1119384765625,1.5419354838709676,46.72531769305962,0.029032258064516127,0.879765395894428
6.425771405978594,80.01573764275454,0.01251220703125,0.695068359375,-0.71002197265625,0.1119384765625,1.564516129032258,47.40957966764419,0.038709677419354833,1.1730205278592374
6.4458457449800335,78.1625141645348,0.0247802734375,0.695556640625,-0.70758056640625,0.12225341796875,1.5677419354838709,47.507331378299114,0.025806451612903226,0.7820136852394917
6.465954133949708,78.1625141645348,0.0247802734375,0.695556640625,-0.70758056640625,0.12225341796875,1.5741935483870966,47.702834799608986,0.012903225806451613,0.39100684261974583
6.4860252409707755,76.33417040658637,0.0367431640625,0.69390869140625,-0.706787109375,0.1328125,1.5806451612903225,47.898338220918866,0.0,0.0
6.506100444996264,76.33417040658637,0.0367431640625,0.69390869140625,-0.706787109375,0.1328125,1.5838709677419354,47.9960899315738,0.0,0.0
6.5261905289953575,76.33417040658637,0.0367431640625,0.69390869140625,-0.706787109375,0.1328125,1.5709677419354837,47.60508308895405,0.0,0.0
6.546514411980752,74.46244434355596,0.0491943359375,0.6898193359375,-0.7078857421875,0.1436767578125,1.5741935483870966,47.702834799608986,0.0,0.0
6.566352775960695,74.46244434355596,0.0491943359375,0.6898193359375,-0.7078857421875,0.1436767578125,1.6129032258064515,48.87585532746823,0.04516129032258064,1.3685239491691104
6.586431467963848,72.64288348424766,0.06146240234375,0.685791015625,-0.70867919921875,0.15399169921875,1.558064516129032,47.21407624633431,0.0,0.0
6.60654440097278,72.64288348424766,0.06146240234375,0.685791015625,-0.70867919921875,0.15399169921875,1.5516129032258064,47.018572825024435,0.0,0.0
6.626597523980308,72.64288348424766,0.06146240234375,0.685791015625,-0.70867919921875,0.15399169921875,1.5838709677419354,47.9960899315738,0.0,0.0
6.647225831984542,70.86226181035119,0.07281494140625,0.68414306640625,-0.70684814453125,0.16436767578125,1.532258064516129,46.432062561094824,0.0,0.0
6.666757658997085,70.86226181035119,0.07281494140625,0.68414306640625,-0.70684814453125,0.16436767578125,1.5483870967741935,46.9208211143695,0.0,0.0
6.686833086947445,68.81709611078803,0.0855712890625,0.683349609375,-0.7032470703125,0.17633056640625,1.593548387096774,48.289345063538605,0.0,0.0
6.706919458985794,68.81709611078803,0.0855712890625,0.683349609375,-0.7032470703125,0.17633056640625,1.5548387096774192,47.11632453567937,0.0,0.0
6.727003366977442,68.81709611078803,0.0855712890625,0.683349609375,-0.7032470703125,0.17633056640625,1.5225806451612902,46.138807429130004,0.0,0.0
6.748231532983482,66.76706039574394,0.0980224609375,0.68304443359375,-0.69879150390625,0.1884765625,1.5354838709677419,46.52981427174975,0.0,0.0
6.76716436597053,66.76706039574394,0.0980224609375,0.68304443359375,-0.69879150390625,0.1884765625,1.561290322580645,47.31182795698924,0.0,0.0
6.787241585960146,64.73641516738314,0.11053466796875,0.68060302734375,-0.69598388671875,0.20050048828125,1.5838709677419354,47.9960899315738,0.0,0.0
6.807358774996828,64.73641516738314,0.11053466796875,0.68060302734375,-0.69598388671875,0.20050048828125,1.5516129032258064,47.018572825024435,0.0,0.0
6.827422169968486,64.73641516738314,0.11053466796875,0.68060302734375,-0.69598388671875,0.20050048828125,1.564516129032258,47.40957966764419,0.0,0.0
6.847485660982784,62.75749081765654,0.123046875,0.67547607421875,-0.6954345703125,0.212158203125,1.558064516129032,47.21407624633431,0.05483870967741935,1.6617790811339197
6.867579840996768,62.75749081765654,0.123046875,0.67547607421875,-0.6954345703125,0.212158203125,1.6483870967741936,49.95112414467254,0.07096774193548387,2.1505376344086025
6.88764029199956,60.671313997084226,0.1365966796875,0.669677734375,-0.69476318359375,0.2239990234375,1.6193548387096772,49.071358748778096,0.05161290322580645,1.5640273704789833
6.907720775983762,60.671313997084226,0.1365966796875,0.669677734375,-0.69476318359375,0.2239990234375,1.5709677419354837,47.60508308895405,0.05483870967741935,1.6617790811339197
6.927791018970311,60.671313997084226,0.1365966796875,0.669677734375,-0.69476318359375,0.2239990234375,1.6096774193548384,48.77810361681329,0.0,0.0
6.947866062982939,58.59302944768059,0.1497802734375,0.667236328125,-0.69061279296875,0.2354736328125,1.564516129032258,47.40957966764419,0.0,0.0
6.967953746963758,58.59302944768059,0.1497802734375,0.667236328125,-0.69061279296875,0.2354736328125,1.5741935483870966,47.702834799608986,0.0,0.0
6.988044854952022,56.41288907773411,0.16357421875,0.6656494140625,-0.684814453125,0.24725341796875,1.564516129032258,47.40957966764419,0.0,0.0
7.00807221699506,56.41288907773411,0.16357421875,0.6656494140625,-0.684814453125,0.24725341796875,1.5354838709677419,46.52981427174975,0.058064516129032254,1.759530791788856
7.028146044991445,56.41288907773411,0.16357421875,0.6656494140625,-0.684814453125,0.24725341796875,1.5709677419354837,47.60508308895405,0.04193548387096774,1.270772238514174
7.048210239969194,54.27544359445183,0.17864990234375,0.66357421875,-0.67950439453125,0.25701904296875,1.5709677419354837,47.60508308895405,0.0,0.0
7.06826278695371,54.27544359445183,0.17864990234375,0.66357421875,-0.67950439453125,0.25701904296875,1.564516129032258,47.40957966764419,0.0,0.0
7.0883573509636335,52.12979977482952,0.19610595703125,0.66033935546875,-0.675048828125,0.26434326171875,1.596774193548387,48.38709677419355,0.16451612903225804,4.9853372434017595
7.108397032949142,52.12979977482952,0.19610595703125,0.66033935546875,-0.675048828125,0.26434326171875,1.6838709677419355,51.02639296187683,0.0,0.0
7.128481741005089,52.12979977482952,0.19610595703125,0.66033935546875,-0.675048828125,0.26434326171875,1.7129032258064516,51.90615835777126,0.0064516129032258064,0.19550342130987292
7.148545743955765,50.076677099474345,0.2130126953125,0.65667724609375,-0.6707763671875,0.27105712890625,1.6935483870967742,51.31964809384164,0.11612903225806451,3.519061583577712
7.168598162999842,50.076677099474345,0.2130126953125,0.65667724609375,-0.6707763671875,0.27105712890625,1.7258064516129032,52.29716520039101,0.17096774193548384,5.180840664711631
7.188742200960405,48.22164933300133,0.22808837890625,0.65362548828125,-0.666259765625,0.27716064453125,1.7032258064516128,51.61290322580645,0.17096774193548384,5.180840664711631
7.208755450963508,48.22164933300133,0.22808837890625,0.65362548828125,-0.666259765625,0.27716064453125,1.7032258064516128,51.61290322580645,0.18064516129032257,5.474095796676441
7.228818557981867,48.22164933300133,0.22808837890625,0.65362548828125,-0.666259765625,0.27716064453125,1.6903225806451612,51.2218963831867,0.038709677419354833,1.1730205278592374
7.248930402973201,46.427456172610384,0.24163818359375,0.650634765625,-0.66156005859375,0.28399658203125,1.7129032258064516,51.90615835777126,0.19999999999999998,6.0606060606060606
7.269023782981094,46.427456172610384,0.24163818359375,0.650634765625,-0.66156005859375,0.28399658203125,1.7096774193548387,51.80840664711632,0.11290322580645161,3.4213098729227767
7.2890540569787845,44.69962763634236,0.25457763671875,0.648681640625,-0.65576171875,0.29052734375,1.7064516129032257,51.71065493646139,0.15483870967741933,4.6920821114369495
7.309109099966008,44.69962763634236,0.25457763671875,0.648681640625,-0.65576171875,0.29052734375,1.6774193548387097,50.83088954056696,0.05161290322580645,1.5640273704789833
7.329182414978277,44.69962763634236,0.25457763671875,0.648681640625,-0.65576171875,0.29052734375,1.7129032258064516,51.90615835777126,0.2903225806451613,8.797653958944283
7.349305363954045,42.537907542668464,0.27056884765625,0.6451416015625,-0.64910888671875,0.298828125,1.7161290322580645,52.003910068426194,0.19677419354838707,5.962854349951123
7.3694136889535,42.537907542668464,0.27056884765625,0.6451416015625,-0.64910888671875,0.298828125,1.7387096774193547,52.68817204301075,0.1774193548387097,5.376344086021506
7.389412665972486,40.40226665435218,0.287841796875,0.641357421875,-0.64227294921875,0.305419921875,1.729032258064516,52.39491691104594,0.27741935483870966,8.406647116324535
7.409473404986784,40.40226665435218,0.287841796875,0.641357421875,-0.64227294921875,0.305419921875,1.7451612903225806,52.883675464320625,0.18709677419354837,5.669599217986314
7.429529343964532,40.40226665435218,0.287841796875,0.641357421875,-0.64227294921875,0.305419921875,1.7741935483870968,53.76344086021506,0.3870967741935484,11.730205278592376
7.449595491983928,38.28769439646769,0.30615234375,0.63555908203125,-0.6370849609375,0.31060791015625,1.7806451612903225,53.95894428152492,0.3870967741935484,11.730205278592376
7.469679559988435,38.28769439646769,0.30615234375,0.63555908203125,-0.6370849609375,0.31060791015625,1.7838709677419353,54.05669599217986,0.5225806451612903,15.835777126099707
7.489766410959419,35.96516538417753,0.325439453125,0.62591552734375,-0.6339111328125,0.31695556640625,1.8064516129032258,54.74095796676443,0.532258064516129,16.129032258064516
7.509815022000112,35.96516538417753,0.325439453125,0.62591552734375,-0.6339111328125,0.31695556640625,1.8064516129032258,54.74095796676443,0.529032258064516,16.031280547409576
7.529959827952553,35.96516538417753,0.325439453125,0.62591552734375,-0.6339111328125,0.31695556640625,1.8129032258064515,54.936461388074285,0.5709677419354839,17.302052785923756
7.550039191963151,33.76700058909199,0.34417724609375,0.61566162109375,-0.63153076171875,0.32208251953125,1.8258064516129031,55.32746823069403,0.5935483870967742,17.98631476050831
7.570108154963236,33.76700058909199,0.34417724609375,0.61566162109375,-0.63153076171875,0.32208251953125,1.8161290322580643,55.034213098729225,0.5967741935483871,18.084066471163247
7.590212894952856,32.29633757591552,0.35870361328125,0.61004638671875,-0.62811279296875,0.323486328125,1.8451612903225805,55.91397849462365,0.5838709677419355,17.6930596285435
7.610226048971526,32.29633757591552,0.35870361328125,0.61004638671875,-0.62811279296875,0.323486328125,1.8516129032258062,56.10948191593352,0.5741935483870968,17.399804496578692
7.63070635299664,32.29633757591552,0.35870361328125,0.61004638671875,-0.62811279296875,0.323486328125,1.861290322580645,56.402737047898334,0.6129032258064516,18.57282502443793
7.65071659500245,30.801488785083983,0.3709716796875,0.60595703125,-0.6229248046875,0.327392578125,1.861290322580645,56.402737047898334,0.6161290322580645,18.670576735092865
7.67077765398426,30.801488785083983,0.3709716796875,0.60595703125,-0.6229248046875,0.327392578125,1.8806451612903226,56.98924731182796,0.6709677419354838,20.332355816226784
7.6908535929978825,29.044816987425094,0.3828125,0.60113525390625,-0.61663818359375,0.33447265625,1.9193548387096775,58.162267839687196,0.5806451612903226,17.595307917888565
7.710914205003064,29.044816987425094,0.3828125,0.60113525390625,-0.61663818359375,0.33447265625,1.9064516129032258,57.77126099706745,0.6774193548387096,20.527859237536656
7.731205190997571,29.044816987425094,0.3828125,0.60113525390625,-0.61663818359375,0.33447265625,1.8806451612903226,56.98924731182796,0.7096774193548387,21.505376344086024
7.751094500999898,27.57300145185266,0.39434814453125,0.5955810546875,-0.61248779296875,0.338623046875,1.9258064516129032,58.35777126099707,0.7870967741935483,23.851417399804493
7.771167303959373,27.57300145185266,0.39434814453125,0.5955810546875,-0.61248779296875,0.338623046875,1.9451612903225806,58.94428152492669,0.8258064516129032,25.024437927663733
7.791236522956751,26.451796768204893,0.4051513671875,0.589111328125,-0.61102294921875,0.33966064453125,1.9225806451612903,58.260019550342136,0.864516129032258,26.19745845552297
7.811309422948398,26.451796768204893,0.4051513671875,0.589111328125,-0.61102294921875,0.33966064453125,1.9580645161290322,59.33528836754643,0.7870967741935483,23.851417399804493
7.8313915389589965,26.451796768204893,0.4051513671875,0.589111328125,-0.61102294921875,0.33966064453125,1.964516129032258,59.530791788856305,0.8741935483870967,26.49071358748778
7.8540486129932106,25.304046971671724,0.4141845703125,0.581787109375,-0.61065673828125,0.34222412109375,2.0,60.60606060606061,0.8612903225806451,26.099706744868033
7.871573786949739,25.304046971671724,0.4141845703125,0.581787109375,-0.61065673828125,0.34222412109375,2.009677419354839,60.899315738025415,0.8935483870967741,27.077223851417397
7.891689343960024,24.122514535743065,0.4215087890625,0.57568359375,-0.608642578125,0.3470458984375,2.0129032258064514,60.997067448680355,0.832258064516129,25.219941348973606
7.911735393980052,24.122514535743065,0.4215087890625,0.57568359375,-0.608642578125,0.3470458984375,2.02258064516129,61.29032258064516,0.8354838709677419,25.317693059628542
7.93186471197987,24.122514535743065,0.4215087890625,0.57568359375,-0.608642578125,0.3470458984375,2.0354838709677416,61.6813294232649,0.8258064516129032,25.024437927663733
7.951971628004685,23.032773635580938,0.428466796875,0.570556640625,-0.60626220703125,0.3511962890625,2.0129032258064514,60.997067448680355,0.8225806451612904,24.9266862170088
7.9720670559909195,23.032773635580938,0.428466796875,0.570556640625,-0.60626220703125,0.3511962890625,2.0354838709677416,61.6813294232649,0.9129032258064516,27.663734115347015
7.992162483977154,22.327160084617987,0.4332275390625,0.56671142578125,-0.60516357421875,0.353515625,2.032258064516129,61.58357771260997,0.8548387096774194,25.90420332355816
8.01223829598166,22.327160084617987,0.4332275390625,0.56671142578125,-0.60516357421875,0.353515625,2.051612903225806,62.17008797653958,0.8290322580645161,25.12218963831867
8.032252378005069,22.327160084617987,0.4332275390625,0.56671142578125,-0.60516357421875,0.353515625,2.0387096774193547,61.779081133919846,0.8354838709677419,25.317693059628542
8.052338493987918,21.94414017347482,0.43572998046875,0.563720703125,-0.6053466796875,0.35479736328125,2.032258064516129,61.58357771260997,0.8225806451612904,24.9266862170088
8.072417376970407,21.94414017347482,0.43572998046875,0.563720703125,-0.6053466796875,0.35479736328125,2.009677419354839,60.899315738025415,0.864516129032258,26.19745845552297
8.092486565001309,21.702593825542806,0.43695068359375,0.562255859375,-0.605224609375,0.35589599609375,2.054838709677419,62.267839687194524,0.8870967741935484,26.88172043010753
8.112600041960832,21.702593825542806,0.43695068359375,0.562255859375,-0.605224609375,0.35589599609375,2.0387096774193547,61.779081133919846,0.9161290322580644,27.76148582600195
8.132691373990383,21.702593825542806,0.43695068359375,0.562255859375,-0.605224609375,0.35589599609375,2.019354838709677,61.19257086999021,0.9387096774193548,28.445747800586513
8.152699822967406,21.465091940883084,0.43817138671875,0.5615234375,-0.60430908203125,0.35711669921875,2.0774193548387094,62.95210166177908,0.9806451612903225,29.716520039100686
8.172794674988836,21.465091940883084,0.43817138671875,0.5615234375,-0.60430908203125,0.35711669921875,2.061290322580645,62.4633431085044,1.0,30.303030303030305
8.192835125955753,21.301943391572863,0.43896484375,0.56109619140625,-0.60357666015625,0.3580322265625,2.02258064516129,61.29032258064516,1.0032258064516129,30.40078201368524
8.212930041947402,21.301943391572863,0.43896484375,0.56109619140625,-0.60357666015625,0.3580322265625,2.009677419354839,60.899315738025415,1.025806451612903,31.08504398826979
8.233020925952587,21.301943391572863,0.43896484375,0.56109619140625,-0.60357666015625,0.3580322265625,1.9838709677419355,60.117302052785924,1.0193548387096774,30.889540566959923
8.253094849991612,21.22040963611714,0.43988037109375,0.5606689453125,-0.60333251953125,0.35797119140625,2.02258064516129,61.29032258064516,1.0193548387096774,30.889540566959923
8.27316790894838,21.22040963611714,0.43988037109375,0.5606689453125,-0.60333251953125,0.35797119140625,2.02258064516129,61.29032258064516,1.0193548387096774,30.889540566959923
8.293238855956588,21.145880815910928,0.44110107421875,0.5606689453125,-0.6026611328125,0.35760498046875,2.051612903225806,62.17008797653958,1.025806451612903,31.08504398826979
8.313311979989521,21.145880815910928,0.44110107421875,0.5606689453125,-0.6026611328125,0.35760498046875,2.029032258064516,61.48582600195503,1.0032258064516129,30.40078201368524
8.333401807991322,21.145880815910928,0.44110107421875,0.5606689453125,-0.6026611328125,0.35760498046875,2.061290322580645,62.4633431085044,1.0290322580645161,31.182795698924732
8.35351611697115,21.01185249194397,0.44232177734375,0.5601806640625,-0.60211181640625,0.3577880859375,2.061290322580645,62.4633431085044,1.0354838709677419,31.378299120234605
8.373602776962798,21.01185249194397,0.44232177734375,0.5601806640625,-0.60211181640625,0.3577880859375,2.0999999999999996,63.636363636363626,1.0290322580645161,31.182795698924732
8.39365749998251,20.952270246507794,0.4427490234375,0.55999755859375,-0.60186767578125,0.35797119140625,2.0580645161290323,62.365591397849464,1.0129032258064516,30.69403714565005
8.413705021957867,20.952270246507794,0.4427490234375,0.55999755859375,-0.60186767578125,0.35797119140625,2.061290322580645,62.4633431085044,0.9935483870967742,30.107526881720432
8.43375644896878,20.952270246507794,0.4427490234375,0.55999755859375,-0.60186767578125,0.35797119140625,2.096774193548387,63.5386119257087,0.9806451612903225,29.716520039100686
8.45386074198177,20.990148678833307,0.4422607421875,0.56024169921875,-0.60198974609375,0.3580322265625,2.054838709677419,62.267839687194524,0.9516129032258065,28.83675464320626
8.473924264952075,20.990148678833307,0.4422607421875,0.56024169921875,-0.60198974609375,0.3580322265625,2.0387096774193547,61.779081133919846,0.996774193548387,30.205278592375368
8.507689517980907,21.11322701248629,0.44134521484375,0.56072998046875,-0.60235595703125,0.35772705078125,2.061290322580645,62.4633431085044,1.0096774193548386,30.596285434995107
8.514062223955989,21.11322701248629,0.44134521484375,0.56072998046875,-0.60235595703125,0.35772705078125,2.064516129032258,62.56109481915934,0.9774193548387097,29.61876832844575
8.534187636978459,21.11322701248629,0.44134521484375,0.56072998046875,-0.60235595703125,0.35772705078125,2.0709677419354837,62.75659824046921,0.996774193548387,30.205278592375368
8.55422319099307,21.25801208647499,0.44024658203125,0.5615234375,-0.60272216796875,0.3572998046875,2.064516129032258,62.56109481915934,1.0,30.303030303030305
8.574316410988104,21.25801208647499,0.44024658203125,0.5615234375,-0.60272216796875,0.3572998046875,2.0999999999999996,63.636363636363626,0.9806451612903225,29.716520039100686
8.594410878955387,21.360821989447174,0.44012451171875,0.56219482421875,-0.6025390625,0.3565673828125,2.0999999999999996,63.636363636363626,1.0032258064516129,30.40078201368524
8.614447585947346,21.360821989447174,0.44012451171875,0.56219482421875,-0.6025390625,0.3565673828125,2.064516129032258,62.56109481915934,0.9774193548387097,29.61876832844575
8.634574790950865,21.360821989447174,0.44012451171875,0.56219482421875,-0.6025390625,0.3565673828125,2.0387096774193547,61.779081133919846,0.8838709677419354,26.783968719452588
8.654688331997022,21.472848275440555,0.44000244140625,0.5628662109375,-0.60260009765625,0.3555908203125,2.0354838709677416,61.6813294232649,0.8387096774193549,25.41544477028348
8.674677676986903,21.472848275440555,0.44000244140625,0.5628662109375,-0.60260009765625,0.3555908203125,2.009677419354839,60.899315738025415,0.796774193548387,24.144672531769302
8.694732111995108,21.73318356748608,0.4378662109375,0.56494140625,-0.6024169921875,0.355224609375,2.061290322580645,62.4633431085044,0.7741935483870968,23.46041055718475
8.714833107951563,21.73318356748608,0.4378662109375,0.56494140625,-0.6024169921875,0.355224609375,2.0161290322580645,61.09481915933529,0.7451612903225806,22.58064516129032
8.734921175986528,21.73318356748608,0.4378662109375,0.56494140625,-0.6024169921875,0.355224609375,2.0129032258064514,60.997067448680355,0.7483870967741935,22.678396871945257
8.755027420003898,22.200431938085316,0.43255615234375,0.56951904296875,-0.6015625,0.35595703125,1.9387096774193548,58.748778103616814,0.7580645161290323,22.97165200391007
8.77507513499586,22.200431938085316,0.43255615234375,0.56951904296875,-0.6015625,0.35595703125,1.896774193548387,57.478005865102645,0.6967741935483871,21.114369501466275
8.795148866949603,23.05063216063799,0.42303466796875,0.57586669921875,-0.6016845703125,0.35693359375,1.8677419354838707,56.59824046920821,0.5516129032258064,16.715542521994134
8.815226789971348,23.05063216063799,0.42303466796875,0.57586669921875,-0.6016845703125,0.35693359375,1.8032258064516127,54.64320625610948,0.5774193548387097,17.49755620723363
8.835303881962318,23.05063216063799,0.42303466796875,0.57586669921875,-0.6016845703125,0.35693359375,1.7806451612903225,53.95894428152492,0.6258064516129032,18.963831867057674
8.855375532992184,24.03656473513965,0.411865234375,0.5814208984375,-0.6036376953125,0.3577880859375,1.7741935483870968,53.76344086021506,0.5645161290322581,17.106549364613883
8.875442192947958,24.03656473513965,0.411865234375,0.5814208984375,-0.6036376953125,0.3577880859375,1.7806451612903225,53.95894428152492,0.48709677419354835,14.760508308895407
8.895550004963297,25.14707207244757,0.39947509765625,0.5859375,-0.6070556640625,0.35858154296875,1.7870967741935482,54.154447702834794,0.4419354838709677,13.391984359726294
8.91564488899894,25.14707207244757,0.39947509765625,0.5859375,-0.6070556640625,0.35858154296875,1.7870967741935482,54.154447702834794,0.4580645161290322,13.880742913000976
8.935698268003762,25.14707207244757,0.39947509765625,0.5859375,-0.6070556640625,0.35858154296875,1.7548387096774192,53.17693059628543,0.5225806451612903,15.835777126099707
8.955778431962244,26.302676273291567,0.38604736328125,0.59063720703125,-0.61041259765625,0.35992431640625,1.7548387096774192,53.17693059628543,0.5419354838709677,16.422287390029325
8.975862691993825,26.302676273291567,0.38604736328125,0.59063720703125,-0.61041259765625,0.35992431640625,1.7483870967741935,52.98142717497556,0.5516129032258064,16.715542521994134
8.995967111957725,27.475192490398292,0.37286376953125,0.59686279296875,-0.61181640625,0.36102294921875,1.7451612903225806,52.883675464320625,0.5645161290322581,17.106549364613883
9.016048299963586,27.475192490398292,0.37286376953125,0.59686279296875,-0.61181640625,0.36102294921875,1.7129032258064516,51.90615835777126,0.47419354838709676,14.369501466275661
9.036126160004642,27.475192490398292,0.37286376953125,0.59686279296875,-0.61181640625,0.36102294921875,1.7129032258064516,51.90615835777126,0.4032258064516129,12.218963831867057
9.056215859949589,28.951384201313267,0.359130859375,0.60638427734375,-0.61187744140625,0.359130859375,1.7096774193548387,51.80840664711632,0.4419354838709677,13.391984359726294
9.076256341999397,28.951384201313267,0.359130859375,0.60638427734375,-0.61187744140625,0.359130859375,1.7032258064516128,51.61290322580645,0.37419354838709673,11.339198435972628
9.09631624899339,30.818956106541606,0.3438720703125,0.6162109375,-0.61346435546875,0.3544921875,1.7161290322580645,52.003910068426194,0.4064516129032258,12.316715542521994
9.116381756961346,30.818956106541606,0.3438720703125,0.6162109375,-0.61346435546875,0.3544921875,1.7032258064516128,51.61290322580645,0.46774193548387094,14.173998044965789
9.136534690973349,30.818956106541606,0.3438720703125,0.6162109375,-0.61346435546875,0.3544921875,1.6903225806451612,51.2218963831867,0.46451612903225803,14.076246334310849
9.156610501988325,32.81389345993648,0.32861328125,0.6236572265625,-0.617919921875,0.34820556640625,1.62258064516129,49.169110459433035,0.3032258064516129,9.188660801564028
9.176722282951232,32.81389345993648,0.32861328125,0.6236572265625,-0.617919921875,0.34820556640625,1.596774193548387,48.38709677419355,0.3032258064516129,9.188660801564028
9.196772622002754,35.01318771193396,0.31182861328125,0.63104248046875,-0.623046875,0.341064453125,1.6096774193548384,48.77810361681329,0.27741935483870966,8.406647116324535
9.21685022499878,35.01318771193396,0.31182861328125,0.63104248046875,-0.623046875,0.341064453125,1.6096774193548384,48.77810361681329,0.30967741935483867,9.384164222873899
9.236954197986051,35.01318771193396,0.31182861328125,0.63104248046875,-0.623046875,0.341064453125,1.5870967741935482,48.09384164222873,0.3354838709677419,10.166177908113392
9.257037273957394,37.13771842179796,0.29510498046875,0.638671875,-0.6270751953125,0.3343505859375,1.6193548387096772,49.071358748778096,0.3387096774193548,10.263929618768328
9.277122620958835,37.13771842179796,0.29510498046875,0.638671875,-0.6270751953125,0.3343505859375,1.6064516129032256,48.68035190615835,0.23225806451612901,7.038123167155424
9.29721216094913,39.14663586330772,0.27935791015625,0.6453857421875,-0.630859375,0.3277587890625,1.6096774193548384,48.77810361681329,0.14516129032258066,4.398826979472141
9.317295172950253,39.14663586330772,0.27935791015625,0.6453857421875,-0.630859375,0.3277587890625,1.596774193548387,48.38709677419355,0.0064516129032258064,0.19550342130987292
9.337393577967305,39.14663586330772,0.27935791015625,0.6453857421875,-0.630859375,0.3277587890625,1.590322580645161,48.19159335288367,0.23548387096774193,7.1358748778103624
9.357482830004301,41.32987774571486,0.26239013671875,0.651611328125,-0.6356201171875,0.32025146484375,1.5806451612903225,47.898338220918866,0.19999999999999998,6.0606060606060606
9.377570416952949,41.32987774571486,0.26239013671875,0.651611328125,-0.6356201171875,0.32025146484375,1.5774193548387094,47.800586510263926,0.19677419354838707,5.962854349951123
9.397690165962558,43.70116825162963,0.24456787109375,0.65625,-0.64227294921875,0.31146240234375,1.62258064516129,49.169110459433035,0.2225806451612903,6.744868035190615
9.417777657974511,43.70116825162963,0.24456787109375,0.65625,-0.64227294921875,0.31146240234375,1.561290322580645,47.31182795698924,0.264516129032258,8.015640273704788
9.437840797996614,43.70116825162963,0.24456787109375,0.65625,-0.64227294921875,0.31146240234375,1.561290322580645,47.31182795698924,0.26129032258064516,7.9178885630498534
9.457948161987588,46.12250745670304,0.22662353515625,0.66058349609375,-0.64892578125,0.302001953125,1.5709677419354837,47.60508308895405,0.26774193548387093,8.113391984359726
9.478019269998185,46.12250745670304,0.22662353515625,0.66058349609375,-0.64892578125,0.302001953125,1.561290322580645,47.31182795698924,0.3032258064516129,9.188660801564028
9.498091656947508,48.470213837367204,0.20904541015625,0.66522216796875,-0.654296875,0.292724609375,1.5870967741935482,48.09384164222873,0.19032258064516128,5.7673509286412505
9.51817380497232,48.470213837367204,0.20904541015625,0.66522216796875,-0.654296875,0.292724609375,1.5709677419354837,47.60508308895405,0.2193548387096774,6.647116324535679
9.538304433983285,48.470213837367204,0.20904541015625,0.66522216796875,-0.654296875,0.292724609375,1.5774193548387094,47.800586510263926,0.25161290322580643,7.624633431085044
9.558337427966762,50.63397953030596,0.19219970703125,0.66986083984375,-0.6583251953125,0.2845458984375,1.5483870967741935,46.9208211143695,0.18387096774193548,5.571847507331378
9.578415159950964,50.63397953030596,0.19219970703125,0.66986083984375,-0.6583251953125,0.2845458984375,1.5451612903225804,46.82306940371456,0.025806451612903226,0.7820136852394917
9.598495259997435,52.63071794851133,0.17620849609375,0.67401123046875,-0.66162109375,0.27728271484375,1.5548387096774192,47.11632453567937,0.07419354838709677,2.248289345063539
9.618573342973832,52.63071794851133,0.17620849609375,0.67401123046875,-0.66162109375,0.27728271484375,1.5483870967741935,46.9208211143695,0.05161290322580645,1.5640273704789833
9.638655778951943,52.63071794851133,0.17620849609375,0.67401123046875,-0.66162109375,0.27728271484375,1.558064516129032,47.21407624633431,0.035483870967741936,1.0752688172043012
9.65873719099909,54.681982040502604,0.16033935546875,0.677490234375,-0.66546630859375,0.2691650390625,1.5451612903225804,46.82306940371456,0.0,0.0
9.678842666966375,54.681982040502604,0.16033935546875,0.677490234375,-0.66546630859375,0.2691650390625,1.5677419354838709,47.507331378299114,0.0,0.0
9.698896557965782,56.78512123492191,0.1448974609375,0.6805419921875,-0.66961669921875,0.2598876953125,1.5806451612903225,47.898338220918866,0.0,0.0
9.71897710597841,56.78512123492191,0.1448974609375,0.6805419921875,-0.66961669921875,0.2598876953125,1.5677419354838709,47.507331378299114,0.09032258064516129,2.7370478983382207
9.739054485980887,56.78512123492191,0.1448974609375,0.6805419921875,-0.66961669921875,0.2598876953125,1.5838709677419354,47.9960899315738,0.12903225806451613,3.9100684261974585
9.759132440958638,58.93495986785521,0.12908935546875,0.6834716796875,-0.67340087890625,0.25030517578125,1.558064516129032,47.21407624633431,0.16774193548387095,5.083088954056696
9.779212925001048,58.93495986785521,0.12908935546875,0.6834716796875,-0.67340087890625,0.25030517578125,1.6096774193548384,48.77810361681329,0.09999999999999999,3.0303030303030303
9.79930761695141,61.01237300841551,0.11346435546875,0.6861572265625,-0.6768798828125,0.2412109375,1.6064516129032256,48.68035190615835,0.17419354838709677,5.278592375366569
9.819397540995851,61.01237300841551,0.11346435546875,0.6861572265625,-0.6768798828125,0.2412109375,1.590322580645161,48.19159335288367,0.14516129032258066,4.398826979472141
9.839434855966829,61.01237300841551,0.11346435546875,0.6861572265625,-0.6768798828125,0.2412109375,1.6096774193548384,48.77810361681329,0.15161290322580645,4.594330400782014
9.859496138989925,63.140359390653174,0.09747314453125,0.68902587890625,-0.6798095703125,0.231689453125,1.5999999999999999,48.484848484848484,0.16129032258064516,4.887585532746823
9.87963595194742,63.140359390653174,0.09747314453125,0.68902587890625,-0.6798095703125,0.231689453125,1.6096774193548384,48.77810361681329,0.0064516129032258064,0.19550342130987292
9.899702547991183,65.21858144161874,0.0819091796875,0.69158935546875,-0.68231201171875,0.22222900390625,1.62258064516129,49.169110459433035,0.019354838709677417,0.5865102639296187
9.919739125994965,65.21858144161874,0.0819091796875,0.69158935546875,-0.68231201171875,0.22222900390625,1.6258064516129032,49.266862170087975,0.0,0.0
9.939909788954537,65.21858144161874,0.0819091796875,0.69158935546875,-0.68231201171875,0.22222900390625,1.596774193548387,48.38709677419355,0.0,0.0
9.959958783001639,67.1440884154195,0.06817626953125,0.69317626953125,-0.685302734375,0.2127685546875,1.62258064516129,49.169110459433035,0.0,0.0
9.98003533098381,67.1440884154195,0.06817626953125,0.69317626953125,-0.685302734375,0.2127685546875,1.6451612903225807,49.8533724340176,0.0,0.0
10.00007613300113,68.9634002523533,0.05572509765625,0.69415283203125,-0.68829345703125,0.20330810546875,1.635483870967742,49.56011730205279,0.0,0.0
10.020138856954873,68.9634002523533,0.05572509765625,0.69415283203125,-0.68829345703125,0.20330810546875,1.6483870967741936,49.95112414467254,0.0,0.0
10.040222123963758,68.9634002523533,0.05572509765625,0.69415283203125,-0.68829345703125,0.20330810546875,1.635483870967742,49.56011730205279,0.0,0.0
10.060289487999398,70.62317760771388,0.04449462890625,0.6953125,-0.69049072265625,0.19439697265625,1.6483870967741936,49.95112414467254,0.0,0.0
10.080347762966994,70.62317760771388,0.04449462890625,0.6953125,-0.69049072265625,0.19439697265625,1.596774193548387,48.38709677419355,0.0,0.0
10.100417525973171,72.25847910867873,0.0333251953125,0.6971435546875,-0.69171142578125,0.18548583984375,1.6096774193548384,48.77810361681329,0.0,0.0
10.120554780005477,72.25847910867873,0.0333251953125,0.6971435546875,-0.69171142578125,0.18548583984375,1.6129032258064515,48.87585532746823,0.06774193548387096,2.0527859237536656
10.140607390960213,72.25847910867873,0.0333251953125,0.6971435546875,-0.69171142578125,0.18548583984375,1.6483870967741936,49.95112414467254,0.13548387096774192,4.105571847507331
10.160769988957327,73.77368622343812,0.02301025390625,0.6990966796875,-0.6923828125,0.17706298828125,1.6741935483870967,50.733137829912025,0.16451612903225804,4.9853372434017595
10.180745508987457,73.77368622343812,0.02301025390625,0.6990966796875,-0.6923828125,0.17706298828125,1.7129032258064516,51.90615835777126,0.06451612903225806,1.9550342130987293
10.200826824991964,75.21500738528506,0.01385498046875,0.70068359375,-0.69317626953125,0.16839599609375,1.664516129032258,50.43988269794721,0.009677419354838708,0.29325513196480935
10.220928972994443,75.21500738528506,0.01385498046875,0.70068359375,-0.69317626953125,0.16839599609375,1.6548387096774193,50.146627565982406,0.13870967741935483,4.203323558162268
10.240967471967451,75.21500738528506,0.01385498046875,0.70068359375,-0.69317626953125,0.16839599609375,1.6451612903225807,49.8533724340176,0.08709677419354839,2.6392961876832843
10.261105812969618,76.73616593614639,0.00433349609375,0.70233154296875,-0.69378662109375,0.1590576171875,1.6741935483870967,50.733137829912025,0.04193548387096774,1.270772238514174
10.281130966963246,76.73616593614639,0.00433349609375,0.70233154296875,-0.69378662109375,0.1590576171875,1.6548387096774193,50.146627565982406,0.025806451612903226,0.7820136852394917
10.301187321951147,78.18629096726441,-0.0050048828125,0.7034912109375,-0.694580078125,0.15045166015625,1.6903225806451612,51.2218963831867,0.14838709677419354,4.496578690127078
10.321281726995949,78.18629096726441,-0.0050048828125,0.7034912109375,-0.694580078125,0.15045166015625,1.7129032258064516,51.90615835777126,0.14838709677419354,4.496578690127078
10.341340417973697,78.18629096726441,-0.0050048828125,0.7034912109375,-0.694580078125,0.15045166015625,1.6483870967741936,49.95112414467254,0.1064516129032258,3.225806451612903
10.361412740952801,79.6096695495869,-0.0140380859375,0.70343017578125,-0.69622802734375,0.14208984375,1.6516129032258065,50.048875855327466,0.14193548387096774,4.301075268817205
10.381512168969493,79.6096695495869,-0.0140380859375,0.70343017578125,-0.69622802734375,0.14208984375,1.6548387096774193,50.146627565982406,0.07741935483870967,2.3460410557184748
10.401598668948282,80.90160888488631,-0.02252197265625,0.70355224609375,-0.6973876953125,0.13470458984375,1.664516129032258,50.43988269794721,0.13548387096774192,4.105571847507331
10.421663504967,80.90160888488631,-0.02252197265625,0.70355224609375,-0.6973876953125,0.13470458984375,1.7,51.515151515151516,0.15806451612903225,4.789833822091887
10.44180533400504,80.90160888488631,-0.02252197265625,0.70355224609375,-0.6973876953125,0.13470458984375,1.6548387096774193,50.146627565982406,0.029032258064516127,0.879765395894428
10.461863864969928,82.12226569689696,-0.030517578125,0.70416259765625,-0.69781494140625,0.1275634765625,1.6290322580645162,49.36461388074292,0.08387096774193548,2.541544477028348
10.481971742003225,82.12226569689696,-0.030517578125,0.70416259765625,-0.69781494140625,0.1275634765625,1.596774193548387,48.38709677419355,0.029032258064516127,0.879765395894428
10.502039456972852,83.23330087925241,-0.03759765625,0.70440673828125,-0.6983642578125,0.12091064453125,1.6387096774193548,49.65786901270772,0.012903225806451613,0.39100684261974583
10.522125700954348,83.23330087925241,-0.03759765625,0.70440673828125,-0.6983642578125,0.12091064453125,1.6451612903225807,49.8533724340176,0.0064516129032258064,0.19550342130987292
10.542216456960887,83.23330087925241,-0.03759765625,0.70440673828125,-0.6983642578125,0.12091064453125,1.6483870967741936,49.95112414467254,0.24838709677419354,7.526881720430108
10.562298028962687,84.30778822582141,-0.04437255859375,0.70440673828125,-0.6990966796875,0.11444091796875,1.6903225806451612,51.2218963831867,0.2032258064516129,6.158357771260997
10.582402128959075,84.30778822582141,-0.04437255859375,0.70440673828125,-0.6990966796875,0.11444091796875,1.732258064516129,52.49266862170088,0.2161290322580645,6.549364613880742
10.602484404982533,85.29415350901452,-0.0506591796875,0.7039794921875,-0.70001220703125,0.108642578125,1.6516129032258065,50.048875855327466,0.18064516129032257,5.474095796676441
10.622566392994486,85.29415350901452,-0.0506591796875,0.7039794921875,-0.70001220703125,0.108642578125,1.6451612903225807,49.8533724340176,0.23225806451612901,7.038123167155424
10.64265756495297,85.29415350901452,-0.0506591796875,0.7039794921875,-0.70001220703125,0.108642578125,1.596774193548387,48.38709677419355,0.0032258064516129032,0.09775171065493646
10.662749760958832,86.25907681965893,-0.05694580078125,0.703857421875,-0.7005615234375,0.10302734375,1.6193548387096772,49.071358748778096,0.0,0.0
10.682840708992444,86.25907681965893,-0.05694580078125,0.703857421875,-0.7005615234375,0.10302734375,1.6451612903225807,49.8533724340176,0.0,0.0
10.70290205598576,87.22359683228534,-0.0633544921875,0.703369140625,-0.70123291015625,0.09759521484375,1.635483870967742,49.56011730205279,0.0,0.0
10.72295156295877,87.22359683228534,-0.0633544921875,0.703369140625,-0.70123291015625,0.09759521484375,1.6483870967741936,49.95112414467254,0.0,0.0
10.743014925974421,87.22359683228534,-0.0633544921875,0.703369140625,-0.70123291015625,0.09759521484375,1.632258064516129,49.462365591397855,0.0032258064516129032,0.09775171065493646
10.763078672986012,88.13038974459079,-0.06951904296875,0.7030029296875,-0.70166015625,0.09259033203125,1.5806451612903225,47.898338220918866,0.0064516129032258064,0.19550342130987292
10.783135571982712,88.13038974459079,-0.06951904296875,0.7030029296875,-0.70166015625,0.09259033203125,1.6290322580645162,49.36461388074292,0.025806451612903226,0.7820136852394917
10.803191190992948,88.92766600050265,-0.07501220703125,0.70269775390625,-0.7020263671875,0.0882568359375,1.6516129032258065,50.048875855327466,0.0,0.0
10.823257274983916,88.92766600050265,-0.07501220703125,0.70269775390625,-0.7020263671875,0.0882568359375,1.6290322580645162,49.36461388074292,0.0064516129032258064,0.19550342130987292
10.843320157960989,88.92766600050265,-0.07501220703125,0.70269775390625,-0.7020263671875,0.0882568359375,1.6483870967741936,49.95112414467254,0.06774193548387096,2.0527859237536656
10.863419233995955,89.60964526581301,-0.07940673828125,0.70245361328125,-0.70220947265625,0.084228515625,1.62258064516129,49.169110459433035,0.06774193548387096,2.0527859237536656
10.883468484971672,89.60964526581301,-0.07940673828125,0.70245361328125,-0.70220947265625,0.084228515625,1.6709677419354838,50.635386119257085,0.1032258064516129,3.1280547409579667
10.903532008000184,90.25773805756842,-0.0831298828125,0.7022705078125,-0.7025146484375,0.0799560546875,1.7032258064516128,51.61290322580645,0.05483870967741935,1.6617790811339197
10.923615627980325,90.25773805756842,-0.0831298828125,0.7022705078125,-0.7025146484375,0.0799560546875,1.6838709677419355,51.02639296187683,0.08064516129032258,2.4437927663734116
10.943666318955366,90.25773805756842,-0.0831298828125,0.7022705078125,-0.7025146484375,0.0799560546875,1.6903225806451612,51.2218963831867,0.11935483870967742,3.6168132942326494
10.96374596998794,90.82235056651423,-0.08642578125,0.7020263671875,-0.7027587890625,0.0762939453125,1.6612903225806452,50.34213098729228,0.22580645161290322,6.842619745845553
10.983851382974535,90.82235056651423,-0.08642578125,0.7020263671875,-0.7027587890625,0.0762939453125,1.7096774193548387,51.80840664711632,0.26774193548387093,8.113391984359726
11.008770029991865,91.36334860472101,-0.08978271484375,0.70196533203125,-0.7027587890625,0.07293701171875,1.7129032258064516,51.90615835777126,0.22580645161290322,6.842619745845553
11.024155618972145,91.36334860472101,-0.08978271484375,0.70196533203125,-0.7027587890625,0.07293701171875,1.7225806451612902,52.19941348973607,0.22580645161290322,6.842619745845553
11.044216709968168,91.36334860472101,-0.08978271484375,0.70196533203125,-0.7027587890625,0.07293701171875,1.7258064516129032,52.29716520039101,0.3290322580645161,9.970674486803519
11.06424221600173,91.92683638444217,-0.09320068359375,0.70172119140625,-0.702880859375,0.06939697265625,1.7032258064516128,51.61290322580645,0.3548387096774194,10.752688172043012
11.084360748995095,91.92683638444217,-0.09320068359375,0.70172119140625,-0.702880859375,0.06939697265625,1.7451612903225806,52.883675464320625,0.34516129032258064,10.459433040078201
11.104423183947802,92.51762167356871,-0.09674072265625,0.70159912109375,-0.702880859375,0.06561279296875,1.7387096774193547,52.68817204301075,0.3354838709677419,10.166177908113392
11.124468914989848,92.51762167356871,-0.09674072265625,0.70159912109375,-0.702880859375,0.06561279296875,1.7193548387096773,52.101661779081134,0.2967741935483871,8.993157380254155
11.144516276952345,92.51762167356871,-0.09674072265625,0.70159912109375,-0.702880859375,0.06561279296875,1.696774193548387,51.417399804496576,0.3870967741935484,11.730205278592376
11.164580665004905,93.03327192798002,-0.0997314453125,0.7012939453125,-0.70306396484375,0.062255859375,1.7225806451612902,52.19941348973607,0.3387096774193548,10.263929618768328
11.184680188947823,93.03327192798002,-0.0997314453125,0.7012939453125,-0.70306396484375,0.062255859375,1.7096774193548387,51.80840664711632,0.38064516129032255,11.534701857282501
11.204727775999345,93.5691231145582,-0.10284423828125,0.70123291015625,-0.7030029296875,0.0587158203125,1.7032258064516128,51.61290322580645,0.2870967741935484,8.699902248289346
11.224874373001512,93.5691231145582,-0.10284423828125,0.70123291015625,-0.7030029296875,0.0587158203125,1.7258064516129032,52.29716520039101,0.2870967741935484,8.699902248289346
11.244890822970774,93.5691231145582,-0.10284423828125,0.70123291015625,-0.7030029296875,0.0587158203125,1.732258064516129,52.49266862170088,0.2225806451612903,6.744868035190615
11.264947274001315,93.9725503304941,-0.104736328125,0.70123291015625,-0.7030029296875,0.05560302734375,1.729032258064516,52.39491691104594,0.2290322580645161,6.940371456500488
11.28506423899671,93.9725503304941,-0.104736328125,0.70123291015625,-0.7030029296875,0.05560302734375,1.7516129032258063,53.0791788856305,0.3129032258064516,9.481915933528837
11.305103664984927,94.19807280252115,-0.10516357421875,0.70135498046875,-0.7030029296875,0.05322265625,1.7516129032258063,53.0791788856305,0.332258064516129,10.068426197458455
11.325175701000262,94.19807280252115,-0.10516357421875,0.70135498046875,-0.7030029296875,0.05322265625,1.7225806451612902,52.19941348973607,0.3290322580645161,9.970674486803519
11.345237559988163,94.19807280252115,-0.10516357421875,0.70135498046875,-0.7030029296875,0.05322265625,1.7161290322580645,52.003910068426194,0.34193548387096767,10.361681329423263
11.365361756994389,94.36641435393024,-0.10504150390625,0.701416015625,-0.703125,0.051025390625,1.732258064516129,52.49266862170088,0.2193548387096774,6.647116324535679
11.385451360954903,94.36641435393024,-0.10504150390625,0.701416015625,-0.703125,0.051025390625,1.7419354838709677,52.785923753665685,0.3064516129032258,9.286412512218964
11.405470242956653,94.22301139243642,-0.10345458984375,0.7010498046875,-0.7037353515625,0.05133056640625,1.7387096774193547,52.68817204301075,0.34516129032258064,10.459433040078201
11.425595591950696,94.22301139243642,-0.10345458984375,0.7010498046875,-0.7037353515625,0.05133056640625,1.7741935483870968,53.76344086021506,0.4225806451612903,12.805474095796676
11.445715244975872,94.22301139243642,-0.10345458984375,0.7010498046875,-0.7037353515625,0.05133056640625,1.7419354838709677,52.785923753665685,0.4548387096774193,13.78299120234604
11.465781295963097,93.99127225025592,-0.10162353515625,0.70062255859375,-0.704345703125,0.052490234375,1.7,51.515151515151516,0.4419354838709677,13.391984359726294
11.485837874992285,93.99127225025592,-0.10162353515625,0.70062255859375,-0.704345703125,0.052490234375,1.696774193548387,51.417399804496576,0.38064516129032255,11.534701857282501
11.505949143960606,93.9232769612739,-0.10113525390625,0.70001220703125,-0.7049560546875,0.052978515625,1.7129032258064516,51.90615835777126,0.37419354838709673,11.339198435972628
11.526026939973235,93.9232769612739,-0.10113525390625,0.70001220703125,-0.7049560546875,0.052978515625,1.7516129032258063,53.0791788856305,0.37419354838709673,11.339198435972628
11.54606415797025,93.9232769612739,-0.10113525390625,0.70001220703125,-0.7049560546875,0.052978515625,1.7516129032258063,53.0791788856305,0.37419354838709673,11.339198435972628
11.566142721974757,93.84768896220606,-0.1007080078125,0.69927978515625,-0.7056884765625,0.05364990234375,1.7354838709677418,52.59042033235581,0.37741935483870964,11.436950146627565
11.586207652988378,93.84768896220606,-0.1007080078125,0.69927978515625,-0.7056884765625,0.05364990234375,1.7129032258064516,51.90615835777126,0.37419354838709673,11.339198435972628
11.606291176984087,93.70712519411255,-0.099365234375,0.698974609375,-0.7061767578125,0.05413818359375,1.7354838709677418,52.59042033235581,0.37419354838709673,11.339198435972628
11.626330058963504,93.70712519411255,-0.099365234375,0.698974609375,-0.7061767578125,0.05413818359375,1.732258064516129,52.49266862170088,0.38387096774193546,11.632453567937437
11.64642676699441,93.70712519411255,-0.099365234375,0.698974609375,-0.7061767578125,0.05413818359375,1.732258064516129,52.49266862170088,0.39032258064516123,11.82795698924731
11.66651822795393,93.4226776854127,-0.0972900390625,0.698974609375,-0.706298828125,0.05560302734375,1.7129032258064516,51.90615835777126,0.3870967741935484,11.730205278592376
11.68658959097229,93.4226776854127,-0.0972900390625,0.698974609375,-0.706298828125,0.05560302734375,1.7064516129032257,51.71065493646139,0.39032258064516123,11.82795698924731
11.706665882957168,93.0572986042486,-0.0946044921875,0.6988525390625,-0.70660400390625,0.0574951171875,1.696774193548387,51.417399804496576,0.39354838709677414,11.925708699902247
11.72678572696168,93.0572986042486,-0.0946044921875,0.6988525390625,-0.70660400390625,0.0574951171875,1.6838709677419355,51.02639296187683,0.38064516129032255,11.534701857282501
11.746795936953276,93.0572986042486,-0.0946044921875,0.6988525390625,-0.70660400390625,0.0574951171875,1.6806451612903226,50.9286412512219,0.37741935483870964,11.436950146627565
11.766854339977726,92.60578422151372,-0.09130859375,0.69805908203125,-0.7076416015625,0.05999755859375,1.6741935483870967,50.733137829912025,0.3709677419354839,11.241446725317694
11.786967049003579,92.60578422151372,-0.09130859375,0.69805908203125,-0.7076416015625,0.05999755859375,1.7,51.515151515151516,0.25161290322580643,7.624633431085044
11.807005162991118,92.06155512268013,-0.08734130859375,0.69720458984375,-0.708740234375,0.06298828125,1.6483870967741936,49.95112414467254,0.2290322580645161,6.940371456500488
11.827071374980733,92.06155512268013,-0.08734130859375,0.69720458984375,-0.708740234375,0.06298828125,1.6258064516129032,49.266862170087975,0.20967741935483872,6.35386119257087
11.847317654988728,92.06155512268013,-0.08734130859375,0.69720458984375,-0.708740234375,0.06298828125,1.596774193548387,48.38709677419355,0.2193548387096774,6.647116324535679
11.867387514968868,91.4425654132666,-0.08270263671875,0.697265625,-0.708984375,0.0660400390625,1.6096774193548384,48.77810361681329,0.2225806451612903,6.744868035190615
11.887471806956455,91.4425654132666,-0.08270263671875,0.697265625,-0.708984375,0.0660400390625,1.558064516129032,47.21407624633431,0.2129032258064516,6.451612903225806
11.907491263991687,90.78467751424017,-0.07794189453125,0.69781494140625,-0.7086181640625,0.0693359375,1.5741935483870966,47.702834799608986,0.19999999999999998,6.0606060606060606
11.927554435969796,90.78467751424017,-0.07794189453125,0.69781494140625,-0.7086181640625,0.0693359375,1.5709677419354837,47.60508308895405,0.16774193548387095,5.083088954056696
11.94763571897056,90.78467751424017,-0.07794189453125,0.69781494140625,-0.7086181640625,0.0693359375,1.561290322580645,47.31182795698924,0.06129032258064516,1.857282502443793
11.967678633984178,90.1068361733597,-0.072998046875,0.6981201171875,-0.70855712890625,0.07275390625,1.467741935483871,44.4770283479961,0.0,0.0
11.987809935002588,90.1068361733597,-0.072998046875,0.6981201171875,-0.70855712890625,0.07275390625,1.4806451612903224,44.868035190615835,0.0,0.0
12.007867345993873,89.40009437797843,-0.0677490234375,0.6986083984375,-0.70819091796875,0.076171875,1.4806451612903224,44.868035190615835,0.0032258064516129032,0.09775171065493646
12.027942902001087,89.40009437797843,-0.0677490234375,0.6986083984375,-0.70819091796875,0.076171875,1.467741935483871,44.4770283479961,0.0,0.0
12.048076666949783,89.40009437797843,-0.0677490234375,0.6986083984375,-0.70819091796875,0.076171875,1.4870967741935484,45.06353861192571,0.0,0.0
12.06814787100302,88.43422757560833,-0.060791015625,0.6995849609375,-0.70733642578125,0.08099365234375,1.5064516129032257,45.650048875855326,0.0,0.0
12.088221249985509,88.43422757560833,-0.060791015625,0.6995849609375,-0.70733642578125,0.08099365234375,1.5161290322580645,45.94330400782014,0.0,0.0
12.108294021978509,87.26764951279566,-0.05218505859375,0.7010498046875,-0.7059326171875,0.0865478515625,1.5354838709677419,46.52981427174975,0.0,0.0
12.128372168983333,87.26764951279566,-0.05218505859375,0.7010498046875,-0.7059326171875,0.0865478515625,1.5451612903225804,46.82306940371456,0.0,0.0
12.14842103596311,87.26764951279566,-0.05218505859375,0.7010498046875,-0.7059326171875,0.0865478515625,1.525806451612903,46.236559139784944,0.0,0.0
12.168540144979488,85.8980828672509,-0.0423583984375,0.70245361328125,-0.70428466796875,0.0933837890625,1.5483870967741935,46.9208211143695,0.0,0.0
12.18858568399446,85.8980828672509,-0.0423583984375,0.70245361328125,-0.70428466796875,0.0933837890625,1.5387096774193547,46.62756598240469,0.0,0.0
12.208675255998969,84.38904968418385,-0.03216552734375,0.70281982421875,-0.70330810546875,0.10174560546875,1.5838709677419354,47.9960899315738,0.0,0.0
12.228765115956776,84.38904968418385,-0.03216552734375,0.70281982421875,-0.70330810546875,0.10174560546875,1.564516129032258,47.40957966764419,0.0032258064516129032,0.09775171065493646
12.248832766956184,84.38904968418385,-0.03216552734375,0.70281982421875,-0.70330810546875,0.10174560546875,1.5709677419354837,47.60508308895405,0.0,0.0
12.26887974597048,82.94925764745052,-0.0230712890625,0.70233154296875,-0.70281982421875,0.1104736328125,1.5999999999999999,48.484848484848484,0.0,0.0
12.289017542963848,82.94925764745052,-0.0230712890625,0.70233154296875,-0.70281982421875,0.1104736328125,1.590322580645161,48.19159335288367,0.0,0.0
12.319062873953953,81.39090096858658,-0.01348876953125,0.7012939453125,-0.70257568359375,0.1202392578125,1.6032258064516127,48.58260019550342,0.0,0.0
12.329158125969116,81.39090096858658,-0.01348876953125,0.7012939453125,-0.70257568359375,0.1202392578125,1.5806451612903225,47.898338220918866,0.0032258064516129032,0.09775171065493646
12.349236882000696,81.39090096858658,-0.01348876953125,0.7012939453125,-0.70257568359375,0.1202392578125,1.5354838709677419,46.52981427174975,0.0,0.0
12.369344213977456,79.7583192350282,-0.00341796875,0.70062255859375,-0.7015380859375,0.13031005859375,1.4870967741935484,45.06353861192571,0.0,0.0
12.389394361001905,79.7583192350282,-0.00341796875,0.70062255859375,-0.7015380859375,0.13031005859375,1.5064516129032257,45.650048875855326,0.0032258064516129032,0.09775171065493646
12.4094367629732,78.10838146384553,0.00714111328125,0.6998291015625,-0.70037841796875,0.14007568359375,1.4806451612903224,44.868035190615835,0.0,0.0
12.429531103989575,78.10838146384553,0.00714111328125,0.6998291015625,-0.70037841796875,0.14007568359375,1.4516129032258065,43.98826979472141,0.0,0.0
12.449579041975085,78.10838146384553,0.00714111328125,0.6998291015625,-0.70037841796875,0.14007568359375,1.5064516129032257,45.650048875855326,0.0,0.0
12.469698534987401,76.41598076759601,0.018310546875,0.69757080078125,-0.700439453125,0.14996337890625,1.5,45.45454545454546,0.0,0.0
12.489784138975665,76.41598076759601,0.018310546875,0.69757080078125,-0.700439453125,0.14996337890625,1.4774193548387096,44.770283479960895,0.0,0.0
12.50984570995206,74.75565775191507,0.02960205078125,0.69512939453125,-0.70037841796875,0.1593017578125,1.4516129032258065,43.98826979472141,0.0032258064516129032,0.09775171065493646
12.52994936297182,74.75565775191507,0.02960205078125,0.69512939453125,-0.70037841796875,0.1593017578125,1.461290322580645,44.28152492668622,0.0,0.0
12.550033078994602,74.75565775191507,0.02960205078125,0.69512939453125,-0.70037841796875,0.1593017578125,1.5161290322580645,45.94330400782014,0.0032258064516129032,0.09775171065493646
12.570125050959177,72.93814034990658,0.04150390625,0.69366455078125,-0.69879150390625,0.169677734375,1.5193548387096774,46.04105571847507,0.0,0.0
12.590202205989044,72.93814034990658,0.04150390625,0.69366455078125,-0.69879150390625,0.169677734375,1.493548387096774,45.25904203323558,0.0,0.0
12.610268897959031,70.92671154536723,0.05426025390625,0.69281005859375,-0.69586181640625,0.18133544921875,1.493548387096774,45.25904203323558,0.0,0.0
12.630348452948965,70.92671154536723,0.05426025390625,0.69281005859375,-0.69586181640625,0.18133544921875,1.493548387096774,45.25904203323558,0.0,0.0
12.650439368968364,70.92671154536723,0.05426025390625,0.69281005859375,-0.69586181640625,0.18133544921875,1.5064516129032257,45.650048875855326,0.0,0.0
12.67055422195699,68.69114890632986,0.06884765625,0.690673828125,-0.6932373046875,0.1939697265625,1.496774193548387,45.35679374389051,0.0,0.0
12.690588911995292,68.69114890632986,0.06884765625,0.690673828125,-0.6932373046875,0.1939697265625,1.5129032258064514,45.8455522971652,0.0,0.0
12.710696052992716,66.3387463418069,0.08465576171875,0.6878662109375,-0.69061279296875,0.20672607421875,1.4838709677419355,44.965786901270775,0.0,0.0
12.730754935997538,66.3387463418069,0.08465576171875,0.6878662109375,-0.69061279296875,0.20672607421875,1.4806451612903224,44.868035190615835,0.0,0.0
12.750820858986117,66.3387463418069,0.08465576171875,0.6878662109375,-0.69061279296875,0.20672607421875,1.4838709677419355,44.965786901270775,0.0,0.0
12.770868285966571,64.03622320619164,0.1002197265625,0.68450927734375,-0.68804931640625,0.21905517578125,1.4838709677419355,44.965786901270775,0.0,0.0
12.790927552967332,64.03622320619164,0.1002197265625,0.68450927734375,-0.68804931640625,0.21905517578125,1.4806451612903224,44.868035190615835,0.0,0.0
12.810993188002612,61.846121560386464,0.11517333984375,0.68157958984375,-0.68487548828125,0.23040771484375,1.496774193548387,45.35679374389051,0.0,0.0
12.83110048895469,61.846121560386464,0.11517333984375,0.68157958984375,-0.68487548828125,0.23040771484375,1.4903225806451612,45.16129032258064,0.0,0.0
12.851159979996737,61.846121560386464,0.11517333984375,0.68157958984375,-0.68487548828125,0.23040771484375,1.5064516129032257,45.650048875855326,0.0,0.0
12.871227694966365,59.578833418867916,0.1309814453125,0.67950439453125,-0.6802978515625,0.241455078125,1.4580645161290322,44.18377321603128,0.0,0.0
12.891286417958327,59.578833418867916,0.1309814453125,0.67950439453125,-0.6802978515625,0.241455078125,1.4483870967741934,43.89051808406647,0.0032258064516129032,0.09775171065493646
12.911347348999698,57.45284318169205,0.14508056640625,0.6776123046875,-0.67535400390625,0.25238037109375,1.4838709677419355,44.965786901270775,0.0,0.0
12.931411928962916,57.45284318169205,0.14508056640625,0.6776123046875,-0.67535400390625,0.25238037109375,1.4419354838709677,43.6950146627566,0.0,0.0
12.95147884398466,55.33884440074622,0.15948486328125,0.6727294921875,-0.6728515625,0.26318359375,1.493548387096774,45.25904203323558,0.0,0.0
12.971566591993906,55.33884440074622,0.15948486328125,0.6727294921875,-0.6728515625,0.26318359375,1.4806451612903224,44.868035190615835,0.0,0.0
12.99161520297639,55.33884440074622,0.15948486328125,0.6727294921875,-0.6728515625,0.26318359375,1.5096774193548386,45.74780058651026,0.0,0.0
13.011786184972152,53.51419468254705,0.17279052734375,0.66748046875,-0.67144775390625,0.2716064453125,1.5064516129032257,45.650048875855326,0.0,0.0
13.031808202969842,53.51419468254705,0.17279052734375,0.66748046875,-0.67144775390625,0.2716064453125,1.4774193548387096,44.770283479960895,0.0,0.0
13.051886350964196,51.84702849011791,0.184814453125,0.66522216796875,-0.66754150390625,0.27886962890625,1.496774193548387,45.35679374389051,0.0,0.0
13.071982291003224,51.84702849011791,0.184814453125,0.66522216796875,-0.66754150390625,0.27886962890625,1.496774193548387,45.35679374389051,0.0,0.0
13.092035221983679,51.84702849011791,0.184814453125,0.66522216796875,-0.66754150390625,0.27886962890625,1.493548387096774,45.25904203323558,0.0,0.0
13.112074071948882,49.98900912189836,0.1978759765625,0.66259765625,-0.66278076171875,0.2872314453125,1.4806451612903224,44.868035190615835,0.0,0.0
13.132195964979474,49.98900912189836,0.1978759765625,0.66259765625,-0.66278076171875,0.2872314453125,1.4548387096774194,44.086021505376344,0.0,0.0
13.15224294399377,48.39940506109192,0.20989990234375,0.66009521484375,-0.65887451171875,0.29339599609375,1.4870967741935484,45.06353861192571,0.0,0.0
13.172342307982035,48.39940506109192,0.20989990234375,0.66009521484375,-0.65887451171875,0.29339599609375,1.5032258064516129,45.552297165200386,0.0,0.0
13.192446089000441,48.39940506109192,0.20989990234375,0.66009521484375,-0.65887451171875,0.29339599609375,1.4774193548387096,44.770283479960895,0.0,0.0
13.212471915001515,46.90405994622245,0.22222900390625,0.65625,-0.65655517578125,0.2982177734375,1.5129032258064514,45.8455522971652,0.0,0.0
13.232561838987749,46.90405994622245,0.22222900390625,0.65625,-0.65655517578125,0.2982177734375,1.496774193548387,45.35679374389051,0.0,0.0
13.252607632952277,45.516947305607125,0.23321533203125,0.652587890625,-0.65411376953125,0.3031005859375,1.5,45.45454545454546,0.18064516129032257,5.474095796676441
13.272673940984532,45.516947305607125,0.23321533203125,0.652587890625,-0.65411376953125,0.3031005859375,1.4903225806451612,45.16129032258064,0.0,0.0
13.292720726982225,45.516947305607125,0.23321533203125,0.652587890625,-0.65411376953125,0.3031005859375,1.4903225806451612,45.16129032258064,0.0032258064516129032,0.09775171065493646
13.31277797796065,44.074493107468456,0.24322509765625,0.64892578125,-0.651123046875,0.30950927734375,1.4741935483870967,44.67253176930596,0.0,0.0
13.332930111966562,44.074493107468456,0.24322509765625,0.64892578125,-0.651123046875,0.30950927734375,1.5,45.45454545454546,0.11290322580645161,3.4213098729227767
13.353033508989029,42.639085047508914,0.25244140625,0.64556884765625,-0.6475830078125,0.3165283203125,1.4870967741935484,45.06353861192571,0.0,0.0
13.37305325496709,42.639085047508914,0.25244140625,0.64556884765625,-0.6475830078125,0.3165283203125,1.5193548387096774,46.04105571847507,0.1032258064516129,3.1280547409579667
13.393102216999978,42.639085047508914,0.25244140625,0.64556884765625,-0.6475830078125,0.3165283203125,1.532258064516129,46.432062561094824,0.15806451612903225,4.789833822091887
13.413206222001463,41.30650643508534,0.261474609375,0.64276123046875,-0.643798828125,0.32244873046875,1.5354838709677419,46.52981427174975,0.16129032258064516,4.887585532746823
13.433256208954845,41.30650643508534,0.261474609375,0.64276123046875,-0.643798828125,0.32244873046875,1.5548387096774192,47.11632453567937,0.16129032258064516,4.887585532746823
13.4533428690047,39.9267515378657,0.27105712890625,0.63946533203125,-0.64019775390625,0.3282470703125,1.564516129032258,47.40957966764419,0.2870967741935484,8.699902248289346
13.473393430991564,39.9267515378657,0.27105712890625,0.63946533203125,-0.64019775390625,0.3282470703125,1.529032258064516,46.33431085043988,0.3032258064516129,9.188660801564028
13.493506555969361,39.9267515378657,0.27105712890625,0.63946533203125,-0.64019775390625,0.3282470703125,1.5193548387096774,46.04105571847507,0.2870967741935484,8.699902248289346
13.513554878998548,38.5239712984394,0.28070068359375,0.6353759765625,-0.63702392578125,0.334228515625,1.5451612903225804,46.82306940371456,0.27096774193548384,8.211143695014663
13.533593824948184,38.5239712984394,0.28070068359375,0.6353759765625,-0.63702392578125,0.334228515625,1.5193548387096774,46.04105571847507,0.2225806451612903,6.744868035190615
13.553655299998354,37.269137318756684,0.28948974609375,0.630859375,-0.63482666015625,0.33941650390625,1.558064516129032,47.21407624633431,0.26774193548387093,8.113391984359726
13.577829285000917,37.269137318756684,0.28948974609375,0.630859375,-0.63482666015625,0.33941650390625,1.5451612903225804,46.82306940371456,0.24516129032258063,7.429130009775172
13.593798730988055,37.269137318756684,0.28948974609375,0.630859375,-0.63482666015625,0.33941650390625,1.558064516129032,47.21407624633431,0.11612903225806451,3.519061583577712
13.613950097002089,36.288757617504444,0.296875,0.627685546875,-0.6326904296875,0.34283447265625,1.5677419354838709,47.507331378299114,0.3,9.090909090909092
13.634061493969057,36.288757617504444,0.296875,0.627685546875,-0.6326904296875,0.34283447265625,1.564516129032258,47.40957966764419,0.2967741935483871,8.993157380254155
13.654061687004287,35.331747566222056,0.303955078125,0.62567138671875,-0.6295166015625,0.34613037109375,1.5709677419354837,47.60508308895405,0.4419354838709677,13.391984359726294
13.67411797796376,35.331747566222056,0.303955078125,0.62567138671875,-0.6295166015625,0.34613037109375,1.5451612903225804,46.82306940371456,0.47096774193548385,14.271749755620725
13.694200381985866,35.331747566222056,0.303955078125,0.62567138671875,-0.6295166015625,0.34613037109375,1.590322580645161,48.19159335288367,0.4967741935483871,15.053763440860216
13.714270496973768,34.33117060449536,0.310791015625,0.62335205078125,-0.6263427734375,0.35009765625,1.6161290322580644,48.97360703812317,0.5096774193548387,15.444770283479961
13.734339876973536,34.33117060449536,0.310791015625,0.62335205078125,-0.6263427734375,0.35009765625,1.6387096774193548,49.65786901270772,0.5,15.151515151515152
13.754417639982421,33.41811973459697,0.3172607421875,0.61968994140625,-0.62469482421875,0.3536376953125,1.6483870967741936,49.95112414467254,0.5064516129032258,15.347018572825025
13.774536396958865,33.41811973459697,0.3172607421875,0.61968994140625,-0.62469482421875,0.3536376953125,1.6612903225806452,50.34213098729228,0.46774193548387094,14.173998044965789
13.794568334997166,33.41811973459697,0.3172607421875,0.61968994140625,-0.62469482421875,0.3536376953125,1.6935483870967742,51.31964809384164,0.4419354838709677,13.391984359726294
13.814631443005055,32.43030999240565,0.324462890625,0.61468505859375,-0.6239013671875,0.35723876953125,1.6483870967741936,49.95112414467254,0.4451612903225806,13.48973607038123
13.834731382958125,32.43030999240565,0.324462890625,0.61468505859375,-0.6239013671875,0.35723876953125,1.6903225806451612,51.2218963831867,0.4838709677419355,14.66275659824047
13.854794810002204,31.450715733515608,0.332275390625,0.6104736328125,-0.6224365234375,0.35992431640625,1.6903225806451612,51.2218963831867,0.4419354838709677,13.391984359726294
13.874823388003279,31.450715733515608,0.332275390625,0.6104736328125,-0.6224365234375,0.35992431640625,1.6935483870967742,51.31964809384164,0.4290322580645161,13.000977517106548
13.894919808954,31.450715733515608,0.332275390625,0.6104736328125,-0.6224365234375,0.35992431640625,1.6903225806451612,51.2218963831867,0.5258064516129032,15.933528836754643
13.915004163980484,30.577722786921726,0.33990478515625,0.607421875,-0.62030029296875,0.361572265625,1.6935483870967742,51.31964809384164,0.432258064516129,13.098729227761485
13.935071079991758,30.577722786921726,0.33990478515625,0.607421875,-0.62030029296875,0.361572265625,1.7096774193548387,51.80840664711632,0.4290322580645161,13.000977517106548
13.955148874956649,29.689431066446154,0.34771728515625,0.6041259765625,-0.61822509765625,0.3631591796875,1.6935483870967742,51.31964809384164,0.4258064516129032,12.903225806451612
13.9752171029686,29.689431066446154,0.34771728515625,0.6041259765625,-0.61822509765625,0.3631591796875,1.7,51.515151515151516,0.4483870967741935,13.587487781036167
13.995321106980555,29.689431066446154,0.34771728515625,0.6041259765625,-0.61822509765625,0.3631591796875,1.7387096774193547,52.68817204301075,0.4064516129032258,12.316715542521994
14.01536555797793,29.03280457778439,0.3536376953125,0.60198974609375,-0.616455078125,0.36407470703125,1.729032258064516,52.39491691104594,0.432258064516129,13.098729227761485
14.035457625985146,29.03280457778439,0.3536376953125,0.60198974609375,-0.616455078125,0.36407470703125,1.7258064516129032,52.29716520039101,0.39999999999999997,12.121212121212121
14.055582750996109,28.554407739598872,0.3583984375,0.6009521484375,-0.6146240234375,0.3642578125,1.7548387096774192,53.17693059628543,0.4032258064516129,12.218963831867057
14.075654241954908,28.554407739598872,0.3583984375,0.6009521484375,-0.6146240234375,0.3642578125,1.761290322580645,53.3724340175953,0.4096774193548387,12.41446725317693
14.095759846968576,28.554407739598872,0.3583984375,0.6009521484375,-0.6146240234375,0.3642578125,1.7741935483870968,53.76344086021506,0.4548387096774193,13.78299120234604
14.115883147984277,28.258761157411236,0.36260986328125,0.60052490234375,-0.61322021484375,0.36309814453125,1.7903225806451613,54.25219941348974,0.4806451612903226,14.565004887585534
14.136252344003879,28.258761157411236,0.36260986328125,0.60052490234375,-0.61322021484375,0.36309814453125,1.7741935483870968,53.76344086021506,0.46451612903225803,14.076246334310849
14.156002225994598,28.055562429443896,0.366943359375,0.60089111328125,-0.6116943359375,0.36077880859375,1.796774193548387,54.44770283479961,0.46774193548387094,14.173998044965789
14.176062644983176,28.055562429443896,0.366943359375,0.60089111328125,-0.6116943359375,0.36077880859375,1.7838709677419353,54.05669599217986,0.47419354838709676,14.369501466275661
14.196139896987006,28.055562429443896,0.366943359375,0.60089111328125,-0.6116943359375,0.36077880859375,1.8032258064516127,54.64320625610948,0.37741935483870964,11.436950146627565
14.216209563950542,27.92451145035856,0.3707275390625,0.6015625,-0.610107421875,0.3583984375,1.8193548387096772,55.13196480938416,0.4387096774193548,13.294232649071358
14.23631408100482,27.92451145035856,0.3707275390625,0.6015625,-0.610107421875,0.3583984375,1.8225806451612903,55.229716520039105,0.4483870967741935,13.587487781036167
14.256381219951436,27.690052492891205,0.37457275390625,0.60174560546875,-0.6082763671875,0.35711669921875,1.8419354838709676,55.816226783968716,0.4806451612903226,14.565004887585534
14.276428646990098,27.690052492891205,0.37457275390625,0.60174560546875,-0.6082763671875,0.35711669921875,1.8322580645161288,55.5229716520039,0.47096774193548385,14.271749755620725
14.29656317998888,27.690052492891205,0.37457275390625,0.60174560546875,-0.6082763671875,0.35711669921875,1.8483870967741933,56.01173020527859,0.5129032258064515,15.542521994134894
14.316617294971365,27.190587395405892,0.379638671875,0.60076904296875,-0.6060791015625,0.3572998046875,1.8451612903225805,55.91397849462365,0.5709677419354839,17.302052785923756
14.336659376975149,27.190587395405892,0.379638671875,0.60076904296875,-0.6060791015625,0.3572998046875,1.829032258064516,55.42521994134897,0.5419354838709677,16.422287390029325
14.356780853995588,26.67798785289346,0.3846435546875,0.599853515625,-0.60345458984375,0.35784912109375,1.8322580645161288,55.5229716520039,0.5516129032258064,16.715542521994134
14.376811736961827,26.67798785289346,0.3846435546875,0.599853515625,-0.60345458984375,0.35784912109375,1.8516129032258062,56.10948191593352,0.5387096774193548,16.32453567937439
14.396873083955143,26.67798785289346,0.3846435546875,0.599853515625,-0.60345458984375,0.35784912109375,1.829032258064516,55.42521994134897,0.5451612903225805,16.520039100684258
14.417014560953248,26.199723281675226,0.3887939453125,0.59857177734375,-0.6015625,0.3587646484375,1.8580645161290321,56.304985337243394,0.561290322580645,17.00879765395894
14.437056419963483,26.199723281675226,0.3887939453125,0.59857177734375,-0.6015625,0.3587646484375,1.8935483870967742,57.380254154447705,0.5935483870967742,17.98631476050831
14.457100229978096,25.80755033910762,0.39239501953125,0.596435546875,-0.60089111328125,0.359375,1.8741935483870966,56.79374389051808,0.6193548387096773,18.768328445747798
14.477227979979943,25.80755033910762,0.39239501953125,0.596435546875,-0.60089111328125,0.359375,1.8548387096774193,56.20723362658847,0.5935483870967742,17.98631476050831
14.49729326297529,25.80755033910762,0.39239501953125,0.596435546875,-0.60089111328125,0.359375,1.8548387096774193,56.20723362658847,0.6193548387096773,18.768328445747798
14.517404307960533,25.385684534998447,0.39642333984375,0.59368896484375,-0.600830078125,0.35968017578125,1.8677419354838707,56.59824046920821,0.6225806451612903,18.866080156402738
14.537486326997168,25.385684534998447,0.39642333984375,0.59368896484375,-0.600830078125,0.35968017578125,1.8935483870967742,57.380254154447705,0.6354838709677418,19.25708699902248
14.557539353962056,24.944217601442446,0.39971923828125,0.59100341796875,-0.6005859375,0.36090087890625,1.8741935483870966,56.79374389051808,0.6580645161290322,19.941348973607038
14.577625342004467,24.944217601442446,0.39971923828125,0.59100341796875,-0.6005859375,0.36090087890625,1.9387096774193548,58.748778103616814,0.6838709677419353,20.723362658846526
14.59770118596498,24.944217601442446,0.39971923828125,0.59100341796875,-0.6005859375,0.36090087890625,1.8903225806451613,57.28250244379277,0.7096774193548387,21.505376344086024
14.61777923698537,24.630828033233527,0.40167236328125,0.58941650390625,-0.5999755859375,0.36224365234375,1.8548387096774193,56.20723362658847,0.7032258064516129,21.309872922776147
14.637915147002786,24.630828033233527,0.40167236328125,0.58941650390625,-0.5999755859375,0.36224365234375,1.932258064516129,58.55327468230694,0.7064516129032258,21.407624633431084
14.657976333983243,24.36899082049416,0.4034423828125,0.5882568359375,-0.5994873046875,0.36309814453125,1.9,57.57575757575758,0.7096774193548387,21.505376344086024
14.678037616948131,24.36899082049416,0.4034423828125,0.5882568359375,-0.5994873046875,0.36309814453125,1.8838709677419354,57.0869990224829,0.7612903225806451,23.069403714565002
14.698109716002364,24.36899082049416,0.4034423828125,0.5882568359375,-0.5994873046875,0.36309814453125,1.8838709677419354,57.0869990224829,0.7516129032258064,22.776148582600193
14.718187863996718,24.293984796331927,0.40399169921875,0.58807373046875,-0.59906005859375,0.3634033203125,1.903225806451613,57.67350928641252,0.7225806451612903,21.896383186705766
14.738274779985659,24.293984796331927,0.40399169921875,0.58807373046875,-0.59906005859375,0.3634033203125,1.903225806451613,57.67350928641252,0.7741935483870968,23.46041055718475
14.7583616959746,24.289839263655878,0.40386962890625,0.58856201171875,-0.59857177734375,0.36358642578125,1.8806451612903226,56.98924731182796,0.796774193548387,24.144672531769302
14.778430979000404,24.289839263655878,0.40386962890625,0.58856201171875,-0.59857177734375,0.36358642578125,1.9,57.57575757575758,0.7774193548387096,23.558162267839684
14.79853207198903,24.289839263655878,0.40386962890625,0.58856201171875,-0.59857177734375,0.36358642578125,1.8548387096774193,56.20723362658847,0.8032258064516128,24.340175953079175
14.818593162985053,24.114970897383685,0.405517578125,0.58819580078125,-0.59765625,0.36383056640625,1.8677419354838707,56.59824046920821,0.7451612903225806,22.58064516129032
14.83866126195062,24.114970897383685,0.405517578125,0.58819580078125,-0.59765625,0.36383056640625,1.8838709677419354,57.0869990224829,0.732258064516129,22.189638318670575
14.858736209978815,23.826086471971962,0.40875244140625,0.587158203125,-0.59661865234375,0.3636474609375,1.903225806451613,57.67350928641252,0.764516129032258,23.16715542521994
14.87881954095792,23.826086471971962,0.40875244140625,0.587158203125,-0.59661865234375,0.3636474609375,1.9064516129032258,57.77126099706745,0.8580645161290322,26.001955034213097
14.898899096995592,23.826086471971962,0.40875244140625,0.587158203125,-0.59661865234375,0.3636474609375,1.8870967741935485,57.18475073313783,0.8677419354838709,26.295210166177906
14.927937581960578,23.57022712246129,0.41265869140625,0.5850830078125,-0.59661865234375,0.36248779296875,1.9,57.57575757575758,0.832258064516129,25.219941348973606
14.939063776982948,23.57022712246129,0.41265869140625,0.5850830078125,-0.59661865234375,0.36248779296875,1.8838709677419354,57.0869990224829,0.8516129032258064,25.806451612903224
14.95914409996476,23.2919568654916,0.4173583984375,0.5828857421875,-0.5966796875,0.36065673828125,1.861290322580645,56.402737047898334,0.8516129032258064,25.806451612903224
14.979229479969945,23.2919568654916,0.4173583984375,0.5828857421875,-0.5966796875,0.36065673828125,1.8935483870967742,57.380254154447705,0.8903225806451612,26.97947214076246
14.999305323988665,23.2919568654916,0.4173583984375,0.5828857421875,-0.5966796875,0.36065673828125,1.861290322580645,56.402737047898334,0.8516129032258064,25.806451612903224
15.01939291198505,22.963710693584986,0.42242431640625,0.57977294921875,-0.59710693359375,0.3590087890625,1.8548387096774193,56.20723362658847,0.7354838709677419,22.28739002932551
15.039445522997994,22.963710693584986,0.42242431640625,0.57977294921875,-0.59710693359375,0.3590087890625,1.8935483870967742,57.380254154447705,0.6548387096774193,19.843597262952102
15.059574615966994,22.694900303140543,0.4281005859375,0.57733154296875,-0.59698486328125,0.3563232421875,1.903225806451613,57.67350928641252,0.7387096774193548,22.385141739980448
15.079610905959271,22.694900303140543,0.4281005859375,0.57733154296875,-0.59698486328125,0.3563232421875,1.8903225806451613,57.28250244379277,0.7677419354838709,23.264907135874875
15.099659420957323,22.694900303140543,0.4281005859375,0.57733154296875,-0.59698486328125,0.3563232421875,1.8870967741935485,57.18475073313783,0.7580645161290323,22.97165200391007
15.119825954956468,22.324775477122017,0.4342041015625,0.5743408203125,-0.5968017578125,0.3541259765625,1.8903225806451613,57.28250244379277,0.7709677419354838,23.36265884652981
15.139846308971755,22.324775477122017,0.4342041015625,0.5743408203125,-0.5968017578125,0.3541259765625,1.8935483870967742,57.380254154447705,0.7838709677419354,23.753665689149557
15.159940456971526,22.033488423724037,0.438232421875,0.5709228515625,-0.5977783203125,0.35296630859375,1.9064516129032258,57.77126099706745,0.8258064516129032,25.024437927663733
15.180015948950313,22.033488423724037,0.438232421875,0.5709228515625,-0.5977783203125,0.35296630859375,1.8935483870967742,57.380254154447705,0.7903225806451613,23.949169110459433
15.20008289598627,22.033488423724037,0.438232421875,0.5709228515625,-0.5977783203125,0.35296630859375,1.8870967741935485,57.18475073313783,0.8419354838709677,25.513196480938415
15.220155219954904,21.90493567408633,0.4417724609375,0.57049560546875,-0.5968017578125,0.35101318359375,1.8677419354838707,56.59824046920821,0.864516129032258,26.19745845552297
15.240257399971597,21.90493567408633,0.4417724609375,0.57049560546875,-0.5968017578125,0.35101318359375,1.896774193548387,57.478005865102645,0.8161290322580645,24.731182795698928
15.260323675000109,21.956906609327135,0.44500732421875,0.572998046875,-0.59356689453125,0.34832763671875,1.8806451612903226,56.98924731182796,0.796774193548387,24.144672531769302
15.280431935971137,21.956906609327135,0.44500732421875,0.572998046875,-0.59356689453125,0.34832763671875,1.896774193548387,57.478005865102645,0.7838709677419354,23.753665689149557
15.300487490952946,21.956906609327135,0.44500732421875,0.572998046875,-0.59356689453125,0.34832763671875,1.8903225806451613,57.28250244379277,0.7903225806451613,23.949169110459433
15.320612807990983,22.03398227331067,0.447021484375,0.57440185546875,-0.59197998046875,0.34619140625,1.8677419354838707,56.59824046920821,0.796774193548387,24.144672531769302
15.340697579958942,22.03398227331067,0.447021484375,0.57440185546875,-0.59197998046875,0.34619140625,1.8354838709677417,55.62072336265884,0.8032258064516128,24.340175953079175
15.360789647966158,22.071151253878995,0.44879150390625,0.57421875,-0.59185791015625,0.3443603515625,1.8548387096774193,56.20723362658847,0.8064516129032258,24.437927663734115
15.380864306993317,22.071151253878995,0.44879150390625,0.57421875,-0.59185791015625,0.3443603515625,1.8032258064516127,54.64320625610948,0.8064516129032258,24.437927663734115
15.400936470949091,22.071151253878995,0.44879150390625,0.57421875,-0.59185791015625,0.3443603515625,1.8548387096774193,56.20723362658847,0.7903225806451613,23.949169110459433
15.421037178952247,22.21319051122559,0.450927734375,0.5755615234375,-0.590576171875,0.341552734375,1.8419354838709676,55.816226783968716,0.7612903225806451,23.069403714565002
15.441087325976696,22.21319051122559,0.450927734375,0.5755615234375,-0.590576171875,0.341552734375,1.8161290322580643,55.034213098729225,0.7774193548387096,23.558162267839684
15.461166209948715,22.107303528760184,0.454345703125,0.5743408203125,-0.5902099609375,0.33966064453125,1.8161290322580643,55.034213098729225,0.7451612903225806,22.58064516129032
15.481246916984674,22.107303528760184,0.454345703125,0.5743408203125,-0.5902099609375,0.33966064453125,1.7999999999999998,54.54545454545454,0.7677419354838709,23.264907135874875
15.501328584970906,22.107303528760184,0.454345703125,0.5743408203125,-0.5902099609375,0.33966064453125,1.796774193548387,54.44770283479961,0.7677419354838709,23.264907135874875
15.52141137298895,21.834864402603017,0.45831298828125,0.5709228515625,-0.59124755859375,0.33831787109375,1.7999999999999998,54.54545454545454,0.7548387096774193,22.87390029325513
15.541518480982631,21.834864402603017,0.45831298828125,0.5709228515625,-0.59124755859375,0.33831787109375,1.8032258064516127,54.64320625610948,0.7677419354838709,23.264907135874875
15.56162392598344,21.797117064762574,0.4656982421875,0.5689697265625,-0.59063720703125,0.33251953125,1.8129032258064515,54.936461388074285,0.7870967741935483,23.851417399804493
15.581640439981129,21.797117064762574,0.4656982421875,0.5689697265625,-0.59063720703125,0.33251953125,1.8032258064516127,54.64320625610948,0.796774193548387,24.144672531769302
15.601739195990376,21.797117064762574,0.4656982421875,0.5689697265625,-0.59063720703125,0.33251953125,1.793548387096774,54.34995112414467,0.7870967741935483,23.851417399804493
15.621820928005036,21.973141387729072,0.4761962890625,0.56683349609375,-0.5899658203125,0.3223876953125,1.8161290322580643,55.034213098729225,0.7838709677419354,23.753665689149557
15.641934979998041,21.973141387729072,0.4761962890625,0.56683349609375,-0.5899658203125,0.3223876953125,1.8161290322580643,55.034213098729225,0.7935483870967741,24.046920821114366
15.662015815963969,22.048743975421047,0.48687744140625,0.56353759765625,-0.58929443359375,0.313232421875,1.8161290322580643,55.034213098729225,0.8032258064516128,24.340175953079175
15.68205773900263,22.048743975421047,0.48687744140625,0.56353759765625,-0.58929443359375,0.313232421875,1.8096774193548386,54.83870967741935,0.832258064516129,25.219941348973606
15.70216334296856,22.048743975421047,0.48687744140625,0.56353759765625,-0.58929443359375,0.313232421875,1.8419354838709676,55.816226783968716,0.7225806451612903,21.896383186705766
15.722230130981188,21.908103914904515,0.4970703125,0.56005859375,-0.58734130859375,0.3070068359375,1.8032258064516127,54.64320625610948,0.6806451612903225,20.625610948191593
15.74230818200158,21.908103914904515,0.4970703125,0.56005859375,-0.58734130859375,0.3070068359375,1.7806451612903225,53.95894428152492,0.6935483870967742,21.016617790811342
15.762390969961416,21.873850303943044,0.506103515625,0.55780029296875,-0.5848388671875,0.30120849609375,1.793548387096774,54.34995112414467,0.6225806451612903,18.866080156402738
15.78247564600315,21.873850303943044,0.506103515625,0.55780029296875,-0.5848388671875,0.30120849609375,1.793548387096774,54.34995112414467,0.6354838709677418,19.25708699902248
15.802575617970433,21.873850303943044,0.506103515625,0.55780029296875,-0.5848388671875,0.30120849609375,1.7741935483870968,53.76344086021506,0.6258064516129032,18.963831867057674
15.822673125949223,21.963781960921494,0.51483154296875,0.55584716796875,-0.5821533203125,0.2950439453125,1.7774193548387096,53.86119257086999,0.6161290322580645,18.670576735092865
15.84271037694998,21.963781960921494,0.51483154296875,0.55584716796875,-0.5821533203125,0.2950439453125,1.7806451612903225,53.95894428152492,0.632258064516129,19.159335288367547
15.862798764952458,22.18741318796262,0.52490234375,0.5543212890625,-0.57830810546875,0.28759765625,1.8032258064516127,54.64320625610948,0.7064516129032258,21.407624633431084
15.882909328967799,22.18741318796262,0.52490234375,0.5543212890625,-0.57830810546875,0.28759765625,1.7774193548387096,53.86119257086999,0.7419354838709677,22.482893450635387
15.902981940947939,22.18741318796262,0.52490234375,0.5543212890625,-0.57830810546875,0.28759765625,1.7516129032258063,53.0791788856305,0.7483870967741935,22.678396871945257
15.92306031199405,22.55525355775721,0.5347900390625,0.552734375,-0.57489013671875,0.2791748046875,1.8032258064516127,54.64320625610948,0.7838709677419354,23.753665689149557
15.943155324959662,22.55525355775721,0.5347900390625,0.552734375,-0.57489013671875,0.2791748046875,1.7677419354838708,53.567937438905176,0.8064516129032258,24.437927663734115
15.963247040985152,22.89807263503313,0.54315185546875,0.54962158203125,-0.5740966796875,0.27069091796875,1.7870967741935482,54.154447702834794,0.8258064516129032,25.024437927663733
15.983338980993722,22.89807263503313,0.54315185546875,0.54962158203125,-0.5740966796875,0.27069091796875,1.7903225806451613,54.25219941348974,0.8258064516129032,25.024437927663733
16.003417447966058,22.89807263503313,0.54315185546875,0.54962158203125,-0.5740966796875,0.27069091796875,1.7774193548387096,53.86119257086999,0.832258064516129,25.219941348973606
16.023500651994254,23.068312014479787,0.551025390625,0.54632568359375,-0.57269287109375,0.264404296875,1.7774193548387096,53.86119257086999,0.7903225806451613,23.949169110459433
16.043612720968667,23.068312014479787,0.551025390625,0.54632568359375,-0.57269287109375,0.264404296875,1.7806451612903225,53.95894428152492,0.8193548387096774,24.82893450635386
16.063633298967034,22.869837896105594,0.55755615234375,0.543701171875,-0.56927490234375,0.2635498046875,1.7806451612903225,53.95894428152492,0.8741935483870967,26.49071358748778
16.08376770396717,22.869837896105594,0.55755615234375,0.543701171875,-0.56927490234375,0.2635498046875,1.7709677419354837,53.665689149560116,0.9580645161290322,29.03225806451613
16.105088481970597,22.869837896105594,0.55755615234375,0.543701171875,-0.56927490234375,0.2635498046875,1.7774193548387096,53.86119257086999,0.9387096774193548,28.445747800586513
16.12808178999694,22.60431497065518,0.56201171875,0.54339599609375,-0.5638427734375,0.26629638671875,1.7516129032258063,53.0791788856305,0.9290322580645161,28.152492668621697
16.144014754972886,22.60431497065518,0.56201171875,0.54339599609375,-0.5638427734375,0.26629638671875,1.7806451612903225,53.95894428152492,0.9483870967741935,28.739002932551323
16.16493523295503,22.455706194544575,0.5645751953125,0.5433349609375,-0.560546875,0.26800537109375,1.7999999999999998,54.54545454545454,0.9451612903225807,28.641251221896386
16.184199883951806,22.455706194544575,0.5645751953125,0.5433349609375,-0.560546875,0.26800537109375,1.7516129032258063,53.0791788856305,0.9387096774193548,28.445747800586513
16.204323952959385,22.455706194544575,0.5645751953125,0.5433349609375,-0.560546875,0.26800537109375,1.7999999999999998,54.54545454545454,0.9290322580645161,28.152492668621697
16.224364594963845,22.356910280250275,0.56646728515625,0.54229736328125,-0.5595703125,0.2681884765625,1.7806451612903225,53.95894428152492,0.9548387096774194,28.934506353861195
16.244443638948724,22.356910280250275,0.56646728515625,0.54229736328125,-0.5595703125,0.2681884765625,1.7870967741935482,54.154447702834794,0.9870967741935484,29.91202346041056
16.264523034973536,22.218730688201077,0.568603515625,0.54132080078125,-0.557861328125,0.26910400390625,1.7870967741935482,54.154447702834794,1.0,30.303030303030305
16.284584669978358,22.218730688201077,0.568603515625,0.54132080078125,-0.557861328125,0.26910400390625,1.764516129032258,53.47018572825024,0.9580645161290322,29.03225806451613
16.30471078696428,22.218730688201077,0.568603515625,0.54132080078125,-0.557861328125,0.26910400390625,1.7806451612903225,53.95894428152492,0.9354838709677419,28.347996089931577
16.32476870995015,22.090005763250076,0.5699462890625,0.54132080078125,-0.55572509765625,0.270751953125,1.7903225806451613,54.25219941348974,0.9709677419354839,29.423264907135877
16.34485280996887,22.090005763250076,0.5699462890625,0.54132080078125,-0.55572509765625,0.270751953125,1.7806451612903225,53.95894428152492,0.967741935483871,29.32551319648094
16.36488378798822,22.080577581386663,0.57000732421875,0.54248046875,-0.5538330078125,0.27215576171875,1.7806451612903225,53.95894428152492,0.9322580645161289,28.250244379276634
