timestamp,elevation_deg,imu_i,imu_j,imu_k,imu_r,ch0_voltage,ch0_percentage,ch1_voltage,ch1_percentage,ch2_voltage,ch2_percentage
0.3317037640372291,30.449360428685146,-0.4954833984375,0.61248779296875,0.12420654296875,0.603271484375,2.3193548387096774,70.28347996089931,1.7677419354838708,53.567937438905176,2.496774193548387,75.65982404692082
0.3319328580982983,30.449360428685146,-0.4954833984375,0.61248779296875,0.12420654296875,0.603271484375,2.306451612903226,69.89247311827957,1.7741935483870968,53.76344086021506,2.5,75.75757575757575
0.35208722401876,31.482190913061373,-0.5001220703125,0.6099853515625,0.1165771484375,0.60345458984375,2.2483870967741932,68.1329423264907,1.7903225806451613,54.25219941348974,2.525806451612903,76.53958944281524
0.3722024851012975,31.482190913061373,-0.5001220703125,0.6099853515625,0.1165771484375,0.60345458984375,2.2774193548387096,69.01270772238514,1.8032258064516127,54.64320625610948,2.4774193548387093,75.07331378299119
0.3922839210135862,31.482190913061373,-0.5001220703125,0.6099853515625,0.1165771484375,0.60345458984375,2.270967741935484,68.81720430107528,1.793548387096774,54.34995112414467,2.5129032258064514,76.1485826001955
0.4123992770910263,32.563519919045724,-0.50494384765625,0.60748291015625,0.1083984375,0.60357666015625,2.303225806451613,69.79472140762464,1.7999999999999998,54.54545454545454,2.4774193548387093,75.07331378299119
0.432499370072037,32.563519919045724,-0.50494384765625,0.60748291015625,0.1083984375,0.60357666015625,2.3193548387096774,70.28347996089931,1.8064516129032258,54.74095796676443,2.5096774193548383,76.05083088954055
0.4525376680539921,33.80342729953435,-0.50994873046875,0.60443115234375,0.0987548828125,0.60406494140625,2.2677419354838713,68.71945259042035,1.8129032258064515,54.936461388074285,2.4741935483870967,74.97556207233626
0.4726354560116306,33.80342729953435,-0.50994873046875,0.60443115234375,0.0987548828125,0.60406494140625,2.2806451612903227,69.11045943304008,1.8096774193548386,54.83870967741935,2.5064516129032257,75.95307917888563
0.4926752271130681,33.80342729953435,-0.50994873046875,0.60443115234375,0.0987548828125,0.60406494140625,2.3193548387096774,70.28347996089931,1.8032258064516127,54.64320625610948,2.4774193548387093,75.07331378299119
0.5127336860168725,35.180112880188176,-0.5155029296875,0.60076904296875,0.08807373046875,0.60467529296875,2.3193548387096774,70.28347996089931,1.7999999999999998,54.54545454545454,2.4741935483870967,74.97556207233626
0.5328588670818135,35.180112880188176,-0.5155029296875,0.60076904296875,0.08807373046875,0.60467529296875,2.2903225806451615,69.40371456500489,1.8096774193548386,54.83870967741935,2.4774193548387093,75.07331378299119
0.5528924610698596,36.63922245722272,-0.52239990234375,0.5955810546875,0.07806396484375,0.60516357421875,2.2806451612903227,69.11045943304008,1.7870967741935482,54.154447702834794,2.5387096774193547,76.93059628543499
0.5729449040954933,36.63922245722272,-0.52239990234375,0.5955810546875,0.07806396484375,0.60516357421875,2.306451612903226,69.89247311827957,1.7806451612903225,53.95894428152492,2.5,75.75757575757575
0.5930085150757805,36.63922245722272,-0.52239990234375,0.5955810546875,0.07806396484375,0.60516357421875,2.293548387096774,69.50146627565982,1.764516129032258,53.47018572825024,2.5129032258064514,76.1485826001955
0.6131238710368052,38.061231346927215,-0.52899169921875,0.59033203125,0.068115234375,0.6058349609375,2.2870967741935484,69.30596285434996,1.7838709677419353,54.05669599217986,2.496774193548387,75.65982404692082
0.6331580100813881,38.061231346927215,-0.52899169921875,0.59033203125,0.068115234375,0.6058349609375,2.270967741935484,68.81720430107528,1.7774193548387096,53.86119257086999,2.4741935483870967,74.97556207233626
0.6532811750657856,39.39046942073897,-0.53460693359375,0.58563232421875,0.058349609375,0.6065673828125,2.261290322580645,68.52394916911047,1.7806451612903225,53.95894428152492,2.4806451612903224,75.17106549364614
0.6733028640737757,39.39046942073897,-0.53460693359375,0.58563232421875,0.058349609375,0.6065673828125,2.270967741935484,68.81720430107528,1.7870967741935482,54.154447702834794,2.4741935483870967,74.97556207233626
0.6933644911041483,40.46150416466769,-0.53875732421875,0.58203125,0.05029296875,0.6070556640625,2.2548387096774194,68.32844574780059,1.7580645161290323,53.27468230694038,2.52258064516129,76.44183773216031
0.7134230780648068,40.46150416466769,-0.53875732421875,0.58203125,0.05029296875,0.6070556640625,2.3161290322580648,70.1857282502444,1.761290322580645,53.3724340175953,2.5,75.75757575757575
0.7335209310986102,40.46150416466769,-0.53875732421875,0.58203125,0.05029296875,0.6070556640625,2.2903225806451615,69.40371456500489,1.8032258064516127,54.64320625610948,2.4774193548387093,75.07331378299119
0.7535535970237106,41.24334438134446,-0.54205322265625,0.5797119140625,0.044677734375,0.60675048828125,2.306451612903226,69.89247311827957,1.7999999999999998,54.54545454545454,2.5032258064516126,75.8553274682307
0.7736247921129689,41.24334438134446,-0.54205322265625,0.5797119140625,0.044677734375,0.60675048828125,2.2870967741935484,69.30596285434996,1.793548387096774,54.34995112414467,2.5032258064516126,75.8553274682307
0.7936809150269255,41.898794852805864,-0.5452880859375,0.5777587890625,0.04046630859375,0.60595703125,2.293548387096774,69.50146627565982,1.7806451612903225,53.95894428152492,2.5096774193548383,76.05083088954055
0.8137538700830191,41.898794852805864,-0.5452880859375,0.5777587890625,0.04046630859375,0.60595703125,2.3193548387096774,70.28347996089931,1.793548387096774,54.34995112414467,2.5451612903225804,77.12609970674487
0.8338177060941234,41.898794852805864,-0.5452880859375,0.5777587890625,0.04046630859375,0.60595703125,2.338709677419355,70.86999022482894,1.793548387096774,54.34995112414467,2.5161290322580645,76.24633431085044
0.8538809650344774,42.48957626272089,-0.5478515625,0.57568359375,0.03631591796875,0.60589599609375,2.303225806451613,69.79472140762464,1.764516129032258,53.47018572825024,2.5096774193548383,76.05083088954055
0.8739484800025821,42.48957626272089,-0.5478515625,0.57568359375,0.03631591796875,0.60589599609375,2.358064516129032,71.45650048875855,1.7709677419354837,53.665689149560116,2.5161290322580645,76.24633431085044
0.894080221070908,43.039768518874276,-0.55059814453125,0.5732421875,0.0328369140625,0.60595703125,2.2774193548387096,69.01270772238514,1.7709677419354837,53.665689149560116,2.564516129032258,77.71260997067448
0.9141328880796209,43.039768518874276,-0.55059814453125,0.5732421875,0.0328369140625,0.60595703125,2.3193548387096774,70.28347996089931,1.7677419354838708,53.567937438905176,2.519354838709677,76.34408602150538
0.9342213640920818,43.039768518874276,-0.55059814453125,0.5732421875,0.0328369140625,0.60595703125,2.2903225806451615,69.40371456500489,1.764516129032258,53.47018572825024,2.5129032258064514,76.1485826001955
0.9542797590838745,43.49793175888378,-0.552978515625,0.57098388671875,0.0301513671875,0.60601806640625,2.2677419354838713,68.71945259042035,1.7774193548387096,53.86119257086999,2.4741935483870967,74.97556207233626
0.9743348900228739,43.49793175888378,-0.552978515625,0.57098388671875,0.0301513671875,0.60601806640625,2.3000000000000003,69.69696969696972,1.7838709677419353,54.05669599217986,2.5129032258064514,76.1485826001955
0.9943919091019779,43.935765854752866,-0.5552978515625,0.56903076171875,0.02752685546875,0.60589599609375,2.3096774193548386,69.99022482893452,1.764516129032258,53.47018572825024,2.5064516129032257,75.95307917888563
1.0144861770095304,43.935765854752866,-0.5552978515625,0.56903076171875,0.02752685546875,0.60589599609375,2.306451612903226,69.89247311827957,1.7903225806451613,54.25219941348974,2.4774193548387093,75.07331378299119
1.0345474840141833,43.935765854752866,-0.5552978515625,0.56903076171875,0.02752685546875,0.60589599609375,2.306451612903226,69.89247311827957,1.7580645161290323,53.27468230694038,2.5,75.75757575757575
1.0674273520708084,44.438955459862626,-0.5574951171875,0.567138671875,0.02410888671875,0.60577392578125,2.3000000000000003,69.69696969696972,1.7516129032258063,53.0791788856305,2.5451612903225804,77.12609970674487
1.0746624820167199,44.438955459862626,-0.5574951171875,0.567138671875,0.02410888671875,0.60577392578125,2.3000000000000003,69.69696969696972,1.7838709677419353,54.05669599217986,2.519354838709677,76.34408602150538
1.0947266051080078,44.99146087851391,-0.55987548828125,0.56494140625,0.02032470703125,0.60577392578125,2.3000000000000003,69.69696969696972,1.8032258064516127,54.64320625610948,2.5161290322580645,76.24633431085044
1.1148230170365423,44.99146087851391,-0.55987548828125,0.56494140625,0.02032470703125,0.60577392578125,2.3322580645161293,70.67448680351907,1.7677419354838708,53.567937438905176,2.5096774193548383,76.05083088954055
1.134952390100807,44.99146087851391,-0.55987548828125,0.56494140625,0.02032470703125,0.60577392578125,2.3000000000000003,69.69696969696972,1.7774193548387096,53.86119257086999,2.4741935483870967,74.97556207233626
1.1549771201098338,45.61423749153084,-0.5625,0.5625,0.0159912109375,0.60577392578125,2.303225806451613,69.79472140762464,1.7774193548387096,53.86119257086999,2.5032258064516126,75.8553274682307
1.175036027096212,45.61423749153084,-0.5625,0.5625,0.0159912109375,0.60577392578125,2.3096774193548386,69.99022482893452,1.7774193548387096,53.86119257086999,2.4774193548387093,75.07331378299119
1.1950973341008648,46.28781778144952,-0.56494140625,0.56024169921875,0.010986328125,0.60565185546875,2.2677419354838713,68.71945259042035,1.764516129032258,53.47018572825024,2.519354838709677,76.34408602150538
1.2151632490567863,46.28781778144952,-0.56494140625,0.56024169921875,0.010986328125,0.60565185546875,2.296774193548387,69.59921798631477,1.764516129032258,53.47018572825024,2.490322580645161,75.46432062561095
1.2352484930306673,46.28781778144952,-0.56494140625,0.56024169921875,0.010986328125,0.60565185546875,2.293548387096774,69.50146627565982,1.7709677419354837,53.665689149560116,2.4806451612903224,75.17106549364614
1.2553059280617163,46.61005869740017,-0.56549072265625,0.55926513671875,0.0079345703125,0.60614013671875,2.3193548387096774,70.28347996089931,1.764516129032258,53.47018572825024,2.5032258064516126,75.8553274682307
1.275366883026436,46.61005869740017,-0.56549072265625,0.55926513671875,0.0079345703125,0.60614013671875,2.3322580645161293,70.67448680351907,1.7903225806451613,54.25219941348974,2.5129032258064514,76.1485826001955
1.2954247340094298,46.854483257828434,-0.56549072265625,0.55926513671875,0.00518798828125,0.60614013671875,2.338709677419355,70.86999022482894,1.8096774193548386,54.83870967741935,2.487096774193548,75.366568914956
1.3155254980083555,46.854483257828434,-0.56549072265625,0.55926513671875,0.00518798828125,0.60614013671875,2.358064516129032,71.45650048875855,1.8354838709677417,55.62072336265884,2.5161290322580645,76.24633431085044
1.3355885330820456,46.854483257828434,-0.56549072265625,0.55926513671875,0.00518798828125,0.60614013671875,2.335483870967742,70.772238514174,1.8129032258064515,54.936461388074285,2.5451612903225804,77.12609970674487
1.3556804010877386,47.13796091567069,-0.56591796875,0.55963134765625,0.0023193359375,0.60540771484375,2.338709677419355,70.86999022482894,1.8161290322580643,55.034213098729225,2.525806451612903,76.53958944281524
1.3757334840483963,47.13796091567069,-0.56591796875,0.55963134765625,0.0023193359375,0.60540771484375,2.3548387096774195,71.35874877810362,1.829032258064516,55.42521994134897,2.5096774193548383,76.05083088954055
1.395811784081161,47.36659665311065,-0.5660400390625,0.56005859375,-0.00018310546875,0.6048583984375,2.329032258064516,70.57673509286413,1.829032258064516,55.42521994134897,2.490322580645161,75.46432062561095
1.415883683017455,47.36659665311065,-0.5660400390625,0.56005859375,-0.00018310546875,0.6048583984375,2.306451612903226,69.89247311827957,1.8032258064516127,54.64320625610948,2.5354838709677416,76.83284457478005
1.4359568631043658,47.36659665311065,-0.5660400390625,0.56005859375,-0.00018310546875,0.6048583984375,2.3322580645161293,70.67448680351907,1.829032258064516,55.42521994134897,2.519354838709677,76.34408602150538
1.4560087290592492,48.084665502611514,-0.56793212890625,0.5599365234375,-0.006591796875,0.60321044921875,2.3516129032258064,71.26099706744868,1.8032258064516127,54.64320625610948,2.487096774193548,75.366568914956
1.4760848530568182,48.084665502611514,-0.56793212890625,0.5599365234375,-0.006591796875,0.60321044921875,2.3129032258064517,70.08797653958945,1.8193548387096772,55.13196480938416,2.551612903225806,77.32160312805473
1.4961733290692791,49.06944001570862,-0.5703125,0.55877685546875,-0.015380859375,0.6019287109375,2.325806451612903,70.4789833822092,1.829032258064516,55.42521994134897,2.487096774193548,75.366568914956
1.5163674080977216,49.06944001570862,-0.5703125,0.55877685546875,-0.015380859375,0.6019287109375,2.325806451612903,70.4789833822092,1.8193548387096772,55.13196480938416,2.519354838709677,76.34408602150538
1.5364721080986783,49.06944001570862,-0.5703125,0.55877685546875,-0.015380859375,0.6019287109375,2.3225806451612905,70.38123167155426,1.8419354838709676,55.816226783968716,2.564516129032258,77.71260997067448
1.5564796220278367,49.76713217556019,-0.57269287109375,0.5577392578125,-0.0208740234375,0.6004638671875,2.3322580645161293,70.67448680351907,1.8258064516129031,55.32746823069403,2.525806451612903,76.53958944281524
1.5764955510385334,49.76713217556019,-0.57269287109375,0.5577392578125,-0.0208740234375,0.6004638671875,2.3548387096774195,71.35874877810362,1.8322580645161288,55.5229716520039,2.5387096774193547,76.93059628543499
1.5965799310943112,50.230111459551225,-0.57403564453125,0.55755615234375,-0.0247802734375,0.59918212890625,2.3451612903225807,71.0654936461388,1.829032258064516,55.42521994134897,2.5032258064516126,75.8553274682307
1.6166419740766287,50.230111459551225,-0.57403564453125,0.55755615234375,-0.0247802734375,0.59918212890625,2.3322580645161293,70.67448680351907,1.8451612903225805,55.91397849462365,2.551612903225806,77.32160312805473
1.6367273140931502,50.230111459551225,-0.57403564453125,0.55755615234375,-0.0247802734375,0.59918212890625,2.3193548387096774,70.28347996089931,1.8387096774193548,55.71847507331379,2.551612903225806,77.32160312805473
1.6567833090666682,50.538672033513905,-0.573974609375,0.55908203125,-0.02850341796875,0.59765625,2.3193548387096774,70.28347996089931,1.8483870967741933,56.01173020527859,2.5387096774193547,76.93059628543499
1.6768624410033226,50.538672033513905,-0.573974609375,0.55908203125,-0.02850341796875,0.59765625,2.370967741935484,71.8475073313783,1.8354838709677417,55.62072336265884,2.532258064516129,76.73509286412512
1.6968990430468693,51.25956432054515,-0.57501220703125,0.5592041015625,-0.03564453125,0.59619140625,2.3225806451612905,70.38123167155426,1.8548387096774193,56.20723362658847,2.5,75.75757575757575
1.716964062070474,51.25956432054515,-0.57501220703125,0.5592041015625,-0.03564453125,0.59619140625,2.3096774193548386,69.99022482893452,1.8516129032258062,56.10948191593352,2.5387096774193547,76.93059628543499
1.7370871950406581,51.25956432054515,-0.57501220703125,0.5592041015625,-0.03564453125,0.59619140625,2.338709677419355,70.86999022482894,1.8483870967741933,56.01173020527859,2.52258064516129,76.44183773216031
1.7571302930591628,52.197552171658614,-0.57745361328125,0.55780029296875,-0.04364013671875,0.5946044921875,2.306451612903226,69.89247311827957,1.793548387096774,54.34995112414467,2.4741935483870967,74.97556207233626
1.7771985770668834,52.197552171658614,-0.57745361328125,0.55780029296875,-0.04364013671875,0.5946044921875,2.3096774193548386,69.99022482893452,1.7709677419354837,53.665689149560116,2.529032258064516,76.63734115347019
1.7972594680031762,53.107600396476435,-0.58148193359375,0.55474853515625,-0.049560546875,0.593017578125,2.3000000000000003,69.69696969696972,1.7677419354838708,53.567937438905176,2.519354838709677,76.34408602150538
1.817313447012566,53.107600396476435,-0.58148193359375,0.55474853515625,-0.049560546875,0.593017578125,2.303225806451613,69.79472140762464,1.7548387096774192,53.17693059628543,2.5064516129032257,75.95307917888563
1.8374176990473643,53.107600396476435,-0.58148193359375,0.55474853515625,-0.049560546875,0.593017578125,2.2903225806451615,69.40371456500489,1.7032258064516128,51.61290322580645,2.487096774193548,75.366568914956
1.8574859180953354,54.044620713613774,-0.58636474609375,0.5509033203125,-0.054931640625,0.59136962890625,2.303225806451613,69.79472140762464,1.696774193548387,51.417399804496576,2.5032258064516126,75.8553274682307
1.877554778009653,54.044620713613774,-0.58636474609375,0.5509033203125,-0.054931640625,0.59136962890625,2.2838709677419358,69.20821114369502,1.6870967741935483,51.12414467253177,2.5032258064516126,75.8553274682307
1.897629493032582,55.02287250315478,-0.59014892578125,0.546875,-0.0616455078125,0.59063720703125,2.24516129032258,68.03519061583576,1.6870967741935483,51.12414467253177,2.5032258064516126,75.8553274682307
1.917683536070399,55.02287250315478,-0.59014892578125,0.546875,-0.0616455078125,0.59063720703125,2.2516129032258068,68.23069403714567,1.6838709677419355,51.02639296187683,2.4774193548387093,75.07331378299119
1.937790700001642,55.02287250315478,-0.59014892578125,0.546875,-0.0616455078125,0.59063720703125,2.264516129032258,68.6217008797654,1.590322580645161,48.19159335288367,2.5,75.75757575757575
1.9578638160601258,56.11849546225739,-0.59454345703125,0.54241943359375,-0.0689697265625,0.5894775390625,2.193548387096774,66.47116324535679,1.6193548387096772,49.071358748778096,2.5032258064516126,75.8553274682307
1.9779457630356774,56.11849546225739,-0.59454345703125,0.54241943359375,-0.0689697265625,0.5894775390625,2.2580645161290325,68.42619745845553,1.5999999999999999,48.484848484848484,2.5,75.75757575757575
1.9979950700653717,57.047904582305726,-0.5987548828125,0.53814697265625,-0.07470703125,0.5885009765625,2.1677419354838707,65.6891495601173,1.5451612903225804,46.82306940371456,2.4774193548387093,75.07331378299119
2.018073434010148,57.047904582305726,-0.5987548828125,0.53814697265625,-0.07470703125,0.5885009765625,2.170967741935484,65.78690127077223,1.5193548387096774,46.04105571847507,2.4774193548387093,75.07331378299119
2.038146549020894,57.047904582305726,-0.5987548828125,0.53814697265625,-0.07470703125,0.5885009765625,2.1999999999999997,66.66666666666666,1.5,45.45454545454546,2.4838709677419355,75.26881720430107
2.058258066070266,57.827288776083506,-0.6024169921875,0.53472900390625,-0.079345703125,0.5872802734375,2.1645161290322577,65.59139784946235,1.529032258064516,46.33431085043988,2.5096774193548383,76.05083088954055
2.078307948075235,57.827288776083506,-0.6024169921875,0.53472900390625,-0.079345703125,0.5872802734375,2.180645161290322,66.08015640273703,1.525806451612903,46.236559139784944,2.4838709677419355,75.26881720430107
2.0983651590067893,58.398424110554956,-0.60491943359375,0.5322265625,-0.0828857421875,0.58648681640625,2.2161290322580642,67.15542521994135,1.5225806451612902,46.138807429130004,2.4774193548387093,75.07331378299119
2.1184580830158666,58.398424110554956,-0.60491943359375,0.5322265625,-0.0828857421875,0.58648681640625,2.22258064516129,67.35092864125122,1.5354838709677419,46.52981427174975,2.493548387096774,75.56207233626587
2.1385539520997554,58.398424110554956,-0.60491943359375,0.5322265625,-0.0828857421875,0.58648681640625,2.1870967741935483,66.27565982404691,1.5387096774193547,46.62756598240469,2.5,75.75757575757575
2.15859538607765,58.96341449841478,-0.607177734375,0.529541015625,-0.0865478515625,0.5860595703125,2.2387096774193544,67.8396871945259,1.5354838709677419,46.52981427174975,2.5129032258064514,76.1485826001955
2.1786726620048285,58.96341449841478,-0.607177734375,0.529541015625,-0.0865478515625,0.5860595703125,2.193548387096774,66.47116324535679,1.5354838709677419,46.52981427174975,2.5,75.75757575757575
2.1987204960314557,59.630486165287955,-0.6097412109375,0.52587890625,-0.0908203125,0.58599853515625,2.212903225806451,67.0576735092864,1.4838709677419355,44.965786901270775,2.496774193548387,75.65982404692082
2.21878292306792,59.630486165287955,-0.6097412109375,0.52587890625,-0.0908203125,0.58599853515625,2.203225806451613,66.7644183773216,1.496774193548387,45.35679374389051,2.4612903225806453,74.58455522971653
2.2388613510411233,59.630486165287955,-0.6097412109375,0.52587890625,-0.0908203125,0.58599853515625,2.170967741935484,65.78690127077223,1.467741935483871,44.4770283479961,2.5129032258064514,76.1485826001955
2.2589175701141357,60.2714491271267,-0.61285400390625,0.52239990234375,-0.0943603515625,0.5853271484375,2.190322580645161,66.37341153470186,1.4741935483870967,44.67253176930596,2.5064516129032257,75.95307917888563
2.2790054380893707,60.2714491271267,-0.61285400390625,0.52239990234375,-0.0943603515625,0.5853271484375,2.2290322580645157,67.54643206256108,1.5129032258064514,45.8455522971652,2.4806451612903224,75.17106549364614
2.2990594810107723,60.90255209131445,-0.6158447265625,0.519775390625,-0.09796142578125,0.5838623046875,2.212903225806451,67.0576735092864,1.5193548387096774,46.04105571847507,2.4774193548387093,75.07331378299119
2.3191252041142434,60.90255209131445,-0.6158447265625,0.519775390625,-0.09796142578125,0.5838623046875,2.2322580645161287,67.64418377321603,1.5354838709677419,46.52981427174975,2.4774193548387093,75.07331378299119
2.339212656021118,60.90255209131445,-0.6158447265625,0.519775390625,-0.09796142578125,0.5838623046875,2.1967741935483867,66.56891495601171,1.5161290322580645,45.94330400782014,2.496774193548387,75.65982404692082
2.359261578065343,61.55832688318776,-0.61865234375,0.517578125,-0.1021728515625,0.58221435546875,2.1967741935483867,66.56891495601171,1.493548387096774,45.25904203323558,2.493548387096774,75.56207233626587
2.3793568060500547,61.55832688318776,-0.61865234375,0.517578125,-0.1021728515625,0.58221435546875,2.2096774193548385,66.95992179863147,1.493548387096774,45.25904203323558,2.519354838709677,76.34408602150538
2.399424290051684,62.24088632194559,-0.62152099609375,0.51507568359375,-0.1064453125,0.58056640625,2.193548387096774,66.47116324535679,1.4870967741935484,45.06353861192571,2.4741935483870967,74.97556207233626
2.419475549017079,62.24088632194559,-0.62152099609375,0.51507568359375,-0.1064453125,0.58056640625,2.1774193548387095,65.98240469208211,1.4903225806451612,45.16129032258064,2.4741935483870967,74.97556207233626
2.439559640013613,62.24088632194559,-0.62152099609375,0.51507568359375,-0.1064453125,0.58056640625,2.203225806451613,66.7644183773216,1.4838709677419355,44.965786901270775,2.519354838709677,76.34408602150538
2.459612339036539,62.89138170920239,-0.6240234375,0.51263427734375,-0.1107177734375,0.5792236328125,2.1999999999999997,66.66666666666666,1.4806451612903224,44.868035190615835,2.5,75.75757575757575
2.4797376160277054,62.89138170920239,-0.6240234375,0.51263427734375,-0.1107177734375,0.5792236328125,2.2290322580645157,67.54643206256108,1.4419354838709677,43.6950146627566,2.4741935483870967,74.97556207233626
2.4997864750912413,63.57578839979226,-0.62628173828125,0.5103759765625,-0.1156005859375,0.57781982421875,2.170967741935484,65.78690127077223,1.461290322580645,44.28152492668622,2.4741935483870967,74.97556207233626
2.5198799750069156,63.57578839979226,-0.62628173828125,0.5103759765625,-0.1156005859375,0.57781982421875,2.1870967741935483,66.27565982404691,1.4516129032258065,43.98826979472141,2.4774193548387093,75.07331378299119
2.539956226013601,63.57578839979226,-0.62628173828125,0.5103759765625,-0.1156005859375,0.57781982421875,2.1645161290322577,65.59139784946235,1.4419354838709677,43.6950146627566,2.4774193548387093,75.07331378299119
2.559985341038555,64.27567939196892,-0.62847900390625,0.50823974609375,-0.1207275390625,0.5762939453125,2.1645161290322577,65.59139784946235,1.4419354838709677,43.6950146627566,2.493548387096774,75.56207233626587
2.580053080106154,64.27567939196892,-0.62847900390625,0.50823974609375,-0.1207275390625,0.5762939453125,2.1645161290322577,65.59139784946235,1.429032258064516,43.30400782013685,2.493548387096774,75.56207233626587
2.6001332351006567,64.99701507978838,-0.6309814453125,0.5059814453125,-0.125732421875,0.574462890625,2.1774193548387095,65.98240469208211,1.4387096774193548,43.59726295210166,2.5129032258064514,76.1485826001955
2.6202105110278353,64.99701507978838,-0.6309814453125,0.5059814453125,-0.125732421875,0.574462890625,2.1741935483870964,65.88465298142717,1.435483870967742,43.49951124144673,2.4838709677419355,75.26881720430107
2.6402661540778354,64.99701507978838,-0.6309814453125,0.5059814453125,-0.125732421875,0.574462890625,2.1645161290322577,65.59139784946235,1.403225806451613,42.52199413489737,2.4774193548387093,75.07331378299119
2.6603275251109153,65.7525747192391,-0.63330078125,0.5037841796875,-0.13128662109375,0.5726318359375,2.1645161290322577,65.59139784946235,1.403225806451613,42.52199413489737,2.519354838709677,76.34408602150538
2.6804011840140447,65.7525747192391,-0.63330078125,0.5037841796875,-0.13128662109375,0.5726318359375,2.1774193548387095,65.98240469208211,1.4161290322580644,42.91300097751711,2.487096774193548,75.366568914956
2.7004547470714897,66.55668141217102,-0.635498046875,0.50128173828125,-0.1373291015625,0.5709228515625,2.148387096774193,65.10263929618768,1.4225806451612903,43.10850439882698,2.490322580645161,75.46432062561095
2.720583640038967,66.55668141217102,-0.635498046875,0.50128173828125,-0.1373291015625,0.5709228515625,2.1548387096774193,65.29814271749756,1.4258064516129032,43.20625610948191,2.4838709677419355,75.26881720430107
2.740682709030807,66.55668141217102,-0.635498046875,0.50128173828125,-0.1373291015625,0.5709228515625,2.1129032258064515,64.02737047898339,1.4096774193548387,42.717497556207235,2.5,75.75757575757575
2.7607050710357726,67.32757978700462,-0.63775634765625,0.49920654296875,-0.14306640625,0.56884765625,2.158064516129032,65.39589442815249,1.403225806451613,42.52199413489737,2.5064516129032257,75.95307917888563
2.780779114109464,67.32757978700462,-0.63775634765625,0.49920654296875,-0.14306640625,0.56884765625,2.1774193548387095,65.98240469208211,1.4096774193548387,42.717497556207235,2.525806451612903,76.53958944281524
2.8008703420637175,68.13981866903839,-0.6402587890625,0.49676513671875,-0.14892578125,0.56671142578125,2.1645161290322577,65.59139784946235,1.4225806451612903,43.10850439882698,2.519354838709677,76.34408602150538
2.8209404490189627,68.13981866903839,-0.6402587890625,0.49676513671875,-0.14892578125,0.56671142578125,2.138709677419355,64.80938416422288,1.429032258064516,43.30400782013685,2.5096774193548383,76.05083088954055
2.841014781035483,68.13981866903839,-0.6402587890625,0.49676513671875,-0.14892578125,0.56671142578125,2.125806451612903,64.41837732160313,1.4419354838709677,43.6950146627566,2.4838709677419355,75.26881720430107
2.8610920880455524,69.07897221619015,-0.64300537109375,0.4932861328125,-0.1556396484375,0.5648193359375,2.0999999999999996,63.636363636363626,1.4419354838709677,43.6950146627566,2.5129032258064514,76.1485826001955
2.8811810120241717,69.07897221619015,-0.64300537109375,0.4932861328125,-0.1556396484375,0.5648193359375,2.1129032258064515,64.02737047898339,1.4548387096774194,44.086021505376344,2.4806451612903224,75.17106549364614
2.9012434070464224,70.08649299849586,-0.6453857421875,0.48895263671875,-0.1632080078125,0.563720703125,2.0903225806451613,63.34310850439883,1.461290322580645,44.28152492668622,2.4741935483870967,74.97556207233626
2.9213205870473757,70.08649299849586,-0.6453857421875,0.48895263671875,-0.1632080078125,0.563720703125,2.074193548387097,62.85434995112414,1.4419354838709677,43.6950146627566,2.4806451612903224,75.17106549364614
2.9413858300540596,70.08649299849586,-0.6453857421875,0.48895263671875,-0.1632080078125,0.563720703125,2.093548387096774,63.44086021505376,1.432258064516129,43.401759530791786,2.5096774193548383,76.05083088954055
2.9614863380556926,71.13550628333843,-0.6478271484375,0.48382568359375,-0.17095947265625,0.56304931640625,2.093548387096774,63.44086021505376,1.4387096774193548,43.59726295210166,2.5064516129032257,75.95307917888563
2.98150252411142,71.13550628333843,-0.6478271484375,0.48382568359375,-0.17095947265625,0.56304931640625,2.0999999999999996,63.636363636363626,1.4387096774193548,43.59726295210166,2.5032258064516126,75.8553274682307
3.001567703089677,72.19876402700359,-0.650146484375,0.4783935546875,-0.1788330078125,0.56256103515625,2.064516129032258,62.56109481915934,1.4258064516129032,43.20625610948191,2.5451612903225804,77.12609970674487
3.0216318260645494,72.19876402700359,-0.650146484375,0.4783935546875,-0.1788330078125,0.56256103515625,2.0806451612903225,63.049853372434015,1.4225806451612903,43.10850439882698,2.4774193548387093,75.07331378299119
3.0417122381040826,72.19876402700359,-0.650146484375,0.4783935546875,-0.1788330078125,0.56256103515625,2.0774193548387094,62.95210166177908,1.4064516129032258,42.619745845552295,2.5129032258064514,76.1485826001955
3.0617627610918134,73.21927034463432,-0.65234375,0.4730224609375,-0.186279296875,0.56207275390625,2.093548387096774,63.44086021505376,1.4,42.42424242424242,2.5129032258064514,76.1485826001955
3.081884550047107,73.21927034463432,-0.65234375,0.4730224609375,-0.186279296875,0.56207275390625,2.1129032258064515,64.02737047898339,1.403225806451613,42.52199413489737,2.4774193548387093,75.07331378299119
3.1019346240209416,74.16378088311896,-0.65484619140625,0.4686279296875,-0.19287109375,0.5606689453125,2.061290322580645,62.4633431085044,1.3903225806451613,42.13098729227762,2.525806451612903,76.53958944281524
3.1219847310567275,74.16378088311896,-0.65484619140625,0.4686279296875,-0.19287109375,0.5606689453125,2.096774193548387,63.5386119257087,1.3838709677419354,41.935483870967744,2.4806451612903224,75.17106549364614
3.1421382650732994,74.16378088311896,-0.65484619140625,0.4686279296875,-0.19287109375,0.5606689453125,2.0677419354838706,62.65884652981426,1.2838709677419353,38.90518084066471,2.5129032258064514,76.1485826001955
3.162127602030523,75.13288117620107,-0.6583251953125,0.46490478515625,-0.19891357421875,0.5576171875,2.064516129032258,62.56109481915934,1.164516129032258,35.28836754643206,2.4774193548387093,75.07331378299119
3.1821907330304384,75.13288117620107,-0.6583251953125,0.46490478515625,-0.19891357421875,0.5576171875,2.0580645161290323,62.365591397849464,1.1129032258064515,33.724340175953074,2.4741935483870967,74.97556207233626
3.2023203941062093,76.29530108226147,-0.6629638671875,0.46026611328125,-0.20556640625,0.553466796875,2.0387096774193547,61.779081133919846,0.9451612903225807,28.641251221896386,2.4774193548387093,75.07331378299119
3.2223605170147493,76.29530108226147,-0.6629638671875,0.46026611328125,-0.20556640625,0.553466796875,2.0580645161290323,62.365591397849464,0.9129032258064516,27.663734115347015,2.435483870967742,73.80254154447702
3.2424144321121275,76.29530108226147,-0.6629638671875,0.46026611328125,-0.20556640625,0.553466796875,1.996774193548387,60.50830889540567,0.7935483870967741,24.046920821114366,2.4741935483870967,74.97556207233626
3.2625486050965264,77.54726047873767,-0.66900634765625,0.45477294921875,-0.211669921875,0.5484619140625,2.0129032258064514,60.997067448680355,0.6354838709677418,19.25708699902248,2.4709677419354836,74.87781036168133
3.282571255112998,77.54726047873767,-0.66900634765625,0.45477294921875,-0.211669921875,0.5484619140625,1.935483870967742,58.65102639296188,0.5451612903225805,16.520039100684258,2.4741935483870967,74.97556207233626
3.3026338421041146,78.75874350760594,-0.67449951171875,0.44915771484375,-0.21771240234375,0.5439453125,1.9903225806451612,60.312805474095796,0.5,15.151515151515152,2.5,75.75757575757575
3.3227139021037146,78.75874350760594,-0.67449951171875,0.44915771484375,-0.21771240234375,0.5439453125,1.9903225806451612,60.312805474095796,0.4935483870967742,14.95601173020528,2.4516129032258065,74.29130009775172
3.342781737097539,78.75874350760594,-0.67449951171875,0.44915771484375,-0.21771240234375,0.5439453125,1.9838709677419355,60.117302052785924,0.48709677419354835,14.760508308895407,2.487096774193548,75.366568914956
3.3628363240277395,80.04249999169363,-0.67926025390625,0.44329833984375,-0.22503662109375,0.53985595703125,1.9451612903225806,58.94428152492669,0.46451612903225803,14.076246334310849,2.4516129032258065,74.29130009775172
3.3828988150926307,80.04249999169363,-0.67926025390625,0.44329833984375,-0.22503662109375,0.53985595703125,1.9064516129032258,57.77126099706745,0.4451612903225806,13.48973607038123,2.42258064516129,73.41153470185728
3.4029740100959316,81.4062192030787,-0.68402099609375,0.43731689453125,-0.2330322265625,0.53533935546875,1.9,57.57575757575758,0.43548387096774194,13.196480938416421,2.4741935483870967,74.97556207233626
3.4230951271019876,81.4062192030787,-0.68402099609375,0.43731689453125,-0.2330322265625,0.53533935546875,1.9516129032258065,59.13978494623656,0.41935483870967744,12.70772238514174,2.4483870967741934,74.19354838709677
3.4431397940497845,81.4062192030787,-0.68402099609375,0.43731689453125,-0.2330322265625,0.53533935546875,2.02258064516129,61.29032258064516,0.4064516129032258,12.316715542521994,2.4612903225806453,74.58455522971653
3.4632210050476715,82.74678067258759,-0.689208984375,0.430908203125,-0.24017333984375,0.5306396484375,1.9741935483870967,59.82404692082112,0.39999999999999997,12.121212121212121,2.4741935483870967,74.97556207233626
3.4832714640069753,82.74678067258759,-0.689208984375,0.430908203125,-0.24017333984375,0.5306396484375,1.9870967741935484,60.215053763440864,0.4161290322580645,12.609970674486803,2.4741935483870967,74.97556207233626
3.50336006807629,83.99901826736556,-0.6937255859375,0.42529296875,-0.2471923828125,0.526123046875,1.9741935483870967,59.82404692082112,0.4451612903225806,13.48973607038123,2.467741935483871,74.7800586510264
3.5233922540210187,83.99901826736556,-0.6937255859375,0.42529296875,-0.2471923828125,0.526123046875,1.9709677419354839,59.72629521016618,0.4580645161290322,13.880742913000976,2.4612903225806453,74.58455522971653
3.5434680581092834,83.99901826736556,-0.6937255859375,0.42529296875,-0.2471923828125,0.526123046875,1.9580645161290322,59.33528836754643,0.48709677419354835,14.760508308895407,2.4741935483870967,74.97556207233626
3.563538837013766,85.31677500049182,-0.697265625,0.4200439453125,-0.25567626953125,0.5216064453125,1.9451612903225806,58.94428152492669,0.5838709677419355,17.6930596285435,2.4774193548387093,75.07331378299119
3.58358804800082,85.31677500049182,-0.697265625,0.4200439453125,-0.25567626953125,0.5216064453125,1.9838709677419355,60.117302052785924,0.5967741935483871,18.084066471163247,2.5,75.75757575757575
3.60365265107248,86.60311993215535,-0.700439453125,0.41461181640625,-0.2640380859375,0.51751708984375,2.0064516129032257,60.80156402737048,0.6064516129032258,18.377321603128056,2.4516129032258065,74.29130009775172
3.6237265990348533,86.60311993215535,-0.700439453125,0.41461181640625,-0.2640380859375,0.51751708984375,2.009677419354839,60.899315738025415,0.632258064516129,19.159335288367547,2.4516129032258065,74.29130009775172
3.6437874900875613,86.60311993215535,-0.700439453125,0.41461181640625,-0.2640380859375,0.51751708984375,2.0129032258064514,60.997067448680355,0.6354838709677418,19.25708699902248,2.4483870967741934,74.19354838709677
3.6638905580621213,87.89238404139131,-0.70416259765625,0.40789794921875,-0.27154541015625,0.51385498046875,1.9870967741935484,60.215053763440864,0.664516129032258,20.13685239491691,2.4741935483870967,74.97556207233626
3.683957177097909,87.89238404139131,-0.70416259765625,0.40789794921875,-0.27154541015625,0.51385498046875,1.8838709677419354,57.0869990224829,0.6580645161290322,19.941348973607038,2.4516129032258065,74.29130009775172
3.7039917960064486,89.35925769780113,-0.708251953125,0.39910888671875,-0.27984619140625,0.5106201171875,1.9096774193548387,57.86901270772239,0.6548387096774193,19.843597262952102,2.42258064516129,73.41153470185728
3.724120945087634,89.35925769780113,-0.708251953125,0.39910888671875,-0.27984619140625,0.5106201171875,1.8806451612903226,56.98924731182796,0.6580645161290322,19.941348973607038,2.4483870967741934,74.19354838709677
3.7441796920029446,89.35925769780113,-0.708251953125,0.39910888671875,-0.27984619140625,0.5106201171875,1.9548387096774194,59.2375366568915,0.6774193548387096,20.527859237536656,2.4774193548387093,75.07331378299119
3.764238311094232,90.92270324375606,-0.71197509765625,0.3896484375,-0.28912353515625,0.50762939453125,1.9225806451612903,58.260019550342136,0.7,21.21212121212121,2.4709677419354836,74.87781036168133
3.784306946094148,90.92270324375606,-0.71197509765625,0.3896484375,-0.28912353515625,0.50762939453125,1.932258064516129,58.55327468230694,0.6967741935483871,21.114369501466275,2.4483870967741934,74.19354838709677
3.8044149110792205,92.42268474555696,-0.715576171875,0.38165283203125,-0.29803466796875,0.50341796875,1.935483870967742,58.65102639296188,0.6870967741935483,20.821114369501466,2.4709677419354836,74.87781036168133
3.8244661691132933,92.42268474555696,-0.715576171875,0.38165283203125,-0.29803466796875,0.50341796875,1.9580645161290322,59.33528836754643,0.7032258064516129,21.309872922776147,2.467741935483871,74.7800586510264
3.844557397067547,92.42268474555696,-0.715576171875,0.38165283203125,-0.29803466796875,0.50341796875,1.961290322580645,59.43304007820137,0.7419354838709677,22.482893450635387,2.464516129032258,74.68230694037146
3.8646040480816737,93.72984840669747,-0.71844482421875,0.375,-0.3060302734375,0.49957275390625,1.9064516129032258,57.77126099706745,0.8387096774193549,25.41544477028348,2.458064516129032,74.48680351906158
3.884684268035926,93.72984840669747,-0.71844482421875,0.375,-0.3060302734375,0.49957275390625,1.9516129032258065,59.13978494623656,0.8741935483870967,26.49071358748778,2.4709677419354836,74.87781036168133
3.9047229180578142,94.93111437912286,-0.71954345703125,0.3692626953125,-0.314697265625,0.496826171875,1.964516129032258,59.530791788856305,0.9161290322580644,27.76148582600195,2.5,75.75757575757575
3.9247944650705904,94.93111437912286,-0.71954345703125,0.3692626953125,-0.314697265625,0.496826171875,1.9064516129032258,57.77126099706745,0.9580645161290322,29.03225806451613,2.4709677419354836,74.87781036168133
3.9448760610539466,94.93111437912286,-0.71954345703125,0.3692626953125,-0.314697265625,0.496826171875,1.9580645161290322,59.33528836754643,0.9741935483870967,29.521016617790814,2.4741935483870967,74.97556207233626
3.9649211440701038,96.02171952256553,-0.72021484375,0.365478515625,-0.3231201171875,0.49322509765625,1.9838709677419355,60.117302052785924,1.1064516129032256,33.5288367546432,2.4774193548387093,75.07331378299119
3.9849838910158724,96.02171952256553,-0.72021484375,0.365478515625,-0.3231201171875,0.49322509765625,2.0161290322580645,61.09481915933529,1.1580645161290324,35.0928641251222,2.4709677419354836,74.87781036168133
4.005050734034739,97.16915521944607,-0.7215576171875,0.36151123046875,-0.33135986328125,0.48876953125,1.9774193548387096,59.92179863147605,1.2129032258064516,36.75464320625611,2.5,75.75757575757575
4.025175787042826,97.16915521944607,-0.7215576171875,0.36151123046875,-0.33135986328125,0.48876953125,1.9483870967741934,59.04203323558163,1.2677419354838708,38.41642228739003,2.4483870967741934,74.19354838709677
4.045231590047479,97.16915521944607,-0.7215576171875,0.36151123046875,-0.33135986328125,0.48876953125,1.961290322580645,59.43304007820137,1.296774193548387,39.29618768328446,2.4612903225806453,74.58455522971653
4.065284449025057,98.3136415704196,-0.72222900390625,0.3577880859375,-0.340087890625,0.48443603515625,1.9741935483870967,59.82404692082112,1.3193548387096772,39.980449657869,2.4709677419354836,74.87781036168133
4.085420990013517,98.3136415704196,-0.72222900390625,0.3577880859375,-0.340087890625,0.48443603515625,2.0032258064516126,60.703812316715535,1.3709677419354838,41.54447702834799,2.4741935483870967,74.97556207233626
4.1054639930371195,99.33981811656585,-0.72216796875,0.3560791015625,-0.34881591796875,0.47955322265625,1.9870967741935484,60.215053763440864,1.3870967741935485,42.033235581622684,2.4774193548387093,75.07331378299119
4.1255067070014775,99.33981811656585,-0.72216796875,0.3560791015625,-0.34881591796875,0.47955322265625,1.9806451612903224,60.01955034213099,1.4387096774193548,43.59726295210166,2.5451612903225804,77.12609970674487
4.145628976053558,99.33981811656585,-0.72216796875,0.3560791015625,-0.34881591796875,0.47955322265625,2.0,60.60606060606061,1.4806451612903224,44.868035190615835,2.52258064516129,76.44183773216031
4.165655498043634,100.16365428395453,-0.721923828125,0.35504150390625,-0.35601806640625,0.47540283203125,2.009677419354839,60.899315738025415,1.5032258064516129,45.552297165200386,2.487096774193548,75.366568914956
4.185716901090927,100.16365428395453,-0.721923828125,0.35504150390625,-0.35601806640625,0.47540283203125,2.0387096774193547,61.779081133919846,1.5193548387096774,46.04105571847507,2.4774193548387093,75.07331378299119
4.2057748480001464,100.94621680414046,-0.7215576171875,0.35333251953125,-0.36279296875,0.47216796875,1.9838709677419355,60.117302052785924,1.532258064516129,46.432062561094824,2.4774193548387093,75.07331378299119
4.225838459096849,100.94621680414046,-0.7215576171875,0.35333251953125,-0.36279296875,0.47216796875,2.0354838709677416,61.6813294232649,1.532258064516129,46.432062561094824,2.487096774193548,75.366568914956
4.245905623072758,100.94621680414046,-0.7215576171875,0.35333251953125,-0.36279296875,0.47216796875,1.9838709677419355,60.117302052785924,1.5548387096774192,47.11632453567937,2.5129032258064514,76.1485826001955
4.265972274006344,101.7896656642634,-0.72125244140625,0.35223388671875,-0.37005615234375,0.46771240234375,2.0451612903225804,61.97458455522972,1.5451612903225804,46.82306940371456,2.4774193548387093,75.07331378299119
4.286037965095602,101.7896656642634,-0.72125244140625,0.35223388671875,-0.37005615234375,0.46771240234375,2.0,60.60606060606061,1.5451612903225804,46.82306940371456,2.490322580645161,75.46432062561095
4.306114377104677,102.59279785425228,-0.72125244140625,0.3521728515625,-0.37689208984375,0.46234130859375,2.009677419354839,60.899315738025415,1.5677419354838709,47.507331378299114,2.4741935483870967,74.97556207233626
4.326172580011189,102.59279785425228,-0.72125244140625,0.3521728515625,-0.37689208984375,0.46234130859375,2.032258064516129,61.58357771260997,1.6096774193548384,48.77810361681329,2.4838709677419355,75.26881720430107
4.346329730004072,102.59279785425228,-0.72125244140625,0.3521728515625,-0.37689208984375,0.46234130859375,2.0,60.60606060606061,1.5870967741935482,48.09384164222873,2.5,75.75757575757575
4.366355452104472,103.27010330168899,-0.72113037109375,0.35162353515625,-0.382568359375,0.45819091796875,2.0354838709677416,61.6813294232649,1.593548387096774,48.289345063538605,2.490322580645161,75.46432062561095
4.3864045980153605,103.27010330168899,-0.72113037109375,0.35162353515625,-0.382568359375,0.45819091796875,2.0064516129032257,60.80156402737048,1.62258064516129,49.169110459433035,2.490322580645161,75.46432062561095
4.406509907101281,104.03832807257439,-0.721435546875,0.3494873046875,-0.3883056640625,0.45452880859375,2.0064516129032257,60.80156402737048,1.5870967741935482,48.09384164222873,2.4741935483870967,74.97556207233626
4.426573550095782,104.03832807257439,-0.721435546875,0.3494873046875,-0.3883056640625,0.45452880859375,2.0354838709677416,61.6813294232649,1.5774193548387094,47.800586510263926,2.5032258064516126,75.8553274682307
4.446658890112303,104.03832807257439,-0.721435546875,0.3494873046875,-0.3883056640625,0.45452880859375,2.061290322580645,62.4633431085044,1.5774193548387094,47.800586510263926,2.5064516129032257,75.95307917888563
4.466701700002886,104.75857191721828,-0.72161865234375,0.34796142578125,-0.393798828125,0.45062255859375,2.0903225806451613,63.34310850439883,1.6193548387096772,49.071358748778096,2.5,75.75757575757575
4.4868045130278915,104.75857191721828,-0.72161865234375,0.34796142578125,-0.393798828125,0.45062255859375,2.083870967741935,63.14760508308894,1.6032258064516127,48.58260019550342,2.4741935483870967,74.97556207233626
4.506842619040981,105.38481181882057,-0.7216796875,0.3468017578125,-0.398681640625,0.4471435546875,2.061290322580645,62.4633431085044,1.6129032258064515,48.87585532746823,2.5064516129032257,75.95307917888563
4.526950680068694,105.38481181882057,-0.7216796875,0.3468017578125,-0.398681640625,0.4471435546875,2.0387096774193547,61.779081133919846,1.6451612903225807,49.8533724340176,2.4774193548387093,75.07331378299119
4.5469933620188385,105.38481181882057,-0.7216796875,0.3468017578125,-0.398681640625,0.4471435546875,2.0483870967741935,62.07233626588465,1.6419354838709677,49.75562072336266,2.5129032258064514,76.1485826001955
4.567045869072899,106.06450134734067,-0.7218017578125,0.3458251953125,-0.4039306640625,0.4429931640625,2.041935483870968,61.87683284457478,1.62258064516129,49.169110459433035,2.519354838709677,76.34408602150538
4.587167562101968,106.06450134734067,-0.7218017578125,0.3458251953125,-0.4039306640625,0.4429931640625,2.0387096774193547,61.779081133919846,1.635483870967742,49.56011730205279,2.5,75.75757575757575
4.60721971699968,106.74985541455054,-0.722412109375,0.34393310546875,-0.4085693359375,0.439208984375,2.02258064516129,61.29032258064516,1.5709677419354837,47.60508308895405,2.496774193548387,75.65982404692082
4.627261855057441,106.74985541455054,-0.722412109375,0.34393310546875,-0.4085693359375,0.439208984375,2.009677419354839,60.899315738025415,1.5483870967741935,46.9208211143695,2.5032258064516126,75.8553274682307
4.647321690106764,106.74985541455054,-0.722412109375,0.34393310546875,-0.4085693359375,0.439208984375,1.9451612903225806,58.94428152492669,1.5451612903225804,46.82306940371456,2.5064516129032257,75.95307917888563
4.667440695106052,107.45943053973696,-0.7236328125,0.34185791015625,-0.41278076171875,0.4349365234375,2.041935483870968,61.87683284457478,1.529032258064516,46.33431085043988,2.490322580645161,75.46432062561095
4.6874855540227145,107.45943053973696,-0.7236328125,0.34185791015625,-0.41278076171875,0.4349365234375,2.0354838709677416,61.6813294232649,1.4741935483870967,44.67253176930596,2.493548387096774,75.56207233626587
4.707584302057512,108.20083127044612,-0.72479248046875,0.339599609375,-0.41717529296875,0.43048095703125,1.9838709677419355,60.117302052785924,1.461290322580645,44.28152492668622,2.5064516129032257,75.95307917888563
4.7276297371136025,108.20083127044612,-0.72479248046875,0.339599609375,-0.41717529296875,0.43048095703125,2.0129032258064514,60.997067448680355,1.4580645161290322,44.18377321603128,2.4838709677419355,75.26881720430107
4.747717637103051,108.20083127044612,-0.72479248046875,0.339599609375,-0.41717529296875,0.43048095703125,2.0258064516129033,61.3880742913001,1.461290322580645,44.28152492668622,2.496774193548387,75.65982404692082
4.767800288042054,108.87516661142922,-0.7254638671875,0.33746337890625,-0.4215087890625,0.42681884765625,1.9838709677419355,60.117302052785924,1.4419354838709677,43.6950146627566,2.4774193548387093,75.07331378299119
4.787859739037231,108.87516661142922,-0.7254638671875,0.33746337890625,-0.4215087890625,0.42681884765625,2.0258064516129033,61.3880742913001,1.461290322580645,44.28152492668622,2.490322580645161,75.46432062561095
4.807900886051357,109.42162928467681,-0.72613525390625,0.33587646484375,-0.42486572265625,0.42352294921875,2.02258064516129,61.29032258064516,1.4387096774193548,43.59726295210166,2.5161290322580645,76.24633431085044
4.8279635370709,109.42162928467681,-0.72613525390625,0.33587646484375,-0.42486572265625,0.42352294921875,2.0064516129032257,60.80156402737048,1.429032258064516,43.30400782013685,2.490322580645161,75.46432062561095
4.848070925101638,109.42162928467681,-0.72613525390625,0.33587646484375,-0.42486572265625,0.42352294921875,1.9903225806451612,60.312805474095796,1.435483870967742,43.49951124144673,2.4774193548387093,75.07331378299119
4.868117128033191,109.919615699903,-0.72686767578125,0.33428955078125,-0.42779541015625,0.42059326171875,2.0129032258064514,60.997067448680355,1.435483870967742,43.49951124144673,2.4838709677419355,75.26881720430107
4.888232677010819,109.919615699903,-0.72686767578125,0.33428955078125,-0.42779541015625,0.42059326171875,1.9806451612903224,60.01955034213099,1.432258064516129,43.401759530791786,2.5064516129032257,75.95307917888563
4.908270463114604,110.39346611877485,-0.7271728515625,0.3331298828125,-0.43096923828125,0.417724609375,2.0451612903225804,61.97458455522972,1.4451612903225806,43.79276637341153,2.525806451612903,76.53958944281524
4.928378620068543,110.39346611877485,-0.7271728515625,0.3331298828125,-0.43096923828125,0.417724609375,2.0387096774193547,61.779081133919846,1.464516129032258,44.37927663734115,2.4741935483870967,74.97556207233626
4.948461239109747,110.39346611877485,-0.7271728515625,0.3331298828125,-0.43096923828125,0.417724609375,2.009677419354839,60.899315738025415,1.4774193548387096,44.770283479960895,2.52258064516129,76.44183773216031
4.968557812040672,110.82991176398107,-0.7274169921875,0.3328857421875,-0.43402099609375,0.414306640625,1.9838709677419355,60.117302052785924,1.493548387096774,45.25904203323558,2.493548387096774,75.56207233626587
4.988608622108586,110.82991176398107,-0.7274169921875,0.3328857421875,-0.43402099609375,0.414306640625,2.02258064516129,61.29032258064516,1.5193548387096774,46.04105571847507,2.5032258064516126,75.8553274682307
5.008686538087204,111.22403201367611,-0.72760009765625,0.33331298828125,-0.4368896484375,0.41064453125,2.074193548387097,62.85434995112414,1.5483870967741935,46.9208211143695,2.5032258064516126,75.8553274682307
5.0287246441002935,111.22403201367611,-0.72760009765625,0.33331298828125,-0.4368896484375,0.41064453125,2.0483870967741935,62.07233626588465,1.5709677419354837,47.60508308895405,2.487096774193548,75.366568914956
5.048820640076883,111.22403201367611,-0.72760009765625,0.33331298828125,-0.4368896484375,0.41064453125,2.064516129032258,62.56109481915934,1.5677419354838709,47.507331378299114,2.5064516129032257,75.95307917888563
5.0688811800209805,111.62062410421142,-0.727294921875,0.33416748046875,-0.44024658203125,0.4068603515625,2.0451612903225804,61.97458455522972,1.6096774193548384,48.77810361681329,2.5032258064516126,75.8553274682307
5.088973624049686,111.62062410421142,-0.727294921875,0.33416748046875,-0.44024658203125,0.4068603515625,2.02258064516129,61.29032258064516,1.62258064516129,49.169110459433035,2.4774193548387093,75.07331378299119
5.109013586072251,111.72274362531438,-0.72552490234375,0.33673095703125,-0.4429931640625,0.4049072265625,2.029032258064516,61.48582600195503,1.590322580645161,48.19159335288367,2.5096774193548383,76.05083088954055
5.1290770691121,111.72274362531438,-0.72552490234375,0.33673095703125,-0.4429931640625,0.4049072265625,2.0387096774193547,61.779081133919846,1.5709677419354837,47.60508308895405,2.5096774193548383,76.05083088954055
5.149252204108052,111.72274362531438,-0.72552490234375,0.33673095703125,-0.4429931640625,0.4049072265625,2.061290322580645,62.4633431085044,1.6032258064516127,48.58260019550342,2.487096774193548,75.366568914956
5.1692624050192535,111.86199128560226,-0.72418212890625,0.3387451171875,-0.445556640625,0.40289306640625,2.0354838709677416,61.6813294232649,1.5870967741935482,48.09384164222873,2.5709677419354837,77.90811339198436
5.189291807007976,111.86199128560226,-0.72418212890625,0.3387451171875,-0.445556640625,0.40289306640625,2.019354838709677,61.19257086999021,1.5999999999999999,48.484848484848484,2.4741935483870967,74.97556207233626
5.20935564301908,112.15940816231513,-0.7230224609375,0.34014892578125,-0.448974609375,0.39990234375,2.061290322580645,62.4633431085044,1.6290322580645162,49.36461388074292,2.5064516129032257,75.95307917888563
5.229416950023733,112.15940816231513,-0.7230224609375,0.34014892578125,-0.448974609375,0.39990234375,2.074193548387097,62.85434995112414,1.635483870967742,49.56011730205279,2.519354838709677,76.34408602150538
5.249480337020941,112.15940816231513,-0.7230224609375,0.34014892578125,-0.448974609375,0.39990234375,2.093548387096774,63.44086021505376,1.6387096774193548,49.65786901270772,2.493548387096774,75.56207233626587
5.269550764001906,112.3862402701836,-0.72210693359375,0.34136962890625,-0.45166015625,0.3975830078125,2.0903225806451613,63.34310850439883,1.6387096774193548,49.65786901270772,2.5,75.75757575757575
5.289686698000878,112.3862402701836,-0.72210693359375,0.34136962890625,-0.45166015625,0.3975830078125,2.074193548387097,62.85434995112414,1.6419354838709677,49.75562072336266,2.5096774193548383,76.05083088954055
5.309720068005845,112.66423732078772,-0.7210693359375,0.34326171875,-0.454833984375,0.3941650390625,2.0999999999999996,63.636363636363626,1.6516129032258065,50.048875855327466,2.525806451612903,76.53958944281524
5.3297795510152355,112.66423732078772,-0.7210693359375,0.34326171875,-0.454833984375,0.3941650390625,2.1193548387096772,64.22287390029325,1.6612903225806452,50.34213098729228,2.4741935483870967,74.97556207233626
5.349851738079451,112.66423732078772,-0.7210693359375,0.34326171875,-0.454833984375,0.3941650390625,2.1322580645161286,64.61388074291298,1.635483870967742,49.56011730205279,2.52258064516129,76.44183773216031
5.369961015065201,112.82293935396787,-0.71966552734375,0.3448486328125,-0.45745849609375,0.39227294921875,2.125806451612903,64.41837732160313,1.664516129032258,50.43988269794721,2.5032258064516126,75.8553274682307
5.39002552209422,112.82293935396787,-0.71966552734375,0.3448486328125,-0.45745849609375,0.39227294921875,2.1193548387096772,64.22287390029325,1.6483870967741936,49.95112414467254,2.487096774193548,75.366568914956
5.410067341057584,112.95755967558961,-0.71881103515625,0.3450927734375,-0.45928955078125,0.39154052734375,2.116129032258064,64.1251221896383,1.6419354838709677,49.75562072336266,2.5451612903225804,77.12609970674487
5.430171209038235,112.95755967558961,-0.71881103515625,0.3450927734375,-0.45928955078125,0.39154052734375,2.1516129032258062,65.20039100684262,1.6419354838709677,49.75562072336266,2.5032258064516126,75.8553274682307
5.4502145641017705,112.95755967558961,-0.71881103515625,0.3450927734375,-0.45928955078125,0.39154052734375,2.1451612903225805,65.00488758553274,1.635483870967742,49.56011730205279,2.496774193548387,75.65982404692082
5.470321280066855,113.00779761643861,-0.718017578125,0.3455810546875,-0.46044921875,0.39117431640625,2.1096774193548384,63.929618768328446,1.6258064516129032,49.266862170087975,2.532258064516129,76.73509286412512
5.490368827013299,113.00779761643861,-0.718017578125,0.3455810546875,-0.46044921875,0.39117431640625,2.138709677419355,64.80938416422288,1.6032258064516127,48.58260019550342,2.519354838709677,76.34408602150538
5.5104517340660095,112.94341992854264,-0.71759033203125,0.34613037109375,-0.46044921875,0.3914794921875,2.148387096774193,65.10263929618768,1.6161290322580644,48.97360703812317,2.529032258064516,76.63734115347019
5.530498897074722,112.94341992854264,-0.71759033203125,0.34613037109375,-0.46044921875,0.3914794921875,2.158064516129032,65.39589442815249,1.6258064516129032,49.266862170087975,2.5483870967741935,77.2238514173998
5.550582093070261,112.94341992854264,-0.71759033203125,0.34613037109375,-0.46044921875,0.3914794921875,2.1129032258064515,64.02737047898339,1.5999999999999999,48.484848484848484,2.52258064516129,76.44183773216031
5.5706338960444555,112.85512033901412,-0.7171630859375,0.34613037109375,-0.460205078125,0.3924560546875,2.129032258064516,64.51612903225806,1.5999999999999999,48.484848484848484,2.532258064516129,76.73509286412512
5.590710723074153,112.85512033901412,-0.7171630859375,0.34613037109375,-0.460205078125,0.3924560546875,2.129032258064516,64.51612903225806,1.6161290322580644,48.97360703812317,2.4741935483870967,74.97556207233626
5.61078438302502,112.79617714611805,-0.71661376953125,0.34552001953125,-0.4603271484375,0.39404296875,2.1516129032258062,65.20039100684262,1.62258064516129,49.169110459433035,2.519354838709677,76.34408602150538
5.630835802061483,112.79617714611805,-0.71661376953125,0.34552001953125,-0.4603271484375,0.39404296875,2.138709677419355,64.80938416422288,1.6161290322580644,48.97360703812317,2.519354838709677,76.34408602150538
5.650894837104715,112.79617714611805,-0.71661376953125,0.34552001953125,-0.4603271484375,0.39404296875,2.1548387096774193,65.29814271749756,1.6096774193548384,48.77810361681329,2.5161290322580645,76.24633431085044
5.670959888026118,112.73600647957976,-0.71649169921875,0.34503173828125,-0.4599609375,0.39508056640625,2.138709677419355,64.80938416422288,1.6483870967741936,49.95112414467254,2.5387096774193547,76.93059628543499
5.691028075059876,112.73600647957976,-0.71649169921875,0.34503173828125,-0.4599609375,0.39508056640625,2.116129032258064,64.1251221896383,1.6258064516129032,49.266862170087975,2.5419354838709673,77.02834799608992
5.711102535016835,112.65333495805174,-0.717041015625,0.34466552734375,-0.45880126953125,0.395751953125,2.1354838709677417,64.71163245356793,1.5999999999999999,48.484848484848484,2.5774193548387094,78.10361681329422
5.731164482072927,112.65333495805174,-0.717041015625,0.34466552734375,-0.45880126953125,0.395751953125,2.116129032258064,64.1251221896383,1.6032258064516127,48.58260019550342,2.5,75.75757575757575
5.751254846109077,112.65333495805174,-0.717041015625,0.34466552734375,-0.45880126953125,0.395751953125,2.129032258064516,64.51612903225806,1.596774193548387,48.38709677419355,2.5,75.75757575757575
5.771301048109308,112.65576626534431,-0.7178955078125,0.3436279296875,-0.4578857421875,0.3961181640625,2.096774193548387,63.5386119257087,1.5774193548387094,47.800586510263926,2.5709677419354837,77.90811339198436
5.791361043113284,112.65576626534431,-0.7178955078125,0.3436279296875,-0.4578857421875,0.3961181640625,2.0774193548387094,62.95210166177908,1.5677419354838709,47.507331378299114,2.532258064516129,76.73509286412512
5.811441999045201,112.70204055535731,-0.7188720703125,0.341796875,-0.45709228515625,0.39678955078125,2.0774193548387094,62.95210166177908,1.5483870967741935,46.9208211143695,2.529032258064516,76.63734115347019
5.831569164060056,112.70204055535731,-0.7188720703125,0.341796875,-0.45709228515625,0.39678955078125,2.074193548387097,62.85434995112414,1.5741935483870966,47.702834799608986,2.529032258064516,76.63734115347019
5.851663080044091,112.70204055535731,-0.7188720703125,0.341796875,-0.45709228515625,0.39678955078125,2.074193548387097,62.85434995112414,1.5774193548387094,47.800586510263926,2.5129032258064514,76.1485826001955
5.871701379073784,113.26629535580764,-0.72027587890625,0.33734130859375,-0.45941162109375,0.39544677734375,2.087096774193548,63.24535679374389,1.5774193548387094,47.800586510263926,2.5,75.75757575757575
5.891764254076406,113.26629535580764,-0.72027587890625,0.33734130859375,-0.45941162109375,0.39544677734375,2.064516129032258,62.56109481915934,1.5806451612903225,47.898338220918866,2.5387096774193547,76.93059628543499
5.911826937110163,113.54443802431453,-0.72137451171875,0.33477783203125,-0.4600830078125,0.394775390625,2.096774193548387,63.5386119257087,1.5774193548387094,47.800586510263926,2.5354838709677416,76.83284457478005
5.931900692055933,113.54443802431453,-0.72137451171875,0.33477783203125,-0.4600830078125,0.394775390625,2.083870967741935,63.14760508308894,1.635483870967742,49.56011730205279,2.4741935483870967,74.97556207233626
5.952034002053551,113.54443802431453,-0.72137451171875,0.33477783203125,-0.4600830078125,0.394775390625,2.125806451612903,64.41837732160313,1.6806451612903226,50.9286412512219,2.5032258064516126,75.8553274682307
5.972059340099804,113.6571183099489,-0.72235107421875,0.33349609375,-0.4598388671875,0.3944091796875,2.1451612903225805,65.00488758553274,1.696774193548387,51.417399804496576,2.5387096774193547,76.93059628543499
5.992119143018499,113.6571183099489,-0.72235107421875,0.33349609375,-0.4598388671875,0.3944091796875,2.087096774193548,63.24535679374389,1.7096774193548387,51.80840664711632,2.564516129032258,77.71260997067448
6.012241764110513,113.72948459421261,-0.72344970703125,0.33233642578125,-0.45916748046875,0.39410400390625,2.1516129032258062,65.20039100684262,1.7258064516129032,52.29716520039101,2.532258064516129,76.73509286412512
6.032273566001095,113.72948459421261,-0.72344970703125,0.33233642578125,-0.45916748046875,0.39410400390625,2.1193548387096772,64.22287390029325,1.6741935483870967,50.733137829912025,2.561290322580645,77.61485826001955
6.052362074027769,113.72948459421261,-0.72344970703125,0.33233642578125,-0.45916748046875,0.39410400390625,2.0999999999999996,63.636363636363626,1.6548387096774193,50.146627565982406,2.5419354838709673,77.02834799608992
6.072432725108229,113.81336968311065,-0.72430419921875,0.33148193359375,-0.4588623046875,0.39361572265625,2.0806451612903225,63.049853372434015,1.6483870967741936,49.95112414467254,2.529032258064516,76.63734115347019
6.092476048041135,113.81336968311065,-0.72430419921875,0.33148193359375,-0.4588623046875,0.39361572265625,2.093548387096774,63.44086021505376,1.6516129032258065,50.048875855327466,2.5419354838709673,77.02834799608992
6.1125321390572935,113.85280668743005,-0.7252197265625,0.33087158203125,-0.45819091796875,0.3931884765625,2.0806451612903225,63.049853372434015,1.635483870967742,49.56011730205279,2.5161290322580645,76.24633431085044
6.132594374008477,113.85280668743005,-0.7252197265625,0.33087158203125,-0.45819091796875,0.3931884765625,2.064516129032258,62.56109481915934,1.6161290322580644,48.97360703812317,2.551612903225806,77.32160312805473
6.1526859540026635,113.85280668743005,-0.7252197265625,0.33087158203125,-0.45819091796875,0.3931884765625,2.0677419354838706,62.65884652981426,1.5709677419354837,47.60508308895405,2.5419354838709673,77.02834799608992
6.1727959990967065,113.90186430153702,-0.72589111328125,0.33050537109375,-0.4578857421875,0.3927001953125,2.032258064516129,61.58357771260997,1.5999999999999999,48.484848484848484,2.529032258064516,76.63734115347019
6.1928678340045735,113.90186430153702,-0.72589111328125,0.33050537109375,-0.4578857421875,0.3927001953125,2.009677419354839,60.899315738025415,1.596774193548387,48.38709677419355,2.551612903225806,77.32160312805473
6.212948758038692,113.92580604146195,-0.72637939453125,0.33038330078125,-0.45758056640625,0.39227294921875,2.0387096774193547,61.779081133919846,1.590322580645161,48.19159335288367,2.532258064516129,76.73509286412512
6.233048146008514,113.92580604146195,-0.72637939453125,0.33038330078125,-0.45758056640625,0.39227294921875,2.061290322580645,62.4633431085044,1.6193548387096772,49.071358748778096,2.590322580645161,78.49462365591397
6.2530814200872555,113.92580604146195,-0.72637939453125,0.33038330078125,-0.45758056640625,0.39227294921875,2.061290322580645,62.4633431085044,1.6096774193548384,48.77810361681329,2.5483870967741935,77.2238514173998
6.273130535031669,113.92214794956925,-0.72686767578125,0.3306884765625,-0.45709228515625,0.3916015625,2.0806451612903225,63.049853372434015,1.6290322580645162,49.36461388074292,2.5677419354838706,77.81036168132943
6.293216547113843,113.92214794956925,-0.72686767578125,0.3306884765625,-0.45709228515625,0.3916015625,2.074193548387097,62.85434995112414,1.6258064516129032,49.266862170087975,2.551612903225806,77.32160312805473
6.3133007670985535,113.89951939825792,-0.72711181640625,0.33111572265625,-0.45672607421875,0.39117431640625,2.093548387096774,63.44086021505376,1.6258064516129032,49.266862170087975,2.5483870967741935,77.2238514173998
6.333384506055154,113.89951939825792,-0.72711181640625,0.33111572265625,-0.45672607421875,0.39117431640625,2.064516129032258,62.56109481915934,1.6451612903225807,49.8533724340176,2.5161290322580645,76.24633431085044
6.353448246023618,113.89951939825792,-0.72711181640625,0.33111572265625,-0.45672607421875,0.39117431640625,2.1032258064516127,63.73411534701857,1.6516129032258065,50.048875855327466,2.5387096774193547,76.93059628543499
6.373500720015727,113.84250491419962,-0.72705078125,0.3319091796875,-0.45648193359375,0.3909912109375,2.083870967741935,63.14760508308894,1.6290322580645162,49.36461388074292,2.5419354838709673,77.02834799608992
6.393558570998721,113.84250491419962,-0.72705078125,0.3319091796875,-0.45648193359375,0.3909912109375,2.074193548387097,62.85434995112414,1.6741935483870967,50.733137829912025,2.5,75.75757575757575
6.413652359042317,113.71320203877788,-0.72674560546875,0.33306884765625,-0.4559326171875,0.39111328125,2.0774193548387094,62.95210166177908,1.6806451612903226,50.9286412512219,2.5483870967741935,77.2238514173998
6.43372995511163,113.71320203877788,-0.72674560546875,0.33306884765625,-0.4559326171875,0.39111328125,2.1032258064516127,63.73411534701857,1.696774193548387,51.417399804496576,2.5129032258064514,76.1485826001955
6.453792094020173,113.71320203877788,-0.72674560546875,0.33306884765625,-0.4559326171875,0.39111328125,2.064516129032258,62.56109481915934,1.696774193548387,51.417399804496576,2.5129032258064514,76.1485826001955
6.473849209025502,113.5482415257893,-0.7264404296875,0.33441162109375,-0.4552001953125,0.3914794921875,2.074193548387097,62.85434995112414,1.7,51.515151515151516,2.5774193548387094,78.10361681329422
6.493910036049783,113.5482415257893,-0.7264404296875,0.33441162109375,-0.4552001953125,0.3914794921875,2.0709677419354837,62.75659824046921,1.6870967741935483,51.12414467253177,2.5709677419354837,77.90811339198436
6.514006064040586,113.30546854526301,-0.72607421875,0.33563232421875,-0.45391845703125,0.392578125,2.087096774193548,63.24535679374389,1.6806451612903226,50.9286412512219,2.5709677419354837,77.90811339198436
6.534062603022903,113.30546854526301,-0.72607421875,0.33563232421875,-0.45391845703125,0.392578125,2.096774193548387,63.5386119257087,1.7193548387096773,52.101661779081134,2.5354838709677416,76.83284457478005
6.554139911080711,113.30546854526301,-0.72607421875,0.33563232421875,-0.45391845703125,0.392578125,2.074193548387097,62.85434995112414,1.696774193548387,51.417399804496576,2.5419354838709673,77.02834799608992
6.574194209999405,113.02593076738303,-0.7257080078125,0.3367919921875,-0.452392578125,0.39410400390625,2.0774193548387094,62.95210166177908,1.7,51.515151515151516,2.5419354838709673,77.02834799608992
6.594263773062266,113.02593076738303,-0.7257080078125,0.3367919921875,-0.452392578125,0.39410400390625,2.064516129032258,62.56109481915934,1.7,51.515151515151516,2.529032258064516,76.63734115347019
6.614373530028388,112.6876080630567,-0.72491455078125,0.33856201171875,-0.45086669921875,0.395751953125,2.02258064516129,61.29032258064516,1.7258064516129032,52.29716520039101,2.5709677419354837,77.90811339198436
6.634427125100046,112.6876080630567,-0.72491455078125,0.33856201171875,-0.45086669921875,0.395751953125,2.096774193548387,63.5386119257087,1.7032258064516128,51.61290322580645,2.558064516129032,77.5171065493646
6.654493552050553,112.6876080630567,-0.72491455078125,0.33856201171875,-0.45086669921875,0.395751953125,2.106451612903226,63.831867057673506,1.7516129032258063,53.0791788856305,2.5419354838709673,77.02834799608992
6.674548299051821,112.25251366414396,-0.7244873046875,0.34051513671875,-0.44830322265625,0.39776611328125,2.064516129032258,62.56109481915934,1.729032258064516,52.39491691104594,2.551612903225806,77.32160312805473
6.694613702013157,112.25251366414396,-0.7244873046875,0.34051513671875,-0.44830322265625,0.39776611328125,2.061290322580645,62.4633431085044,1.7129032258064516,51.90615835777126,2.551612903225806,77.32160312805473
6.714713474037126,111.85020606365826,-0.72406005859375,0.34130859375,-0.44586181640625,0.400634765625,2.061290322580645,62.4633431085044,1.729032258064516,52.39491691104594,2.564516129032258,77.71260997067448
6.734781310078688,111.85020606365826,-0.72406005859375,0.34130859375,-0.44586181640625,0.400634765625,2.0999999999999996,63.636363636363626,1.7516129032258063,53.0791788856305,2.5419354838709673,77.02834799608992
6.754846169031225,111.85020606365826,-0.72406005859375,0.34130859375,-0.44586181640625,0.400634765625,2.1451612903225805,65.00488758553274,1.7451612903225806,52.883675464320625,2.5129032258064514,76.1485826001955
6.774911540094763,111.49513898547805,-0.72412109375,0.34136962890625,-0.44317626953125,0.40338134765625,2.0903225806451613,63.34310850439883,1.7419354838709677,52.785923753665685,2.5677419354838706,77.81036168132943
6.79498968005646,111.49513898547805,-0.72412109375,0.34136962890625,-0.44317626953125,0.40338134765625,2.138709677419355,64.80938416422288,1.729032258064516,52.39491691104594,2.5774193548387094,78.10361681329422
6.815036682062782,111.1303063967216,-0.72454833984375,0.341796875,-0.44012451171875,0.4056396484375,2.116129032258064,64.1251221896383,1.732258064516129,52.49266862170088,2.5064516129032257,75.95307917888563
6.835134023102,111.1303063967216,-0.72454833984375,0.341796875,-0.44012451171875,0.4056396484375,2.0903225806451613,63.34310850439883,1.7419354838709677,52.785923753665685,2.5419354838709673,77.02834799608992
6.855187234003097,111.1303063967216,-0.72454833984375,0.341796875,-0.44012451171875,0.4056396484375,2.116129032258064,64.1251221896383,1.7387096774193547,52.68817204301075,2.529032258064516,76.63734115347019
6.875261981040239,110.71291268109366,-0.72454833984375,0.34210205078125,-0.43701171875,0.40863037109375,2.106451612903226,63.831867057673506,1.7451612903225806,52.883675464320625,2.5709677419354837,77.90811339198436
6.895310840103775,110.71291268109366,-0.72454833984375,0.34210205078125,-0.43701171875,0.40863037109375,2.1193548387096772,64.22287390029325,1.7387096774193547,52.68817204301075,2.5419354838709673,77.02834799608992
6.915378227015026,110.20346166736647,-0.7244873046875,0.3424072265625,-0.43328857421875,0.4124755859375,2.1096774193548384,63.929618768328446,1.732258064516129,52.49266862170088,2.551612903225806,77.32160312805473
6.935462159104645,110.20346166736647,-0.7244873046875,0.3424072265625,-0.43328857421875,0.4124755859375,2.158064516129032,65.39589442815249,1.7129032258064516,51.90615835777126,2.5387096774193547,76.93059628543499
6.955530890030786,110.20346166736647,-0.7244873046875,0.3424072265625,-0.43328857421875,0.4124755859375,2.1322580645161286,64.61388074291298,1.729032258064516,52.39491691104594,2.561290322580645,77.61485826001955
6.9756453830050305,109.56205484983671,-0.72509765625,0.343017578125,-0.42791748046875,0.41650390625,2.116129032258064,64.1251221896383,1.7354838709677418,52.59042033235581,2.5354838709677416,76.83284457478005
6.9956817290512845,109.56205484983671,-0.72509765625,0.343017578125,-0.42791748046875,0.41650390625,2.1419354838709674,64.90713587487781,1.729032258064516,52.39491691104594,2.5774193548387094,78.10361681329422
7.015736924018711,108.87444613129719,-0.72515869140625,0.34442138671875,-0.4227294921875,0.42041015625,2.1516129032258062,65.20039100684262,1.7451612903225806,52.883675464320625,2.551612903225806,77.32160312805473
7.035880858078599,108.87444613129719,-0.72515869140625,0.34442138671875,-0.4227294921875,0.42041015625,2.1548387096774193,65.29814271749756,1.7419354838709677,52.785923753665685,2.5451612903225804,77.12609970674487
7.055945653002709,108.87444613129719,-0.72515869140625,0.34442138671875,-0.4227294921875,0.42041015625,2.1516129032258062,65.20039100684262,1.7354838709677418,52.59042033235581,2.5,75.75757575757575
7.0759872160851955,107.96546131225163,-0.7247314453125,0.34637451171875,-0.4163818359375,0.42596435546875,2.1645161290322577,65.59139784946235,1.7451612903225806,52.883675464320625,2.564516129032258,77.71260997067448
7.096075435052626,107.96546131225163,-0.7247314453125,0.34637451171875,-0.4163818359375,0.42596435546875,2.203225806451613,66.7644183773216,1.7516129032258063,53.0791788856305,2.5451612903225804,77.12609970674487
7.116161479032598,106.93205806791133,-0.723876953125,0.34906005859375,-0.409423828125,0.431884765625,2.180645161290322,66.08015640273703,1.7580645161290323,53.27468230694038,2.5,75.75757575757575
7.136204834096134,106.93205806791133,-0.723876953125,0.34906005859375,-0.409423828125,0.431884765625,2.2096774193548385,66.95992179863147,1.7709677419354837,53.665689149560116,2.532258064516129,76.73509286412512
7.156337727094069,106.93205806791133,-0.723876953125,0.34906005859375,-0.409423828125,0.431884765625,2.1741935483870964,65.88465298142717,1.7903225806451613,54.25219941348974,2.525806451612903,76.53958944281524
7.176415931084193,105.82905392055956,-0.7225341796875,0.35205078125,-0.40234375,0.4383544921875,2.1999999999999997,66.66666666666666,1.8161290322580643,55.034213098729225,2.5354838709677416,76.83284457478005
7.196441621053964,105.82905392055956,-0.7225341796875,0.35205078125,-0.40234375,0.4383544921875,2.22258064516129,67.35092864125122,1.7709677419354837,53.665689149560116,2.564516129032258,77.71260997067448
7.216506480006501,104.58976045026226,-0.72125244140625,0.35601806640625,-0.39410400390625,0.44464111328125,2.212903225806451,67.0576735092864,1.7516129032258063,53.0791788856305,2.529032258064516,76.63734115347019
7.236607308033854,104.58976045026226,-0.72125244140625,0.35601806640625,-0.39410400390625,0.44464111328125,2.203225806451613,66.7644183773216,1.793548387096774,54.34995112414467,2.5483870967741935,77.2238514173998
7.256699976045638,104.58976045026226,-0.72125244140625,0.35601806640625,-0.39410400390625,0.44464111328125,2.225806451612903,67.44868035190615,1.7774193548387096,53.86119257086999,2.5354838709677416,76.83284457478005
7.276748067000881,103.39312003063824,-0.72027587890625,0.36004638671875,-0.3858642578125,0.45025634765625,2.2419354838709675,67.93743890518084,1.8225806451612903,55.229716520039105,2.529032258064516,76.63734115347019
7.296835327055305,103.39312003063824,-0.72027587890625,0.36004638671875,-0.3858642578125,0.45025634765625,2.203225806451613,66.7644183773216,1.8064516129032258,54.74095796676443,2.5419354838709673,77.02834799608992
7.316876762080938,102.22442113144362,-0.71954345703125,0.36346435546875,-0.37738037109375,0.455810546875,2.2161290322580642,67.15542521994135,1.8129032258064515,54.936461388074285,2.5129032258064514,76.1485826001955
7.336938581080176,102.22442113144362,-0.71954345703125,0.36346435546875,-0.37738037109375,0.455810546875,2.212903225806451,67.0576735092864,1.8161290322580643,55.034213098729225,2.561290322580645,77.61485826001955
7.357074418105185,102.22442113144362,-0.71954345703125,0.36346435546875,-0.37738037109375,0.455810546875,2.2290322580645157,67.54643206256108,1.7774193548387096,53.86119257086999,2.5419354838709673,77.02834799608992
7.377097708056681,101.08790832316456,-0.71844482421875,0.366455078125,-0.36932373046875,0.461669921875,2.2483870967741932,68.1329423264907,1.8096774193548386,54.83870967741935,2.5354838709677416,76.83284457478005
7.397152039106004,101.08790832316456,-0.71844482421875,0.366455078125,-0.36932373046875,0.461669921875,2.2677419354838713,68.71945259042035,1.8064516129032258,54.74095796676443,2.5451612903225804,77.12609970674487
7.417242115014233,100.01815047637949,-0.717529296875,0.36968994140625,-0.36163330078125,0.46661376953125,2.1870967741935483,66.27565982404691,1.8354838709677417,55.62072336265884,2.5064516129032257,75.95307917888563
7.437331775086932,100.01815047637949,-0.717529296875,0.36968994140625,-0.36163330078125,0.46661376953125,2.2193548387096773,67.25317693059628,1.8387096774193548,55.71847507331379,2.529032258064516,76.63734115347019
7.457373401033692,100.01815047637949,-0.717529296875,0.36968994140625,-0.36163330078125,0.46661376953125,2.2548387096774194,68.32844574780059,1.8322580645161288,55.5229716520039,2.5387096774193547,76.93059628543499
7.477443893090822,98.90870430481675,-0.71661376953125,0.37274169921875,-0.35345458984375,0.4718017578125,2.2161290322580642,67.15542521994135,1.8741935483870966,56.79374389051808,2.5483870967741935,77.2238514173998
7.497503024060279,98.90870430481675,-0.71661376953125,0.37274169921875,-0.35345458984375,0.4718017578125,2.2290322580645157,67.54643206256108,1.829032258064516,55.42521994134897,2.5354838709677416,76.83284457478005
7.517588012036867,97.79547594653172,-0.71575927734375,0.37603759765625,-0.34515380859375,0.47662353515625,2.212903225806451,67.0576735092864,1.8935483870967742,57.380254154447705,2.5354838709677416,76.83284457478005
7.5376369981095195,97.79547594653172,-0.71575927734375,0.37603759765625,-0.34515380859375,0.47662353515625,2.22258064516129,67.35092864125122,1.8548387096774193,56.20723362658847,2.5419354838709673,77.02834799608992
7.557721762103029,97.79547594653172,-0.71575927734375,0.37603759765625,-0.34515380859375,0.47662353515625,2.2096774193548385,66.95992179863147,1.8354838709677417,55.62072336265884,2.4741935483870967,74.97556207233626
7.577770749107003,96.67244347407289,-0.714599609375,0.379638671875,-0.33697509765625,0.48126220703125,2.2322580645161287,67.64418377321603,1.8709677419354838,56.695992179863154,2.5451612903225804,77.12609970674487
7.597832984058186,96.67244347407289,-0.714599609375,0.379638671875,-0.33697509765625,0.48126220703125,2.2483870967741932,68.1329423264907,1.8741935483870966,56.79374389051808,2.529032258064516,76.63734115347019
7.617894355091266,95.49496641642624,-0.7130126953125,0.3828125,-0.32855224609375,0.48687744140625,2.261290322580645,68.52394916911047,1.8580645161290321,56.304985337243394,2.558064516129032,77.5171065493646
7.637967791059054,95.49496641642624,-0.7130126953125,0.3828125,-0.32855224609375,0.48687744140625,2.2516129032258068,68.23069403714567,1.8580645161290321,56.304985337243394,2.529032258064516,76.63734115347019
7.658065035007894,95.49496641642624,-0.7130126953125,0.3828125,-0.32855224609375,0.48687744140625,2.2483870967741932,68.1329423264907,1.861290322580645,56.402737047898334,2.532258064516129,76.73509286412512
7.6781111099990085,94.3642638628013,-0.71136474609375,0.38604736328125,-0.320556640625,0.49212646484375,2.235483870967742,67.74193548387096,1.8709677419354838,56.695992179863154,2.5,75.75757575757575
7.698170977062546,94.3642638628013,-0.71136474609375,0.38604736328125,-0.320556640625,0.49212646484375,2.235483870967742,67.74193548387096,1.8580645161290321,56.304985337243394,2.532258064516129,76.73509286412512
7.7182492120191455,93.2491781419602,-0.70977783203125,0.38958740234375,-0.31256103515625,0.4967041015625,2.293548387096774,69.50146627565982,1.8580645161290321,56.304985337243394,2.529032258064516,76.63734115347019
7.738378074020147,93.2491781419602,-0.70977783203125,0.38958740234375,-0.31256103515625,0.4967041015625,2.24516129032258,68.03519061583576,1.8774193548387097,56.89149560117303,2.551612903225806,77.32160312805473
7.758431380032562,93.2491781419602,-0.70977783203125,0.38958740234375,-0.31256103515625,0.4967041015625,2.2548387096774194,68.32844574780059,1.8709677419354838,56.695992179863154,2.52258064516129,76.44183773216031
7.778499600011855,92.13080024414043,-0.70819091796875,0.39324951171875,-0.30450439453125,0.5010986328125,2.2483870967741932,68.1329423264907,1.896774193548387,57.478005865102645,2.5,75.75757575757575
7.798550411011092,92.13080024414043,-0.70819091796875,0.39324951171875,-0.30450439453125,0.5010986328125,2.264516129032258,68.6217008797654,1.8741935483870966,56.79374389051808,2.5483870967741935,77.2238514173998
7.818679368006997,91.01748699549671,-0.70635986328125,0.39703369140625,-0.296630859375,0.50537109375,2.2419354838709675,67.93743890518084,1.8709677419354838,56.695992179863154,2.5483870967741935,77.2238514173998
7.83871437003836,91.01748699549671,-0.70635986328125,0.39703369140625,-0.296630859375,0.50537109375,2.2677419354838713,68.71945259042035,1.9,57.57575757575758,2.5354838709677416,76.83284457478005
7.858774973079562,91.01748699549671,-0.70635986328125,0.39703369140625,-0.296630859375,0.50537109375,2.2774193548387096,69.01270772238514,1.9,57.57575757575758,2.5451612903225804,77.12609970674487
7.87883992807474,89.89761199475268,-0.7039794921875,0.4012451171875,-0.28924560546875,0.50970458984375,2.2677419354838713,68.71945259042035,1.8580645161290321,56.304985337243394,2.554838709677419,77.41935483870968
7.89893112401478,89.89761199475268,-0.7039794921875,0.4012451171875,-0.28924560546875,0.50970458984375,2.2806451612903227,69.11045943304008,1.8870967741935485,57.18475073313783,2.5064516129032257,75.95307917888563
7.919026545016095,88.7672602276578,-0.70166015625,0.40594482421875,-0.28167724609375,0.51336669921875,2.2161290322580642,67.15542521994135,1.8935483870967742,57.380254154447705,2.5387096774193547,76.93059628543499
7.939095788053237,88.7672602276578,-0.70166015625,0.40594482421875,-0.28167724609375,0.51336669921875,2.2677419354838713,68.71945259042035,1.8806451612903226,56.98924731182796,2.5354838709677416,76.83284457478005
7.959189480054192,88.7672602276578,-0.70166015625,0.40594482421875,-0.28167724609375,0.51336669921875,2.2677419354838713,68.71945259042035,1.8741935483870966,56.79374389051808,2.5387096774193547,76.93059628543499
7.979213186074048,87.48056956736603,-0.698974609375,0.4112548828125,-0.27301025390625,0.5174560546875,2.2677419354838713,68.71945259042035,1.8903225806451613,57.28250244379277,2.529032258064516,76.63734115347019
7.999275197042152,87.48056956736603,-0.698974609375,0.4112548828125,-0.27301025390625,0.5174560546875,2.2677419354838713,68.71945259042035,1.896774193548387,57.478005865102645,2.532258064516129,76.73509286412512
8.01940764207393,86.19709861393227,-0.69586181640625,0.41644287109375,-0.2646484375,0.5218505859375,2.24516129032258,68.03519061583576,1.9096774193548387,57.86901270772239,2.52258064516129,76.44183773216031
8.039452629047446,86.19709861393227,-0.69586181640625,0.41644287109375,-0.2646484375,0.5218505859375,2.2870967741935484,69.30596285434996,1.8806451612903226,56.98924731182796,2.5483870967741935,77.2238514173998
8.059554225066677,86.19709861393227,-0.69586181640625,0.41644287109375,-0.2646484375,0.5218505859375,2.296774193548387,69.59921798631477,1.9548387096774194,59.2375366568915,2.532258064516129,76.73509286412512
8.079666894045658,84.90359518778098,-0.69244384765625,0.42193603515625,-0.25640869140625,0.52606201171875,2.2677419354838713,68.71945259042035,1.961290322580645,59.43304007820137,2.561290322580645,77.61485826001955
8.099689512047917,84.90359518778098,-0.69244384765625,0.42193603515625,-0.25640869140625,0.52606201171875,2.3161290322580648,70.1857282502444,1.9451612903225806,58.94428152492669,2.529032258064516,76.63734115347019
8.119743779068813,83.48509189567638,-0.6888427734375,0.42791748046875,-0.24713134765625,0.5303955078125,2.2677419354838713,68.71945259042035,1.9419354838709677,58.846529814271754,2.5709677419354837,77.90811339198436
8.13980927807279,83.48509189567638,-0.6888427734375,0.42791748046875,-0.24713134765625,0.5303955078125,2.293548387096774,69.50146627565982,1.9387096774193548,58.748778103616814,2.5451612903225804,77.12609970674487
8.159896634053439,83.48509189567638,-0.6888427734375,0.42791748046875,-0.24713134765625,0.5303955078125,2.2838709677419358,69.20821114369502,1.9580645161290322,59.33528836754643,2.5129032258064514,76.1485826001955
8.179947093012743,82.02970151371588,-0.6849365234375,0.43426513671875,-0.23773193359375,0.53460693359375,2.296774193548387,69.59921798631477,1.961290322580645,59.43304007820137,2.5354838709677416,76.83284457478005
8.20000945602078,82.02970151371588,-0.6849365234375,0.43426513671875,-0.23773193359375,0.53460693359375,2.3193548387096774,70.28347996089931,1.9709677419354839,59.72629521016618,2.5387096774193547,76.93059628543499
8.220069227041677,80.63571927694665,-0.68109130859375,0.44024658203125,-0.2286376953125,0.53851318359375,2.3516129032258064,71.26099706744868,1.961290322580645,59.43304007820137,2.551612903225806,77.32160312805473
8.240137222106569,80.63571927694665,-0.68109130859375,0.44024658203125,-0.2286376953125,0.53851318359375,2.3129032258064517,70.08797653958945,1.9516129032258065,59.13978494623656,2.5419354838709673,77.02834799608992
8.260226274025626,80.63571927694665,-0.68109130859375,0.44024658203125,-0.2286376953125,0.53851318359375,2.3322580645161293,70.67448680351907,1.9806451612903224,60.01955034213099,2.5483870967741935,77.2238514173998
8.280274301068857,79.19576594945269,-0.677001953125,0.44622802734375,-0.21923828125,0.54266357421875,2.2677419354838713,68.71945259042035,1.9838709677419355,60.117302052785924,2.5,75.75757575757575
8.300340440007858,79.19576594945269,-0.677001953125,0.44622802734375,-0.21923828125,0.54266357421875,2.3193548387096774,70.28347996089931,1.9580645161290322,59.33528836754643,2.5451612903225804,77.12609970674487
8.320404692087322,77.79051406931671,-0.67291259765625,0.45208740234375,-0.21002197265625,0.5465087890625,2.2774193548387096,69.01270772238514,1.9870967741935484,60.215053763440864,2.551612903225806,77.32160312805473
8.340512432041578,77.79051406931671,-0.67291259765625,0.45208740234375,-0.21002197265625,0.5465087890625,2.3451612903225807,71.0654936461388,1.967741935483871,59.628543499511245,2.5451612903225804,77.12609970674487
8.360584844020195,77.79051406931671,-0.67291259765625,0.45208740234375,-0.21002197265625,0.5465087890625,2.2870967741935484,69.30596285434996,1.9580645161290322,59.33528836754643,2.6064516129032254,78.98338220918865
8.38062896602787,76.41234439572096,-0.6685791015625,0.45782470703125,-0.201171875,0.55035400390625,2.3193548387096774,70.28347996089931,1.961290322580645,59.43304007820137,2.551612903225806,77.32160312805473
8.400690305046737,76.41234439572096,-0.6685791015625,0.45782470703125,-0.201171875,0.55035400390625,2.270967741935484,68.81720430107528,1.9774193548387096,59.92179863147605,2.5129032258064514,76.1485826001955
8.42077030101791,75.10234001203996,-0.66455078125,0.4630126953125,-0.19256591796875,0.55401611328125,2.3161290322580648,70.1857282502444,1.996774193548387,60.50830889540567,2.5161290322580645,76.24633431085044
8.44089458603412,75.10234001203996,-0.66455078125,0.4630126953125,-0.19256591796875,0.55401611328125,2.329032258064516,70.57673509286413,1.964516129032258,59.530791788856305,2.5483870967741935,77.2238514173998
8.460915220086463,75.10234001203996,-0.66455078125,0.4630126953125,-0.19256591796875,0.55401611328125,2.3193548387096774,70.28347996089931,1.9806451612903224,60.01955034213099,2.519354838709677,76.34408602150538
8.480975023005158,73.77234531387164,-0.66046142578125,0.4683837890625,-0.1837158203125,0.557373046875,2.329032258064516,70.57673509286413,1.9580645161290322,59.33528836754643,2.5451612903225804,77.12609970674487
8.501034922082908,73.77234531387164,-0.66046142578125,0.4683837890625,-0.1837158203125,0.557373046875,2.3322580645161293,70.67448680351907,1.9774193548387096,59.92179863147605,2.596774193548387,78.69012707722385
8.521107782027684,72.51118401090041,-0.6566162109375,0.4736328125,-0.17523193359375,0.5601806640625,2.3451612903225807,71.0654936461388,2.0032258064516126,60.703812316715535,2.551612903225806,77.32160312805473
8.54123565100599,72.51118401090041,-0.6566162109375,0.4736328125,-0.17523193359375,0.5601806640625,2.3419354838709676,70.96774193548387,1.932258064516129,58.55327468230694,2.554838709677419,77.41935483870968
8.561280637048185,72.51118401090041,-0.6566162109375,0.4736328125,-0.17523193359375,0.5601806640625,2.335483870967742,70.772238514174,1.9580645161290322,59.33528836754643,2.551612903225806,77.32160312805473
8.581336152041331,71.35379707674103,-0.65313720703125,0.47869873046875,-0.16741943359375,0.5623779296875,2.3161290322580648,70.1857282502444,1.9419354838709677,58.846529814271754,2.525806451612903,76.53958944281524
8.601386419031769,71.35379707674103,-0.65313720703125,0.47869873046875,-0.16741943359375,0.5623779296875,2.3225806451612905,70.38123167155426,1.9387096774193548,58.748778103616814,2.525806451612903,76.53958944281524
8.621460911002941,70.27286457813696,-0.64984130859375,0.4827880859375,-0.159912109375,0.5648193359375,2.325806451612903,70.4789833822092,1.9709677419354839,59.72629521016618,2.5483870967741935,77.2238514173998
8.641516842064448,70.27286457813696,-0.64984130859375,0.4827880859375,-0.159912109375,0.5648193359375,2.3322580645161293,70.67448680351907,1.9774193548387096,59.92179863147605,2.532258064516129,76.73509286412512
8.66157805302646,70.27286457813696,-0.64984130859375,0.4827880859375,-0.159912109375,0.5648193359375,2.3096774193548386,69.99022482893452,1.932258064516129,58.55327468230694,2.5419354838709673,77.02834799608992
8.681657792069018,69.20207394269791,-0.6466064453125,0.4862060546875,-0.15234375,0.5677490234375,2.296774193548387,69.59921798631477,1.961290322580645,59.43304007820137,2.5741935483870964,78.00586510263928
8.701724252081476,69.20207394269791,-0.6466064453125,0.4862060546875,-0.15234375,0.5677490234375,2.3225806451612905,70.38123167155426,1.996774193548387,60.50830889540567,2.5419354838709673,77.02834799608992
8.721783319022506,68.20184693503755,-0.64361572265625,0.48956298828125,-0.1451416015625,0.570068359375,2.335483870967742,70.772238514174,1.9709677419354839,59.72629521016618,2.564516129032258,77.71260997067448
8.741844594012946,68.20184693503755,-0.64361572265625,0.48956298828125,-0.1451416015625,0.570068359375,2.370967741935484,71.8475073313783,2.019354838709677,61.19257086999021,2.5419354838709673,77.02834799608992
8.76192187005654,68.20184693503755,-0.64361572265625,0.48956298828125,-0.1451416015625,0.570068359375,2.3225806451612905,70.38123167155426,1.967741935483871,59.628543499511245,2.5483870967741935,77.2238514173998
8.781977928010747,67.25273787030326,-0.6407470703125,0.4930419921875,-0.138427734375,0.572021484375,2.3129032258064517,70.08797653958945,1.9774193548387096,59.92179863147605,2.525806451612903,76.53958944281524
8.802052740007639,67.25273787030326,-0.6407470703125,0.4930419921875,-0.138427734375,0.572021484375,2.3161290322580648,70.1857282502444,1.9838709677419355,60.117302052785924,2.529032258064516,76.63734115347019
8.82211388705764,66.42291384506717,-0.6383056640625,0.4959716796875,-0.13238525390625,0.5736083984375,2.3096774193548386,69.99022482893452,1.9838709677419355,60.117302052785924,2.561290322580645,77.61485826001955
8.842173658078536,66.42291384506717,-0.6383056640625,0.4959716796875,-0.13238525390625,0.5736083984375,2.3161290322580648,70.1857282502444,1.9451612903225806,58.94428152492669,2.554838709677419,77.41935483870968
8.862244950025342,66.42291384506717,-0.6383056640625,0.4959716796875,-0.13238525390625,0.5736083984375,2.3193548387096774,70.28347996089931,1.9741935483870967,59.82404692082112,2.551612903225806,77.32160312805473
8.882311505032703,65.69238115286873,-0.63616943359375,0.49847412109375,-0.1270751953125,0.5750732421875,2.270967741935484,68.81720430107528,1.9806451612903224,60.01955034213099,2.529032258064516,76.63734115347019
8.902373004006222,65.69238115286873,-0.63616943359375,0.49847412109375,-0.1270751953125,0.5750732421875,2.293548387096774,69.50146627565982,1.935483870967742,58.65102639296188,2.564516129032258,77.71260997067448
8.92244032700546,65.01207436522354,-0.63421630859375,0.50054931640625,-0.1219482421875,0.57647705078125,2.2677419354838713,68.71945259042035,1.9483870967741934,59.04203323558163,2.5483870967741935,77.2238514173998
8.942550756037235,65.01207436522354,-0.63421630859375,0.50054931640625,-0.1219482421875,0.57647705078125,2.2677419354838713,68.71945259042035,1.967741935483871,59.628543499511245,2.5677419354838706,77.81036168132943
8.962609343114309,65.01207436522354,-0.63421630859375,0.50054931640625,-0.1219482421875,0.57647705078125,2.3096774193548386,69.99022482893452,1.9774193548387096,59.92179863147605,2.529032258064516,76.63734115347019
8.982660090085119,64.3687987675329,-0.63250732421875,0.50250244140625,-0.11700439453125,0.57769775390625,2.2838709677419358,69.20821114369502,1.9806451612903224,60.01955034213099,2.5774193548387094,78.10361681329422
9.002749526058324,64.3687987675329,-0.63250732421875,0.50250244140625,-0.11700439453125,0.57769775390625,2.274193548387097,68.91495601173021,1.9741935483870967,59.82404692082112,2.551612903225806,77.32160312805473
9.02279342408292,63.7136929064826,-0.63067626953125,0.5050048828125,-0.11212158203125,0.5784912109375,2.2774193548387096,69.01270772238514,1.9903225806451612,60.312805474095796,2.525806451612903,76.53958944281524
9.042892653029412,63.7136929064826,-0.63067626953125,0.5050048828125,-0.11212158203125,0.5784912109375,2.270967741935484,68.81720430107528,1.9838709677419355,60.117302052785924,2.551612903225806,77.32160312805473
9.062950664083473,63.7136929064826,-0.63067626953125,0.5050048828125,-0.11212158203125,0.5784912109375,2.2806451612903227,69.11045943304008,1.9580645161290322,59.33528836754643,2.554838709677419,77.41935483870968
9.083004835061729,63.16330642482987,-0.6287841796875,0.5072021484375,-0.10833740234375,0.579345703125,2.2677419354838713,68.71945259042035,1.961290322580645,59.43304007820137,2.564516129032258,77.71260997067448
9.103070526034571,63.16330642482987,-0.6287841796875,0.5072021484375,-0.10833740234375,0.579345703125,2.270967741935484,68.81720430107528,1.9774193548387096,59.92179863147605,2.5677419354838706,77.81036168132943
9.12314296909608,62.5972811416774,-0.626708984375,0.50927734375,-0.1044921875,0.5804443359375,2.2580645161290325,68.42619745845553,1.9064516129032258,57.77126099706745,2.561290322580645,77.61485826001955
9.143202964100055,62.5972811416774,-0.626708984375,0.50927734375,-0.1044921875,0.5804443359375,2.2483870967741932,68.1329423264907,1.967741935483871,59.628543499511245,2.5,75.75757575757575
9.163282832014374,62.5972811416774,-0.626708984375,0.50927734375,-0.1044921875,0.5804443359375,2.2774193548387096,69.01270772238514,1.9903225806451612,60.312805474095796,2.529032258064516,76.63734115347019
9.183336203102954,62.08823393157512,-0.625,0.51129150390625,-0.1009521484375,0.5811767578125,2.306451612903226,69.89247311827957,1.9258064516129032,58.35777126099707,2.554838709677419,77.41935483870968
9.203399750054814,62.08823393157512,-0.625,0.51129150390625,-0.1009521484375,0.5811767578125,2.274193548387097,68.91495601173021,1.9516129032258065,59.13978494623656,2.525806451612903,76.53958944281524
9.223485634080134,61.55318451677646,-0.623291015625,0.5133056640625,-0.09710693359375,0.5819091796875,2.2677419354838713,68.71945259042035,1.9483870967741934,59.04203323558163,2.5774193548387094,78.10361681329422
9.243537885020487,61.55318451677646,-0.623291015625,0.5133056640625,-0.09710693359375,0.5819091796875,2.296774193548387,69.59921798631477,1.9870967741935484,60.215053763440864,2.564516129032258,77.71260997067448
9.263600600068457,61.55318451677646,-0.623291015625,0.5133056640625,-0.09710693359375,0.5819091796875,2.293548387096774,69.50146627565982,1.929032258064516,58.45552297165201,2.5709677419354837,77.90811339198436
9.283663763082586,61.08378635477314,-0.62188720703125,0.5152587890625,-0.0936279296875,0.58221435546875,2.270967741935484,68.81720430107528,1.935483870967742,58.65102639296188,2.564516129032258,77.71260997067448
9.303731247084215,61.08378635477314,-0.62188720703125,0.5152587890625,-0.0936279296875,0.58221435546875,2.2838709677419358,69.20821114369502,1.9903225806451612,60.312805474095796,2.554838709677419,77.41935483870968
9.323792842100374,60.81466356971607,-0.62109375,0.516357421875,-0.0916748046875,0.58245849609375,2.2580645161290325,68.42619745845553,1.9419354838709677,58.846529814271754,2.561290322580645,77.61485826001955
9.343863461050205,60.81466356971607,-0.62109375,0.516357421875,-0.0916748046875,0.58245849609375,2.2548387096774194,68.32844574780059,1.9483870967741934,59.04203323558163,2.558064516129032,77.5171065493646
9.363944289041683,60.513195563965695,-0.6201171875,0.51763916015625,-0.0894775390625,0.5826416015625,2.2806451612903227,69.11045943304008,1.9451612903225806,58.94428152492669,2.5774193548387094,78.10361681329422
9.384003900107928,60.513195563965695,-0.6201171875,0.51763916015625,-0.0894775390625,0.5826416015625,2.3000000000000003,69.69696969696972,1.9580645161290322,59.33528836754643,2.554838709677419,77.41935483870968
9.404068759060465,60.513195563965695,-0.6201171875,0.51763916015625,-0.0894775390625,0.5826416015625,2.293548387096774,69.50146627565982,1.935483870967742,58.65102639296188,2.5774193548387094,78.10361681329422
9.424153107102029,60.061408519838,-0.61859130859375,0.51953125,-0.0863037109375,0.58306884765625,2.2677419354838713,68.71945259042035,1.9483870967741934,59.04203323558163,2.551612903225806,77.32160312805473
9.444198606070131,60.061408519838,-0.61859130859375,0.51953125,-0.0863037109375,0.58306884765625,2.325806451612903,70.4789833822092,1.9064516129032258,57.77126099706745,2.5774193548387094,78.10361681329422
9.4642668570159,60.061408519838,-0.61859130859375,0.51953125,-0.0863037109375,0.58306884765625,2.329032258064516,70.57673509286413,1.9709677419354839,59.72629521016618,2.554838709677419,77.41935483870968
9.484328612103127,59.57377050596736,-0.61712646484375,0.521484375,-0.08270263671875,0.58343505859375,2.325806451612903,70.4789833822092,1.961290322580645,59.43304007820137,2.564516129032258,77.71260997067448
9.50440099206753,59.57377050596736,-0.61712646484375,0.521484375,-0.08270263671875,0.58343505859375,2.296774193548387,69.59921798631477,1.9580645161290322,59.33528836754643,2.561290322580645,77.61485826001955
9.524460219079629,59.04463870485341,-0.61529541015625,0.5234375,-0.07891845703125,0.5841064453125,2.306451612903226,69.89247311827957,1.964516129032258,59.530791788856305,2.554838709677419,77.41935483870968
9.544553911080584,59.04463870485341,-0.61529541015625,0.5234375,-0.07891845703125,0.5841064453125,2.306451612903226,69.89247311827957,1.9903225806451612,60.312805474095796,2.554838709677419,77.41935483870968
9.56460878602229,58.467010007537525,-0.61322021484375,0.5257568359375,-0.07489013671875,0.584716796875,2.303225806451613,69.79472140762464,1.9806451612903224,60.01955034213099,2.5774193548387094,78.10361681329422
9.584663821035065,58.467010007537525,-0.61322021484375,0.5257568359375,-0.07489013671875,0.584716796875,2.3322580645161293,70.67448680351907,1.993548387096774,60.410557184750736,2.5709677419354837,77.90811339198436
9.604729800019413,58.467010007537525,-0.61322021484375,0.5257568359375,-0.07489013671875,0.584716796875,2.3193548387096774,70.28347996089931,1.964516129032258,59.530791788856305,2.561290322580645,77.61485826001955
9.624797027092427,57.90559341084385,-0.611083984375,0.52838134765625,-0.0711669921875,0.5850830078125,2.274193548387097,68.91495601173021,1.9903225806451612,60.312805474095796,2.551612903225806,77.32160312805473
9.644872127100825,57.90559341084385,-0.611083984375,0.52838134765625,-0.0711669921875,0.5850830078125,2.306451612903226,69.89247311827957,1.964516129032258,59.530791788856305,2.564516129032258,77.71260997067448
9.664973275037482,57.31152448870026,-0.60882568359375,0.5311279296875,-0.06719970703125,0.58544921875,2.3193548387096774,70.28347996089931,1.996774193548387,60.50830889540567,2.561290322580645,77.61485826001955
9.685016342089511,57.31152448870026,-0.60882568359375,0.5311279296875,-0.06719970703125,0.58544921875,2.296774193548387,69.59921798631477,1.9838709677419355,60.117302052785924,2.5774193548387094,78.10361681329422
9.705100818071514,57.31152448870026,-0.60882568359375,0.5311279296875,-0.06719970703125,0.58544921875,2.3161290322580648,70.1857282502444,1.9580645161290322,59.33528836754643,2.564516129032258,77.71260997067448
9.725165229057893,56.705677417116455,-0.60650634765625,0.53369140625,-0.06304931640625,0.5859375,2.3129032258064517,70.08797653958945,2.009677419354839,60.899315738025415,2.561290322580645,77.61485826001955
9.745235303998925,56.705677417116455,-0.60650634765625,0.53369140625,-0.06304931640625,0.5859375,2.293548387096774,69.50146627565982,1.9870967741935484,60.215053763440864,2.5677419354838706,77.81036168132943
9.765291171032004,56.049657118640745,-0.6038818359375,0.5367431640625,-0.0587158203125,0.5863037109375,2.3322580645161293,70.67448680351907,2.02258064516129,61.29032258064516,2.5387096774193547,76.93059628543499
9.785343934083357,56.049657118640745,-0.6038818359375,0.5367431640625,-0.0587158203125,0.5863037109375,2.3225806451612905,70.38123167155426,2.0,60.60606060606061,2.5483870967741935,77.2238514173998
9.805408729007468,56.049657118640745,-0.6038818359375,0.5367431640625,-0.0587158203125,0.5863037109375,2.296774193548387,69.59921798631477,2.029032258064516,61.48582600195503,2.5387096774193547,76.93059628543499
9.82547499705106,55.36534615034121,-0.6009521484375,0.5399169921875,-0.05438232421875,0.58685302734375,2.3193548387096774,70.28347996089931,2.0354838709677416,61.6813294232649,2.5677419354838706,77.81036168132943
9.845538480090909,55.36534615034121,-0.6009521484375,0.5399169921875,-0.05438232421875,0.58685302734375,2.3322580645161293,70.67448680351907,1.9838709677419355,60.117302052785924,2.532258064516129,76.73509286412512
9.865626668091863,54.66704927747301,-0.59771728515625,0.54315185546875,-0.05010986328125,0.5875244140625,2.3322580645161293,70.67448680351907,1.9709677419354839,59.72629521016618,2.5677419354838706,77.81036168132943
9.885713384021074,54.66704927747301,-0.59771728515625,0.54315185546875,-0.05010986328125,0.5875244140625,2.338709677419355,70.86999022482894,1.9838709677419355,60.117302052785924,2.558064516129032,77.5171065493646
9.905789570999332,54.66704927747301,-0.59771728515625,0.54315185546875,-0.05010986328125,0.5875244140625,2.293548387096774,69.50146627565982,2.009677419354839,60.899315738025415,2.525806451612903,76.53958944281524
9.925839806091972,53.834734156278756,-0.59405517578125,0.5469970703125,-0.04486083984375,0.588134765625,2.3129032258064517,70.08797653958945,2.009677419354839,60.899315738025415,2.554838709677419,77.41935483870968
9.945901977014728,53.834734156278756,-0.59405517578125,0.5469970703125,-0.04486083984375,0.588134765625,2.3225806451612905,70.38123167155426,2.009677419354839,60.899315738025415,2.5677419354838706,77.81036168132943
9.965981973102316,53.411749454437114,-0.5921630859375,0.54937744140625,-0.042236328125,0.5880126953125,2.3193548387096774,70.28347996089931,1.9870967741935484,60.215053763440864,2.5709677419354837,77.90811339198436
9.986056465073489,53.411749454437114,-0.5921630859375,0.54937744140625,-0.042236328125,0.5880126953125,2.3419354838709676,70.96774193548387,1.9806451612903224,60.01955034213099,2.5774193548387094,78.10361681329422
10.006125164101832,53.411749454437114,-0.5921630859375,0.54937744140625,-0.042236328125,0.5880126953125,2.3451612903225807,71.0654936461388,1.9741935483870967,59.82404692082112,2.5774193548387094,78.10361681329422
10.02618925506249,52.75274995595393,-0.589111328125,0.55230712890625,-0.03814697265625,0.588623046875,2.2870967741935484,69.30596285434996,1.9838709677419355,60.117302052785924,2.5677419354838706,77.81036168132943
10.046256707049906,52.75274995595393,-0.589111328125,0.55230712890625,-0.03814697265625,0.588623046875,2.3225806451612905,70.38123167155426,1.961290322580645,59.43304007820137,2.5774193548387094,78.10361681329422
10.066334462026134,51.970081583320514,-0.58551025390625,0.555419921875,-0.03314208984375,0.58953857421875,2.329032258064516,70.57673509286413,1.9483870967741934,59.04203323558163,2.6032258064516127,78.88563049853371
10.086400857078843,51.970081583320514,-0.58551025390625,0.555419921875,-0.03314208984375,0.58953857421875,2.3161290322580648,70.1857282502444,1.9451612903225806,58.94428152492669,2.5,75.75757575757575
10.106452244101092,51.970081583320514,-0.58551025390625,0.555419921875,-0.03314208984375,0.58953857421875,2.3322580645161293,70.67448680351907,1.935483870967742,58.65102639296188,2.5774193548387094,78.10361681329422
10.126520816003904,51.168365516687714,-0.58197021484375,0.55841064453125,-0.02789306640625,0.59051513671875,2.3225806451612905,70.38123167155426,1.9483870967741934,59.04203323558163,2.561290322580645,77.61485826001955
10.146615500096232,51.168365516687714,-0.58197021484375,0.55841064453125,-0.02789306640625,0.59051513671875,2.303225806451613,69.79472140762464,1.932258064516129,58.55327468230694,2.532258064516129,76.73509286412512
10.166698472108692,50.32347767366454,-0.578125,0.56170654296875,-0.02239990234375,0.59136962890625,2.296774193548387,69.59921798631477,1.8935483870967742,57.380254154447705,2.590322580645161,78.49462365591397
10.186743554077111,50.32347767366454,-0.578125,0.56170654296875,-0.02239990234375,0.59136962890625,2.2903225806451615,69.40371456500489,1.8870967741935485,57.18475073313783,2.525806451612903,76.53958944281524
10.206802173051983,50.32347767366454,-0.578125,0.56170654296875,-0.02239990234375,0.59136962890625,2.303225806451613,69.79472140762464,1.8580645161290321,56.304985337243394,2.5741935483870964,78.00586510263928
10.226864344091155,49.45047777268557,-0.5740966796875,0.5654296875,-0.01678466796875,0.5919189453125,2.293548387096774,69.50146627565982,1.8774193548387097,56.89149560117303,2.5354838709677416,76.83284457478005
10.246936404029839,49.45047777268557,-0.5740966796875,0.5654296875,-0.01678466796875,0.5919189453125,2.3096774193548386,69.99022482893452,1.8806451612903226,56.98924731182796,2.554838709677419,77.41935483870968
10.267041488084942,48.566183960515765,-0.56988525390625,0.56927490234375,-0.01123046875,0.59246826171875,2.3161290322580648,70.1857282502444,1.8935483870967742,57.380254154447705,2.5774193548387094,78.10361681329422
10.287133836071007,48.566183960515765,-0.56988525390625,0.56927490234375,-0.01123046875,0.59246826171875,2.303225806451613,69.79472140762464,1.9064516129032258,57.77126099706745,2.554838709677419,77.41935483870968
10.307164967060089,48.566183960515765,-0.56988525390625,0.56927490234375,-0.01123046875,0.59246826171875,2.3322580645161293,70.67448680351907,1.8741935483870966,56.79374389051808,2.558064516129032,77.5171065493646
10.327230690047145,47.731141999889985,-0.5660400390625,0.57293701171875,-0.005859375,0.5927734375,2.306451612903226,69.89247311827957,1.8483870967741933,56.01173020527859,2.525806451612903,76.53958944281524
10.347306334064342,47.731141999889985,-0.5660400390625,0.57293701171875,-0.005859375,0.5927734375,2.270967741935484,68.81720430107528,1.8483870967741933,56.01173020527859,2.6032258064516127,78.88563049853371
10.367378201102838,46.92455754037096,-0.5621337890625,0.57623291015625,-0.000732421875,0.59332275390625,2.3000000000000003,69.69696969696972,1.8225806451612903,55.229716520039105,2.561290322580645,77.61485826001955
10.387434868025593,46.92455754037096,-0.5621337890625,0.57623291015625,-0.000732421875,0.59332275390625,2.296774193548387,69.59921798631477,1.8483870967741933,56.01173020527859,2.5354838709677416,76.83284457478005
10.407498607062735,46.92455754037096,-0.5621337890625,0.57623291015625,-0.000732421875,0.59332275390625,2.303225806451613,69.79472140762464,1.8096774193548386,54.83870967741935,2.5677419354838706,77.81036168132943
10.427560330019332,46.118033650874715,-0.5579833984375,0.57958984375,0.00421142578125,0.59393310546875,2.293548387096774,69.50146627565982,1.8322580645161288,55.5229716520039,2.558064516129032,77.5171065493646
10.447628806112334,46.118033650874715,-0.5579833984375,0.57958984375,0.00421142578125,0.59393310546875,2.303225806451613,69.79472140762464,1.8483870967741933,56.01173020527859,2.554838709677419,77.41935483870968
10.467724642017856,45.345097408502404,-0.5538330078125,0.58294677734375,0.00885009765625,0.59442138671875,2.2806451612903227,69.11045943304008,1.8548387096774193,56.20723362658847,2.5774193548387094,78.10361681329422
10.48780649411492,45.345097408502404,-0.5538330078125,0.58294677734375,0.00885009765625,0.59442138671875,2.338709677419355,70.86999022482894,1.8580645161290321,56.304985337243394,2.5451612903225804,77.12609970674487
10.507873913040385,45.345097408502404,-0.5538330078125,0.58294677734375,0.00885009765625,0.59442138671875,2.2838709677419358,69.20821114369502,1.9,57.57575757575758,2.5709677419354837,77.90811339198436
10.527923220070079,44.46064714320595,-0.54925537109375,0.58709716796875,0.01422119140625,0.59454345703125,2.270967741935484,68.81720430107528,1.935483870967742,58.65102639296188,2.564516129032258,77.71260997067448
10.547983247088268,44.46064714320595,-0.54925537109375,0.58709716796875,0.01422119140625,0.59454345703125,2.274193548387097,68.91495601173021,1.9064516129032258,57.77126099706745,2.561290322580645,77.61485826001955
10.568103788071312,43.69725203133858,-0.545654296875,0.59051513671875,0.01934814453125,0.59429931640625,2.306451612903226,69.89247311827957,1.9258064516129032,58.35777126099707,2.561290322580645,77.61485826001955
10.588145318091847,43.69725203133858,-0.545654296875,0.59051513671875,0.01934814453125,0.59429931640625,2.270967741935484,68.81720430107528,1.8741935483870966,56.79374389051808,2.564516129032258,77.71260997067448
10.608224546071142,43.69725203133858,-0.545654296875,0.59051513671875,0.01934814453125,0.59429931640625,2.2903225806451615,69.40371456500489,1.8548387096774193,56.20723362658847,2.5709677419354837,77.90811339198436
10.628282973077148,42.90961118384508,-0.5411376953125,0.5938720703125,0.02386474609375,0.59490966796875,2.2774193548387096,69.01270772238514,1.9516129032258065,59.13978494623656,2.5774193548387094,78.10361681329422
10.648349240073003,42.90961118384508,-0.5411376953125,0.5938720703125,0.02386474609375,0.59490966796875,2.3193548387096774,70.28347996089931,1.9064516129032258,57.77126099706745,2.554838709677419,77.41935483870968
10.66844578110613,42.15292519903811,-0.53717041015625,0.5970458984375,0.028564453125,0.59515380859375,2.2806451612903227,69.11045943304008,1.861290322580645,56.402737047898334,2.5709677419354837,77.90811339198436
10.68849134305492,42.15292519903811,-0.53717041015625,0.5970458984375,0.028564453125,0.59515380859375,2.3000000000000003,69.69696969696972,1.8451612903225805,55.91397849462365,2.5483870967741935,77.2238514173998
10.708572811097838,42.15292519903811,-0.53717041015625,0.5970458984375,0.028564453125,0.59515380859375,2.3322580645161293,70.67448680351907,1.8419354838709676,55.816226783968716,2.554838709677419,77.41935483870968
10.728654759004712,41.501217095863744,-0.53363037109375,0.599853515625,0.0325927734375,0.59527587890625,2.296774193548387,69.59921798631477,1.8645161290322578,56.50048875855327,2.525806451612903,76.53958944281524
10.748704386060126,41.501217095863744,-0.53363037109375,0.599853515625,0.0325927734375,0.59527587890625,2.303225806451613,69.79472140762464,1.8451612903225805,55.91397849462365,2.564516129032258,77.71260997067448
10.768846175051294,41.13921203599214,-0.53143310546875,0.60211181640625,0.03460693359375,0.5948486328125,2.306451612903226,69.89247311827957,1.8580645161290321,56.304985337243394,2.561290322580645,77.61485826001955
10.788894138066098,41.13921203599214,-0.53143310546875,0.60211181640625,0.03460693359375,0.5948486328125,2.3096774193548386,69.99022482893452,1.8483870967741933,56.01173020527859,2.554838709677419,77.41935483870968
10.808994294027798,41.13921203599214,-0.53143310546875,0.60211181640625,0.03460693359375,0.5948486328125,2.3000000000000003,69.69696969696972,1.8258064516129031,55.32746823069403,2.525806451612903,76.53958944281524
10.82903864106629,40.449850725251075,-0.52783203125,0.60528564453125,0.0390625,0.59454345703125,2.3322580645161293,70.67448680351907,1.8096774193548386,54.83870967741935,2.564516129032258,77.71260997067448
10.84913754905574,40.449850725251075,-0.52783203125,0.60528564453125,0.0390625,0.59454345703125,2.3193548387096774,70.28347996089931,1.8096774193548386,54.83870967741935,2.554838709677419,77.41935483870968
10.869244042085484,39.73217044789582,-0.52392578125,0.60833740234375,0.04351806640625,0.5946044921875,2.3161290322580648,70.1857282502444,1.8419354838709676,55.816226783968716,2.529032258064516,76.63734115347019
10.889273028005846,39.73217044789582,-0.52392578125,0.60833740234375,0.04351806640625,0.5946044921875,2.3161290322580648,70.1857282502444,1.8419354838709676,55.816226783968716,2.5774193548387094,78.10361681329422
10.909320479026064,39.73217044789582,-0.52392578125,0.60833740234375,0.04351806640625,0.5946044921875,2.3096774193548386,69.99022482893452,1.8483870967741933,56.01173020527859,2.5774193548387094,78.10361681329422
10.92940969101619,39.009872903214635,-0.519775390625,0.61138916015625,0.0478515625,0.59478759765625,2.325806451612903,70.4789833822092,1.829032258064516,55.42521994134897,2.529032258064516,76.63734115347019
10.949458581046201,39.009872903214635,-0.519775390625,0.61138916015625,0.0478515625,0.59478759765625,2.3516129032258064,71.26099706744868,1.8161290322580643,55.034213098729225,2.561290322580645,77.61485826001955
10.969535409007221,38.26818228514555,-0.51556396484375,0.614501953125,0.052490234375,0.59478759765625,2.2677419354838713,68.71945259042035,1.829032258064516,55.42521994134897,2.5483870967741935,77.2238514173998
10.9895797240315,38.26818228514555,-0.51556396484375,0.614501953125,0.052490234375,0.59478759765625,2.270967741935484,68.81720430107528,1.8032258064516127,54.64320625610948,2.525806451612903,76.53958944281524
11.009653063025326,38.26818228514555,-0.51556396484375,0.614501953125,0.052490234375,0.59478759765625,2.274193548387097,68.91495601173021,1.7774193548387096,53.86119257086999,2.558064516129032,77.5171065493646
11.029712002025917,37.463305598673635,-0.51116943359375,0.61785888671875,0.0576171875,0.59466552734375,2.293548387096774,69.50146627565982,1.8064516129032258,54.74095796676443,2.5677419354838706,77.81036168132943
11.049834015080705,37.463305598673635,-0.51116943359375,0.61785888671875,0.0576171875,0.59466552734375,2.293548387096774,69.50146627565982,1.7999999999999998,54.54545454545454,2.561290322580645,77.61485826001955
11.069874938111752,36.628539188819616,-0.50634765625,0.62127685546875,0.062744140625,0.5947265625,2.2419354838709675,67.93743890518084,1.8064516129032258,54.74095796676443,2.5483870967741935,77.2238514173998
11.089939093100838,36.628539188819616,-0.50634765625,0.62127685546875,0.062744140625,0.5947265625,2.2387096774193544,67.8396871945259,1.8064516129032258,54.74095796676443,2.6032258064516127,78.88563049853371
11.110044913017191,36.628539188819616,-0.50634765625,0.62127685546875,0.062744140625,0.5947265625,2.2677419354838713,68.71945259042035,1.7774193548387096,53.86119257086999,2.5741935483870964,78.00586510263928
11.130106093012728,35.80204991878805,-0.50146484375,0.6248779296875,0.06781005859375,0.59454345703125,2.270967741935484,68.81720430107528,1.8129032258064515,54.936461388074285,2.5709677419354837,77.90811339198436
11.150158279109746,35.80204991878805,-0.50146484375,0.6248779296875,0.06781005859375,0.59454345703125,2.293548387096774,69.50146627565982,1.8129032258064515,54.936461388074285,2.525806451612903,76.53958944281524
11.170235363068059,34.974093269382145,-0.49658203125,0.6285400390625,0.07305908203125,0.5941162109375,2.270967741935484,68.81720430107528,1.7999999999999998,54.54545454545454,2.5774193548387094,78.10361681329422
11.190302110044286,34.974093269382145,-0.49658203125,0.6285400390625,0.07305908203125,0.5941162109375,2.3129032258064517,70.08797653958945,1.8161290322580643,55.034213098729225,2.554838709677419,77.41935483870968
11.210350873065181,34.974093269382145,-0.49658203125,0.6285400390625,0.07305908203125,0.5941162109375,2.274193548387097,68.91495601173021,1.8161290322580643,55.034213098729225,2.532258064516129,76.73509286412512
11.230424756999128,34.13751480284515,-0.491943359375,0.632080078125,0.07867431640625,0.593505859375,2.2903225806451615,69.40371456500489,1.764516129032258,53.47018572825024,2.554838709677419,77.41935483870968
11.250488432007842,34.13751480284515,-0.491943359375,0.632080078125,0.07867431640625,0.593505859375,2.296774193548387,69.59921798631477,1.8129032258064515,54.936461388074285,2.5483870967741935,77.2238514173998
11.270605581114069,33.33991410367952,-0.4874267578125,0.63519287109375,0.0838623046875,0.59326171875,2.2838709677419358,69.20821114369502,1.8064516129032258,54.74095796676443,2.525806451612903,76.53958944281524
11.290675592026673,33.33991410367952,-0.4874267578125,0.63519287109375,0.0838623046875,0.59326171875,2.303225806451613,69.79472140762464,1.8161290322580643,55.034213098729225,2.561290322580645,77.61485826001955
11.31075562001206,33.33991410367952,-0.4874267578125,0.63519287109375,0.0838623046875,0.59326171875,2.2838709677419358,69.20821114369502,1.793548387096774,54.34995112414467,2.5451612903225804,77.12609970674487
11.330803135060705,32.62881751181212,-0.48321533203125,0.6375732421875,0.0885009765625,0.5933837890625,2.2903225806451615,69.40371456500489,1.7774193548387096,53.86119257086999,2.554838709677419,77.41935483870968
11.350895035080612,32.62881751181212,-0.48321533203125,0.6375732421875,0.0885009765625,0.5933837890625,2.3193548387096774,70.28347996089931,1.793548387096774,54.34995112414467,2.5774193548387094,78.10361681329422
11.370975222089328,31.97001679317681,-0.4796142578125,0.63958740234375,0.09283447265625,0.59356689453125,2.274193548387097,68.91495601173021,1.7870967741935482,54.154447702834794,2.564516129032258,77.71260997067448
11.391047217999585,31.97001679317681,-0.4796142578125,0.63958740234375,0.09283447265625,0.59356689453125,2.306451612903226,69.89247311827957,1.7516129032258063,53.0791788856305,2.554838709677419,77.41935483870968
11.411083948099986,31.97001679317681,-0.4796142578125,0.63958740234375,0.09283447265625,0.59356689453125,2.3096774193548386,69.99022482893452,1.7516129032258063,53.0791788856305,2.5741935483870964,78.00586510263928
11.431145255104639,31.210515600642402,-0.47564697265625,0.641357421875,0.09820556640625,0.59393310546875,2.325806451612903,70.4789833822092,1.7774193548387096,53.86119257086999,2.5483870967741935,77.2238514173998
11.451251524034888,31.210515600642402,-0.47564697265625,0.641357421875,0.09820556640625,0.59393310546875,2.325806451612903,70.4789833822092,1.8032258064516127,54.64320625610948,2.5419354838709673,77.02834799608992
11.471299263066612,30.446577166299768,-0.4722900390625,0.642578125,0.10418701171875,0.59423828125,2.325806451612903,70.4789833822092,1.8129032258064515,54.936461388074285,2.5,75.75757575757575
11.491377850063145,30.446577166299768,-0.4722900390625,0.642578125,0.10418701171875,0.59423828125,2.3451612903225807,71.0654936461388,1.7774193548387096,53.86119257086999,2.5419354838709673,77.02834799608992
11.511434101033956,30.446577166299768,-0.4722900390625,0.642578125,0.10418701171875,0.59423828125,2.293548387096774,69.50146627565982,1.764516129032258,53.47018572825024,2.5451612903225804,77.12609970674487
11.531506481114775,29.60337638344909,-0.46844482421875,0.64434814453125,0.11065673828125,0.59423828125,2.3451612903225807,71.0654936461388,1.796774193548387,54.44770283479961,2.5354838709677416,76.83284457478005
11.551604941021651,29.60337638344909,-0.46844482421875,0.64434814453125,0.11065673828125,0.59423828125,2.3225806451612905,70.38123167155426,1.793548387096774,54.34995112414467,2.5741935483870964,78.00586510263928
11.571652840008028,28.732047659867625,-0.4647216796875,0.64642333984375,0.1177978515625,0.59356689453125,2.338709677419355,70.86999022482894,1.7516129032258063,53.0791788856305,2.532258064516129,76.73509286412512
11.591699907090515,28.732047659867625,-0.4647216796875,0.64642333984375,0.1177978515625,0.59356689453125,2.3225806451612905,70.38123167155426,1.829032258064516,55.42521994134897,2.525806451612903,76.53958944281524
11.611768030095845,28.732047659867625,-0.4647216796875,0.64642333984375,0.1177978515625,0.59356689453125,2.2677419354838713,68.71945259042035,1.7870967741935482,54.154447702834794,2.5,75.75757575757575
11.631872890051454,27.92118136937136,-0.46148681640625,0.64874267578125,0.12506103515625,0.592041015625,2.3225806451612905,70.38123167155426,1.7516129032258063,53.0791788856305,2.532258064516129,76.73509286412512
11.65193919010926,27.92118136937136,-0.46148681640625,0.64874267578125,0.12506103515625,0.592041015625,2.3225806451612905,70.38123167155426,1.7580645161290323,53.27468230694038,2.5354838709677416,76.83284457478005
11.671989233000204,27.09336471507406,-0.457763671875,0.651611328125,0.13226318359375,0.5902099609375,2.3161290322580648,70.1857282502444,1.7516129032258063,53.0791788856305,2.493548387096774,75.56207233626587
11.692058156011626,27.09336471507406,-0.457763671875,0.651611328125,0.13226318359375,0.5902099609375,2.358064516129032,71.45650048875855,1.7129032258064516,51.90615835777126,2.52258064516129,76.44183773216031
11.712114087073132,27.09336471507406,-0.457763671875,0.651611328125,0.13226318359375,0.5902099609375,2.2838709677419358,69.20821114369502,1.7225806451612902,52.19941348973607,2.525806451612903,76.53958944281524
11.732200515107252,26.23349226807401,-0.454345703125,0.654541015625,0.140380859375,0.5877685546875,2.293548387096774,69.50146627565982,1.7258064516129032,52.29716520039101,2.5161290322580645,76.24633431085044
11.752296895021573,26.23349226807401,-0.454345703125,0.654541015625,0.140380859375,0.5877685546875,2.2677419354838713,68.71945259042035,1.7096774193548387,51.80840664711632,2.5096774193548383,76.05083088954055
11.772369371028617,25.329770511492526,-0.45037841796875,0.6571044921875,0.1485595703125,0.5859375,2.306451612903226,69.89247311827957,1.696774193548387,51.417399804496576,2.5161290322580645,76.24633431085044
11.792437622090802,25.329770511492526,-0.45037841796875,0.6571044921875,0.1485595703125,0.5859375,2.24516129032258,68.03519061583576,1.6935483870967742,51.31964809384164,2.5032258064516126,75.8553274682307
11.812535666045733,25.329770511492526,-0.45037841796875,0.6571044921875,0.1485595703125,0.5859375,2.2677419354838713,68.71945259042035,1.6903225806451612,51.2218963831867,2.5129032258064514,76.1485826001955
11.83261319808662,24.41551842207741,-0.44549560546875,0.65948486328125,0.15594482421875,0.58502197265625,2.2580645161290325,68.42619745845553,1.6806451612903226,50.9286412512219,2.525806451612903,76.53958944281524
11.852660105098039,24.41551842207741,-0.44549560546875,0.65948486328125,0.15594482421875,0.58502197265625,2.2903225806451615,69.40371456500489,1.6935483870967742,51.31964809384164,2.5,75.75757575757575
11.872718660044484,23.642219830344445,-0.440185546875,0.66229248046875,0.16107177734375,0.58453369140625,2.306451612903226,69.89247311827957,1.7032258064516128,51.61290322580645,2.525806451612903,76.53958944281524
11.892782847047783,23.642219830344445,-0.440185546875,0.66229248046875,0.16107177734375,0.58453369140625,2.2806451612903227,69.11045943304008,1.7161290322580645,52.003910068426194,2.525806451612903,76.53958944281524
11.912874235073105,23.642219830344445,-0.440185546875,0.66229248046875,0.16107177734375,0.58453369140625,2.3193548387096774,70.28347996089931,1.7,51.515151515151516,2.5129032258064514,76.1485826001955
11.932979511097074,23.082436226806777,-0.43560791015625,0.6650390625,0.16455078125,0.5838623046875,2.2903225806451615,69.40371456500489,1.7419354838709677,52.785923753665685,2.496774193548387,75.65982404692082
11.953012114041485,23.082436226806777,-0.43560791015625,0.6650390625,0.16455078125,0.5838623046875,2.293548387096774,69.50146627565982,1.7548387096774192,53.17693059628543,2.5129032258064514,76.1485826001955
11.973094925051555,22.6000564382029,-0.4320068359375,0.66741943359375,0.1680908203125,0.58282470703125,2.3193548387096774,70.28347996089931,1.7548387096774192,53.17693059628543,2.525806451612903,76.53958944281524
11.99324257101398,22.6000564382029,-0.4320068359375,0.66741943359375,0.1680908203125,0.58282470703125,2.270967741935484,68.81720430107528,1.7870967741935482,54.154447702834794,2.493548387096774,75.56207233626587
12.01328499801457,22.6000564382029,-0.4320068359375,0.66741943359375,0.1680908203125,0.58282470703125,2.306451612903226,69.89247311827957,1.793548387096774,54.34995112414467,2.525806451612903,76.53958944281524
12.033304544049315,22.092169255041796,-0.4281005859375,0.66937255859375,0.17156982421875,0.5823974609375,2.2838709677419358,69.20821114369502,1.8032258064516127,54.64320625610948,2.4741935483870967,74.97556207233626
12.053356635035016,22.092169255041796,-0.4281005859375,0.66937255859375,0.17156982421875,0.5823974609375,2.303225806451613,69.79472140762464,1.8225806451612903,55.229716520039105,2.5032258064516126,75.8553274682307
12.073430870077573,21.55136821270017,-0.42333984375,0.671142578125,0.1739501953125,0.58319091796875,2.3193548387096774,70.28347996089931,1.796774193548387,54.44770283479961,2.4774193548387093,75.07331378299119
12.093543987022713,21.55136821270017,-0.42333984375,0.671142578125,0.1739501953125,0.58319091796875,2.303225806451613,69.79472140762464,1.8032258064516127,54.64320625610948,2.490322580645161,75.46432062561095
12.113588525098749,21.55136821270017,-0.42333984375,0.671142578125,0.1739501953125,0.58319091796875,2.2870967741935484,69.30596285434996,1.7999999999999998,54.54545454545454,2.4774193548387093,75.07331378299119
12.133645065012388,20.984542062154148,-0.41796875,0.67242431640625,0.17584228515625,0.5849609375,2.2419354838709675,67.93743890518084,1.7806451612903225,53.95894428152492,2.4806451612903224,75.17106549364614
12.15371117205359,20.984542062154148,-0.41796875,0.67242431640625,0.17584228515625,0.5849609375,2.264516129032258,68.6217008797654,1.8064516129032258,54.74095796676443,2.4806451612903224,75.17106549364614
12.17378847906366,20.40087332703878,-0.413330078125,0.67291259765625,0.1781005859375,0.5870361328125,2.2677419354838713,68.71945259042035,1.8419354838709676,55.816226783968716,2.4774193548387093,75.07331378299119
12.19383497000672,20.40087332703878,-0.413330078125,0.67291259765625,0.1781005859375,0.5870361328125,2.2677419354838713,68.71945259042035,1.7999999999999998,54.54545454545454,2.4612903225806453,74.58455522971653
12.2139097180916,20.40087332703878,-0.413330078125,0.67291259765625,0.1781005859375,0.5870361328125,2.2870967741935484,69.30596285434996,1.7774193548387096,53.86119257086999,2.4709677419354836,74.87781036168133
12.234007186023518,19.909248635467094,-0.40985107421875,0.67315673828125,0.1806640625,0.58837890625,2.24516129032258,68.03519061583576,1.8096774193548386,54.83870967741935,2.432258064516129,73.70478983382209
12.25406676507555,19.909248635467094,-0.40985107421875,0.67315673828125,0.1806640625,0.58837890625,2.2290322580645157,67.54643206256108,1.8096774193548386,54.83870967741935,2.4516129032258065,74.29130009775172
12.27412656811066,19.542902379085945,-0.407470703125,0.673583984375,0.18304443359375,0.58880615234375,2.293548387096774,69.50146627565982,1.7806451612903225,53.95894428152492,2.4612903225806453,74.58455522971653
12.294185155071318,19.542902379085945,-0.407470703125,0.673583984375,0.18304443359375,0.58880615234375,2.2419354838709675,67.93743890518084,1.8064516129032258,54.74095796676443,2.4516129032258065,74.29130009775172
12.314248222042806,19.542902379085945,-0.407470703125,0.673583984375,0.18304443359375,0.58880615234375,2.2290322580645157,67.54643206256108,1.7774193548387096,53.86119257086999,2.445161290322581,74.09579667644185
12.33435429900419,19.186603201920974,-0.4052734375,0.674072265625,0.18536376953125,0.589111328125,2.2677419354838713,68.71945259042035,1.7774193548387096,53.86119257086999,2.454838709677419,74.38905180840665
12.354413398075849,19.186603201920974,-0.4052734375,0.674072265625,0.18536376953125,0.589111328125,2.2290322580645157,67.54643206256108,1.793548387096774,54.34995112414467,2.4387096774193546,73.90029325513197
12.374514930066653,18.80582875552919,-0.40264892578125,0.6749267578125,0.1881103515625,0.58905029296875,2.2290322580645157,67.54643206256108,1.7774193548387096,53.86119257086999,2.4419354838709677,73.9980449657869
12.394567373092286,18.80582875552919,-0.40264892578125,0.6749267578125,0.1881103515625,0.58905029296875,2.225806451612903,67.44868035190615,1.796774193548387,54.44770283479961,2.435483870967742,73.80254154447702
12.414638601010665,18.80582875552919,-0.40264892578125,0.6749267578125,0.1881103515625,0.58905029296875,2.203225806451613,66.7644183773216,1.796774193548387,54.44770283479961,2.4387096774193546,73.90029325513197
12.43468342802953,18.494310209294298,-0.40093994140625,0.67523193359375,0.19073486328125,0.5889892578125,2.2387096774193544,67.8396871945259,1.7999999999999998,54.54545454545454,2.4193548387096775,73.31378299120234
12.454768287017941,18.494310209294298,-0.40093994140625,0.67523193359375,0.19073486328125,0.5889892578125,2.2677419354838713,68.71945259042035,1.8032258064516127,54.64320625610948,2.425806451612903,73.50928641251222
12.474825882003643,18.17531027702644,-0.39874267578125,0.67608642578125,0.1932373046875,0.58868408203125,2.261290322580645,68.52394916911047,1.8483870967741933,56.01173020527859,2.445161290322581,74.09579667644185
12.494886422064155,18.17531027702644,-0.39874267578125,0.67608642578125,0.1932373046875,0.58868408203125,2.2290322580645157,67.54643206256108,1.8419354838709676,55.816226783968716,2.4387096774193546,73.90029325513197
12.514964049099945,18.17531027702644,-0.39874267578125,0.67608642578125,0.1932373046875,0.58868408203125,2.24516129032258,68.03519061583576,1.8741935483870966,56.79374389051808,2.4193548387096775,73.31378299120234
12.53501697210595,17.80868782738314,-0.396728515625,0.67694091796875,0.1968994140625,0.58782958984375,2.2419354838709675,67.93743890518084,1.8580645161290321,56.304985337243394,2.4741935483870967,74.97556207233626
12.555080967023969,17.80868782738314,-0.396728515625,0.67694091796875,0.1968994140625,0.58782958984375,2.270967741935484,68.81720430107528,1.8419354838709676,55.816226783968716,2.4387096774193546,73.90029325513197
12.575161731103435,17.380847964095196,-0.39483642578125,0.67724609375,0.2012939453125,0.58721923828125,2.2677419354838713,68.71945259042035,1.8580645161290321,56.304985337243394,2.435483870967742,73.80254154447702
12.595249087084085,17.380847964095196,-0.39483642578125,0.67724609375,0.2012939453125,0.58721923828125,2.2774193548387096,69.01270772238514,1.8709677419354838,56.695992179863154,2.4612903225806453,74.58455522971653
12.615308602107689,17.380847964095196,-0.39483642578125,0.67724609375,0.2012939453125,0.58721923828125,2.303225806451613,69.79472140762464,1.8838709677419354,57.0869990224829,2.4612903225806453,74.58455522971653
12.635387670015916,16.970087475937518,-0.39300537109375,0.67730712890625,0.204833984375,0.58721923828125,2.264516129032258,68.6217008797654,1.9,57.57575757575758,2.445161290322581,74.09579667644185
12.655432177009061,16.970087475937518,-0.39300537109375,0.67730712890625,0.204833984375,0.58721923828125,2.2677419354838713,68.71945259042035,1.9258064516129032,58.35777126099707,2.445161290322581,74.09579667644185
12.675501708057709,16.623357872835356,-0.39166259765625,0.67730712890625,0.20819091796875,0.58697509765625,2.2161290322580642,67.15542521994135,1.8935483870967742,57.380254154447705,2.445161290322581,74.09579667644185
12.695598088088445,16.623357872835356,-0.39166259765625,0.67730712890625,0.20819091796875,0.58697509765625,2.2419354838709675,67.93743890518084,1.9,57.57575757575758,2.4387096774193546,73.90029325513197
12.715647011063993,16.623357872835356,-0.39166259765625,0.67730712890625,0.20819091796875,0.58697509765625,2.2677419354838713,68.71945259042035,1.932258064516129,58.55327468230694,2.4387096774193546,73.90029325513197
12.735709406086244,16.32241118504767,-0.39093017578125,0.67694091796875,0.211669921875,0.58660888671875,2.2677419354838713,68.71945259042035,1.9193548387096775,58.162267839687196,2.4483870967741934,74.19354838709677
12.755773401004262,16.32241118504767,-0.39093017578125,0.67694091796875,0.211669921875,0.58660888671875,2.2483870967741932,68.1329423264907,1.9451612903225806,58.94428152492669,2.4161290322580644,73.21603128054741
12.7758576850174,16.011306213662806,-0.3902587890625,0.67633056640625,0.21478271484375,0.586669921875,2.2161290322580642,67.15542521994135,1.9451612903225806,58.94428152492669,2.464516129032258,74.68230694037146
12.79606456507463,16.011306213662806,-0.3902587890625,0.67633056640625,0.21478271484375,0.586669921875,2.2161290322580642,67.15542521994135,1.9193548387096775,58.162267839687196,2.425806451612903,73.50928641251222
12.81606305402238,16.011306213662806,-0.3902587890625,0.67633056640625,0.21478271484375,0.586669921875,2.2322580645161287,67.64418377321603,1.967741935483871,59.628543499511245,2.432258064516129,73.70478983382209
12.83610368904192,15.770191721386823,-0.3900146484375,0.67547607421875,0.21746826171875,0.5867919921875,2.235483870967742,67.74193548387096,1.996774193548387,60.50830889540567,2.425806451612903,73.50928641251222
12.85615561902523,15.770191721386823,-0.3900146484375,0.67547607421875,0.21746826171875,0.5867919921875,2.2677419354838713,68.71945259042035,1.9774193548387096,59.92179863147605,2.425806451612903,73.50928641251222
12.87621299107559,15.618985956594841,-0.38970947265625,0.67486572265625,0.2186279296875,0.5872802734375,2.261290322580645,68.52394916911047,1.932258064516129,58.55327468230694,2.435483870967742,73.80254154447702
12.896280282060616,15.618985956594841,-0.38970947265625,0.67486572265625,0.2186279296875,0.5872802734375,2.264516129032258,68.6217008797654,1.9548387096774194,59.2375366568915,2.425806451612903,73.50928641251222
12.916347925085574,15.618985956594841,-0.38970947265625,0.67486572265625,0.2186279296875,0.5872802734375,2.2838709677419358,69.20821114369502,1.9193548387096775,58.162267839687196,2.42258064516129,73.41153470185728
12.93640939204488,15.503403794626593,-0.38958740234375,0.67425537109375,0.2193603515625,0.58782958984375,2.2806451612903227,69.11045943304008,1.9451612903225806,58.94428152492669,2.425806451612903,73.50928641251222
12.956481004017405,15.503403794626593,-0.38958740234375,0.67425537109375,0.2193603515625,0.58782958984375,2.264516129032258,68.6217008797654,1.932258064516129,58.55327468230694,2.432258064516129,73.70478983382209
12.97656410408672,15.439060592422194,-0.38922119140625,0.674560546875,0.2203369140625,0.58734130859375,2.2580645161290325,68.42619745845553,1.9258064516129032,58.35777126099707,2.4419354838709677,73.9980449657869
12.99661248200573,15.439060592422194,-0.38922119140625,0.674560546875,0.2203369140625,0.58734130859375,2.293548387096774,69.50146627565982,1.9709677419354839,59.72629521016618,2.4419354838709677,73.9980449657869
13.016700542066246,15.439060592422194,-0.38922119140625,0.674560546875,0.2203369140625,0.58734130859375,2.2548387096774194,68.32844574780059,1.967741935483871,59.628543499511245,2.4161290322580644,73.21603128054741
13.036752409068868,15.416195062756444,-0.38909912109375,0.67523193359375,0.221435546875,0.58624267578125,2.2774193548387096,69.01270772238514,1.9483870967741934,59.04203323558163,2.5,75.75757575757575
13.056829653098248,15.416195062756444,-0.38909912109375,0.67523193359375,0.221435546875,0.58624267578125,2.3129032258064517,70.08797653958945,1.9580645161290322,59.33528836754643,2.4161290322580644,73.21603128054741
13.076888208044693,15.446359879997829,-0.389892578125,0.67498779296875,0.22222900390625,0.58563232421875,2.306451612903226,69.89247311827957,1.9580645161290322,59.33528836754643,2.454838709677419,74.38905180840665
13.096951787010767,15.446359879997829,-0.389892578125,0.67498779296875,0.22222900390625,0.58563232421875,2.293548387096774,69.50146627565982,1.9516129032258065,59.13978494623656,2.454838709677419,74.38905180840665
13.117016519070603,15.446359879997829,-0.389892578125,0.67498779296875,0.22222900390625,0.58563232421875,2.296774193548387,69.59921798631477,1.9064516129032258,57.77126099706745,2.4516129032258065,74.29130009775172
13.137082626111805,15.442738712643319,-0.39056396484375,0.67462158203125,0.22283935546875,0.58538818359375,2.3193548387096774,70.28347996089931,1.9064516129032258,57.77126099706745,2.4741935483870967,74.97556207233626
13.157152509083971,15.442738712643319,-0.39056396484375,0.67462158203125,0.22283935546875,0.58538818359375,2.3096774193548386,69.99022482893452,1.961290322580645,59.43304007820137,2.4741935483870967,74.97556207233626
13.177248697029427,15.424248066156693,-0.39141845703125,0.6739501953125,0.22357177734375,0.5853271484375,2.3193548387096774,70.28347996089931,1.961290322580645,59.43304007820137,2.4612903225806453,74.58455522971653
13.197362774051726,15.424248066156693,-0.39141845703125,0.6739501953125,0.22357177734375,0.5853271484375,2.358064516129032,71.45650048875855,1.9387096774193548,58.748778103616814,2.4741935483870967,74.97556207233626
13.217436978011392,15.424248066156693,-0.39141845703125,0.6739501953125,0.22357177734375,0.5853271484375,2.3225806451612905,70.38123167155426,1.9774193548387096,59.92179863147605,2.4741935483870967,74.97556207233626
13.237478284048848,15.460977192527182,-0.3929443359375,0.67315673828125,0.224609375,0.58477783203125,2.3193548387096774,70.28347996089931,1.9387096774193548,58.748778103616814,2.435483870967742,73.80254154447702
13.25753699906636,15.460977192527182,-0.3929443359375,0.67315673828125,0.224609375,0.58477783203125,2.3193548387096774,70.28347996089931,1.9806451612903224,60.01955034213099,2.4483870967741934,74.19354838709677
13.277617795043625,15.429298365189311,-0.39398193359375,0.67218017578125,0.225341796875,0.5849609375,2.3451612903225807,71.0654936461388,1.9387096774193548,58.748778103616814,2.4516129032258065,74.29130009775172
13.297701727016829,15.429298365189311,-0.39398193359375,0.67218017578125,0.225341796875,0.5849609375,2.3000000000000003,69.69696969696972,1.967741935483871,59.628543499511245,2.464516129032258,74.68230694037146
13.317742618033662,15.429298365189311,-0.39398193359375,0.67218017578125,0.225341796875,0.5849609375,2.325806451612903,70.4789833822092,1.9451612903225806,58.94428152492669,2.435483870967742,73.80254154447702
13.337804341106676,15.431782000626583,-0.394775390625,0.67169189453125,0.22601318359375,0.584716796875,2.335483870967742,70.772238514174,1.9774193548387096,59.92179863147605,2.4483870967741934,74.19354838709677
13.357868656050414,15.431782000626583,-0.394775390625,0.67169189453125,0.22601318359375,0.584716796875,2.3193548387096774,70.28347996089931,1.996774193548387,60.50830889540567,2.4741935483870967,74.97556207233626
13.377979949000292,15.407055005241844,-0.3955078125,0.67108154296875,0.22674560546875,0.58465576171875,2.3225806451612905,70.38123167155426,2.0258064516129033,61.3880742913001,2.4741935483870967,74.97556207233626
13.398006087052636,15.407055005241844,-0.3955078125,0.67108154296875,0.22674560546875,0.58465576171875,2.3451612903225807,71.0654936461388,2.0451612903225804,61.97458455522972,2.435483870967742,73.80254154447702
13.418086339021102,15.407055005241844,-0.3955078125,0.67108154296875,0.22674560546875,0.58465576171875,2.3225806451612905,70.38123167155426,2.061290322580645,62.4633431085044,2.445161290322581,74.09579667644185
13.43814431806095,15.372371045845668,-0.39654541015625,0.67022705078125,0.22802734375,0.58441162109375,2.3161290322580648,70.1857282502444,2.1096774193548384,63.929618768328446,2.445161290322581,74.09579667644185
13.458205305039883,15.372371045845668,-0.39654541015625,0.67022705078125,0.22802734375,0.58441162109375,2.3193548387096774,70.28347996089931,2.051612903225806,62.17008797653958,2.42258064516129,73.41153470185728
13.47829384508077,15.29821748589238,-0.39697265625,0.66986083984375,0.2293701171875,0.58404541015625,2.3322580645161293,70.67448680351907,2.0999999999999996,63.636363636363626,2.425806451612903,73.50928641251222
13.498338511097245,15.29821748589238,-0.39697265625,0.66986083984375,0.2293701171875,0.58404541015625,2.335483870967742,70.772238514174,2.061290322580645,62.4633431085044,2.458064516129032,74.48680351906158
13.518404811038636,15.29821748589238,-0.39697265625,0.66986083984375,0.2293701171875,0.58404541015625,2.325806451612903,70.4789833822092,2.074193548387097,62.85434995112414,2.435483870967742,73.80254154447702
13.538478182046674,15.226835656872112,-0.3966064453125,0.66986083984375,0.23040771484375,0.58380126953125,2.3225806451612905,70.38123167155426,2.0774193548387094,62.95210166177908,2.432258064516129,73.70478983382209
13.558554018032737,15.226835656872112,-0.3966064453125,0.66986083984375,0.23040771484375,0.58380126953125,2.3322580645161293,70.67448680351907,2.0580645161290323,62.365591397849464,2.458064516129032,74.48680351906158
13.578619261039421,15.065031655270403,-0.396240234375,0.66973876953125,0.23162841796875,0.5838623046875,2.3225806451612905,70.38123167155426,2.087096774193548,63.24535679374389,2.4516129032258065,74.29130009775172
13.598675384069793,15.065031655270403,-0.396240234375,0.66973876953125,0.23162841796875,0.5838623046875,2.3322580645161293,70.67448680351907,2.041935483870968,61.87683284457478,2.42258064516129,73.41153470185728
13.618740340112709,15.065031655270403,-0.396240234375,0.66973876953125,0.23162841796875,0.5838623046875,2.296774193548387,69.59921798631477,2.0483870967741935,62.07233626588465,2.435483870967742,73.80254154447702
13.638807247043587,15.023712442670373,-0.3963623046875,0.669677734375,0.23260498046875,0.58343505859375,2.293548387096774,69.50146627565982,2.0129032258064514,60.997067448680355,2.4290322580645163,73.60703812316717
13.658875210094266,15.023712442670373,-0.3963623046875,0.669677734375,0.23260498046875,0.58343505859375,2.2903225806451615,69.40371456500489,2.0,60.60606060606061,2.4516129032258065,74.29130009775172
13.678945734049194,15.097771156357126,-0.398193359375,0.66912841796875,0.2337646484375,0.58233642578125,2.306451612903226,69.89247311827957,1.9806451612903224,60.01955034213099,2.4709677419354836,74.87781036168133
13.699093571049161,15.097771156357126,-0.398193359375,0.66912841796875,0.2337646484375,0.58233642578125,2.3193548387096774,70.28347996089931,2.02258064516129,61.29032258064516,2.464516129032258,74.68230694037146
13.71912051003892,15.097771156357126,-0.398193359375,0.66912841796875,0.2337646484375,0.58233642578125,2.2903225806451615,69.40371456500489,2.0032258064516126,60.703812316715535,2.4774193548387093,75.07331378299119
13.739192601060495,15.13695744664328,-0.40069580078125,0.66748046875,0.23529052734375,0.58184814453125,2.274193548387097,68.91495601173021,1.9870967741935484,60.215053763440864,2.4483870967741934,74.19354838709677
13.759241524036042,15.13695744664328,-0.40069580078125,0.66748046875,0.23529052734375,0.58184814453125,2.2870967741935484,69.30596285434996,1.9741935483870967,59.82404692082112,2.5,75.75757575757575
13.77931678306777,15.088316561619038,-0.40423583984375,0.664306640625,0.2376708984375,0.58209228515625,2.270967741935484,68.81720430107528,1.9741935483870967,59.82404692082112,2.4838709677419355,75.26881720430107
13.799388779094443,15.088316561619038,-0.40423583984375,0.664306640625,0.2376708984375,0.58209228515625,2.2677419354838713,68.71945259042035,1.961290322580645,59.43304007820137,2.4774193548387093,75.07331378299119
13.819444518070668,15.088316561619038,-0.40423583984375,0.664306640625,0.2376708984375,0.58209228515625,2.3451612903225807,71.0654936461388,1.961290322580645,59.43304007820137,2.493548387096774,75.56207233626587
13.839552963036112,15.21604765122379,-0.40985107421875,0.66009521484375,0.23968505859375,0.58209228515625,2.3161290322580648,70.1857282502444,1.9709677419354839,59.72629521016618,2.4709677419354836,74.87781036168133
13.864226728095673,15.21604765122379,-0.40985107421875,0.66009521484375,0.23968505859375,0.58209228515625,2.3225806451612905,70.38123167155426,1.9774193548387096,59.92179863147605,2.4774193548387093,75.07331378299119
13.879662841092795,15.393150045808895,-0.41558837890625,0.65557861328125,0.24066162109375,0.582763671875,2.296774193548387,69.59921798631477,1.9483870967741934,59.04203323558163,2.4774193548387093,75.07331378299119
13.899724980001338,15.393150045808895,-0.41558837890625,0.65557861328125,0.24066162109375,0.582763671875,2.329032258064516,70.57673509286413,1.935483870967742,58.65102639296188,2.4806451612903224,75.17106549364614
13.919804335106164,15.393150045808895,-0.41558837890625,0.65557861328125,0.24066162109375,0.582763671875,2.2838709677419358,69.20821114369502,1.9161290322580644,58.06451612903226,2.490322580645161,75.46432062561095
13.939860906102695,15.64535700424922,-0.42083740234375,0.6514892578125,0.2406005859375,0.5836181640625,2.261290322580645,68.52394916911047,1.8774193548387097,56.89149560117303,2.4709677419354836,74.87781036168133
13.959924838040024,15.64535700424922,-0.42083740234375,0.6514892578125,0.2406005859375,0.5836181640625,2.306451612903226,69.89247311827957,1.8225806451612903,55.229716520039105,2.4838709677419355,75.26881720430107
13.9800018890528,16.0996677734136,-0.42596435546875,0.6485595703125,0.23870849609375,0.58392333984375,2.3129032258064517,70.08797653958945,1.8322580645161288,55.5229716520039,2.5129032258064514,76.1485826001955
14.00006300501991,16.0996677734136,-0.42596435546875,0.6485595703125,0.23870849609375,0.58392333984375,2.2838709677419358,69.20821114369502,1.8225806451612903,55.229716520039105,2.4612903225806453,74.58455522971653
14.020131160039455,16.0996677734136,-0.42596435546875,0.6485595703125,0.23870849609375,0.58392333984375,2.303225806451613,69.79472140762464,1.829032258064516,55.42521994134897,2.4774193548387093,75.07331378299119
14.040194483008236,16.61752536495949,-0.4306640625,0.646484375,0.23614501953125,0.58380126953125,2.3096774193548386,69.99022482893452,1.8193548387096772,55.13196480938416,2.490322580645161,75.46432062561095
14.060265583102591,16.61752536495949,-0.4306640625,0.646484375,0.23614501953125,0.58380126953125,2.3096774193548386,69.99022482893452,1.8064516129032258,54.74095796676443,2.4774193548387093,75.07331378299119
14.080328874057159,17.122932016970324,-0.43536376953125,0.64459228515625,0.23382568359375,0.5833740234375,2.3096774193548386,69.99022482893452,1.8161290322580643,55.034213098729225,2.519354838709677,76.34408602150538
14.100395365036093,17.122932016970324,-0.43536376953125,0.64459228515625,0.23382568359375,0.5833740234375,2.3225806451612905,70.38123167155426,1.8258064516129031,55.32746823069403,2.4774193548387093,75.07331378299119
14.120471905102022,17.122932016970324,-0.43536376953125,0.64459228515625,0.23382568359375,0.5833740234375,2.3225806451612905,70.38123167155426,1.8225806451612903,55.229716520039105,2.5,75.75757575757575
14.140530556091107,17.66363546124424,-0.4395751953125,0.64276123046875,0.23089599609375,0.58331298828125,2.3225806451612905,70.38123167155426,1.8322580645161288,55.5229716520039,2.490322580645161,75.46432062561095
14.160599383059889,17.66363546124424,-0.4395751953125,0.64276123046875,0.23089599609375,0.58331298828125,2.329032258064516,70.57673509286413,1.829032258064516,55.42521994134897,2.4774193548387093,75.07331378299119
14.18067765107844,18.2132630417415,-0.4434814453125,0.64093017578125,0.22723388671875,0.58380126953125,2.3419354838709676,70.96774193548387,1.8193548387096772,55.13196480938416,2.4774193548387093,75.07331378299119
14.20074161409866,18.2132630417415,-0.4434814453125,0.64093017578125,0.22723388671875,0.58380126953125,2.3225806451612905,70.38123167155426,1.8161290322580643,55.034213098729225,2.5064516129032257,75.95307917888563
14.220808074111119,18.2132630417415,-0.4434814453125,0.64093017578125,0.22723388671875,0.58380126953125,2.358064516129032,71.45650048875855,1.8096774193548386,54.83870967741935,2.490322580645161,75.46432062561095
14.240869701025076,18.872037362631104,-0.4478759765625,0.6395263671875,0.22283935546875,0.583740234375,2.329032258064516,70.57673509286413,1.8225806451612903,55.229716520039105,2.4741935483870967,74.97556207233626
14.260934368008748,18.872037362631104,-0.4478759765625,0.6395263671875,0.22283935546875,0.583740234375,2.367741935483871,71.74975562072336,1.8064516129032258,54.74095796676443,2.5,75.75757575757575
14.281009724014439,19.586009566048943,-0.45245361328125,0.63787841796875,0.21826171875,0.58367919921875,2.370967741935484,71.8475073313783,1.8161290322580643,55.034213098729225,2.5064516129032257,75.95307917888563
14.301076631061733,19.586009566048943,-0.45245361328125,0.63787841796875,0.21826171875,0.58367919921875,2.370967741935484,71.8475073313783,1.8322580645161288,55.5229716520039,2.5,75.75757575757575
14.321154035045765,19.586009566048943,-0.45245361328125,0.63787841796875,0.21826171875,0.58367919921875,2.370967741935484,71.8475073313783,1.8677419354838707,56.59824046920821,2.4806451612903224,75.17106549364614
14.341247599106282,20.35535568253465,-0.45684814453125,0.636474609375,0.21234130859375,0.5841064453125,2.370967741935484,71.8475073313783,1.861290322580645,56.402737047898334,2.5032258064516126,75.8553274682307
14.361291369074024,20.35535568253465,-0.45684814453125,0.636474609375,0.21234130859375,0.5841064453125,2.3741935483870966,71.94525904203324,1.8580645161290321,56.304985337243394,2.52258064516129,76.44183773216031
14.381364837056026,21.370942208424083,-0.46185302734375,0.634765625,0.20452880859375,0.584716796875,2.3838709677419354,72.23851417399804,1.8870967741935485,57.18475073313783,2.5032258064516126,75.8553274682307
14.40141350403428,21.370942208424083,-0.46185302734375,0.634765625,0.20452880859375,0.584716796875,2.3806451612903228,72.14076246334312,1.8806451612903226,56.98924731182796,2.532258064516129,76.73509286412512
14.421486395061947,21.370942208424083,-0.46185302734375,0.634765625,0.20452880859375,0.584716796875,2.3741935483870966,71.94525904203324,1.8870967741935485,57.18475073313783,2.532258064516129,76.73509286412512
14.441554007004015,22.492785798329976,-0.467529296875,0.6324462890625,0.195556640625,0.58587646484375,2.3838709677419354,72.23851417399804,1.9580645161290322,59.33528836754643,2.487096774193548,75.366568914956
14.461710037081502,22.492785798329976,-0.467529296875,0.6324462890625,0.195556640625,0.58587646484375,2.3806451612903228,72.14076246334312,1.903225806451613,57.67350928641252,2.525806451612903,76.53958944281524
14.481764752068557,23.70505896189212,-0.47357177734375,0.6295166015625,0.18621826171875,0.587158203125,2.370967741935484,71.8475073313783,1.9,57.57575757575758,2.525806451612903,76.53958944281524
14.501857676077634,23.70505896189212,-0.47357177734375,0.6295166015625,0.18621826171875,0.587158203125,2.358064516129032,71.45650048875855,1.8870967741935485,57.18475073313783,2.5161290322580645,76.24633431085044
14.521893414086662,23.70505896189212,-0.47357177734375,0.6295166015625,0.18621826171875,0.587158203125,2.3774193548387097,72.04301075268818,1.9,57.57575757575758,2.519354838709677,76.34408602150538
14.541976322070695,25.08665242516095,-0.48162841796875,0.62457275390625,0.17657470703125,0.5888671875,2.4,72.72727272727273,1.8806451612903226,56.98924731182796,2.490322580645161,75.46432062561095
14.562021981109865,25.08665242516095,-0.48162841796875,0.62457275390625,0.17657470703125,0.5888671875,2.4064516129032256,72.9227761485826,1.8548387096774193,56.20723362658847,2.5,75.75757575757575
14.582141082035378,26.527882200595165,-0.49005126953125,0.6182861328125,0.16668701171875,0.5914306640625,2.3967741935483873,72.6295210166178,1.8483870967741933,56.01173020527859,2.490322580645161,75.46432062561095
14.60217765206471,26.527882200595165,-0.49005126953125,0.6182861328125,0.16668701171875,0.5914306640625,2.3870967741935485,72.33626588465299,1.8419354838709676,55.816226783968716,2.525806451612903,76.53958944281524
14.622240975033492,26.527882200595165,-0.49005126953125,0.6182861328125,0.16668701171875,0.5914306640625,2.3741935483870966,71.94525904203324,1.8322580645161288,55.5229716520039,2.5709677419354837,77.90811339198436
14.642310731112957,27.81083046219281,-0.4979248046875,0.61248779296875,0.1585693359375,0.5931396484375,2.358064516129032,71.45650048875855,1.8258064516129031,55.32746823069403,2.532258064516129,76.73509286412512
14.66238835803233,27.81083046219281,-0.4979248046875,0.61248779296875,0.1585693359375,0.5931396484375,2.3806451612903228,72.14076246334312,1.8193548387096772,55.13196480938416,2.496774193548387,75.65982404692082
14.682469762046821,28.889698746850137,-0.505126953125,0.60699462890625,0.152587890625,0.59423828125,2.370967741935484,71.8475073313783,1.8225806451612903,55.229716520039105,2.5709677419354837,77.90811339198436
14.702516637044027,28.889698746850137,-0.505126953125,0.60699462890625,0.152587890625,0.59423828125,2.370967741935484,71.8475073313783,1.8064516129032258,54.74095796676443,2.5032258064516126,75.8553274682307
14.722625114023685,28.889698746850137,-0.505126953125,0.60699462890625,0.152587890625,0.59423828125,2.3838709677419354,72.23851417399804,1.7516129032258063,53.0791788856305,2.525806451612903,76.53958944281524
14.74269899702631,29.888506495327633,-0.51153564453125,0.602294921875,0.14691162109375,0.594970703125,2.367741935483871,71.74975562072336,1.8064516129032258,54.74095796676443,2.525806451612903,76.53958944281524
14.762775665032677,29.888506495327633,-0.51153564453125,0.602294921875,0.14691162109375,0.594970703125,2.403225806451613,72.82502443792767,1.8161290322580643,55.034213098729225,2.5129032258064514,76.1485826001955
14.782829292002134,30.74914501880439,-0.51702880859375,0.5985107421875,0.14208984375,0.59521484375,2.4096774193548387,73.02052785923753,1.8483870967741933,56.01173020527859,2.551612903225806,77.32160312805473
14.802881255047396,30.74914501880439,-0.51702880859375,0.5985107421875,0.14208984375,0.59521484375,2.3741935483870966,71.94525904203324,1.8096774193548386,54.83870967741935,2.4741935483870967,74.97556207233626
14.822987459017895,30.74914501880439,-0.51702880859375,0.5985107421875,0.14208984375,0.59521484375,2.4096774193548387,73.02052785923753,1.8161290322580643,55.034213098729225,2.5354838709677416,76.83284457478005
14.84309641609434,31.4005094184348,-0.521484375,0.59539794921875,0.13873291015625,0.59527587890625,2.4161290322580644,73.21603128054741,1.8161290322580643,55.034213098729225,2.525806451612903,76.53958944281524
14.863109466037713,31.4005094184348,-0.521484375,0.59539794921875,0.13873291015625,0.59527587890625,2.3741935483870966,71.94525904203324,1.8516129032258062,56.10948191593352,2.5387096774193547,76.93059628543499
14.883170837070793,31.942588304291853,-0.52545166015625,0.59283447265625,0.13641357421875,0.59478759765625,2.3838709677419354,72.23851417399804,1.8870967741935485,57.18475073313783,2.525806451612903,76.53958944281524
14.903289778041653,31.942588304291853,-0.52545166015625,0.59283447265625,0.13641357421875,0.59478759765625,2.3838709677419354,72.23851417399804,1.8451612903225805,55.91397849462365,2.493548387096774,75.56207233626587
14.923380974098109,31.942588304291853,-0.52545166015625,0.59283447265625,0.13641357421875,0.59478759765625,2.42258064516129,73.41153470185728,1.8387096774193548,55.71847507331379,2.551612903225806,77.32160312805473
14.943423112039454,32.46309463079882,-0.52899169921875,0.59075927734375,0.1336669921875,0.59442138671875,2.3967741935483873,72.6295210166178,1.8032258064516127,54.64320625610948,2.532258064516129,76.73509286412512
14.963514244067483,32.46309463079882,-0.52899169921875,0.59075927734375,0.1336669921875,0.59442138671875,2.4161290322580644,73.21603128054741,1.8483870967741933,56.01173020527859,2.529032258064516,76.63734115347019
14.983608097070828,33.01587648775361,-0.531982421875,0.5887451171875,0.130126953125,0.59454345703125,2.3870967741935485,72.33626588465299,1.8322580645161288,55.5229716520039,2.5419354838709673,77.02834799608992
15.003624602104537,33.01587648775361,-0.531982421875,0.5887451171875,0.130126953125,0.59454345703125,2.3967741935483873,72.6295210166178,1.8096774193548386,54.83870967741935,2.529032258064516,76.63734115347019
15.02370450203307,33.01587648775361,-0.531982421875,0.5887451171875,0.130126953125,0.59454345703125,2.3870967741935485,72.33626588465299,1.8387096774193548,55.71847507331379,2.5451612903225804,77.12609970674487
15.043754385085776,33.523621399875054,-0.53466796875,0.5867919921875,0.1268310546875,0.59478759765625,2.4161290322580644,73.21603128054741,1.8193548387096772,55.13196480938416,2.564516129032258,77.71260997067448
15.063884110073559,33.523621399875054,-0.53466796875,0.5867919921875,0.1268310546875,0.59478759765625,2.370967741935484,71.8475073313783,1.8064516129032258,54.74095796676443,2.551612903225806,77.32160312805473
15.083910248009488,34.02739888891643,-0.53753662109375,0.5848388671875,0.1239013671875,0.59466552734375,2.3967741935483873,72.6295210166178,1.8032258064516127,54.64320625610948,2.551612903225806,77.32160312805473
15.104031013092026,34.02739888891643,-0.53753662109375,0.5848388671875,0.1239013671875,0.59466552734375,2.4,72.72727272727273,1.8032258064516127,54.64320625610948,2.5419354838709673,77.02834799608992
15.12407510401681,34.02739888891643,-0.53753662109375,0.5848388671875,0.1239013671875,0.59466552734375,2.3806451612903228,72.14076246334312,1.8032258064516127,54.64320625610948,2.5419354838709673,77.02834799608992
15.144131899112836,34.561961937775386,-0.54022216796875,0.58294677734375,0.1202392578125,0.59490966796875,2.3806451612903228,72.14076246334312,1.8225806451612903,55.229716520039105,2.5419354838709673,77.02834799608992
15.164226231048815,34.561961937775386,-0.54022216796875,0.58294677734375,0.1202392578125,0.59490966796875,2.42258064516129,73.41153470185728,1.8096774193548386,54.83870967741935,2.529032258064516,76.63734115347019
15.184377909055911,35.10225850860786,-0.5423583984375,0.581298828125,0.11614990234375,0.5953369140625,2.393548387096774,72.53176930596285,1.8516129032258062,56.10948191593352,2.5354838709677416,76.83284457478005
15.204420016030781,35.10225850860786,-0.5423583984375,0.581298828125,0.11614990234375,0.5953369140625,2.3838709677419354,72.23851417399804,1.8483870967741933,56.01173020527859,2.5064516129032257,75.95307917888563
15.224444842082448,35.10225850860786,-0.5423583984375,0.581298828125,0.11614990234375,0.5953369140625,2.3838709677419354,72.23851417399804,1.8096774193548386,54.83870967741935,2.5419354838709673,77.02834799608992
15.244545862078667,35.59566271216552,-0.54486083984375,0.579345703125,0.11285400390625,0.59564208984375,2.3838709677419354,72.23851417399804,1.8129032258064515,54.936461388074285,2.558064516129032,77.5171065493646
15.264636706095189,35.59566271216552,-0.54486083984375,0.579345703125,0.11285400390625,0.59564208984375,2.3741935483870966,71.94525904203324,1.8129032258064515,54.936461388074285,2.564516129032258,77.71260997067448
15.284680925076827,36.12500269504442,-0.54693603515625,0.57757568359375,0.10882568359375,0.59619140625,2.4,72.72727272727273,1.7903225806451613,54.25219941348974,2.5419354838709673,77.02834799608992
15.304739864077419,36.12500269504442,-0.54693603515625,0.57757568359375,0.10882568359375,0.59619140625,2.3967741935483873,72.6295210166178,1.8225806451612903,55.229716520039105,2.529032258064516,76.63734115347019
15.324804691015743,36.12500269504442,-0.54693603515625,0.57757568359375,0.10882568359375,0.59619140625,2.403225806451613,72.82502443792767,1.7774193548387096,53.86119257086999,2.5483870967741935,77.2238514173998
15.34982237208169,36.59228567227328,-0.548583984375,0.57623291015625,0.1051025390625,0.59661865234375,2.390322580645161,72.43401759530792,1.8032258064516127,54.64320625610948,2.564516129032258,77.71260997067448
15.364934666082263,36.59228567227328,-0.548583984375,0.57623291015625,0.1051025390625,0.59661865234375,2.3774193548387097,72.04301075268818,1.7774193548387096,53.86119257086999,2.525806451612903,76.53958944281524
15.385033030062914,36.941538142193814,-0.55023193359375,0.5751953125,0.1026611328125,0.5965576171875,2.3645161290322583,71.65200391006844,1.7516129032258063,53.0791788856305,2.5419354838709673,77.02834799608992
15.405083009041846,36.941538142193814,-0.55023193359375,0.5751953125,0.1026611328125,0.5965576171875,2.390322580645161,72.43401759530792,1.7548387096774192,53.17693059628543,2.5419354838709673,77.02834799608992
15.425139644066803,36.941538142193814,-0.55023193359375,0.5751953125,0.1026611328125,0.5965576171875,2.3741935483870966,71.94525904203324,1.761290322580645,53.3724340175953,2.551612903225806,77.32160312805473
15.445216376101598,37.25895530330334,-0.5513916015625,0.57415771484375,0.1002197265625,0.59686279296875,2.42258064516129,73.41153470185728,1.729032258064516,52.39491691104594,2.551612903225806,77.32160312805473
15.465323956101201,37.25895530330334,-0.5513916015625,0.57415771484375,0.1002197265625,0.59686279296875,2.3838709677419354,72.23851417399804,1.7387096774193547,52.68817204301075,2.561290322580645,77.61485826001955
15.48540737607982,37.55755982386797,-0.5523681640625,0.5733642578125,0.09771728515625,0.59716796875,2.3741935483870966,71.94525904203324,1.7516129032258063,53.0791788856305,2.564516129032258,77.71260997067448
15.50545207504183,37.55755982386797,-0.5523681640625,0.5733642578125,0.09771728515625,0.59716796875,2.3741935483870966,71.94525904203324,1.7419354838709677,52.785923753665685,2.564516129032258,77.71260997067448
15.525511494022794,37.55755982386797,-0.5523681640625,0.5733642578125,0.09771728515625,0.59716796875,2.390322580645161,72.43401759530792,1.7387096774193547,52.68817204301075,2.5387096774193547,76.93059628543499
15.545575265074149,37.8488118129977,-0.55328369140625,0.57281494140625,0.09527587890625,0.59722900390625,2.3806451612903228,72.14076246334312,1.7258064516129032,52.29716520039101,2.5419354838709673,77.02834799608992
15.565636508050375,37.8488118129977,-0.55328369140625,0.57281494140625,0.09527587890625,0.59722900390625,2.361290322580645,71.5542521994135,1.7419354838709677,52.785923753665685,2.564516129032258,77.71260997067448
15.585783354006708,38.177021493905535,-0.55419921875,0.5721435546875,0.0924072265625,0.59747314453125,2.435483870967742,73.80254154447702,1.7258064516129032,52.29716520039101,2.525806451612903,76.53958944281524
15.605803220067173,38.177021493905535,-0.55419921875,0.5721435546875,0.0924072265625,0.59747314453125,2.361290322580645,71.5542521994135,1.729032258064516,52.39491691104594,2.5709677419354837,77.90811339198436
15.625942354090512,38.177021493905535,-0.55419921875,0.5721435546875,0.0924072265625,0.59747314453125,2.3774193548387097,72.04301075268818,1.7354838709677418,52.59042033235581,2.5419354838709673,77.02834799608992
15.64606779103633,38.54188033062131,-0.5555419921875,0.5714111328125,0.0894775390625,0.597412109375,2.3516129032258064,71.26099706744868,1.7483870967741935,52.98142717497556,2.596774193548387,78.69012707722385
15.666107177035883,38.54188033062131,-0.5555419921875,0.5714111328125,0.0894775390625,0.597412109375,2.3806451612903228,72.14076246334312,1.7709677419354837,53.665689149560116,2.5419354838709673,77.02834799608992
15.686179013107903,38.936501673001345,-0.55694580078125,0.57049560546875,0.08636474609375,0.597412109375,2.3838709677419354,72.23851417399804,1.7580645161290323,53.27468230694038,2.529032258064516,76.63734115347019
15.7062412800733,38.936501673001345,-0.55694580078125,0.57049560546875,0.08636474609375,0.597412109375,2.3741935483870966,71.94525904203324,1.7580645161290323,53.27468230694038,2.6032258064516127,78.88563049853371
15.726322460104711,38.936501673001345,-0.55694580078125,0.57049560546875,0.08636474609375,0.597412109375,2.3741935483870966,71.94525904203324,1.7548387096774192,53.17693059628543,2.4741935483870967,74.97556207233626
15.746390743064694,39.087331008011645,-0.55694580078125,0.5699462890625,0.084716796875,0.59814453125,2.358064516129032,71.45650048875855,1.7483870967741935,52.98142717497556,2.5129032258064514,76.1485826001955
15.766470835078508,39.087331008011645,-0.55694580078125,0.5699462890625,0.084716796875,0.59814453125,2.3741935483870966,71.94525904203324,1.7580645161290323,53.27468230694038,2.5096774193548383,76.05083088954055
15.786581264110282,39.28355317635239,-0.55731201171875,0.56915283203125,0.0828857421875,0.59881591796875,2.4096774193548387,73.02052785923753,1.732258064516129,52.49266862170088,2.5483870967741935,77.2238514173998
15.80661959410645,39.28355317635239,-0.55731201171875,0.56915283203125,0.0828857421875,0.59881591796875,2.3838709677419354,72.23851417399804,1.7516129032258063,53.0791788856305,2.532258064516129,76.73509286412512
15.826725671067834,39.28355317635239,-0.55731201171875,0.56915283203125,0.0828857421875,0.59881591796875,2.390322580645161,72.43401759530792,1.7387096774193547,52.68817204301075,2.5419354838709673,77.02834799608992
15.846765217022039,39.68844721316632,-0.55877685546875,0.56787109375,0.07977294921875,0.59906005859375,2.3838709677419354,72.23851417399804,1.7580645161290323,53.27468230694038,2.529032258064516,76.63734115347019
15.866824124008417,39.68844721316632,-0.55877685546875,0.56787109375,0.07977294921875,0.59906005859375,2.393548387096774,72.53176930596285,1.7548387096774192,53.17693059628543,2.564516129032258,77.71260997067448
15.886883223080076,40.08738542458294,-0.56011962890625,0.5665283203125,0.0765380859375,0.59954833984375,2.3806451612903228,72.14076246334312,1.7516129032258063,53.0791788856305,2.5774193548387094,78.10361681329422
15.906942131114192,40.08738542458294,-0.56011962890625,0.5665283203125,0.0765380859375,0.59954833984375,2.3967741935483873,72.6295210166178,1.7516129032258063,53.0791788856305,2.5451612903225804,77.12609970674487
15.927068368066102,40.08738542458294,-0.56011962890625,0.5665283203125,0.0765380859375,0.59954833984375,2.393548387096774,72.53176930596285,1.764516129032258,53.47018572825024,2.5419354838709673,77.02834799608992
15.947112266090699,40.55249729934404,-0.5618896484375,0.56512451171875,0.072998046875,0.59967041015625,2.4193548387096775,73.31378299120234,1.7548387096774192,53.17693059628543,2.5483870967741935,77.2238514173998
15.967175302095711,40.55249729934404,-0.5618896484375,0.56512451171875,0.072998046875,0.59967041015625,2.3645161290322583,71.65200391006844,1.7548387096774192,53.17693059628543,2.5,75.75757575757575
15.987255073036067,40.979815061261824,-0.56365966796875,0.56365966796875,0.0699462890625,0.5997314453125,2.3838709677419354,72.23851417399804,1.7580645161290323,53.27468230694038,2.5709677419354837,77.90811339198436
16.007301596109755,40.979815061261824,-0.56365966796875,0.56365966796875,0.0699462890625,0.5997314453125,2.403225806451613,72.82502443792767,1.7387096774193547,52.68817204301075,2.5064516129032257,75.95307917888563
16.027421017060988,40.979815061261824,-0.56365966796875,0.56365966796875,0.0699462890625,0.5997314453125,2.390322580645161,72.43401759530792,1.761290322580645,53.3724340175953,2.5741935483870964,78.00586510263928
16.047518677078187,41.38710968575009,-0.56549072265625,0.5621337890625,0.067138671875,0.59979248046875,2.3516129032258064,71.26099706744868,1.761290322580645,53.3724340175953,2.6129032258064515,79.17888563049853
16.06755499204155,41.38710968575009,-0.56549072265625,0.5621337890625,0.067138671875,0.59979248046875,2.358064516129032,71.45650048875855,1.7258064516129032,52.29716520039101,2.564516129032258,77.71260997067448
16.087612267001532,41.818581445987476,-0.56719970703125,0.560546875,0.06402587890625,0.5999755859375,2.3741935483870966,71.94525904203324,1.7580645161290323,53.27468230694038,2.5774193548387094,78.10361681329422
16.107679078006186,41.818581445987476,-0.56719970703125,0.560546875,0.06402587890625,0.5999755859375,2.3741935483870966,71.94525904203324,1.764516129032258,53.47018572825024,2.6032258064516127,78.88563049853371
16.127741537056863,41.818581445987476,-0.56719970703125,0.560546875,0.06402587890625,0.5999755859375,2.4096774193548387,73.02052785923753,1.7548387096774192,53.17693059628543,2.558064516129032,77.5171065493646
16.14780492510181,42.20700338754452,-0.5687255859375,0.55926513671875,0.0611572265625,0.60003662109375,2.393548387096774,72.53176930596285,1.7774193548387096,53.86119257086999,2.529032258064516,76.63734115347019
16.167872888036072,42.20700338754452,-0.5687255859375,0.55926513671875,0.0611572265625,0.60003662109375,2.4161290322580644,73.21603128054741,1.7548387096774192,53.17693059628543,2.551612903225806,77.32160312805473
16.18796738004312,42.56458886120638,-0.5703125,0.557861328125,0.0587158203125,0.60009765625,2.3741935483870966,71.94525904203324,1.7741935483870968,53.76344086021506,2.5774193548387094,78.10361681329422
16.208008079091087,42.56458886120638,-0.5703125,0.557861328125,0.0587158203125,0.60009765625,2.4064516129032256,72.9227761485826,1.7516129032258063,53.0791788856305,2.5,75.75757575757575
16.22808074601926,42.56458886120638,-0.5703125,0.557861328125,0.0587158203125,0.60009765625,2.4193548387096775,73.31378299120234,1.761290322580645,53.3724340175953,2.5451612903225804,77.12609970674487
16.248200135072693,42.92240665091139,-0.57177734375,0.55645751953125,0.05621337890625,0.6002197265625,2.4,72.72727272727273,1.7774193548387096,53.86119257086999,2.5451612903225804,77.12609970674487
16.26829862804152,42.92240665091139,-0.57177734375,0.55645751953125,0.05621337890625,0.6002197265625,2.370967741935484,71.8475073313783,1.7516129032258063,53.0791788856305,2.5419354838709673,77.02834799608992
16.288330942043103,43.33909059741815,-0.5733642578125,0.5546875,0.05316162109375,0.60064697265625,2.390322580645161,72.43401759530792,1.7580645161290323,53.27468230694038,2.5483870967741935,77.2238514173998
16.308423450100236,43.33909059741815,-0.5733642578125,0.5546875,0.05316162109375,0.60064697265625,2.3967741935483873,72.6295210166178,1.7677419354838708,53.567937438905176,2.5709677419354837,77.90811339198436
16.328458580072038,43.33909059741815,-0.5733642578125,0.5546875,0.05316162109375,0.60064697265625,2.4,72.72727272727273,1.7677419354838708,53.567937438905176,2.5419354838709673,77.02834799608992
16.348527408088557,43.736526987667105,-0.57501220703125,0.5528564453125,0.0504150390625,0.60101318359375,2.3870967741935485,72.33626588465299,1.7774193548387096,53.86119257086999,2.525806451612903,76.53958944281524
16.368634860031307,43.736526987667105,-0.57501220703125,0.5528564453125,0.0504150390625,0.60101318359375,2.4,72.72727272727273,1.7870967741935482,54.154447702834794,2.5419354838709673,77.02834799608992
16.38874528906308,44.167575629266686,-0.57672119140625,0.5509033203125,0.04742431640625,0.60137939453125,2.390322580645161,72.43401759530792,1.7709677419354837,53.665689149560116,2.5774193548387094,78.10361681329422
16.408765059080906,44.167575629266686,-0.57672119140625,0.5509033203125,0.04742431640625,0.60137939453125,2.3645161290322583,71.65200391006844,1.764516129032258,53.47018572825024,2.558064516129032,77.5171065493646
16.428875328041613,44.167575629266686,-0.57672119140625,0.5509033203125,0.04742431640625,0.60137939453125,2.4064516129032256,72.9227761485826,1.7451612903225806,52.883675464320625,2.5451612903225804,77.12609970674487
16.44894869904965,44.37797771769791,-0.57745361328125,0.54962158203125,0.0458984375,0.60198974609375,2.3741935483870966,71.94525904203324,1.7483870967741935,52.98142717497556,2.525806451612903,76.53958944281524
16.469104377087206,44.37797771769791,-0.57745361328125,0.54962158203125,0.0458984375,0.60198974609375,2.3967741935483873,72.6295210166178,1.7838709677419353,54.05669599217986,2.5483870967741935,77.2238514173998
16.48915662802756,44.7819356636555,-0.5792236328125,0.54779052734375,0.04327392578125,0.60211181640625,2.3967741935483873,72.6295210166178,1.7258064516129032,52.29716520039101,2.525806451612903,76.53958944281524
16.50917969411239,44.7819356636555,-0.5792236328125,0.54779052734375,0.04327392578125,0.60211181640625,2.4096774193548387,73.02052785923753,1.7516129032258063,53.0791788856305,2.519354838709677,76.34408602150538
16.529260106035508,44.7819356636555,-0.5792236328125,0.54779052734375,0.04327392578125,0.60211181640625,2.358064516129032,71.45650048875855,1.7516129032258063,53.0791788856305,2.5774193548387094,78.10361681329422
16.549307877081446,45.297212013001904,-0.58135986328125,0.54571533203125,0.03973388671875,0.6021728515625,2.358064516129032,71.45650048875855,1.7419354838709677,52.785923753665685,2.529032258064516,76.63734115347019
16.569372832076624,45.297212013001904,-0.58135986328125,0.54571533203125,0.03973388671875,0.6021728515625,2.393548387096774,72.53176930596285,1.7774193548387096,53.86119257086999,2.5451612903225804,77.12609970674487
16.589450076106004,45.860697929062084,-0.5836181640625,0.5435791015625,0.0357666015625,0.6021728515625,2.403225806451613,72.82502443792767,1.7387096774193547,52.68817204301075,2.554838709677419,77.41935483870968
16.609544504084624,45.860697929062084,-0.5836181640625,0.5435791015625,0.0357666015625,0.6021728515625,2.3870967741935485,72.33626588465299,1.761290322580645,53.3724340175953,2.5451612903225804,77.12609970674487
16.629592563025653,45.860697929062084,-0.5836181640625,0.5435791015625,0.0357666015625,0.6021728515625,2.358064516129032,71.45650048875855,1.7419354838709677,52.785923753665685,2.5483870967741935,77.2238514173998
16.64966097404249,46.48099958563312,-0.585693359375,0.5413818359375,0.031005859375,0.6024169921875,2.358064516129032,71.45650048875855,1.7451612903225806,52.883675464320625,2.5774193548387094,78.10361681329422
16.6697286820272,46.48099958563312,-0.585693359375,0.5413818359375,0.031005859375,0.6024169921875,2.3838709677419354,72.23851417399804,1.7419354838709677,52.785923753665685,2.519354838709677,76.34408602150538
16.689794853096828,47.09907134788333,-0.58807373046875,0.539306640625,0.0264892578125,0.60223388671875,2.3741935483870966,71.94525904203324,1.7258064516129032,52.29716520039101,2.5483870967741935,77.2238514173998
16.709842496085912,47.09907134788333,-0.58807373046875,0.539306640625,0.0264892578125,0.60223388671875,2.358064516129032,71.45650048875855,1.7,51.515151515151516,2.554838709677419,77.41935483870968
16.729923164006323,47.09907134788333,-0.58807373046875,0.539306640625,0.0264892578125,0.60223388671875,2.3967741935483873,72.6295210166178,1.7129032258064516,51.90615835777126,2.551612903225806,77.32160312805473
16.74997573508881,47.71697116412988,-0.59051513671875,0.53729248046875,0.02215576171875,0.60174560546875,2.3967741935483873,72.6295210166178,1.7225806451612902,52.19941348973607,2.561290322580645,77.61485826001955
16.77003534603864,47.71697116412988,-0.59051513671875,0.53729248046875,0.02215576171875,0.60174560546875,2.4096774193548387,73.02052785923753,1.7064516129032257,51.71065493646139,2.564516129032258,77.71260997067448
16.790121166035533,48.333552007396214,-0.59246826171875,0.5357666015625,0.0172119140625,0.60137939453125,2.3870967741935485,72.33626588465299,1.7258064516129032,52.29716520039101,2.5419354838709673,77.02834799608992
16.810180329019204,48.333552007396214,-0.59246826171875,0.5357666015625,0.0172119140625,0.60137939453125,2.3193548387096774,70.28347996089931,1.7419354838709677,52.785923753665685,2.4741935483870967,74.97556207233626
16.83024896401912,48.333552007396214,-0.59246826171875,0.5357666015625,0.0172119140625,0.60137939453125,2.3838709677419354,72.23851417399804,1.7516129032258063,53.0791788856305,2.525806451612903,76.53958944281524
16.85032841609791,49.03665641900808,-0.594970703125,0.533935546875,0.01190185546875,0.60064697265625,2.390322580645161,72.43401759530792,1.7451612903225806,52.883675464320625,2.5129032258064514,76.1485826001955
16.870384507114068,49.03665641900808,-0.594970703125,0.533935546875,0.01190185546875,0.60064697265625,2.4,72.72727272727273,1.7129032258064516,51.90615835777126,2.554838709677419,77.41935483870968
16.890454230015166,49.78858647336312,-0.597900390625,0.53173828125,0.00653076171875,0.5997314453125,2.358064516129032,71.45650048875855,1.732258064516129,52.49266862170088,2.525806451612903,76.53958944281524
16.91055646701716,49.78858647336312,-0.597900390625,0.53173828125,0.00653076171875,0.5997314453125,2.3741935483870966,71.94525904203324,1.729032258064516,52.39491691104594,2.564516129032258,77.71260997067448
16.930606510024518,49.78858647336312,-0.597900390625,0.53173828125,0.00653076171875,0.5997314453125,2.3774193548387097,72.04301075268818,1.7129032258064516,51.90615835777126,2.5709677419354837,77.90811339198436
16.950663849012926,50.595170632996314,-0.60076904296875,0.52911376953125,0.00054931640625,0.5992431640625,2.370967741935484,71.8475073313783,1.7064516129032257,51.71065493646139,2.6032258064516127,78.88563049853371
16.970733700087294,50.595170632996314,-0.60076904296875,0.52911376953125,0.00054931640625,0.5992431640625,2.3741935483870966,71.94525904203324,1.7064516129032257,51.71065493646139,2.4741935483870967,74.97556207233626
16.990811328054406,51.46348055641811,-0.6036376953125,0.52679443359375,-0.00616455078125,0.598388671875,2.393548387096774,72.53176930596285,1.7064516129032257,51.71065493646139,2.564516129032258,77.71260997067448
17.010862395050935,51.46348055641811,-0.6036376953125,0.52679443359375,-0.00616455078125,0.598388671875,2.3451612903225807,71.0654936461388,1.6806451612903226,50.9286412512219,2.554838709677419,77.41935483870968
17.030994424014352,51.46348055641811,-0.6036376953125,0.52679443359375,-0.00616455078125,0.598388671875,2.390322580645161,72.43401759530792,1.6774193548387097,50.83088954056696,2.554838709677419,77.41935483870968
17.051018194062635,52.379792549987826,-0.6072998046875,0.52410888671875,-0.01263427734375,0.59698486328125,2.3451612903225807,71.0654936461388,1.6806451612903226,50.9286412512219,2.5129032258064514,76.1485826001955
17.07107911701314,52.379792549987826,-0.6072998046875,0.52410888671875,-0.01263427734375,0.59698486328125,2.367741935483871,71.74975562072336,1.6935483870967742,51.31964809384164,2.529032258064516,76.63734115347019
17.091149769024923,53.32833129075747,-0.6107177734375,0.520751953125,-0.0194091796875,0.59619140625,2.3483870967741938,71.16324535679375,1.6709677419354838,50.635386119257085,2.564516129032258,77.71260997067448
17.111220484017394,53.32833129075747,-0.6107177734375,0.520751953125,-0.0194091796875,0.59619140625,2.3483870967741938,71.16324535679375,1.6774193548387097,50.83088954056696,2.525806451612903,76.53958944281524
17.131280927103944,53.32833129075747,-0.6107177734375,0.520751953125,-0.0194091796875,0.59619140625,2.367741935483871,71.74975562072336,1.6838709677419355,51.02639296187683,2.5419354838709673,77.02834799608992
17.151348955114372,54.26385397061771,-0.6136474609375,0.5174560546875,-0.0264892578125,0.59576416015625,2.3870967741935485,72.33626588465299,1.6483870967741936,49.95112414467254,2.551612903225806,77.32160312805473
17.171410102047957,54.26385397061771,-0.6136474609375,0.5174560546875,-0.0264892578125,0.59576416015625,2.3483870967741938,71.16324535679375,1.6709677419354838,50.635386119257085,2.5064516129032257,75.95307917888563
17.191487154108472,55.164801459091265,-0.61663818359375,0.5142822265625,-0.03314208984375,0.5950927734375,2.3838709677419354,72.23851417399804,1.6516129032258065,50.048875855327466,2.5451612903225804,77.12609970674487
17.211553965113126,55.164801459091265,-0.61663818359375,0.5142822265625,-0.03314208984375,0.5950927734375,2.370967741935484,71.8475073313783,1.6483870967741936,49.95112414467254,2.5129032258064514,76.1485826001955
17.231610344024375,55.164801459091265,-0.61663818359375,0.5142822265625,-0.03314208984375,0.5950927734375,2.370967741935484,71.8475073313783,1.6483870967741936,49.95112414467254,2.529032258064516,76.63734115347019
17.25169562001247,56.067423991351745,-0.6199951171875,0.510986328125,-0.0394287109375,0.59405517578125,2.3516129032258064,71.26099706744868,1.6258064516129032,49.266862170087975,2.558064516129032,77.5171065493646
17.271757119102404,56.067423991351745,-0.6199951171875,0.510986328125,-0.0394287109375,0.59405517578125,2.370967741935484,71.8475073313783,1.62258064516129,49.169110459433035,2.5451612903225804,77.12609970674487
17.291819515055977,56.90248288731137,-0.62298583984375,0.50811767578125,-0.04541015625,0.593017578125,2.3548387096774195,71.35874877810362,1.6387096774193548,49.65786901270772,2.529032258064516,76.63734115347019
17.31188459810801,56.90248288731137,-0.62298583984375,0.50811767578125,-0.04541015625,0.593017578125,2.325806451612903,70.4789833822092,1.62258064516129,49.169110459433035,2.529032258064516,76.63734115347019
17.331964978016913,56.90248288731137,-0.62298583984375,0.50811767578125,-0.04541015625,0.593017578125,2.3096774193548386,69.99022482893452,1.632258064516129,49.462365591397855,2.551612903225806,77.32160312805473
17.352026029024273,57.675624381276464,-0.6256103515625,0.50555419921875,-0.051025390625,0.59197998046875,2.329032258064516,70.57673509286413,1.635483870967742,49.56011730205279,2.551612903225806,77.32160312805473
17.372091336059384,57.675624381276464,-0.6256103515625,0.50555419921875,-0.051025390625,0.59197998046875,2.329032258064516,70.57673509286413,1.6258064516129032,49.266862170087975,2.561290322580645,77.61485826001955
17.392178724054247,58.42204915582487,-0.62799072265625,0.50341796875,-0.056640625,0.59075927734375,2.3096774193548386,69.99022482893452,1.62258064516129,49.169110459433035,2.5774193548387094,78.10361681329422
17.412224031053483,58.42204915582487,-0.62799072265625,0.50341796875,-0.056640625,0.59075927734375,2.335483870967742,70.772238514174,1.6096774193548384,48.77810361681329,2.487096774193548,75.366568914956
17.432287898031063,58.42204915582487,-0.62799072265625,0.50341796875,-0.056640625,0.59075927734375,2.393548387096774,72.53176930596285,1.5483870967741935,46.9208211143695,2.5387096774193547,76.93059628543499
17.452370198094286,59.10587533083567,-0.63018798828125,0.50177001953125,-0.06182861328125,0.58929443359375,2.3419354838709676,70.96774193548387,1.564516129032258,47.40957966764419,2.5032258064516126,75.8553274682307
17.472424849052913,59.10587533083567,-0.63018798828125,0.50177001953125,-0.06182861328125,0.58929443359375,2.3516129032258064,71.26099706744868,1.561290322580645,47.31182795698924,2.5774193548387094,78.10361681329422
17.492491756100208,59.712750160166664,-0.63232421875,0.50006103515625,-0.06622314453125,0.5880126953125,2.3838709677419354,72.23851417399804,1.532258064516129,46.432062561094824,2.525806451612903,76.53958944281524
17.51255783205852,59.712750160166664,-0.63232421875,0.50006103515625,-0.06622314453125,0.5880126953125,2.3516129032258064,71.26099706744868,1.5193548387096774,46.04105571847507,2.529032258064516,76.63734115347019
17.53263994003646,59.712750160166664,-0.63232421875,0.50006103515625,-0.06622314453125,0.5880126953125,2.3483870967741938,71.16324535679375,1.525806451612903,46.236559139784944,2.519354838709677,76.34408602150538
18.288432873087004,60.264234332096734,-0.63427734375,0.4981689453125,-0.070068359375,0.5870361328125,2.3516129032258064,71.26099706744868,1.5387096774193547,46.62756598240469,2.519354838709677,76.34408602150538
18.28867041610647,60.264234332096734,-0.63427734375,0.4981689453125,-0.070068359375,0.5870361328125,2.3483870967741938,71.16324535679375,1.5451612903225804,46.82306940371456,2.519354838709677,76.34408602150538
18.308851791080087,60.88948270769314,-0.6363525390625,0.49609375,-0.0745849609375,0.58599853515625,2.3645161290322583,71.65200391006844,1.5483870967741935,46.9208211143695,2.5032258064516126,75.8553274682307
18.32885872805491,60.88948270769314,-0.6363525390625,0.49609375,-0.0745849609375,0.58599853515625,2.335483870967742,70.772238514174,1.532258064516129,46.432062561094824,2.5,75.75757575757575
18.349011846003123,60.88948270769314,-0.6363525390625,0.49609375,-0.0745849609375,0.58599853515625,2.338709677419355,70.86999022482894,1.4838709677419355,44.965786901270775,2.5161290322580645,76.24633431085044
18.36910614708904,61.570319102835676,-0.63885498046875,0.4932861328125,-0.07916259765625,0.5850830078125,2.3322580645161293,70.67448680351907,1.464516129032258,44.37927663734115,2.5064516129032257,75.95307917888563
18.389104988076724,61.570319102835676,-0.63885498046875,0.4932861328125,-0.07916259765625,0.5850830078125,2.3225806451612905,70.38123167155426,1.4064516129032258,42.619745845552295,2.5677419354838706,77.81036168132943
18.409243993111886,62.285163075630344,-0.6419677734375,0.4901123046875,-0.08343505859375,0.583740234375,2.3516129032258064,71.26099706744868,1.3451612903225805,40.7624633431085,2.5096774193548383,76.05083088954055
18.429262131103314,62.285163075630344,-0.6419677734375,0.4901123046875,-0.08343505859375,0.583740234375,2.3225806451612905,70.38123167155426,1.3387096774193548,40.56695992179863,2.5096774193548383,76.05083088954055
18.44936923205387,62.285163075630344,-0.6419677734375,0.4901123046875,-0.08343505859375,0.583740234375,2.338709677419355,70.86999022482894,1.3548387096774193,41.05571847507331,2.525806451612903,76.53958944281524
18.4694702840643,63.06924328874765,-0.6448974609375,0.48651123046875,-0.08843994140625,0.58270263671875,2.3096774193548386,69.99022482893452,1.3354838709677417,40.46920821114369,2.4838709677419355,75.26881720430107
18.48947587807197,63.06924328874765,-0.6448974609375,0.48651123046875,-0.08843994140625,0.58270263671875,2.325806451612903,70.4789833822092,1.3225806451612903,40.07820136852395,2.5064516129032257,75.95307917888563
18.509602019097656,63.87342852996731,-0.6474609375,0.48297119140625,-0.09405517578125,0.58197021484375,2.3000000000000003,69.69696969696972,1.3161290322580643,39.882697947214076,2.5064516129032257,75.95307917888563
18.5296196450945,63.87342852996731,-0.6474609375,0.48297119140625,-0.09405517578125,0.58197021484375,2.2677419354838713,68.71945259042035,1.3032258064516127,39.491691104594324,2.5,75.75757575757575
18.549731802078895,63.87342852996731,-0.6474609375,0.48297119140625,-0.09405517578125,0.58197021484375,2.270967741935484,68.81720430107528,1.2741935483870968,38.6119257086999,2.496774193548387,75.65982404692082
18.569803189020604,64.21762444407909,-0.64849853515625,0.481201171875,-0.096435546875,0.5819091796875,2.2903225806451615,69.40371456500489,1.2354838709677418,37.43890518084066,2.52258064516129,76.44183773216031
18.589842704008333,64.21762444407909,-0.64849853515625,0.481201171875,-0.096435546875,0.5819091796875,2.2903225806451615,69.40371456500489,1.261290322580645,38.220918866080154,2.5096774193548383,76.05083088954055
18.609947756049223,64.48875025554695,-0.649169921875,0.48016357421875,-0.0985107421875,0.5816650390625,2.264516129032258,68.6217008797654,1.2419354838709677,37.634408602150536,2.4806451612903224,75.17106549364614
18.629986279061995,64.48875025554695,-0.649169921875,0.48016357421875,-0.0985107421875,0.5816650390625,2.2870967741935484,69.30596285434996,1.2032258064516128,36.4613880742913,2.519354838709677,76.34408602150538
18.65009475511033,64.48875025554695,-0.649169921875,0.48016357421875,-0.0985107421875,0.5816650390625,2.270967741935484,68.81720430107528,1.2258064516129032,37.14565004887586,2.525806451612903,76.53958944281524
18.670189312077127,65.01787282619212,-0.6507568359375,0.47857666015625,-0.1024169921875,0.58050537109375,2.2677419354838713,68.71945259042035,1.2096774193548387,36.65689149560117,2.487096774193548,75.366568914956
18.690216218004934,65.01787282619212,-0.6507568359375,0.47857666015625,-0.1024169921875,0.58050537109375,2.270967741935484,68.81720430107528,1.1903225806451614,36.07038123167156,2.5161290322580645,76.24633431085044
18.710340695106424,65.53338275207018,-0.65234375,0.4766845703125,-0.1060791015625,0.57958984375,2.274193548387097,68.91495601173021,1.2096774193548387,36.65689149560117,2.564516129032258,77.71260997067448
18.730366289033554,65.53338275207018,-0.65234375,0.4766845703125,-0.1060791015625,0.57958984375,2.296774193548387,69.59921798631477,1.2096774193548387,36.65689149560117,2.5032258064516126,75.8553274682307
18.75047294201795,66.02735907280184,-0.6539306640625,0.47503662109375,-0.109619140625,0.57855224609375,2.3161290322580648,70.1857282502444,1.1451612903225807,34.701857282502445,2.5096774193548383,76.05083088954055
18.770549833076075,66.02735907280184,-0.6539306640625,0.47503662109375,-0.109619140625,0.57855224609375,2.303225806451613,69.79472140762464,1.1258064516129034,34.115347018572834,2.5161290322580645,76.24633431085044
18.790612773038447,66.02735907280184,-0.6539306640625,0.47503662109375,-0.109619140625,0.57855224609375,2.2677419354838713,68.71945259042035,1.1064516129032256,33.5288367546432,2.4806451612903224,75.17106549364614
18.810709633049555,66.53495918924193,-0.65545654296875,0.47314453125,-0.11322021484375,0.57763671875,2.293548387096774,69.50146627565982,0.9838709677419355,29.814271749755623,2.5064516129032257,75.95307917888563
18.8307566040894,66.53495918924193,-0.65545654296875,0.47314453125,-0.11322021484375,0.57763671875,2.2419354838709675,67.93743890518084,0.9903225806451612,30.009775171065495,2.525806451612903,76.53958944281524
18.850904730032198,67.11440874618387,-0.65716552734375,0.4710693359375,-0.117431640625,0.57659912109375,2.264516129032258,68.6217008797654,0.9451612903225807,28.641251221896386,2.5129032258064514,76.1485826001955
18.870949204079807,67.11440874618387,-0.65716552734375,0.4710693359375,-0.117431640625,0.57659912109375,2.2161290322580642,67.15542521994135,0.9161290322580644,27.76148582600195,2.496774193548387,75.65982404692082
18.89102504006587,67.11440874618387,-0.65716552734375,0.4710693359375,-0.117431640625,0.57659912109375,2.2677419354838713,68.71945259042035,0.7354838709677419,22.28739002932551,2.5,75.75757575757575
18.911104268045165,67.83081789221147,-0.6593017578125,0.46832275390625,-0.12249755859375,0.5753173828125,2.2870967741935484,69.30596285434996,0.732258064516129,22.189638318670575,2.5096774193548383,76.05083088954055
18.931135878083296,67.83081789221147,-0.6593017578125,0.46832275390625,-0.12249755859375,0.5753173828125,2.2677419354838713,68.71945259042035,0.7225806451612903,21.896383186705766,2.525806451612903,76.53958944281524
18.951207681093365,68.42680652443693,-0.66143798828125,0.4656982421875,-0.1263427734375,0.57421875,2.270967741935484,68.81720430107528,0.7193548387096774,21.79863147605083,2.5032258064516126,75.8553274682307
18.971267293090932,68.42680652443693,-0.66143798828125,0.4656982421875,-0.1263427734375,0.57421875,2.2903225806451615,69.40371456500489,0.7451612903225806,22.58064516129032,2.5032258064516126,75.8553274682307
18.99134748009965,68.42680652443693,-0.66143798828125,0.4656982421875,-0.1263427734375,0.57421875,2.3000000000000003,69.69696969696972,0.7225806451612903,21.896383186705766,2.5161290322580645,76.24633431085044
19.011399795068428,69.01534202503515,-0.66326904296875,0.4632568359375,-0.13037109375,0.57318115234375,2.306451612903226,69.89247311827957,0.7483870967741935,22.678396871945257,2.564516129032258,77.71260997067448
19.031489967019297,69.01534202503515,-0.66326904296875,0.4632568359375,-0.13037109375,0.57318115234375,2.270967741935484,68.81720430107528,0.7516129032258064,22.776148582600193,2.525806451612903,76.53958944281524
19.05152189801447,69.57780023934255,-0.66461181640625,0.46160888671875,-0.13470458984375,0.5718994140625,2.303225806451613,69.79472140762464,0.7903225806451613,23.949169110459433,2.4806451612903224,75.17106549364614
19.071574213099666,69.57780023934255,-0.66461181640625,0.46160888671875,-0.13470458984375,0.5718994140625,2.2580645161290325,68.42619745845553,0.7774193548387096,23.558162267839684,2.5032258064516126,75.8553274682307
19.091628672089428,69.57780023934255,-0.66461181640625,0.46160888671875,-0.13470458984375,0.5718994140625,2.2516129032258068,68.23069403714567,0.7709677419354838,23.36265884652981,2.5032258064516126,75.8553274682307
19.111704923096113,70.10892026018054,-0.66619873046875,0.4599609375,-0.13848876953125,0.5704345703125,2.264516129032258,68.6217008797654,0.7709677419354838,23.36265884652981,2.5129032258064514,76.1485826001955
19.131743446108885,70.10892026018054,-0.66619873046875,0.4599609375,-0.13848876953125,0.5704345703125,2.225806451612903,67.44868035190615,0.7548387096774193,22.87390029325513,2.5161290322580645,76.24633431085044
19.151803057058714,70.58570518520426,-0.667724609375,0.458251953125,-0.14178466796875,0.56927490234375,2.2419354838709675,67.93743890518084,0.764516129032258,23.16715542521994,2.5064516129032257,75.95307917888563
19.171863116091117,70.58570518520426,-0.667724609375,0.458251953125,-0.14178466796875,0.56927490234375,2.2548387096774194,68.32844574780059,0.7935483870967741,24.046920821114366,2.5032258064516126,75.8553274682307
19.191925000050105,70.58570518520426,-0.667724609375,0.458251953125,-0.14178466796875,0.56927490234375,2.2580645161290325,68.42619745845553,0.7838709677419354,23.753665689149557,2.551612903225806,77.32160312805473
19.21199718711432,71.01847326247466,-0.66900634765625,0.45660400390625,-0.144775390625,0.56829833984375,2.3193548387096774,70.28347996089931,0.7741935483870968,23.46041055718475,2.52258064516129,76.44183773216031
19.23203513410408,71.01847326247466,-0.66900634765625,0.45660400390625,-0.144775390625,0.56829833984375,2.270967741935484,68.81720430107528,0.7806451612903225,23.65591397849462,2.5161290322580645,76.24633431085044
19.252101145102642,71.45108571340415,-0.67022705078125,0.455078125,-0.14788818359375,0.56732177734375,2.261290322580645,68.52394916911047,0.7935483870967741,24.046920821114366,2.4741935483870967,74.97556207233626
19.272153844009154,71.45108571340415,-0.67022705078125,0.455078125,-0.14788818359375,0.56732177734375,2.2870967741935484,69.30596285434996,0.8741935483870967,26.49071358748778,2.496774193548387,75.65982404692082
19.29221079905983,71.45108571340415,-0.67022705078125,0.455078125,-0.14788818359375,0.56732177734375,2.270967741935484,68.81720430107528,0.8774193548387096,26.588465298142715,2.5129032258064514,76.1485826001955
19.312308107037097,71.81682268077381,-0.67108154296875,0.45379638671875,-0.150634765625,0.56658935546875,2.2903225806451615,69.40371456500489,0.9064516129032257,27.468230694037143,2.5709677419354837,77.90811339198436
19.332336005056277,71.81682268077381,-0.67108154296875,0.45379638671875,-0.150634765625,0.56658935546875,2.3322580645161293,70.67448680351907,0.8838709677419354,26.783968719452588,2.5387096774193547,76.93059628543499
19.352393185021356,72.28951716396736,-0.672119140625,0.4521484375,-0.15423583984375,0.565673828125,2.3129032258064517,70.08797653958945,0.7935483870967741,24.046920821114366,2.52258064516129,76.44183773216031
19.372476156102493,72.28951716396736,-0.672119140625,0.4521484375,-0.15423583984375,0.565673828125,2.3129032258064517,70.08797653958945,0.7741935483870968,23.46041055718475,2.5161290322580645,76.24633431085044
19.39254658401478,72.28951716396736,-0.672119140625,0.4521484375,-0.15423583984375,0.565673828125,2.2677419354838713,68.71945259042035,0.7387096774193548,22.385141739980448,2.4806451612903224,75.17106549364614
19.412586387014017,72.84971969944641,-0.67333984375,0.4503173828125,-0.1585693359375,0.56451416015625,2.306451612903226,69.89247311827957,0.7419354838709677,22.482893450635387,2.5419354838709673,77.02834799608992
19.432664814055897,72.84971969944641,-0.67333984375,0.4503173828125,-0.1585693359375,0.56451416015625,2.2677419354838713,68.71945259042035,0.7161290322580645,21.700879765395893,2.487096774193548,75.366568914956
19.452779595041648,73.51494606802146,-0.67498779296875,0.44805908203125,-0.16351318359375,0.56298828125,2.270967741935484,68.81720430107528,0.7258064516129032,21.994134897360706,2.5032258064516126,75.8553274682307
19.47282464604359,73.51494606802146,-0.67498779296875,0.44805908203125,-0.16351318359375,0.56298828125,2.270967741935484,68.81720430107528,0.732258064516129,22.189638318670575,2.561290322580645,77.61485826001955
19.492895457078703,73.51494606802146,-0.67498779296875,0.44805908203125,-0.16351318359375,0.56298828125,2.2806451612903227,69.11045943304008,0.6774193548387096,20.527859237536656,2.5096774193548383,76.05083088954055
19.51297257305123,74.23649265299132,-0.67694091796875,0.44537353515625,-0.1685791015625,0.56121826171875,2.24516129032258,68.03519061583576,0.6258064516129032,18.963831867057674,2.5096774193548383,76.05083088954055
19.533049913006835,74.23649265299132,-0.67694091796875,0.44537353515625,-0.1685791015625,0.56121826171875,2.2387096774193544,67.8396871945259,0.5580645161290322,16.911045943304007,2.4741935483870967,74.97556207233626
19.553099188022316,74.98571282894717,-0.678955078125,0.44244384765625,-0.173828125,0.55950927734375,2.2387096774193544,67.8396871945259,0.4387096774193548,13.294232649071358,2.525806451612903,76.53958944281524
19.573176175006665,74.98571282894717,-0.678955078125,0.44244384765625,-0.173828125,0.55950927734375,2.2677419354838713,68.71945259042035,0.4129032258064516,12.512218963831867,2.5032258064516126,75.8553274682307
19.593251403071918,74.98571282894717,-0.678955078125,0.44244384765625,-0.173828125,0.55950927734375,2.2419354838709675,67.93743890518084,0.4387096774193548,13.294232649071358,2.5064516129032257,75.95307917888563
19.613264293060638,75.82147970834461,-0.68084716796875,0.4395751953125,-0.1800537109375,0.5574951171875,2.2193548387096773,67.25317693059628,0.4225806451612903,12.805474095796676,2.4774193548387093,75.07331378299119
19.63334505702369,75.82147970834461,-0.68084716796875,0.4395751953125,-0.1800537109375,0.5574951171875,2.2290322580645157,67.54643206256108,0.39354838709677414,11.925708699902247,2.5129032258064514,76.1485826001955
19.653384571080096,76.66827331894966,-0.682861328125,0.4368896484375,-0.186279296875,0.5550537109375,2.22258064516129,67.35092864125122,0.3870967741935484,11.730205278592376,2.487096774193548,75.366568914956
19.673440246027894,76.66827331894966,-0.682861328125,0.4368896484375,-0.186279296875,0.5550537109375,2.235483870967742,67.74193548387096,0.37741935483870964,11.436950146627565,2.496774193548387,75.65982404692082
19.693496977095492,76.66827331894966,-0.682861328125,0.4368896484375,-0.186279296875,0.5550537109375,2.2322580645161287,67.64418377321603,0.36774193548387096,11.143695014662756,2.4774193548387093,75.07331378299119
19.7135798210511,77.38774239033707,-0.68463134765625,0.43487548828125,-0.19158935546875,0.55267333984375,2.2161290322580642,67.15542521994135,0.39677419354838706,12.023460410557183,2.490322580645161,75.46432062561095
19.73361453600228,77.38774239033707,-0.68463134765625,0.43487548828125,-0.19158935546875,0.55267333984375,2.2322580645161287,67.64418377321603,0.37419354838709673,11.339198435972628,2.5032258064516126,75.8553274682307
19.753692387021147,78.1863952010304,-0.68609619140625,0.43267822265625,-0.1978759765625,0.55035400390625,2.2322580645161287,67.64418377321603,0.3548387096774194,10.752688172043012,2.4774193548387093,75.07331378299119
19.773975621093996,78.1863952010304,-0.68609619140625,0.43267822265625,-0.1978759765625,0.55035400390625,2.2161290322580642,67.15542521994135,0.34193548387096767,10.361681329423263,2.5032258064516126,75.8553274682307
19.794048833078705,78.1863952010304,-0.68609619140625,0.43267822265625,-0.1978759765625,0.55035400390625,2.190322580645161,66.37341153470186,0.3387096774193548,10.263929618768328,2.4774193548387093,75.07331378299119
19.814097532071173,79.05395624524998,-0.6875,0.4302978515625,-0.204833984375,0.54791259765625,2.1870967741935483,66.27565982404691,0.27741935483870966,8.406647116324535,2.4741935483870967,74.97556207233626
19.83415611903183,79.05395624524998,-0.6875,0.4302978515625,-0.204833984375,0.54791259765625,2.1677419354838707,65.6891495601173,0.264516129032258,8.015640273704788,2.5064516129032257,75.95307917888563
19.854212594102137,79.81409738652577,-0.68878173828125,0.42779541015625,-0.21075439453125,0.5460205078125,2.170967741935484,65.78690127077223,0.2935483870967742,8.895405669599219,2.496774193548387,75.65982404692082
19.87426839710679,79.81409738652577,-0.68878173828125,0.42779541015625,-0.21075439453125,0.5460205078125,2.138709677419355,64.80938416422288,0.2870967741935484,8.699902248289346,2.5129032258064514,76.1485826001955
19.894329384085722,79.81409738652577,-0.68878173828125,0.42779541015625,-0.21075439453125,0.5460205078125,2.190322580645161,66.37341153470186,0.2935483870967742,8.895405669599219,2.4774193548387093,75.07331378299119
19.91441562003456,80.55844455877299,-0.68988037109375,0.42572021484375,-0.21673583984375,0.54388427734375,2.212903225806451,67.0576735092864,0.35806451612903223,10.850439882697946,2.5032258064516126,75.8553274682307
19.934463807032444,80.55844455877299,-0.68988037109375,0.42572021484375,-0.21673583984375,0.54388427734375,2.1838709677419352,66.17790811339198,0.3193548387096774,9.67741935483871,2.5032258064516126,75.8553274682307
19.954529146081768,81.29357463397098,-0.690673828125,0.42413330078125,-0.2230224609375,0.5416259765625,2.180645161290322,66.08015640273703,0.34838709677419355,10.557184750733137,2.558064516129032,77.5171065493646
19.974571061087772,81.29357463397098,-0.690673828125,0.42413330078125,-0.2230224609375,0.5416259765625,2.1967741935483867,66.56891495601171,0.34838709677419355,10.557184750733137,2.490322580645161,75.46432062561095
19.994627312058583,81.29357463397098,-0.690673828125,0.42413330078125,-0.2230224609375,0.5416259765625,2.190322580645161,66.37341153470186,0.37741935483870964,11.436950146627565,2.5032258064516126,75.8553274682307
20.014691882999614,81.96208948371657,-0.6917724609375,0.42279052734375,-0.2283935546875,0.5390625,2.2064516129032254,66.86217008797654,0.36774193548387096,11.143695014662756,2.5161290322580645,76.24633431085044
20.034751014085487,81.96208948371657,-0.6917724609375,0.42279052734375,-0.2283935546875,0.5390625,2.193548387096774,66.47116324535679,0.37419354838709673,11.339198435972628,2.558064516129032,77.5171065493646
20.05480742501095,82.45076620327994,-0.69268798828125,0.421875,-0.232177734375,0.53692626953125,2.1645161290322577,65.59139784946235,0.38064516129032255,11.534701857282501,2.532258064516129,76.73509286412512
20.074866333045065,82.45076620327994,-0.69268798828125,0.421875,-0.232177734375,0.53692626953125,2.2290322580645157,67.54643206256108,0.4258064516129032,12.903225806451612,2.496774193548387,75.65982404692082
20.09492437611334,82.45076620327994,-0.69268798828125,0.421875,-0.232177734375,0.53692626953125,2.2387096774193544,67.8396871945259,0.432258064516129,13.098729227761485,2.5032258064516126,75.8553274682307
20.115041045006365,82.8973781776892,-0.693115234375,0.4210205078125,-0.23602294921875,0.535400390625,2.1870967741935483,66.27565982404691,0.45161290322580644,13.685239491691107,2.5451612903225804,77.12609970674487
20.135107600013725,82.8973781776892,-0.693115234375,0.4210205078125,-0.23602294921875,0.535400390625,2.22258064516129,67.35092864125122,0.4838709677419355,14.66275659824047,2.4741935483870967,74.97556207233626
20.15517025103327,83.3011296822157,-0.69354248046875,0.42034912109375,-0.23944091796875,0.5338134765625,2.2322580645161287,67.64418377321603,0.5,15.151515151515152,2.5096774193548383,76.05083088954055
20.175245895050466,83.3011296822157,-0.69354248046875,0.42034912109375,-0.23944091796875,0.5338134765625,2.22258064516129,67.35092864125122,0.5032258064516129,15.249266862170089,2.52258064516129,76.44183773216031
20.19530240201857,83.3011296822157,-0.69354248046875,0.42034912109375,-0.23944091796875,0.5338134765625,2.235483870967742,67.74193548387096,0.5451612903225805,16.520039100684258,2.4774193548387093,75.07331378299119
20.215357149019837,83.45235406297411,-0.69366455078125,0.42034912109375,-0.2408447265625,0.5330810546875,2.264516129032258,68.6217008797654,0.5580645161290322,16.911045943304007,2.52258064516129,76.44183773216031
20.23545592906885,83.45235406297411,-0.69366455078125,0.42034912109375,-0.2408447265625,0.5330810546875,2.2516129032258068,68.23069403714567,0.6161290322580645,18.670576735092865,2.493548387096774,75.56207233626587
20.255509300041012,83.45017682139286,-0.6929931640625,0.42108154296875,-0.2415771484375,0.53302001953125,2.2387096774193544,67.8396871945259,0.6451612903225806,19.550342130987293,2.4774193548387093,75.07331378299119
20.275559919071384,83.45017682139286,-0.6929931640625,0.42108154296875,-0.2415771484375,0.53302001953125,2.2806451612903227,69.11045943304008,0.6806451612903225,20.625610948191593,2.5064516129032257,75.95307917888563
20.295636747032404,83.45017682139286,-0.6929931640625,0.42108154296875,-0.2415771484375,0.53302001953125,2.24516129032258,68.03519061583576,0.7129032258064516,21.603128054740957,2.4741935483870967,74.97556207233626
20.315714887110516,83.41377074634565,-0.69189453125,0.42169189453125,-0.2423095703125,0.5335693359375,2.2290322580645157,67.54643206256108,0.7225806451612903,21.896383186705766,2.5129032258064514,76.1485826001955
20.335903814062476,83.41377074634565,-0.69189453125,0.42169189453125,-0.2423095703125,0.5335693359375,2.2677419354838713,68.71945259042035,0.732258064516129,22.189638318670575,2.519354838709677,76.34408602150538
20.355958337080665,83.29883529107066,-0.69146728515625,0.42236328125,-0.24176025390625,0.533935546875,2.2580645161290325,68.42619745845553,0.7290322580645161,22.09188660801564,2.5064516129032257,75.95307917888563
20.376040285103954,83.29883529107066,-0.69146728515625,0.42236328125,-0.24176025390625,0.533935546875,2.2677419354838713,68.71945259042035,0.732258064516129,22.189638318670575,2.519354838709677,76.34408602150538
20.39615519309882,83.29883529107066,-0.69146728515625,0.42236328125,-0.24176025390625,0.533935546875,2.2483870967741932,68.1329423264907,0.7290322580645161,22.09188660801564,2.5129032258064514,76.1485826001955
20.4162244690815,83.15584679747826,-0.691162109375,0.42291259765625,-0.24072265625,0.5343017578125,2.2419354838709675,67.93743890518084,0.7451612903225806,22.58064516129032,2.5451612903225804,77.12609970674487
20.436285328003578,83.15584679747826,-0.691162109375,0.42291259765625,-0.24072265625,0.5343017578125,2.2677419354838713,68.71945259042035,0.7451612903225806,22.58064516129032,2.5096774193548383,76.05083088954055
20.456356044043787,83.0693315612216,-0.69091796875,0.42315673828125,-0.24017333984375,0.53472900390625,2.261290322580645,68.52394916911047,0.732258064516129,22.189638318670575,2.5032258064516126,75.8553274682307
20.476442152052186,83.0693315612216,-0.69091796875,0.42315673828125,-0.24017333984375,0.53472900390625,2.3129032258064517,70.08797653958945,0.7354838709677419,22.28739002932551,2.525806451612903,76.53958944281524
20.496538692037575,83.0693315612216,-0.69091796875,0.42315673828125,-0.24017333984375,0.53472900390625,2.2677419354838713,68.71945259042035,0.7612903225806451,23.069403714565002,2.5096774193548383,76.05083088954055
20.51664227200672,82.96809522904279,-0.69061279296875,0.42327880859375,-0.23944091796875,0.5352783203125,2.264516129032258,68.6217008797654,0.7290322580645161,22.09188660801564,2.4838709677419355,75.26881720430107
20.536704156082124,82.96809522904279,-0.69061279296875,0.42327880859375,-0.23944091796875,0.5352783203125,2.270967741935484,68.81720430107528,0.7225806451612903,21.896383186705766,2.525806451612903,76.53958944281524
20.556777527090162,82.92169261971836,-0.69073486328125,0.42327880859375,-0.2388916015625,0.535400390625,2.293548387096774,69.50146627565982,0.7096774193548387,21.505376344086024,2.525806451612903,76.53958944281524
20.57685656310059,82.92169261971836,-0.69073486328125,0.42327880859375,-0.2388916015625,0.535400390625,2.2903225806451615,69.40371456500489,0.7032258064516129,21.309872922776147,2.4741935483870967,74.97556207233626
20.596956783090718,82.92169261971836,-0.69073486328125,0.42327880859375,-0.2388916015625,0.535400390625,2.293548387096774,69.50146627565982,0.7032258064516129,21.309872922776147,2.5032258064516126,75.8553274682307
20.617026667110622,82.90818265173962,-0.69073486328125,0.42333984375,-0.23876953125,0.535400390625,2.3322580645161293,70.67448680351907,0.7,21.21212121212121,2.4741935483870967,74.97556207233626
20.637095174053684,82.90818265173962,-0.69073486328125,0.42333984375,-0.23876953125,0.535400390625,2.2903225806451615,69.40371456500489,0.7129032258064516,21.603128054740957,2.5032258064516126,75.8553274682307
20.65714899310842,82.87193271507635,-0.690673828125,0.423583984375,-0.238525390625,0.535400390625,2.274193548387097,68.91495601173021,0.7129032258064516,21.603128054740957,2.493548387096774,75.56207233626587
20.677291615051217,82.87193271507635,-0.690673828125,0.423583984375,-0.238525390625,0.535400390625,2.293548387096774,69.50146627565982,0.7129032258064516,21.603128054740957,2.4838709677419355,75.26881720430107
20.697307161055505,82.87193271507635,-0.690673828125,0.423583984375,-0.238525390625,0.535400390625,2.274193548387097,68.91495601173021,0.7129032258064516,21.603128054740957,2.5,75.75757575757575
20.717679037014022,83.19480519026682,-0.69122314453125,0.42193603515625,-0.2408447265625,0.53497314453125,2.3451612903225807,71.0654936461388,0.7064516129032258,21.407624633431084,2.5064516129032257,75.95307917888563
20.73752952204086,83.19480519026682,-0.69122314453125,0.42193603515625,-0.2408447265625,0.53497314453125,2.3193548387096774,70.28347996089931,0.7064516129032258,21.407624633431084,2.5129032258064514,76.1485826001955
20.757586157065816,83.44956279200261,-0.69134521484375,0.42059326171875,-0.242919921875,0.534912109375,2.296774193548387,69.59921798631477,0.7161290322580645,21.700879765395893,2.4838709677419355,75.26881720430107
20.77767412108369,83.44956279200261,-0.69134521484375,0.42059326171875,-0.242919921875,0.534912109375,2.2903225806451615,69.40371456500489,0.6935483870967742,21.016617790811342,2.5129032258064514,76.1485826001955
20.797741157002747,83.44956279200261,-0.69134521484375,0.42059326171875,-0.242919921875,0.534912109375,2.296774193548387,69.59921798631477,0.7129032258064516,21.603128054740957,2.4774193548387093,75.07331378299119
20.819014149019495,83.5911757462134,-0.69146728515625,0.4200439453125,-0.24407958984375,0.53466796875,2.2870967741935484,69.30596285434996,0.6967741935483871,21.114369501466275,2.525806451612903,76.53958944281524
20.837951518013142,83.5911757462134,-0.69146728515625,0.4200439453125,-0.24407958984375,0.53466796875,2.2806451612903227,69.11045943304008,0.7064516129032258,21.407624633431084,2.5161290322580645,76.24633431085044
20.85806402703747,83.61612764634569,-0.69134521484375,0.42010498046875,-0.24444580078125,0.53460693359375,2.2677419354838713,68.71945259042035,0.7096774193548387,21.505376344086024,2.4741935483870967,74.97556207233626
20.878163223038428,83.61612764634569,-0.69134521484375,0.42010498046875,-0.24444580078125,0.53460693359375,2.2806451612903227,69.11045943304008,0.7129032258064516,21.603128054740957,2.5096774193548383,76.05083088954055
20.89820984203834,83.61612764634569,-0.69134521484375,0.42010498046875,-0.24444580078125,0.53460693359375,2.270967741935484,68.81720430107528,0.7032258064516129,21.309872922776147,2.5129032258064514,76.1485826001955
20.9191187270917,83.65868873764238,-0.69110107421875,0.4200439453125,-0.24505615234375,0.53466796875,2.3161290322580648,70.1857282502444,0.7,21.21212121212121,2.5129032258064514,76.1485826001955
20.93837821809575,83.65868873764238,-0.69110107421875,0.4200439453125,-0.24505615234375,0.53466796875,2.2870967741935484,69.30596285434996,0.7032258064516129,21.309872922776147,2.5709677419354837,77.90811339198436
20.958452709019184,83.68909705897795,-0.6910400390625,0.4200439453125,-0.24542236328125,0.53460693359375,2.303225806451613,69.79472140762464,0.6903225806451613,20.918866080156402,2.4741935483870967,74.97556207233626
20.978533537010662,83.68909705897795,-0.6910400390625,0.4200439453125,-0.24542236328125,0.53460693359375,2.2838709677419358,69.20821114369502,0.6806451612903225,20.625610948191593,2.4741935483870967,74.97556207233626
20.998583164066076,83.68909705897795,-0.6910400390625,0.4200439453125,-0.24542236328125,0.53460693359375,2.3129032258064517,70.08797653958945,0.6774193548387096,20.527859237536656,2.525806451612903,76.53958944281524
21.01868712902069,83.70989338287315,-0.6910400390625,0.420166015625,-0.24566650390625,0.534423828125,2.2838709677419358,69.20821114369502,0.6967741935483871,21.114369501466275,2.525806451612903,76.53958944281524
21.03880898200441,83.70989338287315,-0.6910400390625,0.420166015625,-0.24566650390625,0.534423828125,2.2838709677419358,69.20821114369502,0.6870967741935483,20.821114369501466,2.52258064516129,76.44183773216031
21.058835920062847,83.71645739598623,-0.69091796875,0.4202880859375,-0.245849609375,0.53436279296875,2.2677419354838713,68.71945259042035,0.6838709677419353,20.723362658846526,2.525806451612903,76.53958944281524
21.078916076105088,83.71645739598623,-0.69091796875,0.4202880859375,-0.245849609375,0.53436279296875,2.306451612903226,69.89247311827957,0.7451612903225806,22.58064516129032,2.5161290322580645,76.24633431085044
21.098989447113127,83.71645739598623,-0.69091796875,0.4202880859375,-0.245849609375,0.53436279296875,2.296774193548387,69.59921798631477,0.7419354838709677,22.482893450635387,2.5741935483870964,78.00586510263928
21.119125349097885,83.72297666230406,-0.69091796875,0.4205322265625,-0.2459716796875,0.53411865234375,2.3322580645161293,70.67448680351907,0.732258064516129,22.189638318670575,2.5129032258064514,76.1485826001955
21.13917817606125,83.72297666230406,-0.69091796875,0.4205322265625,-0.2459716796875,0.53411865234375,2.303225806451613,69.79472140762464,0.7709677419354838,23.36265884652981,2.487096774193548,75.366568914956
21.159250811091624,83.77661107294193,-0.691162109375,0.4207763671875,-0.246337890625,0.533447265625,2.3193548387096774,70.28347996089931,0.7290322580645161,22.09188660801564,2.5387096774193547,76.93059628543499
21.179333687061444,83.77661107294193,-0.691162109375,0.4207763671875,-0.246337890625,0.533447265625,2.3129032258064517,70.08797653958945,0.7,21.21212121212121,2.5129032258064514,76.1485826001955
21.199422611040063,83.77661107294193,-0.691162109375,0.4207763671875,-0.246337890625,0.533447265625,2.338709677419355,70.86999022482894,0.6967741935483871,21.114369501466275,2.5451612903225804,77.12609970674487
21.219536400050856,83.84066166839513,-0.69122314453125,0.42071533203125,-0.24688720703125,0.53314208984375,2.3096774193548386,69.99022482893452,0.7193548387096774,21.79863147605083,2.4741935483870967,74.97556207233626
21.239599883090705,83.84066166839513,-0.69122314453125,0.42071533203125,-0.24688720703125,0.53314208984375,2.3096774193548386,69.99022482893452,0.7064516129032258,21.407624633431084,2.529032258064516,76.63734115347019
21.259635270107538,83.90283487255,-0.69122314453125,0.42095947265625,-0.24755859375,0.53265380859375,2.3096774193548386,69.99022482893452,0.7032258064516129,21.309872922776147,2.5161290322580645,76.24633431085044
21.279723170096986,83.90283487255,-0.69122314453125,0.42095947265625,-0.24755859375,0.53265380859375,2.3000000000000003,69.69696969696972,0.6967741935483871,21.114369501466275,2.4741935483870967,74.97556207233626
21.299774237093516,83.90283487255,-0.69122314453125,0.42095947265625,-0.24755859375,0.53265380859375,2.3161290322580648,70.1857282502444,0.6935483870967742,21.016617790811342,2.4838709677419355,75.26881720430107
21.3198943301104,84.02266453205971,-0.69134521484375,0.4210205078125,-0.2486572265625,0.531982421875,2.296774193548387,69.59921798631477,0.7064516129032258,21.407624633431084,2.5161290322580645,76.24633431085044
21.33994654903654,84.02266453205971,-0.69134521484375,0.4210205078125,-0.2486572265625,0.531982421875,2.3193548387096774,70.28347996089931,0.6935483870967742,21.016617790811342,2.5161290322580645,76.24633431085044
21.36000273609534,84.19385618182784,-0.69171142578125,0.42083740234375,-0.24993896484375,0.531005859375,2.303225806451613,69.79472140762464,0.7096774193548387,21.505376344086024,2.5483870967741935,77.2238514173998
21.38012049300596,84.19385618182784,-0.69171142578125,0.42083740234375,-0.24993896484375,0.531005859375,2.3161290322580648,70.1857282502444,0.6967741935483871,21.114369501466275,2.532258064516129,76.73509286412512
21.40015421505086,84.19385618182784,-0.69171142578125,0.42083740234375,-0.24993896484375,0.531005859375,2.303225806451613,69.79472140762464,0.7161290322580645,21.700879765395893,2.5,75.75757575757575
21.420261284103617,84.38286773931402,-0.692138671875,0.42047119140625,-0.25128173828125,0.530029296875,2.3000000000000003,69.69696969696972,0.7193548387096774,21.79863147605083,2.519354838709677,76.34408602150538
21.44032195105683,84.38286773931402,-0.692138671875,0.42047119140625,-0.25128173828125,0.530029296875,2.3000000000000003,69.69696969696972,0.7290322580645161,22.09188660801564,2.5129032258064514,76.1485826001955
21.460419323062524,84.8302616033152,-0.6925048828125,0.41949462890625,-0.255126953125,0.528564453125,2.3161290322580648,70.1857282502444,0.7161290322580645,21.700879765395893,2.5,75.75757575757575
21.480465814005584,84.8302616033152,-0.6925048828125,0.41949462890625,-0.255126953125,0.528564453125,2.270967741935484,68.81720430107528,0.7032258064516129,21.309872922776147,2.525806451612903,76.53958944281524
21.50056430604309,84.8302616033152,-0.6925048828125,0.41949462890625,-0.255126953125,0.528564453125,2.2387096774193544,67.8396871945259,0.6967741935483871,21.114369501466275,2.5419354838709673,77.02834799608992
21.520692912046798,85.39945927564719,-0.69329833984375,0.41827392578125,-0.2596435546875,0.5262451171875,2.2193548387096773,67.25317693059628,0.7129032258064516,21.603128054740957,2.4838709677419355,75.26881720430107
21.540727082057856,85.39945927564719,-0.69329833984375,0.41827392578125,-0.2596435546875,0.5262451171875,2.2419354838709675,67.93743890518084,0.7225806451612903,21.896383186705766,2.519354838709677,76.34408602150538
21.560794950113632,85.94865518598051,-0.695068359375,0.4166259765625,-0.26300048828125,0.5235595703125,2.2290322580645157,67.54643206256108,0.7225806451612903,21.896383186705766,2.525806451612903,76.53958944281524
21.58087766508106,85.94865518598051,-0.695068359375,0.4166259765625,-0.26300048828125,0.5235595703125,2.1870967741935483,66.27565982404691,0.7354838709677419,22.28739002932551,2.487096774193548,75.366568914956
21.600963613018394,85.94865518598051,-0.695068359375,0.4166259765625,-0.26300048828125,0.5235595703125,2.1774193548387095,65.98240469208211,0.7225806451612903,21.896383186705766,2.519354838709677,76.34408602150538
21.62104655301664,86.4697691739328,-0.6964111328125,0.41510009765625,-0.2664794921875,0.521240234375,2.087096774193548,63.24535679374389,0.7290322580645161,22.09188660801564,2.525806451612903,76.53958944281524
21.641124629066326,86.4697691739328,-0.6964111328125,0.41510009765625,-0.2664794921875,0.521240234375,2.138709677419355,64.80938416422288,0.6580645161290322,19.941348973607038,2.525806451612903,76.53958944281524
21.66123496205546,87.03889852774675,-0.69720458984375,0.4136962890625,-0.27093505859375,0.51904296875,2.087096774193548,63.24535679374389,0.664516129032258,20.13685239491691,2.519354838709677,76.34408602150538
21.681300109019503,87.03889852774675,-0.69720458984375,0.4136962890625,-0.27093505859375,0.51904296875,2.064516129032258,62.56109481915934,0.6677419354838708,20.234604105571844,2.5,75.75757575757575
21.70135572005529,87.03889852774675,-0.69720458984375,0.4136962890625,-0.27093505859375,0.51904296875,2.1096774193548384,63.929618768328446,0.6161290322580645,18.670576735092865,2.52258064516129,76.44183773216031
21.721462533110753,87.5714821691988,-0.697998046875,0.4122314453125,-0.27496337890625,0.5169677734375,2.0806451612903225,63.049853372434015,0.6387096774193548,19.35483870967742,2.5129032258064514,76.1485826001955
21.741514208028093,87.5714821691988,-0.697998046875,0.4122314453125,-0.27496337890625,0.5169677734375,2.1096774193548384,63.929618768328446,0.6258064516129032,18.963831867057674,2.5161290322580645,76.24633431085044
21.761594684096053,88.03577495114529,-0.6990966796875,0.41107177734375,-0.27813720703125,0.51470947265625,2.0999999999999996,63.636363636363626,0.6193548387096773,18.768328445747798,2.5064516129032257,75.95307917888563
21.78167704702355,88.03577495114529,-0.6990966796875,0.41107177734375,-0.27813720703125,0.51470947265625,2.0999999999999996,63.636363636363626,0.6870967741935483,20.821114369501466,2.5032258064516126,75.8553274682307
21.801757267094217,88.03577495114529,-0.6990966796875,0.41107177734375,-0.27813720703125,0.51470947265625,2.129032258064516,64.51612903225806,0.7064516129032258,21.407624633431084,2.4741935483870967,74.97556207233626
21.821953075006604,88.42165017087783,-0.6998291015625,0.41015625,-0.28094482421875,0.512939453125,2.1096774193548384,63.929618768328446,0.632258064516129,19.159335288367547,2.4741935483870967,74.97556207233626
21.84201409399975,88.42165017087783,-0.6998291015625,0.41015625,-0.28094482421875,0.512939453125,2.051612903225806,62.17008797653958,0.6354838709677418,19.25708699902248,2.490322580645161,75.46432062561095
21.862137515097857,88.908908665733,-0.70074462890625,0.40887451171875,-0.284423828125,0.5107421875,1.9774193548387096,59.92179863147605,0.6096774193548387,18.475073313782993,2.5096774193548383,76.05083088954055
21.88224019901827,88.908908665733,-0.70074462890625,0.40887451171875,-0.284423828125,0.5107421875,2.0032258064516126,60.703812316715535,0.5838709677419355,17.6930596285435,2.496774193548387,75.65982404692082
21.902236033114605,88.908908665733,-0.70074462890625,0.40887451171875,-0.284423828125,0.5107421875,2.0354838709677416,61.6813294232649,0.5645161290322581,17.106549364613883,2.5129032258064514,76.1485826001955
21.922335613053292,89.54549737052578,-0.7025146484375,0.4073486328125,-0.2884521484375,0.5072021484375,2.02258064516129,61.29032258064516,0.5193548387096774,15.73802541544477,2.493548387096774,75.56207233626587
21.942389752017334,89.54549737052578,-0.7025146484375,0.4073486328125,-0.2884521484375,0.5072021484375,1.9806451612903224,60.01955034213099,0.5064516129032258,15.347018572825025,2.496774193548387,75.65982404692082
21.962436915026046,90.03684801933865,-0.7039794921875,0.406494140625,-0.29156494140625,0.504150390625,2.061290322580645,62.4633431085044,0.561290322580645,17.00879765395894,2.496774193548387,75.65982404692082
21.982526927022263,90.03684801933865,-0.7039794921875,0.406494140625,-0.29156494140625,0.504150390625,2.061290322580645,62.4633431085044,0.5451612903225805,16.520039100684258,2.490322580645161,75.46432062561095
22.002596490085125,90.03684801933865,-0.7039794921875,0.406494140625,-0.29156494140625,0.504150390625,2.0999999999999996,63.636363636363626,0.567741935483871,17.20430107526882,2.4741935483870967,74.97556207233626
22.02271389507223,90.5068057915004,-0.705078125,0.40521240234375,-0.294677734375,0.5018310546875,2.083870967741935,63.14760508308894,0.6,18.181818181818183,2.4838709677419355,75.26881720430107
22.042778531089425,90.5068057915004,-0.705078125,0.40521240234375,-0.294677734375,0.5018310546875,2.138709677419355,64.80938416422288,0.6225806451612903,18.866080156402738,2.4774193548387093,75.07331378299119
22.062858270015568,90.73569903797235,-0.70526123046875,0.40460205078125,-0.2965087890625,0.5009765625,2.1354838709677417,64.71163245356793,0.6548387096774193,19.843597262952102,2.490322580645161,75.46432062561095
22.082935194019228,90.73569903797235,-0.70526123046875,0.40460205078125,-0.2965087890625,0.5009765625,2.125806451612903,64.41837732160313,0.6709677419354838,20.332355816226784,2.4741935483870967,74.97556207233626
22.103050519013777,90.73569903797235,-0.70526123046875,0.40460205078125,-0.2965087890625,0.5009765625,2.1677419354838707,65.6891495601173,0.7419354838709677,22.482893450635387,2.4774193548387093,75.07331378299119
22.123130546999164,90.6716039748565,-0.70458984375,0.40557861328125,-0.29669189453125,0.5009765625,2.1741935483870964,65.88465298142717,0.7354838709677419,22.28739002932551,2.490322580645161,75.46432062561095
22.143247888074256,90.6716039748565,-0.70458984375,0.40557861328125,-0.29669189453125,0.5009765625,2.1354838709677417,64.71163245356793,0.7999999999999999,24.242424242424242,2.5064516129032257,75.95307917888563
22.16331930703018,90.44650978040514,-0.702880859375,0.40728759765625,-0.2965087890625,0.50213623046875,2.158064516129032,65.39589442815249,0.8161290322580645,24.731182795698928,2.5032258064516126,75.8553274682307
22.18338029505685,90.44650978040514,-0.702880859375,0.40728759765625,-0.2965087890625,0.50213623046875,2.1645161290322577,65.59139784946235,0.8548387096774194,25.90420332355816,2.4774193548387093,75.07331378299119
22.203463362064213,90.44650978040514,-0.702880859375,0.40728759765625,-0.2965087890625,0.50213623046875,2.148387096774193,65.10263929618768,0.8225806451612904,24.9266862170088,2.5,75.75757575757575
22.223520830040798,90.14687868321776,-0.700927734375,0.40863037109375,-0.2957763671875,0.50421142578125,2.158064516129032,65.39589442815249,0.832258064516129,25.219941348973606,2.5,75.75757575757575
22.243602073052898,90.14687868321776,-0.700927734375,0.40863037109375,-0.2957763671875,0.50421142578125,2.1193548387096772,64.22287390029325,0.7419354838709677,22.482893450635387,2.493548387096774,75.56207233626587
22.26367397303693,89.81941120688909,-0.70001220703125,0.41033935546875,-0.29388427734375,0.50518798828125,2.203225806451613,66.7644183773216,0.7290322580645161,22.09188660801564,2.5,75.75757575757575
22.283751793089323,89.81941120688909,-0.70001220703125,0.41033935546875,-0.29388427734375,0.50518798828125,2.1774193548387095,65.98240469208211,0.7419354838709677,22.482893450635387,2.490322580645161,75.46432062561095
22.30386260501109,89.81941120688909,-0.70001220703125,0.41033935546875,-0.29388427734375,0.50518798828125,2.203225806451613,66.7644183773216,0.8225806451612904,24.9266862170088,2.496774193548387,75.65982404692082
22.32394858507905,89.26017262420935,-0.69854736328125,0.41339111328125,-0.29058837890625,0.50665283203125,2.193548387096774,66.47116324535679,0.8741935483870967,26.49071358748778,2.519354838709677,76.34408602150538
22.343991972040385,89.26017262420935,-0.69854736328125,0.41339111328125,-0.29058837890625,0.50665283203125,2.203225806451613,66.7644183773216,0.9774193548387097,29.61876832844575,2.525806451612903,76.53958944281524
22.36407264007721,88.32836007022712,-0.6954345703125,0.41839599609375,-0.28564453125,0.5096435546875,2.212903225806451,67.0576735092864,0.9838709677419355,29.814271749755623,2.5032258064516126,75.8553274682307
22.3841545881005,88.32836007022712,-0.6954345703125,0.41839599609375,-0.28564453125,0.5096435546875,2.225806451612903,67.44868035190615,0.964516129032258,29.227761485826004,2.525806451612903,76.53958944281524
22.404231352033094,88.32836007022712,-0.6954345703125,0.41839599609375,-0.28564453125,0.5096435546875,2.203225806451613,66.7644183773216,1.096774193548387,33.235581622678396,2.5032258064516126,75.8553274682307
22.424289426999167,86.93243889495224,-0.6904296875,0.4251708984375,-0.2783203125,0.514892578125,2.2677419354838713,68.71945259042035,1.2225806451612904,37.047898338220925,2.5064516129032257,75.95307917888563
22.444405648042448,86.93243889495224,-0.6904296875,0.4251708984375,-0.2783203125,0.514892578125,2.2387096774193544,67.8396871945259,1.5451612903225804,46.82306940371456,2.5032258064516126,75.8553274682307
22.464475883054547,84.7286542691599,-0.68353271484375,0.434814453125,-0.265380859375,0.5228271484375,2.2483870967741932,68.1329423264907,1.590322580645161,48.19159335288367,2.4806451612903224,75.17106549364614
22.484590024105273,84.7286542691599,-0.68353271484375,0.434814453125,-0.265380859375,0.5228271484375,2.2516129032258068,68.23069403714567,1.6096774193548384,48.77810361681329,2.5129032258064514,76.1485826001955
22.50470522104297,84.7286542691599,-0.68353271484375,0.434814453125,-0.265380859375,0.5228271484375,2.2483870967741932,68.1329423264907,1.6580645161290322,50.24437927663734,2.529032258064516,76.63734115347019
22.52477193600498,82.42158774637166,-0.67547607421875,0.44573974609375,-0.25238037109375,0.5303955078125,2.2774193548387096,69.01270772238514,1.6870967741935483,51.12414467253177,2.532258064516129,76.73509286412512
22.544819227070548,82.42158774637166,-0.67547607421875,0.44573974609375,-0.25238037109375,0.5303955078125,2.270967741935484,68.81720430107528,1.6774193548387097,50.83088954056696,2.487096774193548,75.366568914956
22.564888503053226,80.17615157504338,-0.66766357421875,0.4564208984375,-0.23944091796875,0.53717041015625,2.306451612903226,69.89247311827957,1.6612903225806452,50.34213098729228,2.529032258064516,76.63734115347019
22.584990067058243,80.17615157504338,-0.66766357421875,0.4564208984375,-0.23944091796875,0.53717041015625,2.296774193548387,69.59921798631477,1.7,51.515151515151516,2.5032258064516126,75.8553274682307
22.6050557900453,80.17615157504338,-0.66766357421875,0.4564208984375,-0.23944091796875,0.53717041015625,2.2774193548387096,69.01270772238514,1.6806451612903226,50.9286412512219,2.532258064516129,76.73509286412512
22.6251067930134,77.9232949102818,-0.661376953125,0.4666748046875,-0.224609375,0.54248046875,2.296774193548387,69.59921798631477,1.7032258064516128,51.61290322580645,2.525806451612903,76.53958944281524
22.64522880606819,77.9232949102818,-0.661376953125,0.4666748046875,-0.224609375,0.54248046875,2.3193548387096774,70.28347996089931,1.7032258064516128,51.61290322580645,2.5451612903225804,77.12609970674487
22.665355012053624,75.86578669216993,-0.6552734375,0.47564697265625,-0.21112060546875,0.54754638671875,2.335483870967742,70.772238514174,1.7129032258064516,51.90615835777126,2.52258064516129,76.44183773216031
22.685456544044428,75.86578669216993,-0.6552734375,0.47564697265625,-0.21112060546875,0.54754638671875,2.3322580645161293,70.67448680351907,1.7032258064516128,51.61290322580645,2.551612903225806,77.32160312805473
22.705481274053454,75.86578669216993,-0.6552734375,0.47564697265625,-0.21112060546875,0.54754638671875,2.3225806451612905,70.38123167155426,1.7032258064516128,51.61290322580645,2.525806451612903,76.53958944281524
22.725554486038163,74.11449218810328,-0.649658203125,0.48309326171875,-0.19976806640625,0.55194091796875,2.3548387096774195,71.35874877810362,1.7258064516129032,52.29716520039101,2.525806451612903,76.53958944281524
22.745605553034693,74.11449218810328,-0.649658203125,0.48309326171875,-0.19976806640625,0.55194091796875,2.3451612903225807,71.0654936461388,1.7451612903225806,52.883675464320625,2.487096774193548,75.366568914956
22.765659532044083,72.55179160675928,-0.644287109375,0.48968505859375,-0.1898193359375,0.555908203125,2.3193548387096774,70.28347996089931,1.7096774193548387,51.80840664711632,2.5,75.75757575757575
22.78578413708601,72.55179160675928,-0.644287109375,0.48968505859375,-0.1898193359375,0.555908203125,2.370967741935484,71.8475073313783,1.7129032258064516,51.90615835777126,2.532258064516129,76.73509286412512
22.80583878804464,72.55179160675928,-0.644287109375,0.48968505859375,-0.1898193359375,0.555908203125,2.3645161290322583,71.65200391006844,1.7129032258064516,51.90615835777126,2.5387096774193547,76.93059628543499
22.82588963105809,71.17740316970765,-0.64007568359375,0.4957275390625,-0.1805419921875,0.55853271484375,2.3451612903225807,71.0654936461388,1.7096774193548387,51.80840664711632,2.5387096774193547,76.93059628543499
22.84597666701302,71.17740316970765,-0.64007568359375,0.4957275390625,-0.1805419921875,0.55853271484375,2.361290322580645,71.5542521994135,1.7774193548387096,53.86119257086999,2.529032258064516,76.63734115347019
22.866076855105348,69.95763352793944,-0.63665771484375,0.5008544921875,-0.171875,0.56060791015625,2.338709677419355,70.86999022482894,1.7451612903225806,52.883675464320625,2.5064516129032257,75.95307917888563
22.886130386032164,69.95763352793944,-0.63665771484375,0.5008544921875,-0.171875,0.56060791015625,2.3193548387096774,70.28347996089931,1.7483870967741935,52.98142717497556,2.564516129032258,77.71260997067448
22.906214702059515,69.95763352793944,-0.63665771484375,0.5008544921875,-0.171875,0.56060791015625,2.358064516129032,71.45650048875855,1.7354838709677418,52.59042033235581,2.529032258064516,76.63734115347019
22.926310795010068,68.91734329424902,-0.6334228515625,0.505126953125,-0.1646728515625,0.56256103515625,2.361290322580645,71.5542521994135,1.7258064516129032,52.29716520039101,2.5419354838709673,77.02834799608992
22.946392006007954,68.91734329424902,-0.6334228515625,0.505126953125,-0.1646728515625,0.56256103515625,2.3548387096774195,71.35874877810362,1.764516129032258,53.47018572825024,2.5064516129032257,75.95307917888563
22.96637379110325,67.95396458444833,-0.6300048828125,0.50921630859375,-0.15838623046875,0.56451416015625,2.3193548387096774,70.28347996089931,1.7548387096774192,53.17693059628543,2.52258064516129,76.44183773216031
22.986469499999657,67.95396458444833,-0.6300048828125,0.50921630859375,-0.15838623046875,0.56451416015625,2.370967741935484,71.8475073313783,1.7387096774193547,52.68817204301075,2.564516129032258,77.71260997067448
23.0065332390368,67.95396458444833,-0.6300048828125,0.50921630859375,-0.15838623046875,0.56451416015625,2.3548387096774195,71.35874877810362,1.764516129032258,53.47018572825024,2.5419354838709673,77.02834799608992
23.026581778074615,67.05775379736444,-0.6270751953125,0.5125732421875,-0.1522216796875,0.56646728515625,2.3451612903225807,71.0654936461388,1.7451612903225806,52.883675464320625,2.5354838709677416,76.83284457478005
23.046689006034285,67.05775379736444,-0.6270751953125,0.5125732421875,-0.1522216796875,0.56646728515625,2.361290322580645,71.5542521994135,1.7387096774193547,52.68817204301075,2.5419354838709673,77.02834799608992
23.066733353072777,66.25077450906718,-0.62469482421875,0.51544189453125,-0.1463623046875,0.56805419921875,2.3806451612903228,72.14076246334312,1.764516129032258,53.47018572825024,2.551612903225806,77.32160312805473
23.086799973039888,66.25077450906718,-0.62469482421875,0.51544189453125,-0.1463623046875,0.56805419921875,2.3870967741935485,72.33626588465299,1.7677419354838708,53.567937438905176,2.5,75.75757575757575
23.10687068803236,66.25077450906718,-0.62469482421875,0.51544189453125,-0.1463623046875,0.56805419921875,2.370967741935484,71.8475073313783,1.7548387096774192,53.17693059628543,2.5354838709677416,76.83284457478005
23.126944860094227,65.47694212852211,-0.62213134765625,0.51806640625,-0.14093017578125,0.56982421875,2.3870967741935485,72.33626588465299,1.7516129032258063,53.0791788856305,2.4741935483870967,74.97556207233626
23.14699666306842,65.47694212852211,-0.62213134765625,0.51806640625,-0.14093017578125,0.56982421875,2.390322580645161,72.43401759530792,1.7903225806451613,54.25219941348974,2.551612903225806,77.32160312805473
23.1673313541105,64.79531606320506,-0.61962890625,0.52032470703125,-0.1363525390625,0.57159423828125,2.403225806451613,72.82502443792767,1.7999999999999998,54.54545454545454,2.564516129032258,77.71260997067448
23.187149358098395,64.79531606320506,-0.61962890625,0.52032470703125,-0.1363525390625,0.57159423828125,2.3967741935483873,72.6295210166178,1.829032258064516,55.42521994134897,2.5354838709677416,76.83284457478005
23.207226698054,64.79531606320506,-0.61962890625,0.52032470703125,-0.1363525390625,0.57159423828125,2.4193548387096775,73.31378299120234,1.8161290322580643,55.034213098729225,2.5129032258064514,76.1485826001955
23.22729158902075,64.10888973999967,-0.61737060546875,0.5224609375,-0.1314697265625,0.5732421875,2.3967741935483873,72.6295210166178,1.796774193548387,54.44770283479961,2.5387096774193547,76.93059628543499
23.24736083310563,64.10888973999967,-0.61737060546875,0.5224609375,-0.1314697265625,0.5732421875,2.412903225806452,73.11827956989248,1.8129032258064515,54.936461388074285,2.551612903225806,77.32160312805473
23.26748063811101,63.45453815689616,-0.6153564453125,0.52447509765625,-0.12664794921875,0.57464599609375,2.435483870967742,73.80254154447702,1.7709677419354837,53.665689149560116,2.5129032258064514,76.1485826001955
23.287510360009037,63.45453815689616,-0.6153564453125,0.52447509765625,-0.12664794921875,0.57464599609375,2.4,72.72727272727273,1.8032258064516127,54.64320625610948,2.5419354838709673,77.02834799608992
23.307594900019467,63.45453815689616,-0.6153564453125,0.52447509765625,-0.12664794921875,0.57464599609375,2.370967741935484,71.8475073313783,1.7774193548387096,53.86119257086999,2.561290322580645,77.61485826001955
23.32767876808066,62.83379110230647,-0.61322021484375,0.52655029296875,-0.12225341796875,0.575927734375,2.4096774193548387,73.02052785923753,1.793548387096774,54.34995112414467,2.554838709677419,77.41935483870968
23.347705418011174,62.83379110230647,-0.61322021484375,0.52655029296875,-0.12225341796875,0.575927734375,2.3967741935483873,72.6295210166178,1.7903225806451613,54.25219941348974,2.5419354838709673,77.02834799608992
23.367907914100215,62.19330450271261,-0.61114501953125,0.528564453125,-0.11761474609375,0.5772705078125,2.4064516129032256,72.9227761485826,1.7999999999999998,54.54545454545454,2.5451612903225804,77.12609970674487
23.387920099077746,62.19330450271261,-0.61114501953125,0.528564453125,-0.11761474609375,0.5772705078125,2.358064516129032,71.45650048875855,1.8129032258064515,54.936461388074285,2.525806451612903,76.53958944281524
23.407978462055326,62.19330450271261,-0.61114501953125,0.528564453125,-0.11761474609375,0.5772705078125,2.412903225806452,73.11827956989248,1.8354838709677417,55.62072336265884,2.529032258064516,76.63734115347019
23.42805439408403,61.5747611657881,-0.60931396484375,0.53070068359375,-0.11297607421875,0.57818603515625,2.4483870967741934,74.19354838709677,1.8064516129032258,54.74095796676443,2.564516129032258,77.71260997067448
23.448131286073476,61.5747611657881,-0.60931396484375,0.53070068359375,-0.11297607421875,0.57818603515625,2.4193548387096775,73.31378299120234,1.8032258064516127,54.64320625610948,2.5387096774193547,76.93059628543499
23.46824005106464,61.188352531932566,-0.60791015625,0.5321044921875,-0.11029052734375,0.578857421875,2.4,72.72727272727273,1.8354838709677417,55.62072336265884,2.5451612903225804,77.12609970674487
23.488324527046643,61.188352531932566,-0.60791015625,0.5321044921875,-0.11029052734375,0.578857421875,2.4,72.72727272727273,1.8193548387096772,55.13196480938416,2.551612903225806,77.32160312805473
23.508401770028286,61.188352531932566,-0.60791015625,0.5321044921875,-0.11029052734375,0.578857421875,2.4064516129032256,72.9227761485826,1.8354838709677417,55.62072336265884,2.529032258064516,76.63734115347019
23.528490950004198,60.97561091578277,-0.60736083984375,0.53314208984375,-0.10870361328125,0.578857421875,2.4,72.72727272727273,1.8419354838709676,55.816226783968716,2.551612903225806,77.32160312805473
23.548546177102253,60.97561091578277,-0.60736083984375,0.53314208984375,-0.10870361328125,0.578857421875,2.4096774193548387,73.02052785923753,1.8225806451612903,55.229716520039105,2.5709677419354837,77.90811339198436
23.568638110067695,60.56740228337903,-0.60614013671875,0.53509521484375,-0.105712890625,0.57891845703125,2.412903225806452,73.11827956989248,1.8032258064516127,54.64320625610948,2.5419354838709673,77.02834799608992
23.588727194000967,60.56740228337903,-0.60614013671875,0.53509521484375,-0.105712890625,0.57891845703125,2.4193548387096775,73.31378299120234,1.8064516129032258,54.74095796676443,2.558064516129032,77.5171065493646
23.60876949201338,60.56740228337903,-0.60614013671875,0.53509521484375,-0.105712890625,0.57891845703125,2.3870967741935485,72.33626588465299,1.8096774193548386,54.83870967741935,2.554838709677419,77.41935483870968
23.62883880001027,60.01302029093158,-0.60418701171875,0.537353515625,-0.101806640625,0.57952880859375,2.361290322580645,71.5542521994135,1.8258064516129031,55.32746823069403,2.5387096774193547,76.93059628543499
23.64892090810463,60.01302029093158,-0.60418701171875,0.537353515625,-0.101806640625,0.57952880859375,2.4064516129032256,72.9227761485826,1.8322580645161288,55.5229716520039,2.5709677419354837,77.90811339198436
23.66898154304363,59.44603885403123,-0.60205078125,0.53961181640625,-0.097900390625,0.58026123046875,2.393548387096774,72.53176930596285,1.8483870967741933,56.01173020527859,2.525806451612903,76.53958944281524
23.689068867010064,59.44603885403123,-0.60205078125,0.53961181640625,-0.097900390625,0.58026123046875,2.3774193548387097,72.04301075268818,1.8387096774193548,55.71847507331379,2.590322580645161,78.49462365591397
23.709133694064803,59.44603885403123,-0.60205078125,0.53961181640625,-0.097900390625,0.58026123046875,2.4,72.72727272727273,1.8483870967741933,56.01173020527859,2.532258064516129,76.73509286412512
23.72927862009965,58.87124353426861,-0.5997314453125,0.54205322265625,-0.09417724609375,0.5810546875,2.390322580645161,72.43401759530792,1.8419354838709676,55.816226783968716,2.5483870967741935,77.2238514173998
23.74933048710227,58.87124353426861,-0.5997314453125,0.54205322265625,-0.09417724609375,0.5810546875,2.390322580645161,72.43401759530792,1.8387096774193548,55.71847507331379,2.5774193548387094,78.10361681329422
23.769378994009458,58.301245380721014,-0.59722900390625,0.5447998046875,-0.09063720703125,0.58160400390625,2.403225806451613,72.82502443792767,1.8387096774193548,55.71847507331379,2.564516129032258,77.71260997067448
23.789483471075073,58.301245380721014,-0.59722900390625,0.5447998046875,-0.09063720703125,0.58160400390625,2.3967741935483873,72.6295210166178,1.8548387096774193,56.20723362658847,2.596774193548387,78.69012707722385
23.80952484102454,58.301245380721014,-0.59722900390625,0.5447998046875,-0.09063720703125,0.58160400390625,2.403225806451613,72.82502443792767,1.829032258064516,55.42521994134897,2.564516129032258,77.71260997067448
23.82960883702617,57.719305577612204,-0.5947265625,0.54766845703125,-0.08697509765625,0.58203125,2.412903225806452,73.11827956989248,1.8322580645161288,55.5229716520039,2.554838709677419,77.41935483870968
23.849672384094447,57.719305577612204,-0.5947265625,0.54766845703125,-0.08697509765625,0.58203125,2.42258064516129,73.41153470185728,1.8516129032258062,56.10948191593352,2.532258064516129,76.73509286412512
23.87059912609402,57.10021383469255,-0.592041015625,0.550537109375,-0.08306884765625,0.5826416015625,2.3967741935483873,72.6295210166178,1.8516129032258062,56.10948191593352,2.5774193548387094,78.10361681329422
23.89031408703886,57.10021383469255,-0.592041015625,0.550537109375,-0.08306884765625,0.5826416015625,2.435483870967742,73.80254154447702,1.8516129032258062,56.10948191593352,2.5774193548387094,78.10361681329422
23.9103893780848,57.10021383469255,-0.592041015625,0.550537109375,-0.08306884765625,0.5826416015625,2.412903225806452,73.11827956989248,1.8451612903225805,55.91397849462365,2.564516129032258,77.71260997067448
23.93049359903671,56.48492361165089,-0.58941650390625,0.55322265625,-0.0791015625,0.58331298828125,2.4419354838709677,73.9980449657869,1.8322580645161288,55.5229716520039,2.564516129032258,77.71260997067448
23.95056793000549,56.48492361165089,-0.58941650390625,0.55322265625,-0.0791015625,0.58331298828125,2.4419354838709677,73.9980449657869,1.8741935483870966,56.79374389051808,2.554838709677419,77.41935483870968
23.970659575075842,56.12317303281377,-0.58758544921875,0.5548095703125,-0.07708740234375,0.583984375,2.4290322580645163,73.60703812316717,1.8548387096774193,56.20723362658847,2.554838709677419,77.41935483870968
23.990705777076073,56.12317303281377,-0.58758544921875,0.5548095703125,-0.07708740234375,0.583984375,2.454838709677419,74.38905180840665,1.8870967741935485,57.18475073313783,2.554838709677419,77.41935483870968
24.010819854098372,56.12317303281377,-0.58758544921875,0.5548095703125,-0.07708740234375,0.583984375,2.425806451612903,73.50928641251222,1.8451612903225805,55.91397849462365,2.558064516129032,77.5171065493646
24.03088010509964,55.55000353575611,-0.58489990234375,0.5570068359375,-0.07354736328125,0.58502197265625,2.4741935483870967,74.97556207233626,1.8516129032258062,56.10948191593352,2.532258064516129,76.73509286412512
24.050964805064723,55.55000353575611,-0.58489990234375,0.5570068359375,-0.07354736328125,0.58502197265625,2.42258064516129,73.41153470185728,1.8419354838709676,55.816226783968716,2.5354838709677416,76.83284457478005
24.071069538011216,54.93547402791959,-0.58209228515625,0.55889892578125,-0.06964111328125,0.58648681640625,2.4290322580645163,73.60703812316717,1.8387096774193548,55.71847507331379,2.5774193548387094,78.10361681329422
24.091142686083913,54.93547402791959,-0.58209228515625,0.55889892578125,-0.06964111328125,0.58648681640625,2.425806451612903,73.50928641251222,1.8548387096774193,56.20723362658847,2.554838709677419,77.41935483870968
24.11122674611397,54.93547402791959,-0.58209228515625,0.55889892578125,-0.06964111328125,0.58648681640625,2.3967741935483873,72.6295210166178,1.8451612903225805,55.91397849462365,2.5774193548387094,78.10361681329422
24.131340438034385,54.37401165864577,-0.58001708984375,0.56060791015625,-0.06561279296875,0.58740234375,2.425806451612903,73.50928641251222,1.8483870967741933,56.01173020527859,2.551612903225806,77.32160312805473
24.151432787068188,54.37401165864577,-0.58001708984375,0.56060791015625,-0.06561279296875,0.58740234375,2.425806451612903,73.50928641251222,1.8419354838709676,55.816226783968716,2.564516129032258,77.71260997067448
24.171497582108714,53.908426668918224,-0.5782470703125,0.56195068359375,-0.06219482421875,0.588134765625,2.445161290322581,74.09579667644185,1.8548387096774193,56.20723362658847,2.558064516129032,77.5171065493646
24.191567721078172,53.908426668918224,-0.5782470703125,0.56195068359375,-0.06219482421875,0.588134765625,2.432258064516129,73.70478983382209,1.8548387096774193,56.20723362658847,2.554838709677419,77.41935483870968
24.211646469077095,53.908426668918224,-0.5782470703125,0.56195068359375,-0.06219482421875,0.588134765625,2.3967741935483873,72.6295210166178,1.8419354838709676,55.816226783968716,2.5,75.75757575757575
24.231745922006667,53.43261036820522,-0.57659912109375,0.56329345703125,-0.0587158203125,0.58892822265625,2.4387096774193546,73.90029325513197,1.829032258064516,55.42521994134897,2.551612903225806,77.32160312805473
24.25179554906208,53.43261036820522,-0.57659912109375,0.56329345703125,-0.0587158203125,0.58892822265625,2.435483870967742,73.80254154447702,1.8548387096774193,56.20723362658847,2.5354838709677416,76.83284457478005
24.271872600074857,52.96217118846284,-0.5745849609375,0.56475830078125,-0.0555419921875,0.58978271484375,2.435483870967742,73.80254154447702,1.8548387096774193,56.20723362658847,2.561290322580645,77.61485826001955
24.29195595602505,52.96217118846284,-0.5745849609375,0.56475830078125,-0.0555419921875,0.58978271484375,2.425806451612903,73.50928641251222,1.8322580645161288,55.5229716520039,2.561290322580645,77.61485826001955
24.312028304091655,52.96217118846284,-0.5745849609375,0.56475830078125,-0.0555419921875,0.58978271484375,2.4483870967741934,74.19354838709677,1.8322580645161288,55.5229716520039,2.525806451612903,76.53958944281524
24.332139405072667,52.48480196801186,-0.57244873046875,0.56610107421875,-0.0523681640625,0.5908203125,2.4516129032258065,74.29130009775172,1.8354838709677417,55.62072336265884,2.5709677419354837,77.90811339198436
24.35219165601302,52.48480196801186,-0.57244873046875,0.56610107421875,-0.0523681640625,0.5908203125,2.4612903225806453,74.58455522971653,1.8354838709677417,55.62072336265884,2.554838709677419,77.41935483870968
24.372262883000076,51.92893885818855,-0.5703125,0.5677490234375,-0.04840087890625,0.5916748046875,2.42258064516129,73.41153470185728,1.8516129032258062,56.10948191593352,2.5774193548387094,78.10361681329422
24.392368064029142,51.92893885818855,-0.5703125,0.5677490234375,-0.04840087890625,0.5916748046875,2.4096774193548387,73.02052785923753,1.8322580645161288,55.5229716520039,2.5677419354838706,77.81036168132943
24.412431419012137,51.92893885818855,-0.5703125,0.5677490234375,-0.04840087890625,0.5916748046875,2.425806451612903,73.50928641251222,1.8451612903225805,55.91397849462365,2.5677419354838706,77.81036168132943
24.432547864038497,51.30169279161318,-0.56793212890625,0.56982421875,-0.0438232421875,0.59228515625,2.4612903225806453,74.58455522971653,1.8483870967741933,56.01173020527859,2.564516129032258,77.71260997067448
24.452604819089174,51.30169279161318,-0.56793212890625,0.56982421875,-0.0438232421875,0.59228515625,2.4290322580645163,73.60703812316717,1.8806451612903226,56.98924731182796,2.564516129032258,77.71260997067448
24.472677519079298,50.5986815265512,-0.5654296875,0.57208251953125,-0.03857421875,0.5928955078125,2.4419354838709677,73.9980449657869,1.8580645161290321,56.304985337243394,2.554838709677419,77.41935483870968
24.49277761101257,50.5986815265512,-0.5654296875,0.57208251953125,-0.03857421875,0.5928955078125,2.435483870967742,73.80254154447702,1.8806451612903226,56.98924731182796,2.551612903225806,77.32160312805473
24.51286915910896,50.5986815265512,-0.5654296875,0.57208251953125,-0.03857421875,0.5928955078125,2.493548387096774,75.56207233626587,1.829032258064516,55.42521994134897,2.5741935483870964,78.00586510263928
24.532940675038844,49.7710921213074,-0.5618896484375,0.57464599609375,-0.03289794921875,0.5941162109375,2.4387096774193546,73.90029325513197,1.8548387096774193,56.20723362658847,2.554838709677419,77.41935483870968
24.552995326113887,49.7710921213074,-0.5618896484375,0.57464599609375,-0.03289794921875,0.5941162109375,2.370967741935484,71.8475073313783,1.8483870967741933,56.01173020527859,2.554838709677419,77.41935483870968
24.573094138060696,48.84228088923975,-0.557861328125,0.5771484375,-0.0264892578125,0.59576416015625,2.4096774193548387,73.02052785923753,1.8483870967741933,56.01173020527859,2.551612903225806,77.32160312805473
24.5932309681084,48.84228088923975,-0.557861328125,0.5771484375,-0.0264892578125,0.59576416015625,2.4193548387096775,73.31378299120234,1.8483870967741933,56.01173020527859,2.564516129032258,77.71260997067448
24.6133110600058,48.84228088923975,-0.557861328125,0.5771484375,-0.0264892578125,0.59576416015625,2.3838709677419354,72.23851417399804,1.8387096774193548,55.71847507331379,2.596774193548387,78.69012707722385
24.633364655077457,47.945457031035374,-0.55419921875,0.579833984375,-0.0201416015625,0.59686279296875,2.370967741935484,71.8475073313783,1.8451612903225805,55.91397849462365,2.5774193548387094,78.10361681329422
24.65346842701547,47.945457031035374,-0.55419921875,0.579833984375,-0.0201416015625,0.59686279296875,2.3967741935483873,72.6295210166178,1.8032258064516127,54.64320625610948,2.561290322580645,77.61485826001955
24.673512710025534,47.164253052233285,-0.55126953125,0.582275390625,-0.0142822265625,0.59735107421875,2.4483870967741934,74.19354838709677,1.8387096774193548,55.71847507331379,2.532258064516129,76.73509286412512
24.693618147051893,47.164253052233285,-0.55126953125,0.582275390625,-0.0142822265625,0.59735107421875,2.3838709677419354,72.23851417399804,1.8096774193548386,54.83870967741935,2.5741935483870964,78.00586510263928
24.713688414078206,47.164253052233285,-0.55126953125,0.582275390625,-0.0142822265625,0.59735107421875,2.42258064516129,73.41153470185728,1.829032258064516,55.42521994134897,2.5741935483870964,78.00586510263928
24.733782842056826,46.402683468788815,-0.548095703125,0.5849609375,-0.0089111328125,0.5977783203125,2.4483870967741934,74.19354838709677,1.8322580645161288,55.5229716520039,2.5774193548387094,78.10361681329422
24.7538288210053,46.402683468788815,-0.548095703125,0.5849609375,-0.0089111328125,0.5977783203125,2.412903225806452,73.11827956989248,1.8387096774193548,55.71847507331379,2.5354838709677416,76.83284457478005
24.773905297042802,45.62957815489679,-0.54461669921875,0.58770751953125,-0.003662109375,0.59832763671875,2.42258064516129,73.41153470185728,1.8193548387096772,55.13196480938416,2.5774193548387094,78.10361681329422
24.79398084501736,45.62957815489679,-0.54461669921875,0.58770751953125,-0.003662109375,0.59832763671875,2.4,72.72727272727273,1.8193548387096772,55.13196480938416,2.590322580645161,78.49462365591397
24.814054280053824,45.62957815489679,-0.54461669921875,0.58770751953125,-0.003662109375,0.59832763671875,2.4161290322580644,73.21603128054741,1.8419354838709676,55.816226783968716,2.561290322580645,77.61485826001955
24.83413862809539,44.92521598192556,-0.54083251953125,0.5904541015625,0.00054931640625,0.59906005859375,2.4161290322580644,73.21603128054741,1.8419354838709676,55.816226783968716,2.5677419354838706,77.81036168132943
24.854207552038133,44.92521598192556,-0.54083251953125,0.5904541015625,0.00054931640625,0.59906005859375,2.412903225806452,73.11827956989248,1.8225806451612903,55.229716520039105,2.551612903225806,77.32160312805473
24.8743073240621,44.27511446214146,-0.53759765625,0.59320068359375,0.00469970703125,0.5992431640625,2.4064516129032256,72.9227761485826,1.8225806451612903,55.229716520039105,2.5387096774193547,76.93059628543499
24.894348151050508,44.27511446214146,-0.53759765625,0.59320068359375,0.00469970703125,0.5992431640625,2.3967741935483873,72.6295210166178,1.8032258064516127,54.64320625610948,2.564516129032258,77.71260997067448
24.914444371010177,44.27511446214146,-0.53759765625,0.59320068359375,0.00469970703125,0.5992431640625,2.3870967741935485,72.33626588465299,1.8032258064516127,54.64320625610948,2.551612903225806,77.32160312805473
24.93455614405684,43.547713070185296,-0.534423828125,0.59564208984375,0.0098876953125,0.59954833984375,2.403225806451613,72.82502443792767,1.8129032258064515,54.936461388074285,2.5709677419354837,77.90811339198436
24.95459604205098,43.547713070185296,-0.534423828125,0.59564208984375,0.0098876953125,0.59954833984375,2.403225806451613,72.82502443792767,1.8516129032258062,56.10948191593352,2.5677419354838706,77.81036168132943
24.97467415011488,42.82990913966188,-0.53106689453125,0.59796142578125,0.0146484375,0.6002197265625,2.3516129032258064,71.26099706744868,1.8354838709677417,55.62072336265884,2.5774193548387094,78.10361681329422
24.99475113803055,42.82990913966188,-0.53106689453125,0.59796142578125,0.0146484375,0.6002197265625,2.370967741935484,71.8475073313783,1.9193548387096775,58.162267839687196,2.5677419354838706,77.81036168132943
25.014824414043687,42.82990913966188,-0.53106689453125,0.59796142578125,0.0146484375,0.6002197265625,2.3419354838709676,70.96774193548387,1.8741935483870966,56.79374389051808,2.554838709677419,77.41935483870968
25.03490536904428,42.158167580222575,-0.52752685546875,0.5997314453125,0.0189208984375,0.60137939453125,2.370967741935484,71.8475073313783,1.8322580645161288,55.5229716520039,2.590322580645161,78.49462365591397
25.054974709055386,42.158167580222575,-0.52752685546875,0.5997314453125,0.0189208984375,0.60137939453125,2.3193548387096774,70.28347996089931,1.8096774193548386,54.83870967741935,2.532258064516129,76.73509286412512
25.075070577091537,41.56699235614254,-0.5250244140625,0.6005859375,0.023193359375,0.60260009765625,2.3967741935483873,72.6295210166178,1.793548387096774,54.34995112414467,2.5774193548387094,78.10361681329422
25.095123180071823,41.56699235614254,-0.5250244140625,0.6005859375,0.023193359375,0.60260009765625,2.3774193548387097,72.04301075268818,1.7999999999999998,54.54545454545454,2.564516129032258,77.71260997067448
25.11521876102779,41.56699235614254,-0.5250244140625,0.6005859375,0.023193359375,0.60260009765625,2.358064516129032,71.45650048875855,1.7999999999999998,54.54545454545454,2.5774193548387094,78.10361681329422
25.13527517206967,40.96974974559905,-0.52276611328125,0.60125732421875,0.02783203125,0.60369873046875,2.390322580645161,72.43401759530792,1.7774193548387096,53.86119257086999,2.561290322580645,77.61485826001955
25.155363936093636,40.96974974559905,-0.52276611328125,0.60125732421875,0.02783203125,0.60369873046875,2.358064516129032,71.45650048875855,1.8225806451612903,55.229716520039105,2.532258064516129,76.73509286412512
25.175440443097614,40.412366258188854,-0.5211181640625,0.60205078125,0.0325927734375,0.6041259765625,2.3967741935483873,72.6295210166178,1.793548387096774,54.34995112414467,2.5774193548387094,78.10361681329422
25.1955059110187,40.412366258188854,-0.5211181640625,0.60205078125,0.0325927734375,0.6041259765625,2.3806451612903228,72.14076246334312,1.8129032258064515,54.936461388074285,2.5709677419354837,77.90811339198436
25.215597235015593,40.412366258188854,-0.5211181640625,0.60205078125,0.0325927734375,0.6041259765625,2.403225806451613,72.82502443792767,1.8032258064516127,54.64320625610948,2.5677419354838706,77.81036168132943
25.235674735042267,39.854417741808554,-0.51885986328125,0.603271484375,0.036865234375,0.60455322265625,2.3741935483870966,71.94525904203324,1.8129032258064515,54.936461388074285,2.5774193548387094,78.10361681329422
25.255738698062487,39.854417741808554,-0.51885986328125,0.603271484375,0.036865234375,0.60455322265625,2.370967741935484,71.8475073313783,1.8096774193548386,54.83870967741935,2.525806451612903,76.53958944281524
25.275812134030275,39.316513531709155,-0.51666259765625,0.6046142578125,0.04095458984375,0.60479736328125,2.42258064516129,73.41153470185728,1.793548387096774,54.34995112414467,2.561290322580645,77.61485826001955
25.295913794077933,39.316513531709155,-0.51666259765625,0.6046142578125,0.04095458984375,0.60479736328125,2.4064516129032256,72.9227761485826,1.8129032258064515,54.936461388074285,2.561290322580645,77.61485826001955
25.31597065308597,39.316513531709155,-0.51666259765625,0.6046142578125,0.04095458984375,0.60479736328125,2.3806451612903228,72.14076246334312,1.8193548387096772,55.13196480938416,2.532258064516129,76.73509286412512
25.336066554067656,38.740586888459944,-0.514404296875,0.606201171875,0.04534912109375,0.6048583984375,2.464516129032258,74.68230694037146,1.8096774193548386,54.83870967741935,2.5709677419354837,77.90811339198436
25.356137589085847,38.740586888459944,-0.514404296875,0.606201171875,0.04534912109375,0.6048583984375,2.42258064516129,73.41153470185728,1.8483870967741933,56.01173020527859,2.561290322580645,77.61485826001955
25.37620187306311,38.127995868646764,-0.5120849609375,0.6080322265625,0.0501708984375,0.6046142578125,2.4096774193548387,73.02052785923753,1.829032258064516,55.42521994134897,2.5774193548387094,78.10361681329422
25.396278348052874,38.127995868646764,-0.5120849609375,0.6080322265625,0.0501708984375,0.6046142578125,2.3838709677419354,72.23851417399804,1.8096774193548386,54.83870967741935,2.564516129032258,77.71260997067448
25.416361160110682,38.127995868646764,-0.5120849609375,0.6080322265625,0.0501708984375,0.6046142578125,2.4161290322580644,73.21603128054741,1.829032258064516,55.42521994134897,2.5741935483870964,78.00586510263928
25.436427268083207,37.51141105672564,-0.50946044921875,0.6102294921875,0.0548095703125,0.60418701171875,2.464516129032258,74.68230694037146,1.8032258064516127,54.64320625610948,2.5774193548387094,78.10361681329422
25.456507840077393,37.51141105672564,-0.50946044921875,0.6102294921875,0.0548095703125,0.60418701171875,2.412903225806452,73.11827956989248,1.8161290322580643,55.034213098729225,2.564516129032258,77.71260997067448
25.476580827031285,36.84767984185986,-0.50640869140625,0.61273193359375,0.05950927734375,0.60382080078125,2.42258064516129,73.41153470185728,1.8483870967741933,56.01173020527859,2.5709677419354837,77.90811339198436
25.496659671072848,36.84767984185986,-0.50640869140625,0.61273193359375,0.05950927734375,0.60382080078125,2.412903225806452,73.11827956989248,1.8322580645161288,55.5229716520039,2.525806451612903,76.53958944281524
25.51672693004366,36.84767984185986,-0.50640869140625,0.61273193359375,0.05950927734375,0.60382080078125,2.370967741935484,71.8475073313783,1.8677419354838707,56.59824046920821,2.5774193548387094,78.10361681329422
25.5368355991086,36.18392244996705,-0.503662109375,0.61480712890625,0.06463623046875,0.60345458984375,2.370967741935484,71.8475073313783,1.8451612903225805,55.91397849462365,2.5741935483870964,78.00586510263928
25.55685469706077,36.18392244996705,-0.503662109375,0.61480712890625,0.06463623046875,0.60345458984375,2.4290322580645163,73.60703812316717,1.8419354838709676,55.816226783968716,2.5774193548387094,78.10361681329422
25.576951365103014,35.48274763321723,-0.50054931640625,0.61669921875,0.06976318359375,0.60357666015625,2.4161290322580644,73.21603128054741,1.8483870967741933,56.01173020527859,2.5774193548387094,78.10361681329422
25.597029089112766,35.48274763321723,-0.50054931640625,0.61669921875,0.06976318359375,0.60357666015625,2.370967741935484,71.8475073313783,1.8548387096774193,56.20723362658847,2.596774193548387,78.69012707722385
25.61714271805249,35.48274763321723,-0.50054931640625,0.61669921875,0.06976318359375,0.60357666015625,2.3838709677419354,72.23851417399804,1.8322580645161288,55.5229716520039,2.590322580645161,78.49462365591397
25.637227482046,34.72178550875864,-0.4969482421875,0.61846923828125,0.0751953125,0.60406494140625,2.412903225806452,73.11827956989248,1.8419354838709676,55.816226783968716,2.532258064516129,76.73509286412512
25.65729551005643,34.72178550875864,-0.4969482421875,0.61846923828125,0.0751953125,0.60406494140625,2.370967741935484,71.8475073313783,1.8483870967741933,56.01173020527859,2.5774193548387094,78.10361681329422
25.67735611309763,33.88853222772393,-0.49298095703125,0.6202392578125,0.0811767578125,0.60467529296875,2.4064516129032256,72.9227761485826,1.8677419354838707,56.59824046920821,2.564516129032258,77.71260997067448
25.697430668049492,33.88853222772393,-0.49298095703125,0.6202392578125,0.0811767578125,0.60467529296875,2.4096774193548387,73.02052785923753,1.829032258064516,55.42521994134897,2.5774193548387094,78.10361681329422
25.717497288016602,33.88853222772393,-0.49298095703125,0.6202392578125,0.0811767578125,0.60467529296875,2.42258064516129,73.41153470185728,1.8903225806451613,57.28250244379277,2.5709677419354837,77.90811339198436
25.737594948033802,33.122281009953205,-0.48944091796875,0.62200927734375,0.08673095703125,0.60498046875,2.3806451612903228,72.14076246334312,1.8322580645161288,55.5229716520039,2.5774193548387094,78.10361681329422
25.75764947105199,33.122281009953205,-0.48944091796875,0.62200927734375,0.08673095703125,0.60498046875,2.412903225806452,73.11827956989248,1.8419354838709676,55.816226783968716,2.5387096774193547,76.93059628543499
25.777695418102667,32.33275456923724,-0.4859619140625,0.62408447265625,0.09259033203125,0.6048583984375,2.4612903225806453,74.58455522971653,1.8419354838709676,55.816226783968716,2.554838709677419,77.41935483870968
25.79779144609347,32.33275456923724,-0.4859619140625,0.62408447265625,0.09259033203125,0.6048583984375,2.4161290322580644,73.21603128054741,1.8645161290322578,56.50048875855327,2.5677419354838706,77.81036168132943
25.817866450059228,32.33275456923724,-0.4859619140625,0.62408447265625,0.09259033203125,0.6048583984375,2.4064516129032256,72.9227761485826,1.8419354838709676,55.816226783968716,2.554838709677419,77.41935483870968
25.83795652608387,31.60618213241775,-0.48272705078125,0.62591552734375,0.0982666015625,0.60455322265625,2.3838709677419354,72.23851417399804,1.8419354838709676,55.816226783968716,2.5709677419354837,77.90811339198436
25.858038410078734,31.60618213241775,-0.48272705078125,0.62591552734375,0.0982666015625,0.60455322265625,2.370967741935484,71.8475073313783,1.8322580645161288,55.5229716520039,2.590322580645161,78.49462365591397
25.878092933096923,30.884041164297443,-0.47900390625,0.62786865234375,0.1031494140625,0.604736328125,2.4161290322580644,73.21603128054741,1.8225806451612903,55.229716520039105,2.590322580645161,78.49462365591397
25.898142368067056,30.884041164297443,-0.47900390625,0.62786865234375,0.1031494140625,0.604736328125,2.4096774193548387,73.02052785923753,1.8419354838709676,55.816226783968716,2.5709677419354837,77.90811339198436
25.91820690711029,30.884041164297443,-0.47900390625,0.62786865234375,0.1031494140625,0.604736328125,2.403225806451613,72.82502443792767,1.829032258064516,55.42521994134897,2.5677419354838706,77.81036168132943
25.93831045611296,30.1814096713059,-0.4752197265625,0.629638671875,0.1077880859375,0.6051025390625,2.3967741935483873,72.6295210166178,1.8064516129032258,54.74095796676443,2.5774193548387094,78.10361681329422
25.95833851408679,30.1814096713059,-0.4752197265625,0.629638671875,0.1077880859375,0.6051025390625,2.4612903225806453,74.58455522971653,1.796774193548387,54.44770283479961,2.5806451612903225,78.20136852394917
25.978421774110757,29.509679389774305,-0.47161865234375,0.6314697265625,0.11236572265625,0.60516357421875,2.370967741935484,71.8475073313783,1.8096774193548386,54.83870967741935,2.583870967741935,78.2991202346041
25.998504842049442,29.509679389774305,-0.47161865234375,0.6314697265625,0.11236572265625,0.60516357421875,2.403225806451613,72.82502443792767,1.8193548387096772,55.13196480938416,2.583870967741935,78.2991202346041
26.01855104509741,29.509679389774305,-0.47161865234375,0.6314697265625,0.11236572265625,0.60516357421875,2.370967741935484,71.8475073313783,1.8161290322580643,55.034213098729225,2.596774193548387,78.69012707722385
26.038617536076345,28.875726905716064,-0.46807861328125,0.63336181640625,0.11669921875,0.60504150390625,2.393548387096774,72.53176930596285,1.8129032258064515,54.936461388074285,2.5677419354838706,77.81036168132943
26.058685948024504,28.875726905716064,-0.46807861328125,0.63336181640625,0.11669921875,0.60504150390625,2.3741935483870966,71.94525904203324,1.8064516129032258,54.74095796676443,2.551612903225806,77.32160312805473
26.078746871091425,28.205335739523676,-0.4642333984375,0.6356201171875,0.12091064453125,0.60491943359375,2.3838709677419354,72.23851417399804,1.8193548387096772,55.13196480938416,2.551612903225806,77.32160312805473
26.0988128191093,28.205335739523676,-0.4642333984375,0.6356201171875,0.12091064453125,0.60491943359375,2.3741935483870966,71.94525904203324,1.8064516129032258,54.74095796676443,2.5774193548387094,78.10361681329422
26.118874542065896,28.205335739523676,-0.4642333984375,0.6356201171875,0.12091064453125,0.60491943359375,2.390322580645161,72.43401759530792,1.796774193548387,54.44770283479961,2.5354838709677416,76.83284457478005
26.138981002033688,27.57038954281783,-0.4605712890625,0.63751220703125,0.12518310546875,0.60479736328125,2.4,72.72727272727273,1.8064516129032258,54.74095796676443,2.6129032258064515,79.17888563049853
26.159031141083688,27.57038954281783,-0.4605712890625,0.63751220703125,0.12518310546875,0.60479736328125,2.4096774193548387,73.02052785923753,1.8225806451612903,55.229716520039105,2.596774193548387,78.69012707722385
26.17910044908058,26.92863744536227,-0.4569091796875,0.6392822265625,0.12945556640625,0.60479736328125,2.4064516129032256,72.9227761485826,1.8096774193548386,54.83870967741935,2.561290322580645,77.61485826001955
26.199183965101838,26.92863744536227,-0.4569091796875,0.6392822265625,0.12945556640625,0.60479736328125,2.4096774193548387,73.02052785923753,1.8161290322580643,55.034213098729225,2.5741935483870964,78.00586510263928
26.21926159306895,26.92863744536227,-0.4569091796875,0.6392822265625,0.12945556640625,0.60479736328125,2.4064516129032256,72.9227761485826,1.8258064516129031,55.32746823069403,2.5677419354838706,77.81036168132943
26.239331156015396,26.274202712664277,-0.45330810546875,0.64105224609375,0.13385009765625,0.604736328125,2.370967741935484,71.8475073313783,1.8096774193548386,54.83870967741935,2.5774193548387094,78.10361681329422
26.25939969602041,26.274202712664277,-0.45330810546875,0.64105224609375,0.13385009765625,0.604736328125,2.42258064516129,73.41153470185728,1.7838709677419353,54.05669599217986,2.525806451612903,76.53958944281524
26.27947239507921,25.616783141165726,-0.4495849609375,0.64288330078125,0.138427734375,0.6044921875,2.4,72.72727272727273,1.793548387096774,54.34995112414467,2.561290322580645,77.61485826001955
26.299531270051375,25.616783141165726,-0.4495849609375,0.64288330078125,0.138427734375,0.6044921875,2.393548387096774,72.53176930596285,1.8193548387096772,55.13196480938416,2.554838709677419,77.41935483870968
26.319598146015778,25.616783141165726,-0.4495849609375,0.64288330078125,0.138427734375,0.6044921875,2.42258064516129,73.41153470185728,1.796774193548387,54.44770283479961,2.5709677419354837,77.90811339198436
26.339685438084416,24.931551792837013,-0.44549560546875,0.64508056640625,0.14306640625,0.60406494140625,2.435483870967742,73.80254154447702,1.796774193548387,54.44770283479961,2.554838709677419,77.41935483870968
26.35973016906064,24.931551792837013,-0.44549560546875,0.64508056640625,0.14306640625,0.60406494140625,2.3741935483870966,71.94525904203324,1.8193548387096772,55.13196480938416,2.5677419354838706,77.81036168132943
26.379800116061233,24.18941076589357,-0.44140625,0.647216796875,0.148193359375,0.6036376953125,2.3870967741935485,72.33626588465299,1.8193548387096772,55.13196480938416,2.525806451612903,76.53958944281524
26.39987294410821,24.18941076589357,-0.44140625,0.647216796875,0.148193359375,0.6036376953125,2.361290322580645,71.5542521994135,1.8032258064516127,54.64320625610948,2.561290322580645,77.61485826001955
26.41993309906684,24.18941076589357,-0.44140625,0.647216796875,0.148193359375,0.6036376953125,2.390322580645161,72.43401759530792,1.8451612903225805,55.91397849462365,2.561290322580645,77.61485826001955
26.44001104705967,23.439741683804826,-0.437255859375,0.6490478515625,0.15374755859375,0.60321044921875,2.367741935483871,71.74975562072336,1.8483870967741933,56.01173020527859,2.525806451612903,76.53958944281524
26.460121252108365,23.439741683804826,-0.437255859375,0.6490478515625,0.15374755859375,0.60321044921875,2.3741935483870966,71.94525904203324,1.861290322580645,56.402737047898334,2.551612903225806,77.32160312805473
26.480168287060224,22.729824736036406,-0.43328857421875,0.65106201171875,0.15887451171875,0.60260009765625,2.367741935483871,71.74975562072336,1.8548387096774193,56.20723362658847,2.564516129032258,77.71260997067448
26.500267515075393,22.729824736036406,-0.43328857421875,0.65106201171875,0.15887451171875,0.60260009765625,2.370967741935484,71.8475073313783,1.8870967741935485,57.18475073313783,2.5387096774193547,76.93059628543499
26.520309654064476,22.729824736036406,-0.43328857421875,0.65106201171875,0.15887451171875,0.60260009765625,2.370967741935484,71.8475073313783,1.8741935483870966,56.79374389051808,2.5741935483870964,78.00586510263928
26.54042917105835,22.100023558455305,-0.429443359375,0.65325927734375,0.1632080078125,0.60186767578125,2.390322580645161,72.43401759530792,1.8677419354838707,56.59824046920821,2.554838709677419,77.41935483870968
26.560449101030827,22.100023558455305,-0.429443359375,0.65325927734375,0.1632080078125,0.60186767578125,2.3838709677419354,72.23851417399804,1.8774193548387097,56.89149560117303,2.554838709677419,77.41935483870968
26.58053572103381,21.560540111919863,-0.42584228515625,0.6551513671875,0.1668701171875,0.601318359375,2.3193548387096774,70.28347996089931,1.8774193548387097,56.89149560117303,2.5709677419354837,77.90811339198436
26.600576675031334,21.560540111919863,-0.42584228515625,0.6551513671875,0.1668701171875,0.601318359375,2.3838709677419354,72.23851417399804,1.8677419354838707,56.59824046920821,2.561290322580645,77.61485826001955
26.62068137608003,21.560540111919863,-0.42584228515625,0.6551513671875,0.1668701171875,0.601318359375,2.3838709677419354,72.23851417399804,1.8935483870967742,57.380254154447705,2.554838709677419,77.41935483870968
26.640771452104673,21.081842309421162,-0.42242431640625,0.65667724609375,0.16973876953125,0.60125732421875,2.3870967741935485,72.33626588465299,1.9,57.57575757575758,2.554838709677419,77.41935483870968
26.660841304110363,21.081842309421162,-0.42242431640625,0.65667724609375,0.16973876953125,0.60125732421875,2.3741935483870966,71.94525904203324,1.8580645161290321,56.304985337243394,2.564516129032258,77.71260997067448
26.680923988111317,20.69548820357366,-0.4195556640625,0.65802001953125,0.17193603515625,0.6011962890625,2.3838709677419354,72.23851417399804,1.8709677419354838,56.695992179863154,2.564516129032258,77.71260997067448
26.700990095036104,20.69548820357366,-0.4195556640625,0.65802001953125,0.17193603515625,0.6011962890625,2.3645161290322583,71.65200391006844,1.8935483870967742,57.380254154447705,2.554838709677419,77.41935483870968
26.721074795001186,20.69548820357366,-0.4195556640625,0.65802001953125,0.17193603515625,0.6011962890625,2.3838709677419354,72.23851417399804,1.8741935483870966,56.79374389051808,2.5774193548387094,78.10361681329422
26.74116455100011,20.286251320325633,-0.41668701171875,0.658935546875,0.17431640625,0.60150146484375,2.3645161290322583,71.65200391006844,1.8935483870967742,57.380254154447705,2.5387096774193547,76.93059628543499
26.761262020096183,20.286251320325633,-0.41668701171875,0.658935546875,0.17431640625,0.60150146484375,2.358064516129032,71.45650048875855,1.8838709677419354,57.0869990224829,2.561290322580645,77.61485826001955
26.781359423999675,19.85796229203666,-0.41387939453125,0.659423828125,0.17681884765625,0.6021728515625,2.3548387096774195,71.35874877810362,1.8774193548387097,56.89149560117303,2.5709677419354837,77.90811339198436
26.80136562604457,19.85796229203666,-0.41387939453125,0.659423828125,0.17681884765625,0.6021728515625,2.338709677419355,70.86999022482894,1.8774193548387097,56.89149560117303,2.5419354838709673,77.02834799608992
26.821441941079684,19.85796229203666,-0.41387939453125,0.659423828125,0.17681884765625,0.6021728515625,2.370967741935484,71.8475073313783,1.8870967741935485,57.18475073313783,2.5451612903225804,77.12609970674487
26.841515313019045,19.462266197059407,-0.4111328125,0.6597900390625,0.17901611328125,0.60296630859375,2.293548387096774,69.50146627565982,1.8838709677419354,57.0869990224829,2.529032258064516,76.63734115347019
26.86158394801896,19.462266197059407,-0.4111328125,0.6597900390625,0.17901611328125,0.60296630859375,2.296774193548387,69.59921798631477,1.8838709677419354,57.0869990224829,2.525806451612903,76.53958944281524
26.881656520068645,19.133540270932258,-0.408935546875,0.66009521484375,0.1806640625,0.60369873046875,2.3193548387096774,70.28347996089931,1.8806451612903226,56.98924731182796,2.529032258064516,76.63734115347019
26.9017265640432,19.133540270932258,-0.408935546875,0.66009521484375,0.1806640625,0.60369873046875,2.303225806451613,69.79472140762464,1.9064516129032258,57.77126099706745,2.5354838709677416,76.83284457478005
26.921813728054985,19.133540270932258,-0.408935546875,0.66009521484375,0.1806640625,0.60369873046875,2.3419354838709676,70.96774193548387,1.8548387096774193,56.20723362658847,2.5354838709677416,76.83284457478005
26.94191017211415,18.837951053483337,-0.40667724609375,0.66058349609375,0.18231201171875,0.6041259765625,2.329032258064516,70.57673509286413,1.8838709677419354,57.0869990224829,2.532258064516129,76.73509286412512
26.96195173508022,18.837951053483337,-0.40667724609375,0.66058349609375,0.18231201171875,0.6041259765625,2.3193548387096774,70.28347996089931,1.9,57.57575757575758,2.4741935483870967,74.97556207233626
26.98201089806389,18.531151113575334,-0.40447998046875,0.6612548828125,0.18402099609375,0.6043701171875,2.3451612903225807,71.0654936461388,1.8903225806451613,57.28250244379277,2.519354838709677,76.34408602150538
27.00212331104558,18.531151113575334,-0.40447998046875,0.6612548828125,0.18402099609375,0.6043701171875,2.338709677419355,70.86999022482894,1.9064516129032258,57.77126099706745,2.525806451612903,76.53958944281524
27.02218813810032,18.531151113575334,-0.40447998046875,0.6612548828125,0.18402099609375,0.6043701171875,2.329032258064516,70.57673509286413,1.9419354838709677,58.846529814271754,2.5032258064516126,75.8553274682307
27.042261446011253,18.19596136461206,-0.4022216796875,0.66192626953125,0.18603515625,0.60455322265625,2.3225806451612905,70.38123167155426,1.896774193548387,57.478005865102645,2.487096774193548,75.366568914956
27.062305696075782,18.19596136461206,-0.4022216796875,0.66192626953125,0.18603515625,0.60455322265625,2.329032258064516,70.57673509286413,1.9258064516129032,58.35777126099707,2.490322580645161,75.46432062561095
27.082390204072,17.820838323801468,-0.39990234375,0.66265869140625,0.18853759765625,0.60455322265625,2.3193548387096774,70.28347996089931,1.9225806451612903,58.260019550342136,2.5129032258064514,76.1485826001955
27.102467672084458,17.820838323801468,-0.39990234375,0.66265869140625,0.18853759765625,0.60455322265625,2.325806451612903,70.4789833822092,1.9580645161290322,59.33528836754643,2.525806451612903,76.53958944281524
27.12254594010301,17.435688032330305,-0.3973388671875,0.6639404296875,0.19158935546875,0.60382080078125,2.3419354838709676,70.96774193548387,1.9516129032258065,59.13978494623656,2.5032258064516126,75.8553274682307
27.142682930105366,17.435688032330305,-0.3973388671875,0.6639404296875,0.19158935546875,0.60382080078125,2.338709677419355,70.86999022482894,1.932258064516129,58.55327468230694,2.5096774193548383,76.05083088954055
27.162722060107626,17.435688032330305,-0.3973388671875,0.6639404296875,0.19158935546875,0.60382080078125,2.335483870967742,70.772238514174,1.9709677419354839,59.72629521016618,2.4741935483870967,74.97556207233626
27.182839497108944,17.17696145160177,-0.39581298828125,0.665283203125,0.1943359375,0.6024169921875,2.367741935483871,71.74975562072336,1.961290322580645,59.43304007820137,2.525806451612903,76.53958944281524
27.202928677084856,17.17696145160177,-0.39581298828125,0.665283203125,0.1943359375,0.6024169921875,2.3483870967741938,71.16324535679375,1.967741935483871,59.628543499511245,2.490322580645161,75.46432062561095
27.222943935077637,16.91619168462229,-0.3935546875,0.6673583984375,0.19635009765625,0.60101318359375,2.358064516129032,71.45650048875855,1.9451612903225806,58.94428152492669,2.493548387096774,75.56207233626587
27.243023579008877,16.91619168462229,-0.3935546875,0.6673583984375,0.19635009765625,0.60101318359375,2.370967741935484,71.8475073313783,1.967741935483871,59.628543499511245,2.487096774193548,75.366568914956
27.263171033002436,16.91619168462229,-0.3935546875,0.6673583984375,0.19635009765625,0.60101318359375,2.3483870967741938,71.16324535679375,1.9806451612903224,60.01955034213099,2.5,75.75757575757575
27.283283958095126,16.644374522623508,-0.39111328125,0.66912841796875,0.198486328125,0.59991455078125,2.361290322580645,71.5542521994135,2.0064516129032257,60.80156402737048,2.487096774193548,75.366568914956
27.30327911907807,16.644374522623508,-0.39111328125,0.66912841796875,0.198486328125,0.59991455078125,2.3870967741935485,72.33626588465299,1.9838709677419355,60.117302052785924,2.493548387096774,75.56207233626587
27.323373259045184,16.404576212105667,-0.38885498046875,0.67071533203125,0.2001953125,0.59906005859375,2.367741935483871,71.74975562072336,1.9774193548387096,59.92179863147605,2.4774193548387093,75.07331378299119
27.343467784114182,16.404576212105667,-0.38885498046875,0.67071533203125,0.2001953125,0.59906005859375,2.358064516129032,71.45650048875855,2.0064516129032257,60.80156402737048,2.4774193548387093,75.07331378299119
27.36351920303423,16.404576212105667,-0.38885498046875,0.67071533203125,0.2001953125,0.59906005859375,2.3741935483870966,71.94525904203324,1.9580645161290322,59.33528836754643,2.4774193548387093,75.07331378299119
27.383569758036174,16.257382260190738,-0.38726806640625,0.6719970703125,0.20166015625,0.59808349609375,2.3451612903225807,71.0654936461388,1.9903225806451612,60.312805474095796,2.4741935483870967,74.97556207233626
