timestamp,elevation_deg,imu_i,imu_j,imu_k,imu_r,ch0_voltage,ch0_percentage,ch1_voltage,ch1_percentage,ch2_voltage,ch2_percentage
0.000615442986600101,11.199998287601915,-0.40826416015625,0.6495361328125,0.29693603515625,0.5684814453125,2.6709677419354834,80.93841642228737,2.806451612903226,85.04398826979474,2.6516129032258062,80.35190615835776
0.020311845000833273,11.199998287601915,-0.40826416015625,0.6495361328125,0.29693603515625,0.5684814453125,2.6419354838709674,80.05865102639295,2.8,84.84848484848484,2.629032258064516,79.6676441837732
0.04085384006612003,11.0146897074452,-0.4052734375,0.65087890625,0.29742431640625,0.56884765625,2.6677419354838707,80.84066471163244,2.8225806451612905,85.53274682306942,2.6322580645161286,79.76539589442815
0.06047088000923395,11.0146897074452,-0.4052734375,0.65087890625,0.29742431640625,0.56884765625,2.6709677419354834,80.93841642228737,2.835483870967742,85.92375366568915,2.6322580645161286,79.76539589442815
0.08054377301596105,11.0146897074452,-0.4052734375,0.65087890625,0.29742431640625,0.56884765625,2.6709677419354834,80.93841642228737,2.8096774193548386,85.14173998044966,2.6387096774193544,79.960899315738
0.10077894397545606,10.748913425129544,-0.40216064453125,0.65167236328125,0.29791259765625,0.5699462890625,2.6354838709677417,79.86314760508309,2.8096774193548386,85.14173998044966,2.6645161290322577,80.74291300097751
0.12072076101321727,10.748913425129544,-0.40216064453125,0.65167236328125,0.29791259765625,0.5699462890625,2.654838709677419,80.4496578690127,2.8,84.84848484848484,2.6677419354838707,80.84066471163244
0.14091794600244612,10.438221275163329,-0.39886474609375,0.65203857421875,0.2987060546875,0.5714111328125,2.6645161290322577,80.74291300097751,2.806451612903226,85.04398826979474,2.629032258064516,79.6676441837732
0.16091128496918827,10.438221275163329,-0.39886474609375,0.65203857421875,0.2987060546875,0.5714111328125,2.680645161290322,81.23167155425219,2.8096774193548386,85.14173998044966,2.6032258064516127,78.88563049853371
0.180959185003303,10.438221275163329,-0.39886474609375,0.65203857421875,0.2987060546875,0.5714111328125,2.725806451612903,82.6001955034213,2.806451612903226,85.04398826979474,2.6322580645161286,79.76539589442815
0.20134668005630374,10.135856898492804,-0.3958740234375,0.6524658203125,0.2999267578125,0.5723876953125,2.6419354838709674,80.05865102639295,2.8,84.84848484848484,2.654838709677419,80.4496578690127
0.2211396930506453,10.135856898492804,-0.3958740234375,0.6524658203125,0.2999267578125,0.5723876953125,2.680645161290322,81.23167155425219,2.796774193548387,84.75073313782991,2.661290322580645,80.64516129032258
0.2411958819720894,9.929083860712595,-0.3936767578125,0.65277099609375,0.30084228515625,0.57305908203125,2.680645161290322,81.23167155425219,2.796774193548387,84.75073313782991,2.6322580645161286,79.76539589442815
0.2612845840631053,9.929083860712595,-0.3936767578125,0.65277099609375,0.30084228515625,0.57305908203125,2.680645161290322,81.23167155425219,2.8225806451612905,85.53274682306942,2.6322580645161286,79.76539589442815
0.2813649009913206,9.929083860712595,-0.3936767578125,0.65277099609375,0.30084228515625,0.57305908203125,2.7064516129032254,82.01368523949168,2.7870967741935484,84.4574780058651,2.6451612903225805,80.1564027370479
0.3014354590559378,9.831716334040237,-0.3924560546875,0.65313720703125,0.30120849609375,0.57330322265625,2.6645161290322577,80.74291300097751,2.7838709677419353,84.35972629521017,2.6419354838709674,80.05865102639295
0.3215449929703027,9.831716334040237,-0.3924560546875,0.65313720703125,0.30120849609375,0.57330322265625,2.6419354838709674,80.05865102639295,2.8096774193548386,85.14173998044966,2.661290322580645,80.64516129032258
0.34163244697265327,9.765646591361175,-0.39215087890625,0.65264892578125,0.30108642578125,0.5740966796875,2.6709677419354834,80.93841642228737,2.8225806451612905,85.53274682306942,2.6322580645161286,79.76539589442815
0.3617015320342034,9.765646591361175,-0.39215087890625,0.65264892578125,0.30108642578125,0.5740966796875,2.6774193548387095,81.13391984359725,2.832258064516129,85.82600195503422,2.6451612903225805,80.1564027370479
0.38178024999797344,9.765646591361175,-0.39215087890625,0.65264892578125,0.30108642578125,0.5740966796875,2.661290322580645,80.64516129032258,2.8161290322580643,85.33724340175954,2.6032258064516127,78.88563049853371
0.4018474470358342,9.682807275765555,-0.3927001953125,0.651123046875,0.3001708984375,0.575927734375,2.6709677419354834,80.93841642228737,2.8096774193548386,85.14173998044966,2.648387096774193,80.25415444770283
0.42196347704157233,9.682807275765555,-0.3927001953125,0.651123046875,0.3001708984375,0.575927734375,2.712903225806451,82.20918866080156,2.8161290322580643,85.33724340175954,2.6645161290322577,80.74291300097751
0.4431750610237941,9.643846430558554,-0.3936767578125,0.6494140625,0.2989501953125,0.57781982421875,2.680645161290322,81.23167155425219,2.8225806451612905,85.53274682306942,2.616129032258064,79.27663734115346
0.4620970400283113,9.643846430558554,-0.3936767578125,0.6494140625,0.2989501953125,0.57781982421875,2.6419354838709674,80.05865102639295,2.7838709677419353,84.35972629521017,2.6322580645161286,79.76539589442815
0.4821946059819311,9.643846430558554,-0.3936767578125,0.6494140625,0.2989501953125,0.57781982421875,2.6741935483870964,81.03616813294232,2.770967741935484,83.96871945259042,2.6516129032258062,80.35190615835776
0.5025471550179645,9.64421846421368,-0.39501953125,0.6478271484375,0.2978515625,0.57928466796875,2.72258064516129,82.50244379276637,2.8870967741935485,87.48778103616814,2.648387096774193,80.25415444770283
0.5223636890295893,9.64421846421368,-0.39501953125,0.6478271484375,0.2978515625,0.57928466796875,2.629032258064516,79.6676441837732,2.825806451612903,85.63049853372434,2.6677419354838707,80.84066471163244
0.5424426950048655,9.757562009824,-0.396728515625,0.6466064453125,0.29693603515625,0.57989501953125,2.693548387096774,81.62267839687193,2.796774193548387,84.75073313782991,2.654838709677419,80.4496578690127
0.5625168679980561,9.757562009824,-0.396728515625,0.6466064453125,0.29693603515625,0.57989501953125,2.680645161290322,81.23167155425219,2.8129032258064517,85.23949169110459,2.6322580645161286,79.76539589442815
0.5826314269797876,9.804326090240238,-0.3985595703125,0.645263671875,0.2962646484375,0.58056640625,2.725806451612903,82.6001955034213,2.829032258064516,85.72825024437928,2.680645161290322,81.23167155425219
0.6026826549787074,9.804326090240238,-0.3985595703125,0.645263671875,0.2962646484375,0.58056640625,2.680645161290322,81.23167155425219,2.825806451612903,85.63049853372434,2.654838709677419,80.4496578690127
0.6227944940328598,9.804326090240238,-0.3985595703125,0.645263671875,0.2962646484375,0.58056640625,2.690322580645161,81.524926686217,2.858064516129032,86.6080156402737,2.6451612903225805,80.1564027370479
0.6430955859832466,9.885731850457503,-0.39971923828125,0.644287109375,0.2950439453125,0.58148193359375,2.680645161290322,81.23167155425219,2.8741935483870966,87.09677419354838,2.6516129032258062,80.35190615835776
0.6629073830554262,9.885731850457503,-0.39971923828125,0.644287109375,0.2950439453125,0.58148193359375,2.6419354838709674,80.05865102639295,2.825806451612903,85.63049853372434,2.6741935483870964,81.03616813294232
0.6830149659654126,10.011304822327062,-0.40008544921875,0.64459228515625,0.29425048828125,0.58123779296875,2.6677419354838707,80.84066471163244,2.8225806451612905,85.53274682306942,2.616129032258064,79.27663734115346
0.7031142599880695,10.011304822327062,-0.40008544921875,0.64459228515625,0.29425048828125,0.58123779296875,2.6419354838709674,80.05865102639295,2.8225806451612905,85.53274682306942,2.629032258064516,79.6676441837732
0.7231728170299903,10.011304822327062,-0.40008544921875,0.64459228515625,0.29425048828125,0.58123779296875,2.6709677419354834,80.93841642228737,2.8129032258064517,85.23949169110459,2.6322580645161286,79.76539589442815
0.7434180029667914,10.051932093384636,-0.40045166015625,0.6451416015625,0.2947998046875,0.58013916015625,2.7064516129032254,82.01368523949168,2.8741935483870966,87.09677419354838,2.6387096774193544,79.960899315738
0.7633336440194398,10.051932093384636,-0.40045166015625,0.6451416015625,0.2947998046875,0.58013916015625,2.6709677419354834,80.93841642228737,2.835483870967742,85.92375366568915,2.654838709677419,80.4496578690127
0.7833818000508472,10.105285887470373,-0.4013671875,0.644775390625,0.2955322265625,0.5794677734375,2.680645161290322,81.23167155425219,2.8129032258064517,85.23949169110459,2.6516129032258062,80.35190615835776
0.8035111429635435,10.105285887470373,-0.4013671875,0.644775390625,0.2955322265625,0.5794677734375,2.693548387096774,81.62267839687193,2.8096774193548386,85.14173998044966,2.6451612903225805,80.1564027370479
0.8235888370545581,10.105285887470373,-0.4013671875,0.644775390625,0.2955322265625,0.5794677734375,2.7064516129032254,82.01368523949168,2.8096774193548386,85.14173998044966,2.6419354838709674,80.05865102639295
0.8447695079958066,10.080005000848061,-0.4027099609375,0.64385986328125,0.29693603515625,0.578857421875,2.7064516129032254,82.01368523949168,2.7838709677419353,84.35972629521017,2.6451612903225805,80.1564027370479
0.863764705020003,10.080005000848061,-0.4027099609375,0.64385986328125,0.29693603515625,0.578857421875,2.6999999999999997,81.81818181818181,2.8129032258064517,85.23949169110459,2.6741935483870964,81.03616813294232
0.8838051490020007,10.023300659735057,-0.4044189453125,0.64239501953125,0.29876708984375,0.578369140625,2.6967741935483867,81.72043010752688,2.7838709677419353,84.35972629521017,2.654838709677419,80.4496578690127
0.9038651139708236,10.023300659735057,-0.4044189453125,0.64239501953125,0.29876708984375,0.578369140625,2.654838709677419,80.4496578690127,2.829032258064516,85.72825024437928,2.6354838709677417,79.86314760508309
0.9239430309971794,10.023300659735057,-0.4044189453125,0.64239501953125,0.29876708984375,0.578369140625,2.7032258064516124,81.91593352883673,2.825806451612903,85.63049853372434,2.6677419354838707,80.84066471163244
0.9449123999802396,10.01712045618423,-0.40618896484375,0.6409912109375,0.30035400390625,0.57781982421875,2.658064516129032,80.54740957966764,2.838709677419355,86.0215053763441,2.6032258064516127,78.88563049853371
0.9641466119792312,10.01712045618423,-0.40618896484375,0.6409912109375,0.30035400390625,0.57781982421875,2.680645161290322,81.23167155425219,2.8129032258064517,85.23949169110459,2.6322580645161286,79.76539589442815
0.9842022249940783,10.11102856685153,-0.4085693359375,0.64007568359375,0.30126953125,0.57672119140625,2.680645161290322,81.23167155425219,2.8129032258064517,85.23949169110459,2.6387096774193544,79.960899315738
1.0043065750505775,10.11102856685153,-0.4085693359375,0.64007568359375,0.30126953125,0.57672119140625,2.680645161290322,81.23167155425219,2.8096774193548386,85.14173998044966,2.6645161290322577,80.74291300097751
1.0243565230630338,10.11102856685153,-0.4085693359375,0.64007568359375,0.30126953125,0.57672119140625,2.680645161290322,81.23167155425219,2.8225806451612905,85.53274682306942,2.6419354838709674,80.05865102639295
1.045217024977319,10.230796663280373,-0.4112548828125,0.6385498046875,0.30194091796875,0.57611083984375,2.6741935483870964,81.03616813294232,2.8419354838709676,86.11925708699903,2.616129032258064,79.27663734115346
1.064524807035923,10.230796663280373,-0.4112548828125,0.6385498046875,0.30194091796875,0.57611083984375,2.6774193548387095,81.13391984359725,2.835483870967742,85.92375366568915,2.6032258064516127,78.88563049853371
1.084623973001726,10.306717169867355,-0.41351318359375,0.63629150390625,0.30108642578125,0.57745361328125,2.654838709677419,80.4496578690127,2.861290322580645,86.70576735092864,2.6322580645161286,79.76539589442815
1.1046610890189186,10.306717169867355,-0.41351318359375,0.63629150390625,0.30108642578125,0.57745361328125,2.6774193548387095,81.13391984359725,2.838709677419355,86.0215053763441,2.6322580645161286,79.76539589442815
1.1247534069698304,10.306717169867355,-0.41351318359375,0.63629150390625,0.30108642578125,0.57745361328125,2.6709677419354834,80.93841642228737,2.8451612903225807,86.21700879765396,2.6354838709677417,79.86314760508309
1.1452313050394878,10.383057266867496,-0.41546630859375,0.6341552734375,0.29974365234375,0.57916259765625,2.680645161290322,81.23167155425219,2.793548387096774,84.65298142717498,2.6419354838709674,80.05865102639295
1.1649266510503367,10.383057266867496,-0.41546630859375,0.6341552734375,0.29974365234375,0.57916259765625,2.654838709677419,80.4496578690127,2.838709677419355,86.0215053763441,2.6451612903225805,80.1564027370479
1.1850398649694398,10.532860678061525,-0.4158935546875,0.63311767578125,0.29705810546875,0.581298828125,2.6999999999999997,81.81818181818181,2.8419354838709676,86.11925708699903,2.6741935483870964,81.03616813294232
1.205079925013706,10.532860678061525,-0.4158935546875,0.63311767578125,0.29705810546875,0.581298828125,2.6709677419354834,80.93841642228737,2.838709677419355,86.0215053763441,2.654838709677419,80.4496578690127
1.2252351250499487,10.532860678061525,-0.4158935546875,0.63311767578125,0.29705810546875,0.581298828125,2.6741935483870964,81.03616813294232,2.8483870967741933,86.3147605083089,2.629032258064516,79.6676441837732
1.246075498056598,10.62821756881894,-0.41473388671875,0.6334228515625,0.29345703125,0.58367919921875,2.6419354838709674,80.05865102639295,2.832258064516129,85.82600195503422,2.5774193548387094,78.10361681329422
1.2653329099994153,10.62821756881894,-0.41473388671875,0.6334228515625,0.29345703125,0.58367919921875,2.6709677419354834,80.93841642228737,2.8129032258064517,85.23949169110459,2.6645161290322577,80.74291300097751
1.2854115320369601,10.735265479803658,-0.4119873046875,0.6351318359375,0.2891845703125,0.58587646484375,2.654838709677419,80.4496578690127,2.835483870967742,85.92375366568915,2.6354838709677417,79.86314760508309
1.3054801049875095,10.735265479803658,-0.4119873046875,0.6351318359375,0.2891845703125,0.58587646484375,2.6774193548387095,81.13391984359725,2.861290322580645,86.70576735092864,2.6322580645161286,79.76539589442815
1.3255585350561887,10.735265479803658,-0.4119873046875,0.6351318359375,0.2891845703125,0.58587646484375,2.693548387096774,81.62267839687193,2.832258064516129,85.82600195503422,2.6741935483870964,81.03616813294232
1.3468925539636984,10.799387237017697,-0.408935546875,0.636962890625,0.28485107421875,0.58819580078125,2.6709677419354834,80.93841642228737,2.838709677419355,86.0215053763441,2.680645161290322,81.23167155425219
1.3658315250650048,10.799387237017697,-0.408935546875,0.636962890625,0.28485107421875,0.58819580078125,2.6419354838709674,80.05865102639295,2.8483870967741933,86.3147605083089,2.6677419354838707,80.84066471163244
1.3858045439701527,10.883547132351325,-0.40570068359375,0.63885498046875,0.28057861328125,0.59039306640625,2.693548387096774,81.62267839687193,2.835483870967742,85.92375366568915,2.6387096774193544,79.960899315738
1.4059204780496657,10.883547132351325,-0.40570068359375,0.63885498046875,0.28057861328125,0.59039306640625,2.6838709677419352,81.32942326490713,2.8483870967741933,86.3147605083089,2.6322580645161286,79.76539589442815
1.426405576057732,10.883547132351325,-0.40570068359375,0.63885498046875,0.28057861328125,0.59039306640625,2.6838709677419352,81.32942326490713,2.861290322580645,86.70576735092864,2.6032258064516127,78.88563049853371
1.4465837840689346,10.994741911899126,-0.40301513671875,0.640869140625,0.277099609375,0.59161376953125,2.693548387096774,81.62267839687193,2.861290322580645,86.70576735092864,2.6516129032258062,80.35190615835776
1.466145046055317,10.994741911899126,-0.40301513671875,0.640869140625,0.277099609375,0.59161376953125,2.654838709677419,80.4496578690127,2.825806451612903,85.63049853372434,2.6354838709677417,79.86314760508309
1.486450043041259,11.084472022184684,-0.4002685546875,0.643310546875,0.27374267578125,0.5924072265625,2.6774193548387095,81.13391984359725,2.8548387096774195,86.51026392961879,2.680645161290322,81.23167155425219
1.506288561038673,11.084472022184684,-0.4002685546875,0.643310546875,0.27374267578125,0.5924072265625,2.6709677419354834,80.93841642228737,2.838709677419355,86.0215053763441,2.654838709677419,80.4496578690127
1.5266765679698437,11.084472022184684,-0.4002685546875,0.643310546875,0.27374267578125,0.5924072265625,2.6838709677419352,81.32942326490713,2.8096774193548386,85.14173998044966,2.6419354838709674,80.05865102639295
1.5466533619910479,11.142227251883625,-0.39739990234375,0.64581298828125,0.270751953125,0.593017578125,2.6709677419354834,80.93841642228737,2.832258064516129,85.82600195503422,2.5774193548387094,78.10361681329422
1.5665282340487465,11.142227251883625,-0.39739990234375,0.64581298828125,0.270751953125,0.593017578125,2.7064516129032254,82.01368523949168,2.796774193548387,84.75073313782991,2.629032258064516,79.6676441837732
1.586841518059373,11.175089728482192,-0.39471435546875,0.648193359375,0.2686767578125,0.5931396484375,2.6774193548387095,81.13391984359725,2.8483870967741933,86.3147605083089,2.629032258064516,79.6676441837732
1.6067209980683401,11.175089728482192,-0.39471435546875,0.648193359375,0.2686767578125,0.5931396484375,2.680645161290322,81.23167155425219,2.861290322580645,86.70576735092864,2.5774193548387094,78.10361681329422
1.626809378969483,11.175089728482192,-0.39471435546875,0.648193359375,0.2686767578125,0.5931396484375,2.687096774193548,81.42717497556205,2.8419354838709676,86.11925708699903,2.6451612903225805,80.1564027370479
1.646856831968762,11.131260651312047,-0.39263916015625,0.6500244140625,0.267822265625,0.59295654296875,2.6999999999999997,81.81818181818181,2.861290322580645,86.70576735092864,2.6419354838709674,80.05865102639295
1.6669842869741842,11.131260651312047,-0.39263916015625,0.6500244140625,0.267822265625,0.59295654296875,2.6419354838709674,80.05865102639295,2.825806451612903,85.63049853372434,2.625806451612903,79.56989247311827
1.6874290000414476,11.137733163357908,-0.39111328125,0.65191650390625,0.2677001953125,0.5919189453125,2.654838709677419,80.4496578690127,2.838709677419355,86.0215053763441,2.5774193548387094,78.10361681329422
1.7071130810072646,11.137733163357908,-0.39111328125,0.65191650390625,0.2677001953125,0.5919189453125,2.6677419354838707,80.84066471163244,2.835483870967742,85.92375366568915,2.6322580645161286,79.76539589442815
1.7272438959917054,11.137733163357908,-0.39111328125,0.65191650390625,0.2677001953125,0.5919189453125,2.680645161290322,81.23167155425219,2.832258064516129,85.82600195503422,2.596774193548387,78.69012707722385
1.7475203480571508,11.167946550627093,-0.3905029296875,0.65380859375,0.268798828125,0.5897216796875,2.6741935483870964,81.03616813294232,2.8483870967741933,86.3147605083089,2.593548387096774,78.59237536656892
1.7677748469868675,11.167946550627093,-0.3905029296875,0.65380859375,0.268798828125,0.5897216796875,2.7064516129032254,82.01368523949168,2.838709677419355,86.0215053763441,2.6193548387096772,79.37438905180841
1.7881024680100381,11.181612037033432,-0.390869140625,0.6544189453125,0.27001953125,0.5882568359375,2.6516129032258062,80.35190615835776,2.8548387096774195,86.51026392961879,2.629032258064516,79.6676441837732
1.8075477259699255,11.181612037033432,-0.390869140625,0.6544189453125,0.27001953125,0.5882568359375,2.680645161290322,81.23167155425219,2.806451612903226,85.04398826979474,2.625806451612903,79.56989247311827
1.8276984459953383,11.181612037033432,-0.390869140625,0.6544189453125,0.27001953125,0.5882568359375,2.7483870967741932,83.28445747800586,2.832258064516129,85.82600195503422,2.6064516129032254,78.98338220918865
1.8478926230454817,11.239899383016251,-0.3905029296875,0.655029296875,0.26971435546875,0.587890625,2.687096774193548,81.42717497556205,2.8096774193548386,85.14173998044966,2.6322580645161286,79.76539589442815
1.8677984710084274,11.239899383016251,-0.3905029296875,0.655029296875,0.26971435546875,0.587890625,2.687096774193548,81.42717497556205,2.796774193548387,84.75073313782991,2.6387096774193544,79.960899315738
1.8889384680660442,11.148605166036404,-0.390380859375,0.65460205078125,0.27001953125,0.58837890625,2.690322580645161,81.524926686217,2.7838709677419353,84.35972629521017,2.629032258064516,79.6676441837732
1.9078822400188074,11.148605166036404,-0.390380859375,0.65460205078125,0.27001953125,0.58837890625,2.6838709677419352,81.32942326490713,2.829032258064516,85.72825024437928,2.6193548387096772,79.37438905180841
1.9280023979954422,11.148605166036404,-0.390380859375,0.65460205078125,0.27001953125,0.58837890625,2.680645161290322,81.23167155425219,2.8096774193548386,85.14173998044966,2.629032258064516,79.6676441837732
1.9481039970414713,11.005227902092258,-0.39080810546875,0.65252685546875,0.27020263671875,0.59033203125,2.6709677419354834,80.93841642228737,2.867741935483871,86.90127077223852,2.616129032258064,79.27663734115346
1.9681706819683313,11.005227902092258,-0.39080810546875,0.65252685546875,0.27020263671875,0.59033203125,2.6709677419354834,80.93841642228737,2.8419354838709676,86.11925708699903,2.6451612903225805,80.1564027370479
1.988243606989272,10.964990911743698,-0.3919677734375,0.65069580078125,0.2705078125,0.5914306640625,2.658064516129032,80.54740957966764,2.803225806451613,84.94623655913979,2.596774193548387,78.69012707722385
2.008294675964862,10.964990911743698,-0.3919677734375,0.65069580078125,0.2705078125,0.5914306640625,2.693548387096774,81.62267839687193,2.806451612903226,85.04398826979474,2.6193548387096772,79.37438905180841
2.028411795035936,10.964990911743698,-0.3919677734375,0.65069580078125,0.2705078125,0.5914306640625,2.680645161290322,81.23167155425219,2.8451612903225807,86.21700879765396,2.6419354838709674,80.05865102639295
2.04844804701861,10.967654578768048,-0.39337158203125,0.64898681640625,0.27069091796875,0.59228515625,2.6774193548387095,81.13391984359725,2.8548387096774195,86.51026392961879,2.6193548387096772,79.37438905180841
2.06856580497697,10.967654578768048,-0.39337158203125,0.64898681640625,0.27069091796875,0.59228515625,2.629032258064516,79.6676441837732,2.8451612903225807,86.21700879765396,2.6354838709677417,79.86314760508309
2.088678444037214,10.964102132530243,-0.39349365234375,0.64813232421875,0.2698974609375,0.593505859375,2.6967741935483867,81.72043010752688,2.829032258064516,85.72825024437928,2.6322580645161286,79.76539589442815
2.1087216719752178,10.964102132530243,-0.39349365234375,0.64813232421875,0.2698974609375,0.593505859375,2.6741935483870964,81.03616813294232,2.838709677419355,86.0215053763441,2.629032258064516,79.6676441837732
2.128815366071649,10.964102132530243,-0.39349365234375,0.64813232421875,0.2698974609375,0.593505859375,2.680645161290322,81.23167155425219,2.838709677419355,86.0215053763441,2.629032258064516,79.6676441837732
2.1488891560584307,11.006314640918006,-0.39312744140625,0.64794921875,0.26873779296875,0.59442138671875,2.6774193548387095,81.13391984359725,2.8451612903225807,86.21700879765396,2.6032258064516127,78.88563049853371
2.1689822420012206,11.006314640918006,-0.39312744140625,0.64794921875,0.26873779296875,0.59442138671875,2.6774193548387095,81.13391984359725,2.8516129032258064,86.41251221896383,2.6032258064516127,78.88563049853371
2.1890458549605682,10.948820158289124,-0.3922119140625,0.647705078125,0.26776123046875,0.59576416015625,2.687096774193548,81.42717497556205,2.8483870967741933,86.3147605083089,2.6419354838709674,80.05865102639295
2.2091358370380476,10.948820158289124,-0.3922119140625,0.647705078125,0.26776123046875,0.59576416015625,2.6838709677419352,81.32942326490713,2.8870967741935485,87.48778103616814,2.593548387096774,78.59237536656892
2.2292730200570077,10.948820158289124,-0.3922119140625,0.647705078125,0.26776123046875,0.59576416015625,2.6967741935483867,81.72043010752688,2.8483870967741933,86.3147605083089,2.6032258064516127,78.88563049853371
2.249535231036134,10.763051748394759,-0.391357421875,0.64703369140625,0.2684326171875,0.5968017578125,2.6774193548387095,81.13391984359725,2.861290322580645,86.70576735092864,2.625806451612903,79.56989247311827
2.2694065179675817,10.763051748394759,-0.391357421875,0.64703369140625,0.2684326171875,0.5968017578125,2.680645161290322,81.23167155425219,2.8483870967741933,86.3147605083089,2.6193548387096772,79.37438905180841
2.2894661310128868,10.60149748960174,-0.39129638671875,0.64599609375,0.27001953125,0.59722900390625,2.6645161290322577,80.74291300097751,2.825806451612903,85.63049853372434,2.6322580645161286,79.76539589442815
2.3095572650199756,10.60149748960174,-0.39129638671875,0.64599609375,0.27001953125,0.59722900390625,2.654838709677419,80.4496578690127,2.825806451612903,85.63049853372434,2.6354838709677417,79.86314760508309
2.329625134007074,10.60149748960174,-0.39129638671875,0.64599609375,0.27001953125,0.59722900390625,2.6999999999999997,81.81818181818181,2.7870967741935484,84.4574780058651,2.6322580645161286,79.76539589442815
2.3496975160669535,10.619601639013183,-0.392822265625,0.64605712890625,0.272216796875,0.59515380859375,2.680645161290322,81.23167155425219,2.8161290322580643,85.33724340175954,2.661290322580645,80.64516129032258
2.3698087140219286,10.619601639013183,-0.392822265625,0.64605712890625,0.272216796875,0.59515380859375,2.680645161290322,81.23167155425219,2.8483870967741933,86.3147605083089,2.6322580645161286,79.76539589442815
2.389851270010695,10.647739361764337,-0.3955078125,0.64495849609375,0.275390625,0.593017578125,2.680645161290322,81.23167155425219,2.7774193548387096,84.1642228739003,2.6322580645161286,79.76539589442815
2.409922788036056,10.647739361764337,-0.3955078125,0.64495849609375,0.275390625,0.593017578125,2.6419354838709674,80.05865102639295,2.8129032258064517,85.23949169110459,2.6419354838709674,80.05865102639295
2.430010978016071,10.647739361764337,-0.3955078125,0.64495849609375,0.275390625,0.593017578125,2.6774193548387095,81.13391984359725,2.832258064516129,85.82600195503422,2.5774193548387094,78.10361681329422
2.450081023038365,10.558156698078662,-0.398681640625,0.64202880859375,0.27801513671875,0.59295654296875,2.680645161290322,81.23167155425219,2.8129032258064517,85.23949169110459,2.6032258064516127,78.88563049853371
2.470166428014636,10.558156698078662,-0.398681640625,0.64202880859375,0.27801513671875,0.59295654296875,2.6419354838709674,80.05865102639295,2.7838709677419353,84.35972629521017,2.648387096774193,80.25415444770283
2.4902308100135997,10.872408869741307,-0.40374755859375,0.63958740234375,0.2786865234375,0.591796875,2.7032258064516124,81.91593352883673,2.7870967741935484,84.4574780058651,2.6774193548387095,81.13391984359725
2.51033835997805,10.872408869741307,-0.40374755859375,0.63958740234375,0.2786865234375,0.591796875,2.6741935483870964,81.03616813294232,2.803225806451613,84.94623655913979,2.6322580645161286,79.76539589442815
2.530383380013518,10.872408869741307,-0.40374755859375,0.63958740234375,0.2786865234375,0.591796875,2.658064516129032,80.54740957966764,2.774193548387097,84.06647116324537,2.6516129032258062,80.35190615835776
2.5504597619874403,11.404348625533942,-0.4117431640625,0.63677978515625,0.2796630859375,0.5888671875,2.661290322580645,80.64516129032258,2.796774193548387,84.75073313782991,2.6096774193548384,79.0811339198436
2.5705411350354552,11.404348625533942,-0.4117431640625,0.63677978515625,0.2796630859375,0.5888671875,2.6677419354838707,80.84066471163244,2.803225806451613,84.94623655913979,2.6387096774193544,79.960899315738
2.591719374060631,12.402051810029306,-0.42315673828125,0.63330078125,0.2781982421875,0.585205078125,2.6677419354838707,80.84066471163244,2.7806451612903227,84.26197458455523,2.6387096774193544,79.960899315738
2.610696393996477,12.402051810029306,-0.42315673828125,0.63330078125,0.2781982421875,0.585205078125,2.629032258064516,79.6676441837732,2.767741935483871,83.87096774193549,2.680645161290322,81.23167155425219
2.630776616046205,12.402051810029306,-0.42315673828125,0.63330078125,0.2781982421875,0.585205078125,2.725806451612903,82.6001955034213,2.7322580645161287,82.79569892473117,2.616129032258064,79.27663734115346
2.650875429972075,13.947132630082251,-0.43719482421875,0.6279296875,0.27117919921875,0.583984375,2.629032258064516,79.6676441837732,2.7064516129032254,82.01368523949168,2.593548387096774,78.59237536656892
2.670898210024461,13.947132630082251,-0.43719482421875,0.6279296875,0.27117919921875,0.583984375,2.661290322580645,80.64516129032258,2.767741935483871,83.87096774193549,2.6129032258064515,79.17888563049853
2.690985952038318,16.222163723897324,-0.453369140625,0.62066650390625,0.2569580078125,0.5858154296875,2.725806451612903,82.6001955034213,2.7580645161290325,83.57771260997069,2.5999999999999996,78.78787878787878
2.7110385560663417,16.222163723897324,-0.453369140625,0.62066650390625,0.2569580078125,0.5858154296875,2.658064516129032,80.54740957966764,2.7064516129032254,82.01368523949168,2.583870967741935,78.2991202346041
2.7311748439678922,16.222163723897324,-0.453369140625,0.62066650390625,0.2569580078125,0.5858154296875,2.658064516129032,80.54740957966764,2.7516129032258063,83.38220918866081,2.5741935483870964,78.00586510263928
2.751241017016582,19.13347384875324,-0.47027587890625,0.61175537109375,0.23614501953125,0.59063720703125,2.629032258064516,79.6676441837732,2.7580645161290325,83.57771260997069,2.5806451612903225,78.20136852394917
2.7713017179630697,19.13347384875324,-0.47027587890625,0.61175537109375,0.23614501953125,0.59063720703125,2.6645161290322577,80.74291300097751,2.719354838709677,82.40469208211142,2.564516129032258,77.71260997067448
2.7920767120085657,22.76455721417115,-0.490234375,0.6002197265625,0.21112060546875,0.595703125,2.658064516129032,80.54740957966764,2.7548387096774194,83.47996089931574,2.551612903225806,77.32160312805473
2.8114570090547204,22.76455721417115,-0.490234375,0.6002197265625,0.21112060546875,0.595703125,2.658064516129032,80.54740957966764,2.7548387096774194,83.47996089931574,2.5709677419354837,77.90811339198436
2.831574126961641,22.76455721417115,-0.490234375,0.6002197265625,0.21112060546875,0.595703125,2.62258064516129,79.47214076246333,2.7419354838709675,83.08895405669598,2.5451612903225804,77.12609970674487
2.8522772800642997,27.099487473915715,-0.51177978515625,0.58465576171875,0.18096923828125,0.6029052734375,2.6516129032258062,80.35190615835776,2.7387096774193544,82.99120234604105,2.596774193548387,78.69012707722385
2.8717326830374077,27.099487473915715,-0.51177978515625,0.58465576171875,0.18096923828125,0.6029052734375,2.6709677419354834,80.93841642228737,2.7290322580645157,82.69794721407624,2.5774193548387094,78.10361681329422
2.8918154960265383,31.64980680526039,-0.5321044921875,0.56707763671875,0.14898681640625,0.61077880859375,2.648387096774193,80.25415444770283,2.7516129032258063,83.38220918866081,2.5806451612903225,78.20136852394917
2.911875525023788,31.64980680526039,-0.5321044921875,0.56707763671875,0.14898681640625,0.61077880859375,2.6451612903225805,80.1564027370479,2.7387096774193544,82.99120234604105,2.596774193548387,78.69012707722385
2.9319853800116107,31.64980680526039,-0.5321044921875,0.56707763671875,0.14898681640625,0.61077880859375,2.661290322580645,80.64516129032258,2.719354838709677,82.40469208211142,2.593548387096774,78.59237536656892
2.9520327360369265,36.001154668748796,-0.55267333984375,0.54864501953125,0.1207275390625,0.61566162109375,2.596774193548387,78.69012707722385,2.7290322580645157,82.69794721407624,2.5806451612903225,78.20136852394917
2.9721110380487517,36.001154668748796,-0.55267333984375,0.54864501953125,0.1207275390625,0.61566162109375,2.519354838709677,76.34408602150538,2.7322580645161287,82.79569892473117,2.6129032258064515,79.17888563049853
2.9921900109620765,40.09291182070385,-0.572509765625,0.52996826171875,0.0958251953125,0.61822509765625,2.648387096774193,80.25415444770283,2.7354838709677414,82.8934506353861,2.525806451612903,76.53958944281524
3.01231567398645,40.09291182070385,-0.572509765625,0.52996826171875,0.0958251953125,0.61822509765625,2.5774193548387094,78.10361681329422,2.7354838709677414,82.8934506353861,2.587096774193548,78.39687194525904
3.0324040880659595,40.09291182070385,-0.572509765625,0.52996826171875,0.0958251953125,0.61822509765625,2.6516129032258062,80.35190615835776,2.7580645161290325,83.57771260997069,2.5999999999999996,78.78787878787878
3.0524485639762133,44.00126693358717,-0.5902099609375,0.51226806640625,0.07147216796875,0.6197509765625,2.6387096774193544,79.960899315738,2.74516129032258,83.18670576735092,2.596774193548387,78.69012707722385
3.0725047209998593,44.00126693358717,-0.5902099609375,0.51226806640625,0.07147216796875,0.6197509765625,2.6322580645161286,79.76539589442815,2.7322580645161287,82.79569892473117,2.5774193548387094,78.10361681329422
3.0925899989670143,47.556740276307316,-0.604736328125,0.4976806640625,0.04779052734375,0.61993408203125,2.6387096774193544,79.960899315738,2.74516129032258,83.18670576735092,2.5806451612903225,78.20136852394917
3.1126623160671443,47.556740276307316,-0.604736328125,0.4976806640625,0.04779052734375,0.61993408203125,2.616129032258064,79.27663734115346,2.693548387096774,81.62267839687193,2.616129032258064,79.27663734115346
3.1327452580444515,47.556740276307316,-0.604736328125,0.4976806640625,0.04779052734375,0.61993408203125,2.625806451612903,79.56989247311827,2.6999999999999997,81.81818181818181,2.616129032258064,79.27663734115346
3.1528435919899493,51.098196348960265,-0.62017822265625,0.4832763671875,0.02520751953125,0.61737060546875,2.6354838709677417,79.86314760508309,2.7032258064516124,81.91593352883673,2.5806451612903225,78.20136852394917
3.1728920369641855,51.098196348960265,-0.62017822265625,0.4832763671875,0.02520751953125,0.61737060546875,2.6064516129032254,78.98338220918865,2.6709677419354834,80.93841642228737,2.554838709677419,77.41935483870968
3.1929995550308377,54.65375972840417,-0.6363525390625,0.4669189453125,0.0040283203125,0.614013671875,2.6129032258064515,79.17888563049853,2.616129032258064,79.27663734115346,2.5709677419354837,77.90811339198436
3.2130511039867997,54.65375972840417,-0.6363525390625,0.4669189453125,0.0040283203125,0.614013671875,2.6032258064516127,78.88563049853371,2.5806451612903225,78.20136852394917,2.6032258064516127,78.88563049853371
3.2331518380669877,54.65375972840417,-0.6363525390625,0.4669189453125,0.0040283203125,0.614013671875,2.6032258064516127,78.88563049853371,2.5483870967741935,77.2238514173998,2.5806451612903225,78.20136852394917
3.2532083470141515,58.05090820255161,-0.6507568359375,0.45123291015625,-0.0167236328125,0.6104736328125,2.5741935483870964,78.00586510263928,2.5032258064516126,75.8553274682307,2.590322580645161,78.49462365591397
3.2732852400513366,58.05090820255161,-0.6507568359375,0.45123291015625,-0.0167236328125,0.6104736328125,2.5677419354838706,77.81036168132943,2.5032258064516126,75.8553274682307,2.5387096774193547,76.93059628543499
3.2933661020360887,61.380896693677,-0.6640625,0.435791015625,-0.03729248046875,0.60638427734375,2.5451612903225804,77.12609970674487,2.5064516129032257,75.95307917888563,2.5387096774193547,76.93059628543499
3.313439154997468,61.380896693677,-0.6640625,0.435791015625,-0.03729248046875,0.60638427734375,2.5419354838709673,77.02834799608992,2.4419354838709677,73.9980449657869,2.551612903225806,77.32160312805473
3.3335163689916953,61.380896693677,-0.6640625,0.435791015625,-0.03729248046875,0.60638427734375,2.5161290322580645,76.24633431085044,2.4709677419354836,74.87781036168133,2.5774193548387094,78.10361681329422
3.353930648067035,64.43892355931655,-0.6754150390625,0.42120361328125,-0.05645751953125,0.60272216796875,2.5096774193548383,76.05083088954055,2.425806451612903,73.50928641251222,2.5387096774193547,76.93059628543499
3.374048855039291,64.43892355931655,-0.6754150390625,0.42120361328125,-0.05645751953125,0.60272216796875,2.490322580645161,75.46432062561095,2.403225806451613,72.82502443792767,2.561290322580645,77.61485826001955
3.393800011021085,67.3671869649006,-0.68603515625,0.40869140625,-0.0753173828125,0.59722900390625,2.493548387096774,75.56207233626587,2.454838709677419,74.38905180840665,2.5677419354838706,77.81036168132943
3.413886088063009,67.3671869649006,-0.68603515625,0.40869140625,-0.0753173828125,0.59722900390625,2.4774193548387093,75.07331378299119,2.403225806451613,72.82502443792767,2.6032258064516127,78.88563049853371
3.4340009989682585,67.3671869649006,-0.68603515625,0.40869140625,-0.0753173828125,0.59722900390625,2.4838709677419355,75.26881720430107,2.3838709677419354,72.23851417399804,2.554838709677419,77.41935483870968
3.4540258269989863,69.95748175629953,-0.6962890625,0.397705078125,-0.0911865234375,0.59051513671875,2.5129032258064514,76.1485826001955,2.3645161290322583,71.65200391006844,2.5709677419354837,77.90811339198436
3.474102367996238,69.95748175629953,-0.6962890625,0.397705078125,-0.0911865234375,0.59051513671875,2.5129032258064514,76.1485826001955,2.3806451612903228,72.14076246334312,2.561290322580645,77.61485826001955
3.4941763180540875,72.33199935079614,-0.703857421875,0.38787841796875,-0.10699462890625,0.58538818359375,2.496774193548387,75.65982404692082,2.3322580645161293,70.67448680351907,2.5709677419354837,77.90811339198436
3.5142866199603304,72.33199935079614,-0.703857421875,0.38787841796875,-0.10699462890625,0.58538818359375,2.4741935483870967,74.97556207233626,2.3548387096774195,71.35874877810362,2.564516129032258,77.71260997067448
3.534350904985331,72.33199935079614,-0.703857421875,0.38787841796875,-0.10699462890625,0.58538818359375,2.490322580645161,75.46432062561095,2.306451612903226,69.89247311827957,2.561290322580645,77.61485826001955
3.5544121500570327,74.51174075264841,-0.70947265625,0.380126953125,-0.12286376953125,0.58056640625,2.454838709677419,74.38905180840665,2.3096774193548386,69.99022482893452,2.551612903225806,77.32160312805473
3.5745352850062773,74.51174075264841,-0.70947265625,0.380126953125,-0.12286376953125,0.58056640625,2.435483870967742,73.80254154447702,2.3419354838709676,70.96774193548387,2.5451612903225804,77.12609970674487
3.599063192959875,76.47918764930854,-0.71563720703125,0.375732421875,-0.13726806640625,0.57257080078125,2.42258064516129,73.41153470185728,2.3451612903225807,71.0654936461388,2.532258064516129,76.73509286412512
3.614664591033943,76.47918764930854,-0.71563720703125,0.375732421875,-0.13726806640625,0.57257080078125,2.467741935483871,74.7800586510264,2.325806451612903,70.4789833822092,2.561290322580645,77.61485826001955
3.634770606062375,76.47918764930854,-0.71563720703125,0.375732421875,-0.13726806640625,0.57257080078125,2.4709677419354836,74.87781036168133,2.367741935483871,71.74975562072336,2.525806451612903,76.53958944281524
3.6548330349614844,78.25338228494111,-0.7220458984375,0.37274169921875,-0.1497802734375,0.563232421875,2.467741935483871,74.7800586510264,2.4096774193548387,73.02052785923753,2.564516129032258,77.71260997067448
3.674894344061613,78.25338228494111,-0.7220458984375,0.37274169921875,-0.1497802734375,0.563232421875,2.454838709677419,74.38905180840665,2.3838709677419354,72.23851417399804,2.551612903225806,77.32160312805473
3.6957287000259385,80.09878067412293,-0.7274169921875,0.36785888671875,-0.16290283203125,0.55584716796875,2.4290322580645163,73.60703812316717,2.367741935483871,71.74975562072336,2.5709677419354837,77.90811339198436
3.7149943690747023,80.09878067412293,-0.7274169921875,0.36785888671875,-0.16290283203125,0.55584716796875,2.493548387096774,75.56207233626587,2.3483870967741938,71.16324535679375,2.525806451612903,76.53958944281524
3.735108064021915,80.09878067412293,-0.7274169921875,0.36785888671875,-0.16290283203125,0.55584716796875,2.4387096774193546,73.90029325513197,2.3451612903225807,71.0654936461388,2.5419354838709673,77.02834799608992
3.7551502040587366,82.08707983704585,-0.7314453125,0.35968017578125,-0.1771240234375,0.55157470703125,2.4483870967741934,74.19354838709677,2.270967741935484,68.81720430107528,2.5677419354838706,77.81036168132943
3.775246778037399,82.08707983704585,-0.7314453125,0.35968017578125,-0.1771240234375,0.55157470703125,2.4419354838709677,73.9980449657869,2.3000000000000003,69.69696969696972,2.564516129032258,77.71260997067448
3.7953525360208005,84.0348109061059,-0.7352294921875,0.35101318359375,-0.19073486328125,0.54754638671875,2.412903225806452,73.11827956989248,2.2419354838709675,67.93743890518084,2.551612903225806,77.32160312805473
3.8154018130153418,84.0348109061059,-0.7352294921875,0.35101318359375,-0.19073486328125,0.54754638671875,2.4,72.72727272727273,2.261290322580645,68.52394916911047,2.5483870967741935,77.2238514173998
3.8355033149709925,84.0348109061059,-0.7352294921875,0.35101318359375,-0.19073486328125,0.54754638671875,2.4096774193548387,73.02052785923753,2.2677419354838713,68.71945259042035,2.52258064516129,76.44183773216031
3.855557712027803,85.96591062521482,-0.73956298828125,0.3438720703125,-0.20416259765625,0.5413818359375,2.4193548387096775,73.31378299120234,2.2483870967741932,68.1329423264907,2.52258064516129,76.44183773216031
3.8756752150366083,85.96591062521482,-0.73956298828125,0.3438720703125,-0.20416259765625,0.5413818359375,2.4193548387096775,73.31378299120234,2.261290322580645,68.52394916911047,2.5483870967741935,77.2238514173998
3.895749132032506,87.92037747546398,-0.7445068359375,0.3370361328125,-0.21728515625,0.5338134765625,2.42258064516129,73.41153470185728,2.2548387096774194,68.32844574780059,2.554838709677419,77.41935483870968
3.9157812560442835,87.92037747546398,-0.7445068359375,0.3370361328125,-0.21728515625,0.5338134765625,2.4064516129032256,72.9227761485826,2.3161290322580648,70.1857282502444,2.616129032258064,79.27663734115346
3.935882374062203,87.92037747546398,-0.7445068359375,0.3370361328125,-0.21728515625,0.5338134765625,2.4096774193548387,73.02052785923753,2.3516129032258064,71.26099706744868,2.564516129032258,77.71260997067448
3.955920323031023,89.97569733243073,-0.7484130859375,0.32928466796875,-0.23162841796875,0.527099609375,2.4,72.72727272727273,2.3225806451612905,70.38123167155426,2.5999999999999996,78.78787878787878
3.976009504054673,89.97569733243073,-0.7484130859375,0.32928466796875,-0.23162841796875,0.527099609375,2.412903225806452,73.11827956989248,2.3838709677419354,72.23851417399804,2.5741935483870964,78.00586510263928
3.996111519052647,91.92502023574546,-0.75103759765625,0.3214111328125,-0.24566650390625,0.52178955078125,2.42258064516129,73.41153470185728,2.403225806451613,72.82502443792767,2.5741935483870964,78.00586510263928
4.016169404028915,91.92502023574546,-0.75103759765625,0.3214111328125,-0.24566650390625,0.52178955078125,2.425806451612903,73.50928641251222,2.358064516129032,71.45650048875855,2.5774193548387094,78.10361681329422
4.036264762049541,91.92502023574546,-0.75103759765625,0.3214111328125,-0.24566650390625,0.52178955078125,2.42258064516129,73.41153470185728,2.3645161290322583,71.65200391006844,2.5677419354838706,77.81036168132943
4.056309750070795,93.93523998318094,-0.7537841796875,0.3133544921875,-0.25994873046875,0.51580810546875,2.42258064516129,73.41153470185728,2.3483870967741938,71.16324535679375,2.5709677419354837,77.90811339198436
4.0763991239946336,93.93523998318094,-0.7537841796875,0.3133544921875,-0.25994873046875,0.51580810546875,2.393548387096774,72.53176930596285,2.3419354838709676,70.96774193548387,2.5709677419354837,77.90811339198436
4.096472401055507,96.14078577668573,-0.7574462890625,0.30389404296875,-0.27459716796875,0.5084228515625,2.412903225806452,73.11827956989248,2.3225806451612905,70.38123167155426,2.583870967741935,78.2991202346041
4.116549647063948,96.14078577668573,-0.7574462890625,0.30389404296875,-0.27459716796875,0.5084228515625,2.4,72.72727272727273,2.367741935483871,71.74975562072336,2.525806451612903,76.53958944281524
4.136629484011792,96.14078577668573,-0.7574462890625,0.30389404296875,-0.27459716796875,0.5084228515625,2.4,72.72727272727273,2.390322580645161,72.43401759530792,2.5677419354838706,77.81036168132943
4.156758347060531,98.49410515706442,-0.7618408203125,0.29449462890625,-0.289794921875,0.4989013671875,2.370967741935484,71.8475073313783,2.3838709677419354,72.23851417399804,2.5774193548387094,78.10361681329422
4.17682016803883,98.49410515706442,-0.7618408203125,0.29449462890625,-0.289794921875,0.4989013671875,2.4612903225806453,74.58455522971653,2.370967741935484,71.8475073313783,2.5709677419354837,77.90811339198436
4.1968987580621615,100.83027802497143,-0.76556396484375,0.28704833984375,-0.3056640625,0.4879150390625,2.435483870967742,73.80254154447702,2.3967741935483873,72.6295210166178,2.596774193548387,78.69012707722385
4.216999268042855,100.83027802497143,-0.76556396484375,0.28704833984375,-0.3056640625,0.4879150390625,2.3870967741935485,72.33626588465299,2.4193548387096775,73.31378299120234,2.6032258064516127,78.88563049853371
4.237102370010689,100.83027802497143,-0.76556396484375,0.28704833984375,-0.3056640625,0.4879150390625,2.393548387096774,72.53176930596285,2.425806451612903,73.50928641251222,2.551612903225806,77.32160312805473
4.25714591902215,103.20824955820662,-0.76812744140625,0.2799072265625,-0.32257080078125,0.47705078125,2.4161290322580644,73.21603128054741,2.42258064516129,73.41153470185728,2.596774193548387,78.69012707722385
4.277248893049546,103.20824955820662,-0.76812744140625,0.2799072265625,-0.32257080078125,0.47705078125,2.4,72.72727272727273,2.458064516129032,74.48680351906158,2.590322580645161,78.49462365591397
4.297360219992697,105.53244435916406,-0.771240234375,0.2745361328125,-0.33868408203125,0.4637451171875,2.4096774193548387,73.02052785923753,2.4612903225806453,74.58455522971653,2.5806451612903225,78.20136852394917
4.317398807965219,105.53244435916406,-0.771240234375,0.2745361328125,-0.33868408203125,0.4637451171875,2.4161290322580644,73.21603128054741,2.4838709677419355,75.26881720430107,2.5709677419354837,77.90811339198436
4.3374736530240625,105.53244435916406,-0.771240234375,0.2745361328125,-0.33868408203125,0.4637451171875,2.403225806451613,72.82502443792767,2.4741935483870967,74.97556207233626,2.561290322580645,77.61485826001955
4.357550770975649,107.68427120943272,-0.77508544921875,0.27044677734375,-0.3526611328125,0.4490966796875,2.4483870967741934,74.19354838709677,2.5032258064516126,75.8553274682307,2.5774193548387094,78.10361681329422
4.377628304064274,107.68427120943272,-0.77508544921875,0.27044677734375,-0.3526611328125,0.4490966796875,2.425806451612903,73.50928641251222,2.551612903225806,77.32160312805473,2.554838709677419,77.41935483870968
4.397709742072038,109.85569126856255,-0.77813720703125,0.26702880859375,-0.3671875,0.43402099609375,2.3967741935483873,72.6295210166178,2.5677419354838706,77.81036168132943,2.5774193548387094,78.10361681329422
4.417787690996192,109.85569126856255,-0.77813720703125,0.26702880859375,-0.3671875,0.43402099609375,2.445161290322581,74.09579667644185,2.629032258064516,79.6676441837732,2.5677419354838706,77.81036168132943
4.4379243310540915,109.85569126856255,-0.77813720703125,0.26702880859375,-0.3671875,0.43402099609375,2.42258064516129,73.41153470185728,2.5709677419354837,77.90811339198436,2.6032258064516127,78.88563049853371
4.457995400065556,111.81189781163079,-0.77978515625,0.2633056640625,-0.380615234375,0.421630859375,2.4741935483870967,74.97556207233626,2.6032258064516127,78.88563049853371,2.554838709677419,77.41935483870968
4.47807965404354,111.81189781163079,-0.77978515625,0.2633056640625,-0.380615234375,0.421630859375,2.4774193548387093,75.07331378299119,2.5741935483870964,78.00586510263928,2.5387096774193547,76.93059628543499
4.49812953802757,113.37072456990242,-0.78094482421875,0.26165771484375,-0.3914794921875,0.410400390625,2.493548387096774,75.56207233626587,2.6032258064516127,78.88563049853371,2.558064516129032,77.5171065493646
4.518177118967287,113.37072456990242,-0.78094482421875,0.26165771484375,-0.3914794921875,0.410400390625,2.5032258064516126,75.8553274682307,2.5999999999999996,78.78787878787878,2.554838709677419,77.41935483870968
4.538251355988905,113.37072456990242,-0.78094482421875,0.26165771484375,-0.3914794921875,0.410400390625,2.5032258064516126,75.8553274682307,2.62258064516129,79.47214076246333,2.5387096774193547,76.93059628543499
4.558322330005467,114.68287781160396,-0.7816162109375,0.26092529296875,-0.40081787109375,0.40045166015625,2.5032258064516126,75.8553274682307,2.6129032258064515,79.17888563049853,2.5774193548387094,78.10361681329422
4.578402679064311,114.68287781160396,-0.7816162109375,0.26092529296875,-0.40081787109375,0.40045166015625,2.490322580645161,75.46432062561095,2.616129032258064,79.27663734115346,2.590322580645161,78.49462365591397
4.598621657001786,115.83785356070526,-0.78106689453125,0.25970458984375,-0.40972900390625,0.3931884765625,2.532258064516129,76.73509286412512,2.6419354838709674,80.05865102639295,2.561290322580645,77.61485826001955
4.618619668064639,115.83785356070526,-0.78106689453125,0.25970458984375,-0.40972900390625,0.3931884765625,2.551612903225806,77.32160312805473,2.6096774193548384,79.0811339198436,2.564516129032258,77.71260997067448
4.638722546049394,115.83785356070526,-0.78106689453125,0.25970458984375,-0.40972900390625,0.3931884765625,2.5064516129032257,75.95307917888563,2.6193548387096772,79.37438905180841,2.5774193548387094,78.10361681329422
4.658801199984737,116.80901117160231,-0.780029296875,0.260009765625,-0.41790771484375,0.38641357421875,2.5451612903225804,77.12609970674487,2.629032258064516,79.6676441837732,2.554838709677419,77.41935483870968
4.678868685034104,116.80901117160231,-0.780029296875,0.260009765625,-0.41790771484375,0.38641357421875,2.5483870967741935,77.2238514173998,2.6387096774193544,79.960899315738,2.5387096774193547,76.93059628543499
4.699042925029062,117.55568591823263,-0.779052734375,0.2606201171875,-0.42431640625,0.380859375,2.5774193548387094,78.10361681329422,2.5774193548387094,78.10361681329422,2.564516129032258,77.71260997067448
4.7190769059816375,117.55568591823263,-0.779052734375,0.2606201171875,-0.42431640625,0.380859375,2.532258064516129,76.73509286412512,2.654838709677419,80.4496578690127,2.551612903225806,77.32160312805473
4.73915386304725,117.55568591823263,-0.779052734375,0.2606201171875,-0.42431640625,0.380859375,2.532258064516129,76.73509286412512,2.6451612903225805,80.1564027370479,2.5677419354838706,77.81036168132943
4.759235396981239,118.01119335879,-0.77764892578125,0.2626953125,-0.42926025390625,0.3768310546875,2.558064516129032,77.5171065493646,2.6322580645161286,79.76539589442815,2.5741935483870964,78.00586510263928
4.779320418019779,118.01119335879,-0.77764892578125,0.2626953125,-0.42926025390625,0.3768310546875,2.5483870967741935,77.2238514173998,2.6451612903225805,80.1564027370479,2.5774193548387094,78.10361681329422
4.799420192022808,118.27833863650692,-0.7757568359375,0.2642822265625,-0.43316650390625,0.37518310546875,2.564516129032258,77.71260997067448,2.654838709677419,80.4496578690127,2.5387096774193547,76.93059628543499
4.8194604449672624,118.27833863650692,-0.7757568359375,0.2642822265625,-0.43316650390625,0.37518310546875,2.5387096774193547,76.93059628543499,2.661290322580645,80.64516129032258,2.564516129032258,77.71260997067448
4.839551034965552,118.27833863650692,-0.7757568359375,0.2642822265625,-0.43316650390625,0.37518310546875,2.5677419354838706,77.81036168132943,2.658064516129032,80.54740957966764,2.5741935483870964,78.00586510263928
4.859588567051105,118.47610630117823,-0.773681640625,0.26617431640625,-0.436767578125,0.3739013671875,2.590322580645161,78.49462365591397,2.6645161290322577,80.74291300097751,2.5774193548387094,78.10361681329422
4.8796551880659536,118.47610630117823,-0.773681640625,0.26617431640625,-0.436767578125,0.3739013671875,2.5741935483870964,78.00586510263928,2.6354838709677417,79.86314760508309,2.6032258064516127,78.88563049853371
4.899723345064558,118.62330211766528,-0.77239990234375,0.26861572265625,-0.43939208984375,0.37176513671875,2.596774193548387,78.69012707722385,2.6516129032258062,80.35190615835776,2.5709677419354837,77.90811339198436
4.919833583990112,118.62330211766528,-0.77239990234375,0.26861572265625,-0.43939208984375,0.37176513671875,2.5774193548387094,78.10361681329422,2.680645161290322,81.23167155425219,2.5677419354838706,77.81036168132943
4.939856556011364,118.62330211766528,-0.77239990234375,0.26861572265625,-0.43939208984375,0.37176513671875,2.5677419354838706,77.81036168132943,2.6645161290322577,80.74291300097751,2.5774193548387094,78.10361681329422
4.959926984971389,118.66688650079874,-0.7711181640625,0.27093505859375,-0.44122314453125,0.3704833984375,2.5451612903225804,77.12609970674487,2.6741935483870964,81.03616813294232,2.6032258064516127,78.88563049853371
4.979989957995713,118.66688650079874,-0.7711181640625,0.27093505859375,-0.44122314453125,0.3704833984375,2.616129032258064,79.27663734115346,2.719354838709677,82.40469208211142,2.583870967741935,78.2991202346041
5.000052066985518,118.703831795081,-0.76995849609375,0.271484375,-0.442626953125,0.37078857421875,2.590322580645161,78.49462365591397,2.661290322580645,80.64516129032258,2.5677419354838706,77.81036168132943
5.02015926502645,118.703831795081,-0.76995849609375,0.271484375,-0.442626953125,0.37078857421875,2.596774193548387,78.69012707722385,2.6354838709677417,79.86314760508309,2.5709677419354837,77.90811339198436
5.040248702978715,118.703831795081,-0.76995849609375,0.271484375,-0.442626953125,0.37078857421875,2.596774193548387,78.69012707722385,2.629032258064516,79.6676441837732,2.5709677419354837,77.90811339198436
5.060300859971903,118.80255139804913,-0.76934814453125,0.27081298828125,-0.44378662109375,0.3712158203125,2.5774193548387094,78.10361681329422,2.680645161290322,81.23167155425219,2.5677419354838706,77.81036168132943
5.080382362008095,118.80255139804913,-0.76934814453125,0.27081298828125,-0.44378662109375,0.3712158203125,2.6032258064516127,78.88563049853371,2.6677419354838707,80.84066471163244,2.5741935483870964,78.00586510263928
5.1004241179907694,118.80360463271256,-0.76885986328125,0.27099609375,-0.44427490234375,0.37152099609375,2.593548387096774,78.59237536656892,2.680645161290322,81.23167155425219,2.5806451612903225,78.20136852394917
5.120522835990414,118.80360463271256,-0.76885986328125,0.27099609375,-0.44427490234375,0.37152099609375,2.583870967741935,78.2991202346041,2.680645161290322,81.23167155425219,2.551612903225806,77.32160312805473
5.140582320978865,118.80360463271256,-0.76885986328125,0.27099609375,-0.44427490234375,0.37152099609375,2.583870967741935,78.2991202346041,2.6645161290322577,80.74291300097751,2.558064516129032,77.5171065493646
5.160634446074255,118.76792285710091,-0.7686767578125,0.2711181640625,-0.4442138671875,0.37188720703125,2.5774193548387094,78.10361681329422,2.6741935483870964,81.03616813294232,2.5774193548387094,78.10361681329422
5.1806980590336025,118.76792285710091,-0.7686767578125,0.2711181640625,-0.4442138671875,0.37188720703125,2.5806451612903225,78.20136852394917,2.6032258064516127,78.88563049853371,2.6032258064516127,78.88563049853371
5.2007894810521975,118.75761615133815,-0.7684326171875,0.27093505859375,-0.4443359375,0.37237548828125,2.629032258064516,79.6676441837732,2.654838709677419,80.4496578690127,2.590322580645161,78.49462365591397
5.220837541040964,118.75761615133815,-0.7684326171875,0.27093505859375,-0.4443359375,0.37237548828125,2.5806451612903225,78.20136852394917,2.6677419354838707,80.84066471163244,2.554838709677419,77.41935483870968
5.240926083060913,118.75761615133815,-0.7684326171875,0.27093505859375,-0.4443359375,0.37237548828125,2.5806451612903225,78.20136852394917,2.680645161290322,81.23167155425219,2.5387096774193547,76.93059628543499
5.260968960006721,118.73691085575604,-0.76849365234375,0.270751953125,-0.444091796875,0.37261962890625,2.6032258064516127,78.88563049853371,2.6354838709677417,79.86314760508309,2.587096774193548,78.39687194525904
5.281093535013497,118.73691085575604,-0.76849365234375,0.270751953125,-0.444091796875,0.37261962890625,2.593548387096774,78.59237536656892,2.658064516129032,80.54740957966764,2.590322580645161,78.49462365591397
5.301141659030691,118.69919223664411,-0.76885986328125,0.2708740234375,-0.44354248046875,0.37255859375,2.5999999999999996,78.78787878787878,2.654838709677419,80.4496578690127,2.5806451612903225,78.20136852394917
5.321191832073964,118.69919223664411,-0.76885986328125,0.2708740234375,-0.44354248046875,0.37255859375,2.596774193548387,78.69012707722385,2.6645161290322577,80.74291300097751,2.5677419354838706,77.81036168132943
5.341276598046534,118.69919223664411,-0.76885986328125,0.2708740234375,-0.44354248046875,0.37255859375,2.5806451612903225,78.20136852394917,2.6516129032258062,80.35190615835776,2.5677419354838706,77.81036168132943
5.361406389041804,118.68842660581421,-0.76910400390625,0.2706298828125,-0.44317626953125,0.37255859375,2.5806451612903225,78.20136852394917,2.654838709677419,80.4496578690127,2.564516129032258,77.71260997067448
5.694570036022924,118.68842660581421,-0.76910400390625,0.2706298828125,-0.44317626953125,0.37255859375,2.6419354838709674,80.05865102639295,2.654838709677419,80.4496578690127,2.5483870967741935,77.2238514173998
5.694863677024841,118.6964080163144,-0.7694091796875,0.27032470703125,-0.44293212890625,0.37255859375,2.587096774193548,78.39687194525904,2.661290322580645,80.64516129032258,2.5774193548387094,78.10361681329422
5.715047453995794,118.6964080163144,-0.7694091796875,0.27032470703125,-0.44293212890625,0.37255859375,2.5806451612903225,78.20136852394917,2.6322580645161286,79.76539589442815,2.5774193548387094,78.10361681329422
5.735148251987994,118.6964080163144,-0.7694091796875,0.27032470703125,-0.44293212890625,0.37255859375,2.5806451612903225,78.20136852394917,2.654838709677419,80.4496578690127,2.6032258064516127,78.88563049853371
5.7551942319842055,118.70381135390244,-0.7696533203125,0.26995849609375,-0.44268798828125,0.37255859375,2.590322580645161,78.49462365591397,2.654838709677419,80.4496578690127,2.5741935483870964,78.00586510263928
5.775239796959795,118.70381135390244,-0.7696533203125,0.26995849609375,-0.44268798828125,0.37255859375,2.5741935483870964,78.00586510263928,2.654838709677419,80.4496578690127,2.5387096774193547,76.93059628543499
5.79533278697636,118.7129431179977,-0.769775390625,0.26953125,-0.44256591796875,0.37274169921875,2.5774193548387094,78.10361681329422,2.629032258064516,79.6676441837732,2.525806451612903,76.53958944281524
5.815382512053475,118.7129431179977,-0.769775390625,0.26953125,-0.44256591796875,0.37274169921875,2.551612903225806,77.32160312805473,2.6677419354838707,80.84066471163244,2.5709677419354837,77.90811339198436
5.835461869020946,118.7129431179977,-0.769775390625,0.26953125,-0.44256591796875,0.37274169921875,2.6096774193548384,79.0811339198436,2.6741935483870964,81.03616813294232,2.5741935483870964,78.00586510263928
5.855524778016843,118.79546060953743,-0.76910400390625,0.26904296875,-0.44366455078125,0.37310791015625,2.5774193548387094,78.10361681329422,2.658064516129032,80.54740957966764,2.583870967741935,78.2991202346041
5.875582471024245,118.79546060953743,-0.76910400390625,0.26904296875,-0.44366455078125,0.37310791015625,2.593548387096774,78.59237536656892,2.6709677419354834,80.93841642228737,2.6129032258064515,79.17888563049853
5.895671684993431,118.91997573862007,-0.7684326171875,0.268798828125,-0.44512939453125,0.37298583984375,2.616129032258064,79.27663734115346,2.6645161290322577,80.74291300097751,2.6032258064516127,78.88563049853371
5.915741953998804,118.91997573862007,-0.7684326171875,0.268798828125,-0.44512939453125,0.37298583984375,2.5774193548387094,78.10361681329422,2.6419354838709674,80.05865102639295,2.583870967741935,78.2991202346041
5.935830687987618,118.91997573862007,-0.7684326171875,0.268798828125,-0.44512939453125,0.37298583984375,2.593548387096774,78.59237536656892,2.654838709677419,80.4496578690127,2.5806451612903225,78.20136852394917
5.955866364063695,118.9487660763154,-0.7679443359375,0.2689208984375,-0.44580078125,0.37310791015625,2.564516129032258,77.71260997067448,2.6709677419354834,80.93841642228737,2.6032258064516127,78.88563049853371
5.975935257039964,118.9487660763154,-0.7679443359375,0.2689208984375,-0.44580078125,0.37310791015625,2.5999999999999996,78.78787878787878,2.7322580645161287,82.79569892473117,2.525806451612903,76.53958944281524
5.9960292710457,118.91332754784794,-0.767578125,0.2694091796875,-0.44598388671875,0.37335205078125,2.5806451612903225,78.20136852394917,2.6709677419354834,80.93841642228737,2.5774193548387094,78.10361681329422
6.016087988042273,118.91332754784794,-0.767578125,0.2694091796875,-0.44598388671875,0.37335205078125,2.5806451612903225,78.20136852394917,2.654838709677419,80.4496578690127,2.5741935483870964,78.00586510263928
6.036161937983707,118.91332754784794,-0.767578125,0.2694091796875,-0.44598388671875,0.37335205078125,2.6129032258064515,79.17888563049853,2.6387096774193544,79.960899315738,2.5741935483870964,78.00586510263928
6.056224239058793,118.87495320285774,-0.76715087890625,0.2701416015625,-0.44622802734375,0.3734130859375,2.5806451612903225,78.20136852394917,2.661290322580645,80.64516129032258,2.564516129032258,77.71260997067448
6.07631134102121,118.87495320285774,-0.76715087890625,0.2701416015625,-0.44622802734375,0.3734130859375,2.590322580645161,78.49462365591397,2.680645161290322,81.23167155425219,2.5806451612903225,78.20136852394917
6.096374634071253,118.85613324374218,-0.76641845703125,0.2711181640625,-0.4468994140625,0.373291015625,2.5806451612903225,78.20136852394917,2.6741935483870964,81.03616813294232,2.6032258064516127,78.88563049853371
6.116439079050906,118.85613324374218,-0.76641845703125,0.2711181640625,-0.4468994140625,0.373291015625,2.5806451612903225,78.20136852394917,2.6709677419354834,80.93841642228737,2.6032258064516127,78.88563049853371
6.1365329649997875,118.85613324374218,-0.76641845703125,0.2711181640625,-0.4468994140625,0.373291015625,2.5806451612903225,78.20136852394917,2.6709677419354834,80.93841642228737,2.5774193548387094,78.10361681329422
6.156570816994645,118.80872968227176,-0.76568603515625,0.2723388671875,-0.44744873046875,0.373291015625,2.590322580645161,78.49462365591397,2.6677419354838707,80.84066471163244,2.5806451612903225,78.20136852394917
6.176637917989865,118.80872968227176,-0.76568603515625,0.2723388671875,-0.44744873046875,0.373291015625,2.525806451612903,76.53958944281524,2.680645161290322,81.23167155425219,2.525806451612903,76.53958944281524
6.196717340033501,118.8070006806262,-0.76513671875,0.2733154296875,-0.4481201171875,0.37298583984375,2.558064516129032,77.5171065493646,2.6741935483870964,81.03616813294232,2.590322580645161,78.49462365591397
6.216830298071727,118.8070006806262,-0.76513671875,0.2733154296875,-0.4481201171875,0.37298583984375,2.616129032258064,79.27663734115346,2.658064516129032,80.54740957966764,2.596774193548387,78.69012707722385
6.236861941986717,118.8070006806262,-0.76513671875,0.2733154296875,-0.4481201171875,0.37298583984375,2.5999999999999996,78.78787878787878,2.680645161290322,81.23167155425219,2.583870967741935,78.2991202346041
6.2569217790151015,118.7915529903726,-0.76446533203125,0.27398681640625,-0.44873046875,0.37310791015625,2.6096774193548384,79.0811339198436,2.658064516129032,80.54740957966764,2.5999999999999996,78.78787878787878
6.276986193028279,118.7915529903726,-0.76446533203125,0.27398681640625,-0.44873046875,0.37310791015625,2.62258064516129,79.47214076246333,2.6354838709677417,79.86314760508309,2.5741935483870964,78.00586510263928
6.297052909969352,118.8023945342228,-0.763916015625,0.27496337890625,-0.449462890625,0.37261962890625,2.593548387096774,78.59237536656892,2.680645161290322,81.23167155425219,2.5806451612903225,78.20136852394917
6.317128202994354,118.8023945342228,-0.763916015625,0.27496337890625,-0.449462890625,0.37261962890625,2.593548387096774,78.59237536656892,2.6709677419354834,80.93841642228737,2.5806451612903225,78.20136852394917
6.337194184074178,118.8023945342228,-0.763916015625,0.27496337890625,-0.449462890625,0.37261962890625,2.625806451612903,79.56989247311827,2.6419354838709674,80.05865102639295,2.596774193548387,78.69012707722385
6.357254500966519,118.8108299536377,-0.7635498046875,0.27606201171875,-0.45001220703125,0.371826171875,2.616129032258064,79.27663734115346,2.629032258064516,79.6676441837732,2.5806451612903225,78.20136852394917
6.377299714018591,118.8108299536377,-0.7635498046875,0.27606201171875,-0.45001220703125,0.371826171875,2.629032258064516,79.6676441837732,2.6419354838709674,80.05865102639295,2.583870967741935,78.2991202346041
6.397381950984709,118.78580581213936,-0.76312255859375,0.27703857421875,-0.45037841796875,0.37152099609375,2.5677419354838706,77.81036168132943,2.687096774193548,81.42717497556205,2.558064516129032,77.5171065493646
6.438888450968079,118.78580581213936,-0.76312255859375,0.27703857421875,-0.45037841796875,0.37152099609375,2.6193548387096772,79.37438905180841,2.6677419354838707,80.84066471163244,2.587096774193548,78.39687194525904
6.439096681075171,118.78580581213936,-0.76312255859375,0.27703857421875,-0.45037841796875,0.37152099609375,2.629032258064516,79.6676441837732,2.6419354838709674,80.05865102639295,2.587096774193548,78.39687194525904
6.459207655978389,118.73444645636482,-0.7626953125,0.2779541015625,-0.4505615234375,0.37152099609375,2.629032258064516,79.6676441837732,2.629032258064516,79.6676441837732,2.593548387096774,78.59237536656892
6.479257029015571,118.73444645636482,-0.7626953125,0.2779541015625,-0.4505615234375,0.37152099609375,2.564516129032258,77.71260997067448,2.6741935483870964,81.03616813294232,2.5741935483870964,78.00586510263928
6.499372323043644,118.67331561417315,-0.76226806640625,0.27899169921875,-0.45068359375,0.3714599609375,2.6096774193548384,79.0811339198436,2.680645161290322,81.23167155425219,2.587096774193548,78.39687194525904
6.51943379198201,118.67331561417315,-0.76226806640625,0.27899169921875,-0.45068359375,0.3714599609375,2.593548387096774,78.59237536656892,2.687096774193548,81.42717497556205,2.5774193548387094,78.10361681329422
6.539482461055741,118.67331561417315,-0.76226806640625,0.27899169921875,-0.45068359375,0.3714599609375,2.583870967741935,78.2991202346041,2.6967741935483867,81.72043010752688,2.551612903225806,77.32160312805473
6.559541785973124,118.60046793987621,-0.761962890625,0.28009033203125,-0.45062255859375,0.371337890625,2.616129032258064,79.27663734115346,2.661290322580645,80.64516129032258,2.5806451612903225,78.20136852394917
6.579592182999477,118.60046793987621,-0.761962890625,0.28009033203125,-0.45062255859375,0.371337890625,2.625806451612903,79.56989247311827,2.6838709677419352,81.32942326490713,2.5774193548387094,78.10361681329422
6.5997234779642895,118.54087872262623,-0.761962890625,0.28118896484375,-0.45037841796875,0.370849609375,2.629032258064516,79.6676441837732,2.654838709677419,80.4496578690127,2.593548387096774,78.59237536656892
6.619739345042035,118.54087872262623,-0.761962890625,0.28118896484375,-0.45037841796875,0.370849609375,2.629032258064516,79.6676441837732,2.6967741935483867,81.72043010752688,2.5741935483870964,78.00586510263928
6.639809295069426,118.54087872262623,-0.761962890625,0.28118896484375,-0.45037841796875,0.370849609375,2.5806451612903225,78.20136852394917,2.719354838709677,82.40469208211142,2.551612903225806,77.32160312805473
6.659865899011493,118.43641449005634,-0.7615966796875,0.28271484375,-0.4501953125,0.37060546875,2.6096774193548384,79.0811339198436,2.6741935483870964,81.03616813294232,2.593548387096774,78.59237536656892
6.679911368060857,118.43641449005634,-0.7615966796875,0.28271484375,-0.4501953125,0.37060546875,2.5806451612903225,78.20136852394917,2.6838709677419352,81.32942326490713,2.5806451612903225,78.20136852394917
6.700011526001617,118.3323976335271,-0.7611083984375,0.2840576171875,-0.45013427734375,0.3707275390625,2.629032258064516,79.6676441837732,2.6838709677419352,81.32942326490713,2.6032258064516127,78.88563049853371
6.720090948045254,118.3323976335271,-0.7611083984375,0.2840576171875,-0.45013427734375,0.3707275390625,2.6193548387096772,79.37438905180841,2.687096774193548,81.42717497556205,2.593548387096774,78.59237536656892
6.74014496000018,118.3323976335271,-0.7611083984375,0.2840576171875,-0.45013427734375,0.3707275390625,2.5999999999999996,78.78787878787878,2.693548387096774,81.62267839687193,2.616129032258064,79.27663734115346
6.7601930850651115,118.20271255685,-0.7606201171875,0.28533935546875,-0.4498291015625,0.3709716796875,2.6064516129032254,78.98338220918865,2.690322580645161,81.524926686217,2.6032258064516127,78.88563049853371
6.780269499053247,118.20271255685,-0.7606201171875,0.28533935546875,-0.4498291015625,0.3709716796875,2.5774193548387094,78.10361681329422,2.661290322580645,80.64516129032258,2.596774193548387,78.69012707722385
6.800329432007857,118.09012319226571,-0.7603759765625,0.2857666015625,-0.4493408203125,0.37176513671875,2.583870967741935,78.2991202346041,2.7032258064516124,81.91593352883673,2.564516129032258,77.71260997067448
6.8203840520000085,118.09012319226571,-0.7603759765625,0.2857666015625,-0.4493408203125,0.37176513671875,2.6129032258064515,79.17888563049853,2.7290322580645157,82.69794721407624,2.593548387096774,78.59237536656892
6.840475794044323,118.09012319226571,-0.7603759765625,0.2857666015625,-0.4493408203125,0.37176513671875,2.6774193548387095,81.13391984359725,2.6838709677419352,81.32942326490713,2.616129032258064,79.27663734115346
6.860555759980343,117.98719991369799,-0.760498046875,0.2857666015625,-0.44854736328125,0.37261962890625,2.590322580645161,78.49462365591397,2.693548387096774,81.62267839687193,2.5774193548387094,78.10361681329422
6.880570859066211,117.98719991369799,-0.760498046875,0.2857666015625,-0.44854736328125,0.37261962890625,2.5774193548387094,78.10361681329422,2.6967741935483867,81.72043010752688,2.587096774193548,78.39687194525904
6.90066135302186,117.85940757109152,-0.7606201171875,0.28564453125,-0.447509765625,0.3736572265625,2.616129032258064,79.27663734115346,2.712903225806451,82.20918866080156,2.564516129032258,77.71260997067448
6.920721573987976,117.85940757109152,-0.7606201171875,0.28564453125,-0.447509765625,0.3736572265625,2.6419354838709674,80.05865102639295,2.6838709677419352,81.32942326490713,2.5999999999999996,78.78787878787878
6.940822500968352,117.85940757109152,-0.7606201171875,0.28564453125,-0.447509765625,0.3736572265625,2.629032258064516,79.6676441837732,2.6741935483870964,81.03616813294232,2.5999999999999996,78.78787878787878
6.960879488964565,117.74579384059068,-0.76055908203125,0.2852783203125,-0.44671630859375,0.375,2.629032258064516,79.6676441837732,2.6838709677419352,81.32942326490713,2.587096774193548,78.39687194525904
6.980916606029496,117.74579384059068,-0.76055908203125,0.2852783203125,-0.44671630859375,0.375,2.6193548387096772,79.37438905180841,2.6677419354838707,80.84066471163244,2.6032258064516127,78.88563049853371
7.0010183959966525,117.68672871796394,-0.76055908203125,0.28436279296875,-0.4461669921875,0.3763427734375,2.62258064516129,79.47214076246333,2.6838709677419352,81.32942326490713,2.6129032258064515,79.17888563049853
7.021064055967145,117.68672871796394,-0.76055908203125,0.28436279296875,-0.4461669921875,0.3763427734375,2.590322580645161,78.49462365591397,2.6838709677419352,81.32942326490713,2.587096774193548,78.39687194525904
7.041134870029055,117.68672871796394,-0.76055908203125,0.28436279296875,-0.4461669921875,0.3763427734375,2.6419354838709674,80.05865102639295,2.6677419354838707,80.84066471163244,2.596774193548387,78.69012707722385
7.061191890970804,117.60979864803798,-0.7608642578125,0.284423828125,-0.44537353515625,0.376708984375,2.5774193548387094,78.10361681329422,2.719354838709677,82.40469208211142,2.654838709677419,80.4496578690127
7.081275823991746,117.60979864803798,-0.7608642578125,0.284423828125,-0.44537353515625,0.376708984375,2.6193548387096772,79.37438905180841,2.7064516129032254,82.01368523949168,2.5806451612903225,78.20136852394917
7.101343406015076,117.44748164806347,-0.76129150390625,0.2830810546875,-0.443603515625,0.37884521484375,2.625806451612903,79.56989247311827,2.7096774193548385,82.11143695014663,2.5774193548387094,78.10361681329422
7.1214011940173805,117.44748164806347,-0.76129150390625,0.2830810546875,-0.443603515625,0.37884521484375,2.6193548387096772,79.37438905180841,2.7064516129032254,82.01368523949168,2.616129032258064,79.27663734115346
7.141490663983859,117.44748164806347,-0.76129150390625,0.2830810546875,-0.443603515625,0.37884521484375,2.629032258064516,79.6676441837732,2.6999999999999997,81.81818181818181,2.5741935483870964,78.00586510263928
7.182761125033721,117.32563049205808,-0.76141357421875,0.281494140625,-0.4423828125,0.3812255859375,2.6322580645161286,79.76539589442815,2.7032258064516124,81.91593352883673,2.6032258064516127,78.88563049853371
7.183013324975036,117.32563049205808,-0.76141357421875,0.281494140625,-0.4423828125,0.3812255859375,2.6354838709677417,79.86314760508309,2.7096774193548385,82.11143695014663,2.648387096774193,80.25415444770283
7.203065096982755,117.13808697539676,-0.76177978515625,0.2806396484375,-0.4405517578125,0.3831787109375,2.5774193548387094,78.10361681329422,2.7064516129032254,82.01368523949168,2.5806451612903225,78.20136852394917
7.223107942030765,117.13808697539676,-0.76177978515625,0.2806396484375,-0.4405517578125,0.3831787109375,2.593548387096774,78.59237536656892,2.6967741935483867,81.72043010752688,2.6032258064516127,78.88563049853371
7.243172610993497,117.13808697539676,-0.76177978515625,0.2806396484375,-0.4405517578125,0.3831787109375,2.62258064516129,79.47214076246333,2.6967741935483867,81.72043010752688,2.6032258064516127,78.88563049853371
7.263230015989393,116.87995520186732,-0.76226806640625,0.2803955078125,-0.438232421875,0.3851318359375,2.629032258064516,79.6676441837732,2.6838709677419352,81.32942326490713,2.6064516129032254,78.98338220918865
7.283359391032718,116.87995520186732,-0.76226806640625,0.2803955078125,-0.438232421875,0.3851318359375,2.5774193548387094,78.10361681329422,2.6967741935483867,81.72043010752688,2.629032258064516,79.6676441837732
7.303402394987643,116.57823915032614,-0.76251220703125,0.27978515625,-0.43572998046875,0.387939453125,2.6387096774193544,79.960899315738,2.719354838709677,82.40469208211142,2.525806451612903,76.53958944281524
7.3234543279977515,116.57823915032614,-0.76251220703125,0.27978515625,-0.43572998046875,0.387939453125,2.6419354838709674,80.05865102639295,2.6967741935483867,81.72043010752688,2.6129032258064515,79.17888563049853
7.34351688507013,116.57823915032614,-0.76251220703125,0.27978515625,-0.43572998046875,0.387939453125,2.625806451612903,79.56989247311827,2.6999999999999997,81.81818181818181,2.5999999999999996,78.78787878787878
7.363602675031871,116.1599255982826,-0.76214599609375,0.27972412109375,-0.4329833984375,0.39166259765625,2.625806451612903,79.56989247311827,2.7032258064516124,81.91593352883673,2.62258064516129,79.47214076246333
7.383664784021676,116.1599255982826,-0.76214599609375,0.27972412109375,-0.4329833984375,0.39166259765625,2.625806451612903,79.56989247311827,2.7064516129032254,82.01368523949168,2.6032258064516127,78.88563049853371
7.4037102840375155,115.59634457029425,-0.7615966796875,0.28021240234375,-0.429443359375,0.39630126953125,2.6322580645161286,79.76539589442815,2.7290322580645157,82.69794721407624,2.5774193548387094,78.10361681329422
7.423760297009721,115.59634457029425,-0.7615966796875,0.28021240234375,-0.429443359375,0.39630126953125,2.616129032258064,79.27663734115346,2.7064516129032254,82.01368523949168,2.558064516129032,77.5171065493646
7.443821222055703,115.59634457029425,-0.7615966796875,0.28021240234375,-0.429443359375,0.39630126953125,2.62258064516129,79.47214076246333,2.690322580645161,81.524926686217,2.587096774193548,78.39687194525904
7.463898436049931,114.82585330913722,-0.76080322265625,0.2818603515625,-0.42474365234375,0.40167236328125,2.6193548387096772,79.37438905180841,2.693548387096774,81.62267839687193,2.583870967741935,78.2991202346041
7.4840662439819425,114.82585330913722,-0.76080322265625,0.2818603515625,-0.42474365234375,0.40167236328125,2.625806451612903,79.56989247311827,2.7064516129032254,82.01368523949168,2.587096774193548,78.39687194525904
7.504112544003874,113.77679948288366,-0.75982666015625,0.28436279296875,-0.418212890625,0.4085693359375,2.6387096774193544,79.960899315738,2.690322580645161,81.524926686217,2.5806451612903225,78.20136852394917
7.524143676040694,113.77679948288366,-0.75982666015625,0.28436279296875,-0.418212890625,0.4085693359375,2.6193548387096772,79.37438905180841,2.6967741935483867,81.72043010752688,2.5774193548387094,78.10361681329422
7.544211321976036,113.77679948288366,-0.75982666015625,0.28436279296875,-0.418212890625,0.4085693359375,2.616129032258064,79.27663734115346,2.7096774193548385,82.11143695014663,2.593548387096774,78.59237536656892
7.564231508993544,112.50080406104938,-0.7584228515625,0.28729248046875,-0.4102783203125,0.41705322265625,2.629032258064516,79.6676441837732,2.7064516129032254,82.01368523949168,2.564516129032258,77.71260997067448
7.584310963051394,112.50080406104938,-0.7584228515625,0.28729248046875,-0.4102783203125,0.41705322265625,2.661290322580645,80.64516129032258,2.6774193548387095,81.13391984359725,2.616129032258064,79.27663734115346
7.604372687987052,111.24007207543421,-0.756591796875,0.28997802734375,-0.40264892578125,0.4259033203125,2.6419354838709674,80.05865102639295,2.6677419354838707,80.84066471163244,2.593548387096774,78.59237536656892
7.624415884027258,111.24007207543421,-0.756591796875,0.28997802734375,-0.40264892578125,0.4259033203125,2.6193548387096772,79.37438905180841,2.7064516129032254,82.01368523949168,2.596774193548387,78.69012707722385
7.644476457033306,111.24007207543421,-0.756591796875,0.28997802734375,-0.40264892578125,0.4259033203125,2.6032258064516127,78.88563049853371,2.629032258064516,79.6676441837732,2.6129032258064515,79.17888563049853
7.664532070048153,110.0048270323865,-0.755126953125,0.29302978515625,-0.394775390625,0.43359375,2.6032258064516127,78.88563049853371,2.680645161290322,81.23167155425219,2.6419354838709674,80.05865102639295
7.68470368697308,110.0048270323865,-0.755126953125,0.29302978515625,-0.394775390625,0.43359375,2.629032258064516,79.6676441837732,2.7290322580645157,82.69794721407624,2.593548387096774,78.59237536656892
7.704827814013697,108.69025474586837,-0.753662109375,0.29669189453125,-0.38629150390625,0.44122314453125,2.625806451612903,79.56989247311827,2.629032258064516,79.6676441837732,2.5806451612903225,78.20136852394917
7.724866081960499,108.69025474586837,-0.753662109375,0.29669189453125,-0.38629150390625,0.44122314453125,2.6096774193548384,79.0811339198436,2.6709677419354834,80.93841642228737,2.616129032258064,79.27663734115346
7.744937119074166,108.69025474586837,-0.753662109375,0.29669189453125,-0.38629150390625,0.44122314453125,2.6096774193548384,79.0811339198436,2.658064516129032,80.54740957966764,2.6193548387096772,79.37438905180841
7.764987227972597,107.32365118017199,-0.751708984375,0.30059814453125,-0.37774658203125,0.4493408203125,2.5999999999999996,78.78787878787878,2.625806451612903,79.56989247311827,2.596774193548387,78.69012707722385
7.785265214974061,107.32365118017199,-0.751708984375,0.30059814453125,-0.37774658203125,0.4493408203125,2.587096774193548,78.39687194525904,2.6193548387096772,79.37438905180841,2.6193548387096772,79.37438905180841
7.805494913016446,105.97691368731573,-0.7493896484375,0.30462646484375,-0.3695068359375,0.45721435546875,2.5806451612903225,78.20136852394917,2.62258064516129,79.47214076246333,2.629032258064516,79.6676441837732
7.825572030968033,105.97691368731573,-0.7493896484375,0.30462646484375,-0.3695068359375,0.45721435546875,2.629032258064516,79.6676441837732,2.6064516129032254,78.98338220918865,2.6032258064516127,78.88563049853371
7.8456126030068845,105.97691368731573,-0.7493896484375,0.30462646484375,-0.3695068359375,0.45721435546875,2.554838709677419,77.41935483870968,2.6096774193548384,79.0811339198436,2.6096774193548384,79.0811339198436
7.865716826054268,104.74756460865675,-0.7471923828125,0.3084716796875,-0.36199951171875,0.4642333984375,2.590322580645161,78.49462365591397,2.5806451612903225,78.20136852394917,2.6064516129032254,78.98338220918865
7.8857673819875345,104.74756460865675,-0.7471923828125,0.3084716796875,-0.36199951171875,0.4642333984375,2.564516129032258,77.71260997067448,2.6064516129032254,78.98338220918865,2.5806451612903225,78.20136852394917
7.90590232599061,103.65655564621657,-0.74578857421875,0.312255859375,-0.3548583984375,0.469482421875,2.5387096774193547,76.93059628543499,2.590322580645161,78.49462365591397,2.629032258064516,79.6676441837732
7.935014212038368,103.65655564621657,-0.74578857421875,0.312255859375,-0.3548583984375,0.469482421875,2.5774193548387094,78.10361681329422,2.5774193548387094,78.10361681329422,2.6096774193548384,79.0811339198436
7.94599441497121,103.65655564621657,-0.74578857421875,0.312255859375,-0.3548583984375,0.469482421875,2.587096774193548,78.39687194525904,2.5774193548387094,78.10361681329422,2.6096774193548384,79.0811339198436
7.96610874903854,102.62611965578516,-0.74493408203125,0.3160400390625,-0.34765625,0.4736328125,2.5806451612903225,78.20136852394917,2.616129032258064,79.27663734115346,2.5774193548387094,78.10361681329422
7.986205323017202,102.62611965578516,-0.74493408203125,0.3160400390625,-0.34765625,0.4736328125,2.5999999999999996,78.78787878787878,2.564516129032258,77.71260997067448,2.590322580645161,78.49462365591397
8.006290600984357,101.62526736134049,-0.74365234375,0.3194580078125,-0.3409423828125,0.478271484375,2.5806451612903225,78.20136852394917,2.6032258064516127,78.88563049853371,2.5774193548387094,78.10361681329422
8.026364615070634,101.62526736134049,-0.74365234375,0.3194580078125,-0.3409423828125,0.478271484375,2.587096774193548,78.39687194525904,2.5806451612903225,78.20136852394917,2.6096774193548384,79.0811339198436
8.046387362061068,101.62526736134049,-0.74365234375,0.3194580078125,-0.3409423828125,0.478271484375,2.5806451612903225,78.20136852394917,2.6032258064516127,78.88563049853371,2.6516129032258062,80.35190615835776
8.066551362979226,100.68885320698602,-0.7423095703125,0.32232666015625,-0.3345947265625,0.48284912109375,2.6032258064516127,78.88563049853371,2.596774193548387,78.69012707722385,2.629032258064516,79.6676441837732
8.086594559019431,100.68885320698602,-0.7423095703125,0.32232666015625,-0.3345947265625,0.48284912109375,2.6032258064516127,78.88563049853371,2.62258064516129,79.47214076246333,2.590322580645161,78.49462365591397
8.1066274830373,99.7786018218459,-0.740966796875,0.324951171875,-0.328369140625,0.4874267578125,2.5387096774193547,76.93059628543499,2.596774193548387,78.69012707722385,2.5774193548387094,78.10361681329422
8.126763834035955,99.7786018218459,-0.740966796875,0.324951171875,-0.328369140625,0.4874267578125,2.554838709677419,77.41935483870968,2.5806451612903225,78.20136852394917,2.593548387096774,78.59237536656892
8.14682325499598,99.7786018218459,-0.740966796875,0.324951171875,-0.328369140625,0.4874267578125,2.590322580645161,78.49462365591397,2.6193548387096772,79.37438905180841,2.596774193548387,78.69012707722385
8.166930550010875,98.87304443649818,-0.73944091796875,0.32733154296875,-0.32220458984375,0.49224853515625,2.5741935483870964,78.00586510263928,2.564516129032258,77.71260997067448,2.5999999999999996,78.78787878787878
8.186992370989174,98.87304443649818,-0.73944091796875,0.32733154296875,-0.32220458984375,0.49224853515625,2.6129032258064515,79.17888563049853,2.5999999999999996,78.78787878787878,2.5999999999999996,78.78787878787878
8.207033326965757,97.90879603526257,-0.73779296875,0.33056640625,-0.3157958984375,0.4967041015625,2.551612903225806,77.32160312805473,2.587096774193548,78.39687194525904,2.5774193548387094,78.10361681329422
8.227138670044951,97.90879603526257,-0.73779296875,0.33056640625,-0.3157958984375,0.4967041015625,2.5999999999999996,78.78787878787878,2.616129032258064,79.27663734115346,2.5806451612903225,78.20136852394917
8.247204171027988,97.90879603526257,-0.73779296875,0.33056640625,-0.3157958984375,0.4967041015625,2.564516129032258,77.71260997067448,2.596774193548387,78.69012707722385,2.629032258064516,79.6676441837732
8.267294825054705,96.90692927993061,-0.736328125,0.333984375,-0.308837890625,0.5008544921875,2.6032258064516127,78.88563049853371,2.6032258064516127,78.88563049853371,2.593548387096774,78.59237536656892
8.287366757984273,96.90692927993061,-0.736328125,0.333984375,-0.308837890625,0.5008544921875,2.587096774193548,78.39687194525904,2.590322580645161,78.49462365591397,2.5774193548387094,78.10361681329422
8.307397281983867,95.8956295604407,-0.73486328125,0.33770751953125,-0.3018798828125,0.50482177734375,2.6064516129032254,78.98338220918865,2.6032258064516127,78.88563049853371,2.629032258064516,79.6676441837732
8.32750870496966,95.8956295604407,-0.73486328125,0.33770751953125,-0.3018798828125,0.50482177734375,2.5806451612903225,78.20136852394917,2.5806451612903225,78.20136852394917,2.596774193548387,78.69012707722385
8.347578654065728,95.8956295604407,-0.73486328125,0.33770751953125,-0.3018798828125,0.50482177734375,2.5774193548387094,78.10361681329422,2.583870967741935,78.2991202346041,2.6032258064516127,78.88563049853371
8.368569815065712,94.69440115991786,-0.73291015625,0.34185791015625,-0.2935791015625,0.50970458984375,2.654838709677419,80.4496578690127,2.5806451612903225,78.20136852394917,2.6032258064516127,78.88563049853371
8.387795930961147,94.69440115991786,-0.73291015625,0.34185791015625,-0.2935791015625,0.50970458984375,2.593548387096774,78.59237536656892,2.590322580645161,78.49462365591397,2.6064516129032254,78.98338220918865
8.407873880001716,93.39882154704152,-0.73089599609375,0.3468017578125,-0.28460693359375,0.51434326171875,2.5774193548387094,78.10361681329422,2.587096774193548,78.39687194525904,2.593548387096774,78.59237536656892
8.427980215055868,93.39882154704152,-0.73089599609375,0.3468017578125,-0.28460693359375,0.51434326171875,2.596774193548387,78.69012707722385,2.62258064516129,79.47214076246333,2.590322580645161,78.49462365591397
8.448035250999965,93.39882154704152,-0.73089599609375,0.3468017578125,-0.28460693359375,0.51434326171875,2.6032258064516127,78.88563049853371,2.6032258064516127,78.88563049853371,2.593548387096774,78.59237536656892
8.468138354015537,92.08631839985263,-0.72808837890625,0.3519287109375,-0.27606201171875,0.5194091796875,2.5806451612903225,78.20136852394917,2.596774193548387,78.69012707722385,2.5774193548387094,78.10361681329422
8.488198703038506,92.08631839985263,-0.72808837890625,0.3519287109375,-0.27606201171875,0.5194091796875,2.590322580645161,78.49462365591397,2.590322580645161,78.49462365591397,2.587096774193548,78.39687194525904
8.50826698797755,90.70006143569908,-0.72540283203125,0.3572998046875,-0.2667236328125,0.5244140625,2.593548387096774,78.59237536656892,2.590322580645161,78.49462365591397,2.525806451612903,76.53958944281524
8.528349290019833,90.70006143569908,-0.72540283203125,0.3572998046875,-0.2667236328125,0.5244140625,2.6032258064516127,78.88563049853371,2.5999999999999996,78.78787878787878,2.558064516129032,77.5171065493646
8.548458600067534,90.70006143569908,-0.72540283203125,0.3572998046875,-0.2667236328125,0.5244140625,2.593548387096774,78.59237536656892,2.590322580645161,78.49462365591397,2.5999999999999996,78.78787878787878
8.568541830056347,89.2148951319517,-0.72259521484375,0.3631591796875,-0.25653076171875,0.529296875,2.6032258064516127,78.88563049853371,2.5999999999999996,78.78787878787878,2.587096774193548,78.39687194525904
8.588579489965923,89.2148951319517,-0.72259521484375,0.3631591796875,-0.25653076171875,0.529296875,2.596774193548387,78.69012707722385,2.5806451612903225,78.20136852394917,2.6032258064516127,78.88563049853371
8.608654815005139,87.68993227195195,-0.71954345703125,0.369384765625,-0.24615478515625,0.5340576171875,2.6064516129032254,78.98338220918865,2.6032258064516127,78.88563049853371,2.564516129032258,77.71260997067448
8.628746652975678,87.68993227195195,-0.71954345703125,0.369384765625,-0.24615478515625,0.5340576171875,2.6064516129032254,78.98338220918865,2.5774193548387094,78.10361681329422,2.625806451612903,79.56989247311827
8.648846299969591,87.68993227195195,-0.71954345703125,0.369384765625,-0.24615478515625,0.5340576171875,2.5774193548387094,78.10361681329422,2.5806451612903225,78.20136852394917,2.593548387096774,78.59237536656892
8.682989472988993,85.93965607235769,-0.71527099609375,0.376220703125,-0.234619140625,0.5401611328125,2.6032258064516127,78.88563049853371,2.590322580645161,78.49462365591397,2.5806451612903225,78.20136852394917
8.688992502051406,85.93965607235769,-0.71527099609375,0.376220703125,-0.234619140625,0.5401611328125,2.6129032258064515,79.17888563049853,2.596774193548387,78.69012707722385,2.593548387096774,78.59237536656892
8.709063988062553,84.3066946981563,-0.71142578125,0.3826904296875,-0.2236328125,0.54534912109375,2.6193548387096772,79.37438905180841,2.564516129032258,77.71260997067448,2.596774193548387,78.69012707722385
8.729142736992799,84.3066946981563,-0.71142578125,0.3826904296875,-0.2236328125,0.54534912109375,2.6129032258064515,79.17888563049853,2.525806451612903,76.53958944281524,2.593548387096774,78.59237536656892
8.749246128019877,84.3066946981563,-0.71142578125,0.3826904296875,-0.2236328125,0.54534912109375,2.6322580645161286,79.76539589442815,2.616129032258064,79.27663734115346,2.5806451612903225,78.20136852394917
8.769324460998178,82.71953563023624,-0.7076416015625,0.388916015625,-0.21282958984375,0.5501708984375,2.583870967741935,78.2991202346041,2.596774193548387,78.69012707722385,2.564516129032258,77.71260997067448
8.789426219067536,82.71953563023624,-0.7076416015625,0.388916015625,-0.21282958984375,0.5501708984375,2.6129032258064515,79.17888563049853,2.5999999999999996,78.78787878787878,2.558064516129032,77.5171065493646
8.80946522403974,81.03255524512058,-0.70404052734375,0.395751953125,-0.200927734375,0.55438232421875,2.629032258064516,79.6676441837732,2.5677419354838706,77.81036168132943,2.6032258064516127,78.88563049853371
8.829544613021426,81.03255524512058,-0.70404052734375,0.395751953125,-0.200927734375,0.55438232421875,2.6354838709677417,79.86314760508309,2.6096774193548384,79.0811339198436,2.590322580645161,78.49462365591397
8.849639266962186,81.03255524512058,-0.70404052734375,0.395751953125,-0.200927734375,0.55438232421875,2.62258064516129,79.47214076246333,2.5774193548387094,78.10361681329422,2.593548387096774,78.59237536656892
8.869720609043725,79.28822351454694,-0.699951171875,0.4024658203125,-0.18865966796875,0.55902099609375,2.6354838709677417,79.86314760508309,2.6064516129032254,78.98338220918865,2.564516129032258,77.71260997067448
8.889790398068726,79.28822351454694,-0.699951171875,0.4024658203125,-0.18865966796875,0.55902099609375,2.625806451612903,79.56989247311827,2.6032258064516127,78.88563049853371,2.587096774193548,78.39687194525904
8.909889147966169,77.29660603337203,-0.69390869140625,0.4088134765625,-0.1751708984375,0.5662841796875,2.6322580645161286,79.76539589442815,2.6096774193548384,79.0811339198436,2.6064516129032254,78.98338220918865
8.930012442986481,77.29660603337203,-0.69390869140625,0.4088134765625,-0.1751708984375,0.5662841796875,2.6193548387096772,79.37438905180841,2.629032258064516,79.6676441837732,2.5806451612903225,78.20136852394917
8.950113177066669,77.29660603337203,-0.69390869140625,0.4088134765625,-0.1751708984375,0.5662841796875,2.6032258064516127,78.88563049853371,2.554838709677419,77.41935483870968,2.625806451612903,79.56989247311827
8.970149366068654,75.24484047421231,-0.68829345703125,0.415771484375,-0.16070556640625,0.57232666015625,2.6032258064516127,78.88563049853371,2.551612903225806,77.32160312805473,2.5806451612903225,78.20136852394917
8.990250995964743,75.24484047421231,-0.68829345703125,0.415771484375,-0.16070556640625,0.57232666015625,2.654838709677419,80.4496578690127,2.551612903225806,77.32160312805473,2.590322580645161,78.49462365591397
9.01030308904592,73.11421972839253,-0.68231201171875,0.4237060546875,-0.14581298828125,0.57757568359375,2.6387096774193544,79.960899315738,2.587096774193548,78.39687194525904,2.587096774193548,78.39687194525904
9.03038331004791,73.11421972839253,-0.68231201171875,0.4237060546875,-0.14581298828125,0.57757568359375,2.6387096774193544,79.960899315738,2.590322580645161,78.49462365591397,2.5774193548387094,78.10361681329422
9.050477228011005,73.11421972839253,-0.68231201171875,0.4237060546875,-0.14581298828125,0.57757568359375,2.62258064516129,79.47214076246333,2.5806451612903225,78.20136852394917,2.596774193548387,78.69012707722385
9.070554826059379,70.84169052070051,-0.67572021484375,0.43194580078125,-0.1298828125,0.58306884765625,2.616129032258064,79.27663734115346,2.593548387096774,78.59237536656892,2.5806451612903225,78.20136852394917
9.090625799028203,70.84169052070051,-0.67572021484375,0.43194580078125,-0.1298828125,0.58306884765625,2.654838709677419,80.4496578690127,2.62258064516129,79.47214076246333,2.6032258064516127,78.88563049853371
9.11070355703123,68.5983902033219,-0.668701171875,0.4404296875,-0.11444091796875,0.5880126953125,2.6387096774193544,79.960899315738,2.616129032258064,79.27663734115346,2.654838709677419,80.4496578690127
9.130788546055555,68.5983902033219,-0.668701171875,0.4404296875,-0.11444091796875,0.5880126953125,2.6322580645161286,79.76539589442815,2.616129032258064,79.27663734115346,2.593548387096774,78.59237536656892
9.150892673060298,68.5983902033219,-0.668701171875,0.4404296875,-0.11444091796875,0.5880126953125,2.6419354838709674,80.05865102639295,2.629032258064516,79.6676441837732,2.593548387096774,78.59237536656892
9.170941533055156,66.10653783828351,-0.66082763671875,0.45086669921875,-0.09747314453125,0.592041015625,2.5774193548387094,78.10361681329422,2.6387096774193544,79.960899315738,2.5806451612903225,78.20136852394917
9.191021019010805,66.10653783828351,-0.66082763671875,0.45086669921875,-0.09747314453125,0.592041015625,2.6677419354838707,80.84066471163244,2.6677419354838707,80.84066471163244,2.596774193548387,78.69012707722385
9.211121977074072,63.71769273383326,-0.65338134765625,0.460205078125,-0.0806884765625,0.59564208984375,2.654838709677419,80.4496578690127,2.6741935483870964,81.03616813294232,2.5999999999999996,78.78787878787878
9.231174806016497,63.71769273383326,-0.65338134765625,0.460205078125,-0.0806884765625,0.59564208984375,2.6451612903225805,80.1564027370479,2.648387096774193,80.25415444770283,2.590322580645161,78.49462365591397
9.251261683995835,63.71769273383326,-0.65338134765625,0.460205078125,-0.0806884765625,0.59564208984375,2.6451612903225805,80.1564027370479,2.6419354838709674,80.05865102639295,2.6032258064516127,78.88563049853371
9.271365010063164,61.37714675563548,-0.64544677734375,0.46942138671875,-0.06463623046875,0.59912109375,2.654838709677419,80.4496578690127,2.648387096774193,80.25415444770283,2.593548387096774,78.59237536656892
9.291410509962589,61.37714675563548,-0.64544677734375,0.46942138671875,-0.06463623046875,0.59912109375,2.680645161290322,81.23167155425219,2.625806451612903,79.56989247311827,2.616129032258064,79.27663734115346
9.311461291043088,59.08696466925316,-0.63775634765625,0.47808837890625,-0.0484619140625,0.6019287109375,2.648387096774193,80.25415444770283,2.5774193548387094,78.10361681329422,2.5999999999999996,78.78787878787878
9.331560616963543,59.08696466925316,-0.63775634765625,0.47808837890625,-0.0484619140625,0.6019287109375,2.6322580645161286,79.76539589442815,2.629032258064516,79.6676441837732,2.629032258064516,79.6676441837732
9.351661256048828,59.08696466925316,-0.63775634765625,0.47808837890625,-0.0484619140625,0.6019287109375,2.661290322580645,80.64516129032258,2.6774193548387095,81.13391984359725,2.616129032258064,79.27663734115346
9.371690468047746,56.74938823943819,-0.6297607421875,0.4874267578125,-0.03216552734375,0.60400390625,2.6677419354838707,80.84066471163244,2.583870967741935,78.2991202346041,2.616129032258064,79.27663734115346
9.391727520036511,56.74938823943819,-0.6297607421875,0.4874267578125,-0.03216552734375,0.60400390625,2.6419354838709674,80.05865102639295,2.625806451612903,79.56989247311827,2.5806451612903225,78.20136852394917
9.426778785069473,54.39042137385315,-0.62127685546875,0.4962158203125,-0.015625,0.60626220703125,2.6741935483870964,81.03616813294232,2.5999999999999996,78.78787878787878,2.6032258064516127,78.88563049853371
9.431825592997484,54.39042137385315,-0.62127685546875,0.4962158203125,-0.015625,0.60626220703125,2.680645161290322,81.23167155425219,2.590322580645161,78.49462365591397,2.6032258064516127,78.88563049853371
9.451940344064496,51.967052571505256,-0.6116943359375,0.5059814453125,0.0006103515625,0.60809326171875,2.661290322580645,80.64516129032258,2.6419354838709674,80.05865102639295,2.62258064516129,79.47214076246333
9.471987316035666,51.967052571505256,-0.6116943359375,0.5059814453125,0.0006103515625,0.60809326171875,2.629032258064516,79.6676441837732,2.6419354838709674,80.05865102639295,2.62258064516129,79.47214076246333
9.492061009979807,51.967052571505256,-0.6116943359375,0.5059814453125,0.0006103515625,0.60809326171875,2.680645161290322,81.23167155425219,2.680645161290322,81.23167155425219,2.6064516129032254,78.98338220918865
9.512116271071136,49.478360130832755,-0.60137939453125,0.51605224609375,0.01702880859375,0.60968017578125,2.6451612903225805,80.1564027370479,2.6451612903225805,80.1564027370479,2.5774193548387094,78.10361681329422
9.532215501065366,49.478360130832755,-0.60137939453125,0.51605224609375,0.01702880859375,0.60968017578125,2.629032258064516,79.6676441837732,2.590322580645161,78.49462365591397,2.6064516129032254,78.98338220918865
9.552309099002741,47.0373488001636,-0.5911865234375,0.52587890625,0.033203125,0.61065673828125,2.648387096774193,80.25415444770283,2.6387096774193544,79.960899315738,2.6129032258064515,79.17888563049853
9.572362632025033,47.0373488001636,-0.5911865234375,0.52587890625,0.033203125,0.61065673828125,2.6387096774193544,79.960899315738,2.6451612903225805,80.1564027370479,2.648387096774193,80.25415444770283
9.592420805012807,47.0373488001636,-0.5911865234375,0.52587890625,0.033203125,0.61065673828125,2.629032258064516,79.6676441837732,2.6322580645161286,79.76539589442815,2.625806451612903,79.56989247311827
9.61247456097044,44.54462473739073,-0.58050537109375,0.535888671875,0.0498046875,0.61102294921875,2.7064516129032254,82.01368523949168,2.629032258064516,79.6676441837732,2.6096774193548384,79.0811339198436
9.632788326009177,44.54462473739073,-0.58050537109375,0.535888671875,0.0498046875,0.61102294921875,2.6645161290322577,80.74291300097751,2.7064516129032254,82.01368523949168,2.5999999999999996,78.78787878787878
9.652627291972749,42.01819052091522,-0.56866455078125,0.546875,0.065673828125,0.6109619140625,2.6516129032258062,80.35190615835776,2.6741935483870964,81.03616813294232,2.5999999999999996,78.78787878787878
9.67267596104648,42.01819052091522,-0.56866455078125,0.546875,0.065673828125,0.6109619140625,2.6451612903225805,80.1564027370479,2.6709677419354834,80.93841642228737,2.6032258064516127,78.88563049853371
9.692756150034256,42.01819052091522,-0.56866455078125,0.546875,0.065673828125,0.6109619140625,2.5709677419354837,77.90811339198436,2.6741935483870964,81.03616813294232,2.5709677419354837,77.90811339198436
9.71284834004473,39.63654172426526,-0.556884765625,0.5572509765625,0.0804443359375,0.610595703125,2.6741935483870964,81.03616813294232,2.648387096774193,80.25415444770283,2.6193548387096772,79.37438905180841
9.732902801013552,39.63654172426526,-0.556884765625,0.5572509765625,0.0804443359375,0.610595703125,2.6322580645161286,79.76539589442815,2.658064516129032,80.54740957966764,2.5806451612903225,78.20136852394917
9.752993199042976,37.269952933355206,-0.545166015625,0.56658935546875,0.09539794921875,0.6104736328125,2.6193548387096772,79.37438905180841,2.6516129032258062,80.35190615835776,2.5806451612903225,78.20136852394917
9.773032683995552,37.269952933355206,-0.545166015625,0.56658935546875,0.09539794921875,0.6104736328125,2.6419354838709674,80.05865102639295,2.6645161290322577,80.74291300097751,2.6032258064516127,78.88563049853371
9.793104361044243,37.269952933355206,-0.545166015625,0.56658935546875,0.09539794921875,0.6104736328125,2.6032258064516127,78.88563049853371,2.6516129032258062,80.35190615835776,2.596774193548387,78.69012707722385
9.813163398066536,35.1918267941784,-0.534423828125,0.57586669921875,0.108154296875,0.60919189453125,2.6387096774193544,79.960899315738,2.661290322580645,80.64516129032258,2.654838709677419,80.4496578690127
9.833244994981214,35.1918267941784,-0.534423828125,0.57586669921875,0.108154296875,0.60919189453125,2.648387096774193,80.25415444770283,2.7290322580645157,82.69794721407624,2.6096774193548384,79.0811339198436
9.85334947402589,33.18891229745369,-0.52313232421875,0.58544921875,0.11981201171875,0.607666015625,2.654838709677419,80.4496578690127,2.654838709677419,80.4496578690127,2.590322580645161,78.49462365591397
9.873386078048497,33.18891229745369,-0.52313232421875,0.58544921875,0.11981201171875,0.607666015625,2.6516129032258062,80.35190615835776,2.629032258064516,79.6676441837732,2.6096774193548384,79.0811339198436
9.893476251978427,33.18891229745369,-0.52313232421875,0.58544921875,0.11981201171875,0.607666015625,2.6516129032258062,80.35190615835776,2.680645161290322,81.23167155425219,2.5806451612903225,78.20136852394917
9.913525433046743,31.306988522694425,-0.51263427734375,0.59375,0.13128662109375,0.60614013671875,2.6677419354838707,80.84066471163244,2.629032258064516,79.6676441837732,2.6129032258064515,79.17888563049853
9.933561173034832,31.306988522694425,-0.51263427734375,0.59375,0.13128662109375,0.60614013671875,2.648387096774193,80.25415444770283,2.725806451612903,82.6001955034213,2.6032258064516127,78.88563049853371
9.95365646702703,29.702787445178934,-0.50311279296875,0.60125732421875,0.1407470703125,0.60455322265625,2.6677419354838707,80.84066471163244,2.6709677419354834,80.93841642228737,2.5806451612903225,78.20136852394917
9.973684975062497,29.702787445178934,-0.50311279296875,0.60125732421875,0.1407470703125,0.60455322265625,2.658064516129032,80.54740957966764,2.654838709677419,80.4496578690127,2.593548387096774,78.59237536656892
9.993755980045535,29.702787445178934,-0.50311279296875,0.60125732421875,0.1407470703125,0.60455322265625,2.6322580645161286,79.76539589442815,2.6774193548387095,81.13391984359725,2.616129032258064,79.27663734115346
10.01380298496224,28.147840478626627,-0.492919921875,0.60894775390625,0.1490478515625,0.60333251953125,2.629032258064516,79.6676441837732,2.658064516129032,80.54740957966764,2.62258064516129,79.47214076246333
10.03392477601301,28.147840478626627,-0.492919921875,0.60894775390625,0.1490478515625,0.60333251953125,2.629032258064516,79.6676441837732,2.680645161290322,81.23167155425219,2.62258064516129,79.47214076246333
10.054020454059355,26.789379408652167,-0.4837646484375,0.61578369140625,0.15643310546875,0.6019287109375,2.5774193548387094,78.10361681329422,2.690322580645161,81.524926686217,2.629032258064516,79.6676441837732
10.074069633963518,26.789379408652167,-0.4837646484375,0.61578369140625,0.15643310546875,0.6019287109375,2.629032258064516,79.6676441837732,2.687096774193548,81.42717497556205,2.6096774193548384,79.0811339198436
10.094103647046722,26.789379408652167,-0.4837646484375,0.61578369140625,0.15643310546875,0.6019287109375,2.62258064516129,79.47214076246333,2.6838709677419352,81.32942326490713,2.5774193548387094,78.10361681329422
10.114148283028044,25.462918639407732,-0.47442626953125,0.62237548828125,0.16357421875,0.60064697265625,2.648387096774193,80.25415444770283,2.6838709677419352,81.32942326490713,2.6129032258064515,79.17888563049853
10.134252249030396,25.462918639407732,-0.47442626953125,0.62237548828125,0.16357421875,0.60064697265625,2.658064516129032,80.54740957966764,2.712903225806451,82.20918866080156,2.6193548387096772,79.37438905180841
10.17283104499802,24.128887447910515,-0.46484375,0.6287841796875,0.170654296875,0.59954833984375,2.6516129032258062,80.35190615835776,2.7064516129032254,82.01368523949168,2.564516129032258,77.71260997067448
10.174338450073265,24.128887447910515,-0.46484375,0.6287841796875,0.170654296875,0.59954833984375,2.6032258064516127,78.88563049853371,2.6838709677419352,81.32942326490713,2.6032258064516127,78.88563049853371
10.19444094505161,24.128887447910515,-0.46484375,0.6287841796875,0.170654296875,0.59954833984375,2.658064516129032,80.54740957966764,2.712903225806451,82.20918866080156,2.5709677419354837,77.90811339198436
10.214500462054275,23.068402440661387,-0.45703125,0.63409423828125,0.17657470703125,0.59820556640625,2.6516129032258062,80.35190615835776,2.6677419354838707,80.84066471163244,2.616129032258064,79.27663734115346
10.234579242998734,23.068402440661387,-0.45703125,0.63409423828125,0.17657470703125,0.59820556640625,2.6419354838709674,80.05865102639295,2.7096774193548385,82.11143695014663,2.583870967741935,78.2991202346041
10.254672841052525,21.81038240762264,-0.4481201171875,0.63922119140625,0.18389892578125,0.5972900390625,2.648387096774193,80.25415444770283,2.7290322580645157,82.69794721407624,2.596774193548387,78.69012707722385
10.274726566043682,21.81038240762264,-0.4481201171875,0.63922119140625,0.18389892578125,0.5972900390625,2.6677419354838707,80.84066471163244,2.6838709677419352,81.32942326490713,2.6129032258064515,79.17888563049853
10.29478144296445,21.81038240762264,-0.4481201171875,0.63922119140625,0.18389892578125,0.5972900390625,2.654838709677419,80.4496578690127,2.7322580645161287,82.79569892473117,2.5806451612903225,78.20136852394917
10.314826783025637,20.62509587340702,-0.44024658203125,0.64349365234375,0.19158935546875,0.59613037109375,2.6451612903225805,80.1564027370479,2.7290322580645157,82.69794721407624,2.6354838709677417,79.86314760508309
10.334928798023611,20.62509587340702,-0.44024658203125,0.64349365234375,0.19158935546875,0.59613037109375,2.661290322580645,80.64516129032258,2.6967741935483867,81.72043010752688,2.596774193548387,78.69012707722385
10.355016187066212,19.585071014065235,-0.43316650390625,0.6473388671875,0.1983642578125,0.594970703125,2.629032258064516,79.6676441837732,2.72258064516129,82.50244379276637,2.6096774193548384,79.0811339198436
10.375032759038731,19.585071014065235,-0.43316650390625,0.6473388671875,0.1983642578125,0.594970703125,2.680645161290322,81.23167155425219,2.7064516129032254,82.01368523949168,2.596774193548387,78.69012707722385
10.395118196960539,19.585071014065235,-0.43316650390625,0.6473388671875,0.1983642578125,0.594970703125,2.6516129032258062,80.35190615835776,2.7774193548387096,84.1642228739003,2.5806451612903225,78.20136852394917
10.415166418068111,18.683378008509493,-0.42608642578125,0.651123046875,0.2037353515625,0.5941162109375,2.6677419354838707,80.84066471163244,2.72258064516129,82.50244379276637,2.616129032258064,79.27663734115346
10.43528212804813,18.683378008509493,-0.42608642578125,0.651123046875,0.2037353515625,0.5941162109375,2.6322580645161286,79.76539589442815,2.7419354838709675,83.08895405669598,2.5774193548387094,78.10361681329422
10.455321485060267,17.717267043236888,-0.4185791015625,0.6551513671875,0.20977783203125,0.59295654296875,2.6451612903225805,80.1564027370479,2.767741935483871,83.87096774193549,2.648387096774193,80.25415444770283
10.475373320979998,17.717267043236888,-0.4185791015625,0.6551513671875,0.20977783203125,0.59295654296875,2.6419354838709674,80.05865102639295,2.7064516129032254,82.01368523949168,2.6032258064516127,78.88563049853371
10.495480200042948,17.717267043236888,-0.4185791015625,0.6551513671875,0.20977783203125,0.59295654296875,2.5774193548387094,78.10361681329422,2.74516129032258,83.18670576735092,2.551612903225806,77.32160312805473
10.515513699967414,16.62480226044856,-0.4102783203125,0.65863037109375,0.21673583984375,0.5924072265625,2.6387096774193544,79.960899315738,2.806451612903226,85.04398826979474,2.5774193548387094,78.10361681329422
10.535592481028289,16.62480226044856,-0.4102783203125,0.65863037109375,0.21673583984375,0.5924072265625,2.658064516129032,80.54740957966764,2.7870967741935484,84.4574780058651,2.5774193548387094,78.10361681329422
10.555711647961289,15.490337676772597,-0.40142822265625,0.66082763671875,0.22308349609375,0.5936279296875,2.654838709677419,80.4496578690127,2.793548387096774,84.65298142717498,2.558064516129032,77.5171065493646
10.575725884060375,15.490337676772597,-0.40142822265625,0.66082763671875,0.22308349609375,0.5936279296875,2.6677419354838707,80.84066471163244,2.803225806451613,84.94623655913979,2.593548387096774,78.59237536656892
10.59580834605731,15.490337676772597,-0.40142822265625,0.66082763671875,0.22308349609375,0.5936279296875,2.62258064516129,79.47214076246333,2.803225806451613,84.94623655913979,2.5806451612903225,78.20136852394917
10.61592216801364,14.434087551821762,-0.3936767578125,0.6622314453125,0.229248046875,0.59490966796875,2.6419354838709674,80.05865102639295,2.835483870967742,85.92375366568915,2.5387096774193547,76.93059628543499
10.63595723605249,14.434087551821762,-0.3936767578125,0.6622314453125,0.229248046875,0.59490966796875,2.629032258064516,79.6676441837732,2.829032258064516,85.72825024437928,2.554838709677419,77.41935483870968
10.656021296977997,13.726390792640899,-0.38629150390625,0.6649169921875,0.2325439453125,0.59539794921875,2.625806451612903,79.56989247311827,2.835483870967742,85.92375366568915,2.6032258064516127,78.88563049853371
10.676091311033815,13.726390792640899,-0.38629150390625,0.6649169921875,0.2325439453125,0.59539794921875,2.629032258064516,79.6676441837732,2.8838709677419354,87.3900293255132,2.587096774193548,78.39687194525904
10.696189549053088,13.726390792640899,-0.38629150390625,0.6649169921875,0.2325439453125,0.59539794921875,2.6032258064516127,78.88563049853371,2.8129032258064517,85.23949169110459,2.5774193548387094,78.10361681329422
10.716289099073038,13.395151330387534,-0.381591796875,0.667724609375,0.2337646484375,0.5948486328125,2.654838709677419,80.4496578690127,2.796774193548387,84.75073313782991,2.587096774193548,78.39687194525904
10.736287878011353,13.395151330387534,-0.381591796875,0.667724609375,0.2337646484375,0.5948486328125,2.629032258064516,79.6676441837732,2.796774193548387,84.75073313782991,2.5806451612903225,78.20136852394917
10.75638976402115,13.149586581255107,-0.37811279296875,0.66937255859375,0.23419189453125,0.5950927734375,2.654838709677419,80.4496578690127,2.8096774193548386,85.14173998044966,2.5741935483870964,78.00586510263928
10.776418305002153,13.149586581255107,-0.37811279296875,0.66937255859375,0.23419189453125,0.5950927734375,2.629032258064516,79.6676441837732,2.796774193548387,84.75073313782991,2.5806451612903225,78.20136852394917
10.796504797996022,13.149586581255107,-0.37811279296875,0.66937255859375,0.23419189453125,0.5950927734375,2.6032258064516127,78.88563049853371,2.7903225806451615,84.55522971652005,2.593548387096774,78.59237536656892
10.816574012045749,12.91490785232044,-0.37506103515625,0.6702880859375,0.234130859375,0.5960693359375,2.6096774193548384,79.0811339198436,2.832258064516129,85.82600195503422,2.6032258064516127,78.88563049853371
10.836642105015926,12.91490785232044,-0.37506103515625,0.6702880859375,0.234130859375,0.5960693359375,2.625806451612903,79.56989247311827,2.8193548387096774,85.43499511241447,2.583870967741935,78.2991202346041
10.856709846062586,12.762694697369426,-0.37286376953125,0.67071533203125,0.23419189453125,0.59686279296875,2.629032258064516,79.6676441837732,2.832258064516129,85.82600195503422,2.596774193548387,78.69012707722385
10.876760242972523,12.762694697369426,-0.37286376953125,0.67071533203125,0.23419189453125,0.59686279296875,2.625806451612903,79.56989247311827,2.796774193548387,84.75073313782991,2.5806451612903225,78.20136852394917
10.896846065064892,12.762694697369426,-0.37286376953125,0.67071533203125,0.23419189453125,0.59686279296875,2.616129032258064,79.27663734115346,2.8225806451612905,85.53274682306942,2.590322580645161,78.49462365591397
10.917012721067294,12.674650929620483,-0.3720703125,0.6708984375,0.23419189453125,0.59722900390625,2.648387096774193,80.25415444770283,2.8096774193548386,85.14173998044966,2.5806451612903225,78.20136852394917
10.937197873019613,12.674650929620483,-0.3720703125,0.6708984375,0.23419189453125,0.59722900390625,2.6354838709677417,79.86314760508309,2.835483870967742,85.92375366568915,2.587096774193548,78.39687194525904
10.95728043105919,12.70496036731214,-0.37164306640625,0.67108154296875,0.23345947265625,0.5975341796875,2.6387096774193544,79.960899315738,2.8161290322580643,85.33724340175954,2.593548387096774,78.59237536656892
10.977332300040871,12.70496036731214,-0.37164306640625,0.67108154296875,0.23345947265625,0.5975341796875,2.6096774193548384,79.0811339198436,2.825806451612903,85.63049853372434,2.616129032258064,79.27663734115346
10.997489324072376,12.70496036731214,-0.37164306640625,0.67108154296875,0.23345947265625,0.5975341796875,2.6193548387096772,79.37438905180841,2.829032258064516,85.72825024437928,2.564516129032258,77.71260997067448
11.017562536988407,12.79377637647795,-0.3717041015625,0.67108154296875,0.2322998046875,0.597900390625,2.625806451612903,79.56989247311827,2.7838709677419353,84.35972629521017,2.590322580645161,78.49462365591397
11.037643303046934,12.79377637647795,-0.3717041015625,0.67108154296875,0.2322998046875,0.597900390625,2.6193548387096772,79.37438905180841,2.832258064516129,85.82600195503422,2.5806451612903225,78.20136852394917
11.057772453990765,12.786240531129039,-0.371826171875,0.6707763671875,0.23187255859375,0.598388671875,2.6193548387096772,79.37438905180841,2.861290322580645,86.70576735092864,2.590322580645161,78.49462365591397
11.07785366801545,12.786240531129039,-0.371826171875,0.6707763671875,0.23187255859375,0.598388671875,2.6419354838709674,80.05865102639295,2.8451612903225807,86.21700879765396,2.6096774193548384,79.0811339198436
11.097911935998127,12.786240531129039,-0.371826171875,0.6707763671875,0.23187255859375,0.598388671875,2.654838709677419,80.4496578690127,2.8129032258064517,85.23949169110459,2.62258064516129,79.47214076246333
11.118189444066957,12.826795462279733,-0.372314453125,0.67047119140625,0.23162841796875,0.5985107421875,2.629032258064516,79.6676441837732,2.835483870967742,85.92375366568915,2.629032258064516,79.6676441837732
11.138182366965339,12.826795462279733,-0.372314453125,0.67047119140625,0.23162841796875,0.5985107421875,2.62258064516129,79.47214076246333,2.861290322580645,86.70576735092864,2.5806451612903225,78.20136852394917
11.15827833302319,12.856825043068753,-0.37255859375,0.67010498046875,0.23114013671875,0.59893798828125,2.590322580645161,78.49462365591397,2.8451612903225807,86.21700879765396,2.5774193548387094,78.10361681329422
11.178299608989619,12.856825043068753,-0.37255859375,0.67010498046875,0.23114013671875,0.59893798828125,2.654838709677419,80.4496578690127,2.835483870967742,85.92375366568915,2.6096774193548384,79.0811339198436
11.198373013990931,12.856825043068753,-0.37255859375,0.67010498046875,0.23114013671875,0.59893798828125,2.6032258064516127,78.88563049853371,2.8483870967741933,86.3147605083089,2.6032258064516127,78.88563049853371
11.21844081999734,12.969357322919635,-0.3726806640625,0.67120361328125,0.23046875,0.59796142578125,2.625806451612903,79.56989247311827,2.8516129032258064,86.41251221896383,2.583870967741935,78.2991202346041
11.23848561604973,12.969357322919635,-0.3726806640625,0.67120361328125,0.23046875,0.59796142578125,2.6193548387096772,79.37438905180841,2.832258064516129,85.82600195503422,2.616129032258064,79.27663734115346
11.258562989998609,13.074287663504819,-0.372314453125,0.6719970703125,0.2298583984375,0.597412109375,2.587096774193548,78.39687194525904,2.832258064516129,85.82600195503422,2.5999999999999996,78.78787878787878
11.278613034053706,13.074287663504819,-0.372314453125,0.6719970703125,0.2298583984375,0.597412109375,2.596774193548387,78.69012707722385,2.8225806451612905,85.53274682306942,2.525806451612903,76.53958944281524
11.298902606009506,13.074287663504819,-0.372314453125,0.6719970703125,0.2298583984375,0.597412109375,2.6064516129032254,78.98338220918865,2.8419354838709676,86.11925708699903,2.564516129032258,77.71260997067448
11.318800422013737,13.109941775866972,-0.371826171875,0.67279052734375,0.229248046875,0.59710693359375,2.6419354838709674,80.05865102639295,2.825806451612903,85.63049853372434,2.5774193548387094,78.10361681329422
11.338855843059719,13.109941775866972,-0.371826171875,0.67279052734375,0.229248046875,0.59710693359375,2.6322580645161286,79.76539589442815,2.8451612903225807,86.21700879765396,2.6032258064516127,78.88563049853371
11.358929472975433,13.13407604402451,-0.3712158203125,0.6734619140625,0.2286376953125,0.59698486328125,2.6387096774193544,79.960899315738,2.829032258064516,85.72825024437928,2.6064516129032254,78.98338220918865
11.37896742101293,13.13407604402451,-0.3712158203125,0.6734619140625,0.2286376953125,0.59698486328125,2.7032258064516124,81.91593352883673,2.832258064516129,85.82600195503422,2.62258064516129,79.47214076246333
11.399063515011221,13.13407604402451,-0.3712158203125,0.6734619140625,0.2286376953125,0.59698486328125,2.6709677419354834,80.93841642228737,2.8419354838709676,86.11925708699903,2.5806451612903225,78.20136852394917
11.419124120031483,13.157557345476391,-0.37005615234375,0.67413330078125,0.22747802734375,0.59735107421875,2.654838709677419,80.4496578690127,2.858064516129032,86.6080156402737,2.593548387096774,78.59237536656892
11.439173973049037,13.157557345476391,-0.37005615234375,0.67413330078125,0.22747802734375,0.59735107421875,2.6322580645161286,79.76539589442815,2.832258064516129,85.82600195503422,2.5999999999999996,78.78787878787878
11.459248594008386,13.13205258394494,-0.36883544921875,0.67486572265625,0.22662353515625,0.59765625,2.6645161290322577,80.74291300097751,2.8096774193548386,85.14173998044966,2.5999999999999996,78.78787878787878
11.479315886972472,13.13205258394494,-0.36883544921875,0.67486572265625,0.22662353515625,0.59765625,2.658064516129032,80.54740957966764,2.825806451612903,85.63049853372434,2.6032258064516127,78.88563049853371
11.49940058903303,13.13205258394494,-0.36883544921875,0.67486572265625,0.22662353515625,0.59765625,2.658064516129032,80.54740957966764,2.7838709677419353,84.35972629521017,2.6064516129032254,78.98338220918865
11.519466954050586,13.114328110066893,-0.3680419921875,0.67547607421875,0.2264404296875,0.5975341796875,2.654838709677419,80.4496578690127,2.8483870967741933,86.3147605083089,2.590322580645161,78.49462365591397
11.539560616016388,13.114328110066893,-0.3680419921875,0.67547607421875,0.2264404296875,0.5975341796875,2.6741935483870964,81.03616813294232,2.825806451612903,85.63049853372434,2.6096774193548384,79.0811339198436
11.559614661033265,13.078731021388876,-0.36712646484375,0.6759033203125,0.22650146484375,0.5975341796875,2.5774193548387094,78.10361681329422,2.8483870967741933,86.3147605083089,2.5806451612903225,78.20136852394917
11.579672769992612,13.078731021388876,-0.36712646484375,0.6759033203125,0.22650146484375,0.5975341796875,2.6451612903225805,80.1564027370479,2.832258064516129,85.82600195503422,2.6096774193548384,79.0811339198436
11.599732703063637,13.078731021388876,-0.36712646484375,0.6759033203125,0.22650146484375,0.5975341796875,2.6451612903225805,80.1564027370479,2.838709677419355,86.0215053763441,2.593548387096774,78.59237536656892
11.619835997000337,13.014176340641939,-0.3663330078125,0.67633056640625,0.22686767578125,0.597412109375,2.6451612903225805,80.1564027370479,2.835483870967742,85.92375366568915,2.596774193548387,78.69012707722385
11.660542185069062,13.014176340641939,-0.3663330078125,0.67633056640625,0.22686767578125,0.597412109375,2.62258064516129,79.47214076246333,2.8096774193548386,85.14173998044966,2.5806451612903225,78.20136852394917
11.66075694304891,12.951495982764499,-0.3656005859375,0.67669677734375,0.2271728515625,0.59735107421875,2.6322580645161286,79.76539589442815,2.8419354838709676,86.11925708699903,2.5774193548387094,78.10361681329422
11.680864077992737,12.951495982764499,-0.3656005859375,0.67669677734375,0.2271728515625,0.59735107421875,2.6645161290322577,80.74291300097751,2.835483870967742,85.92375366568915,2.593548387096774,78.59237536656892
11.700991149060428,12.951495982764499,-0.3656005859375,0.67669677734375,0.2271728515625,0.59735107421875,2.712903225806451,82.20918866080156,2.832258064516129,85.82600195503422,2.661290322580645,80.64516129032258
11.721053834073246,12.90897221525617,-0.36480712890625,0.67706298828125,0.227294921875,0.59735107421875,2.6451612903225805,80.1564027370479,2.825806451612903,85.63049853372434,2.5999999999999996,78.78787878787878
11.74108112603426,12.90897221525617,-0.36480712890625,0.67706298828125,0.227294921875,0.59735107421875,2.6322580645161286,79.76539589442815,2.8129032258064517,85.23949169110459,2.6032258064516127,78.88563049853371
11.761189284035936,12.811361032715041,-0.3638916015625,0.677490234375,0.22802734375,0.59716796875,2.6645161290322577,80.74291300097751,2.825806451612903,85.63049853372434,2.596774193548387,78.69012707722385
11.781236193026416,12.811361032715041,-0.3638916015625,0.677490234375,0.22802734375,0.59716796875,2.629032258064516,79.6676441837732,2.835483870967742,85.92375366568915,2.6193548387096772,79.37438905180841
11.801336638978682,12.811361032715041,-0.3638916015625,0.677490234375,0.22802734375,0.59716796875,2.680645161290322,81.23167155425219,2.8741935483870966,87.09677419354838,2.6032258064516127,78.88563049853371
11.821383579983376,12.75251290708772,-0.36383056640625,0.67755126953125,0.22918701171875,0.5966796875,2.625806451612903,79.56989247311827,2.796774193548387,84.75073313782991,2.6064516129032254,78.98338220918865
11.841470233979635,12.75251290708772,-0.36383056640625,0.67755126953125,0.22918701171875,0.5966796875,2.6677419354838707,80.84066471163244,2.7838709677419353,84.35972629521017,2.625806451612903,79.56989247311827
11.861524341977201,12.704313996002767,-0.36346435546875,0.67767333984375,0.23004150390625,0.59637451171875,2.654838709677419,80.4496578690127,2.7838709677419353,84.35972629521017,2.6032258064516127,78.88563049853371
11.881584755028598,12.704313996002767,-0.36346435546875,0.67767333984375,0.23004150390625,0.59637451171875,2.6645161290322577,80.74291300097751,2.8096774193548386,85.14173998044966,2.596774193548387,78.69012707722385
11.901686802040786,12.704313996002767,-0.36346435546875,0.67767333984375,0.23004150390625,0.59637451171875,2.648387096774193,80.25415444770283,2.832258064516129,85.82600195503422,2.616129032258064,79.27663734115346
11.921732590068132,12.599562631886656,-0.3629150390625,0.677978515625,0.23089599609375,0.59613037109375,2.7064516129032254,82.01368523949168,2.825806451612903,85.63049853372434,2.616129032258064,79.27663734115346
11.941790314973332,12.599562631886656,-0.3629150390625,0.677978515625,0.23089599609375,0.59613037109375,2.629032258064516,79.6676441837732,2.8129032258064517,85.23949169110459,2.5999999999999996,78.78787878787878
11.961910218000412,12.580381630449509,-0.3631591796875,0.677734375,0.2318115234375,0.5958251953125,2.6451612903225805,80.1564027370479,2.835483870967742,85.92375366568915,2.5806451612903225,78.20136852394917
11.981960550998338,12.580381630449509,-0.3631591796875,0.677734375,0.2318115234375,0.5958251953125,2.6516129032258062,80.35190615835776,2.8129032258064517,85.23949169110459,2.616129032258064,79.27663734115346
12.002015011035837,12.580381630449509,-0.3631591796875,0.677734375,0.2318115234375,0.5958251953125,2.680645161290322,81.23167155425219,2.861290322580645,86.70576735092864,2.62258064516129,79.47214076246333
12.022082944982685,12.530105088338843,-0.3631591796875,0.677490234375,0.23236083984375,0.59588623046875,2.6516129032258062,80.35190615835776,2.8483870967741933,86.3147605083089,2.596774193548387,78.69012707722385
12.042144990060478,12.530105088338843,-0.3631591796875,0.677490234375,0.23236083984375,0.59588623046875,2.62258064516129,79.47214076246333,2.838709677419355,86.0215053763441,2.629032258064516,79.6676441837732
12.062214939040132,12.508257230205388,-0.36328125,0.67755126953125,0.23309326171875,0.595458984375,2.654838709677419,80.4496578690127,2.861290322580645,86.70576735092864,2.5806451612903225,78.20136852394917
12.082326042000204,12.508257230205388,-0.36328125,0.67755126953125,0.23309326171875,0.595458984375,2.661290322580645,80.64516129032258,2.8870967741935485,87.48778103616814,2.5806451612903225,78.20136852394917
12.102369270054623,12.508257230205388,-0.36328125,0.67755126953125,0.23309326171875,0.595458984375,2.654838709677419,80.4496578690127,2.8741935483870966,87.09677419354838,2.629032258064516,79.6676441837732
12.12243083503563,12.49767626599484,-0.3643798828125,0.67724609375,0.23419189453125,0.59478759765625,2.6677419354838707,80.84066471163244,2.8225806451612905,85.53274682306942,2.616129032258064,79.27663734115346
12.14250107202679,12.49767626599484,-0.3643798828125,0.67724609375,0.23419189453125,0.59478759765625,2.629032258064516,79.6676441837732,2.835483870967742,85.92375366568915,2.6064516129032254,78.98338220918865
12.162612751009874,12.535485475851857,-0.36553955078125,0.6766357421875,0.23492431640625,0.59442138671875,2.658064516129032,80.54740957966764,2.832258064516129,85.82600195503422,2.5999999999999996,78.78787878787878
12.182878546067514,12.535485475851857,-0.36553955078125,0.6766357421875,0.23492431640625,0.59442138671875,2.6741935483870964,81.03616813294232,2.825806451612903,85.63049853372434,2.6064516129032254,78.98338220918865
12.202750985976309,12.535485475851857,-0.36553955078125,0.6766357421875,0.23492431640625,0.59442138671875,2.680645161290322,81.23167155425219,2.861290322580645,86.70576735092864,2.5774193548387094,78.10361681329422
12.222791142063215,12.576845458456958,-0.366943359375,0.6761474609375,0.23583984375,0.59375,2.680645161290322,81.23167155425219,2.825806451612903,85.63049853372434,2.616129032258064,79.27663734115346
12.242839267011732,12.576845458456958,-0.366943359375,0.6761474609375,0.23583984375,0.59375,2.7161290322580642,82.30694037145649,2.796774193548387,84.75073313782991,2.6096774193548384,79.0811339198436
12.262940032989718,12.63779578447766,-0.36859130859375,0.675537109375,0.236572265625,0.5931396484375,2.654838709677419,80.4496578690127,2.8451612903225807,86.21700879765396,2.6032258064516127,78.88563049853371
12.283109185053036,12.63779578447766,-0.36859130859375,0.675537109375,0.236572265625,0.5931396484375,2.654838709677419,80.4496578690127,2.8096774193548386,85.14173998044966,2.6096774193548384,79.0811339198436
12.30307314696256,12.63779578447766,-0.36859130859375,0.675537109375,0.236572265625,0.5931396484375,2.629032258064516,79.6676441837732,2.829032258064516,85.72825024437928,2.629032258064516,79.6676441837732
12.323147961054929,12.68518384161817,-0.3704833984375,0.6746826171875,0.23748779296875,0.59259033203125,2.6451612903225805,80.1564027370479,2.832258064516129,85.82600195503422,2.6129032258064515,79.17888563049853
12.343199733062647,12.68518384161817,-0.3704833984375,0.6746826171875,0.23748779296875,0.59259033203125,2.6322580645161286,79.76539589442815,2.8129032258064517,85.23949169110459,2.654838709677419,80.4496578690127
12.363303188001737,12.731505471145425,-0.37249755859375,0.67376708984375,0.238525390625,0.59197998046875,2.6677419354838707,80.84066471163244,2.8741935483870966,87.09677419354838,2.6096774193548384,79.0811339198436
12.383331696037203,12.731505471145425,-0.37249755859375,0.67376708984375,0.238525390625,0.59197998046875,2.6451612903225805,80.1564027370479,2.8483870967741933,86.3147605083089,2.590322580645161,78.49462365591397
12.404750101966783,12.731505471145425,-0.37249755859375,0.67376708984375,0.238525390625,0.59197998046875,2.661290322580645,80.64516129032258,2.8193548387096774,85.43499511241447,2.590322580645161,78.49462365591397
12.423467786051333,12.820792790051641,-0.37469482421875,0.6728515625,0.23931884765625,0.59130859375,2.6516129032258062,80.35190615835776,2.838709677419355,86.0215053763441,2.629032258064516,79.6676441837732
12.44352691899985,12.820792790051641,-0.37469482421875,0.6728515625,0.23931884765625,0.59130859375,2.6354838709677417,79.86314760508309,2.8096774193548386,85.14173998044966,2.6064516129032254,78.98338220918865
12.463600420975126,12.897167475055141,-0.376220703125,0.6719970703125,0.2396240234375,0.59112548828125,2.629032258064516,79.6676441837732,2.7838709677419353,84.35972629521017,2.629032258064516,79.6676441837732
12.483724068035372,12.897167475055141,-0.376220703125,0.6719970703125,0.2396240234375,0.59112548828125,2.6322580645161286,79.76539589442815,2.835483870967742,85.92375366568915,2.6064516129032254,78.98338220918865
12.503768832073547,12.897167475055141,-0.376220703125,0.6719970703125,0.2396240234375,0.59112548828125,2.6322580645161286,79.76539589442815,2.829032258064516,85.72825024437928,2.6387096774193544,79.960899315738
12.523833372979425,12.953912790375654,-0.3775634765625,0.67138671875,0.2398681640625,0.59088134765625,2.6677419354838707,80.84066471163244,2.835483870967742,85.92375366568915,2.583870967741935,78.2991202346041
12.543894394068047,12.953912790375654,-0.3775634765625,0.67138671875,0.2398681640625,0.59088134765625,2.6677419354838707,80.84066471163244,2.832258064516129,85.82600195503422,2.5999999999999996,78.78787878787878
12.563985271961428,13.08456268210773,-0.37921142578125,0.67083740234375,0.2398681640625,0.59039306640625,2.654838709677419,80.4496578690127,2.8225806451612905,85.53274682306942,2.587096774193548,78.39687194525904
12.584027508972213,13.08456268210773,-0.37921142578125,0.67083740234375,0.2398681640625,0.59039306640625,2.6741935483870964,81.03616813294232,2.7838709677419353,84.35972629521017,2.5774193548387094,78.10361681329422
12.604112850036472,13.08456268210773,-0.37921142578125,0.67083740234375,0.2398681640625,0.59039306640625,2.629032258064516,79.6676441837732,2.825806451612903,85.63049853372434,2.6032258064516127,78.88563049853371
12.62422344100196,13.185456109089458,-0.38092041015625,0.67034912109375,0.239990234375,0.58984375,2.658064516129032,80.54740957966764,2.835483870967742,85.92375366568915,2.6516129032258062,80.35190615835776
12.644254988990724,13.185456109089458,-0.38092041015625,0.67034912109375,0.239990234375,0.58984375,2.6354838709677417,79.86314760508309,2.832258064516129,85.82600195503422,2.596774193548387,78.69012707722385
12.664320042007603,13.30022868894413,-0.382568359375,0.66998291015625,0.239990234375,0.5892333984375,2.654838709677419,80.4496578690127,2.861290322580645,86.70576735092864,2.6064516129032254,78.98338220918865
12.684400839963928,13.30022868894413,-0.382568359375,0.66998291015625,0.239990234375,0.5892333984375,2.648387096774193,80.25415444770283,2.8096774193548386,85.14173998044966,2.6387096774193544,79.960899315738
12.704437540029176,13.30022868894413,-0.382568359375,0.66998291015625,0.239990234375,0.5892333984375,2.680645161290322,81.23167155425219,2.8193548387096774,85.43499511241447,2.6096774193548384,79.0811339198436
12.724518210045062,13.417944740112105,-0.384765625,0.669189453125,0.24017333984375,0.58868408203125,2.680645161290322,81.23167155425219,2.8193548387096774,85.43499511241447,2.6096774193548384,79.0811339198436
12.744589598965831,13.417944740112105,-0.384765625,0.669189453125,0.24017333984375,0.58868408203125,2.6677419354838707,80.84066471163244,2.835483870967742,85.92375366568915,2.6064516129032254,78.98338220918865
12.76468812499661,13.57739966144591,-0.38739013671875,0.66827392578125,0.24078369140625,0.58770751953125,2.6645161290322577,80.74291300097751,2.8483870967741933,86.3147605083089,2.5774193548387094,78.10361681329422
12.784726234036498,13.57739966144591,-0.38739013671875,0.66827392578125,0.24078369140625,0.58770751953125,2.658064516129032,80.54740957966764,2.8548387096774195,86.51026392961879,2.6419354838709674,80.05865102639295
12.804792503011413,13.57739966144591,-0.38739013671875,0.66827392578125,0.24078369140625,0.58770751953125,2.6709677419354834,80.93841642228737,2.835483870967742,85.92375366568915,2.5774193548387094,78.10361681329422
12.82488795707468,13.689698000802764,-0.38958740234375,0.66741943359375,0.24127197265625,0.5870361328125,2.62258064516129,79.47214076246333,2.832258064516129,85.82600195503422,2.62258064516129,79.47214076246333
12.84492532897275,13.689698000802764,-0.38958740234375,0.66741943359375,0.24127197265625,0.5870361328125,2.658064516129032,80.54740957966764,2.8419354838709676,86.11925708699903,2.629032258064516,79.6676441837732
12.864993358030915,13.753659295033415,-0.391357421875,0.66650390625,0.241943359375,0.58660888671875,2.661290322580645,80.64516129032258,2.8483870967741933,86.3147605083089,2.5774193548387094,78.10361681329422
12.885150798014365,13.753659295033415,-0.391357421875,0.66650390625,0.241943359375,0.58660888671875,2.654838709677419,80.4496578690127,2.8129032258064517,85.23949169110459,2.629032258064516,79.6676441837732
12.905165737960488,13.753659295033415,-0.391357421875,0.66650390625,0.241943359375,0.58660888671875,2.680645161290322,81.23167155425219,2.796774193548387,84.75073313782991,2.629032258064516,79.6676441837732
12.925228903070092,13.84497428058667,-0.393310546875,0.66558837890625,0.2425537109375,0.5860595703125,2.6322580645161286,79.76539589442815,2.832258064516129,85.82600195503422,2.654838709677419,80.4496578690127
12.94529354001861,13.84497428058667,-0.393310546875,0.66558837890625,0.2425537109375,0.5860595703125,2.6645161290322577,80.74291300097751,2.838709677419355,86.0215053763441,2.6064516129032254,78.98338220918865
12.965391074074432,13.967385143217271,-0.3955078125,0.6646728515625,0.2430419921875,0.58538818359375,2.7064516129032254,82.01368523949168,2.8129032258064517,85.23949169110459,2.629032258064516,79.6676441837732
12.985429823049344,13.967385143217271,-0.3955078125,0.6646728515625,0.2430419921875,0.58538818359375,2.648387096774193,80.25415444770283,2.825806451612903,85.63049853372434,2.629032258064516,79.6676441837732
13.005494044045918,13.967385143217271,-0.3955078125,0.6646728515625,0.2430419921875,0.58538818359375,2.6419354838709674,80.05865102639295,2.8225806451612905,85.53274682306942,2.629032258064516,79.6676441837732
13.025573785067536,14.124338755990976,-0.39813232421875,0.663818359375,0.24359130859375,0.5843505859375,2.648387096774193,80.25415444770283,2.8096774193548386,85.14173998044966,2.616129032258064,79.27663734115346
13.045654454967007,14.124338755990976,-0.39813232421875,0.663818359375,0.24359130859375,0.5843505859375,2.6451612903225805,80.1564027370479,2.8,84.84848484848484,2.587096774193548,78.39687194525904
13.065708340029232,14.322293296065524,-0.40118408203125,0.6627197265625,0.24359130859375,0.58355712890625,2.6645161290322577,80.74291300097751,2.8,84.84848484848484,2.6387096774193544,79.960899315738
13.085780657012947,14.322293296065524,-0.40118408203125,0.6627197265625,0.24359130859375,0.58355712890625,2.658064516129032,80.54740957966764,2.8096774193548386,85.14173998044966,2.6096774193548384,79.0811339198436
13.105822926037945,14.322293296065524,-0.40118408203125,0.6627197265625,0.24359130859375,0.58355712890625,2.661290322580645,80.64516129032258,2.8096774193548386,85.14173998044966,2.587096774193548,78.39687194525904
13.138873810996301,14.690977258516739,-0.405517578125,0.66143798828125,0.24273681640625,0.5823974609375,2.6645161290322577,80.74291300097751,2.8096774193548386,85.14173998044966,2.583870967741935,78.2991202346041
13.145944552030414,14.690977258516739,-0.405517578125,0.66143798828125,0.24273681640625,0.5823974609375,2.680645161290322,81.23167155425219,2.761290322580645,83.67546432062561,2.6419354838709674,80.05865102639295
13.16608339897357,15.087294850165208,-0.41064453125,0.65948486328125,0.24237060546875,0.58111572265625,2.62258064516129,79.47214076246333,2.767741935483871,83.87096774193549,2.6516129032258062,80.35190615835776
13.18614330003038,15.087294850165208,-0.41064453125,0.65948486328125,0.24237060546875,0.58111572265625,2.6451612903225805,80.1564027370479,2.761290322580645,83.67546432062561,2.6032258064516127,78.88563049853371
13.206184576964006,15.087294850165208,-0.41064453125,0.65948486328125,0.24237060546875,0.58111572265625,2.625806451612903,79.56989247311827,2.764516129032258,83.77321603128055,2.6451612903225805,80.1564027370479
13.226251646061428,15.41280309624014,-0.4154052734375,0.65716552734375,0.24200439453125,0.58050537109375,2.6354838709677417,79.86314760508309,2.770967741935484,83.96871945259042,2.5774193548387094,78.10361681329422
13.246332315029576,15.41280309624014,-0.4154052734375,0.65716552734375,0.24200439453125,0.58050537109375,2.654838709677419,80.4496578690127,2.770967741935484,83.96871945259042,2.6064516129032254,78.98338220918865
13.266427065012977,15.836262250617537,-0.4200439453125,0.655029296875,0.24029541015625,0.58026123046875,2.616129032258064,79.27663734115346,2.7483870967741932,83.28445747800586,2.6387096774193544,79.960899315738
13.2864694299642,15.836262250617537,-0.4200439453125,0.655029296875,0.24029541015625,0.58026123046875,2.6516129032258062,80.35190615835776,2.7483870967741932,83.28445747800586,2.6354838709677417,79.86314760508309
13.30650961806532,15.836262250617537,-0.4200439453125,0.655029296875,0.24029541015625,0.58026123046875,2.6451612903225805,80.1564027370479,2.764516129032258,83.77321603128055,2.6419354838709674,80.05865102639295
13.326595791964792,16.274208169071485,-0.42462158203125,0.6531982421875,0.23828125,0.57989501953125,2.6322580645161286,79.76539589442815,2.7580645161290325,83.57771260997069,2.6096774193548384,79.0811339198436
13.346651469008066,16.274208169071485,-0.42462158203125,0.6531982421875,0.23828125,0.57989501953125,2.654838709677419,80.4496578690127,2.7774193548387096,84.1642228739003,2.616129032258064,79.27663734115346
13.366766444058158,16.605893213740416,-0.4285888671875,0.6512451171875,0.237548828125,0.57940673828125,2.648387096774193,80.25415444770283,2.7580645161290325,83.57771260997069,2.6419354838709674,80.05865102639295
13.38680794404354,16.605893213740416,-0.4285888671875,0.6512451171875,0.237548828125,0.57940673828125,2.6516129032258062,80.35190615835776,2.7580645161290325,83.57771260997069,2.593548387096774,78.59237536656892
13.40685766900424,16.605893213740416,-0.4285888671875,0.6512451171875,0.237548828125,0.57940673828125,2.654838709677419,80.4496578690127,2.7064516129032254,82.01368523949168,2.6354838709677417,79.86314760508309
13.426939810044132,16.85420192815991,-0.43170166015625,0.650146484375,0.237060546875,0.57861328125,2.719354838709677,82.40469208211142,2.7064516129032254,82.01368523949168,2.625806451612903,79.56989247311827
13.446982719004154,16.85420192815991,-0.43170166015625,0.650146484375,0.237060546875,0.57861328125,2.680645161290322,81.23167155425219,2.7322580645161287,82.79569892473117,2.62258064516129,79.47214076246333
13.46710675000213,17.204110015290354,-0.43505859375,0.649169921875,0.23602294921875,0.57757568359375,2.6193548387096772,79.37438905180841,2.7548387096774194,83.47996089931574,2.648387096774193,80.25415444770283
13.487144793965854,17.204110015290354,-0.43505859375,0.649169921875,0.23602294921875,0.57757568359375,2.6709677419354834,80.93841642228737,2.7064516129032254,82.01368523949168,2.6129032258064515,79.17888563049853
13.507201015017927,17.204110015290354,-0.43505859375,0.649169921875,0.23602294921875,0.57757568359375,2.680645161290322,81.23167155425219,2.680645161290322,81.23167155425219,2.616129032258064,79.27663734115346
13.52727160404902,17.213425350588608,-0.4368896484375,0.64788818359375,0.23748779296875,0.5770263671875,2.6451612903225805,80.1564027370479,2.7774193548387096,84.1642228739003,2.6419354838709674,80.05865102639295
13.547341905999929,17.213425350588608,-0.4368896484375,0.64788818359375,0.23748779296875,0.5770263671875,2.680645161290322,81.23167155425219,2.770967741935484,83.96871945259042,2.616129032258064,79.27663734115346
13.567455120035447,17.550418703236474,-0.44091796875,0.64556884765625,0.2364501953125,0.57696533203125,2.680645161290322,81.23167155425219,2.7548387096774194,83.47996089931574,2.629032258064516,79.6676441837732
13.58748442796059,17.550418703236474,-0.44091796875,0.64556884765625,0.2364501953125,0.57696533203125,2.680645161290322,81.23167155425219,2.770967741935484,83.96871945259042,2.5806451612903225,78.20136852394917
13.607525096973404,17.550418703236474,-0.44091796875,0.64556884765625,0.2364501953125,0.57696533203125,2.654838709677419,80.4496578690127,2.7322580645161287,82.79569892473117,2.593548387096774,78.59237536656892
13.62761370302178,18.26419043795896,-0.44696044921875,0.64202880859375,0.23187255859375,0.578125,2.6451612903225805,80.1564027370479,2.7483870967741932,83.28445747800586,2.6193548387096772,79.37438905180841
13.647676132037304,18.26419043795896,-0.44696044921875,0.64202880859375,0.23187255859375,0.578125,2.654838709677419,80.4496578690127,2.6999999999999997,81.81818181818181,2.5806451612903225,78.20136852394917
13.667794050998054,19.318135197346805,-0.45428466796875,0.63763427734375,0.22412109375,0.580322265625,2.6322580645161286,79.76539589442815,2.72258064516129,82.50244379276637,2.5774193548387094,78.10361681329422
13.687876160023734,19.318135197346805,-0.45428466796875,0.63763427734375,0.22412109375,0.580322265625,2.6516129032258062,80.35190615835776,2.72258064516129,82.50244379276637,2.5741935483870964,78.00586510263928
13.707881852053106,19.318135197346805,-0.45428466796875,0.63763427734375,0.22412109375,0.580322265625,2.658064516129032,80.54740957966764,2.7774193548387096,84.1642228739003,2.5387096774193547,76.93059628543499
13.7279843139695,20.649787132238572,-0.46234130859375,0.63275146484375,0.2137451171875,0.583251953125,2.6516129032258062,80.35190615835776,2.72258064516129,82.50244379276637,2.587096774193548,78.39687194525904
13.748020405997522,20.649787132238572,-0.46234130859375,0.63275146484375,0.2137451171875,0.583251953125,2.6451612903225805,80.1564027370479,2.719354838709677,82.40469208211142,2.564516129032258,77.71260997067448
13.768151476979256,22.303420106162832,-0.4722900390625,0.6260986328125,0.20166015625,0.58673095703125,2.629032258064516,79.6676441837732,2.680645161290322,81.23167155425219,2.596774193548387,78.69012707722385
13.788174193003215,22.303420106162832,-0.4722900390625,0.6260986328125,0.20166015625,0.58673095703125,2.6322580645161286,79.76539589442815,2.719354838709677,82.40469208211142,2.558064516129032,77.5171065493646
13.808215758064762,22.303420106162832,-0.4722900390625,0.6260986328125,0.20166015625,0.58673095703125,2.658064516129032,80.54740957966764,2.7064516129032254,82.01368523949168,2.5806451612903225,78.20136852394917
13.828295530984178,24.185539103841606,-0.48260498046875,0.618896484375,0.187744140625,0.590576171875,2.6451612903225805,80.1564027370479,2.719354838709677,82.40469208211142,2.6032258064516127,78.88563049853371
13.848348936066031,24.185539103841606,-0.48260498046875,0.618896484375,0.187744140625,0.590576171875,2.6451612903225805,80.1564027370479,2.7064516129032254,82.01368523949168,2.5774193548387094,78.10361681329422
13.868449478060938,26.433415660373633,-0.4945068359375,0.610595703125,0.1715087890625,0.5943603515625,2.6451612903225805,80.1564027370479,2.712903225806451,82.20918866080156,2.587096774193548,78.39687194525904
13.888538019964471,26.433415660373633,-0.4945068359375,0.610595703125,0.1715087890625,0.5943603515625,2.680645161290322,81.23167155425219,2.7064516129032254,82.01368523949168,2.616129032258064,79.27663734115346
13.908608481055126,26.433415660373633,-0.4945068359375,0.610595703125,0.1715087890625,0.5943603515625,2.6451612903225805,80.1564027370479,2.7322580645161287,82.79569892473117,2.558064516129032,77.5171065493646
13.928644702071324,28.789167768260313,-0.50579833984375,0.60211181640625,0.15423583984375,0.59820556640625,2.6032258064516127,78.88563049853371,2.6677419354838707,80.84066471163244,2.596774193548387,78.69012707722385
13.948711195029318,28.789167768260313,-0.50579833984375,0.60211181640625,0.15423583984375,0.59820556640625,2.654838709677419,80.4496578690127,2.680645161290322,81.23167155425219,2.596774193548387,78.69012707722385
13.968814264982939,31.42369296770807,-0.5181884765625,0.59222412109375,0.13531494140625,0.60205078125,2.6129032258064515,79.17888563049853,2.6741935483870964,81.03616813294232,2.5806451612903225,78.20136852394917
13.9888517659856,31.42369296770807,-0.5181884765625,0.59222412109375,0.13531494140625,0.60205078125,2.629032258064516,79.6676441837732,2.72258064516129,82.50244379276637,2.5709677419354837,77.90811339198436
14.008919378975406,31.42369296770807,-0.5181884765625,0.59222412109375,0.13531494140625,0.60205078125,2.6419354838709674,80.05865102639295,2.693548387096774,81.62267839687193,2.596774193548387,78.69012707722385
14.02898840000853,34.38909982980483,-0.5335693359375,0.57965087890625,0.11627197265625,0.60479736328125,2.616129032258064,79.27663734115346,2.6967741935483867,81.72043010752688,2.6032258064516127,78.88563049853371
14.049064237973653,34.38909982980483,-0.5335693359375,0.57965087890625,0.11627197265625,0.60479736328125,2.6032258064516127,78.88563049853371,2.6999999999999997,81.81818181818181,2.6032258064516127,78.88563049853371
14.069141995045356,37.489726945613654,-0.54974365234375,0.56536865234375,0.09716796875,0.60723876953125,2.590322580645161,78.49462365591397,2.690322580645161,81.524926686217,2.6032258064516127,78.88563049853371
14.089205063995905,37.489726945613654,-0.54974365234375,0.56536865234375,0.09716796875,0.60723876953125,2.6322580645161286,79.76539589442815,2.680645161290322,81.23167155425219,2.5806451612903225,78.20136852394917
14.109284806065261,37.489726945613654,-0.54974365234375,0.56536865234375,0.09716796875,0.60723876953125,2.6193548387096772,79.37438905180841,2.6677419354838707,80.84066471163244,2.5806451612903225,78.20136852394917
14.129346722969785,40.72347299668323,-0.56524658203125,0.55023193359375,0.0767822265625,0.60980224609375,2.6354838709677417,79.86314760508309,2.6419354838709674,80.05865102639295,2.590322580645161,78.49462365591397
14.149472802062519,40.72347299668323,-0.56524658203125,0.55023193359375,0.0767822265625,0.60980224609375,2.6193548387096772,79.37438905180841,2.654838709677419,80.4496578690127,2.525806451612903,76.53958944281524
14.16966419504024,43.958989445849,-0.57958984375,0.53564453125,0.0557861328125,0.611572265625,2.6419354838709674,80.05865102639295,2.6322580645161286,79.76539589442815,2.590322580645161,78.49462365591397
14.189719168003649,43.958989445849,-0.57958984375,0.53564453125,0.0557861328125,0.611572265625,2.587096774193548,78.39687194525904,2.6354838709677417,79.86314760508309,2.583870967741935,78.2991202346041
14.209768124041148,43.958989445849,-0.57958984375,0.53564453125,0.0557861328125,0.611572265625,2.62258064516129,79.47214076246333,2.661290322580645,80.64516129032258,2.5806451612903225,78.20136852394917
14.229840537998825,47.061314724027184,-0.59332275390625,0.52191162109375,0.035888671875,0.61181640625,2.625806451612903,79.56989247311827,2.6354838709677417,79.86314760508309,2.596774193548387,78.69012707722385
14.250034554977901,47.061314724027184,-0.59332275390625,0.52191162109375,0.035888671875,0.61181640625,2.590322580645161,78.49462365591397,2.5999999999999996,78.78787878787878,2.6032258064516127,78.88563049853371
14.270106200012378,49.97881775727117,-0.60540771484375,0.50982666015625,0.0166015625,0.6109619140625,2.6064516129032254,78.98338220918865,2.583870967741935,78.2991202346041,2.5806451612903225,78.20136852394917
14.29023397504352,49.97881775727117,-0.60540771484375,0.50982666015625,0.0166015625,0.6109619140625,2.5709677419354837,77.90811339198436,2.5806451612903225,78.20136852394917,2.5806451612903225,78.20136852394917
14.310290516004898,49.97881775727117,-0.60540771484375,0.50982666015625,0.0166015625,0.6109619140625,2.596774193548387,78.69012707722385,2.616129032258064,79.27663734115346,2.5806451612903225,78.20136852394917
14.33036587398965,52.67457659032546,-0.61627197265625,0.4986572265625,-0.00128173828125,0.60955810546875,2.6032258064516127,78.88563049853371,2.6032258064516127,78.88563049853371,2.583870967741935,78.2991202346041
14.350429711048491,52.67457659032546,-0.61627197265625,0.4986572265625,-0.00128173828125,0.60955810546875,2.596774193548387,78.69012707722385,2.551612903225806,77.32160312805473,2.583870967741935,78.2991202346041
14.370567437959835,55.14752806866624,-0.62640380859375,0.48858642578125,-0.01739501953125,0.60711669921875,2.6129032258064515,79.17888563049853,2.532258064516129,76.73509286412512,2.590322580645161,78.49462365591397
14.390633355011232,55.14752806866624,-0.62640380859375,0.48858642578125,-0.01739501953125,0.60711669921875,2.551612903225806,77.32160312805473,2.551612903225806,77.32160312805473,2.6032258064516127,78.88563049853371
14.410669767996296,55.14752806866624,-0.62640380859375,0.48858642578125,-0.01739501953125,0.60711669921875,2.616129032258064,79.27663734115346,2.529032258064516,76.63734115347019,2.587096774193548,78.39687194525904
14.431985705974512,57.46891503100936,-0.63543701171875,0.47943115234375,-0.03289794921875,0.60443115234375,2.5774193548387094,78.10361681329422,2.5387096774193547,76.93059628543499,2.583870967741935,78.2991202346041
14.452061863965355,57.46891503100936,-0.63543701171875,0.47943115234375,-0.03289794921875,0.60443115234375,2.551612903225806,77.32160312805473,2.496774193548387,75.65982404692082,2.6032258064516127,78.88563049853371
14.472091300063767,59.7648887052417,-0.643798828125,0.4697265625,-0.04827880859375,0.6021728515625,2.554838709677419,77.41935483870968,2.490322580645161,75.46432062561095,2.5806451612903225,78.20136852394917
14.492181026027538,59.7648887052417,-0.643798828125,0.4697265625,-0.04827880859375,0.6021728515625,2.525806451612903,76.53958944281524,2.4741935483870967,74.97556207233626,2.5677419354838706,77.81036168132943
14.512263264041394,59.7648887052417,-0.643798828125,0.4697265625,-0.04827880859375,0.6021728515625,2.525806451612903,76.53958944281524,2.458064516129032,74.48680351906158,2.6032258064516127,78.88563049853371
14.532354910043068,61.98161583445017,-0.6514892578125,0.4603271484375,-0.063232421875,0.5997314453125,2.525806451612903,76.53958944281524,2.454838709677419,74.38905180840665,2.5709677419354837,77.90811339198436
14.552448028000072,61.98161583445017,-0.6514892578125,0.4603271484375,-0.063232421875,0.5997314453125,2.5354838709677416,76.83284457478005,2.467741935483871,74.7800586510264,2.5741935483870964,78.00586510263928
14.572516345069744,64.10339091908585,-0.6585693359375,0.451416015625,-0.07769775390625,0.59710693359375,2.52258064516129,76.44183773216031,2.4612903225806453,74.58455522971653,2.6032258064516127,78.88563049853371
14.592546613072045,64.10339091908585,-0.6585693359375,0.451416015625,-0.07769775390625,0.59710693359375,2.5096774193548383,76.05083088954055,2.4612903225806453,74.58455522971653,2.532258064516129,76.73509286412512
14.612595665967092,64.10339091908585,-0.6585693359375,0.451416015625,-0.07769775390625,0.59710693359375,2.5129032258064514,76.1485826001955,2.412903225806452,73.11827956989248,2.5483870967741935,77.2238514173998
14.632898038020357,66.24550569136076,-0.66552734375,0.44256591796875,-0.09228515625,0.5938720703125,2.487096774193548,75.366568914956,2.412903225806452,73.11827956989248,2.5709677419354837,77.90811339198436
14.652745675994083,66.24550569136076,-0.66552734375,0.44256591796875,-0.09228515625,0.5938720703125,2.551612903225806,77.32160312805473,2.403225806451613,72.82502443792767,2.6032258064516127,78.88563049853371
14.672813961980864,68.27644807805592,-0.672119140625,0.43463134765625,-0.106201171875,0.59002685546875,2.52258064516129,76.44183773216031,2.3741935483870966,71.94525904203324,2.5677419354838706,77.81036168132943
14.692879655049182,68.27644807805592,-0.672119140625,0.43463134765625,-0.106201171875,0.59002685546875,2.525806451612903,76.53958944281524,2.3741935483870966,71.94525904203324,2.5677419354838706,77.81036168132943
14.712937060045078,68.27644807805592,-0.672119140625,0.43463134765625,-0.106201171875,0.59002685546875,2.4838709677419355,75.26881720430107,2.3774193548387097,72.04301075268818,2.5677419354838706,77.81036168132943
14.73300195299089,70.2913627828088,-0.677978515625,0.42718505859375,-0.1204833984375,0.5859375,2.4774193548387093,75.07331378299119,2.3548387096774195,71.35874877810362,2.5774193548387094,78.10361681329422
14.753106110962108,70.2913627828088,-0.677978515625,0.42718505859375,-0.1204833984375,0.5859375,2.490322580645161,75.46432062561095,2.3516129032258064,71.26099706744868,2.564516129032258,77.71260997067448
14.773169788066298,72.28397735288384,-0.68359375,0.41949462890625,-0.134521484375,0.5819091796875,2.487096774193548,75.366568914956,2.325806451612903,70.4789833822092,2.5677419354838706,77.81036168132943
14.793219896964729,72.28397735288384,-0.68359375,0.41949462890625,-0.134521484375,0.5819091796875,2.5032258064516126,75.8553274682307,2.3451612903225807,71.0654936461388,2.5774193548387094,78.10361681329422
14.813301910995506,72.28397735288384,-0.68359375,0.41949462890625,-0.134521484375,0.5819091796875,2.4741935483870967,74.97556207233626,2.3774193548387097,72.04301075268818,2.5709677419354837,77.90811339198436
14.833587803062983,74.12705503765613,-0.6884765625,0.41241455078125,-0.14764404296875,0.57806396484375,2.5064516129032257,75.95307917888563,2.4064516129032256,72.9227761485826,2.564516129032258,77.71260997067448
14.853437136975117,74.12705503765613,-0.6884765625,0.41241455078125,-0.14764404296875,0.57806396484375,2.5032258064516126,75.8553274682307,2.4161290322580644,73.21603128054741,2.5677419354838706,77.81036168132943
14.873495726031251,75.98626910181562,-0.6932373046875,0.4056396484375,-0.16094970703125,0.57354736328125,2.4806451612903224,75.17106549364614,2.4161290322580644,73.21603128054741,2.5741935483870964,78.00586510263928
14.893573355977423,75.98626910181562,-0.6932373046875,0.4056396484375,-0.16094970703125,0.57354736328125,2.5064516129032257,75.95307917888563,2.42258064516129,73.41153470185728,2.5774193548387094,78.10361681329422
14.913643177016638,75.98626910181562,-0.6932373046875,0.4056396484375,-0.16094970703125,0.57354736328125,2.5677419354838706,77.81036168132943,2.3838709677419354,72.23851417399804,2.5741935483870964,78.00586510263928
14.933721255045384,78.1476471605178,-0.69891357421875,0.39776611328125,-0.1761474609375,0.56768798828125,2.551612903225806,77.32160312805473,2.3870967741935485,72.33626588465299,2.5806451612903225,78.20136852394917
14.95378605206497,78.1476471605178,-0.69891357421875,0.39776611328125,-0.1761474609375,0.56768798828125,2.4774193548387093,75.07331378299119,2.3967741935483873,72.6295210166178,2.587096774193548,78.39687194525904
14.973868865985423,80.39515884399773,-0.7049560546875,0.3890380859375,-0.19140625,0.561279296875,2.4741935483870967,74.97556207233626,2.3741935483870966,71.94525904203324,2.5741935483870964,78.00586510263928
14.993916478008032,80.39515884399773,-0.7049560546875,0.3890380859375,-0.19140625,0.561279296875,2.5,75.75757575757575,2.3548387096774195,71.35874877810362,2.5387096774193547,76.93059628543499
15.01400303596165,80.39515884399773,-0.7049560546875,0.3890380859375,-0.19140625,0.561279296875,2.490322580645161,75.46432062561095,2.3225806451612905,70.38123167155426,2.593548387096774,78.59237536656892
15.03410156199243,82.58297034282504,-0.7100830078125,0.37994384765625,-0.2064208984375,0.5556640625,2.5,75.75757575757575,2.2806451612903227,69.11045943304008,2.5741935483870964,78.00586510263928
15.054148375056684,82.58297034282504,-0.7100830078125,0.37994384765625,-0.2064208984375,0.5556640625,2.42258064516129,73.41153470185728,2.274193548387097,68.91495601173021,2.5774193548387094,78.10361681329422
15.074261525063775,84.9247418917323,-0.71539306640625,0.37005615234375,-0.22235107421875,0.54937744140625,2.4516129032258065,74.29130009775172,2.2870967741935484,69.30596285434996,2.5387096774193547,76.93059628543499
15.094333651009947,84.9247418917323,-0.71539306640625,0.37005615234375,-0.22235107421875,0.54937744140625,2.445161290322581,74.09579667644185,2.261290322580645,68.52394916911047,2.525806451612903,76.53958944281524
15.114417457021773,84.9247418917323,-0.71539306640625,0.37005615234375,-0.22235107421875,0.54937744140625,2.4612903225806453,74.58455522971653,2.2161290322580642,67.15542521994135,2.554838709677419,77.41935483870968
15.134520046995021,87.13477913537547,-0.72076416015625,0.360595703125,-0.23675537109375,0.54254150390625,2.4612903225806453,74.58455522971653,2.203225806451613,66.7644183773216,2.5709677419354837,77.90811339198436
15.154597611981444,87.13477913537547,-0.72076416015625,0.360595703125,-0.23675537109375,0.54254150390625,2.4516129032258065,74.29130009775172,2.1999999999999997,66.66666666666666,2.5741935483870964,78.00586510263928
15.174722027033567,89.27456074020051,-0.726318359375,0.35089111328125,-0.25,0.5355224609375,2.4741935483870967,74.97556207233626,2.190322580645161,66.37341153470186,2.554838709677419,77.41935483870968
15.194804041064344,89.27456074020051,-0.726318359375,0.35089111328125,-0.25,0.5355224609375,2.435483870967742,73.80254154447702,2.2193548387096773,67.25317693059628,2.6193548387096772,79.37438905180841
15.21480179601349,89.27456074020051,-0.726318359375,0.35089111328125,-0.25,0.5355224609375,2.4741935483870967,74.97556207233626,2.2096774193548385,66.95992179863147,2.5774193548387094,78.10361681329422
15.234909026999958,91.39955315446448,-0.7313232421875,0.34100341796875,-0.26324462890625,0.52874755859375,2.464516129032258,74.68230694037146,2.1870967741935483,66.27565982404691,2.558064516129032,77.5171065493646
15.254983423976228,91.39955315446448,-0.7313232421875,0.34100341796875,-0.26324462890625,0.52874755859375,2.42258064516129,73.41153470185728,2.2161290322580642,67.15542521994135,2.5483870967741935,77.2238514173998
15.275061405962333,93.60657216338105,-0.73602294921875,0.33050537109375,-0.27703857421875,0.52178955078125,2.4516129032258065,74.29130009775172,2.2193548387096773,67.25317693059628,2.551612903225806,77.32160312805473
15.295143131050281,93.60657216338105,-0.73602294921875,0.33050537109375,-0.27703857421875,0.52178955078125,2.435483870967742,73.80254154447702,2.2387096774193544,67.8396871945259,2.525806451612903,76.53958944281524
15.315221496974118,93.60657216338105,-0.73602294921875,0.33050537109375,-0.27703857421875,0.52178955078125,2.4741935483870967,74.97556207233626,2.2419354838709675,67.93743890518084,2.561290322580645,77.61485826001955
15.335302390041761,95.7809345971024,-0.741455078125,0.32110595703125,-0.2900390625,0.51287841796875,2.435483870967742,73.80254154447702,2.2419354838709675,67.93743890518084,2.5483870967741935,77.2238514173998
15.355376948020421,95.7809345971024,-0.741455078125,0.32110595703125,-0.2900390625,0.51287841796875,2.4741935483870967,74.97556207233626,2.2290322580645157,67.54643206256108,2.554838709677419,77.41935483870968
15.375497011002153,97.74705772006774,-0.7467041015625,0.31365966796875,-0.30157470703125,0.5030517578125,2.4741935483870967,74.97556207233626,2.2548387096774194,68.32844574780059,2.561290322580645,77.61485826001955
15.395572751993313,97.74705772006774,-0.7467041015625,0.31365966796875,-0.30157470703125,0.5030517578125,2.464516129032258,74.68230694037146,2.2903225806451615,69.40371456500489,2.5451612903225804,77.12609970674487
15.415577388019301,97.74705772006774,-0.7467041015625,0.31365966796875,-0.30157470703125,0.5030517578125,2.5,75.75757575757575,2.270967741935484,68.81720430107528,2.5741935483870964,78.00586510263928
15.435716907028109,99.70878046773511,-0.751220703125,0.306640625,-0.3135986328125,0.4932861328125,2.454838709677419,74.38905180840665,2.3000000000000003,69.69696969696972,2.529032258064516,76.63734115347019
15.455784648074768,99.70878046773511,-0.751220703125,0.306640625,-0.3135986328125,0.4932861328125,2.458064516129032,74.48680351906158,2.3000000000000003,69.69696969696972,2.5419354838709673,77.02834799608992
15.475867429981008,101.62037655174495,-0.75482177734375,0.3001708984375,-0.3258056640625,0.4837646484375,2.42258064516129,73.41153470185728,2.270967741935484,68.81720430107528,2.558064516129032,77.5171065493646
15.49594397097826,101.62037655174495,-0.75482177734375,0.3001708984375,-0.3258056640625,0.4837646484375,2.3967741935483873,72.6295210166178,2.2870967741935484,69.30596285434996,2.564516129032258,77.71260997067448
15.516043842071667,101.62037655174495,-0.75482177734375,0.3001708984375,-0.3258056640625,0.4837646484375,2.445161290322581,74.09579667644185,2.293548387096774,69.50146627565982,2.5,75.75757575757575
15.536125950980932,103.44135219052995,-0.75872802734375,0.29486083984375,-0.3370361328125,0.47308349609375,2.493548387096774,75.56207233626587,2.2870967741935484,69.30596285434996,2.561290322580645,77.61485826001955
15.556228030007333,103.44135219052995,-0.75872802734375,0.29486083984375,-0.3370361328125,0.47308349609375,2.42258064516129,73.41153470185728,2.303225806451613,69.79472140762464,2.564516129032258,77.71260997067448
15.576296987012029,105.06919154581887,-0.7625732421875,0.29052734375,-0.3466796875,0.4625244140625,2.435483870967742,73.80254154447702,2.3161290322580648,70.1857282502444,2.5451612903225804,77.12609970674487
15.59635468001943,105.06919154581887,-0.7625732421875,0.29052734375,-0.3466796875,0.4625244140625,2.525806451612903,76.53958944281524,2.306451612903226,69.89247311827957,2.5774193548387094,78.10361681329422
15.616466677980497,105.06919154581887,-0.7625732421875,0.29052734375,-0.3466796875,0.4625244140625,2.435483870967742,73.80254154447702,2.3161290322580648,70.1857282502444,2.554838709677419,77.41935483870968
15.636522387037985,106.5982860909064,-0.765625,0.286865234375,-0.3560791015625,0.45245361328125,2.4483870967741934,74.19354838709677,2.3225806451612905,70.38123167155426,2.554838709677419,77.41935483870968
15.656591217033565,106.5982860909064,-0.765625,0.286865234375,-0.3560791015625,0.45245361328125,2.4709677419354836,74.87781036168133,2.3129032258064517,70.08797653958945,2.561290322580645,77.61485826001955
15.676714767003432,108.17917073942766,-0.76812744140625,0.28302001953125,-0.36614990234375,0.44256591796875,2.4516129032258065,74.29130009775172,2.3483870967741938,71.16324535679375,2.532258064516129,76.73509286412512
15.696797645068727,108.17917073942766,-0.76812744140625,0.28302001953125,-0.36614990234375,0.44256591796875,2.4741935483870967,74.97556207233626,2.3516129032258064,71.26099706744868,2.554838709677419,77.41935483870968
15.716878890991211,108.17917073942766,-0.76812744140625,0.28302001953125,-0.36614990234375,0.44256591796875,2.42258064516129,73.41153470185728,2.3741935483870966,71.94525904203324,2.532258064516129,76.73509286412512
15.736966953030787,109.78961626315771,-0.7701416015625,0.27825927734375,-0.37640380859375,0.43341064453125,2.4516129032258065,74.29130009775172,2.3741935483870966,71.94525904203324,2.554838709677419,77.41935483870968
15.757012453046627,109.78961626315771,-0.7701416015625,0.27825927734375,-0.37640380859375,0.43341064453125,2.4709677419354836,74.87781036168133,2.4096774193548387,73.02052785923753,2.554838709677419,77.41935483870968
15.777100834995508,111.13029037867817,-0.77166748046875,0.27484130859375,-0.385009765625,0.4251708984375,2.493548387096774,75.56207233626587,2.370967741935484,71.8475073313783,2.564516129032258,77.71260997067448
15.797178560984321,111.13029037867817,-0.77166748046875,0.27484130859375,-0.385009765625,0.4251708984375,2.525806451612903,76.53958944281524,2.3741935483870966,71.94525904203324,2.5774193548387094,78.10361681329422
15.817269023042172,111.13029037867817,-0.77166748046875,0.27484130859375,-0.385009765625,0.4251708984375,2.5161290322580645,76.24633431085044,2.42258064516129,73.41153470185728,2.558064516129032,77.5171065493646
15.837319195037708,112.2486757550254,-0.77252197265625,0.27288818359375,-0.39263916015625,0.41778564453125,2.5064516129032257,75.95307917888563,2.412903225806452,73.11827956989248,2.5774193548387094,78.10361681329422
15.857386360992678,112.2486757550254,-0.77252197265625,0.27288818359375,-0.39263916015625,0.41778564453125,2.4741935483870967,74.97556207233626,2.445161290322581,74.09579667644185,2.532258064516129,76.73509286412512
15.877476757974364,113.41744420317508,-0.77325439453125,0.27105712890625,-0.40069580078125,0.40997314453125,2.525806451612903,76.53958944281524,2.435483870967742,73.80254154447702,2.558064516129032,77.5171065493646
15.897584757069126,113.41744420317508,-0.77325439453125,0.27105712890625,-0.40069580078125,0.40997314453125,2.52258064516129,76.44183773216031,2.4838709677419355,75.26881720430107,2.5774193548387094,78.10361681329422
15.91762078506872,113.41744420317508,-0.77325439453125,0.27105712890625,-0.40069580078125,0.40997314453125,2.5032258064516126,75.8553274682307,2.487096774193548,75.366568914956,2.5451612903225804,77.12609970674487
15.937670862069353,114.37223030169602,-0.773681640625,0.26934814453125,-0.4072265625,0.4036865234375,2.5387096774193547,76.93059628543499,2.496774193548387,75.65982404692082,2.564516129032258,77.71260997067448
15.957725099055097,114.37223030169602,-0.773681640625,0.26934814453125,-0.4072265625,0.4036865234375,2.532258064516129,76.73509286412512,2.5387096774193547,76.93059628543499,2.5161290322580645,76.24633431085044
15.977811785065569,115.14479009131034,-0.77423095703125,0.26708984375,-0.412109375,0.399169921875,2.532258064516129,76.73509286412512,2.529032258064516,76.63734115347019,2.5709677419354837,77.90811339198436
15.997902663075365,115.14479009131034,-0.77423095703125,0.26708984375,-0.412109375,0.399169921875,2.525806451612903,76.53958944281524,2.525806451612903,76.53958944281524,2.525806451612903,76.53958944281524
16.017945923027582,115.14479009131034,-0.77423095703125,0.26708984375,-0.412109375,0.399169921875,2.629032258064516,79.6676441837732,2.5483870967741935,77.2238514173998,2.551612903225806,77.32160312805473
16.038027105038054,115.7082975491013,-0.77435302734375,0.26513671875,-0.41583251953125,0.39642333984375,2.5741935483870964,78.00586510263928,2.5419354838709673,77.02834799608992,2.5483870967741935,77.2238514173998
16.058104990050197,115.7082975491013,-0.77435302734375,0.26513671875,-0.41583251953125,0.39642333984375,2.5806451612903225,78.20136852394917,2.5,75.75757575757575,2.5741935483870964,78.00586510263928
16.07815081102308,116.16888490312562,-0.7734375,0.26373291015625,-0.4197998046875,0.39501953125,2.554838709677419,77.41935483870968,2.551612903225806,77.32160312805473,2.5774193548387094,78.10361681329422
16.0982483769767,116.16888490312562,-0.7734375,0.26373291015625,-0.4197998046875,0.39501953125,2.596774193548387,78.69012707722385,2.532258064516129,76.73509286412512,2.5677419354838706,77.81036168132943
16.118362167966552,116.16888490312562,-0.7734375,0.26373291015625,-0.4197998046875,0.39501953125,2.5999999999999996,78.78787878787878,2.554838709677419,77.41935483870968,2.5677419354838706,77.81036168132943
16.138449013000354,116.48182487792143,-0.77215576171875,0.26318359375,-0.42315673828125,0.39434814453125,2.6032258064516127,78.88563049853371,2.564516129032258,77.71260997067448,2.5677419354838706,77.81036168132943
16.158512435038574,116.48182487792143,-0.77215576171875,0.26318359375,-0.42315673828125,0.39434814453125,2.5774193548387094,78.10361681329422,2.590322580645161,78.49462365591397,2.590322580645161,78.49462365591397
16.178600048064254,116.78840515713586,-0.771240234375,0.26348876953125,-0.42626953125,0.3924560546875,2.593548387096774,78.59237536656892,2.587096774193548,78.39687194525904,2.5741935483870964,78.00586510263928
16.198621900053695,116.78840515713586,-0.771240234375,0.26348876953125,-0.42626953125,0.3924560546875,2.5806451612903225,78.20136852394917,2.593548387096774,78.59237536656892,2.629032258064516,79.6676441837732
16.218701258068904,116.78840515713586,-0.771240234375,0.26348876953125,-0.42626953125,0.3924560546875,2.625806451612903,79.56989247311827,2.558064516129032,77.5171065493646,2.583870967741935,78.2991202346041
16.23877200705465,117.06798686889795,-0.77081298828125,0.26416015625,-0.4288330078125,0.3900146484375,2.593548387096774,78.59237536656892,2.616129032258064,79.27663734115346,2.5741935483870964,78.00586510263928
16.258810692001134,117.06798686889795,-0.77081298828125,0.26416015625,-0.4288330078125,0.3900146484375,2.5999999999999996,78.78787878787878,2.6032258064516127,78.88563049853371,2.564516129032258,77.71260997067448
16.27893753896933,117.36748561746566,-0.76983642578125,0.26397705078125,-0.431884765625,0.3887939453125,2.5774193548387094,78.10361681329422,2.587096774193548,78.39687194525904,2.6032258064516127,78.88563049853371
16.299024640000425,117.36748561746566,-0.76983642578125,0.26397705078125,-0.431884765625,0.3887939453125,2.5806451612903225,78.20136852394917,2.5806451612903225,78.20136852394917,2.6032258064516127,78.88563049853371
16.31909964606166,117.36748561746566,-0.76983642578125,0.26397705078125,-0.431884765625,0.3887939453125,2.616129032258064,79.27663734115346,2.5741935483870964,78.00586510263928,2.596774193548387,78.69012707722385
16.33913925802335,117.55055556671923,-0.76910400390625,0.2635498046875,-0.43377685546875,0.38836669921875,2.5774193548387094,78.10361681329422,2.554838709677419,77.41935483870968,2.5806451612903225,78.20136852394917
16.359231895999983,117.55055556671923,-0.76910400390625,0.2635498046875,-0.43377685546875,0.38836669921875,2.596774193548387,78.69012707722385,2.587096774193548,78.39687194525904,2.5741935483870964,78.00586510263928
16.379345110966824,117.67559890813297,-0.768798828125,0.26318359375,-0.43487548828125,0.387939453125,2.654838709677419,80.4496578690127,2.5387096774193547,76.93059628543499,2.593548387096774,78.59237536656892
16.399407124030404,117.67559890813297,-0.768798828125,0.26318359375,-0.43487548828125,0.387939453125,2.6096774193548384,79.0811339198436,2.551612903225806,77.32160312805473,2.5387096774193547,76.93059628543499
16.419434383977205,117.67559890813297,-0.768798828125,0.26318359375,-0.43487548828125,0.387939453125,2.564516129032258,77.71260997067448,2.583870967741935,78.2991202346041,2.5774193548387094,78.10361681329422
16.439558863057755,117.7465024093189,-0.76849365234375,0.26275634765625,-0.43560791015625,0.38812255859375,2.5806451612903225,78.20136852394917,2.5806451612903225,78.20136852394917,2.5806451612903225,78.20136852394917
16.459642381058075,117.7465024093189,-0.76849365234375,0.26275634765625,-0.43560791015625,0.38812255859375,2.587096774193548,78.39687194525904,2.625806451612903,79.56989247311827,2.5806451612903225,78.20136852394917
16.479679369018413,117.79995597076129,-0.76788330078125,0.2626953125,-0.4365234375,0.3883056640625,2.5806451612903225,78.20136852394917,2.593548387096774,78.59237536656892,2.6032258064516127,78.88563049853371
16.499771015020087,117.79995597076129,-0.76788330078125,0.2626953125,-0.4365234375,0.3883056640625,2.5999999999999996,78.78787878787878,2.62258064516129,79.47214076246333,2.5806451612903225,78.20136852394917
16.519813188002445,117.79995597076129,-0.76788330078125,0.2626953125,-0.4365234375,0.3883056640625,2.5999999999999996,78.78787878787878,2.6193548387096772,79.37438905180841,2.5806451612903225,78.20136852394917
16.539927329984494,117.99635727873004,-0.767333984375,0.261962890625,-0.43829345703125,0.38787841796875,2.661290322580645,80.64516129032258,2.5806451612903225,78.20136852394917,2.6032258064516127,78.88563049853371
16.55997382302303,117.99635727873004,-0.767333984375,0.261962890625,-0.43829345703125,0.38787841796875,2.590322580645161,78.49462365591397,2.5774193548387094,78.10361681329422,2.593548387096774,78.59237536656892
16.580053756013513,118.17190182116752,-0.7666015625,0.2608642578125,-0.44000244140625,0.38812255859375,2.6032258064516127,78.88563049853371,2.6032258064516127,78.88563049853371,2.6032258064516127,78.88563049853371
16.600098905037157,118.17190182116752,-0.7666015625,0.2608642578125,-0.44000244140625,0.38812255859375,2.5774193548387094,78.10361681329422,2.6064516129032254,78.98338220918865,2.5774193548387094,78.10361681329422
16.620166614069603,118.17190182116752,-0.7666015625,0.2608642578125,-0.44000244140625,0.38812255859375,2.6064516129032254,78.98338220918865,2.590322580645161,78.49462365591397,2.5806451612903225,78.20136852394917
16.640230642980896,118.26625385854143,-0.76641845703125,0.26055908203125,-0.4407958984375,0.3878173828125,2.5774193548387094,78.10361681329422,2.6064516129032254,78.98338220918865,2.5741935483870964,78.00586510263928
16.660310161067173,118.26625385854143,-0.76641845703125,0.26055908203125,-0.4407958984375,0.3878173828125,2.616129032258064,79.27663734115346,2.596774193548387,78.69012707722385,2.616129032258064,79.27663734115346
16.68037006200757,118.29838294479363,-0.7662353515625,0.26031494140625,-0.441162109375,0.38800048828125,2.5806451612903225,78.20136852394917,2.6193548387096772,79.37438905180841,2.5806451612903225,78.20136852394917
16.700411497964524,118.29838294479363,-0.7662353515625,0.26031494140625,-0.441162109375,0.38800048828125,2.5709677419354837,77.90811339198436,2.6064516129032254,78.98338220918865,2.6032258064516127,78.88563049853371
16.72049507999327,118.29838294479363,-0.7662353515625,0.26031494140625,-0.441162109375,0.38800048828125,2.564516129032258,77.71260997067448,2.5999999999999996,78.78787878787878,2.6064516129032254,78.98338220918865
16.740606311010197,118.34381960653998,-0.76605224609375,0.2603759765625,-0.441650390625,0.3876953125,2.593548387096774,78.59237536656892,2.6096774193548384,79.0811339198436,2.551612903225806,77.32160312805473
16.760674724006094,118.34381960653998,-0.76605224609375,0.2603759765625,-0.441650390625,0.3876953125,2.5999999999999996,78.78787878787878,2.648387096774193,80.25415444770283,2.5806451612903225,78.20136852394917
16.780790179036558,118.31120209236255,-0.76617431640625,0.26092529296875,-0.44140625,0.3873291015625,2.5806451612903225,78.20136852394917,2.6129032258064515,79.17888563049853,2.551612903225806,77.32160312805473
16.80082595103886,118.31120209236255,-0.76617431640625,0.26092529296875,-0.44140625,0.3873291015625,2.5774193548387094,78.10361681329422,2.6032258064516127,78.88563049853371,2.6032258064516127,78.88563049853371
16.820896379998885,118.31120209236255,-0.76617431640625,0.26092529296875,-0.44140625,0.3873291015625,2.5774193548387094,78.10361681329422,2.5774193548387094,78.10361681329422,2.587096774193548,78.39687194525904
16.840994297992438,118.28421962845673,-0.766357421875,0.261474609375,-0.441162109375,0.38690185546875,2.593548387096774,78.59237536656892,2.629032258064516,79.6676441837732,2.5806451612903225,78.20136852394917
16.86104523902759,118.28421962845673,-0.766357421875,0.261474609375,-0.441162109375,0.38690185546875,2.625806451612903,79.56989247311827,2.629032258064516,79.6676441837732,2.583870967741935,78.2991202346041
16.881142709054984,118.2195577000513,-0.76666259765625,0.26214599609375,-0.4405517578125,0.38653564453125,2.5999999999999996,78.78787878787878,2.629032258064516,79.6676441837732,2.525806451612903,76.53958944281524
16.901193905971013,118.2195577000513,-0.76666259765625,0.26214599609375,-0.4405517578125,0.38653564453125,2.5806451612903225,78.20136852394917,2.62258064516129,79.47214076246333,2.525806451612903,76.53958944281524
16.921263727010228,118.2195577000513,-0.76666259765625,0.26214599609375,-0.4405517578125,0.38653564453125,2.593548387096774,78.59237536656892,2.6096774193548384,79.0811339198436,2.5806451612903225,78.20136852394917
16.94134289305657,118.10535744218167,-0.76690673828125,0.26275634765625,-0.43963623046875,0.38671875,2.629032258064516,79.6676441837732,2.5999999999999996,78.78787878787878,2.596774193548387,78.69012707722385
16.961446763016284,118.10535744218167,-0.76690673828125,0.26275634765625,-0.43963623046875,0.38671875,2.5999999999999996,78.78787878787878,2.616129032258064,79.27663734115346,2.5806451612903225,78.20136852394917
16.981540745007806,118.03866665625581,-0.766845703125,0.26312255859375,-0.43927001953125,0.386962890625,2.6032258064516127,78.88563049853371,2.6419354838709674,80.05865102639295,2.5806451612903225,78.20136852394917
17.001583110075444,118.03866665625581,-0.766845703125,0.26312255859375,-0.43927001953125,0.386962890625,2.593548387096774,78.59237536656892,2.616129032258064,79.27663734115346,2.5806451612903225,78.20136852394917
17.0216813479783,118.03866665625581,-0.766845703125,0.26312255859375,-0.43927001953125,0.386962890625,2.6096774193548384,79.0811339198436,2.629032258064516,79.6676441837732,2.587096774193548,78.39687194525904
17.04173472104594,117.90417901334283,-0.76708984375,0.26385498046875,-0.438232421875,0.38720703125,2.593548387096774,78.59237536656892,2.629032258064516,79.6676441837732,2.564516129032258,77.71260997067448
17.061808733968064,117.90417901334283,-0.76708984375,0.26385498046875,-0.438232421875,0.38720703125,2.5709677419354837,77.90811339198436,2.5999999999999996,78.78787878787878,2.564516129032258,77.71260997067448
17.08191234897822,117.78217701558856,-0.7669677734375,0.2645263671875,-0.43756103515625,0.38763427734375,2.5709677419354837,77.90811339198436,2.6064516129032254,78.98338220918865,2.5774193548387094,78.10361681329422
17.102008027024567,117.78217701558856,-0.7669677734375,0.2645263671875,-0.43756103515625,0.38763427734375,2.6096774193548384,79.0811339198436,2.6193548387096772,79.37438905180841,2.6032258064516127,78.88563049853371
17.122050135047175,117.78217701558856,-0.7669677734375,0.2645263671875,-0.43756103515625,0.38763427734375,2.5999999999999996,78.78787878787878,2.629032258064516,79.6676441837732,2.5806451612903225,78.20136852394917
17.142121940967627,117.67382985102833,-0.76666259765625,0.26495361328125,-0.4371337890625,0.388427734375,2.629032258064516,79.6676441837732,2.5774193548387094,78.10361681329422,2.590322580645161,78.49462365591397
17.162195954006165,117.67382985102833,-0.76666259765625,0.26495361328125,-0.4371337890625,0.388427734375,2.6032258064516127,78.88563049853371,2.5806451612903225,78.20136852394917,2.596774193548387,78.69012707722385
17.182291120057926,117.56154410497513,-0.766357421875,0.2657470703125,-0.436767578125,0.38897705078125,2.616129032258064,79.27663734115346,2.525806451612903,76.53958944281524,2.593548387096774,78.59237536656892
17.202374062035233,117.56154410497513,-0.766357421875,0.2657470703125,-0.436767578125,0.38897705078125,2.5806451612903225,78.20136852394917,2.6064516129032254,78.98338220918865,2.5806451612903225,78.20136852394917
17.222418026067317,117.56154410497513,-0.766357421875,0.2657470703125,-0.436767578125,0.38897705078125,2.5806451612903225,78.20136852394917,2.593548387096774,78.59237536656892,2.590322580645161,78.49462365591397
17.24249658396002,117.42668364754478,-0.7662353515625,0.266845703125,-0.43609619140625,0.38916015625,2.558064516129032,77.5171065493646,2.593548387096774,78.59237536656892,2.62258064516129,79.47214076246333
17.262575750006363,117.42668364754478,-0.7662353515625,0.266845703125,-0.43609619140625,0.38916015625,2.558064516129032,77.5171065493646,2.593548387096774,78.59237536656892,2.593548387096774,78.59237536656892
17.28263232205063,117.24923575191174,-0.7669677734375,0.26812744140625,-0.43438720703125,0.38873291015625,2.6193548387096772,79.37438905180841,2.564516129032258,77.71260997067448,2.587096774193548,78.39687194525904
17.302743681007996,117.24923575191174,-0.7669677734375,0.26812744140625,-0.43438720703125,0.38873291015625,2.590322580645161,78.49462365591397,2.6032258064516127,78.88563049853371,2.5806451612903225,78.20136852394917
17.32280498999171,117.24923575191174,-0.7669677734375,0.26812744140625,-0.43438720703125,0.38873291015625,2.5806451612903225,78.20136852394917,2.5999999999999996,78.78787878787878,2.5774193548387094,78.10361681329422
17.34285717899911,117.04441933868021,-0.76776123046875,0.26904296875,-0.432373046875,0.38885498046875,2.564516129032258,77.71260997067448,2.6129032258064515,79.17888563049853,2.5774193548387094,78.10361681329422
17.362925912020728,117.04441933868021,-0.76776123046875,0.26904296875,-0.432373046875,0.38885498046875,2.6032258064516127,78.88563049853371,2.6064516129032254,78.98338220918865,2.564516129032258,77.71260997067448
17.38304981496185,116.73750731592054,-0.76849365234375,0.2701416015625,-0.4296875,0.3896484375,2.593548387096774,78.59237536656892,2.5999999999999996,78.78787878787878,2.5806451612903225,78.20136852394917
17.403137237066403,116.73750731592054,-0.76849365234375,0.2701416015625,-0.4296875,0.3896484375,2.564516129032258,77.71260997067448,2.5806451612903225,78.20136852394917,2.590322580645161,78.49462365591397
17.423200658056885,116.73750731592054,-0.76849365234375,0.2701416015625,-0.4296875,0.3896484375,2.525806451612903,76.53958944281524,2.5806451612903225,78.20136852394917,2.587096774193548,78.39687194525904
17.443251247052103,116.33152792945631,-0.76910400390625,0.27142333984375,-0.4263916015625,0.39111328125,2.5806451612903225,78.20136852394917,2.5806451612903225,78.20136852394917,2.593548387096774,78.59237536656892
17.46330922807101,116.33152792945631,-0.76910400390625,0.27142333984375,-0.4263916015625,0.39111328125,2.629032258064516,79.6676441837732,2.5806451612903225,78.20136852394917,2.616129032258064,79.27663734115346
17.48337748099584,115.76279907774938,-0.76922607421875,0.273193359375,-0.42242431640625,0.3939208984375,2.6032258064516127,78.88563049853371,2.525806451612903,76.53958944281524,2.593548387096774,78.59237536656892
17.50356861797627,115.76279907774938,-0.76922607421875,0.273193359375,-0.42242431640625,0.3939208984375,2.6032258064516127,78.88563049853371,2.5774193548387094,78.10361681329422,2.5806451612903225,78.20136852394917
17.523654791992158,115.76279907774938,-0.76922607421875,0.273193359375,-0.42242431640625,0.3939208984375,2.5806451612903225,78.20136852394917,2.5709677419354837,77.90811339198436,2.62258064516129,79.47214076246333
17.543671748018824,115.13588708564971,-0.76953125,0.2744140625,-0.417724609375,0.3974609375,2.583870967741935,78.2991202346041,2.554838709677419,77.41935483870968,2.6096774193548384,79.0811339198436
17.56374236906413,115.13588708564971,-0.76953125,0.2744140625,-0.417724609375,0.3974609375,2.596774193548387,78.69012707722385,2.5741935483870964,78.00586510263928,2.587096774193548,78.39687194525904
17.583808894036338,114.37186053639711,-0.76861572265625,0.27545166015625,-0.41302490234375,0.4034423828125,2.5806451612903225,78.20136852394917,2.5774193548387094,78.10361681329422,2.5806451612903225,78.20136852394917
17.604086178005673,114.37186053639711,-0.76861572265625,0.27545166015625,-0.41302490234375,0.4034423828125,2.5741935483870964,78.00586510263928,2.5483870967741935,77.2238514173998,2.5999999999999996,78.78787878787878
17.624124285997823,114.37186053639711,-0.76861572265625,0.27545166015625,-0.41302490234375,0.4034423828125,2.5806451612903225,78.20136852394917,2.554838709677419,77.41935483870968,2.5774193548387094,78.10361681329422
17.64414706605021,113.58791570379161,-0.76678466796875,0.276611328125,-0.408935546875,0.4102783203125,2.5677419354838706,77.81036168132943,2.551612903225806,77.32160312805473,2.5806451612903225,78.20136852394917
17.664199735037982,113.58791570379161,-0.76678466796875,0.276611328125,-0.408935546875,0.4102783203125,2.558064516129032,77.5171065493646,2.529032258064516,76.63734115347019,2.6032258064516127,78.88563049853371
17.684259123983793,112.67396959552612,-0.7650146484375,0.27886962890625,-0.4039306640625,0.41693115234375,2.5806451612903225,78.20136852394917,2.5774193548387094,78.10361681329422,2.5806451612903225,78.20136852394917
17.704326033010148,112.67396959552612,-0.7650146484375,0.27886962890625,-0.4039306640625,0.41693115234375,2.5806451612903225,78.20136852394917,2.5451612903225804,77.12609970674487,2.5774193548387094,78.10361681329422
17.724403791013174,111.54312741092765,-0.762939453125,0.28302001953125,-0.3978271484375,0.4237060546875,2.5806451612903225,78.20136852394917,2.554838709677419,77.41935483870968,2.5806451612903225,78.20136852394917
17.744493708014488,111.54312741092765,-0.762939453125,0.28302001953125,-0.3978271484375,0.4237060546875,2.590322580645161,78.49462365591397,2.525806451612903,76.53958944281524,2.5806451612903225,78.20136852394917
17.764532809029333,111.54312741092765,-0.762939453125,0.28302001953125,-0.3978271484375,0.4237060546875,2.593548387096774,78.59237536656892,2.5774193548387094,78.10361681329422,2.593548387096774,78.59237536656892
17.784618919016793,110.3611137630001,-0.7606201171875,0.287109375,-0.39141845703125,0.4310302734375,2.590322580645161,78.49462365591397,2.551612903225806,77.32160312805473,2.583870967741935,78.2991202346041
17.80470666103065,110.3611137630001,-0.7606201171875,0.287109375,-0.39141845703125,0.4310302734375,2.525806451612903,76.53958944281524,2.551612903225806,77.32160312805473,2.590322580645161,78.49462365591397
17.824760609073564,109.13298650174305,-0.7579345703125,0.29058837890625,-0.38470458984375,0.439453125,2.551612903225806,77.32160312805473,2.525806451612903,76.53958944281524,2.551612903225806,77.32160312805473
17.844819070072845,109.13298650174305,-0.7579345703125,0.29058837890625,-0.38470458984375,0.439453125,2.587096774193548,78.39687194525904,2.5,75.75757575757575,2.596774193548387,78.69012707722385
17.86489593202714,109.13298650174305,-0.7579345703125,0.29058837890625,-0.38470458984375,0.439453125,2.5774193548387094,78.10361681329422,2.496774193548387,75.65982404692082,2.590322580645161,78.49462365591397
17.884994265972637,107.76071665998498,-0.75482177734375,0.29443359375,-0.3770751953125,0.44866943359375,2.587096774193548,78.39687194525904,2.5,75.75757575757575,2.587096774193548,78.39687194525904
17.90504162304569,107.76071665998498,-0.75482177734375,0.29443359375,-0.3770751953125,0.44866943359375,2.5999999999999996,78.78787878787878,2.5709677419354837,77.90811339198436,2.5806451612903225,78.20136852394917
17.925100499996915,106.37513506542918,-0.75146484375,0.29864501953125,-0.3695068359375,0.457763671875,2.590322580645161,78.49462365591397,2.4806451612903224,75.17106549364614,2.590322580645161,78.49462365591397
17.945182385039516,106.37513506542918,-0.75146484375,0.29864501953125,-0.3695068359375,0.457763671875,2.616129032258064,79.27663734115346,2.5387096774193547,76.93059628543499,2.5806451612903225,78.20136852394917
17.965227726032026,106.37513506542918,-0.75146484375,0.29864501953125,-0.3695068359375,0.457763671875,2.587096774193548,78.39687194525904,2.519354838709677,76.34408602150538,2.587096774193548,78.39687194525904
17.985304107074626,105.029805045831,-0.748291015625,0.303955078125,-0.36224365234375,0.4652099609375,2.564516129032258,77.71260997067448,2.4774193548387093,75.07331378299119,2.5774193548387094,78.10361681329422
18.00535700004548,105.029805045831,-0.748291015625,0.303955078125,-0.36224365234375,0.4652099609375,2.5741935483870964,78.00586510263928,2.496774193548387,75.65982404692082,2.6032258064516127,78.88563049853371
18.02542371803429,103.7542711633262,-0.74627685546875,0.3095703125,-0.35455322265625,0.470703125,2.587096774193548,78.39687194525904,2.5129032258064514,76.1485826001955,2.583870967741935,78.2991202346041
18.045530979987234,103.7542711633262,-0.74627685546875,0.3095703125,-0.35455322265625,0.470703125,2.6419354838709674,80.05865102639295,2.4774193548387093,75.07331378299119,2.6096774193548384,79.0811339198436
18.065582561073825,103.7542711633262,-0.74627685546875,0.3095703125,-0.35455322265625,0.470703125,2.5806451612903225,78.20136852394917,2.5032258064516126,75.8553274682307,2.5774193548387094,78.10361681329422
18.08563916606363,102.52540939170795,-0.74432373046875,0.3150634765625,-0.3470458984375,0.4757080078125,2.551612903225806,77.32160312805473,2.4774193548387093,75.07331378299119,2.6032258064516127,78.88563049853371
18.105703931069,102.52540939170795,-0.74432373046875,0.3150634765625,-0.3470458984375,0.4757080078125,2.590322580645161,78.49462365591397,2.4774193548387093,75.07331378299119,2.583870967741935,78.2991202346041
18.12578869704157,101.30073122171022,-0.74200439453125,0.3203125,-0.3397216796875,0.4810791015625,2.616129032258064,79.27663734115346,2.4774193548387093,75.07331378299119,2.593548387096774,78.59237536656892
18.1458519899752,101.30073122171022,-0.74200439453125,0.3203125,-0.3397216796875,0.4810791015625,2.5806451612903225,78.20136852394917,2.5,75.75757575757575,2.554838709677419,77.41935483870968
18.165938324062154,101.30073122171022,-0.74200439453125,0.3203125,-0.3397216796875,0.4810791015625,2.6419354838709674,80.05865102639295,2.4774193548387093,75.07331378299119,2.590322580645161,78.49462365591397
18.18603499396704,100.10762612338962,-0.73956298828125,0.32537841796875,-0.3326416015625,0.48638916015625,2.558064516129032,77.5171065493646,2.496774193548387,75.65982404692082,2.6032258064516127,78.88563049853371
18.20606855803635,100.10762612338962,-0.73956298828125,0.32537841796875,-0.3326416015625,0.48638916015625,2.6032258064516127,78.88563049853371,2.4741935483870967,74.97556207233626,2.5806451612903225,78.20136852394917
18.226208204985596,98.90741103324092,-0.7369384765625,0.33013916015625,-0.325439453125,0.491943359375,2.5806451612903225,78.20136852394917,2.4774193548387093,75.07331378299119,2.6032258064516127,78.88563049853371
18.24629041098524,98.90741103324092,-0.7369384765625,0.33013916015625,-0.325439453125,0.491943359375,2.525806451612903,76.53958944281524,2.4709677419354836,74.87781036168133,2.648387096774193,80.25415444770283
18.266345064039342,98.90741103324092,-0.7369384765625,0.33013916015625,-0.325439453125,0.491943359375,2.5677419354838706,77.81036168132943,2.493548387096774,75.56207233626587,2.5483870967741935,77.2238514173998
18.286474407068454,97.71994456813779,-0.73388671875,0.33477783203125,-0.318603515625,0.497802734375,2.590322580645161,78.49462365591397,2.435483870967742,73.80254154447702,2.5806451612903225,78.20136852394917
18.30659293406643,97.71994456813779,-0.73388671875,0.33477783203125,-0.318603515625,0.497802734375,2.525806451612903,76.53958944281524,2.4709677419354836,74.87781036168133,2.6032258064516127,78.88563049853371
18.326608833973296,96.45935466079521,-0.73114013671875,0.34002685546875,-0.3109130859375,0.50311279296875,2.6032258064516127,78.88563049853371,2.458064516129032,74.48680351906158,2.5806451612903225,78.20136852394917
18.346651838044636,96.45935466079521,-0.73114013671875,0.34002685546875,-0.3109130859375,0.50311279296875,2.5387096774193547,76.93059628543499,2.4516129032258065,74.29130009775172,2.596774193548387,78.69012707722385
18.36671346705407,96.45935466079521,-0.73114013671875,0.34002685546875,-0.3109130859375,0.50311279296875,2.5709677419354837,77.90811339198436,2.4612903225806453,74.58455522971653,2.525806451612903,76.53958944281524
18.38681151298806,95.16990984888267,-0.728759765625,0.34564208984375,-0.30267333984375,0.5078125,2.5677419354838706,77.81036168132943,2.4709677419354836,74.87781036168133,2.616129032258064,79.27663734115346
18.406856982037425,95.16990984888267,-0.728759765625,0.34564208984375,-0.30267333984375,0.5078125,2.554838709677419,77.41935483870968,2.4516129032258065,74.29130009775172,2.5806451612903225,78.20136852394917
18.426918962970376,93.91215404627529,-0.72576904296875,0.350830078125,-0.29498291015625,0.51300048828125,2.583870967741935,78.2991202346041,2.458064516129032,74.48680351906158,2.587096774193548,78.39687194525904
18.446989680058323,93.91215404627529,-0.72576904296875,0.350830078125,-0.29498291015625,0.51300048828125,2.587096774193548,78.39687194525904,2.4709677419354836,74.87781036168133,2.525806451612903,76.53958944281524
18.46704692498315,93.91215404627529,-0.72576904296875,0.350830078125,-0.29498291015625,0.51300048828125,2.6096774193548384,79.0811339198436,2.4516129032258065,74.29130009775172,2.62258064516129,79.47214076246333
18.48713924305048,92.6243735843113,-0.72216796875,0.3560791015625,-0.2874755859375,0.51873779296875,2.5483870967741935,77.2238514173998,2.4516129032258065,74.29130009775172,2.596774193548387,78.69012707722385
18.507229801034555,92.6243735843113,-0.72216796875,0.3560791015625,-0.2874755859375,0.51873779296875,2.5709677419354837,77.90811339198436,2.4516129032258065,74.29130009775172,2.590322580645161,78.49462365591397
18.52727181406226,91.37123886601086,-0.71881103515625,0.36114501953125,-0.2799072265625,0.52398681640625,2.5806451612903225,78.20136852394917,2.42258064516129,73.41153470185728,2.6032258064516127,78.88563049853371
18.54737241996918,91.37123886601086,-0.71881103515625,0.36114501953125,-0.2799072265625,0.52398681640625,2.5774193548387094,78.10361681329422,2.467741935483871,74.7800586510264,2.654838709677419,80.4496578690127
18.56741654407233,91.37123886601086,-0.71881103515625,0.36114501953125,-0.2799072265625,0.52398681640625,2.583870967741935,78.2991202346041,2.42258064516129,73.41153470185728,2.5999999999999996,78.78787878787878
18.58753996703308,90.03868363307691,-0.715576171875,0.36639404296875,-0.27142333984375,0.5291748046875,2.551612903225806,77.32160312805473,2.4516129032258065,74.29130009775172,2.616129032258064,79.27663734115346
18.607600508024916,90.03868363307691,-0.715576171875,0.36639404296875,-0.27142333984375,0.5291748046875,2.629032258064516,79.6676441837732,2.454838709677419,74.38905180840665,2.648387096774193,80.25415444770283
18.627729692030698,88.67397457089481,-0.71221923828125,0.371826171875,-0.2626953125,0.5343017578125,2.5774193548387094,78.10361681329422,2.4612903225806453,74.58455522971653,2.564516129032258,77.71260997067448
18.64773615100421,88.67397457089481,-0.71221923828125,0.371826171875,-0.2626953125,0.5343017578125,2.590322580645161,78.49462365591397,2.4483870967741934,74.19354838709677,2.62258064516129,79.47214076246333
18.66782133304514,88.67397457089481,-0.71221923828125,0.371826171875,-0.2626953125,0.5343017578125,2.5709677419354837,77.90811339198436,2.4516129032258065,74.29130009775172,2.616129032258064,79.27663734115346
18.687864081002772,87.3804689667586,-0.70867919921875,0.37744140625,-0.2547607421875,0.53887939453125,2.629032258064516,79.6676441837732,2.42258064516129,73.41153470185728,2.6064516129032254,78.98338220918865
18.707926894072443,87.3804689667586,-0.70867919921875,0.37744140625,-0.2547607421875,0.53887939453125,2.5741935483870964,78.00586510263928,2.4483870967741934,74.19354838709677,2.6096774193548384,79.0811339198436
18.72799466806464,86.05492178093436,-0.70550537109375,0.38336181640625,-0.2462158203125,0.5428466796875,2.5774193548387094,78.10361681329422,2.4290322580645163,73.60703812316717,2.6032258064516127,78.88563049853371
18.748053160961717,86.05492178093436,-0.70550537109375,0.38336181640625,-0.2462158203125,0.5428466796875,2.583870967741935,78.2991202346041,2.454838709677419,74.38905180840665,2.5774193548387094,78.10361681329422
18.768118437961675,86.05492178093436,-0.70550537109375,0.38336181640625,-0.2462158203125,0.5428466796875,2.616129032258064,79.27663734115346,2.42258064516129,73.41153470185728,2.5999999999999996,78.78787878787878
18.78824154101312,84.74673999722657,-0.70245361328125,0.38922119140625,-0.23760986328125,0.54644775390625,2.587096774193548,78.39687194525904,2.519354838709677,76.34408602150538,2.593548387096774,78.59237536656892
18.808299393975176,84.74673999722657,-0.70245361328125,0.38922119140625,-0.23760986328125,0.54644775390625,2.616129032258064,79.27663734115346,2.464516129032258,74.68230694037146,2.5999999999999996,78.78787878787878
18.828340701991692,83.46673384571645,-0.69915771484375,0.39501953125,-0.2293701171875,0.54998779296875,2.583870967741935,78.2991202346041,2.4774193548387093,75.07331378299119,2.6354838709677417,79.86314760508309
18.848418651963584,83.46673384571645,-0.69915771484375,0.39501953125,-0.2293701171875,0.54998779296875,2.6096774193548384,79.0811339198436,2.5129032258064514,76.1485826001955,2.5806451612903225,78.20136852394917
18.86847231304273,83.46673384571645,-0.69915771484375,0.39501953125,-0.2293701171875,0.54998779296875,2.616129032258064,79.27663734115346,2.464516129032258,74.68230694037146,2.6096774193548384,79.0811339198436
18.888540629995987,82.13515834173943,-0.69598388671875,0.40155029296875,-0.220703125,0.55291748046875,2.593548387096774,78.59237536656892,2.42258064516129,73.41153470185728,2.6129032258064515,79.17888563049853
18.90860373096075,82.13515834173943,-0.69598388671875,0.40155029296875,-0.220703125,0.55291748046875,2.62258064516129,79.47214076246333,2.467741935483871,74.7800586510264,2.593548387096774,78.59237536656892
18.92867393605411,80.76848155416872,-0.69232177734375,0.408447265625,-0.2120361328125,0.5557861328125,2.5999999999999996,78.78787878787878,2.5032258064516126,75.8553274682307,2.593548387096774,78.59237536656892
18.948750894051045,80.76848155416872,-0.69232177734375,0.408447265625,-0.2120361328125,0.5557861328125,2.5999999999999996,78.78787878787878,2.4774193548387093,75.07331378299119,2.6032258064516127,78.88563049853371
18.96889306907542,80.76848155416872,-0.69232177734375,0.408447265625,-0.2120361328125,0.5557861328125,2.6064516129032254,78.98338220918865,2.4774193548387093,75.07331378299119,2.5774193548387094,78.10361681329422
18.988955338019878,79.38610056066602,-0.688720703125,0.415283203125,-0.20306396484375,0.55853271484375,2.6064516129032254,78.98338220918865,2.493548387096774,75.56207233626587,2.5774193548387094,78.10361681329422
19.00899747898802,79.38610056066602,-0.688720703125,0.415283203125,-0.20306396484375,0.55853271484375,2.629032258064516,79.6676441837732,2.4774193548387093,75.07331378299119,2.5999999999999996,78.78787878787878
19.02910086896736,78.03081139944841,-0.68511962890625,0.4212646484375,-0.19403076171875,0.56170654296875,2.5806451612903225,78.20136852394917,2.490322580645161,75.46432062561095,2.6096774193548384,79.0811339198436
19.049138082074933,78.03081139944841,-0.68511962890625,0.4212646484375,-0.19403076171875,0.56170654296875,2.616129032258064,79.27663734115346,2.5161290322580645,76.24633431085044,2.5999999999999996,78.78787878787878
19.0692014710512,78.03081139944841,-0.68511962890625,0.4212646484375,-0.19403076171875,0.56170654296875,2.625806451612903,79.56989247311827,2.4838709677419355,75.26881720430107,2.616129032258064,79.27663734115346
19.089259291999042,76.63351888806713,-0.68096923828125,0.42724609375,-0.1849365234375,0.5653076171875,2.62258064516129,79.47214076246333,2.551612903225806,77.32160312805473,2.5774193548387094,78.10361681329422
19.109361850074492,76.63351888806713,-0.68096923828125,0.42724609375,-0.1849365234375,0.5653076171875,2.629032258064516,79.6676441837732,2.5161290322580645,76.24633431085044,2.616129032258064,79.27663734115346
19.12943480699323,75.12108510688114,-0.67608642578125,0.43359375,-0.17523193359375,0.5693359375,2.6193548387096772,79.37438905180841,2.5387096774193547,76.93059628543499,2.5709677419354837,77.90811339198436
19.14955611806363,75.12108510688114,-0.67608642578125,0.43359375,-0.17523193359375,0.5693359375,2.6193548387096772,79.37438905180841,2.5354838709677416,76.83284457478005,2.629032258064516,79.6676441837732
19.16957688203547,75.12108510688114,-0.67608642578125,0.43359375,-0.17523193359375,0.5693359375,2.629032258064516,79.6676441837732,2.551612903225806,77.32160312805473,2.5806451612903225,78.20136852394917
19.189677936024964,73.59096194397955,-0.67095947265625,0.44000244140625,-0.16552734375,0.57342529296875,2.6451612903225805,80.1564027370479,2.5354838709677416,76.83284457478005,2.629032258064516,79.6676441837732
19.20971626904793,73.59096194397955,-0.67095947265625,0.44000244140625,-0.16552734375,0.57342529296875,2.661290322580645,80.64516129032258,2.5419354838709673,77.02834799608992,2.583870967741935,78.2991202346041
19.229793673963286,71.94994771523145,-0.6650390625,0.4468994140625,-0.15533447265625,0.57781982421875,2.6387096774193544,79.960899315738,2.5129032258064514,76.1485826001955,2.6419354838709674,80.05865102639295
19.249844614998437,71.94994771523145,-0.6650390625,0.4468994140625,-0.15533447265625,0.57781982421875,2.6032258064516127,78.88563049853371,2.525806451612903,76.53958944281524,2.616129032258064,79.27663734115346
19.269955525989644,71.94994771523145,-0.6650390625,0.4468994140625,-0.15533447265625,0.57781982421875,2.62258064516129,79.47214076246333,2.590322580645161,78.49462365591397,2.6064516129032254,78.98338220918865
19.290027971030213,70.30176594916401,-0.65948486328125,0.45379638671875,-0.1446533203125,0.58160400390625,2.616129032258064,79.27663734115346,2.5999999999999996,78.78787878787878,2.596774193548387,78.69012707722385
19.310079199960455,70.30176594916401,-0.65948486328125,0.45379638671875,-0.1446533203125,0.58160400390625,2.6451612903225805,80.1564027370479,2.62258064516129,79.47214076246333,2.587096774193548,78.39687194525904
19.33014217298478,68.70638322300687,-0.65399169921875,0.46026611328125,-0.13421630859375,0.585205078125,2.6032258064516127,78.88563049853371,2.564516129032258,77.71260997067448,2.616129032258064,79.27663734115346
19.350250747054815,68.70638322300687,-0.65399169921875,0.46026611328125,-0.13421630859375,0.585205078125,2.629032258064516,79.6676441837732,2.564516129032258,77.71260997067448,2.5999999999999996,78.78787878787878
19.37029877596069,68.70638322300687,-0.65399169921875,0.46026611328125,-0.13421630859375,0.585205078125,2.6419354838709674,80.05865102639295,2.551612903225806,77.32160312805473,2.6645161290322577,80.74291300097751
19.390377077972516,67.04407082142484,-0.64849853515625,0.46588134765625,-0.1226806640625,0.58935546875,2.5774193548387094,78.10361681329422,2.554838709677419,77.41935483870968,2.625806451612903,79.56989247311827
19.41042507404927,67.04407082142484,-0.64849853515625,0.46588134765625,-0.1226806640625,0.58935546875,2.6516129032258062,80.35190615835776,2.6193548387096772,79.37438905180841,2.616129032258064,79.27663734115346
19.430487568024546,65.31636813762489,-0.642333984375,0.472412109375,-0.1112060546875,0.59320068359375,2.616129032258064,79.27663734115346,2.564516129032258,77.71260997067448,2.590322580645161,78.49462365591397
19.450624302960932,65.31636813762489,-0.642333984375,0.472412109375,-0.1112060546875,0.59320068359375,2.5774193548387094,78.10361681329422,2.561290322580645,77.61485826001955,2.629032258064516,79.6676441837732
19.470623658038676,65.31636813762489,-0.642333984375,0.472412109375,-0.1112060546875,0.59320068359375,2.6322580645161286,79.76539589442815,2.5741935483870964,78.00586510263928,2.6064516129032254,78.98338220918865
19.490691239014268,63.600970112479814,-0.63623046875,0.4794921875,-0.099853515625,0.59613037109375,2.648387096774193,80.25415444770283,2.525806451612903,76.53958944281524,2.6354838709677417,79.86314760508309
19.510788101004437,63.600970112479814,-0.63623046875,0.4794921875,-0.099853515625,0.59613037109375,2.6451612903225805,80.1564027370479,2.5774193548387094,78.10361681329422,2.6032258064516127,78.88563049853371
19.530857795034535,61.992194195385,-0.63067626953125,0.4862060546875,-0.08892822265625,0.5982666015625,2.680645161290322,81.23167155425219,2.5741935483870964,78.00586510263928,2.6064516129032254,78.98338220918865
19.5509137599729,61.992194195385,-0.63067626953125,0.4862060546875,-0.08892822265625,0.5982666015625,2.629032258064516,79.6676441837732,2.5677419354838706,77.81036168132943,2.629032258064516,79.6676441837732
19.570972669054754,61.992194195385,-0.63067626953125,0.4862060546875,-0.08892822265625,0.5982666015625,2.6451612903225805,80.1564027370479,2.5806451612903225,78.20136852394917,2.5774193548387094,78.10361681329422
19.59109190001618,60.36194448361604,-0.6246337890625,0.49273681640625,-0.07806396484375,0.60076904296875,2.5774193548387094,78.10361681329422,2.5774193548387094,78.10361681329422,2.6419354838709674,80.05865102639295
19.61113000800833,60.36194448361604,-0.6246337890625,0.49273681640625,-0.07806396484375,0.60076904296875,2.6322580645161286,79.76539589442815,2.5677419354838706,77.81036168132943,2.616129032258064,79.27663734115346
19.631189492996782,58.75354523569008,-0.61883544921875,0.49908447265625,-0.06707763671875,0.60284423828125,2.661290322580645,80.64516129032258,2.5806451612903225,78.20136852394917,2.6096774193548384,79.0811339198436
19.65126104198862,58.75354523569008,-0.61883544921875,0.49908447265625,-0.06707763671875,0.60284423828125,2.6645161290322577,80.74291300097751,2.5709677419354837,77.90811339198436,2.616129032258064,79.27663734115346
19.67131268698722,58.75354523569008,-0.61883544921875,0.49908447265625,-0.06707763671875,0.60284423828125,2.6516129032258062,80.35190615835776,2.587096774193548,78.39687194525904,2.6064516129032254,78.98338220918865
19.691384396050125,57.11703559354527,-0.61236572265625,0.505859375,-0.05645751953125,0.60498046875,2.6032258064516127,78.88563049853371,2.587096774193548,78.39687194525904,2.590322580645161,78.49462365591397
19.711452009971254,57.11703559354527,-0.61236572265625,0.505859375,-0.05645751953125,0.60498046875,2.6645161290322577,80.74291300097751,2.564516129032258,77.71260997067448,2.6129032258064515,79.17888563049853
19.73151274304837,55.45610158059243,-0.60552978515625,0.5130615234375,-0.0457763671875,0.60662841796875,2.6387096774193544,79.960899315738,2.625806451612903,79.56989247311827,2.6129032258064515,79.17888563049853
19.75157670804765,55.45610158059243,-0.60552978515625,0.5130615234375,-0.0457763671875,0.60662841796875,2.6387096774193544,79.960899315738,2.596774193548387,78.69012707722385,2.583870967741935,78.2991202346041
19.771704258979298,55.45610158059243,-0.60552978515625,0.5130615234375,-0.0457763671875,0.60662841796875,2.6451612903225805,80.1564027370479,2.6129032258064515,79.17888563049853,2.625806451612903,79.56989247311827
19.79173846298363,53.808272608943405,-0.5989990234375,0.52001953125,-0.034912109375,0.60797119140625,2.6322580645161286,79.76539589442815,2.654838709677419,80.4496578690127,2.6193548387096772,79.37438905180841
19.811783708049916,53.808272608943405,-0.5989990234375,0.52001953125,-0.034912109375,0.60797119140625,2.654838709677419,80.4496578690127,2.5774193548387094,78.10361681329422,2.62258064516129,79.47214076246333
19.831906266976148,52.22364662561952,-0.59246826171875,0.5263671875,-0.0244140625,0.609375,2.6451612903225805,80.1564027370479,2.5806451612903225,78.20136852394917,2.629032258064516,79.6676441837732
19.851952278986573,52.22364662561952,-0.59246826171875,0.5263671875,-0.0244140625,0.609375,2.6354838709677417,79.86314760508309,2.5806451612903225,78.20136852394917,2.62258064516129,79.47214076246333
19.8720269970363,52.22364662561952,-0.59246826171875,0.5263671875,-0.0244140625,0.609375,2.6419354838709674,80.05865102639295,2.5774193548387094,78.10361681329422,2.6064516129032254,78.98338220918865
19.8920729450183,50.630311379421585,-0.58575439453125,0.5328369140625,-0.01397705078125,0.610595703125,2.6451612903225805,80.1564027370479,2.629032258064516,79.6676441837732,2.6064516129032254,78.98338220918865
19.912139598978683,50.630311379421585,-0.58575439453125,0.5328369140625,-0.01397705078125,0.610595703125,2.629032258064516,79.6676441837732,2.6064516129032254,78.98338220918865,2.583870967741935,78.2991202346041
19.932250029058196,49.067365171982175,-0.57879638671875,0.5396728515625,-0.0040283203125,0.611328125,2.6516129032258062,80.35190615835776,2.5774193548387094,78.10361681329422,2.616129032258064,79.27663734115346
19.952311050030403,49.067365171982175,-0.57879638671875,0.5396728515625,-0.0040283203125,0.611328125,2.648387096774193,80.25415444770283,2.6096774193548384,79.0811339198436,2.616129032258064,79.27663734115346
19.972355750971474,49.067365171982175,-0.57879638671875,0.5396728515625,-0.0040283203125,0.611328125,2.6451612903225805,80.1564027370479,2.6193548387096772,79.37438905180841,2.6064516129032254,78.98338220918865
19.992431684047915,47.388169865545144,-0.57183837890625,0.54644775390625,0.00732421875,0.61181640625,2.654838709677419,80.4496578690127,2.596774193548387,78.69012707722385,2.6064516129032254,78.98338220918865
20.012529411003925,47.388169865545144,-0.57183837890625,0.54644775390625,0.00732421875,0.61181640625,2.6354838709677417,79.86314760508309,2.6193548387096772,79.37438905180841,2.625806451612903,79.56989247311827
20.032578526996076,45.633293711796235,-0.563720703125,0.55413818359375,0.01837158203125,0.61224365234375,2.616129032258064,79.27663734115346,2.6387096774193544,79.960899315738,2.6064516129032254,78.98338220918865
20.05266553303227,45.633293711796235,-0.563720703125,0.55413818359375,0.01837158203125,0.61224365234375,2.6387096774193544,79.960899315738,2.616129032258064,79.27663734115346,2.6064516129032254,78.98338220918865
20.072717881994322,45.633293711796235,-0.563720703125,0.55413818359375,0.01837158203125,0.61224365234375,2.6451612903225805,80.1564027370479,2.6096774193548384,79.0811339198436,2.625806451612903,79.56989247311827
20.092853593057953,43.887676018164846,-0.55609130859375,0.56085205078125,0.03021240234375,0.612548828125,2.6354838709677417,79.86314760508309,2.6032258064516127,78.88563049853371,2.6064516129032254,78.98338220918865
20.11285960499663,43.887676018164846,-0.55609130859375,0.56085205078125,0.03021240234375,0.612548828125,2.6451612903225805,80.1564027370479,2.62258064516129,79.47214076246333,2.5774193548387094,78.10361681329422
20.132960531045683,41.968969931325574,-0.5474853515625,0.56787109375,0.04302978515625,0.6131591796875,2.6451612903225805,80.1564027370479,2.5774193548387094,78.10361681329422,2.6064516129032254,78.98338220918865
20.153009647969157,41.968969931325574,-0.5474853515625,0.56787109375,0.04302978515625,0.6131591796875,2.6193548387096772,79.37438905180841,2.6709677419354834,80.93841642228737,2.590322580645161,78.49462365591397
20.17307710100431,41.968969931325574,-0.5474853515625,0.56787109375,0.04302978515625,0.6131591796875,2.558064516129032,77.5171065493646,2.658064516129032,80.54740957966764,2.62258064516129,79.47214076246333
20.193189195008017,40.086478549910964,-0.5380859375,0.575439453125,0.05487060546875,0.61346435546875,2.590322580645161,78.49462365591397,2.658064516129032,80.54740957966764,2.654838709677419,80.4496578690127
20.213221415993758,40.086478549910964,-0.5380859375,0.575439453125,0.05487060546875,0.61346435546875,2.6451612903225805,80.1564027370479,2.6741935483870964,81.03616813294232,2.6032258064516127,78.88563049853371
20.233282053028233,38.08546409102872,-0.52813720703125,0.5831298828125,0.0677490234375,0.613525390625,2.6451612903225805,80.1564027370479,2.6645161290322577,80.74291300097751,2.5999999999999996,78.78787878787878
20.25337856297847,38.08546409102872,-0.52813720703125,0.5831298828125,0.0677490234375,0.613525390625,2.6516129032258062,80.35190615835776,2.6677419354838707,80.84066471163244,2.5806451612903225,78.20136852394917
20.273429151973687,38.08546409102872,-0.52813720703125,0.5831298828125,0.0677490234375,0.613525390625,2.6774193548387095,81.13391984359725,2.658064516129032,80.54740957966764,2.590322580645161,78.49462365591397
20.2935244779801,36.08715835045341,-0.5184326171875,0.59033203125,0.0810546875,0.61328125,2.6741935483870964,81.03616813294232,2.6516129032258062,80.35190615835776,2.596774193548387,78.69012707722385
20.31358233105857,36.08715835045341,-0.5184326171875,0.59033203125,0.0810546875,0.61328125,2.5774193548387094,78.10361681329422,2.6709677419354834,80.93841642228737,2.593548387096774,78.59237536656892
20.333629015018232,33.97717331421743,-0.508056640625,0.598388671875,0.09515380859375,0.61212158203125,2.654838709677419,80.4496578690127,2.680645161290322,81.23167155425219,2.6193548387096772,79.37438905180841
20.3537782629719,33.97717331421743,-0.508056640625,0.598388671875,0.09515380859375,0.61212158203125,2.661290322580645,80.64516129032258,2.6032258064516127,78.88563049853371,2.6032258064516127,78.88563049853371
20.37387208500877,33.97717331421743,-0.508056640625,0.598388671875,0.09515380859375,0.61212158203125,2.629032258064516,79.6676441837732,2.6709677419354834,80.93841642228737,2.5709677419354837,77.90811339198436
20.393940882058814,31.940517024819094,-0.49810791015625,0.6058349609375,0.10894775390625,0.61077880859375,2.661290322580645,80.64516129032258,2.6419354838709674,80.05865102639295,2.6129032258064515,79.17888563049853
20.41396228596568,31.940517024819094,-0.49810791015625,0.6058349609375,0.10894775390625,0.61077880859375,2.658064516129032,80.54740957966764,2.6645161290322577,80.74291300097751,2.5806451612903225,78.20136852394917
20.434018122963607,30.19301344116802,-0.4892578125,0.61212158203125,0.12091064453125,0.609375,2.6677419354838707,80.84066471163244,2.654838709677419,80.4496578690127,2.6064516129032254,78.98338220918865
20.454085928038694,30.19301344116802,-0.4892578125,0.61212158203125,0.12091064453125,0.609375,2.680645161290322,81.23167155425219,2.6709677419354834,80.93841642228737,2.6096774193548384,79.0811339198436
20.474194439011626,30.19301344116802,-0.4892578125,0.61212158203125,0.12091064453125,0.609375,2.661290322580645,80.64516129032258,2.6999999999999997,81.81818181818181,2.629032258064516,79.6676441837732
20.494273317046463,28.392521677986508,-0.4791259765625,0.6185302734375,0.13238525390625,0.60858154296875,2.658064516129032,80.54740957966764,2.6838709677419352,81.32942326490713,2.5774193548387094,78.10361681329422
20.51433299400378,28.392521677986508,-0.4791259765625,0.6185302734375,0.13238525390625,0.60858154296875,2.680645161290322,81.23167155425219,2.7032258064516124,81.91593352883673,2.6419354838709674,80.05865102639295
20.534355293028057,26.68171285227635,-0.46923828125,0.62469482421875,0.1434326171875,0.607421875,2.629032258064516,79.6676441837732,2.7064516129032254,82.01368523949168,2.5774193548387094,78.10361681329422
20.554409114061855,26.68171285227635,-0.46923828125,0.62469482421875,0.1434326171875,0.607421875,2.6354838709677417,79.86314760508309,2.6838709677419352,81.32942326490713,2.6129032258064515,79.17888563049853
20.574479863978922,26.68171285227635,-0.46923828125,0.62469482421875,0.1434326171875,0.607421875,2.680645161290322,81.23167155425219,2.712903225806451,82.20918866080156,2.6096774193548384,79.0811339198436
20.59455166896805,25.06692931154923,-0.45953369140625,0.63092041015625,0.15362548828125,0.60595703125,2.6645161290322577,80.74291300097751,2.7096774193548385,82.11143695014663,2.583870967741935,78.2991202346041
20.614671700051986,25.06692931154923,-0.45953369140625,0.63092041015625,0.15362548828125,0.60595703125,2.6774193548387095,81.13391984359725,2.712903225806451,82.20918866080156,2.5774193548387094,78.10361681329422
20.634956215973943,23.487896059536993,-0.4501953125,0.63690185546875,0.16436767578125,0.60382080078125,2.629032258064516,79.6676441837732,2.7322580645161287,82.79569892473117,2.6387096774193544,79.960899315738
20.654940786072984,23.487896059536993,-0.4501953125,0.63690185546875,0.16436767578125,0.60382080078125,2.6419354838709674,80.05865102639295,2.693548387096774,81.62267839687193,2.593548387096774,78.59237536656892
20.674998991074972,23.487896059536993,-0.4501953125,0.63690185546875,0.16436767578125,0.60382080078125,2.658064516129032,80.54740957966764,2.7516129032258063,83.38220918866081,2.5387096774193547,76.93059628543499
20.69504679599777,22.19145633133759,-0.44287109375,0.64251708984375,0.1739501953125,0.60064697265625,2.680645161290322,81.23167155425219,2.7580645161290325,83.57771260997069,2.5387096774193547,76.93059628543499
20.715102568967268,22.19145633133759,-0.44287109375,0.64251708984375,0.1739501953125,0.60064697265625,2.6677419354838707,80.84066471163244,2.803225806451613,84.94623655913979,2.532258064516129,76.73509286412512
20.735355212003924,20.71635856391616,-0.4332275390625,0.64849853515625,0.1839599609375,0.5982666015625,2.680645161290322,81.23167155425219,2.7580645161290325,83.57771260997069,2.551612903225806,77.32160312805473
20.755288772983477,20.71635856391616,-0.4332275390625,0.64849853515625,0.1839599609375,0.5982666015625,2.6741935483870964,81.03616813294232,2.7838709677419353,84.35972629521017,2.6032258064516127,78.88563049853371
20.77531961700879,20.71635856391616,-0.4332275390625,0.64849853515625,0.1839599609375,0.5982666015625,2.6645161290322577,80.74291300097751,2.7580645161290325,83.57771260997069,2.583870967741935,78.2991202346041
20.795400190982036,19.41717958787075,-0.42498779296875,0.65283203125,0.19329833984375,0.59649658203125,2.6645161290322577,80.74291300097751,2.7903225806451615,84.55522971652005,2.525806451612903,76.53958944281524
20.815542622003704,19.41717958787075,-0.42498779296875,0.65283203125,0.19329833984375,0.59649658203125,2.6419354838709674,80.05865102639295,2.7806451612903227,84.26197458455523,2.629032258064516,79.6676441837732
20.835659453063272,18.534256273493313,-0.41802978515625,0.6566162109375,0.19854736328125,0.5955810546875,2.680645161290322,81.23167155425219,2.7580645161290325,83.57771260997069,2.5806451612903225,78.20136852394917
20.85569554497488,18.534256273493313,-0.41802978515625,0.6566162109375,0.19854736328125,0.5955810546875,2.658064516129032,80.54740957966764,2.793548387096774,84.65298142717498,2.5774193548387094,78.10361681329422
20.87572699796874,18.534256273493313,-0.41802978515625,0.6566162109375,0.19854736328125,0.5955810546875,2.6677419354838707,80.84066471163244,2.796774193548387,84.75073313782991,2.5677419354838706,77.81036168132943
20.895760594052263,17.996435303810358,-0.41229248046875,0.66070556640625,0.201416015625,0.59405517578125,2.680645161290322,81.23167155425219,2.7870967741935484,84.4574780058651,2.6064516129032254,78.98338220918865
20.915856271982193,17.996435303810358,-0.41229248046875,0.66070556640625,0.201416015625,0.59405517578125,2.6322580645161286,79.76539589442815,2.8096774193548386,85.14173998044966,2.590322580645161,78.49462365591397
20.93595118203666,17.57682852256538,-0.40777587890625,0.66412353515625,0.20379638671875,0.59259033203125,2.6645161290322577,80.74291300097751,2.8225806451612905,85.53274682306942,2.5806451612903225,78.20136852394917
20.95596877799835,17.57682852256538,-0.40777587890625,0.66412353515625,0.20379638671875,0.59259033203125,2.6774193548387095,81.13391984359725,2.867741935483871,86.90127077223852,2.6032258064516127,78.88563049853371
20.97604112699628,17.57682852256538,-0.40777587890625,0.66412353515625,0.20379638671875,0.59259033203125,2.6709677419354834,80.93841642228737,2.803225806451613,84.94623655913979,2.593548387096774,78.59237536656892
20.996122341020964,17.352780997915502,-0.40411376953125,0.66693115234375,0.20458984375,0.59161376953125,2.680645161290322,81.23167155425219,2.7870967741935484,84.4574780058651,2.6032258064516127,78.88563049853371
21.016183234052733,17.352780997915502,-0.40411376953125,0.66693115234375,0.20458984375,0.59161376953125,2.658064516129032,80.54740957966764,2.7870967741935484,84.4574780058651,2.5774193548387094,78.10361681329422
21.03624550299719,17.28128294086936,-0.40338134765625,0.66790771484375,0.20550537109375,0.5906982421875,2.6354838709677417,79.86314760508309,2.8096774193548386,85.14173998044966,2.5806451612903225,78.20136852394917
21.056301628006622,17.28128294086936,-0.40338134765625,0.66790771484375,0.20550537109375,0.5906982421875,2.658064516129032,80.54740957966764,2.829032258064516,85.72825024437928,2.5999999999999996,78.78787878787878
21.076382810017094,17.28128294086936,-0.40338134765625,0.66790771484375,0.20550537109375,0.5906982421875,2.658064516129032,80.54740957966764,2.8225806451612905,85.53274682306942,2.5709677419354837,77.90811339198436
21.09643487096764,17.139231636705958,-0.403564453125,0.66729736328125,0.20721435546875,0.5906982421875,2.6645161290322577,80.74291300097751,2.796774193548387,84.75073313782991,2.629032258064516,79.6676441837732
21.11651640397031,17.139231636705958,-0.403564453125,0.66729736328125,0.20721435546875,0.5906982421875,2.629032258064516,79.6676441837732,2.803225806451613,84.94623655913979,2.629032258064516,79.6676441837732
21.136611282010563,16.903652242299586,-0.4034423828125,0.6656494140625,0.20916748046875,0.5919189453125,2.6645161290322577,80.74291300097751,2.8193548387096774,85.43499511241447,2.6096774193548384,79.0811339198436
21.156675726990215,16.903652242299586,-0.4034423828125,0.6656494140625,0.20916748046875,0.5919189453125,2.661290322580645,80.64516129032258,2.835483870967742,85.92375366568915,2.583870967741935,78.2991202346041
21.176728524034843,16.903652242299586,-0.4034423828125,0.6656494140625,0.20916748046875,0.5919189453125,2.7064516129032254,82.01368523949168,2.796774193548387,84.75073313782991,2.6064516129032254,78.98338220918865
21.196798281976953,16.57435249893598,-0.4029541015625,0.6634521484375,0.21148681640625,0.5938720703125,2.661290322580645,80.64516129032258,2.7838709677419353,84.35972629521017,2.5999999999999996,78.78787878787878
21.216863463050686,16.57435249893598,-0.4029541015625,0.6634521484375,0.21148681640625,0.5938720703125,2.6709677419354834,80.93841642228737,2.7870967741935484,84.4574780058651,2.629032258064516,79.6676441837732
21.23692659602966,16.34972232967489,-0.40234375,0.66229248046875,0.212890625,0.5950927734375,2.658064516129032,80.54740957966764,2.8096774193548386,85.14173998044966,2.6064516129032254,78.98338220918865
21.256980353035033,16.34972232967489,-0.40234375,0.66229248046875,0.212890625,0.5950927734375,2.680645161290322,81.23167155425219,2.796774193548387,84.75073313782991,2.5999999999999996,78.78787878787878
21.277059230022132,16.34972232967489,-0.40234375,0.66229248046875,0.212890625,0.5950927734375,2.6709677419354834,80.93841642228737,2.764516129032258,83.77321603128055,2.6096774193548384,79.0811339198436
21.29712668398861,16.102974052584926,-0.4014892578125,0.66180419921875,0.21466064453125,0.59564208984375,2.6354838709677417,79.86314760508309,2.7903225806451615,84.55522971652005,2.625806451612903,79.56989247311827
21.31721589807421,16.102974052584926,-0.4014892578125,0.66180419921875,0.21466064453125,0.59564208984375,2.6741935483870964,81.03616813294232,2.8096774193548386,85.14173998044966,2.583870967741935,78.2991202346041
21.337285654968582,15.876153592573374,-0.40032958984375,0.6619873046875,0.2166748046875,0.595458984375,2.6516129032258062,80.35190615835776,2.7870967741935484,84.4574780058651,2.5999999999999996,78.78787878787878
21.357351987971924,15.876153592573374,-0.40032958984375,0.6619873046875,0.2166748046875,0.595458984375,2.6354838709677417,79.86314760508309,2.7870967741935484,84.4574780058651,2.629032258064516,79.6676441837732
21.377411569003016,15.876153592573374,-0.40032958984375,0.6619873046875,0.2166748046875,0.595458984375,2.629032258064516,79.6676441837732,2.803225806451613,84.94623655913979,2.629032258064516,79.6676441837732
21.397487470996566,15.64741467539963,-0.39849853515625,0.6627197265625,0.2181396484375,0.5953369140625,2.6741935483870964,81.03616813294232,2.796774193548387,84.75073313782991,2.593548387096774,78.59237536656892
21.41754558007233,15.64741467539963,-0.39849853515625,0.6627197265625,0.2181396484375,0.5953369140625,2.654838709677419,80.4496578690127,2.8161290322580643,85.33724340175954,2.593548387096774,78.59237536656892
21.437622216995806,15.421938224320698,-0.3963623046875,0.6634521484375,0.21923828125,0.59552001953125,2.6774193548387095,81.13391984359725,2.829032258064516,85.72825024437928,2.5806451612903225,78.20136852394917
21.45767389400862,15.421938224320698,-0.3963623046875,0.6634521484375,0.21923828125,0.59552001953125,2.680645161290322,81.23167155425219,2.8,84.84848484848484,2.5999999999999996,78.78787878787878
21.477750307996757,15.421938224320698,-0.3963623046875,0.6634521484375,0.21923828125,0.59552001953125,2.693548387096774,81.62267839687193,2.806451612903226,85.04398826979474,2.5774193548387094,78.10361681329422
21.497802400030196,15.210986829229924,-0.3941650390625,0.66473388671875,0.2205810546875,0.59503173828125,2.680645161290322,81.23167155425219,2.770967741935484,83.96871945259042,2.6129032258064515,79.17888563049853
21.51788179005962,15.210986829229924,-0.3941650390625,0.66473388671875,0.2205810546875,0.59503173828125,2.680645161290322,81.23167155425219,2.7870967741935484,84.4574780058651,2.6096774193548384,79.0811339198436
21.537950875004753,14.942831857831266,-0.39239501953125,0.66546630859375,0.2225341796875,0.5947265625,2.661290322580645,80.64516129032258,2.796774193548387,84.75073313782991,2.5774193548387094,78.10361681329422
21.558005752041936,14.942831857831266,-0.39239501953125,0.66546630859375,0.2225341796875,0.5947265625,2.6774193548387095,81.13391984359725,2.8096774193548386,85.14173998044966,2.5806451612903225,78.20136852394917
21.578115734970197,14.942831857831266,-0.39239501953125,0.66546630859375,0.2225341796875,0.5947265625,2.687096774193548,81.42717497556205,2.8225806451612905,85.53274682306942,2.5999999999999996,78.78787878787878
21.598157298984006,14.801120621055034,-0.39190673828125,0.66546630859375,0.2242431640625,0.5943603515625,2.6741935483870964,81.03616813294232,2.835483870967742,85.92375366568915,2.6064516129032254,78.98338220918865
21.61822398402728,14.801120621055034,-0.39190673828125,0.66546630859375,0.2242431640625,0.5943603515625,2.6354838709677417,79.86314760508309,2.8096774193548386,85.14173998044966,2.5806451612903225,78.20136852394917
21.638290574075654,14.691460349342904,-0.39105224609375,0.6658935546875,0.22491455078125,0.59423828125,2.7064516129032254,82.01368523949168,2.7838709677419353,84.35972629521017,2.6129032258064515,79.17888563049853
21.658344939001836,14.691460349342904,-0.39105224609375,0.6658935546875,0.22491455078125,0.59423828125,2.6032258064516127,78.88563049853371,2.8129032258064517,85.23949169110459,2.5806451612903225,78.20136852394917
21.67842243995983,14.691460349342904,-0.39105224609375,0.6658935546875,0.22491455078125,0.59423828125,2.661290322580645,80.64516129032258,2.825806451612903,85.63049853372434,2.593548387096774,78.59237536656892
21.698479301063344,14.660145134209671,-0.389892578125,0.6666259765625,0.224853515625,0.5941162109375,2.680645161290322,81.23167155425219,2.835483870967742,85.92375366568915,2.564516129032258,77.71260997067448
21.71856592304539,14.660145134209671,-0.389892578125,0.6666259765625,0.224853515625,0.5941162109375,2.6677419354838707,80.84066471163244,2.8161290322580643,85.33724340175954,2.564516129032258,77.71260997067448
21.738632736029103,14.676910314563898,-0.39031982421875,0.6671142578125,0.22564697265625,0.593017578125,2.6677419354838707,80.84066471163244,2.7838709677419353,84.35972629521017,2.5999999999999996,78.78787878787878
21.75868668500334,14.676910314563898,-0.39031982421875,0.6671142578125,0.22564697265625,0.593017578125,2.629032258064516,79.6676441837732,2.838709677419355,86.0215053763441,2.593548387096774,78.59237536656892
21.778793595032766,14.676910314563898,-0.39031982421875,0.6671142578125,0.22564697265625,0.593017578125,2.6516129032258062,80.35190615835776,2.8129032258064517,85.23949169110459,2.6032258064516127,78.88563049853371
21.79885685699992,14.786552334580463,-0.392333984375,0.6668701171875,0.22662353515625,0.59161376953125,2.629032258064516,79.6676441837732,2.7838709677419353,84.35972629521017,2.6064516129032254,78.98338220918865
21.819155900971964,14.786552334580463,-0.392333984375,0.6668701171875,0.22662353515625,0.59161376953125,2.62258064516129,79.47214076246333,2.829032258064516,85.72825024437928,2.629032258064516,79.6676441837732
21.839213786064647,14.892065194733448,-0.394287109375,0.66650390625,0.22772216796875,0.59027099609375,2.658064516129032,80.54740957966764,2.835483870967742,85.92375366568915,2.5999999999999996,78.78787878787878
21.85931339999661,14.892065194733448,-0.394287109375,0.66650390625,0.22772216796875,0.59027099609375,2.6032258064516127,78.88563049853371,2.8161290322580643,85.33724340175954,2.5774193548387094,78.10361681329422
21.87937925301958,14.892065194733448,-0.394287109375,0.66650390625,0.22772216796875,0.59027099609375,2.6677419354838707,80.84066471163244,2.835483870967742,85.92375366568915,2.5774193548387094,78.10361681329422
21.89945089898538,14.933660784569867,-0.39678955078125,0.66522216796875,0.2294921875,0.58935546875,2.658064516129032,80.54740957966764,2.8096774193548386,85.14173998044966,2.616129032258064,79.27663734115346
21.919521647971123,14.933660784569867,-0.39678955078125,0.66522216796875,0.2294921875,0.58935546875,2.6709677419354834,80.93841642228737,2.8096774193548386,85.14173998044966,2.6064516129032254,78.98338220918865
21.93957278097514,14.841078819143561,-0.3984375,0.66326904296875,0.23114013671875,0.58984375,2.658064516129032,80.54740957966764,2.8161290322580643,85.33724340175954,2.6193548387096772,79.37438905180841
21.959741580998525,14.841078819143561,-0.3984375,0.66326904296875,0.23114013671875,0.58984375,2.6354838709677417,79.86314760508309,2.806451612903226,85.04398826979474,2.6322580645161286,79.76539589442815
21.979770792997442,14.841078819143561,-0.3984375,0.66326904296875,0.23114013671875,0.58984375,2.7064516129032254,82.01368523949168,2.8161290322580643,85.33724340175954,2.625806451612903,79.56989247311827
21.999887016019784,14.681755155873404,-0.3988037109375,0.66180419921875,0.232666015625,0.59063720703125,2.7064516129032254,82.01368523949168,2.803225806451613,84.94623655913979,2.625806451612903,79.56989247311827
22.019931877031922,14.681755155873404,-0.3988037109375,0.66180419921875,0.232666015625,0.59063720703125,2.6032258064516127,78.88563049853371,2.8129032258064517,85.23949169110459,2.6193548387096772,79.37438905180841
22.04000589007046,14.603058584544101,-0.398193359375,0.66180419921875,0.233154296875,0.5908203125,2.680645161290322,81.23167155425219,2.829032258064516,85.72825024437928,2.6064516129032254,78.98338220918865
22.06009267200716,14.603058584544101,-0.398193359375,0.66180419921875,0.233154296875,0.5908203125,2.680645161290322,81.23167155425219,2.835483870967742,85.92375366568915,2.6193548387096772,79.37438905180841
22.080185565981083,14.603058584544101,-0.398193359375,0.66180419921875,0.233154296875,0.5908203125,2.658064516129032,80.54740957966764,2.770967741935484,83.96871945259042,2.6193548387096772,79.37438905180841
22.100190232973546,14.502933358971461,-0.39703369140625,0.66241455078125,0.2332763671875,0.5909423828125,2.658064516129032,80.54740957966764,2.8225806451612905,85.53274682306942,2.590322580645161,78.49462365591397
22.120273718959652,14.502933358971461,-0.39703369140625,0.66241455078125,0.2332763671875,0.5909423828125,2.6645161290322577,80.74291300097751,2.832258064516129,85.82600195503422,2.6129032258064515,79.17888563049853
22.144160200026818,14.44442274430827,-0.396240234375,0.66278076171875,0.23382568359375,0.59075927734375,2.680645161290322,81.23167155425219,2.7903225806451615,84.55522971652005,2.6193548387096772,79.37438905180841
22.16041601798497,14.44442274430827,-0.396240234375,0.66278076171875,0.23382568359375,0.59075927734375,2.680645161290322,81.23167155425219,2.7838709677419353,84.35972629521017,2.6193548387096772,79.37438905180841
22.180482286959887,14.44442274430827,-0.396240234375,0.66278076171875,0.23382568359375,0.59075927734375,2.629032258064516,79.6676441837732,2.8193548387096774,85.43499511241447,2.6032258064516127,78.88563049853371
22.20069569698535,14.34106678024655,-0.39544677734375,0.66302490234375,0.2344970703125,0.59075927734375,2.629032258064516,79.6676441837732,2.7870967741935484,84.4574780058651,2.625806451612903,79.56989247311827
22.220672394963913,14.34106678024655,-0.39544677734375,0.66302490234375,0.2344970703125,0.59075927734375,2.661290322580645,80.64516129032258,2.8161290322580643,85.33724340175954,2.680645161290322,81.23167155425219
22.240706503973342,14.232971341543347,-0.395263671875,0.6630859375,0.2357177734375,0.59039306640625,2.658064516129032,80.54740957966764,2.803225806451613,84.94623655913979,2.616129032258064,79.27663734115346
22.26077014906332,14.232971341543347,-0.395263671875,0.6630859375,0.2357177734375,0.59039306640625,2.629032258064516,79.6676441837732,2.7903225806451615,84.55522971652005,2.6129032258064515,79.17888563049853
22.28082909004297,14.232971341543347,-0.395263671875,0.6630859375,0.2357177734375,0.59039306640625,2.6677419354838707,80.84066471163244,2.770967741935484,83.96871945259042,2.629032258064516,79.6676441837732
22.300913344020955,14.204110290416395,-0.395263671875,0.6632080078125,0.23651123046875,0.58990478515625,2.6032258064516127,78.88563049853371,2.8,84.84848484848484,2.6064516129032254,78.98338220918865
22.320991037064232,14.204110290416395,-0.395263671875,0.6632080078125,0.23651123046875,0.58990478515625,2.6741935483870964,81.03616813294232,2.796774193548387,84.75073313782991,2.629032258064516,79.6676441837732
22.341029881034046,14.167155071970058,-0.39532470703125,0.6629638671875,0.23724365234375,0.58978271484375,2.6774193548387095,81.13391984359725,2.806451612903226,85.04398826979474,2.629032258064516,79.6676441837732
22.36109291901812,14.167155071970058,-0.39532470703125,0.6629638671875,0.23724365234375,0.58978271484375,2.6645161290322577,80.74291300097751,2.8096774193548386,85.14173998044966,2.616129032258064,79.27663734115346
22.38115889998153,14.167155071970058,-0.39532470703125,0.6629638671875,0.23724365234375,0.58978271484375,2.654838709677419,80.4496578690127,2.8225806451612905,85.53274682306942,2.625806451612903,79.56989247311827
22.401290707057342,14.153219468451724,-0.39556884765625,0.66290283203125,0.23736572265625,0.5897216796875,2.658064516129032,80.54740957966764,2.8193548387096774,85.43499511241447,2.590322580645161,78.49462365591397
22.4213115030434,14.153219468451724,-0.39556884765625,0.66290283203125,0.23736572265625,0.5897216796875,2.6354838709677417,79.86314760508309,2.8096774193548386,85.14173998044966,2.596774193548387,78.69012707722385
22.441375212045386,14.172506919578268,-0.3951416015625,0.6632080078125,0.23675537109375,0.58990478515625,2.658064516129032,80.54740957966764,2.796774193548387,84.75073313782991,2.590322580645161,78.49462365591397
22.461440328974277,14.172506919578268,-0.3951416015625,0.6632080078125,0.23675537109375,0.58990478515625,2.661290322580645,80.64516129032258,2.806451612903226,85.04398826979474,2.616129032258064,79.27663734115346
22.481493350001983,14.172506919578268,-0.3951416015625,0.6632080078125,0.23675537109375,0.58990478515625,2.629032258064516,79.6676441837732,2.803225806451613,84.94623655913979,2.6032258064516127,78.88563049853371
22.50158163602464,14.153874145765073,-0.39453125,0.66357421875,0.236572265625,0.5899658203125,2.6645161290322577,80.74291300097751,2.806451612903226,85.04398826979474,2.6032258064516127,78.88563049853371
22.521647233050317,14.153874145765073,-0.39453125,0.66357421875,0.236572265625,0.5899658203125,2.6774193548387095,81.13391984359725,2.8096774193548386,85.14173998044966,2.6193548387096772,79.37438905180841
22.54171043005772,14.149144089770303,-0.39483642578125,0.66351318359375,0.23712158203125,0.589599609375,2.6709677419354834,80.93841642228737,2.7870967741935484,84.4574780058651,2.5774193548387094,78.10361681329422
22.561784059973434,14.149144089770303,-0.39483642578125,0.66351318359375,0.23712158203125,0.589599609375,2.6741935483870964,81.03616813294232,2.829032258064516,85.72825024437928,2.6193548387096772,79.37438905180841
22.5818430010695,14.149144089770303,-0.39483642578125,0.66351318359375,0.23712158203125,0.589599609375,2.658064516129032,80.54740957966764,2.7870967741935484,84.4574780058651,2.62258064516129,79.47214076246333
22.60195445502177,14.144314656962848,-0.3948974609375,0.6634521484375,0.2373046875,0.58953857421875,2.6354838709677417,79.86314760508309,2.770967741935484,83.96871945259042,2.629032258064516,79.6676441837732
22.621990452054888,14.144314656962848,-0.3948974609375,0.6634521484375,0.2373046875,0.58953857421875,2.6709677419354834,80.93841642228737,2.825806451612903,85.63049853372434,2.6064516129032254,78.98338220918865
22.642073680995964,14.156883534023237,-0.3948974609375,0.6636962890625,0.23748779296875,0.58917236328125,2.680645161290322,81.23167155425219,2.8225806451612905,85.53274682306942,2.6096774193548384,79.0811339198436
22.662117230007425,14.156883534023237,-0.3948974609375,0.6636962890625,0.23748779296875,0.58917236328125,2.7064516129032254,82.01368523949168,2.8161290322580643,85.33724340175954,2.6709677419354834,80.93841642228737
22.68218986701686,14.156883534023237,-0.3948974609375,0.6636962890625,0.23748779296875,0.58917236328125,2.629032258064516,79.6676441837732,2.8225806451612905,85.53274682306942,2.6032258064516127,78.88563049853371
22.702269961009733,14.17991846135645,-0.395263671875,0.66387939453125,0.23779296875,0.588623046875,2.680645161290322,81.23167155425219,2.7838709677419353,84.35972629521017,2.6193548387096772,79.37438905180841
22.722346822964028,14.17991846135645,-0.395263671875,0.66387939453125,0.23779296875,0.588623046875,2.6709677419354834,80.93841642228737,2.832258064516129,85.82600195503422,2.593548387096774,78.59237536656892
22.742402308038436,14.272622130144484,-0.3961181640625,0.6639404296875,0.2379150390625,0.587890625,2.693548387096774,81.62267839687193,2.7838709677419353,84.35972629521017,2.6354838709677417,79.86314760508309
22.762474113027565,14.272622130144484,-0.3961181640625,0.6639404296875,0.2379150390625,0.587890625,2.6419354838709674,80.05865102639295,2.796774193548387,84.75073313782991,2.616129032258064,79.27663734115346
22.782555839046836,14.272622130144484,-0.3961181640625,0.6639404296875,0.2379150390625,0.587890625,2.6741935483870964,81.03616813294232,2.861290322580645,86.70576735092864,2.625806451612903,79.56989247311827
22.80263702000957,14.390358909355015,-0.397705078125,0.66351318359375,0.23797607421875,0.5872802734375,2.7064516129032254,82.01368523949168,2.7870967741935484,84.4574780058651,2.625806451612903,79.56989247311827
22.82267269701697,14.390358909355015,-0.397705078125,0.66351318359375,0.23797607421875,0.5872802734375,2.6419354838709674,80.05865102639295,2.806451612903226,85.04398826979474,2.6032258064516127,78.88563049853371
22.8427359580528,14.556847838103153,-0.3997802734375,0.6629638671875,0.23785400390625,0.5865478515625,2.693548387096774,81.62267839687193,2.793548387096774,84.65298142717498,2.6354838709677417,79.86314760508309
22.862837844062597,14.556847838103153,-0.3997802734375,0.6629638671875,0.23785400390625,0.5865478515625,2.6741935483870964,81.03616813294232,2.7903225806451615,84.55522971652005,2.629032258064516,79.6676441837732
22.882899121032096,14.556847838103153,-0.3997802734375,0.6629638671875,0.23785400390625,0.5865478515625,2.6838709677419352,81.32942326490713,2.8096774193548386,85.14173998044966,2.5774193548387094,78.10361681329422
22.90294817404356,14.806243104827146,-0.4029541015625,0.66204833984375,0.237548828125,0.5855712890625,2.6354838709677417,79.86314760508309,2.793548387096774,84.65298142717498,2.62258064516129,79.47214076246333
22.923009418998845,14.806243104827146,-0.4029541015625,0.66204833984375,0.237548828125,0.5855712890625,2.6709677419354834,80.93841642228737,2.7322580645161287,82.79569892473117,2.6419354838709674,80.05865102639295
22.943070536013693,15.15102165937364,-0.40704345703125,0.66021728515625,0.236083984375,0.58544921875,2.6741935483870964,81.03616813294232,2.761290322580645,83.67546432062561,2.6387096774193544,79.960899315738
22.963145093992352,15.15102165937364,-0.40704345703125,0.66021728515625,0.236083984375,0.58544921875,2.680645161290322,81.23167155425219,2.7516129032258063,83.38220918866081,2.616129032258064,79.27663734115346
22.98322806705255,15.15102165937364,-0.40704345703125,0.66021728515625,0.236083984375,0.58544921875,2.658064516129032,80.54740957966764,2.7483870967741932,83.28445747800586,2.616129032258064,79.27663734115346
23.003323329030536,15.723792401341171,-0.41357421875,0.65704345703125,0.23382568359375,0.5853271484375,2.629032258064516,79.6676441837732,2.770967741935484,83.96871945259042,2.5774193548387094,78.10361681329422
23.023344637011178,15.723792401341171,-0.41357421875,0.65704345703125,0.23382568359375,0.5853271484375,2.658064516129032,80.54740957966764,2.7580645161290325,83.57771260997069,2.583870967741935,78.2991202346041
23.04341474699322,16.34963892338037,-0.42108154296875,0.653076171875,0.23187255859375,0.58514404296875,2.6999999999999997,81.81818181818181,2.693548387096774,81.62267839687193,2.648387096774193,80.25415444770283
23.063483512029052,16.34963892338037,-0.42108154296875,0.653076171875,0.23187255859375,0.58514404296875,2.6354838709677417,79.86314760508309,2.7161290322580642,82.30694037145649,2.6419354838709674,80.05865102639295
23.08354219701141,16.34963892338037,-0.42108154296875,0.653076171875,0.23187255859375,0.58514404296875,2.629032258064516,79.6676441837732,2.725806451612903,82.6001955034213,2.587096774193548,78.39687194525904
23.103615505970083,17.08848767897345,-0.42877197265625,0.6490478515625,0.228515625,0.58538818359375,2.6709677419354834,80.93841642228737,2.7096774193548385,82.11143695014663,2.6064516129032254,78.98338220918865
23.12369492801372,17.08848767897345,-0.42877197265625,0.6490478515625,0.228515625,0.58538818359375,2.6645161290322577,80.74291300097751,2.712903225806451,82.20918866080156,2.564516129032258,77.71260997067448
23.143709099967964,18.017385274658892,-0.43609619140625,0.64532470703125,0.2225341796875,0.58642578125,2.693548387096774,81.62267839687193,2.7032258064516124,81.91593352883673,2.593548387096774,78.59237536656892
23.16376189701259,18.017385274658892,-0.43609619140625,0.64532470703125,0.2225341796875,0.58642578125,2.690322580645161,81.524926686217,2.6838709677419352,81.32942326490713,2.5806451612903225,78.20136852394917
23.18385066196788,18.017385274658892,-0.43609619140625,0.64532470703125,0.2225341796875,0.58642578125,2.6645161290322577,80.74291300097751,2.6967741935483867,81.72043010752688,2.5806451612903225,78.20136852394917
23.203936452046037,19.136674884913702,-0.44329833984375,0.641357421875,0.2142333984375,0.58843994140625,2.680645161290322,81.23167155425219,2.6677419354838707,80.84066471163244,2.590322580645161,78.49462365591397
23.223981440998614,19.136674884913702,-0.44329833984375,0.641357421875,0.2142333984375,0.58843994140625,2.661290322580645,80.64516129032258,2.6967741935483867,81.72043010752688,2.6096774193548384,79.0811339198436
23.2440407340182,20.35064253996687,-0.450927734375,0.63690185546875,0.20538330078125,0.59063720703125,2.658064516129032,80.54740957966764,2.6967741935483867,81.72043010752688,2.5774193548387094,78.10361681329422
23.264102939050645,20.35064253996687,-0.450927734375,0.63690185546875,0.20538330078125,0.59063720703125,2.680645161290322,81.23167155425219,2.6838709677419352,81.32942326490713,2.6096774193548384,79.0811339198436
23.28419749706518,20.35064253996687,-0.450927734375,0.63690185546875,0.20538330078125,0.59063720703125,2.680645161290322,81.23167155425219,2.680645161290322,81.23167155425219,2.5999999999999996,78.78787878787878
23.304240758065134,21.678316419727537,-0.458984375,0.63201904296875,0.19598388671875,0.59283447265625,2.658064516129032,80.54740957966764,2.7064516129032254,82.01368523949168,2.5774193548387094,78.10361681329422
23.324300243053585,21.678316419727537,-0.458984375,0.63201904296875,0.19598388671875,0.59283447265625,2.658064516129032,80.54740957966764,2.693548387096774,81.62267839687193,2.593548387096774,78.59237536656892
23.34436430397909,23.13333563199403,-0.4677734375,0.62652587890625,0.18597412109375,0.59503173828125,2.661290322580645,80.64516129032258,2.6677419354838707,80.84066471163244,2.616129032258064,79.27663734115346
23.364457037998363,23.13333563199403,-0.4677734375,0.62652587890625,0.18597412109375,0.59503173828125,2.661290322580645,80.64516129032258,2.6419354838709674,80.05865102639295,2.6032258064516127,78.88563049853371
23.384520426974632,23.13333563199403,-0.4677734375,0.62652587890625,0.18597412109375,0.59503173828125,2.6516129032258062,80.35190615835776,2.6677419354838707,80.84066471163244,2.6032258064516127,78.88563049853371
23.404621736961417,24.698398572652692,-0.47686767578125,0.62078857421875,0.17535400390625,0.5970458984375,2.658064516129032,80.54740957966764,2.6741935483870964,81.03616813294232,2.6064516129032254,78.98338220918865
23.424663429963402,24.698398572652692,-0.47686767578125,0.62078857421875,0.17535400390625,0.5970458984375,2.6032258064516127,78.88563049853371,2.680645161290322,81.23167155425219,2.5999999999999996,78.78787878787878
23.444709411007352,26.620018060003652,-0.48748779296875,0.613525390625,0.1622314453125,0.59967041015625,2.6322580645161286,79.76539589442815,2.6645161290322577,80.74291300097751,2.5774193548387094,78.10361681329422
23.464785855961964,26.620018060003652,-0.48748779296875,0.613525390625,0.1622314453125,0.59967041015625,2.654838709677419,80.4496578690127,2.680645161290322,81.23167155425219,2.5774193548387094,78.10361681329422
23.484889053972438,26.620018060003652,-0.48748779296875,0.613525390625,0.1622314453125,0.59967041015625,2.629032258064516,79.6676441837732,2.6709677419354834,80.93841642228737,2.654838709677419,80.4496578690127
23.504967611981556,28.551030815100845,-0.4971923828125,0.60638427734375,0.1485595703125,0.60247802734375,2.658064516129032,80.54740957966764,2.690322580645161,81.524926686217,2.6129032258064515,79.17888563049853
23.524999768007547,28.551030815100845,-0.4971923828125,0.60638427734375,0.1485595703125,0.60247802734375,2.6677419354838707,80.84066471163244,2.658064516129032,80.54740957966764,2.616129032258064,79.27663734115346
23.545067733968608,30.616544453777585,-0.50811767578125,0.59771728515625,0.13482666015625,0.60528564453125,2.6032258064516127,78.88563049853371,2.687096774193548,81.42717497556205,2.5999999999999996,78.78787878787878
23.56513729901053,30.616544453777585,-0.50811767578125,0.59771728515625,0.13482666015625,0.60528564453125,2.680645161290322,81.23167155425219,2.658064516129032,80.54740957966764,2.583870967741935,78.2991202346041
23.585231792996638,30.616544453777585,-0.50811767578125,0.59771728515625,0.13482666015625,0.60528564453125,2.6387096774193544,79.960899315738,2.719354838709677,82.40469208211142,2.62258064516129,79.47214076246333
23.605311118997633,32.8133680323301,-0.519287109375,0.58819580078125,0.12030029296875,0.60821533203125,2.680645161290322,81.23167155425219,2.6838709677419352,81.32942326490713,2.6032258064516127,78.88563049853371
23.625347594963387,32.8133680323301,-0.519287109375,0.58819580078125,0.12030029296875,0.60821533203125,2.6451612903225805,80.1564027370479,2.6838709677419352,81.32942326490713,2.6064516129032254,78.98338220918865
23.645416264072992,35.209025543808224,-0.53057861328125,0.578125,0.10418701171875,0.61102294921875,2.6419354838709674,80.05865102639295,2.6838709677419352,81.32942326490713,2.6096774193548384,79.0811339198436
23.665479621035047,35.209025543808224,-0.53057861328125,0.578125,0.10418701171875,0.61102294921875,2.6451612903225805,80.1564027370479,2.7064516129032254,82.01368523949168,2.616129032258064,79.27663734115346
23.685553699033335,35.209025543808224,-0.53057861328125,0.578125,0.10418701171875,0.61102294921875,2.6032258064516127,78.88563049853371,2.6967741935483867,81.72043010752688,2.629032258064516,79.6676441837732
23.705655521014705,37.75369971149567,-0.5426025390625,0.56744384765625,0.08734130859375,0.6131591796875,2.6709677419354834,80.93841642228737,2.654838709677419,80.4496578690127,2.6064516129032254,78.98338220918865
23.725681693060324,37.75369971149567,-0.5426025390625,0.56744384765625,0.08734130859375,0.6131591796875,2.6516129032258062,80.35190615835776,2.7322580645161287,82.79569892473117,2.6064516129032254,78.98338220918865
23.745759099023417,40.46875811769646,-0.5552978515625,0.555908203125,0.0697021484375,0.6146240234375,2.6516129032258062,80.35190615835776,2.693548387096774,81.62267839687193,2.616129032258064,79.27663734115346
23.765827191993594,40.46875811769646,-0.5552978515625,0.555908203125,0.0697021484375,0.6146240234375,2.6451612903225805,80.1564027370479,2.7064516129032254,82.01368523949168,2.593548387096774,78.59237536656892
23.785928886034526,40.46875811769646,-0.5552978515625,0.555908203125,0.0697021484375,0.6146240234375,2.6451612903225805,80.1564027370479,2.6709677419354834,80.93841642228737,2.6064516129032254,78.98338220918865
23.805990163004026,43.25876384220454,-0.56805419921875,0.54412841796875,0.05169677734375,0.615234375,2.6741935483870964,81.03616813294232,2.693548387096774,81.62267839687193,2.6064516129032254,78.98338220918865
23.82605755305849,43.25876384220454,-0.56805419921875,0.54412841796875,0.05169677734375,0.615234375,2.6451612903225805,80.1564027370479,2.6516129032258062,80.35190615835776,2.583870967741935,78.2991202346041
23.846187088056467,46.04082561488878,-0.58074951171875,0.531982421875,0.0340576171875,0.615234375,2.6096774193548384,79.0811339198436,2.654838709677419,80.4496578690127,2.629032258064516,79.6676441837732
23.866335632046685,46.04082561488878,-0.58074951171875,0.531982421875,0.0340576171875,0.615234375,2.6451612903225805,80.1564027370479,2.6741935483870964,81.03616813294232,2.625806451612903,79.56989247311827
23.88636382005643,46.04082561488878,-0.58074951171875,0.531982421875,0.0340576171875,0.615234375,2.6741935483870964,81.03616813294232,2.661290322580645,80.64516129032258,2.629032258064516,79.6676441837732
23.906445097061805,48.727767974546005,-0.592529296875,0.5203857421875,0.01678466796875,0.61468505859375,2.5774193548387094,78.10361681329422,2.6322580645161286,79.76539589442815,2.625806451612903,79.56989247311827
23.926521767047234,48.727767974546005,-0.592529296875,0.5203857421875,0.01678466796875,0.61468505859375,2.6032258064516127,78.88563049853371,2.5774193548387094,78.10361681329422,2.6064516129032254,78.98338220918865
23.946706856018864,51.356132842153386,-0.60321044921875,0.5087890625,-0.00042724609375,0.61419677734375,2.654838709677419,80.4496578690127,2.587096774193548,78.39687194525904,2.6129032258064515,79.17888563049853
23.966729187988676,51.356132842153386,-0.60321044921875,0.5087890625,-0.00042724609375,0.61419677734375,2.6322580645161286,79.76539589442815,2.648387096774193,80.25415444770283,2.62258064516129,79.47214076246333
23.986828961991705,51.356132842153386,-0.60321044921875,0.5087890625,-0.00042724609375,0.61419677734375,2.625806451612903,79.56989247311827,2.6096774193548384,79.0811339198436,2.6064516129032254,78.98338220918865
24.006989186047576,53.91815689659076,-0.61358642578125,0.49713134765625,-0.0169677734375,0.61328125,2.661290322580645,80.64516129032258,2.6129032258064515,79.17888563049853,2.62258064516129,79.47214076246333
24.027036543004215,53.91815689659076,-0.61358642578125,0.49713134765625,-0.0169677734375,0.61328125,2.6064516129032254,78.98338220918865,2.6193548387096772,79.37438905180841,2.616129032258064,79.27663734115346
24.047143805073574,56.330458887353565,-0.62298583984375,0.485595703125,-0.03240966796875,0.6124267578125,2.62258064516129,79.47214076246333,2.6354838709677417,79.86314760508309,2.5999999999999996,78.78787878787878
24.067261020070873,56.330458887353565,-0.62298583984375,0.485595703125,-0.03240966796875,0.6124267578125,2.625806451612903,79.56989247311827,2.6064516129032254,78.98338220918865,2.648387096774193,80.25415444770283
24.087316281045787,56.330458887353565,-0.62298583984375,0.485595703125,-0.03240966796875,0.6124267578125,2.6129032258064515,79.17888563049853,2.5741935483870964,78.00586510263928,2.616129032258064,79.27663734115346
24.107370389974676,58.7181521074248,-0.63201904296875,0.474365234375,-0.0477294921875,0.61090087890625,2.6193548387096772,79.37438905180841,2.561290322580645,77.61485826001955,2.629032258064516,79.6676441837732
24.12743249896448,58.7181521074248,-0.63201904296875,0.474365234375,-0.0477294921875,0.61090087890625,2.6387096774193544,79.960899315738,2.5129032258064514,76.1485826001955,2.5999999999999996,78.78787878787878
24.147525585023686,61.09248488075622,-0.6407470703125,0.46331787109375,-0.0631103515625,0.60894775390625,2.654838709677419,80.4496578690127,2.529032258064516,76.63734115347019,2.629032258064516,79.6676441837732
24.167567820986733,61.09248488075622,-0.6407470703125,0.46331787109375,-0.0631103515625,0.60894775390625,2.62258064516129,79.47214076246333,2.5774193548387094,78.10361681329422,2.5806451612903225,78.20136852394917
24.187649579020217,61.09248488075622,-0.6407470703125,0.46331787109375,-0.0631103515625,0.60894775390625,2.587096774193548,78.39687194525904,2.525806451612903,76.53958944281524,2.596774193548387,78.69012707722385
24.207748585031368,63.357278934703956,-0.6494140625,0.4530029296875,-0.077392578125,0.60589599609375,2.625806451612903,79.56989247311827,2.551612903225806,77.32160312805473,2.593548387096774,78.59237536656892
24.227765989024192,63.357278934703956,-0.6494140625,0.4530029296875,-0.077392578125,0.60589599609375,2.616129032258064,79.27663734115346,2.5096774193548383,76.05083088954055,2.616129032258064,79.27663734115346
24.247828962048516,65.62672178975842,-0.6575927734375,0.4432373046875,-0.09210205078125,0.6021728515625,2.5774193548387094,78.10361681329422,2.4774193548387093,75.07331378299119,2.6096774193548384,79.0811339198436
24.267903520027176,65.62672178975842,-0.6575927734375,0.4432373046875,-0.09210205078125,0.6021728515625,2.629032258064516,79.6676441837732,2.4774193548387093,75.07331378299119,2.6129032258064515,79.17888563049853
24.287969053024426,65.62672178975842,-0.6575927734375,0.4432373046875,-0.09210205078125,0.6021728515625,2.6032258064516127,78.88563049853371,2.464516129032258,74.68230694037146,2.62258064516129,79.47214076246333
24.30804437806364,67.88074114049692,-0.66522216796875,0.433837890625,-0.10711669921875,0.59820556640625,2.5677419354838706,77.81036168132943,2.490322580645161,75.46432062561095,2.5806451612903225,78.20136852394917
24.328107192064635,67.88074114049692,-0.66522216796875,0.433837890625,-0.10711669921875,0.59820556640625,2.564516129032258,77.71260997067448,2.4709677419354836,74.87781036168133,2.593548387096774,78.59237536656892
24.353558870963752,70.17629327722847,-0.672607421875,0.42352294921875,-0.1221923828125,0.59442138671875,2.5774193548387094,78.10361681329422,2.445161290322581,74.09579667644185,2.596774193548387,78.69012707722385
24.368257459020242,70.17629327722847,-0.672607421875,0.42352294921875,-0.1221923828125,0.59442138671875,2.5677419354838706,77.81036168132943,2.42258064516129,73.41153470185728,2.6032258064516127,78.88563049853371
24.38831937604118,70.17629327722847,-0.672607421875,0.42352294921875,-0.1221923828125,0.59442138671875,2.5677419354838706,77.81036168132943,2.3967741935483873,72.6295210166178,2.6096774193548384,79.0811339198436
24.40841031796299,72.24153130476718,-0.678955078125,0.41375732421875,-0.1356201171875,0.59112548828125,2.5677419354838706,77.81036168132943,2.370967741935484,71.8475073313783,2.5806451612903225,78.20136852394917
24.428452202002518,72.24153130476718,-0.678955078125,0.41375732421875,-0.1356201171875,0.59112548828125,2.5741935483870964,78.00586510263928,2.4161290322580644,73.21603128054741,2.5999999999999996,78.78787878787878
24.448519592056982,74.2722380568712,-0.68511962890625,0.40460205078125,-0.14892578125,0.587158203125,2.6032258064516127,78.88563049853371,2.4,72.72727272727273,2.593548387096774,78.59237536656892
24.468601157073863,74.2722380568712,-0.68511962890625,0.40460205078125,-0.14892578125,0.587158203125,2.5451612903225804,77.12609970674487,2.370967741935484,71.8475073313783,2.593548387096774,78.59237536656892
24.488662242074497,74.2722380568712,-0.68511962890625,0.40460205078125,-0.14892578125,0.587158203125,2.551612903225806,77.32160312805473,2.370967741935484,71.8475073313783,2.5806451612903225,78.20136852394917
24.508742816047743,76.40492435517777,-0.691162109375,0.39471435546875,-0.16290283203125,0.5830078125,2.5387096774193547,76.93059628543499,2.338709677419355,70.86999022482894,2.596774193548387,78.69012707722385
24.528794844984077,76.40492435517777,-0.691162109375,0.39471435546875,-0.16290283203125,0.5830078125,2.558064516129032,77.5171065493646,2.370967741935484,71.8475073313783,2.5806451612903225,78.20136852394917
24.54886597802397,78.29245459105253,-0.69708251953125,0.38568115234375,-0.17462158203125,0.57867431640625,2.487096774193548,75.366568914956,2.361290322580645,71.5542521994135,2.558064516129032,77.5171065493646
24.56897410505917,78.29245459105253,-0.69708251953125,0.38568115234375,-0.17462158203125,0.57867431640625,2.525806451612903,76.53958944281524,2.4161290322580644,73.21603128054741,2.5806451612903225,78.20136852394917
24.589007060974836,78.29245459105253,-0.69708251953125,0.38568115234375,-0.17462158203125,0.57867431640625,2.4741935483870967,74.97556207233626,2.338709677419355,70.86999022482894,2.6032258064516127,78.88563049853371
24.609096819069237,80.14818955303647,-0.7030029296875,0.37738037109375,-0.18609619140625,0.5733642578125,2.5161290322580645,76.24633431085044,2.370967741935484,71.8475073313783,2.587096774193548,78.39687194525904
24.62916747201234,80.14818955303647,-0.7030029296875,0.37738037109375,-0.18609619140625,0.5733642578125,2.4806451612903224,75.17106549364614,2.325806451612903,70.4789833822092,2.587096774193548,78.39687194525904
24.649228877038695,81.96947238542353,-0.70758056640625,0.37066650390625,-0.19873046875,0.56781005859375,2.525806451612903,76.53958944281524,2.3193548387096774,70.28347996089931,2.596774193548387,78.69012707722385
24.669294891064055,81.96947238542353,-0.70758056640625,0.37066650390625,-0.19873046875,0.56781005859375,2.4774193548387093,75.07331378299119,2.3419354838709676,70.96774193548387,2.6096774193548384,79.0811339198436
24.689355176058598,81.96947238542353,-0.70758056640625,0.37066650390625,-0.19873046875,0.56781005859375,2.496774193548387,75.65982404692082,2.3129032258064517,70.08797653958945,2.593548387096774,78.59237536656892
24.709425701061264,84.02245249712949,-0.7125244140625,0.36224365234375,-0.212646484375,0.56201171875,2.4838709677419355,75.26881720430107,2.3096774193548386,69.99022482893452,2.558064516129032,77.5171065493646
24.7294922900619,84.02245249712949,-0.7125244140625,0.36224365234375,-0.212646484375,0.56201171875,2.4838709677419355,75.26881720430107,2.3000000000000003,69.69696969696972,2.5806451612903225,78.20136852394917
24.74962553801015,85.96768788765011,-0.7178955078125,0.35369873046875,-0.224853515625,0.5557861328125,2.493548387096774,75.56207233626587,2.3193548387096774,70.28347996089931,2.587096774193548,78.39687194525904
24.76971407898236,85.96768788765011,-0.7178955078125,0.35369873046875,-0.224853515625,0.5557861328125,2.4774193548387093,75.07331378299119,2.306451612903226,69.89247311827957,2.525806451612903,76.53958944281524
24.789714970975183,85.96768788765011,-0.7178955078125,0.35369873046875,-0.224853515625,0.5557861328125,2.467741935483871,74.7800586510264,2.303225806451613,69.79472140762464,2.5806451612903225,78.20136852394917
24.809837177977897,87.77282695405827,-0.72283935546875,0.34576416015625,-0.236083984375,0.54974365234375,2.4516129032258065,74.29130009775172,2.325806451612903,70.4789833822092,2.5806451612903225,78.20136852394917
24.82983902900014,87.77282695405827,-0.72283935546875,0.34576416015625,-0.236083984375,0.54974365234375,2.467741935483871,74.7800586510264,2.274193548387097,68.91495601173021,2.583870967741935,78.2991202346041
24.849927539005876,89.91468364866228,-0.7283935546875,0.33697509765625,-0.2496337890625,0.54180908203125,2.432258064516129,73.70478983382209,2.293548387096774,69.50146627565982,2.5999999999999996,78.78787878787878
24.86999476805795,89.91468364866228,-0.7283935546875,0.33697509765625,-0.2496337890625,0.54180908203125,2.42258064516129,73.41153470185728,2.2548387096774194,68.32844574780059,2.5806451612903225,78.20136852394917
24.890056877047755,89.91468364866228,-0.7283935546875,0.33697509765625,-0.2496337890625,0.54180908203125,2.4161290322580644,73.21603128054741,2.2516129032258068,68.23069403714567,2.525806451612903,76.53958944281524
24.910127211012878,92.22118144434485,-0.7342529296875,0.32763671875,-0.26409912109375,0.53271484375,2.4483870967741934,74.19354838709677,2.2096774193548385,66.95992179863147,2.5741935483870964,78.00586510263928
24.930216456996277,92.22118144434485,-0.7342529296875,0.32763671875,-0.26409912109375,0.53271484375,2.370967741935484,71.8475073313783,2.2516129032258068,68.23069403714567,2.5741935483870964,78.00586510263928
24.950289990054443,94.49454484959608,-0.74066162109375,0.31964111328125,-0.2779541015625,0.521484375,2.445161290322581,74.09579667644185,2.2483870967741932,68.1329423264907,2.5774193548387094,78.10361681329422
24.97035949106794,94.49454484959608,-0.74066162109375,0.31964111328125,-0.2779541015625,0.521484375,2.445161290322581,74.09579667644185,2.270967741935484,68.81720430107528,2.5774193548387094,78.10361681329422
24.99042227305472,94.49454484959608,-0.74066162109375,0.31964111328125,-0.2779541015625,0.521484375,2.4161290322580644,73.21603128054741,2.293548387096774,69.50146627565982,2.596774193548387,78.69012707722385
25.010505534010008,96.58809640290077,-0.74700927734375,0.31268310546875,-0.29022216796875,0.5098876953125,2.445161290322581,74.09579667644185,2.270967741935484,68.81720430107528,2.5709677419354837,77.90811339198436
25.03054405900184,96.58809640290077,-0.74700927734375,0.31268310546875,-0.29022216796875,0.5098876953125,2.4161290322580644,73.21603128054741,2.2838709677419358,69.20821114369502,2.551612903225806,77.32160312805473
25.050630233017728,98.64651992588453,-0.75238037109375,0.306640625,-0.30291748046875,0.49810791015625,2.4290322580645163,73.60703812316717,2.2903225806451615,69.40371456500489,2.5677419354838706,77.81036168132943
25.070739959017374,98.64651992588453,-0.75238037109375,0.306640625,-0.30291748046875,0.49810791015625,2.464516129032258,74.68230694037146,2.2677419354838713,68.71945259042035,2.5774193548387094,78.10361681329422
25.090776051045395,98.64651992588453,-0.75238037109375,0.306640625,-0.30291748046875,0.49810791015625,2.4419354838709677,73.9980449657869,2.2870967741935484,69.30596285434996,2.5709677419354837,77.90811339198436
25.110838385066018,100.66646509307479,-0.75616455078125,0.301025390625,-0.31640625,0.48736572265625,2.4,72.72727272727273,2.3193548387096774,70.28347996089931,2.551612903225806,77.32160312805473
25.130904013989493,100.66646509307479,-0.75616455078125,0.301025390625,-0.31640625,0.48736572265625,2.412903225806452,73.11827956989248,2.306451612903226,69.89247311827957,2.629032258064516,79.6676441837732
25.150980395032093,102.43111834981535,-0.75885009765625,0.296630859375,-0.32855224609375,0.4776611328125,2.425806451612903,73.50928641251222,2.335483870967742,70.772238514174,2.5741935483870964,78.00586510263928
25.171049481024966,102.43111834981535,-0.75885009765625,0.296630859375,-0.32855224609375,0.4776611328125,2.445161290322581,74.09579667644185,2.3419354838709676,70.96774193548387,2.5774193548387094,78.10361681329422
25.19111741404049,102.43111834981535,-0.75885009765625,0.296630859375,-0.32855224609375,0.4776611328125,2.4612903225806453,74.58455522971653,2.3483870967741938,71.16324535679375,2.5709677419354837,77.90811339198436
25.211209604050964,104.09379207190871,-0.7615966796875,0.29425048828125,-0.34014892578125,0.46661376953125,2.4741935483870967,74.97556207233626,2.370967741935484,71.8475073313783,2.525806451612903,76.53958944281524
25.231256065075286,104.09379207190871,-0.7615966796875,0.29425048828125,-0.34014892578125,0.46661376953125,2.4741935483870967,74.97556207233626,2.3774193548387097,72.04301075268818,2.5774193548387094,78.10361681329422
25.25137132697273,105.65485089317332,-0.764404296875,0.295166015625,-0.35137939453125,0.452880859375,2.5129032258064514,76.1485826001955,2.3741935483870966,71.94525904203324,2.6032258064516127,78.88563049853371
25.271444221027195,105.65485089317332,-0.764404296875,0.295166015625,-0.35137939453125,0.452880859375,2.490322580645161,75.46432062561095,2.4,72.72727272727273,2.5677419354838706,77.81036168132943
25.291477081016637,105.65485089317332,-0.764404296875,0.295166015625,-0.35137939453125,0.452880859375,2.5032258064516126,75.8553274682307,2.393548387096774,72.53176930596285,2.587096774193548,78.39687194525904
25.31155560701154,107.21812840291233,-0.76702880859375,0.29534912109375,-0.36224365234375,0.43963623046875,2.5032258064516126,75.8553274682307,2.3741935483870966,71.94525904203324,2.583870967741935,78.2991202346041
25.331636436050758,107.21812840291233,-0.76702880859375,0.29534912109375,-0.36224365234375,0.43963623046875,2.5032258064516126,75.8553274682307,2.3967741935483873,72.6295210166178,2.5419354838709673,77.02834799608992
25.351726002059877,108.88967838157858,-0.76904296875,0.29437255859375,-0.37384033203125,0.4267578125,2.5032258064516126,75.8553274682307,2.4193548387096775,73.31378299120234,2.5774193548387094,78.10361681329422
25.371769455028698,108.88967838157858,-0.76904296875,0.29437255859375,-0.37384033203125,0.4267578125,2.5032258064516126,75.8553274682307,2.4483870967741934,74.19354838709677,2.551612903225806,77.32160312805473
25.391841163975187,108.88967838157858,-0.76904296875,0.29437255859375,-0.37384033203125,0.4267578125,2.5451612903225804,77.12609970674487,2.4516129032258065,74.29130009775172,2.590322580645161,78.49462365591397
25.411959115066566,110.69943347525042,-0.7703857421875,0.29327392578125,-0.38677978515625,0.41339111328125,2.525806451612903,76.53958944281524,2.4516129032258065,74.29130009775172,2.590322580645161,78.49462365591397
25.432002888061106,110.69943347525042,-0.7703857421875,0.29327392578125,-0.38677978515625,0.41339111328125,2.5,75.75757575757575,2.4741935483870967,74.97556207233626,2.5999999999999996,78.78787878787878
25.452075941022485,112.34749407531399,-0.77166748046875,0.29083251953125,-0.39788818359375,0.40203857421875,2.5,75.75757575757575,2.4838709677419355,75.26881720430107,2.551612903225806,77.32160312805473
25.472124577965587,112.34749407531399,-0.77166748046875,0.29083251953125,-0.39788818359375,0.40203857421875,2.564516129032258,77.71260997067448,2.4612903225806453,74.58455522971653,2.5806451612903225,78.20136852394917
25.492188767064363,112.34749407531399,-0.77166748046875,0.29083251953125,-0.39788818359375,0.40203857421875,2.5419354838709673,77.02834799608992,2.5,75.75757575757575,2.554838709677419,77.41935483870968
25.512250876054168,113.8177876366962,-0.77239990234375,0.289306640625,-0.40802001953125,0.39141845703125,2.564516129032258,77.71260997067448,2.551612903225806,77.32160312805473,2.551612903225806,77.32160312805473
25.53232527396176,113.8177876366962,-0.77239990234375,0.289306640625,-0.40802001953125,0.39141845703125,2.554838709677419,77.41935483870968,2.551612903225806,77.32160312805473,2.554838709677419,77.41935483870968
25.55240344698541,115.17705148039238,-0.77203369140625,0.28802490234375,-0.41815185546875,0.38232421875,2.5774193548387094,78.10361681329422,2.5709677419354837,77.90811339198436,2.590322580645161,78.49462365591397
25.572462675976567,115.17705148039238,-0.77203369140625,0.28802490234375,-0.41815185546875,0.38232421875,2.596774193548387,78.69012707722385,2.5419354838709673,77.02834799608992,2.5774193548387094,78.10361681329422
25.592528690001927,115.17705148039238,-0.77203369140625,0.28802490234375,-0.41815185546875,0.38232421875,2.554838709677419,77.41935483870968,2.558064516129032,77.5171065493646,2.5387096774193547,76.93059628543499
25.61262097605504,116.73164819789604,-0.771728515625,0.2899169921875,-0.4298095703125,0.36834716796875,2.590322580645161,78.49462365591397,2.5741935483870964,78.00586510263928,2.5774193548387094,78.10361681329422
25.63269662100356,116.73164819789604,-0.771728515625,0.2899169921875,-0.4298095703125,0.36834716796875,2.525806451612903,76.53958944281524,2.6064516129032254,78.98338220918865,2.5677419354838706,77.81036168132943
25.652740970021114,118.16503822624017,-0.77081298828125,0.2969970703125,-0.4412841796875,0.35064697265625,2.583870967741935,78.2991202346041,2.6032258064516127,78.88563049853371,2.587096774193548,78.39687194525904
25.67280301498249,118.16503822624017,-0.77081298828125,0.2969970703125,-0.4412841796875,0.35064697265625,2.561290322580645,77.61485826001955,2.6419354838709674,80.05865102639295,2.5806451612903225,78.20136852394917
25.692864996031858,118.16503822624017,-0.77081298828125,0.2969970703125,-0.4412841796875,0.35064697265625,2.5677419354838706,77.81036168132943,2.62258064516129,79.47214076246333,2.564516129032258,77.71260997067448
25.712932609021664,119.138745008847,-0.7694091796875,0.3033447265625,-0.44952392578125,0.33758544921875,2.525806451612903,76.53958944281524,2.6387096774193544,79.960899315738,2.6032258064516127,78.88563049853371
25.733010399038903,119.138745008847,-0.7694091796875,0.3033447265625,-0.44952392578125,0.33758544921875,2.5774193548387094,78.10361681329422,2.6032258064516127,78.88563049853371,2.587096774193548,78.39687194525904
25.753077308065258,120.1279891659834,-0.76776123046875,0.30499267578125,-0.45751953125,0.328857421875,2.583870967741935,78.2991202346041,2.6677419354838707,80.84066471163244,2.583870967741935,78.2991202346041
25.77314738498535,120.1279891659834,-0.76776123046875,0.30499267578125,-0.45751953125,0.328857421875,2.62258064516129,79.47214076246333,2.6387096774193544,79.960899315738,2.590322580645161,78.49462365591397
25.793236694997177,120.1279891659834,-0.76776123046875,0.30499267578125,-0.45751953125,0.328857421875,2.5774193548387094,78.10361681329422,2.6516129032258062,80.35190615835776,2.5999999999999996,78.78787878787878
25.81329995696433,120.98760694548201,-0.7655029296875,0.30377197265625,-0.465087890625,0.3245849609375,2.5677419354838706,77.81036168132943,2.6451612903225805,80.1564027370479,2.551612903225806,77.32160312805473
25.83335176098626,120.98760694548201,-0.7655029296875,0.30377197265625,-0.465087890625,0.3245849609375,2.587096774193548,78.39687194525904,2.625806451612903,79.56989247311827,2.596774193548387,78.69012707722385
25.85345099202823,121.5151602348435,-0.76416015625,0.303466796875,-0.46966552734375,0.3214111328125,2.6032258064516127,78.88563049853371,2.6032258064516127,78.88563049853371,2.593548387096774,78.59237536656892
25.873494219966233,121.5151602348435,-0.76416015625,0.303466796875,-0.46966552734375,0.3214111328125,2.5709677419354837,77.90811339198436,2.6419354838709674,80.05865102639295,2.596774193548387,78.69012707722385
25.89356058498379,121.5151602348435,-0.76416015625,0.303466796875,-0.46966552734375,0.3214111328125,2.596774193548387,78.69012707722385,2.6677419354838707,80.84066471163244,2.558064516129032,77.5171065493646
25.9136607759865,121.81261739780344,-0.76348876953125,0.30523681640625,-0.47222900390625,0.31768798828125,2.583870967741935,78.2991202346041,2.654838709677419,80.4496578690127,2.583870967741935,78.2991202346041
25.93373030901421,121.81261739780344,-0.76348876953125,0.30523681640625,-0.47222900390625,0.31768798828125,2.583870967741935,78.2991202346041,2.661290322580645,80.64516129032258,2.5806451612903225,78.20136852394917
25.953804193995893,121.90820668415361,-0.762451171875,0.30718994140625,-0.473876953125,0.31585693359375,2.629032258064516,79.6676441837732,2.629032258064516,79.6676441837732,2.5999999999999996,78.78787878787878
25.97389612905681,121.90820668415361,-0.762451171875,0.30718994140625,-0.473876953125,0.31585693359375,2.593548387096774,78.59237536656892,2.658064516129032,80.54740957966764,2.62258064516129,79.47214076246333
25.993923197034746,121.90820668415361,-0.762451171875,0.30718994140625,-0.473876953125,0.31585693359375,2.596774193548387,78.69012707722385,2.6677419354838707,80.84066471163244,2.583870967741935,78.2991202346041
26.014020859031007,121.96979756237474,-0.761474609375,0.3084716796875,-0.4752197265625,0.31488037109375,2.5709677419354837,77.90811339198436,2.654838709677419,80.4496578690127,2.62258064516129,79.47214076246333
26.034063991042785,121.96979756237474,-0.761474609375,0.3084716796875,-0.4752197265625,0.31488037109375,2.629032258064516,79.6676441837732,2.658064516129032,80.54740957966764,2.6064516129032254,78.98338220918865
26.054180245962925,122.0300843197316,-0.76092529296875,0.310302734375,-0.47613525390625,0.31298828125,2.593548387096774,78.59237536656892,2.658064516129032,80.54740957966764,2.5806451612903225,78.20136852394917
26.074219794012606,122.0300843197316,-0.76092529296875,0.310302734375,-0.47613525390625,0.31298828125,2.5806451612903225,78.20136852394917,2.6709677419354834,80.93841642228737,2.6032258064516127,78.88563049853371
26.094281004043296,122.02756664931636,-0.76031494140625,0.3121337890625,-0.47674560546875,0.311767578125,2.5999999999999996,78.78787878787878,2.6999999999999997,81.81818181818181,2.5806451612903225,78.20136852394917
26.11434442200698,122.02756664931636,-0.76031494140625,0.3121337890625,-0.47674560546875,0.311767578125,2.5999999999999996,78.78787878787878,2.680645161290322,81.23167155425219,2.5806451612903225,78.20136852394917
26.134420096990652,122.02756664931636,-0.76031494140625,0.3121337890625,-0.47674560546875,0.311767578125,2.629032258064516,79.6676441837732,2.6354838709677417,79.86314760508309,2.590322580645161,78.49462365591397
26.154488955973648,122.02520815845122,-0.75970458984375,0.3128662109375,-0.47735595703125,0.3116455078125,2.6096774193548384,79.0811339198436,2.625806451612903,79.56989247311827,2.62258064516129,79.47214076246333
26.174555893987417,122.02520815845122,-0.75970458984375,0.3128662109375,-0.47735595703125,0.3116455078125,2.6032258064516127,78.88563049853371,2.62258064516129,79.47214076246333,2.587096774193548,78.39687194525904
26.194619696005248,122.00700692113718,-0.75897216796875,0.3126220703125,-0.47796630859375,0.31268310546875,2.629032258064516,79.6676441837732,2.6451612903225805,80.1564027370479,2.616129032258064,79.27663734115346
26.214714859961532,122.00700692113718,-0.75897216796875,0.3126220703125,-0.47796630859375,0.31268310546875,2.6096774193548384,79.0811339198436,2.6645161290322577,80.74291300097751,2.5806451612903225,78.20136852394917
26.234802599065006,122.00700692113718,-0.75897216796875,0.3126220703125,-0.47796630859375,0.31268310546875,2.5999999999999996,78.78787878787878,2.654838709677419,80.4496578690127,2.5806451612903225,78.20136852394917
26.254864257061854,121.97737923795263,-0.75823974609375,0.312255859375,-0.478515625,0.31396484375,2.596774193548387,78.69012707722385,2.6387096774193544,79.960899315738,2.5806451612903225,78.20136852394917
26.274957500048913,121.97737923795263,-0.75823974609375,0.312255859375,-0.478515625,0.31396484375,2.6064516129032254,78.98338220918865,2.6451612903225805,80.1564027370479,2.6193548387096772,79.37438905180841
26.294994518044405,121.86530753741131,-0.7572021484375,0.31256103515625,-0.4788818359375,0.31561279296875,2.564516129032258,77.71260997067448,2.658064516129032,80.54740957966764,2.583870967741935,78.2991202346041
26.315068369032815,121.86530753741131,-0.7572021484375,0.31256103515625,-0.4788818359375,0.31561279296875,2.5999999999999996,78.78787878787878,2.658064516129032,80.54740957966764,2.5774193548387094,78.10361681329422
26.335148971062154,121.86530753741131,-0.7572021484375,0.31256103515625,-0.4788818359375,0.31561279296875,2.5999999999999996,78.78787878787878,2.6677419354838707,80.84066471163244,2.593548387096774,78.59237536656892
26.355209317989647,121.77751419621069,-0.7559814453125,0.31292724609375,-0.47955322265625,0.31707763671875,2.5806451612903225,78.20136852394917,2.6677419354838707,80.84066471163244,2.593548387096774,78.59237536656892
26.3752808640711,121.77751419621069,-0.7559814453125,0.31292724609375,-0.47955322265625,0.31707763671875,2.6032258064516127,78.88563049853371,2.6741935483870964,81.03616813294232,2.593548387096774,78.59237536656892
26.395347418962047,121.77751419621069,-0.7559814453125,0.31292724609375,-0.47955322265625,0.31707763671875,2.625806451612903,79.56989247311827,2.6354838709677417,79.86314760508309,2.6064516129032254,78.98338220918865
26.415444534039125,121.96673155479527,-0.75555419921875,0.31134033203125,-0.48114013671875,0.3173828125,2.6645161290322577,80.74291300097751,2.658064516129032,80.54740957966764,2.629032258064516,79.6676441837732
26.435497935977764,121.96673155479527,-0.75555419921875,0.31134033203125,-0.48114013671875,0.3173828125,2.62258064516129,79.47214076246333,2.661290322580645,80.64516129032258,2.62258064516129,79.47214076246333
26.45556657097768,122.11359290292741,-0.75537109375,0.3096923828125,-0.482177734375,0.31781005859375,2.6129032258064515,79.17888563049853,2.661290322580645,80.64516129032258,2.5774193548387094,78.10361681329422
26.475662437966093,122.11359290292741,-0.75537109375,0.3096923828125,-0.482177734375,0.31781005859375,2.590322580645161,78.49462365591397,2.6677419354838707,80.84066471163244,2.5806451612903225,78.20136852394917
26.495705376029946,122.22618771184455,-0.7550048828125,0.307861328125,-0.48321533203125,0.3189697265625,2.6032258064516127,78.88563049853371,2.654838709677419,80.4496578690127,2.62258064516129,79.47214076246333
26.515764122013934,122.22618771184455,-0.7550048828125,0.307861328125,-0.48321533203125,0.3189697265625,2.596774193548387,78.69012707722385,2.6677419354838707,80.84066471163244,2.558064516129032,77.5171065493646
26.53583778103348,122.22618771184455,-0.7550048828125,0.307861328125,-0.48321533203125,0.3189697265625,2.5999999999999996,78.78787878787878,2.629032258064516,79.6676441837732,2.6032258064516127,78.88563049853371
26.555935184005648,122.32306521482245,-0.75494384765625,0.30615234375,-0.48382568359375,0.31982421875,2.6096774193548384,79.0811339198436,2.6032258064516127,78.88563049853371,2.593548387096774,78.59237536656892
26.575981833972037,122.32306521482245,-0.75494384765625,0.30615234375,-0.48382568359375,0.31982421875,2.616129032258064,79.27663734115346,2.6354838709677417,79.86314760508309,2.5999999999999996,78.78787878787878
26.596044772071764,122.3994600156816,-0.75494384765625,0.30499267578125,-0.4842529296875,0.32025146484375,2.648387096774193,80.25415444770283,2.658064516129032,80.54740957966764,2.616129032258064,79.27663734115346
26.616141568054445,122.3994600156816,-0.75494384765625,0.30499267578125,-0.4842529296875,0.32025146484375,2.6032258064516127,78.88563049853371,2.680645161290322,81.23167155425219,2.525806451612903,76.53958944281524
26.63619353005197,122.3994600156816,-0.75494384765625,0.30499267578125,-0.4842529296875,0.32025146484375,2.5806451612903225,78.20136852394917,2.680645161290322,81.23167155425219,2.6516129032258062,80.35190615835776
26.656257300055586,122.43856580953604,-0.7550048828125,0.30389404296875,-0.484375,0.32086181640625,2.616129032258064,79.27663734115346,2.680645161290322,81.23167155425219,2.587096774193548,78.39687194525904
26.67634609504603,122.43856580953604,-0.7550048828125,0.30389404296875,-0.484375,0.32086181640625,2.596774193548387,78.69012707722385,2.661290322580645,80.64516129032258,2.564516129032258,77.71260997067448
26.6964242659742,122.5222428551001,-0.7550048828125,0.302490234375,-0.48486328125,0.321533203125,2.593548387096774,78.59237536656892,2.6677419354838707,80.84066471163244,2.648387096774193,80.25415444770283
26.716739083989523,122.5222428551001,-0.7550048828125,0.302490234375,-0.48486328125,0.321533203125,2.6419354838709674,80.05865102639295,2.6451612903225805,80.1564027370479,2.593548387096774,78.59237536656892
26.736546879052185,122.5222428551001,-0.7550048828125,0.302490234375,-0.48486328125,0.321533203125,2.5999999999999996,78.78787878787878,2.658064516129032,80.54740957966764,2.6064516129032254,78.98338220918865
26.7566026810091,122.58880338218628,-0.75506591796875,0.3011474609375,-0.48516845703125,0.32220458984375,2.6064516129032254,78.98338220918865,2.6741935483870964,81.03616813294232,2.593548387096774,78.59237536656892
26.77668133098632,122.58880338218628,-0.75506591796875,0.3011474609375,-0.48516845703125,0.32220458984375,2.6129032258064515,79.17888563049853,2.629032258064516,79.6676441837732,2.6096774193548384,79.0811339198436
26.79673348600045,122.59508106879835,-0.75494384765625,0.300537109375,-0.48529052734375,0.32281494140625,2.6096774193548384,79.0811339198436,2.6516129032258062,80.35190615835776,2.5806451612903225,78.20136852394917
26.816841096966527,122.59508106879835,-0.75494384765625,0.300537109375,-0.48529052734375,0.32281494140625,2.583870967741935,78.2991202346041,2.654838709677419,80.4496578690127,2.6096774193548384,79.0811339198436
26.836876029032283,122.59508106879835,-0.75494384765625,0.300537109375,-0.48529052734375,0.32281494140625,2.5999999999999996,78.78787878787878,2.661290322580645,80.64516129032258,2.6032258064516127,78.88563049853371
26.85694010707084,122.54411834530777,-0.7548828125,0.30035400390625,-0.48504638671875,0.32354736328125,2.6064516129032254,78.98338220918865,2.6774193548387095,81.13391984359725,2.5806451612903225,78.20136852394917
26.877005047979765,122.54411834530777,-0.7548828125,0.30035400390625,-0.48504638671875,0.32354736328125,2.6032258064516127,78.88563049853371,2.658064516129032,80.54740957966764,2.6032258064516127,78.88563049853371
26.897094183019362,122.4552069710391,-0.754638671875,0.30010986328125,-0.4847412109375,0.3248291015625,2.5806451612903225,78.20136852394917,2.6677419354838707,80.84066471163244,2.564516129032258,77.71260997067448
26.917162613011897,122.4552069710391,-0.754638671875,0.30010986328125,-0.4847412109375,0.3248291015625,2.5999999999999996,78.78787878787878,2.6774193548387095,81.13391984359725,2.5774193548387094,78.10361681329422
26.937206274014898,122.4552069710391,-0.754638671875,0.30010986328125,-0.4847412109375,0.3248291015625,2.5774193548387094,78.10361681329422,2.654838709677419,80.4496578690127,2.6032258064516127,78.88563049853371
26.957268304075114,122.34474438120495,-0.75421142578125,0.2998046875,-0.48443603515625,0.326416015625,2.616129032258064,79.27663734115346,2.6516129032258062,80.35190615835776,2.6064516129032254,78.98338220918865
26.977357789990492,122.34474438120495,-0.75421142578125,0.2998046875,-0.48443603515625,0.326416015625,2.5999999999999996,78.78787878787878,2.648387096774193,80.25415444770283,2.564516129032258,77.71260997067448
26.99740884406492,122.1667815287621,-0.75384521484375,0.29974365234375,-0.48370361328125,0.32843017578125,2.6032258064516127,78.88563049853371,2.6677419354838707,80.84066471163244,2.593548387096774,78.59237536656892
27.017512443009764,122.1667815287621,-0.75384521484375,0.29974365234375,-0.48370361328125,0.32843017578125,2.583870967741935,78.2991202346041,2.6677419354838707,80.84066471163244,2.5806451612903225,78.20136852394917
27.037550376029685,122.1667815287621,-0.75384521484375,0.29974365234375,-0.48370361328125,0.32843017578125,2.629032258064516,79.6676441837732,2.654838709677419,80.4496578690127,2.625806451612903,79.56989247311827
27.05761330097448,121.94734103796578,-0.75335693359375,0.30010986328125,-0.48284912109375,0.33050537109375,2.5774193548387094,78.10361681329422,2.6451612903225805,80.1564027370479,2.62258064516129,79.47214076246333
27.077803430962376,121.94734103796578,-0.75335693359375,0.30010986328125,-0.48284912109375,0.33050537109375,2.6032258064516127,78.88563049853371,2.658064516129032,80.54740957966764,2.583870967741935,78.2991202346041
27.097868693061173,121.69162775766738,-0.753173828125,0.3006591796875,-0.4814453125,0.3323974609375,2.6064516129032254,78.98338220918865,2.6677419354838707,80.84066471163244,2.5806451612903225,78.20136852394917
27.11794662696775,121.69162775766738,-0.753173828125,0.3006591796875,-0.4814453125,0.3323974609375,2.5806451612903225,78.20136852394917,2.658064516129032,80.54740957966764,2.587096774193548,78.39687194525904
27.1379835359985,121.69162775766738,-0.753173828125,0.3006591796875,-0.4814453125,0.3323974609375,2.625806451612903,79.56989247311827,2.6709677419354834,80.93841642228737,2.5806451612903225,78.20136852394917
27.158052957965992,121.38736902674506,-0.7529296875,0.3016357421875,-0.4798583984375,0.33447265625,2.6129032258064515,79.17888563049853,2.6032258064516127,78.88563049853371,2.62258064516129,79.47214076246333
27.178124684025533,121.38736902674506,-0.7529296875,0.3016357421875,-0.4798583984375,0.33447265625,2.6064516129032254,78.98338220918865,2.6516129032258062,80.35190615835776,2.62258064516129,79.47214076246333
27.198256731964648,121.03374224999862,-0.75250244140625,0.3026123046875,-0.47808837890625,0.3370361328125,2.629032258064516,79.6676441837732,2.6322580645161286,79.76539589442815,2.6193548387096772,79.37438905180841
27.218366859015077,121.03374224999862,-0.75250244140625,0.3026123046875,-0.47808837890625,0.3370361328125,2.629032258064516,79.6676441837732,2.6032258064516127,78.88563049853371,2.5806451612903225,78.20136852394917
27.238419480039738,121.03374224999862,-0.75250244140625,0.3026123046875,-0.47808837890625,0.3370361328125,2.596774193548387,78.69012707722385,2.625806451612903,79.56989247311827,2.590322580645161,78.49462365591397
27.2585057989927,120.66033337840517,-0.7523193359375,0.303466796875,-0.4759521484375,0.3397216796875,2.590322580645161,78.49462365591397,2.625806451612903,79.56989247311827,2.5806451612903225,78.20136852394917
27.27854930004105,120.66033337840517,-0.7523193359375,0.303466796875,-0.4759521484375,0.3397216796875,2.6129032258064515,79.17888563049853,2.6032258064516127,78.88563049853371,2.6032258064516127,78.88563049853371
27.29865798703395,120.18542566414784,-0.751953125,0.30487060546875,-0.47332763671875,0.34283447265625,2.5806451612903225,78.20136852394917,2.62258064516129,79.47214076246333,2.593548387096774,78.59237536656892
27.319266785052605,120.18542566414784,-0.751953125,0.30487060546875,-0.47332763671875,0.34283447265625,2.590322580645161,78.49462365591397,2.616129032258064,79.27663734115346,2.5806451612903225,78.20136852394917
27.33928138902411,120.18542566414784,-0.751953125,0.30487060546875,-0.47332763671875,0.34283447265625,2.5774193548387094,78.10361681329422,2.5806451612903225,78.20136852394917,2.6064516129032254,78.98338220918865
27.359283384983428,119.56433313698096,-0.75164794921875,0.3074951171875,-0.46978759765625,0.3460693359375,2.590322580645161,78.49462365591397,2.616129032258064,79.27663734115346,2.5677419354838706,77.81036168132943
27.379387367982417,119.56433313698096,-0.75164794921875,0.3074951171875,-0.46978759765625,0.3460693359375,2.5806451612903225,78.20136852394917,2.6129032258064515,79.17888563049853,2.5999999999999996,78.78787878787878
27.39943608501926,118.79838679225399,-0.75128173828125,0.310302734375,-0.46533203125,0.35040283203125,2.616129032258064,79.27663734115346,2.587096774193548,78.39687194525904,2.6032258064516127,78.88563049853371
27.419519364018925,118.79838679225399,-0.75128173828125,0.310302734375,-0.46533203125,0.35040283203125,2.5774193548387094,78.10361681329422,2.583870967741935,78.2991202346041,2.5806451612903225,78.20136852394917
27.439568656962365,118.79838679225399,-0.75128173828125,0.310302734375,-0.46533203125,0.35040283203125,2.590322580645161,78.49462365591397,2.554838709677419,77.41935483870968,2.593548387096774,78.59237536656892
27.45964182296302,117.94768355117904,-0.750732421875,0.31298828125,-0.46038818359375,0.3555908203125,2.5806451612903225,78.20136852394917,2.583870967741935,78.2991202346041,2.593548387096774,78.59237536656892
27.479707660968415,117.94768355117904,-0.750732421875,0.31298828125,-0.46038818359375,0.3555908203125,2.5806451612903225,78.20136852394917,2.6032258064516127,78.88563049853371,2.593548387096774,78.59237536656892
27.499790075002238,117.07420721056384,-0.75018310546875,0.31591796875,-0.45526123046875,0.3607177734375,2.525806451612903,76.53958944281524,2.583870967741935,78.2991202346041,2.5677419354838706,77.81036168132943
27.519834888051264,117.07420721056384,-0.75018310546875,0.31591796875,-0.45526123046875,0.3607177734375,2.6419354838709674,80.05865102639295,2.5387096774193547,76.93059628543499,2.593548387096774,78.59237536656892
27.539969656034373,117.07420721056384,-0.75018310546875,0.31591796875,-0.45526123046875,0.3607177734375,2.587096774193548,78.39687194525904,2.5774193548387094,78.10361681329422,2.5999999999999996,78.78787878787878
27.560024645994417,116.23611712769181,-0.75030517578125,0.31939697265625,-0.44970703125,0.3643798828125,2.6032258064516127,78.88563049853371,2.525806451612903,76.53958944281524,2.6064516129032254,78.98338220918865
27.580096564022824,116.23611712769181,-0.75030517578125,0.31939697265625,-0.44970703125,0.3643798828125,2.590322580645161,78.49462365591397,2.551612903225806,77.32160312805473,2.5806451612903225,78.20136852394917
27.60015148902312,115.41939711320191,-0.7508544921875,0.322509765625,-0.44378662109375,0.36773681640625,2.596774193548387,78.69012707722385,2.5129032258064514,76.1485826001955,2.596774193548387,78.69012707722385
27.620263376040384,115.41939711320191,-0.7508544921875,0.322509765625,-0.44378662109375,0.36773681640625,2.5806451612903225,78.20136852394917,2.5451612903225804,77.12609970674487,2.629032258064516,79.6676441837732
27.640294300974347,115.41939711320191,-0.7508544921875,0.322509765625,-0.44378662109375,0.36773681640625,2.6032258064516127,78.88563049853371,2.529032258064516,76.63734115347019,2.6193548387096772,79.37438905180841
27.660349195008166,114.48417790434502,-0.75091552734375,0.32489013671875,-0.43743896484375,0.37322998046875,2.583870967741935,78.2991202346041,2.558064516129032,77.5171065493646,2.564516129032258,77.71260997067448
27.680419865064323,114.48417790434502,-0.75091552734375,0.32489013671875,-0.43743896484375,0.37322998046875,2.587096774193548,78.39687194525904,2.4741935483870967,74.97556207233626,2.596774193548387,78.69012707722385
27.70049002300948,113.48331861392502,-0.7506103515625,0.3275146484375,-0.43084716796875,0.37908935546875,2.5806451612903225,78.20136852394917,2.554838709677419,77.41935483870968,2.6354838709677417,79.86314760508309
27.720548884011805,113.48331861392502,-0.7506103515625,0.3275146484375,-0.43084716796875,0.37908935546875,2.5999999999999996,78.78787878787878,2.5451612903225804,77.12609970674487,2.5774193548387094,78.10361681329422
27.740618946030736,113.48331861392502,-0.7506103515625,0.3275146484375,-0.43084716796875,0.37908935546875,2.5709677419354837,77.90811339198436,2.5354838709677416,76.83284457478005,2.629032258064516,79.6676441837732
27.76074353803415,112.45557931029842,-0.75018310546875,0.33026123046875,-0.42413330078125,0.3851318359375,2.6032258064516127,78.88563049853371,2.5129032258064514,76.1485826001955,2.616129032258064,79.27663734115346
27.780769373988733,112.45557931029842,-0.75018310546875,0.33026123046875,-0.42413330078125,0.3851318359375,2.564516129032258,77.71260997067448,2.5387096774193547,76.93059628543499,2.590322580645161,78.49462365591397
27.800831916043535,111.33880291593948,-0.749755859375,0.3330078125,-0.4166259765625,0.39166259765625,2.62258064516129,79.47214076246333,2.532258064516129,76.73509286412512,2.616129032258064,79.27663734115346
27.820925435051322,111.33880291593948,-0.749755859375,0.3330078125,-0.4166259765625,0.39166259765625,2.593548387096774,78.59237536656892,2.532258064516129,76.73509286412512,2.593548387096774,78.59237536656892
27.84105831501074,111.33880291593948,-0.749755859375,0.3330078125,-0.4166259765625,0.39166259765625,2.6032258064516127,78.88563049853371,2.4741935483870967,74.97556207233626,2.5999999999999996,78.78787878787878
27.861082870978862,110.0092610374828,-0.748779296875,0.33636474609375,-0.40802001953125,0.399658203125,2.590322580645161,78.49462365591397,2.487096774193548,75.366568914956,2.616129032258064,79.27663734115346
27.88117584597785,110.0092610374828,-0.748779296875,0.33636474609375,-0.40802001953125,0.399658203125,2.616129032258064,79.27663734115346,2.5161290322580645,76.24633431085044,2.625806451612903,79.56989247311827
27.901267476961948,108.61751077195554,-0.7469482421875,0.33990478515625,-0.39959716796875,0.40850830078125,2.5999999999999996,78.78787878787878,2.5161290322580645,76.24633431085044,2.5774193548387094,78.10361681329422
27.92130620998796,108.61751077195554,-0.7469482421875,0.33990478515625,-0.39959716796875,0.40850830078125,2.596774193548387,78.69012707722385,2.525806451612903,76.53958944281524,2.593548387096774,78.59237536656892
27.941372592002153,108.61751077195554,-0.7469482421875,0.33990478515625,-0.39959716796875,0.40850830078125,2.5806451612903225,78.20136852394917,2.5032258064516126,75.8553274682307,2.62258064516129,79.47214076246333
27.961917291977443,106.840175701596,-0.74371337890625,0.34259033203125,-0.38916015625,0.4219970703125,2.590322580645161,78.49462365591397,2.532258064516129,76.73509286412512,2.5999999999999996,78.78787878787878
27.982032506959513,106.840175701596,-0.74371337890625,0.34259033203125,-0.38916015625,0.4219970703125,2.554838709677419,77.41935483870968,2.490322580645161,75.46432062561095,2.616129032258064,79.27663734115346
28.002086471999064,105.06934318244572,-0.73876953125,0.34527587890625,-0.3800048828125,0.43658447265625,2.5774193548387094,78.10361681329422,2.467741935483871,74.7800586510264,2.6096774193548384,79.0811339198436
28.0221598619828,105.06934318244572,-0.73876953125,0.34527587890625,-0.3800048828125,0.43658447265625,2.551612903225806,77.32160312805473,2.4387096774193546,73.90029325513197,2.6032258064516127,78.88563049853371
28.042183779063635,105.06934318244572,-0.73876953125,0.34527587890625,-0.3800048828125,0.43658447265625,2.5709677419354837,77.90811339198436,2.4290322580645163,73.60703812316717,2.5774193548387094,78.10361681329422
28.062249392969534,103.10555431616652,-0.7349853515625,0.34844970703125,-0.36785888671875,0.4505615234375,2.525806451612903,76.53958944281524,2.4483870967741934,74.19354838709677,2.564516129032258,77.71260997067448
28.082312382990494,103.10555431616652,-0.7349853515625,0.34844970703125,-0.36785888671875,0.4505615234375,2.62258064516129,79.47214076246333,2.435483870967742,73.80254154447702,2.587096774193548,78.39687194525904
28.102385901031084,101.19314637609114,-0.73114013671875,0.35284423828125,-0.3560791015625,0.4627685546875,2.5677419354838706,77.81036168132943,2.467741935483871,74.7800586510264,2.5806451612903225,78.20136852394917
28.122487292042933,101.19314637609114,-0.73114013671875,0.35284423828125,-0.3560791015625,0.4627685546875,2.5806451612903225,78.20136852394917,2.4516129032258065,74.29130009775172,2.5806451612903225,78.20136852394917
28.142547848983668,101.19314637609114,-0.73114013671875,0.35284423828125,-0.3560791015625,0.4627685546875,2.525806451612903,76.53958944281524,2.4612903225806453,74.58455522971653,2.558064516129032,77.5171065493646
28.16260152705945,99.2285611029604,-0.72698974609375,0.357177734375,-0.34375,0.47515869140625,2.5806451612903225,78.20136852394917,2.487096774193548,75.366568914956,2.593548387096774,78.59237536656892
28.18273370305542,99.2285611029604,-0.72698974609375,0.357177734375,-0.34375,0.47515869140625,2.5774193548387094,78.10361681329422,2.4387096774193546,73.90029325513197,2.587096774193548,78.39687194525904
28.202845206018537,96.99096109452863,-0.72222900390625,0.36309814453125,-0.32952880859375,0.48785400390625,2.6032258064516127,78.88563049853371,2.4290322580645163,73.60703812316717,2.5806451612903225,78.20136852394917
28.222936292062514,96.99096109452863,-0.72222900390625,0.36309814453125,-0.32952880859375,0.48785400390625,2.5806451612903225,78.20136852394917,2.4612903225806453,74.58455522971653,2.6032258064516127,78.88563049853371
28.242943568970077,96.99096109452863,-0.72222900390625,0.36309814453125,-0.32952880859375,0.48785400390625,2.5806451612903225,78.20136852394917,2.4741935483870967,74.97556207233626,2.587096774193548,78.39687194525904
28.262997949961573,94.72607470346136,-0.716796875,0.37030029296875,-0.31549072265625,0.49945068359375,2.629032258064516,79.6676441837732,2.4516129032258065,74.29130009775172,2.596774193548387,78.69012707722385
28.28306974004954,94.72607470346136,-0.716796875,0.37030029296875,-0.31549072265625,0.49945068359375,2.6032258064516127,78.88563049853371,2.4483870967741934,74.19354838709677,2.587096774193548,78.39687194525904
28.303233533049934,92.56071082112246,-0.71185302734375,0.37646484375,-0.3013916015625,0.51055908203125,2.583870967741935,78.2991202346041,2.4516129032258065,74.29130009775172,2.587096774193548,78.39687194525904
28.323253449052572,92.56071082112246,-0.71185302734375,0.37646484375,-0.3013916015625,0.51055908203125,2.5677419354838706,77.81036168132943,2.454838709677419,74.38905180840665,2.629032258064516,79.6676441837732
28.343309271032922,92.56071082112246,-0.71185302734375,0.37646484375,-0.3013916015625,0.51055908203125,2.583870967741935,78.2991202346041,2.4516129032258065,74.29130009775172,2.6032258064516127,78.88563049853371
28.363412101985887,90.27059602537177,-0.7061767578125,0.382080078125,-0.2862548828125,0.52288818359375,2.5806451612903225,78.20136852394917,2.42258064516129,73.41153470185728,2.590322580645161,78.49462365591397
28.38346251496114,90.27059602537177,-0.7061767578125,0.382080078125,-0.2862548828125,0.52288818359375,2.6419354838709674,80.05865102639295,2.445161290322581,74.09579667644185,2.593548387096774,78.59237536656892
28.403551010065712,88.21860244683562,-0.7008056640625,0.38873291015625,-0.27301025390625,0.53216552734375,2.5806451612903225,78.20136852394917,2.454838709677419,74.38905180840665,2.5806451612903225,78.20136852394917
28.423608495970257,88.21860244683562,-0.7008056640625,0.38873291015625,-0.27301025390625,0.53216552734375,2.590322580645161,78.49462365591397,2.4483870967741934,74.19354838709677,2.5806451612903225,78.20136852394917
28.443662269040942,88.21860244683562,-0.7008056640625,0.38873291015625,-0.27301025390625,0.53216552734375,2.593548387096774,78.59237536656892,2.464516129032258,74.68230694037146,2.5806451612903225,78.20136852394917
28.46370935405139,86.1919685028615,-0.69683837890625,0.39520263671875,-0.25848388671875,0.539794921875,2.593548387096774,78.59237536656892,2.4612903225806453,74.58455522971653,2.5677419354838706,77.81036168132943
28.483840474043973,86.1919685028615,-0.69683837890625,0.39520263671875,-0.25848388671875,0.539794921875,2.6064516129032254,78.98338220918865,2.5,75.75757575757575,2.5774193548387094,78.10361681329422
28.503908551996574,84.31740680386827,-0.69256591796875,0.401123046875,-0.245361328125,0.54705810546875,2.616129032258064,79.27663734115346,2.4741935483870967,74.97556207233626,2.6032258064516127,78.88563049853371
28.52394338103477,84.31740680386827,-0.69256591796875,0.401123046875,-0.245361328125,0.54705810546875,2.5806451612903225,78.20136852394917,2.5,75.75757575757575,2.6032258064516127,78.88563049853371
28.544041187968105,84.31740680386827,-0.69256591796875,0.401123046875,-0.245361328125,0.54705810546875,2.583870967741935,78.2991202346041,2.4774193548387093,75.07331378299119,2.62258064516129,79.47214076246333
28.5640845609596,82.46278419000383,-0.68792724609375,0.4061279296875,-0.23223876953125,0.55487060546875,2.590322580645161,78.49462365591397,2.490322580645161,75.46432062561095,2.654838709677419,80.4496578690127
28.584166974993423,82.46278419000383,-0.68792724609375,0.4061279296875,-0.23223876953125,0.55487060546875,2.6096774193548384,79.0811339198436,2.490322580645161,75.46432062561095,2.593548387096774,78.59237536656892
28.60429419099819,80.57062017191123,-0.68280029296875,0.41107177734375,-0.21893310546875,0.56292724609375,2.6354838709677417,79.86314760508309,2.5,75.75757575757575,2.6419354838709674,80.05865102639295
28.624350236961618,80.57062017191123,-0.68280029296875,0.41107177734375,-0.21893310546875,0.56292724609375,2.583870967741935,78.2991202346041,2.5,75.75757575757575,2.596774193548387,78.69012707722385
28.64437578502111,80.57062017191123,-0.68280029296875,0.41107177734375,-0.21893310546875,0.56292724609375,2.6064516129032254,78.98338220918865,2.525806451612903,76.53958944281524,2.593548387096774,78.59237536656892
28.664439511019737,78.72699079569439,-0.67803955078125,0.4178466796875,-0.2061767578125,0.5684814453125,2.629032258064516,79.6676441837732,2.5129032258064514,76.1485826001955,2.5999999999999996,78.78787878787878
28.684523781063035,78.72699079569439,-0.67803955078125,0.4178466796875,-0.2061767578125,0.5684814453125,2.5774193548387094,78.10361681329422,2.490322580645161,75.46432062561095,2.6032258064516127,78.88563049853371
28.70457752305083,76.72528830622015,-0.67315673828125,0.42620849609375,-0.19219970703125,0.57293701171875,2.6419354838709674,80.05865102639295,2.4774193548387093,75.07331378299119,2.6129032258064515,79.17888563049853
28.724666018038988,76.72528830622015,-0.67315673828125,0.42620849609375,-0.19219970703125,0.57293701171875,2.629032258064516,79.6676441837732,2.519354838709677,76.34408602150538,2.564516129032258,77.71260997067448
28.744709006976336,76.72528830622015,-0.67315673828125,0.42620849609375,-0.19219970703125,0.57293701171875,2.648387096774193,80.25415444770283,2.5032258064516126,75.8553274682307,2.6129032258064515,79.17888563049853
28.7647758689709,74.47818811560347,-0.66705322265625,0.43634033203125,-0.17706298828125,0.57733154296875,2.616129032258064,79.27663734115346,2.5064516129032257,75.95307917888563,2.593548387096774,78.59237536656892
28.784849963034503,74.47818811560347,-0.66705322265625,0.43634033203125,-0.17706298828125,0.57733154296875,2.629032258064516,79.6676441837732,2.5387096774193547,76.93059628543499,2.5806451612903225,78.20136852394917
28.804917240981013,72.20224186497434,-0.66021728515625,0.4471435546875,-0.16217041015625,0.58123779296875,2.6677419354838707,80.84066471163244,2.5354838709677416,76.83284457478005,2.616129032258064,79.27663734115346
28.824996646959335,72.20224186497434,-0.66021728515625,0.4471435546875,-0.16217041015625,0.58123779296875,2.6193548387096772,79.37438905180841,2.4741935483870967,74.97556207233626,2.5999999999999996,78.78787878787878
28.84509438998066,72.20224186497434,-0.66021728515625,0.4471435546875,-0.16217041015625,0.58123779296875,2.6451612903225805,80.1564027370479,2.5387096774193547,76.93059628543499,2.5999999999999996,78.78787878787878
28.865163172013126,69.61082308525644,-0.6510009765625,0.458740234375,-0.14599609375,0.5869140625,2.6096774193548384,79.0811339198436,2.551612903225806,77.32160312805473,2.654838709677419,80.4496578690127
28.885214001056738,69.61082308525644,-0.6510009765625,0.458740234375,-0.14599609375,0.5869140625,2.6322580645161286,79.76539589442815,2.4741935483870967,74.97556207233626,2.593548387096774,78.59237536656892
28.905302816070616,67.05535858838849,-0.64202880859375,0.4700927734375,-0.12957763671875,0.59161376953125,2.629032258064516,79.6676441837732,2.529032258064516,76.63734115347019,2.625806451612903,79.56989247311827
28.925340301007964,67.05535858838849,-0.64202880859375,0.4700927734375,-0.12957763671875,0.59161376953125,2.6193548387096772,79.37438905180841,2.5419354838709673,77.02834799608992,2.5774193548387094,78.10361681329422
28.945406554965302,67.05535858838849,-0.64202880859375,0.4700927734375,-0.12957763671875,0.59161376953125,2.625806451612903,79.56989247311827,2.5451612903225804,77.12609970674487,2.5806451612903225,78.20136852394917
28.96547690499574,64.28977934291972,-0.63189697265625,0.482666015625,-0.1119384765625,0.595947265625,2.680645161290322,81.23167155425219,2.5709677419354837,77.90811339198436,2.5806451612903225,78.20136852394917
28.985543063026853,64.28977934291972,-0.63189697265625,0.482666015625,-0.1119384765625,0.595947265625,2.6193548387096772,79.37438905180841,2.5774193548387094,78.10361681329422,2.616129032258064,79.27663734115346
29.005612932960503,61.3564100148177,-0.620849609375,0.49505615234375,-0.0928955078125,0.60064697265625,2.6419354838709674,80.05865102639295,2.554838709677419,77.41935483870968,2.6032258064516127,78.88563049853371
29.025701491045766,61.3564100148177,-0.620849609375,0.49505615234375,-0.0928955078125,0.60064697265625,2.62258064516129,79.47214076246333,2.590322580645161,78.49462365591397,2.616129032258064,79.27663734115346
29.04576457699295,61.3564100148177,-0.620849609375,0.49505615234375,-0.0928955078125,0.60064697265625,2.6193548387096772,79.37438905180841,2.5774193548387094,78.10361681329422,2.596774193548387,78.69012707722385
29.065814062021673,58.484399107725224,-0.60955810546875,0.50714111328125,-0.07440185546875,0.60479736328125,2.62258064516129,79.47214076246333,2.5774193548387094,78.10361681329422,2.593548387096774,78.59237536656892
29.085900541045703,58.484399107725224,-0.60955810546875,0.50714111328125,-0.07440185546875,0.60479736328125,2.648387096774193,80.25415444770283,2.5806451612903225,78.20136852394917,2.6096774193548384,79.0811339198436
29.10598013899289,55.51851818515452,-0.59735107421875,0.51934814453125,-0.05523681640625,0.60858154296875,2.625806451612903,79.56989247311827,2.564516129032258,77.71260997067448,2.5806451612903225,78.20136852394917
29.126099930959754,55.51851818515452,-0.59735107421875,0.51934814453125,-0.05523681640625,0.60858154296875,2.6322580645161286,79.76539589442815,2.5806451612903225,78.20136852394917,2.5709677419354837,77.90811339198436
29.14615136804059,55.51851818515452,-0.59735107421875,0.51934814453125,-0.05523681640625,0.60858154296875,2.6354838709677417,79.86314760508309,2.5677419354838706,77.81036168132943,2.6193548387096772,79.37438905180841
29.166188661009073,52.786119955306944,-0.5869140625,0.5299072265625,-0.0364990234375,0.611083984375,2.654838709677419,80.4496578690127,2.554838709677419,77.41935483870968,2.629032258064516,79.6676441837732
29.18629798805341,52.786119955306944,-0.5869140625,0.5299072265625,-0.0364990234375,0.611083984375,2.625806451612903,79.56989247311827,2.583870967741935,78.2991202346041,2.616129032258064,79.27663734115346
29.206346609978937,49.947496704426904,-0.57489013671875,0.54095458984375,-0.01776123046875,0.6136474609375,2.6193548387096772,79.37438905180841,2.593548387096774,78.59237536656892,2.5999999999999996,78.78787878787878
29.22643328004051,49.947496704426904,-0.57489013671875,0.54095458984375,-0.01776123046875,0.6136474609375,2.6322580645161286,79.76539589442815,2.6064516129032254,78.98338220918865,2.616129032258064,79.27663734115346
29.24654888000805,49.947496704426904,-0.57489013671875,0.54095458984375,-0.01776123046875,0.6136474609375,2.6354838709677417,79.86314760508309,2.587096774193548,78.39687194525904,2.6032258064516127,78.88563049853371
29.26660690899007,47.489193526868,-0.564697265625,0.55072021484375,-0.00115966796875,0.61468505859375,2.680645161290322,81.23167155425219,2.6032258064516127,78.88563049853371,2.6032258064516127,78.88563049853371
29.286644714069553,47.489193526868,-0.564697265625,0.55072021484375,-0.00115966796875,0.61468505859375,2.5999999999999996,78.78787878787878,2.62258064516129,79.47214076246333,2.593548387096774,78.59237536656892
29.306720184045844,44.964720221537824,-0.55364990234375,0.5614013671875,0.0155029296875,0.6148681640625,2.6354838709677417,79.86314760508309,2.625806451612903,79.56989247311827,2.5999999999999996,78.78787878787878
29.326772550004534,44.964720221537824,-0.55364990234375,0.5614013671875,0.0155029296875,0.6148681640625,2.625806451612903,79.56989247311827,2.6354838709677417,79.86314760508309,2.5806451612903225,78.20136852394917
29.347082618973218,44.964720221537824,-0.55364990234375,0.5614013671875,0.0155029296875,0.6148681640625,2.6193548387096772,79.37438905180841,2.6387096774193544,79.960899315738,2.629032258064516,79.6676441837732
29.367194634047337,42.75017849939592,-0.54425048828125,0.5694580078125,0.03082275390625,0.61529541015625,2.5999999999999996,78.78787878787878,2.6387096774193544,79.960899315738,2.5774193548387094,78.10361681329422
29.387239895993844,42.75017849939592,-0.54425048828125,0.5694580078125,0.03082275390625,0.61529541015625,2.587096774193548,78.39687194525904,2.6193548387096772,79.37438905180841,2.629032258064516,79.6676441837732
29.407265092013404,40.50617176438429,-0.53369140625,0.57757568359375,0.045654296875,0.61602783203125,2.596774193548387,78.69012707722385,2.6322580645161286,79.76539589442815,2.654838709677419,80.4496578690127
29.42737826006487,40.50617176438429,-0.53369140625,0.57757568359375,0.045654296875,0.61602783203125,2.590322580645161,78.49462365591397,2.6064516129032254,78.98338220918865,2.616129032258064,79.27663734115346
29.447410496068187,40.50617176438429,-0.53369140625,0.57757568359375,0.045654296875,0.61602783203125,2.6064516129032254,78.98338220918865,2.661290322580645,80.64516129032258,2.596774193548387,78.69012707722385
29.46747700602282,38.44028639404936,-0.52392578125,0.5855712890625,0.05938720703125,0.61566162109375,2.654838709677419,80.4496578690127,2.5999999999999996,78.78787878787878,2.6096774193548384,79.0811339198436
29.48751855606679,38.44028639404936,-0.52392578125,0.5855712890625,0.05938720703125,0.61566162109375,2.629032258064516,79.6676441837732,2.658064516129032,80.54740957966764,2.5806451612903225,78.20136852394917
29.50760141806677,36.31708602796454,-0.513671875,0.59417724609375,0.07342529296875,0.61456298828125,2.6387096774193544,79.960899315738,2.648387096774193,80.25415444770283,2.564516129032258,77.71260997067448
29.527707161032595,36.31708602796454,-0.513671875,0.59417724609375,0.07342529296875,0.61456298828125,2.6193548387096772,79.37438905180841,2.661290322580645,80.64516129032258,2.564516129032258,77.71260997067448
29.547746438067406,36.31708602796454,-0.513671875,0.59417724609375,0.07342529296875,0.61456298828125,2.6516129032258062,80.35190615835776,2.680645161290322,81.23167155425219,2.5806451612903225,78.20136852394917
29.567833940964192,34.04659677212156,-0.502197265625,0.603271484375,0.08831787109375,0.61322021484375,2.5999999999999996,78.78787878787878,2.661290322580645,80.64516129032258,2.5774193548387094,78.10361681329422
29.588001413038,34.04659677212156,-0.502197265625,0.603271484375,0.08831787109375,0.61322021484375,2.654838709677419,80.4496578690127,2.6354838709677417,79.86314760508309,2.6064516129032254,78.98338220918865
29.608043347019702,31.834807763127948,-0.49078369140625,0.61181640625,0.1029052734375,0.61175537109375,2.629032258064516,79.6676441837732,2.654838709677419,80.4496578690127,2.5999999999999996,78.78787878787878
29.62812451296486,31.834807763127948,-0.49078369140625,0.61181640625,0.1029052734375,0.61175537109375,2.6193548387096772,79.37438905180841,2.6774193548387095,81.13391984359725,2.6032258064516127,78.88563049853371
29.64817342197057,31.834807763127948,-0.49078369140625,0.61181640625,0.1029052734375,0.61175537109375,2.6193548387096772,79.37438905180841,2.7064516129032254,82.01368523949168,2.5806451612903225,78.20136852394917
29.66822150000371,29.68116202412685,-0.47930908203125,0.6197509765625,0.1171875,0.61029052734375,2.6322580645161286,79.76539589442815,2.6838709677419352,81.32942326490713,2.616129032258064,79.27663734115346
29.688303946051747,29.68116202412685,-0.47930908203125,0.6197509765625,0.1171875,0.61029052734375,2.6322580645161286,79.76539589442815,2.687096774193548,81.42717497556205,2.590322580645161,78.49462365591397
29.708398425020278,27.538673357144432,-0.46728515625,0.62701416015625,0.131103515625,0.609375,2.6354838709677417,79.86314760508309,2.690322580645161,81.524926686217,2.6064516129032254,78.98338220918865
29.72849357605446,27.538673357144432,-0.46728515625,0.62701416015625,0.131103515625,0.609375,2.6451612903225805,80.1564027370479,2.719354838709677,82.40469208211142,2.5806451612903225,78.20136852394917
29.748590165982023,27.538673357144432,-0.46728515625,0.62701416015625,0.131103515625,0.609375,2.6419354838709674,80.05865102639295,2.712903225806451,82.20918866080156,2.593548387096774,78.59237536656892
29.76866586098913,25.606220262598,-0.4559326171875,0.6337890625,0.1435546875,0.608154296875,2.6032258064516127,78.88563049853371,2.6838709677419352,81.32942326490713,2.5999999999999996,78.78787878787878
29.788736946997233,25.606220262598,-0.4559326171875,0.6337890625,0.1435546875,0.608154296875,2.654838709677419,80.4496578690127,2.7161290322580642,82.30694037145649,2.5806451612903225,78.20136852394917
29.808782911975868,23.6565310295467,-0.4439697265625,0.64031982421875,0.15594482421875,0.60711669921875,2.6193548387096772,79.37438905180841,2.693548387096774,81.62267839687193,2.5387096774193547,76.93059628543499
29.828899279003963,23.6565310295467,-0.4439697265625,0.64031982421875,0.15594482421875,0.60711669921875,2.62258064516129,79.47214076246333,2.719354838709677,82.40469208211142,2.564516129032258,77.71260997067448
29.84894873306621,23.6565310295467,-0.4439697265625,0.64031982421875,0.15594482421875,0.60711669921875,2.629032258064516,79.6676441837732,2.693548387096774,81.62267839687193,2.583870967741935,78.2991202346041
29.869073900044896,21.891948083816615,-0.43292236328125,0.6455078125,0.167236328125,0.6065673828125,2.625806451612903,79.56989247311827,2.7419354838709675,83.08895405669598,2.5709677419354837,77.90811339198436
29.88918597996235,21.891948083816615,-0.43292236328125,0.6455078125,0.167236328125,0.6065673828125,2.616129032258064,79.27663734115346,2.8225806451612905,85.53274682306942,2.5806451612903225,78.20136852394917
29.909228328964673,20.3190128937635,-0.42279052734375,0.650634765625,0.17755126953125,0.60528564453125,2.616129032258064,79.27663734115346,2.7774193548387096,84.1642228739003,2.596774193548387,78.69012707722385
29.92931243905332,20.3190128937635,-0.42279052734375,0.650634765625,0.17755126953125,0.60528564453125,2.6096774193548384,79.0811339198436,2.774193548387097,84.06647116324537,2.593548387096774,78.59237536656892
29.949381445068866,20.3190128937635,-0.42279052734375,0.650634765625,0.17755126953125,0.60528564453125,2.6419354838709674,80.05865102639295,2.806451612903226,85.04398826979474,2.554838709677419,77.41935483870968
29.969462324050255,18.813117372497487,-0.41241455078125,0.65509033203125,0.18682861328125,0.6048583984375,2.5741935483870964,78.00586510263928,2.7903225806451615,84.55522971652005,2.593548387096774,78.59237536656892
29.98953404999338,18.813117372497487,-0.41241455078125,0.65509033203125,0.18682861328125,0.6048583984375,2.654838709677419,80.4496578690127,2.8,84.84848484848484,2.6032258064516127,78.88563049853371
30.009615472052246,17.290915588995617,-0.4012451171875,0.659912109375,0.1959228515625,0.60430908203125,2.6096774193548384,79.0811339198436,2.835483870967742,85.92375366568915,2.583870967741935,78.2991202346041
30.02971705503296,17.290915588995617,-0.4012451171875,0.659912109375,0.1959228515625,0.60430908203125,2.6064516129032254,78.98338220918865,2.8193548387096774,85.43499511241447,2.5774193548387094,78.10361681329422
30.049781549023464,17.290915588995617,-0.4012451171875,0.659912109375,0.1959228515625,0.60430908203125,2.583870967741935,78.2991202346041,2.8193548387096774,85.43499511241447,2.593548387096774,78.59237536656892
30.069863387034275,16.114783832255497,-0.39190673828125,0.6644287109375,0.20343017578125,0.60296630859375,2.5806451612903225,78.20136852394917,2.835483870967742,85.92375366568915,2.529032258064516,76.63734115347019
30.0899344739737,16.114783832255497,-0.39190673828125,0.6644287109375,0.20343017578125,0.60296630859375,2.6096774193548384,79.0811339198436,2.8870967741935485,87.48778103616814,2.493548387096774,75.56207233626587
30.1100401210133,15.299099247914597,-0.38421630859375,0.66912841796875,0.2088623046875,0.600830078125,2.616129032258064,79.27663734115346,2.8096774193548386,85.14173998044966,2.519354838709677,76.34408602150538
30.130087846075185,15.299099247914597,-0.38421630859375,0.66912841796875,0.2088623046875,0.600830078125,2.6064516129032254,78.98338220918865,2.8451612903225807,86.21700879765396,2.5774193548387094,78.10361681329422
30.15013960399665,15.299099247914597,-0.38421630859375,0.66912841796875,0.2088623046875,0.600830078125,2.6064516129032254,78.98338220918865,2.867741935483871,86.90127077223852,2.525806451612903,76.53958944281524
30.170243619009852,14.664828459122575,-0.37811279296875,0.67242431640625,0.21295166015625,0.599609375,2.654838709677419,80.4496578690127,2.8483870967741933,86.3147605083089,2.5451612903225804,77.12609970674487
30.19035317003727,14.664828459122575,-0.37811279296875,0.67242431640625,0.21295166015625,0.599609375,2.6193548387096772,79.37438905180841,2.8548387096774195,86.51026392961879,2.5483870967741935,77.2238514173998
30.210421920055524,14.186587696389068,-0.37310791015625,0.674072265625,0.21484375,0.6002197265625,2.680645161290322,81.23167155425219,2.8516129032258064,86.41251221896383,2.5677419354838706,77.81036168132943
30.230516239069402,14.186587696389068,-0.37310791015625,0.674072265625,0.21484375,0.6002197265625,2.629032258064516,79.6676441837732,2.835483870967742,85.92375366568915,2.554838709677419,77.41935483870968
30.25056930806022,14.186587696389068,-0.37310791015625,0.674072265625,0.21484375,0.6002197265625,2.6096774193548384,79.0811339198436,2.8483870967741933,86.3147605083089,2.5419354838709673,77.02834799608992
30.270650697988458,13.971045680875278,-0.3714599609375,0.6739501953125,0.2154541015625,0.6011962890625,2.6032258064516127,78.88563049853371,2.8806451612903223,87.29227761485826,2.529032258064516,76.63734115347019
30.29069867997896,13.971045680875278,-0.3714599609375,0.6739501953125,0.2154541015625,0.6011962890625,2.5774193548387094,78.10361681329422,2.8741935483870966,87.09677419354838,2.525806451612903,76.53958944281524
30.3108428879641,13.736051912191044,-0.37255859375,0.6719970703125,0.2186279296875,0.6015625,2.6096774193548384,79.0811339198436,2.8096774193548386,85.14173998044966,2.551612903225806,77.32160312805473
30.330941303051077,13.736051912191044,-0.37255859375,0.6719970703125,0.2186279296875,0.6015625,2.6193548387096772,79.37438905180841,2.8741935483870966,87.09677419354838,2.554838709677419,77.41935483870968
30.3509897000622,13.736051912191044,-0.37255859375,0.6719970703125,0.2186279296875,0.6015625,2.596774193548387,78.69012707722385,2.864516129032258,86.80351906158357,2.532258064516129,76.73509286412512
30.371068755048327,13.55918906298146,-0.37396240234375,0.67010498046875,0.22149658203125,0.60174560546875,2.616129032258064,79.27663734115346,2.8096774193548386,85.14173998044966,2.5709677419354837,77.90811339198436
30.391147329006344,13.55918906298146,-0.37396240234375,0.67010498046875,0.22149658203125,0.60174560546875,2.6193548387096772,79.37438905180841,2.861290322580645,86.70576735092864,2.525806451612903,76.53958944281524
30.411210095044225,13.492267247791418,-0.3748779296875,0.66900634765625,0.22308349609375,0.60174560546875,2.5774193548387094,78.10361681329422,2.8483870967741933,86.3147605083089,2.532258064516129,76.73509286412512
30.43135702307336,13.492267247791418,-0.3748779296875,0.66900634765625,0.22308349609375,0.60174560546875,2.590322580645161,78.49462365591397,2.838709677419355,86.0215053763441,2.561290322580645,77.61485826001955
30.45138174004387,13.492267247791418,-0.3748779296875,0.66900634765625,0.22308349609375,0.60174560546875,2.6032258064516127,78.88563049853371,2.861290322580645,86.70576735092864,2.5354838709677416,76.83284457478005
30.471452826051973,13.55928374442044,-0.3758544921875,0.668701171875,0.223388671875,0.601318359375,2.590322580645161,78.49462365591397,2.8451612903225807,86.21700879765396,2.558064516129032,77.5171065493646
30.491516744019464,13.55928374442044,-0.3758544921875,0.668701171875,0.223388671875,0.601318359375,2.6096774193548384,79.0811339198436,2.832258064516129,85.82600195503422,2.5774193548387094,78.10361681329422
30.51158219797071,13.676090929324118,-0.3770751953125,0.66888427734375,0.22314453125,0.60052490234375,2.654838709677419,80.4496578690127,2.838709677419355,86.0215053763441,2.5774193548387094,78.10361681329422
30.531754118972458,13.676090929324118,-0.3770751953125,0.66888427734375,0.22314453125,0.60052490234375,2.625806451612903,79.56989247311827,2.861290322580645,86.70576735092864,2.5387096774193547,76.93059628543499
30.551842004992068,13.676090929324118,-0.3770751953125,0.66888427734375,0.22314453125,0.60052490234375,2.6032258064516127,78.88563049853371,2.8483870967741933,86.3147605083089,2.5709677419354837,77.90811339198436
30.571946820011362,13.837217404729842,-0.37872314453125,0.6688232421875,0.22332763671875,0.59942626953125,2.6032258064516127,78.88563049853371,2.825806451612903,85.63049853372434,2.551612903225806,77.32160312805473
30.59199713799171,13.837217404729842,-0.37872314453125,0.6688232421875,0.22332763671875,0.59942626953125,2.62258064516129,79.47214076246333,2.8516129032258064,86.41251221896383,2.554838709677419,77.41935483870968
30.612081055995077,13.890962266374459,-0.380126953125,0.66864013671875,0.2239990234375,0.59857177734375,2.616129032258064,79.27663734115346,2.796774193548387,84.75073313782991,2.583870967741935,78.2991202346041
30.632227633032016,13.890962266374459,-0.380126953125,0.66864013671875,0.2239990234375,0.59857177734375,2.6419354838709674,80.05865102639295,2.861290322580645,86.70576735092864,2.5387096774193547,76.93059628543499
30.652244477067143,13.890962266374459,-0.380126953125,0.66864013671875,0.2239990234375,0.59857177734375,2.6064516129032254,78.98338220918865,2.8870967741935485,87.48778103616814,2.525806451612903,76.53958944281524
30.672318506985903,13.93332891024798,-0.38104248046875,0.6683349609375,0.22467041015625,0.5980224609375,2.6032258064516127,78.88563049853371,2.7838709677419353,84.35972629521017,2.5741935483870964,78.00586510263928
30.692393305012956,13.93332891024798,-0.38104248046875,0.6683349609375,0.22467041015625,0.5980224609375,2.648387096774193,80.25415444770283,2.825806451612903,85.63049853372434,2.6032258064516127,78.88563049853371
30.712718478986062,13.931327233178138,-0.38165283203125,0.66815185546875,0.2254638671875,0.5975341796875,2.6096774193548384,79.0811339198436,2.7838709677419353,84.35972629521017,2.587096774193548,78.39687194525904
30.732782716979273,13.931327233178138,-0.38165283203125,0.66815185546875,0.2254638671875,0.5975341796875,2.5774193548387094,78.10361681329422,2.8483870967741933,86.3147605083089,2.5774193548387094,78.10361681329422
30.752868843032047,13.931327233178138,-0.38165283203125,0.66815185546875,0.2254638671875,0.5975341796875,2.583870967741935,78.2991202346041,2.8483870967741933,86.3147605083089,2.564516129032258,77.71260997067448
30.77292044099886,13.701909603604989,-0.3798828125,0.66949462890625,0.22802734375,0.59619140625,2.629032258064516,79.6676441837732,2.861290322580645,86.70576735092864,2.5741935483870964,78.00586510263928
30.792977381963283,13.701909603604989,-0.3798828125,0.66949462890625,0.22802734375,0.59619140625,2.6032258064516127,78.88563049853371,2.796774193548387,84.75073313782991,2.590322580645161,78.49462365591397
30.813082325970754,13.530919487682866,-0.37774658203125,0.6710205078125,0.229248046875,0.59539794921875,2.629032258064516,79.6676441837732,2.832258064516129,85.82600195503422,2.551612903225806,77.32160312805473
30.833208388998173,13.530919487682866,-0.37774658203125,0.6710205078125,0.229248046875,0.59539794921875,2.62258064516129,79.47214076246333,2.858064516129032,86.6080156402737,2.5774193548387094,78.10361681329422
30.85321755404584,13.530919487682866,-0.37774658203125,0.6710205078125,0.229248046875,0.59539794921875,2.6129032258064515,79.17888563049853,2.8451612903225807,86.21700879765396,2.551612903225806,77.32160312805473
30.873341568978503,13.351727522557482,-0.37518310546875,0.67236328125,0.22998046875,0.59521484375,2.680645161290322,81.23167155425219,2.838709677419355,86.0215053763441,2.6032258064516127,78.88563049853371
30.893410703050904,13.351727522557482,-0.37518310546875,0.67236328125,0.22998046875,0.59521484375,2.654838709677419,80.4496578690127,2.8096774193548386,85.14173998044966,2.587096774193548,78.39687194525904
30.913514590007253,13.162451133567998,-0.37322998046875,0.67303466796875,0.23101806640625,0.59527587890625,2.6193548387096772,79.37438905180841,2.835483870967742,85.92375366568915,2.590322580645161,78.49462365591397
30.93354452296626,13.162451133567998,-0.37322998046875,0.67303466796875,0.23101806640625,0.59527587890625,2.654838709677419,80.4496578690127,2.832258064516129,85.82600195503422,2.583870967741935,78.2991202346041
30.95359512907453,13.162451133567998,-0.37322998046875,0.67303466796875,0.23101806640625,0.59527587890625,2.6032258064516127,78.88563049853371,2.838709677419355,86.0215053763441,2.564516129032258,77.71260997067448
30.973732040962204,13.037691928038072,-0.372802734375,0.6729736328125,0.23248291015625,0.59503173828125,2.648387096774193,80.25415444770283,2.858064516129032,86.6080156402737,2.583870967741935,78.2991202346041
30.993790965992957,13.037691928038072,-0.372802734375,0.6729736328125,0.23248291015625,0.59503173828125,2.6354838709677417,79.86314760508309,2.861290322580645,86.70576735092864,2.5806451612903225,78.20136852394917
31.013869349029846,12.948499592418642,-0.373046875,0.6727294921875,0.23406982421875,0.59454345703125,2.6322580645161286,79.76539589442815,2.8483870967741933,86.3147605083089,2.5774193548387094,78.10361681329422
31.033988308045082,12.948499592418642,-0.373046875,0.6727294921875,0.23406982421875,0.59454345703125,2.590322580645161,78.49462365591397,2.832258064516129,85.82600195503422,2.5774193548387094,78.10361681329422
31.05404813005589,12.948499592418642,-0.373046875,0.6727294921875,0.23406982421875,0.59454345703125,2.6193548387096772,79.37438905180841,2.861290322580645,86.70576735092864,2.5806451612903225,78.20136852394917
31.07412705605384,12.867872616562096,-0.3739013671875,0.672119140625,0.23602294921875,0.59393310546875,2.629032258064516,79.6676441837732,2.835483870967742,85.92375366568915,2.596774193548387,78.69012707722385
31.094224735046737,12.867872616562096,-0.3739013671875,0.672119140625,0.23602294921875,0.59393310546875,2.6032258064516127,78.88563049853371,2.8,84.84848484848484,2.596774193548387,78.69012707722385
31.114271276979707,12.862251236663326,-0.37542724609375,0.6712646484375,0.2374267578125,0.5933837890625,2.6677419354838707,80.84066471163244,2.825806451612903,85.63049853372434,2.593548387096774,78.59237536656892
31.134354875073768,12.862251236663326,-0.37542724609375,0.6712646484375,0.2374267578125,0.5933837890625,2.6354838709677417,79.86314760508309,2.8870967741935485,87.48778103616814,2.590322580645161,78.49462365591397
31.15443223307375,12.862251236663326,-0.37542724609375,0.6712646484375,0.2374267578125,0.5933837890625,2.6387096774193544,79.960899315738,2.870967741935484,86.99902248289347,2.587096774193548,78.39687194525904
31.174552505020984,12.877836388355135,-0.377685546875,0.6697998046875,0.23876953125,0.59307861328125,2.654838709677419,80.4496578690127,2.825806451612903,85.63049853372434,2.590322580645161,78.49462365591397
31.194593733991496,12.877836388355135,-0.377685546875,0.6697998046875,0.23876953125,0.59307861328125,2.6516129032258062,80.35190615835776,2.8096774193548386,85.14173998044966,2.5806451612903225,78.20136852394917
31.21463339496404,12.942893578896971,-0.380859375,0.66790771484375,0.2403564453125,0.592529296875,2.6354838709677417,79.86314760508309,2.825806451612903,85.63049853372434,2.6096774193548384,79.0811339198436
31.234765667002648,12.942893578896971,-0.380859375,0.66790771484375,0.2403564453125,0.592529296875,2.6451612903225805,80.1564027370479,2.8096774193548386,85.14173998044966,2.5999999999999996,78.78787878787878
31.254828721052036,12.942893578896971,-0.380859375,0.66790771484375,0.2403564453125,0.592529296875,2.5774193548387094,78.10361681329422,2.7903225806451615,84.55522971652005,2.5999999999999996,78.78787878787878
31.27487619104795,13.062355897319264,-0.38525390625,0.66552734375,0.24224853515625,0.59161376953125,2.654838709677419,80.4496578690127,2.861290322580645,86.70576735092864,2.587096774193548,78.39687194525904
31.295001390040852,13.062355897319264,-0.38525390625,0.66552734375,0.24224853515625,0.59161376953125,2.6387096774193544,79.960899315738,2.8161290322580643,85.33724340175954,2.5806451612903225,78.20136852394917
31.31508258904796,13.417300860523184,-0.3912353515625,0.663330078125,0.24346923828125,0.589599609375,2.5774193548387094,78.10361681329422,2.8129032258064517,85.23949169110459,2.5677419354838706,77.81036168132943
31.335156203014776,13.417300860523184,-0.3912353515625,0.663330078125,0.24346923828125,0.589599609375,2.6354838709677417,79.86314760508309,2.8096774193548386,85.14173998044966,2.558064516129032,77.5171065493646
31.355229721055366,13.417300860523184,-0.3912353515625,0.663330078125,0.24346923828125,0.589599609375,2.6322580645161286,79.76539589442815,2.7838709677419353,84.35972629521017,2.6032258064516127,78.88563049853371
31.37530938303098,13.935450841109684,-0.3988037109375,0.6602783203125,0.243408203125,0.58795166015625,2.648387096774193,80.25415444770283,2.8483870967741933,86.3147605083089,2.5999999999999996,78.78787878787878
31.39541903103236,13.935450841109684,-0.3988037109375,0.6602783203125,0.243408203125,0.58795166015625,2.6032258064516127,78.88563049853371,2.796774193548387,84.75073313782991,2.593548387096774,78.59237536656892
31.415466116042808,14.809520184550365,-0.40966796875,0.6556396484375,0.2408447265625,0.5867919921875,2.629032258064516,79.6676441837732,2.7483870967741932,83.28445747800586,2.616129032258064,79.27663734115346
31.43556453101337,14.809520184550365,-0.40966796875,0.6556396484375,0.2408447265625,0.5867919921875,2.6193548387096772,79.37438905180841,2.7483870967741932,83.28445747800586,2.5774193548387094,78.10361681329422
31.455647360999137,14.809520184550365,-0.40966796875,0.6556396484375,0.2408447265625,0.5867919921875,2.590322580645161,78.49462365591397,2.7548387096774194,83.47996089931574,2.564516129032258,77.71260997067448
31.475722479983233,16.068658475408512,-0.422607421875,0.649658203125,0.2352294921875,0.5865478515625,2.6064516129032254,78.98338220918865,2.7322580645161287,82.79569892473117,2.6032258064516127,78.88563049853371
31.49578191700857,16.068658475408512,-0.422607421875,0.649658203125,0.2352294921875,0.5865478515625,2.6096774193548384,79.0811339198436,2.690322580645161,81.524926686217,2.5774193548387094,78.10361681329422
31.515859595965594,17.73384852208531,-0.43701171875,0.64300537109375,0.22637939453125,0.5867919921875,2.5806451612903225,78.20136852394917,2.7064516129032254,82.01368523949168,2.5,75.75757575757575
31.53593858599197,17.73384852208531,-0.43701171875,0.64300537109375,0.22637939453125,0.5867919921875,2.6064516129032254,78.98338220918865,2.6967741935483867,81.72043010752688,2.5129032258064514,76.1485826001955
31.55602960905526,17.73384852208531,-0.43701171875,0.64300537109375,0.22637939453125,0.5867919921875,2.6129032258064515,79.17888563049853,2.7322580645161287,82.79569892473117,2.529032258064516,76.63734115347019
31.57622415397782,19.823219386453815,-0.45147705078125,0.6361083984375,0.2127685546875,0.58843994140625,2.6096774193548384,79.0811339198436,2.6677419354838707,80.84066471163244,2.564516129032258,77.71260997067448
31.596231719013304,19.823219386453815,-0.45147705078125,0.6361083984375,0.2127685546875,0.58843994140625,2.6129032258064515,79.17888563049853,2.690322580645161,81.524926686217,2.5774193548387094,78.10361681329422
31.616301940986887,22.436538384667486,-0.4664306640625,0.62811279296875,0.1937255859375,0.5919189453125,2.6064516129032254,78.98338220918865,2.6645161290322577,80.74291300097751,2.525806451612903,76.53958944281524
31.636419204063714,22.436538384667486,-0.4664306640625,0.62811279296875,0.1937255859375,0.5919189453125,2.6096774193548384,79.0811339198436,2.680645161290322,81.23167155425219,2.554838709677419,77.41935483870968
31.65642072004266,22.436538384667486,-0.4664306640625,0.62811279296875,0.1937255859375,0.5919189453125,2.583870967741935,78.2991202346041,2.658064516129032,80.54740957966764,2.564516129032258,77.71260997067448
31.676549087977037,25.51084494792366,-0.48260498046875,0.61907958984375,0.1712646484375,0.59539794921875,2.5806451612903225,78.20136852394917,2.6741935483870964,81.03616813294232,2.5387096774193547,76.93059628543499
31.696621678071097,25.51084494792366,-0.48260498046875,0.61907958984375,0.1712646484375,0.59539794921875,2.5999999999999996,78.78787878787878,2.658064516129032,80.54740957966764,2.5483870967741935,77.2238514173998
31.71668719605077,29.0263677743448,-0.49969482421875,0.60821533203125,0.14532470703125,0.59942626953125,2.6032258064516127,78.88563049853371,2.725806451612903,82.6001955034213,2.590322580645161,78.49462365591397
31.73676781798713,29.0263677743448,-0.49969482421875,0.60821533203125,0.14532470703125,0.59942626953125,2.525806451612903,76.53958944281524,2.6516129032258062,80.35190615835776,2.5677419354838706,77.81036168132943
31.756847448996268,29.0263677743448,-0.49969482421875,0.60821533203125,0.14532470703125,0.59942626953125,2.590322580645161,78.49462365591397,2.680645161290322,81.23167155425219,2.564516129032258,77.71260997067448
31.77691303100437,32.899382741452214,-0.5179443359375,0.59527587890625,0.11761474609375,0.6029052734375,2.616129032258064,79.27663734115346,2.5999999999999996,78.78787878787878,2.564516129032258,77.71260997067448
31.7971109689679,32.899382741452214,-0.5179443359375,0.59527587890625,0.11761474609375,0.6029052734375,2.593548387096774,78.59237536656892,2.648387096774193,80.25415444770283,2.554838709677419,77.41935483870968
31.81724685698282,37.00685774710145,-0.53680419921875,0.58013916015625,0.08880615234375,0.6060791015625,2.558064516129032,77.5171065493646,2.6419354838709674,80.05865102639295,2.5387096774193547,76.93059628543499
31.837348952074535,37.00685774710145,-0.53680419921875,0.58013916015625,0.08880615234375,0.6060791015625,2.5774193548387094,78.10361681329422,2.625806451612903,79.56989247311827,2.558064516129032,77.5171065493646
31.857376196072437,37.00685774710145,-0.53680419921875,0.58013916015625,0.08880615234375,0.6060791015625,2.6096774193548384,79.0811339198436,2.625806451612903,79.56989247311827,2.5677419354838706,77.81036168132943
31.877453939057887,41.16318665133772,-0.55596923828125,0.564453125,0.0606689453125,0.60711669921875,2.62258064516129,79.47214076246333,2.5999999999999996,78.78787878787878,2.551612903225806,77.32160312805473
31.897514048963785,41.16318665133772,-0.55596923828125,0.564453125,0.0606689453125,0.60711669921875,2.6032258064516127,78.88563049853371,2.654838709677419,80.4496578690127,2.525806451612903,76.53958944281524
31.917583086993545,45.26214246522884,-0.57427978515625,0.54876708984375,0.033203125,0.6065673828125,2.625806451612903,79.56989247311827,2.6322580645161286,79.76539589442815,2.5451612903225804,77.12609970674487
31.93768195004668,45.26214246522884,-0.57427978515625,0.54876708984375,0.033203125,0.6065673828125,2.5806451612903225,78.20136852394917,2.6193548387096772,79.37438905180841,2.551612903225806,77.32160312805473
31.957764044054784,45.26214246522884,-0.57427978515625,0.54876708984375,0.033203125,0.6065673828125,2.6032258064516127,78.88563049853371,2.648387096774193,80.25415444770283,2.5129032258064514,76.1485826001955
31.977836281992495,49.09261823625089,-0.59112548828125,0.53289794921875,0.00811767578125,0.60540771484375,2.525806451612903,76.53958944281524,2.6032258064516127,78.88563049853371,2.561290322580645,77.61485826001955
31.99791181704495,49.09261823625089,-0.59112548828125,0.53289794921875,0.00811767578125,0.60540771484375,2.554838709677419,77.41935483870968,2.5999999999999996,78.78787878787878,2.5709677419354837,77.90811339198436
32.01803295197897,52.737010423941406,-0.60650634765625,0.51727294921875,-0.015625,0.60357666015625,2.5999999999999996,78.78787878787878,2.629032258064516,79.6676441837732,2.529032258064516,76.63734115347019
32.038102054037154,52.737010423941406,-0.60650634765625,0.51727294921875,-0.015625,0.60357666015625,2.532258064516129,76.73509286412512,2.554838709677419,77.41935483870968,2.529032258064516,76.63734115347019
32.05815682001412,52.737010423941406,-0.60650634765625,0.51727294921875,-0.015625,0.60357666015625,2.5451612903225804,77.12609970674487,2.5419354838709673,77.02834799608992,2.551612903225806,77.32160312805473
32.07823699398432,56.17299790994507,-0.620361328125,0.501953125,-0.0379638671875,0.6014404296875,2.5741935483870964,78.00586510263928,2.525806451612903,76.53958944281524,2.5,75.75757575757575
32.09832920099143,56.17299790994507,-0.620361328125,0.501953125,-0.0379638671875,0.6014404296875,2.5709677419354837,77.90811339198436,2.5709677419354837,77.90811339198436,2.487096774193548,75.366568914956
32.11837907100562,59.205851755056784,-0.6328125,0.48748779296875,-0.056884765625,0.59893798828125,2.616129032258064,79.27663734115346,2.490322580645161,75.46432062561095,2.5451612903225804,77.12609970674487
32.13848267006688,59.205851755056784,-0.6328125,0.48748779296875,-0.056884765625,0.59893798828125,2.554838709677419,77.41935483870968,2.493548387096774,75.56207233626587,2.564516129032258,77.71260997067448
32.15853237896226,59.205851755056784,-0.6328125,0.48748779296875,-0.056884765625,0.59893798828125,2.532258064516129,76.73509286412512,2.5,75.75757575757575,2.529032258064516,76.63734115347019
32.17862506606616,62.05537921104006,-0.64404296875,0.47393798828125,-0.07464599609375,0.5958251953125,2.529032258064516,76.63734115347019,2.493548387096774,75.56207233626587,2.5,75.75757575757575
32.198728217044845,62.05537921104006,-0.64404296875,0.47393798828125,-0.07464599609375,0.5958251953125,2.5774193548387094,78.10361681329422,2.464516129032258,74.68230694037146,2.52258064516129,76.44183773216031
32.2187837830279,64.81213433010484,-0.65350341796875,0.461669921875,-0.093017578125,0.59259033203125,2.551612903225806,77.32160312805473,2.4290322580645163,73.60703812316717,2.5354838709677416,76.83284457478005
32.23889570205938,64.81213433010484,-0.65350341796875,0.461669921875,-0.093017578125,0.59259033203125,2.4741935483870967,74.97556207233626,2.4516129032258065,74.29130009775172,2.532258064516129,76.73509286412512
32.25898534897715,64.81213433010484,-0.65350341796875,0.461669921875,-0.093017578125,0.59259033203125,2.5096774193548383,76.05083088954055,2.425806451612903,73.50928641251222,2.496774193548387,75.65982404692082
32.279064018977806,67.35251184516225,-0.662353515625,0.45062255859375,-0.109619140625,0.58837890625,2.5161290322580645,76.24633431085044,2.370967741935484,71.8475073313783,2.525806451612903,76.53958944281524
32.29914793802891,67.35251184516225,-0.662353515625,0.45062255859375,-0.109619140625,0.58837890625,2.4741935483870967,74.97556207233626,2.42258064516129,73.41153470185728,2.532258064516129,76.73509286412512
32.31925454502925,69.79449320455583,-0.6705322265625,0.4404296875,-0.12579345703125,0.5836181640625,2.4806451612903224,75.17106549364614,2.4161290322580644,73.21603128054741,2.487096774193548,75.366568914956
32.339314014068805,69.79449320455583,-0.6705322265625,0.4404296875,-0.12579345703125,0.5836181640625,2.4806451612903224,75.17106549364614,2.4064516129032256,72.9227761485826,2.5161290322580645,76.24633431085044
32.359436045982875,69.79449320455583,-0.6705322265625,0.4404296875,-0.12579345703125,0.5836181640625,2.525806451612903,76.53958944281524,2.4064516129032256,72.9227761485826,2.5161290322580645,76.24633431085044
32.37955676601268,72.0836584504271,-0.6773681640625,0.43072509765625,-0.141357421875,0.57940673828125,2.496774193548387,75.65982404692082,2.370967741935484,71.8475073313783,2.525806451612903,76.53958944281524
32.39961258706171,72.0836584504271,-0.6773681640625,0.43072509765625,-0.141357421875,0.57940673828125,2.490322580645161,75.46432062561095,2.390322580645161,72.43401759530792,2.5451612903225804,77.12609970674487
32.41979436506517,74.25847119017494,-0.6834716796875,0.41949462890625,-0.15557861328125,0.57684326171875,2.4741935483870967,74.97556207233626,2.3741935483870966,71.94525904203324,2.5774193548387094,78.10361681329422
32.43986410705838,74.25847119017494,-0.6834716796875,0.41949462890625,-0.15557861328125,0.57684326171875,2.4741935483870967,74.97556207233626,2.3193548387096774,70.28347996089931,2.5161290322580645,76.24633431085044
32.459937145002186,74.25847119017494,-0.6834716796875,0.41949462890625,-0.15557861328125,0.57684326171875,2.464516129032258,74.68230694037146,2.306451612903226,69.89247311827957,2.525806451612903,76.53958944281524
32.47998298204038,76.37445780943116,-0.68927001953125,0.40814208984375,-0.16912841796875,0.57421875,2.4419354838709677,73.9980449657869,2.3193548387096774,70.28347996089931,2.5096774193548383,76.05083088954055
32.50007061299402,76.37445780943116,-0.68927001953125,0.40814208984375,-0.16912841796875,0.57421875,2.467741935483871,74.7800586510264,2.2677419354838713,68.71945259042035,2.5096774193548383,76.05083088954055
32.520134179037996,78.67167382019798,-0.695556640625,0.39666748046875,-0.18389892578125,0.570068359375,2.445161290322581,74.09579667644185,2.2580645161290325,68.42619745845553,2.5483870967741935,77.2238514173998
32.54022901004646,78.67167382019798,-0.695556640625,0.39666748046875,-0.18389892578125,0.570068359375,2.432258064516129,73.70478983382209,2.225806451612903,67.44868035190615,2.5774193548387094,78.10361681329422
32.560343937017024,78.67167382019798,-0.695556640625,0.39666748046875,-0.18389892578125,0.570068359375,2.4193548387096775,73.31378299120234,2.1967741935483867,66.56891495601171,2.5129032258064514,76.1485826001955
32.580372045980766,81.08767381905918,-0.7022705078125,0.38568115234375,-0.19952392578125,0.56414794921875,2.3967741935483873,72.6295210166178,2.2064516129032254,66.86217008797654,2.564516129032258,77.71260997067448
32.60045180399902,81.08767381905918,-0.7022705078125,0.38568115234375,-0.19952392578125,0.56414794921875,2.4516129032258065,74.29130009775172,2.190322580645161,66.37341153470186,2.554838709677419,77.41935483870968
32.62052004307043,83.48337152840551,-0.7095947265625,0.37664794921875,-0.21484375,0.555419921875,2.42258064516129,73.41153470185728,2.2064516129032254,66.86217008797654,2.561290322580645,77.61485826001955
32.640652506030165,83.48337152840551,-0.7095947265625,0.37664794921875,-0.21484375,0.555419921875,2.4161290322580644,73.21603128054741,2.2161290322580642,67.15542521994135,2.525806451612903,76.53958944281524
32.6607104720315,83.48337152840551,-0.7095947265625,0.37664794921875,-0.21484375,0.555419921875,2.4161290322580644,73.21603128054741,2.24516129032258,68.03519061583576,2.561290322580645,77.61485826001955
32.68082098301966,85.78459756901175,-0.7159423828125,0.3695068359375,-0.2303466796875,0.5457763671875,2.435483870967742,73.80254154447702,2.2161290322580642,67.15542521994135,2.5741935483870964,78.00586510263928
32.70087440498173,85.78459756901175,-0.7159423828125,0.3695068359375,-0.2303466796875,0.5457763671875,2.403225806451613,72.82502443792767,2.2774193548387096,69.01270772238514,2.558064516129032,77.5171065493646
32.720946387038566,87.95820063065767,-0.72113037109375,0.36395263671875,-0.2457275390625,0.53582763671875,2.4483870967741934,74.19354838709677,2.3000000000000003,69.69696969696972,2.554838709677419,77.41935483870968
32.74105549103115,87.95820063065767,-0.72113037109375,0.36395263671875,-0.2457275390625,0.53582763671875,2.435483870967742,73.80254154447702,2.296774193548387,69.59921798631477,2.564516129032258,77.71260997067448
32.76109659206122,87.95820063065767,-0.72113037109375,0.36395263671875,-0.2457275390625,0.53582763671875,2.42258064516129,73.41153470185728,2.293548387096774,69.50146627565982,2.5677419354838706,77.81036168132943
32.78117017401382,90.09069555854343,-0.7255859375,0.35809326171875,-0.26092529296875,0.5264892578125,2.412903225806452,73.11827956989248,2.303225806451613,69.79472140762464,2.525806451612903,76.53958944281524
32.8012461559847,90.09069555854343,-0.7255859375,0.35809326171875,-0.26092529296875,0.5264892578125,2.3838709677419354,72.23851417399804,2.2838709677419358,69.20821114369502,2.5709677419354837,77.90811339198436
32.821323035052046,92.2792080937621,-0.73016357421875,0.35076904296875,-0.27581787109375,0.5174560546875,2.42258064516129,73.41153470185728,2.2483870967741932,68.1329423264907,2.561290322580645,77.61485826001955
32.84142548206728,92.2792080937621,-0.73016357421875,0.35076904296875,-0.27581787109375,0.5174560546875,2.435483870967742,73.80254154447702,2.2419354838709675,67.93743890518084,2.564516129032258,77.71260997067448
32.861469462979585,92.2792080937621,-0.73016357421875,0.35076904296875,-0.27581787109375,0.5174560546875,2.4096774193548387,73.02052785923753,2.2483870967741932,68.1329423264907,2.525806451612903,76.53958944281524
32.88158970302902,94.54589684531896,-0.73486328125,0.3433837890625,-0.291015625,0.50738525390625,2.4096774193548387,73.02052785923753,2.2580645161290325,68.42619745845553,2.5774193548387094,78.10361681329422
32.90166098100599,94.54589684531896,-0.73486328125,0.3433837890625,-0.291015625,0.50738525390625,2.412903225806452,73.11827956989248,2.2806451612903227,69.11045943304008,2.5387096774193547,76.93059628543499
32.92173526703846,96.48177671541578,-0.73907470703125,0.33837890625,-0.30389404296875,0.4969482421875,2.4096774193548387,73.02052785923753,2.3000000000000003,69.69696969696972,2.551612903225806,77.32160312805473
32.941816209000535,96.48177671541578,-0.73907470703125,0.33837890625,-0.30389404296875,0.4969482421875,2.4419354838709677,73.9980449657869,2.306451612903226,69.89247311827957,2.525806451612903,76.53958944281524
32.96191584004555,96.48177671541578,-0.73907470703125,0.33837890625,-0.30389404296875,0.4969482421875,2.445161290322581,74.09579667644185,2.358064516129032,71.45650048875855,2.5677419354838706,77.81036168132943
32.98198529507499,98.2082829466527,-0.74334716796875,0.33551025390625,-0.31512451171875,0.48541259765625,2.3967741935483873,72.6295210166178,2.335483870967742,70.772238514174,2.551612903225806,77.32160312805473
33.002070429036394,98.2082829466527,-0.74334716796875,0.33551025390625,-0.31512451171875,0.48541259765625,2.3967741935483873,72.6295210166178,2.338709677419355,70.86999022482894,2.6032258064516127,78.88563049853371
33.0221288750181,99.96478190626927,-0.74652099609375,0.33245849609375,-0.32720947265625,0.4744873046875,2.435483870967742,73.80254154447702,2.3419354838709676,70.96774193548387,2.590322580645161,78.49462365591397
33.04226370702963,99.96478190626927,-0.74652099609375,0.33245849609375,-0.32720947265625,0.4744873046875,2.4161290322580644,73.21603128054741,2.3548387096774195,71.35874877810362,2.5774193548387094,78.10361681329422
33.06230717606377,99.96478190626927,-0.74652099609375,0.33245849609375,-0.32720947265625,0.4744873046875,2.4419354838709677,73.9980449657869,2.3322580645161293,70.67448680351907,2.5806451612903225,78.20136852394917
33.082421720027924,101.56521291841433,-0.74884033203125,0.32965087890625,-0.33843994140625,0.4647216796875,2.458064516129032,74.48680351906158,2.3322580645161293,70.67448680351907,2.616129032258064,79.27663734115346
33.102512679062784,101.56521291841433,-0.74884033203125,0.32965087890625,-0.33843994140625,0.4647216796875,2.4774193548387093,75.07331378299119,2.3838709677419354,72.23851417399804,2.551612903225806,77.32160312805473
33.1225759240333,102.87175913461846,-0.74993896484375,0.328857421875,-0.3485107421875,0.4560546875,2.496774193548387,75.65982404692082,2.3741935483870966,71.94525904203324,2.593548387096774,78.59237536656892
33.142673827009276,102.87175913461846,-0.74993896484375,0.328857421875,-0.3485107421875,0.4560546875,2.490322580645161,75.46432062561095,2.4161290322580644,73.21603128054741,2.5806451612903225,78.20136852394917
33.162742929998785,102.87175913461846,-0.74993896484375,0.328857421875,-0.3485107421875,0.4560546875,2.4774193548387093,75.07331378299119,2.403225806451613,72.82502443792767,2.5806451612903225,78.20136852394917
33.18282598396763,104.06621087921823,-0.75030517578125,0.3284912109375,-0.358154296875,0.4481201171875,2.4838709677419355,75.26881720430107,2.3967741935483873,72.6295210166178,2.564516129032258,77.71260997067448
33.20288407802582,104.06621087921823,-0.75030517578125,0.3284912109375,-0.358154296875,0.4481201171875,2.4806451612903224,75.17106549364614,2.4,72.72727272727273,2.587096774193548,78.39687194525904
33.22294485999737,105.37465709455634,-0.75146484375,0.32574462890625,-0.367431640625,0.440673828125,2.4774193548387093,75.07331378299119,2.42258064516129,73.41153470185728,2.525806451612903,76.53958944281524
33.24309777200688,105.37465709455634,-0.75146484375,0.32574462890625,-0.367431640625,0.440673828125,2.496774193548387,75.65982404692082,2.42258064516129,73.41153470185728,2.593548387096774,78.59237536656892
33.26313925802242,105.37465709455634,-0.75146484375,0.32574462890625,-0.367431640625,0.440673828125,2.4774193548387093,75.07331378299119,2.425806451612903,73.50928641251222,2.596774193548387,78.69012707722385
33.28322186402511,106.75044476470052,-0.75335693359375,0.32464599609375,-0.376708984375,0.4302978515625,2.5161290322580645,76.24633431085044,2.432258064516129,73.70478983382209,2.5806451612903225,78.20136852394917
33.30326808500104,106.75044476470052,-0.75335693359375,0.32464599609375,-0.376708984375,0.4302978515625,2.52258064516129,76.44183773216031,2.370967741935484,71.8475073313783,2.593548387096774,78.59237536656892
33.323359268018976,108.00583032438321,-0.7550048828125,0.32568359375,-0.3853759765625,0.4188232421875,2.5161290322580645,76.24633431085044,2.4612903225806453,74.58455522971653,2.593548387096774,78.59237536656892
33.34343406604603,108.00583032438321,-0.7550048828125,0.32568359375,-0.3853759765625,0.4188232421875,2.5161290322580645,76.24633431085044,2.4419354838709677,73.9980449657869,2.593548387096774,78.59237536656892
33.36351116898004,108.00583032438321,-0.7550048828125,0.32568359375,-0.3853759765625,0.4188232421875,2.5387096774193547,76.93059628543499,2.435483870967742,73.80254154447702,2.596774193548387,78.69012707722385
33.38358471903484,109.25651706823969,-0.75567626953125,0.32611083984375,-0.39453125,0.4085693359375,2.52258064516129,76.44183773216031,2.467741935483871,74.7800586510264,2.5806451612903225,78.20136852394917
33.403663197066635,109.25651706823969,-0.75567626953125,0.32611083984375,-0.39453125,0.4085693359375,2.4741935483870967,74.97556207233626,2.4741935483870967,74.97556207233626,2.6032258064516127,78.88563049853371
33.42377111699898,110.50891148811567,-0.7557373046875,0.32550048828125,-0.4039306640625,0.399658203125,2.596774193548387,78.69012707722385,2.496774193548387,75.65982404692082,2.5806451612903225,78.20136852394917
33.44381740200333,110.50891148811567,-0.7557373046875,0.32550048828125,-0.4039306640625,0.399658203125,2.5419354838709673,77.02834799608992,2.5,75.75757575757575,2.5806451612903225,78.20136852394917
33.4638277500635,110.50891148811567,-0.7557373046875,0.32550048828125,-0.4039306640625,0.399658203125,2.529032258064516,76.63734115347019,2.525806451612903,76.53958944281524,2.654838709677419,80.4496578690127
33.483885876019485,111.81898449947187,-0.7557373046875,0.32586669921875,-0.41375732421875,0.3892822265625,2.5451612903225804,77.12609970674487,2.529032258064516,76.63734115347019,2.558064516129032,77.5171065493646
33.50395117001608,111.81898449947187,-0.7557373046875,0.32586669921875,-0.41375732421875,0.3892822265625,2.564516129032258,77.71260997067448,2.487096774193548,75.366568914956,2.590322580645161,78.49462365591397
33.524033777066506,112.92351432080872,-0.7562255859375,0.3271484375,-0.42144775390625,0.37890625,2.5354838709677416,76.83284457478005,2.5387096774193547,76.93059628543499,2.62258064516129,79.47214076246333
33.54408937401604,112.92351432080872,-0.7562255859375,0.3271484375,-0.42144775390625,0.37890625,2.5774193548387094,78.10361681329422,2.525806451612903,76.53958944281524,2.6032258064516127,78.88563049853371
33.56420695804991,112.92351432080872,-0.7562255859375,0.3271484375,-0.42144775390625,0.37890625,2.525806451612903,76.53958944281524,2.564516129032258,77.71260997067448,2.5774193548387094,78.10361681329422
33.584297692985274,113.75768452585814,-0.7559814453125,0.32843017578125,-0.42767333984375,0.37109375,2.587096774193548,78.39687194525904,2.5774193548387094,78.10361681329422,2.5806451612903225,78.20136852394917
33.60437549906783,113.75768452585814,-0.7559814453125,0.32843017578125,-0.42767333984375,0.37109375,2.561290322580645,77.61485826001955,2.5677419354838706,77.81036168132943,2.6064516129032254,78.98338220918865
33.62444092100486,114.70629215957993,-0.755615234375,0.328369140625,-0.43463134765625,0.36370849609375,2.5774193548387094,78.10361681329422,2.554838709677419,77.41935483870968,2.593548387096774,78.59237536656892
33.644531816011295,114.70629215957993,-0.755615234375,0.328369140625,-0.43463134765625,0.36370849609375,2.6032258064516127,78.88563049853371,2.5806451612903225,78.20136852394917,2.596774193548387,78.69012707722385
33.6646128220018,114.70629215957993,-0.755615234375,0.328369140625,-0.43463134765625,0.36370849609375,2.587096774193548,78.39687194525904,2.62258064516129,79.47214076246333,2.5774193548387094,78.10361681329422
33.685442139045335,115.57452083461052,-0.75567626953125,0.33038330078125,-0.44061279296875,0.3544921875,2.551612903225806,77.32160312805473,2.6129032258064515,79.17888563049853,2.616129032258064,79.27663734115346
33.70497762504965,115.57452083461052,-0.75567626953125,0.33038330078125,-0.44061279296875,0.3544921875,2.6096774193548384,79.0811339198436,2.629032258064516,79.6676441837732,2.5806451612903225,78.20136852394917
33.72504813503474,116.12720146757158,-0.7559814453125,0.3341064453125,-0.444091796875,0.3458251953125,2.5806451612903225,78.20136852394917,2.648387096774193,80.25415444770283,2.596774193548387,78.69012707722385
33.74514088605065,116.12720146757158,-0.7559814453125,0.3341064453125,-0.444091796875,0.3458251953125,2.5677419354838706,77.81036168132943,2.654838709677419,80.4496578690127,2.5806451612903225,78.20136852394917
33.765179875073954,116.12720146757158,-0.7559814453125,0.3341064453125,-0.444091796875,0.3458251953125,2.5774193548387094,78.10361681329422,2.6419354838709674,80.05865102639295,2.629032258064516,79.6676441837732
33.78533752402291,116.51278740373809,-0.75579833984375,0.33843994140625,-0.44683837890625,0.33837890625,2.590322580645161,78.49462365591397,2.6419354838709674,80.05865102639295,2.593548387096774,78.59237536656892
33.80536662496161,116.51278740373809,-0.75579833984375,0.33843994140625,-0.44683837890625,0.33837890625,2.5774193548387094,78.10361681329422,2.6354838709677417,79.86314760508309,2.6387096774193544,79.960899315738
33.8254565600073,117.00341827950434,-0.7552490234375,0.34112548828125,-0.4505615234375,0.33203125,2.5806451612903225,78.20136852394917,2.6322580645161286,79.76539589442815,2.6032258064516127,78.88563049853371
33.845527837984264,117.00341827950434,-0.7552490234375,0.34112548828125,-0.4505615234375,0.33203125,2.5806451612903225,78.20136852394917,2.6419354838709674,80.05865102639295,2.558064516129032,77.5171065493646
33.86555841099471,117.00341827950434,-0.7552490234375,0.34112548828125,-0.4505615234375,0.33203125,2.5806451612903225,78.20136852394917,2.658064516129032,80.54740957966764,2.629032258064516,79.6676441837732
33.8856739460025,117.26752952656962,-0.75482177734375,0.342041015625,-0.45263671875,0.32916259765625,2.593548387096774,78.59237536656892,2.6032258064516127,78.88563049853371,2.616129032258064,79.27663734115346
33.90570880705491,117.26752952656962,-0.75482177734375,0.342041015625,-0.45263671875,0.32916259765625,2.648387096774193,80.25415444770283,2.6354838709677417,79.86314760508309,2.5999999999999996,78.78787878787878
33.92575368506368,117.24735204096066,-0.7545166015625,0.34283447265625,-0.45281982421875,0.328857421875,2.5806451612903225,78.20136852394917,2.658064516129032,80.54740957966764,2.5774193548387094,78.10361681329422
33.945858468068764,117.24735204096066,-0.7545166015625,0.34283447265625,-0.45281982421875,0.328857421875,2.616129032258064,79.27663734115346,2.6322580645161286,79.76539589442815,2.5999999999999996,78.78787878787878
33.96592302597128,117.24735204096066,-0.7545166015625,0.34283447265625,-0.45281982421875,0.328857421875,2.564516129032258,77.71260997067448,2.6354838709677417,79.86314760508309,2.5806451612903225,78.20136852394917
33.98597865598276,117.16601457177192,-0.754150390625,0.3433837890625,-0.45263671875,0.32928466796875,2.525806451612903,76.53958944281524,2.6419354838709674,80.05865102639295,2.629032258064516,79.6676441837732
34.00606395001523,117.16601457177192,-0.754150390625,0.3433837890625,-0.45263671875,0.32928466796875,2.593548387096774,78.59237536656892,2.6387096774193544,79.960899315738,2.6096774193548384,79.0811339198436
34.026137885055505,117.07523078347808,-0.75347900390625,0.3441162109375,-0.4527587890625,0.33001708984375,2.587096774193548,78.39687194525904,2.6451612903225805,80.1564027370479,2.616129032258064,79.27663734115346
34.0461826659739,117.07523078347808,-0.75347900390625,0.3441162109375,-0.4527587890625,0.33001708984375,2.6129032258064515,79.17888563049853,2.629032258064516,79.6676441837732,2.5999999999999996,78.78787878787878
34.066234583966434,117.07523078347808,-0.75347900390625,0.3441162109375,-0.4527587890625,0.33001708984375,2.596774193548387,78.69012707722385,2.680645161290322,81.23167155425219,2.5999999999999996,78.78787878787878
34.08636784798,117.02891710858654,-0.752685546875,0.3450927734375,-0.45318603515625,0.33001708984375,2.6032258064516127,78.88563049853371,2.680645161290322,81.23167155425219,2.616129032258064,79.27663734115346
34.10639179707505,117.02891710858654,-0.752685546875,0.3450927734375,-0.45318603515625,0.33001708984375,2.593548387096774,78.59237536656892,2.6645161290322577,80.74291300097751,2.616129032258064,79.27663734115346
34.126487010973506,116.97634833464828,-0.752197265625,0.34588623046875,-0.453369140625,0.3302001953125,2.593548387096774,78.59237536656892,2.6677419354838707,80.84066471163244,2.5806451612903225,78.20136852394917
34.146606035064906,116.97634833464828,-0.752197265625,0.34588623046875,-0.453369140625,0.3302001953125,2.525806451612903,76.53958944281524,2.6322580645161286,79.76539589442815,2.5999999999999996,78.78787878787878
34.16669433796778,116.97634833464828,-0.752197265625,0.34588623046875,-0.453369140625,0.3302001953125,2.590322580645161,78.49462365591397,2.654838709677419,80.4496578690127,2.5806451612903225,78.20136852394917
34.1867253590608,116.94608834945726,-0.7515869140625,0.34552001953125,-0.45379638671875,0.33135986328125,2.6419354838709674,80.05865102639295,2.6322580645161286,79.76539589442815,2.616129032258064,79.27663734115346
34.20681279699784,116.94608834945726,-0.7515869140625,0.34552001953125,-0.45379638671875,0.33135986328125,2.5806451612903225,78.20136852394917,2.6516129032258062,80.35190615835776,2.616129032258064,79.27663734115346
34.22686279506888,117.01424022384965,-0.7508544921875,0.3446044921875,-0.45501708984375,0.3323974609375,2.590322580645161,78.49462365591397,2.654838709677419,80.4496578690127,2.6064516129032254,78.98338220918865
34.247038747998886,117.01424022384965,-0.7508544921875,0.3446044921875,-0.45501708984375,0.3323974609375,2.5999999999999996,78.78787878787878,2.6451612903225805,80.1564027370479,2.6032258064516127,78.88563049853371
34.26706189697143,117.01424022384965,-0.7508544921875,0.3446044921875,-0.45501708984375,0.3323974609375,2.593548387096774,78.59237536656892,2.62258064516129,79.47214076246333,2.5999999999999996,78.78787878787878
34.28715986397583,117.04903505172675,-0.7506103515625,0.34442138671875,-0.4554443359375,0.3323974609375,2.593548387096774,78.59237536656892,2.6677419354838707,80.84066471163244,2.5806451612903225,78.20136852394917
34.307235909975134,117.04903505172675,-0.7506103515625,0.34442138671875,-0.4554443359375,0.3323974609375,2.648387096774193,80.25415444770283,2.658064516129032,80.54740957966764,2.6129032258064515,79.17888563049853
34.32730513997376,117.07484628332939,-0.75067138671875,0.34417724609375,-0.45556640625,0.3323974609375,2.616129032258064,79.27663734115346,2.654838709677419,80.4496578690127,2.629032258064516,79.6676441837732
34.347384131047875,117.07484628332939,-0.75067138671875,0.34417724609375,-0.45556640625,0.3323974609375,2.661290322580645,80.64516129032258,2.658064516129032,80.54740957966764,2.6064516129032254,78.98338220918865
34.36747265805025,117.07484628332939,-0.75067138671875,0.34417724609375,-0.45556640625,0.3323974609375,2.5774193548387094,78.10361681329422,2.6774193548387095,81.13391984359725,2.629032258064516,79.6676441837732
34.387576768989675,117.12268737216108,-0.750244140625,0.34381103515625,-0.456298828125,0.33270263671875,2.629032258064516,79.6676441837732,2.7322580645161287,82.79569892473117,2.6064516129032254,78.98338220918865
34.40766407898627,117.12268737216108,-0.750244140625,0.34381103515625,-0.456298828125,0.33270263671875,2.6096774193548384,79.0811339198436,2.6709677419354834,80.93841642228737,2.629032258064516,79.6676441837732
34.4277335020015,117.26262576019394,-0.74957275390625,0.34320068359375,-0.4578857421875,0.33270263671875,2.6419354838709674,80.05865102639295,2.658064516129032,80.54740957966764,2.629032258064516,79.6676441837732
34.44779293902684,117.26262576019394,-0.74957275390625,0.34320068359375,-0.4578857421875,0.33270263671875,2.62258064516129,79.47214076246333,2.6741935483870964,81.03616813294232,2.6064516129032254,78.98338220918865
34.46782088803593,117.26262576019394,-0.74957275390625,0.34320068359375,-0.4578857421875,0.33270263671875,2.6129032258064515,79.17888563049853,2.725806451612903,82.6001955034213,2.629032258064516,79.6676441837732
34.48793053603731,117.32394969662118,-0.74908447265625,0.34283447265625,-0.458740234375,0.3328857421875,2.6322580645161286,79.76539589442815,2.6354838709677417,79.86314760508309,2.6193548387096772,79.37438905180841
34.50799714203458,117.32394969662118,-0.74908447265625,0.34283447265625,-0.458740234375,0.3328857421875,2.590322580645161,78.49462365591397,2.661290322580645,80.64516129032258,2.6064516129032254,78.98338220918865
34.528072932036594,117.35482456391333,-0.7486572265625,0.34234619140625,-0.45941162109375,0.33355712890625,2.590322580645161,78.49462365591397,2.6677419354838707,80.84066471163244,2.629032258064516,79.6676441837732
34.54811499302741,117.35482456391333,-0.7486572265625,0.34234619140625,-0.45941162109375,0.33355712890625,2.629032258064516,79.6676441837732,2.6354838709677417,79.86314760508309,2.6096774193548384,79.0811339198436
34.56820812798105,117.35482456391333,-0.7486572265625,0.34234619140625,-0.45941162109375,0.33355712890625,2.6193548387096772,79.37438905180841,2.7064516129032254,82.01368523949168,2.6064516129032254,78.98338220918865
34.58833399997093,117.32777308670174,-0.74810791015625,0.3421630859375,-0.45977783203125,0.33441162109375,2.6419354838709674,80.05865102639295,2.629032258064516,79.6676441837732,2.629032258064516,79.6676441837732
34.608348989044316,117.32777308670174,-0.74810791015625,0.3421630859375,-0.45977783203125,0.33441162109375,2.6096774193548384,79.0811339198436,2.6516129032258062,80.35190615835776,2.616129032258064,79.27663734115346
34.62840052205138,117.29872640892415,-0.7476806640625,0.341796875,-0.46002197265625,0.33538818359375,2.648387096774193,80.25415444770283,2.629032258064516,79.6676441837732,2.6096774193548384,79.0811339198436
34.64848940097727,117.29872640892415,-0.7476806640625,0.341796875,-0.46002197265625,0.33538818359375,2.5774193548387094,78.10361681329422,2.6645161290322577,80.74291300097751,2.5774193548387094,78.10361681329422
34.668529734015465,117.27524315518477,-0.7471923828125,0.34149169921875,-0.46038818359375,0.33636474609375,2.5999999999999996,78.78787878787878,2.6419354838709674,80.05865102639295,2.62258064516129,79.47214076246333
34.688597748056054,117.27524315518477,-0.7471923828125,0.34149169921875,-0.46038818359375,0.33636474609375,2.616129032258064,79.27663734115346,2.6032258064516127,78.88563049853371,2.6129032258064515,79.17888563049853
34.70869206706993,117.27524315518477,-0.7471923828125,0.34149169921875,-0.46038818359375,0.33636474609375,2.616129032258064,79.27663734115346,2.6741935483870964,81.03616813294232,2.6064516129032254,78.98338220918865
34.72873064002488,117.13227799881435,-0.7470703125,0.3408203125,-0.4595947265625,0.33837890625,2.5999999999999996,78.78787878787878,2.6096774193548384,79.0811339198436,2.6709677419354834,80.93841642228737
34.74879455799237,117.13227799881435,-0.7470703125,0.3408203125,-0.4595947265625,0.33837890625,2.5806451612903225,78.20136852394917,2.6193548387096772,79.37438905180841,2.6677419354838707,80.84066471163244
34.76890532602556,116.93396048645884,-0.7474365234375,0.33953857421875,-0.45794677734375,0.341064453125,2.6032258064516127,78.88563049853371,2.6064516129032254,78.98338220918865,2.6064516129032254,78.98338220918865
34.788987196050584,116.93396048645884,-0.7474365234375,0.33953857421875,-0.45794677734375,0.341064453125,2.5999999999999996,78.78787878787878,2.587096774193548,78.39687194525904,2.629032258064516,79.6676441837732
34.80909338698257,116.93396048645884,-0.7474365234375,0.33953857421875,-0.45794677734375,0.341064453125,2.5806451612903225,78.20136852394917,2.62258064516129,79.47214076246333,2.5774193548387094,78.10361681329422
34.82913631305564,116.78468761579862,-0.74737548828125,0.338134765625,-0.45703125,0.34381103515625,2.6032258064516127,78.88563049853371,2.5774193548387094,78.10361681329422,2.6064516129032254,78.98338220918865
34.84923604002688,116.78468761579862,-0.74737548828125,0.338134765625,-0.45703125,0.34381103515625,2.6096774193548384,79.0811339198436,2.590322580645161,78.49462365591397,2.6193548387096772,79.37438905180841
34.869296374032274,116.52385612726519,-0.74755859375,0.33837890625,-0.45513916015625,0.34564208984375,2.629032258064516,79.6676441837732,2.6064516129032254,78.98338220918865,2.629032258064516,79.6676441837732
34.889372164034285,116.52385612726519,-0.74755859375,0.33837890625,-0.45513916015625,0.34564208984375,2.6064516129032254,78.98338220918865,2.654838709677419,80.4496578690127,2.6064516129032254,78.98338220918865
34.90944168204442,116.52385612726519,-0.74755859375,0.33837890625,-0.45513916015625,0.34564208984375,2.5774193548387094,78.10361681329422,2.6322580645161286,79.76539589442815,2.6129032258064515,79.17888563049853
34.92953180905897,116.21405767110318,-0.74755859375,0.3392333984375,-0.453125,0.34747314453125,2.5999999999999996,78.78787878787878,2.6387096774193544,79.960899315738,2.629032258064516,79.6676441837732
34.94960964797065,116.21405767110318,-0.74755859375,0.3392333984375,-0.453125,0.34747314453125,2.6032258064516127,78.88563049853371,2.658064516129032,80.54740957966764,2.654838709677419,80.4496578690127
34.96964716503862,115.88750541605788,-0.74749755859375,0.34002685546875,-0.4510498046875,0.34954833984375,2.6064516129032254,78.98338220918865,2.6387096774193544,79.960899315738,2.629032258064516,79.6676441837732
34.98976714804303,115.88750541605788,-0.74749755859375,0.34002685546875,-0.4510498046875,0.34954833984375,2.6096774193548384,79.0811339198436,2.654838709677419,80.4496578690127,2.6419354838709674,80.05865102639295
35.010736500960775,115.88750541605788,-0.74749755859375,0.34002685546875,-0.4510498046875,0.34954833984375,2.6129032258064515,79.17888563049853,2.680645161290322,81.23167155425219,2.5774193548387094,78.10361681329422
35.0304253679933,115.42887020483586,-0.747314453125,0.3409423828125,-0.44818115234375,0.3526611328125,2.6193548387096772,79.37438905180841,2.629032258064516,79.6676441837732,2.6193548387096772,79.37438905180841
35.05050333403051,115.42887020483586,-0.747314453125,0.3409423828125,-0.44818115234375,0.3526611328125,2.629032258064516,79.6676441837732,2.629032258064516,79.6676441837732,2.6193548387096772,79.37438905180841
35.07057730096858,114.78119710168669,-0.7467041015625,0.3411865234375,-0.4444580078125,0.35845947265625,2.5774193548387094,78.10361681329422,2.6419354838709674,80.05865102639295,2.5774193548387094,78.10361681329422
35.09063897898886,114.78119710168669,-0.7467041015625,0.3411865234375,-0.4444580078125,0.35845947265625,2.5677419354838706,77.81036168132943,2.6129032258064515,79.17888563049853,2.590322580645161,78.49462365591397
35.11071640101727,114.78119710168669,-0.7467041015625,0.3411865234375,-0.4444580078125,0.35845947265625,2.5774193548387094,78.10361681329422,2.654838709677419,80.4496578690127,2.6193548387096772,79.37438905180841
35.13076895906124,114.05889564448171,-0.7447509765625,0.34100341796875,-0.44140625,0.36627197265625,2.62258064516129,79.47214076246333,2.5806451612903225,78.20136852394917,2.6129032258064515,79.17888563049853
35.150833901017904,114.05889564448171,-0.7447509765625,0.34100341796875,-0.44140625,0.36627197265625,2.629032258064516,79.6676441837732,2.5774193548387094,78.10361681329422,2.6032258064516127,78.88563049853371
35.17094930796884,113.0919451799901,-0.74200439453125,0.3414306640625,-0.4373779296875,0.37615966796875,2.5999999999999996,78.78787878787878,2.6677419354838707,80.84066471163244,2.6064516129032254,78.98338220918865
35.19098717800807,113.0919451799901,-0.74200439453125,0.3414306640625,-0.4373779296875,0.37615966796875,2.629032258064516,79.6676441837732,2.5774193548387094,78.10361681329422,2.629032258064516,79.6676441837732
35.21104133501649,113.0919451799901,-0.74200439453125,0.3414306640625,-0.4373779296875,0.37615966796875,2.6032258064516127,78.88563049853371,2.5774193548387094,78.10361681329422,2.625806451612903,79.56989247311827
35.231170663028024,112.09278695662772,-0.74066162109375,0.34368896484375,-0.4317626953125,0.38330078125,2.593548387096774,78.59237536656892,2.5999999999999996,78.78787878787878,2.616129032258064,79.27663734115346
35.25123704504222,112.09278695662772,-0.74066162109375,0.34368896484375,-0.4317626953125,0.38330078125,2.6096774193548384,79.0811339198436,2.62258064516129,79.47214076246333,2.6064516129032254,78.98338220918865
35.27126499405131,110.9481235322902,-0.73931884765625,0.34661865234375,-0.42498779296875,0.3907470703125,2.6032258064516127,78.88563049853371,2.590322580645161,78.49462365591397,2.62258064516129,79.47214076246333
35.29132516798563,110.9481235322902,-0.73931884765625,0.34661865234375,-0.42498779296875,0.3907470703125,2.564516129032258,77.71260997067448,2.5999999999999996,78.78787878787878,2.629032258064516,79.6676441837732
35.31142435106449,110.9481235322902,-0.73931884765625,0.34661865234375,-0.42498779296875,0.3907470703125,2.5806451612903225,78.20136852394917,2.590322580645161,78.49462365591397,2.6096774193548384,79.0811339198436
35.331469709053636,109.59537141569137,-0.73687744140625,0.349365234375,-0.41754150390625,0.40069580078125,2.6032258064516127,78.88563049853371,2.5774193548387094,78.10361681329422,2.616129032258064,79.27663734115346
35.351650046068244,109.59537141569137,-0.73687744140625,0.349365234375,-0.41754150390625,0.40069580078125,2.5999999999999996,78.78787878787878,2.629032258064516,79.6676441837732,2.593548387096774,78.59237536656892
35.37220396299381,107.95914143182615,-0.7327880859375,0.3526611328125,-0.409423828125,0.41357421875,2.5806451612903225,78.20136852394917,2.6032258064516127,78.88563049853371,2.593548387096774,78.59237536656892
35.39222999103367,107.95914143182615,-0.7327880859375,0.3526611328125,-0.409423828125,0.41357421875,2.564516129032258,77.71260997067448,2.564516129032258,77.71260997067448,2.6129032258064515,79.17888563049853
35.41228082100861,107.95914143182615,-0.7327880859375,0.3526611328125,-0.409423828125,0.41357421875,2.551612903225806,77.32160312805473,2.564516129032258,77.71260997067448,2.590322580645161,78.49462365591397
35.43236214807257,105.89022718276156,-0.7286376953125,0.357177734375,-0.39776611328125,0.42816162109375,2.5677419354838706,77.81036168132943,2.525806451612903,76.53958944281524,2.6096774193548384,79.0811339198436
35.452458066050895,105.89022718276156,-0.7286376953125,0.357177734375,-0.39776611328125,0.42816162109375,2.551612903225806,77.32160312805473,2.554838709677419,77.41935483870968,2.6677419354838707,80.84066471163244
35.47248851205222,103.50697373212125,-0.72412109375,0.36297607421875,-0.38360595703125,0.44354248046875,2.590322580645161,78.49462365591397,2.564516129032258,77.71260997067448,2.6032258064516127,78.88563049853371
35.49257911799941,103.50697373212125,-0.72412109375,0.36297607421875,-0.38360595703125,0.44354248046875,2.5774193548387094,78.10361681329422,2.5419354838709673,77.02834799608992,2.62258064516129,79.47214076246333
35.51262841199059,103.50697373212125,-0.72412109375,0.36297607421875,-0.38360595703125,0.44354248046875,2.5741935483870964,78.00586510263928,2.5774193548387094,78.10361681329422,2.593548387096774,78.59237536656892
35.532685482059605,101.06168510247365,-0.7193603515625,0.3697509765625,-0.3687744140625,0.4580078125,2.6096774193548384,79.0811339198436,2.5129032258064514,76.1485826001955,2.564516129032258,77.71260997067448
35.552761176018976,101.06168510247365,-0.7193603515625,0.3697509765625,-0.3687744140625,0.4580078125,2.5806451612903225,78.20136852394917,2.525806451612903,76.53958944281524,2.5806451612903225,78.20136852394917
35.572807557997294,98.16315630812406,-0.71417236328125,0.3775634765625,-0.35009765625,0.47418212890625,2.590322580645161,78.49462365591397,2.496774193548387,75.65982404692082,2.6096774193548384,79.0811339198436
35.592881459975615,98.16315630812406,-0.71417236328125,0.3775634765625,-0.35009765625,0.47418212890625,2.616129032258064,79.27663734115346,2.5032258064516126,75.8553274682307,2.6096774193548384,79.0811339198436
35.61292793706525,98.16315630812406,-0.71417236328125,0.3775634765625,-0.35009765625,0.47418212890625,2.587096774193548,78.39687194525904,2.5387096774193547,76.93059628543499,2.5774193548387094,78.10361681329422
35.63302897603717,95.495214725022,-0.70892333984375,0.3861083984375,-0.33294677734375,0.4873046875,2.587096774193548,78.39687194525904,2.493548387096774,75.56207233626587,2.6129032258064515,79.17888563049853
35.653163905022666,95.495214725022,-0.70892333984375,0.3861083984375,-0.33294677734375,0.4873046875,2.5806451612903225,78.20136852394917,2.4741935483870967,74.97556207233626,2.5806451612903225,78.20136852394917
35.67318935703952,92.96826995856686,-0.70355224609375,0.39361572265625,-0.31646728515625,0.4998779296875,2.5806451612903225,78.20136852394917,2.4741935483870967,74.97556207233626,2.6032258064516127,78.88563049853371
35.693238875013776,92.96826995856686,-0.70355224609375,0.39361572265625,-0.31646728515625,0.4998779296875,2.5806451612903225,78.20136852394917,2.490322580645161,75.46432062561095,2.62258064516129,79.47214076246333
35.713296264992096,92.96826995856686,-0.70355224609375,0.39361572265625,-0.31646728515625,0.4998779296875,2.590322580645161,78.49462365591397,2.5,75.75757575757575,2.5806451612903225,78.20136852394917
35.7333736870205,90.45774536453736,-0.697998046875,0.401123046875,-0.29986572265625,0.5118408203125,2.5806451612903225,78.20136852394917,2.519354838709677,76.34408602150538,2.583870967741935,78.2991202346041
35.753440517000854,90.45774536453736,-0.697998046875,0.401123046875,-0.29986572265625,0.5118408203125,2.525806451612903,76.53958944281524,2.4774193548387093,75.07331378299119,2.616129032258064,79.27663734115346
35.77352120401338,87.7994640833194,-0.69091796875,0.41009521484375,-0.2830810546875,0.52374267578125,2.587096774193548,78.39687194525904,2.519354838709677,76.34408602150538,2.629032258064516,79.6676441837732
35.79357981006615,87.7994640833194,-0.69091796875,0.41009521484375,-0.2830810546875,0.52374267578125,2.6419354838709674,80.05865102639295,2.4806451612903224,75.17106549364614,2.616129032258064,79.27663734115346
35.81363483099267,87.7994640833194,-0.69091796875,0.41009521484375,-0.2830810546875,0.52374267578125,2.5806451612903225,78.20136852394917,2.493548387096774,75.56207233626587,2.6096774193548384,79.0811339198436
35.83372783800587,85.18246923670984,-0.683349609375,0.418212890625,-0.2664794921875,0.53582763671875,2.587096774193548,78.39687194525904,2.4806451612903224,75.17106549364614,2.5806451612903225,78.20136852394917
35.85382769303396,85.18246923670984,-0.683349609375,0.418212890625,-0.2664794921875,0.53582763671875,2.593548387096774,78.59237536656892,2.5129032258064514,76.1485826001955,2.5806451612903225,78.20136852394917
35.873892090981826,82.58133921776636,-0.67559814453125,0.42657470703125,-0.24981689453125,0.5469970703125,2.5806451612903225,78.20136852394917,2.5354838709677416,76.83284457478005,2.5806451612903225,78.20136852394917
35.893930729012936,82.58133921776636,-0.67559814453125,0.42657470703125,-0.24981689453125,0.5469970703125,2.593548387096774,78.59237536656892,2.490322580645161,75.46432062561095,2.593548387096774,78.59237536656892
35.91399746306706,82.58133921776636,-0.67559814453125,0.42657470703125,-0.24981689453125,0.5469970703125,2.590322580645161,78.49462365591397,2.5129032258064514,76.1485826001955,2.593548387096774,78.59237536656892
35.9340343719814,79.84302494347101,-0.66729736328125,0.43560791015625,-0.23199462890625,0.55780029296875,2.590322580645161,78.49462365591397,2.5,75.75757575757575,2.593548387096774,78.59237536656892
35.95409717003349,79.84302494347101,-0.66729736328125,0.43560791015625,-0.23199462890625,0.55780029296875,2.587096774193548,78.39687194525904,2.487096774193548,75.366568914956,2.587096774193548,78.39687194525904
35.974165727966465,77.19361729368124,-0.6590576171875,0.4447021484375,-0.214599609375,0.5672607421875,2.616129032258064,79.27663734115346,2.490322580645161,75.46432062561095,2.616129032258064,79.27663734115346
35.99423687905073,77.19361729368124,-0.6590576171875,0.4447021484375,-0.214599609375,0.5672607421875,2.629032258064516,79.6676441837732,2.5032258064516126,75.8553274682307,2.5774193548387094,78.10361681329422
36.01430854096543,77.19361729368124,-0.6590576171875,0.4447021484375,-0.214599609375,0.5672607421875,2.5806451612903225,78.20136852394917,2.5064516129032257,75.95307917888563,2.629032258064516,79.6676441837732
36.034420044044964,74.42425358539492,-0.6502685546875,0.45428466796875,-0.19622802734375,0.576416015625,2.629032258064516,79.6676441837732,2.5161290322580645,76.24633431085044,2.5999999999999996,78.78787878787878
36.0544824260287,74.42425358539492,-0.6502685546875,0.45428466796875,-0.19622802734375,0.576416015625,2.6096774193548384,79.0811339198436,2.525806451612903,76.53958944281524,2.5774193548387094,78.10361681329422
36.074510470964015,71.52672958531048,-0.64117431640625,0.4639892578125,-0.1763916015625,0.585205078125,2.6354838709677417,79.86314760508309,2.529032258064516,76.63734115347019,2.6129032258064515,79.17888563049853
36.094702073023655,71.52672958531048,-0.64117431640625,0.4639892578125,-0.1763916015625,0.585205078125,2.5806451612903225,78.20136852394917,2.5483870967741935,77.2238514173998,2.5774193548387094,78.10361681329422
36.11473578203004,71.52672958531048,-0.64117431640625,0.4639892578125,-0.1763916015625,0.585205078125,2.5774193548387094,78.10361681329422,2.554838709677419,77.41935483870968,2.629032258064516,79.6676441837732
36.13482770102564,68.59509123980224,-0.63128662109375,0.47430419921875,-0.15667724609375,0.59326171875,2.6129032258064515,79.17888563049853,2.596774193548387,78.69012707722385,2.6032258064516127,78.88563049853371
36.154911427991465,68.59509123980224,-0.63128662109375,0.47430419921875,-0.15667724609375,0.59326171875,2.6096774193548384,79.0811339198436,2.5387096774193547,76.93059628543499,2.6064516129032254,78.98338220918865
36.17498469003476,65.83096778859172,-0.62158203125,0.4842529296875,-0.13812255859375,0.60003662109375,2.5774193548387094,78.10361681329422,2.587096774193548,78.39687194525904,2.5774193548387094,78.10361681329422
36.195062400074676,65.83096778859172,-0.62158203125,0.4842529296875,-0.13812255859375,0.60003662109375,2.6354838709677417,79.86314760508309,2.6032258064516127,78.88563049853371,2.590322580645161,78.49462365591397
36.215168112074025,65.83096778859172,-0.62158203125,0.4842529296875,-0.13812255859375,0.60003662109375,2.629032258064516,79.6676441837732,2.5806451612903225,78.20136852394917,2.629032258064516,79.6676441837732
36.23524130997248,63.175123098842846,-0.61224365234375,0.49395751953125,-0.12005615234375,0.6055908203125,2.62258064516129,79.47214076246333,2.629032258064516,79.6676441837732,2.590322580645161,78.49462365591397
36.25533962901682,63.175123098842846,-0.61224365234375,0.49395751953125,-0.12005615234375,0.6055908203125,2.6387096774193544,79.960899315738,2.654838709677419,80.4496578690127,2.6064516129032254,78.98338220918865
36.27536389802117,60.540456737246984,-0.6033935546875,0.5042724609375,-0.1016845703125,0.60931396484375,2.629032258064516,79.6676441837732,2.6387096774193544,79.960899315738,2.6064516129032254,78.98338220918865
36.295503114000894,60.540456737246984,-0.6033935546875,0.5042724609375,-0.1016845703125,0.60931396484375,2.648387096774193,80.25415444770283,2.6741935483870964,81.03616813294232,2.616129032258064,79.27663734115346
36.315534615074284,60.540456737246984,-0.6033935546875,0.5042724609375,-0.1016845703125,0.60931396484375,2.6322580645161286,79.76539589442815,2.6322580645161286,79.76539589442815,2.6096774193548384,79.0811339198436
36.335612421971746,57.7658378625337,-0.59381103515625,0.51513671875,-0.082275390625,0.612548828125,2.629032258064516,79.6676441837732,2.6516129032258062,80.35190615835776,2.6064516129032254,78.98338220918865
36.35572488501202,57.7658378625337,-0.59381103515625,0.51513671875,-0.082275390625,0.612548828125,2.629032258064516,79.6676441837732,2.6451612903225805,80.1564027370479,2.6387096774193544,79.960899315738
36.37578205100726,55.198480104913834,-0.58392333984375,0.52398681640625,-0.06463623046875,0.61663818359375,2.593548387096774,78.59237536656892,2.648387096774193,80.25415444770283,2.629032258064516,79.6676441837732
36.39586600207258,55.198480104913834,-0.58392333984375,0.52398681640625,-0.06463623046875,0.61663818359375,2.6096774193548384,79.0811339198436,2.6451612903225805,80.1564027370479,2.6032258064516127,78.88563049853371
36.41593708796427,55.198480104913834,-0.58392333984375,0.52398681640625,-0.06463623046875,0.61663818359375,2.654838709677419,80.4496578690127,2.6032258064516127,78.88563049853371,2.62258064516129,79.47214076246333
36.43602619098965,52.71276584917511,-0.57366943359375,0.53338623046875,-0.0482177734375,0.6197509765625,2.6322580645161286,79.76539589442815,2.6645161290322577,80.74291300097751,2.680645161290322,81.23167155425219
36.456123390002176,52.71276584917511,-0.57366943359375,0.53338623046875,-0.0482177734375,0.6197509765625,2.6322580645161286,79.76539589442815,2.629032258064516,79.6676441837732,2.648387096774193,80.25415444770283
36.476184876053594,50.15134427495397,-0.5633544921875,0.5435791015625,-0.0308837890625,0.62139892578125,2.6322580645161286,79.76539589442815,2.680645161290322,81.23167155425219,2.629032258064516,79.6676441837732
36.49626364198048,50.15134427495397,-0.5633544921875,0.5435791015625,-0.0308837890625,0.62139892578125,2.6032258064516127,78.88563049853371,2.629032258064516,79.6676441837732,2.6064516129032254,78.98338220918865
36.51641117897816,50.15134427495397,-0.5633544921875,0.5435791015625,-0.0308837890625,0.62139892578125,2.6322580645161286,79.76539589442815,2.648387096774193,80.25415444770283,2.6096774193548384,79.0811339198436
36.53642930299975,47.64866042025996,-0.55413818359375,0.5537109375,-0.0130615234375,0.62139892578125,2.5999999999999996,78.78787878787878,2.693548387096774,81.62267839687193,2.6096774193548384,79.0811339198436
36.55650554201566,47.64866042025996,-0.55413818359375,0.5537109375,-0.0130615234375,0.62139892578125,2.6032258064516127,78.88563049853371,2.6709677419354834,80.93841642228737,2.6387096774193544,79.960899315738
36.57656520407181,45.06363402972281,-0.54315185546875,0.564208984375,0.0042724609375,0.621826171875,2.6032258064516127,78.88563049853371,2.6774193548387095,81.13391984359725,2.6741935483870964,81.03616813294232
36.59665923402645,45.06363402972281,-0.54315185546875,0.564208984375,0.0042724609375,0.621826171875,2.6193548387096772,79.37438905180841,2.661290322580645,80.64516129032258,2.5774193548387094,78.10361681329422
36.61675160098821,45.06363402972281,-0.54315185546875,0.564208984375,0.0042724609375,0.621826171875,2.6354838709677417,79.86314760508309,2.6709677419354834,80.93841642228737,2.616129032258064,79.27663734115346
36.63682332797907,42.569215856879005,-0.53118896484375,0.57440185546875,0.02008056640625,0.62249755859375,2.616129032258064,79.27663734115346,2.6419354838709674,80.05865102639295,2.6193548387096772,79.37438905180841
36.65692311897874,42.569215856879005,-0.53118896484375,0.57440185546875,0.02008056640625,0.62249755859375,2.6032258064516127,78.88563049853371,2.6741935483870964,81.03616813294232,2.616129032258064,79.27663734115346
36.67695004399866,40.185455343500415,-0.52044677734375,0.58404541015625,0.0361328125,0.621826171875,2.5806451612903225,78.20136852394917,2.687096774193548,81.42717497556205,2.629032258064516,79.6676441837732
36.69703057000879,40.185455343500415,-0.52044677734375,0.58404541015625,0.0361328125,0.621826171875,2.625806451612903,79.56989247311827,2.680645161290322,81.23167155425219,2.616129032258064,79.27663734115346
36.71711612096988,40.185455343500415,-0.52044677734375,0.58404541015625,0.0361328125,0.621826171875,2.6516129032258062,80.35190615835776,2.661290322580645,80.64516129032258,2.6096774193548384,79.0811339198436
36.73715463001281,37.819012710450494,-0.50946044921875,0.59368896484375,0.052001953125,0.62066650390625,2.6419354838709674,80.05865102639295,2.687096774193548,81.42717497556205,2.6032258064516127,78.88563049853371
36.75724971701857,37.819012710450494,-0.50946044921875,0.59368896484375,0.052001953125,0.62066650390625,2.625806451612903,79.56989247311827,2.6838709677419352,81.32942326490713,2.5709677419354837,77.90811339198436
36.777296419022605,35.69900283730378,-0.4998779296875,0.60137939453125,0.0667724609375,0.61968994140625,2.6419354838709674,80.05865102639295,2.629032258064516,79.6676441837732,2.6193548387096772,79.37438905180841
36.797451538965106,35.69900283730378,-0.4998779296875,0.60137939453125,0.0667724609375,0.61968994140625,2.6032258064516127,78.88563049853371,2.6838709677419352,81.32942326490713,2.593548387096774,78.59237536656892
36.81753421004396,35.69900283730378,-0.4998779296875,0.60137939453125,0.0667724609375,0.61968994140625,2.6387096774193544,79.960899315738,2.6677419354838707,80.84066471163244,2.5999999999999996,78.78787878787878
36.837610288057476,33.62772141346491,-0.48968505859375,0.609619140625,0.08062744140625,0.6181640625,2.6322580645161286,79.76539589442815,2.690322580645161,81.524926686217,2.5999999999999996,78.78787878787878
36.85768774303142,33.62772141346491,-0.48968505859375,0.609619140625,0.08062744140625,0.6181640625,2.629032258064516,79.6676441837732,2.7096774193548385,82.11143695014663,2.629032258064516,79.6676441837732
36.87772077997215,31.661832165689084,-0.4786376953125,0.61761474609375,0.09283447265625,0.61712646484375,2.6451612903225805,80.1564027370479,2.693548387096774,81.62267839687193,2.5806451612903225,78.20136852394917
36.89783961197827,31.661832165689084,-0.4786376953125,0.61761474609375,0.09283447265625,0.61712646484375,2.6451612903225805,80.1564027370479,2.693548387096774,81.62267839687193,2.6129032258064515,79.17888563049853
36.91802196507342,31.661832165689084,-0.4786376953125,0.61761474609375,0.09283447265625,0.61712646484375,2.6451612903225805,80.1564027370479,2.693548387096774,81.62267839687193,2.6032258064516127,78.88563049853371
36.93801842501853,30.010441784918562,-0.4691162109375,0.62506103515625,0.10302734375,0.6153564453125,2.6322580645161286,79.76539589442815,2.7322580645161287,82.79569892473117,2.5806451612903225,78.20136852394917
36.95805431099143,30.010441784918562,-0.4691162109375,0.62506103515625,0.10302734375,0.6153564453125,2.6322580645161286,79.76539589442815,2.7161290322580642,82.30694037145649,2.629032258064516,79.6676441837732
36.97833500301931,28.33616913501477,-0.4593505859375,0.6324462890625,0.11376953125,0.61322021484375,2.6322580645161286,79.76539589442815,2.7322580645161287,82.79569892473117,2.5774193548387094,78.10361681329422
36.99846221902408,28.33616913501477,-0.4593505859375,0.6324462890625,0.11376953125,0.61322021484375,2.6032258064516127,78.88563049853371,2.7064516129032254,82.01368523949168,2.629032258064516,79.6676441837732
37.018582715070806,28.33616913501477,-0.4593505859375,0.6324462890625,0.11376953125,0.61322021484375,2.587096774193548,78.39687194525904,2.725806451612903,82.6001955034213,2.6064516129032254,78.98338220918865
37.03862938401289,26.731534744878324,-0.44964599609375,0.6392822265625,0.1239013671875,0.61138916015625,2.6677419354838707,80.84066471163244,2.7354838709677414,82.8934506353861,2.629032258064516,79.6676441837732
37.05874082399532,26.731534744878324,-0.44964599609375,0.6392822265625,0.1239013671875,0.61138916015625,2.6516129032258062,80.35190615835776,2.725806451612903,82.6001955034213,2.6193548387096772,79.37438905180841
37.078772868961096,25.265189753186306,-0.439697265625,0.6455078125,0.13250732421875,0.6102294921875,2.6354838709677417,79.86314760508309,2.7322580645161287,82.79569892473117,2.5806451612903225,78.20136852394917
37.098840979044326,25.265189753186306,-0.439697265625,0.6455078125,0.13250732421875,0.6102294921875,2.6387096774193544,79.960899315738,2.7548387096774194,83.47996089931574,2.5774193548387094,78.10361681329422
37.11894720199052,25.265189753186306,-0.439697265625,0.6455078125,0.13250732421875,0.6102294921875,2.6322580645161286,79.76539589442815,2.7548387096774194,83.47996089931574,2.5774193548387094,78.10361681329422
37.13903400104027,24.0139348865452,-0.43060302734375,0.65087890625,0.13946533203125,0.60943603515625,2.6322580645161286,79.76539589442815,2.7548387096774194,83.47996089931574,2.590322580645161,78.49462365591397
37.15909001498949,24.0139348865452,-0.43060302734375,0.65087890625,0.13946533203125,0.60943603515625,2.6387096774193544,79.960899315738,2.7806451612903227,84.26197458455523,2.5806451612903225,78.20136852394917
37.17912750004325,22.717443150375146,-0.42169189453125,0.6553955078125,0.1470947265625,0.60906982421875,2.680645161290322,81.23167155425219,2.7580645161290325,83.57771260997069,2.6032258064516127,78.88563049853371
37.199224923038855,22.717443150375146,-0.42169189453125,0.6553955078125,0.1470947265625,0.60906982421875,2.654838709677419,80.4496578690127,2.764516129032258,83.77321603128055,2.554838709677419,77.41935483870968
37.21939703600947,22.717443150375146,-0.42169189453125,0.6553955078125,0.1470947265625,0.60906982421875,2.6419354838709674,80.05865102639295,2.7838709677419353,84.35972629521017,2.525806451612903,76.53958944281524
37.23940847301856,21.46756842624501,-0.41290283203125,0.65966796875,0.154541015625,0.608642578125,2.654838709677419,80.4496578690127,2.767741935483871,83.87096774193549,2.5709677419354837,77.90811339198436
37.25951319199521,21.46756842624501,-0.41290283203125,0.65966796875,0.154541015625,0.608642578125,2.616129032258064,79.27663734115346,2.835483870967742,85.92375366568915,2.590322580645161,78.49462365591397
37.27957547805272,20.375663020860387,-0.4046630859375,0.6640625,0.160888671875,0.6077880859375,2.6032258064516127,78.88563049853371,2.8096774193548386,85.14173998044966,2.590322580645161,78.49462365591397
37.299698341987096,20.375663020860387,-0.4046630859375,0.6640625,0.160888671875,0.6077880859375,2.6129032258064515,79.17888563049853,2.7870967741935484,84.4574780058651,2.654838709677419,80.4496578690127
37.3197982290294,20.375663020860387,-0.4046630859375,0.6640625,0.160888671875,0.6077880859375,2.629032258064516,79.6676441837732,2.8483870967741933,86.3147605083089,2.587096774193548,78.39687194525904
37.33979497698601,19.495623648077796,-0.39764404296875,0.66790771484375,0.16607666015625,0.6068115234375,2.6193548387096772,79.37438905180841,2.835483870967742,85.92375366568915,2.593548387096774,78.59237536656892
37.35991028905846,19.495623648077796,-0.39764404296875,0.66790771484375,0.16607666015625,0.6068115234375,2.680645161290322,81.23167155425219,2.7870967741935484,84.4574780058651,2.6193548387096772,79.37438905180841
37.37994588597212,18.693918775222613,-0.3909912109375,0.67156982421875,0.17095947265625,0.605712890625,2.680645161290322,81.23167155425219,2.8193548387096774,85.43499511241447,2.654838709677419,80.4496578690127
37.39996263501234,18.693918775222613,-0.3909912109375,0.67156982421875,0.17095947265625,0.605712890625,2.6419354838709674,80.05865102639295,2.8483870967741933,86.3147605083089,2.6032258064516127,78.88563049853371
37.420045400969684,18.693918775222613,-0.3909912109375,0.67156982421875,0.17095947265625,0.605712890625,2.654838709677419,80.4496578690127,2.7838709677419353,84.35972629521017,2.593548387096774,78.59237536656892
37.4401268879883,17.976060666624008,-0.38458251953125,0.67523193359375,0.1754150390625,0.60443115234375,2.6322580645161286,79.76539589442815,2.829032258064516,85.72825024437928,2.5999999999999996,78.78787878787878
37.46020549396053,17.976060666624008,-0.38458251953125,0.67523193359375,0.1754150390625,0.60443115234375,2.680645161290322,81.23167155425219,2.7838709677419353,84.35972629521017,2.6032258064516127,78.88563049853371
37.48024333198555,17.35893446526552,-0.3787841796875,0.67816162109375,0.1788330078125,0.60382080078125,2.6322580645161286,79.76539589442815,2.8096774193548386,85.14173998044966,2.6064516129032254,78.98338220918865
37.50035934697371,17.35893446526552,-0.3787841796875,0.67816162109375,0.1788330078125,0.60382080078125,2.6032258064516127,78.88563049853371,2.835483870967742,85.92375366568915,2.5806451612903225,78.20136852394917
37.52039107203018,17.35893446526552,-0.3787841796875,0.67816162109375,0.1788330078125,0.60382080078125,2.6322580645161286,79.76539589442815,2.858064516129032,86.6080156402737,2.6032258064516127,78.88563049853371
37.54045521502849,16.94486756543138,-0.37481689453125,0.6805419921875,0.181396484375,0.6029052734375,2.654838709677419,80.4496578690127,2.825806451612903,85.63049853372434,2.629032258064516,79.6676441837732
37.560526589048095,16.94486756543138,-0.37481689453125,0.6805419921875,0.181396484375,0.6029052734375,2.5774193548387094,78.10361681329422,2.8225806451612905,85.53274682306942,2.590322580645161,78.49462365591397
37.580626092036255,16.71390365671816,-0.3721923828125,0.68231201171875,0.18316650390625,0.6019287109375,2.6322580645161286,79.76539589442815,2.829032258064516,85.72825024437928,2.62258064516129,79.47214076246333
