timestamp,elevation_deg,imu_i,imu_j,imu_k,imu_r,ch0_voltage,ch0_percentage,ch1_voltage,ch1_percentage,ch2_voltage,ch2_percentage
0.0027791240718215704,8.752826438090267,-0.51177978515625,0.5521240234375,0.41058349609375,0.51446533203125,2.458064516129032,74.48680351906158,2.1322580645161286,64.61388074291298,2.680645161290322,81.23167155425219
0.023343294975347817,8.752826438090267,-0.51177978515625,0.5521240234375,0.41058349609375,0.51446533203125,2.464516129032258,74.68230694037146,2.1322580645161286,64.61388074291298,2.593548387096774,78.59237536656892
0.04773298802319914,8.961614014659432,-0.5111083984375,0.55462646484375,0.40838623046875,0.51416015625,2.4741935483870967,74.97556207233626,2.1354838709677417,64.71163245356793,2.616129032258064,79.27663734115346
0.06306205806322396,8.961614014659432,-0.5111083984375,0.55462646484375,0.40838623046875,0.51416015625,2.458064516129032,74.48680351906158,2.1354838709677417,64.71163245356793,2.654838709677419,80.4496578690127
0.08856672898400575,9.085342188529012,-0.50927734375,0.5576171875,0.40570068359375,0.514892578125,2.42258064516129,73.41153470185728,2.129032258064516,64.51612903225806,2.680645161290322,81.23167155425219
0.10311481496319175,9.085342188529012,-0.50927734375,0.5576171875,0.40570068359375,0.514892578125,2.5064516129032257,75.95307917888563,2.138709677419355,64.80938416422288,2.6193548387096772,79.37438905180841
0.12336953601334244,9.085342188529012,-0.50927734375,0.5576171875,0.40570068359375,0.514892578125,2.4709677419354836,74.87781036168133,2.161290322580645,65.49364613880742,2.5774193548387094,78.10361681329422
0.14867484103888273,9.13599697259589,-0.50653076171875,0.560546875,0.40289306640625,0.5166015625,2.4290322580645163,73.60703812316717,2.087096774193548,63.24535679374389,2.6193548387096772,79.37438905180841
0.1638699540635571,9.13599697259589,-0.50653076171875,0.560546875,0.40289306640625,0.5166015625,2.4709677419354836,74.87781036168133,2.129032258064516,64.51612903225806,2.616129032258064,79.27663734115346
0.1881533730775118,9.127346470893414,-0.50299072265625,0.56390380859375,0.39984130859375,0.518798828125,2.4741935483870967,74.97556207233626,2.0999999999999996,63.636363636363626,2.6193548387096772,79.37438905180841
0.20316524896770716,9.127346470893414,-0.50299072265625,0.56390380859375,0.39984130859375,0.518798828125,2.4741935483870967,74.97556207233626,2.0999999999999996,63.636363636363626,2.629032258064516,79.6676441837732
0.22364240896422416,9.127346470893414,-0.50299072265625,0.56390380859375,0.39984130859375,0.518798828125,2.464516129032258,74.68230694037146,2.125806451612903,64.41837732160313,2.6419354838709674,80.05865102639295
0.5444415640085936,9.104130708227345,-0.49859619140625,0.5677490234375,0.39630126953125,0.52154541015625,2.4612903225806453,74.58455522971653,2.129032258064516,64.51612903225806,2.590322580645161,78.49462365591397
0.5448582810349762,9.104130708227345,-0.49859619140625,0.5677490234375,0.39630126953125,0.52154541015625,2.493548387096774,75.56207233626587,2.125806451612903,64.41837732160313,2.6193548387096772,79.37438905180841
0.5649429169716313,9.05186388714283,-0.4940185546875,0.57147216796875,0.39251708984375,0.52471923828125,2.4741935483870967,74.97556207233626,2.138709677419355,64.80938416422288,2.5774193548387094,78.10361681329422
0.5849962560459971,9.05186388714283,-0.4940185546875,0.57147216796875,0.39251708984375,0.52471923828125,2.435483870967742,73.80254154447702,2.1129032258064515,64.02737047898339,2.62258064516129,79.47214076246333
0.6051129259867594,9.05186388714283,-0.4940185546875,0.57147216796875,0.39251708984375,0.52471923828125,2.5,75.75757575757575,2.1032258064516127,63.73411534701857,2.6193548387096772,79.37438905180841
0.6251537849893793,9.037588654574762,-0.4898681640625,0.57489013671875,0.38885498046875,0.527587890625,2.4741935483870967,74.97556207233626,2.0999999999999996,63.636363636363626,2.616129032258064,79.27663734115346
0.6452235720353201,9.037588654574762,-0.4898681640625,0.57489013671875,0.38885498046875,0.527587890625,2.435483870967742,73.80254154447702,2.1354838709677417,64.71163245356793,2.6516129032258062,80.35190615835776
0.6652809759834781,9.038474548478447,-0.48602294921875,0.5780029296875,0.3858642578125,0.52984619140625,2.4741935483870967,74.97556207233626,2.1516129032258062,65.20039100684262,2.590322580645161,78.49462365591397
0.6853899650741369,9.038474548478447,-0.48602294921875,0.5780029296875,0.3858642578125,0.52984619140625,2.4612903225806453,74.58455522971653,2.148387096774193,65.10263929618768,2.590322580645161,78.49462365591397
0.7055156900314614,9.038474548478447,-0.48602294921875,0.5780029296875,0.3858642578125,0.52984619140625,2.432258064516129,73.70478983382209,2.116129032258064,64.1251221896383,2.6419354838709674,80.05865102639295
0.7255502450279891,8.994079311756053,-0.482421875,0.5811767578125,0.3831787109375,0.53167724609375,2.464516129032258,74.68230694037146,2.138709677419355,64.80938416422288,2.5774193548387094,78.10361681329422
0.7456037760712206,8.994079311756053,-0.482421875,0.5811767578125,0.3831787109375,0.53167724609375,2.467741935483871,74.7800586510264,2.129032258064516,64.51612903225806,2.625806451612903,79.56989247311827
0.7656631000572816,8.975464578182653,-0.47906494140625,0.58404541015625,0.38079833984375,0.53326416015625,2.4612903225806453,74.58455522971653,2.116129032258064,64.1251221896383,2.625806451612903,79.56989247311827
0.7857634490355849,8.975464578182653,-0.47906494140625,0.58404541015625,0.38079833984375,0.53326416015625,2.467741935483871,74.7800586510264,2.158064516129032,65.39589442815249,2.6032258064516127,78.88563049853371
0.8058386449702084,8.975464578182653,-0.47906494140625,0.58404541015625,0.38079833984375,0.53326416015625,2.4516129032258065,74.29130009775172,2.093548387096774,63.44086021505376,2.6193548387096772,79.37438905180841
0.8258869600249454,8.95734338947021,-0.476318359375,0.58642578125,0.3790283203125,0.53436279296875,2.467741935483871,74.7800586510264,2.1645161290322577,65.59139784946235,2.6064516129032254,78.98338220918865
0.8459498030133545,8.95734338947021,-0.476318359375,0.58642578125,0.3790283203125,0.53436279296875,2.5161290322580645,76.24633431085044,2.1129032258064515,64.02737047898339,2.6064516129032254,78.98338220918865
0.8661132900742814,8.921517261038574,-0.4739990234375,0.58843994140625,0.37750244140625,0.53533935546875,2.4612903225806453,74.58455522971653,2.1354838709677417,64.71163245356793,2.590322580645161,78.49462365591397
0.8861209640745074,8.921517261038574,-0.4739990234375,0.58843994140625,0.37750244140625,0.53533935546875,2.4612903225806453,74.58455522971653,2.138709677419355,64.80938416422288,2.680645161290322,81.23167155425219
0.9062026879983023,8.921517261038574,-0.4739990234375,0.58843994140625,0.37750244140625,0.53533935546875,2.4741935483870967,74.97556207233626,2.1322580645161286,64.61388074291298,2.590322580645161,78.49462365591397
0.926265724003315,8.935278306819157,-0.47216796875,0.5899658203125,0.37628173828125,0.53607177734375,2.464516129032258,74.68230694037146,2.1322580645161286,64.61388074291298,2.629032258064516,79.6676441837732
0.9463130789808929,8.935278306819157,-0.47216796875,0.5899658203125,0.37628173828125,0.53607177734375,2.4741935483870967,74.97556207233626,2.0999999999999996,63.636363636363626,2.62258064516129,79.47214076246333
0.9664182920241728,8.94417067634214,-0.47119140625,0.59100341796875,0.37554931640625,0.53631591796875,2.4709677419354836,74.87781036168133,2.087096774193548,63.24535679374389,2.616129032258064,79.27663734115346
0.9864718230674043,8.94417067634214,-0.47119140625,0.59100341796875,0.37554931640625,0.53631591796875,2.4516129032258065,74.29130009775172,2.1354838709677417,64.71163245356793,2.590322580645161,78.49462365591397
1.0065441710175946,8.94417067634214,-0.47119140625,0.59100341796875,0.37554931640625,0.53631591796875,2.464516129032258,74.68230694037146,2.125806451612903,64.41837732160313,2.6129032258064515,79.17888563049853
1.0265958780655637,8.935506425940872,-0.470947265625,0.59149169921875,0.3753662109375,0.53619384765625,2.435483870967742,73.80254154447702,2.138709677419355,64.80938416422288,2.6193548387096772,79.37438905180841
1.0467035230249166,8.935506425940872,-0.470947265625,0.59149169921875,0.3753662109375,0.53619384765625,2.4290322580645163,73.60703812316717,2.1129032258064515,64.02737047898339,2.6193548387096772,79.37438905180841
1.0667451820336282,8.962167567931317,-0.47113037109375,0.5914306640625,0.3753662109375,0.53607177734375,2.4709677419354836,74.87781036168133,2.161290322580645,65.49364613880742,2.6677419354838707,80.84066471163244
1.0868961890228093,8.962167567931317,-0.47113037109375,0.5914306640625,0.3753662109375,0.53607177734375,2.4741935483870967,74.97556207233626,2.158064516129032,65.39589442815249,2.62258064516129,79.47214076246333
1.106919447076507,8.962167567931317,-0.47113037109375,0.5914306640625,0.3753662109375,0.53607177734375,2.464516129032258,74.68230694037146,2.1516129032258062,65.20039100684262,2.6032258064516127,78.88563049853371
1.126959569985047,8.997284511563805,-0.47125244140625,0.59130859375,0.375,0.53631591796875,2.4483870967741934,74.19354838709677,2.1419354838709674,64.90713587487781,2.629032258064516,79.6676441837732
1.147092591971159,8.997284511563805,-0.47125244140625,0.59130859375,0.375,0.53631591796875,2.4709677419354836,74.87781036168133,2.1419354838709674,64.90713587487781,2.629032258064516,79.6676441837732
1.1671253540553153,8.994054736002141,-0.4718017578125,0.59063720703125,0.37518310546875,0.53643798828125,2.5,75.75757575757575,2.1419354838709674,64.90713587487781,2.62258064516129,79.47214076246333
1.1871886140434071,8.994054736002141,-0.4718017578125,0.59063720703125,0.37518310546875,0.53643798828125,2.454838709677419,74.38905180840665,2.1419354838709674,64.90713587487781,2.6193548387096772,79.37438905180841
1.2072498890338466,8.994054736002141,-0.4718017578125,0.59063720703125,0.37518310546875,0.53643798828125,2.4741935483870967,74.97556207233626,2.138709677419355,64.80938416422288,2.654838709677419,80.4496578690127
1.2273612150456756,8.983866445040306,-0.472900390625,0.5894775390625,0.375732421875,0.536376953125,2.435483870967742,73.80254154447702,2.129032258064516,64.51612903225806,2.6741935483870964,81.03616813294232
1.2828536360757425,8.983866445040306,-0.472900390625,0.5894775390625,0.375732421875,0.536376953125,2.42258064516129,73.41153470185728,2.0999999999999996,63.636363636363626,2.616129032258064,79.27663734115346
1.2830787630518898,9.042788653690224,-0.47515869140625,0.58782958984375,0.37677001953125,0.53546142578125,2.464516129032258,74.68230694037146,2.1225806451612903,64.32062561094818,2.629032258064516,79.6676441837732
1.3032487140735611,9.042788653690224,-0.47515869140625,0.58782958984375,0.37677001953125,0.53546142578125,2.490322580645161,75.46432062561095,2.1129032258064515,64.02737047898339,2.6032258064516127,78.88563049853371
1.3233141170348972,9.042788653690224,-0.47515869140625,0.58782958984375,0.37677001953125,0.53546142578125,2.4741935483870967,74.97556207233626,2.1451612903225805,65.00488758553274,2.6032258064516127,78.88563049853371
1.3433495360659435,9.086369435496223,-0.47857666015625,0.58502197265625,0.378662109375,0.5341796875,2.435483870967742,73.80254154447702,2.1225806451612903,64.32062561094818,2.583870967741935,78.2991202346041
1.3634256600635126,9.086369435496223,-0.47857666015625,0.58502197265625,0.378662109375,0.5341796875,2.4483870967741934,74.19354838709677,2.116129032258064,64.1251221896383,2.6064516129032254,78.98338220918865
1.3835042479913682,9.161095542577556,-0.48297119140625,0.5809326171875,0.38092041015625,0.53302001953125,2.4516129032258065,74.29130009775172,2.116129032258064,64.1251221896383,2.6387096774193544,79.960899315738
1.4035667720017955,9.161095542577556,-0.48297119140625,0.5809326171875,0.38092041015625,0.53302001953125,2.464516129032258,74.68230694037146,2.116129032258064,64.1251221896383,2.629032258064516,79.6676441837732
1.4236491679912433,9.161095542577556,-0.48297119140625,0.5809326171875,0.38092041015625,0.53302001953125,2.464516129032258,74.68230694037146,2.1225806451612903,64.32062561094818,2.6129032258064515,79.17888563049853
1.4437307000625879,9.246485462799072,-0.48834228515625,0.57598876953125,0.3831787109375,0.53192138671875,2.42258064516129,73.41153470185728,2.1032258064516127,63.73411534701857,2.6354838709677417,79.86314760508309
1.463767079054378,9.246485462799072,-0.48834228515625,0.57598876953125,0.3831787109375,0.53192138671875,2.5,75.75757575757575,2.0806451612903225,63.049853372434015,2.590322580645161,78.49462365591397
1.4838830759981647,9.439567569280172,-0.49432373046875,0.5709228515625,0.3851318359375,0.53045654296875,2.458064516129032,74.48680351906158,2.1032258064516127,63.73411534701857,2.629032258064516,79.6676441837732
1.5039239350007847,9.439567569280172,-0.49432373046875,0.5709228515625,0.3851318359375,0.53045654296875,2.425806451612903,73.50928641251222,2.0999999999999996,63.636363636363626,2.6741935483870964,81.03616813294232
1.5240131160244346,9.439567569280172,-0.49432373046875,0.5709228515625,0.3851318359375,0.53045654296875,2.467741935483871,74.7800586510264,2.1193548387096772,64.22287390029325,2.6064516129032254,78.98338220918865
1.5440822640666738,9.67429596573281,-0.500732421875,0.56536865234375,0.38726806640625,0.52880859375,2.464516129032258,74.68230694037146,2.074193548387097,62.85434995112414,2.62258064516129,79.47214076246333
1.5641334910178557,9.67429596573281,-0.500732421875,0.56536865234375,0.38726806640625,0.52880859375,2.464516129032258,74.68230694037146,2.083870967741935,63.14760508308894,2.6032258064516127,78.88563049853371
1.5842251350404695,9.960932989730821,-0.5076904296875,0.55938720703125,0.38909912109375,0.5272216796875,2.458064516129032,74.48680351906158,2.009677419354839,60.899315738025415,2.5774193548387094,78.10361681329422
1.6042801709845662,9.960932989730821,-0.5076904296875,0.55938720703125,0.38909912109375,0.5272216796875,2.425806451612903,73.50928641251222,1.9548387096774194,59.2375366568915,2.6677419354838707,80.84066471163244
1.6243431420298293,9.960932989730821,-0.5076904296875,0.55938720703125,0.38909912109375,0.5272216796875,2.4709677419354836,74.87781036168133,1.9548387096774194,59.2375366568915,2.6096774193548384,79.0811339198436
1.644426497980021,10.409582750812945,-0.5150146484375,0.5533447265625,0.38958740234375,0.526123046875,2.4387096774193546,73.90029325513197,1.8935483870967742,57.380254154447705,2.6032258064516127,78.88563049853371
1.6645825930172578,10.409582750812945,-0.5150146484375,0.5533447265625,0.38958740234375,0.526123046875,2.42258064516129,73.41153470185728,1.8806451612903226,56.98924731182796,2.5806451612903225,78.20136852394917
1.6845790670486167,11.041018899211565,-0.522705078125,0.5474853515625,0.38836669921875,0.52557373046875,2.4483870967741934,74.19354838709677,1.8354838709677417,55.62072336265884,2.5806451612903225,78.20136852394917
1.704644054058008,11.041018899211565,-0.522705078125,0.5474853515625,0.38836669921875,0.52557373046875,2.42258064516129,73.41153470185728,1.8322580645161288,55.5229716520039,2.551612903225806,77.32160312805473
1.724718193989247,11.041018899211565,-0.522705078125,0.5474853515625,0.38836669921875,0.52557373046875,2.435483870967742,73.80254154447702,1.8322580645161288,55.5229716520039,2.6096774193548384,79.0811339198436
1.7447987020714208,11.841783526666404,-0.5306396484375,0.5413818359375,0.38568115234375,0.52587890625,2.42258064516129,73.41153470185728,1.8483870967741933,56.01173020527859,2.629032258064516,79.6676441837732
1.7650745119899511,11.841783526666404,-0.5306396484375,0.5413818359375,0.38568115234375,0.52587890625,2.4612903225806453,74.58455522971653,1.8096774193548386,54.83870967741935,2.5741935483870964,78.00586510263928
1.7849377660313621,12.879008549213381,-0.5399169921875,0.5352783203125,0.381591796875,0.52569580078125,2.42258064516129,73.41153470185728,1.8032258064516127,54.64320625610948,2.587096774193548,78.39687194525904
1.8049867210211232,12.879008549213381,-0.5399169921875,0.5352783203125,0.381591796875,0.52569580078125,2.435483870967742,73.80254154447702,1.7838709677419353,54.05669599217986,2.5774193548387094,78.10361681329422
1.8250297560589388,12.879008549213381,-0.5399169921875,0.5352783203125,0.381591796875,0.52569580078125,2.454838709677419,74.38905180840665,1.8032258064516127,54.64320625610948,2.590322580645161,78.49462365591397
1.845135833020322,14.029594391149587,-0.54833984375,0.53021240234375,0.3758544921875,0.52618408203125,2.412903225806452,73.11827956989248,1.8032258064516127,54.64320625610948,2.590322580645161,78.49462365591397
1.8651791560696438,14.029594391149587,-0.54833984375,0.53021240234375,0.3758544921875,0.52618408203125,2.4290322580645163,73.60703812316717,1.8032258064516127,54.64320625610948,2.629032258064516,79.6676441837732
1.8852495200699195,15.351132451884723,-0.5570068359375,0.52508544921875,0.36810302734375,0.52777099609375,2.3967741935483873,72.6295210166178,1.8032258064516127,54.64320625610948,2.5387096774193547,76.93059628543499
1.905314124072902,15.351132451884723,-0.5570068359375,0.52508544921875,0.36810302734375,0.52777099609375,2.4612903225806453,74.58455522971653,1.7903225806451613,54.25219941348974,2.5677419354838706,77.81036168132943
1.925397383980453,15.351132451884723,-0.5570068359375,0.52508544921875,0.36810302734375,0.52777099609375,2.42258064516129,73.41153470185728,1.7838709677419353,54.05669599217986,2.5741935483870964,78.00586510263928
1.945446882979013,16.85500286366957,-0.5660400390625,0.5196533203125,0.35906982421875,0.52972412109375,2.4290322580645163,73.60703812316717,1.8064516129032258,54.74095796676443,2.554838709677419,77.41935483870968
1.9655040950747207,16.85500286366957,-0.5660400390625,0.5196533203125,0.35906982421875,0.52972412109375,2.3967741935483873,72.6295210166178,1.793548387096774,54.34995112414467,2.6032258064516127,78.88563049853371
1.985557017964311,18.410435631845388,-0.5748291015625,0.5137939453125,0.34942626953125,0.53240966796875,2.454838709677419,74.38905180840665,1.8225806451612903,55.229716520039105,2.5774193548387094,78.10361681329422
2.0190654820762575,18.410435631845388,-0.5748291015625,0.5137939453125,0.34942626953125,0.53240966796875,2.425806451612903,73.50928641251222,1.8096774193548386,54.83870967741935,2.554838709677419,77.41935483870968
2.025663473061286,18.410435631845388,-0.5748291015625,0.5137939453125,0.34942626953125,0.53240966796875,2.458064516129032,74.48680351906158,1.7903225806451613,54.25219941348974,2.532258064516129,76.73509286412512
2.0457501569762826,20.06548982176932,-0.583251953125,0.50732421875,0.338623046875,0.53643798828125,2.4483870967741934,74.19354838709677,1.7516129032258063,53.0791788856305,2.561290322580645,77.61485826001955
2.06578627997078,20.06548982176932,-0.583251953125,0.50732421875,0.338623046875,0.53643798828125,2.4419354838709677,73.9980449657869,1.8225806451612903,55.229716520039105,2.554838709677419,77.41935483870968
2.085843650973402,21.966203770838504,-0.592529296875,0.49932861328125,0.32635498046875,0.5413818359375,2.425806451612903,73.50928641251222,1.793548387096774,54.34995112414467,2.5677419354838706,77.81036168132943
2.105921279056929,21.966203770838504,-0.592529296875,0.49932861328125,0.32635498046875,0.5413818359375,2.432258064516129,73.70478983382209,1.7806451612903225,53.95894428152492,2.5483870967741935,77.2238514173998
2.12603666796349,21.966203770838504,-0.592529296875,0.49932861328125,0.32635498046875,0.5413818359375,2.435483870967742,73.80254154447702,1.7903225806451613,54.25219941348974,2.5,75.75757575757575
2.1460519270040095,23.823393728683854,-0.600830078125,0.49151611328125,0.31414794921875,0.54656982421875,2.4483870967741934,74.19354838709677,1.796774193548387,54.44770283479961,2.5161290322580645,76.24633431085044
2.1662447260459885,23.823393728683854,-0.600830078125,0.49151611328125,0.31414794921875,0.54656982421875,2.425806451612903,73.50928641251222,1.7451612903225806,52.883675464320625,2.5419354838709673,77.02834799608992
2.1862041109707206,25.603049421182973,-0.60894775390625,0.48358154296875,0.302978515625,0.5509033203125,2.445161290322581,74.09579667644185,1.7129032258064516,51.90615835777126,2.529032258064516,76.63734115347019
2.2062763309804723,25.603049421182973,-0.60894775390625,0.48358154296875,0.302978515625,0.5509033203125,2.4290322580645163,73.60703812316717,1.729032258064516,52.39491691104594,2.564516129032258,77.71260997067448
2.2263268859824166,25.603049421182973,-0.60894775390625,0.48358154296875,0.302978515625,0.5509033203125,2.435483870967742,73.80254154447702,1.732258064516129,52.49266862170088,2.529032258064516,76.63734115347019
2.24641344207339,27.298486592819557,-0.6165771484375,0.475830078125,0.2923583984375,0.554931640625,2.412903225806452,73.11827956989248,1.7193548387096773,52.101661779081134,2.5354838709677416,76.83284457478005
2.2664939500391483,27.298486592819557,-0.6165771484375,0.475830078125,0.2923583984375,0.554931640625,2.425806451612903,73.50928641251222,1.7354838709677418,52.59042033235581,2.529032258064516,76.63734115347019
2.2865609540604055,29.00360462487744,-0.62353515625,0.4686279296875,0.2811279296875,0.55908203125,2.4741935483870967,74.97556207233626,1.7161290322580645,52.003910068426194,2.519354838709677,76.34408602150538
2.3066275420133024,29.00360462487744,-0.62353515625,0.4686279296875,0.2811279296875,0.55908203125,2.412903225806452,73.11827956989248,1.696774193548387,51.417399804496576,2.529032258064516,76.63734115347019
2.3266891370294616,29.00360462487744,-0.62353515625,0.4686279296875,0.2811279296875,0.55908203125,2.42258064516129,73.41153470185728,1.732258064516129,52.49266862170088,2.558064516129032,77.5171065493646
2.3467478529782966,30.698776959667867,-0.630126953125,0.46173095703125,0.26971435546875,0.56304931640625,2.412903225806452,73.11827956989248,1.7516129032258063,53.0791788856305,2.5129032258064514,76.1485826001955
2.3668236570665613,30.698776959667867,-0.630126953125,0.46173095703125,0.26971435546875,0.56304931640625,2.4,72.72727272727273,1.7419354838709677,52.785923753665685,2.5451612903225804,77.12609970674487
2.3868880689842626,32.33411461646392,-0.636474609375,0.455078125,0.2587890625,0.56640625,2.4193548387096775,73.31378299120234,1.7419354838709677,52.785923753665685,2.551612903225806,77.32160312805473
2.406955903978087,32.33411461646392,-0.636474609375,0.455078125,0.2587890625,0.56640625,2.4483870967741934,74.19354838709677,1.732258064516129,52.49266862170088,2.5032258064516126,75.8553274682307
2.427029179991223,32.33411461646392,-0.636474609375,0.455078125,0.2587890625,0.56640625,2.4419354838709677,73.9980449657869,1.7032258064516128,51.61290322580645,2.5354838709677416,76.83284457478005
2.4471004720544443,33.84177954395565,-0.64202880859375,0.44903564453125,0.24847412109375,0.569580078125,2.412903225806452,73.11827956989248,1.7516129032258063,53.0791788856305,2.5774193548387094,78.10361681329422
2.4671715080039576,33.84177954395565,-0.64202880859375,0.44903564453125,0.24847412109375,0.569580078125,2.3967741935483873,72.6295210166178,1.6806451612903226,50.9286412512219,2.5161290322580645,76.24633431085044
2.4872392480028793,35.41106031247477,-0.64752197265625,0.443115234375,0.2374267578125,0.57269287109375,2.393548387096774,72.53176930596285,1.6870967741935483,51.12414467253177,2.5161290322580645,76.24633431085044
2.507299851044081,35.41106031247477,-0.64752197265625,0.443115234375,0.2374267578125,0.57269287109375,2.358064516129032,71.45650048875855,1.7032258064516128,51.61290322580645,2.4741935483870967,74.97556207233626
2.527394504053518,35.41106031247477,-0.64752197265625,0.443115234375,0.2374267578125,0.57269287109375,2.3741935483870966,71.94525904203324,1.7032258064516128,51.61290322580645,2.532258064516129,76.73509286412512
2.5474415390053764,37.079728887898256,-0.65283203125,0.437255859375,0.22515869140625,0.57611083984375,2.3838709677419354,72.23851417399804,1.7032258064516128,51.61290322580645,2.5129032258064514,76.1485826001955
2.5675084149697796,37.079728887898256,-0.65283203125,0.437255859375,0.22515869140625,0.57611083984375,2.370967741935484,71.8475073313783,1.7258064516129032,52.29716520039101,2.5032258064516126,75.8553274682307
2.5875795470783487,38.74168377394613,-0.65802001953125,0.431396484375,0.212890625,0.57928466796875,2.3451612903225807,71.0654936461388,1.6516129032258065,50.048875855327466,2.519354838709677,76.34408602150538
2.6076414299895987,38.74168377394613,-0.65802001953125,0.431396484375,0.212890625,0.57928466796875,2.358064516129032,71.45650048875855,1.5741935483870966,47.702834799608986,2.5096774193548383,76.05083088954055
2.6277068980270997,38.74168377394613,-0.65802001953125,0.431396484375,0.212890625,0.57928466796875,2.3419354838709676,70.96774193548387,1.596774193548387,48.38709677419355,2.4774193548387093,75.07331378299119
2.6477827980415896,40.311498252978616,-0.66278076171875,0.42578125,0.20123291015625,0.58221435546875,2.3225806451612905,70.38123167155426,1.5709677419354837,47.60508308895405,2.5032258064516126,75.8553274682307
2.6678315930766985,40.311498252978616,-0.66278076171875,0.42578125,0.20123291015625,0.58221435546875,2.338709677419355,70.86999022482894,1.5419354838709676,46.72531769305962,2.5096774193548383,76.05083088954055
2.687879075994715,41.767616445637216,-0.66766357421875,0.42022705078125,0.19091796875,0.5841064453125,2.3096774193548386,69.99022482893452,1.5709677419354837,47.60508308895405,2.4774193548387093,75.07331378299119
2.7079395200125873,41.767616445637216,-0.66766357421875,0.42022705078125,0.19091796875,0.5841064453125,2.3419354838709676,70.96774193548387,1.5129032258064514,45.8455522971652,2.5,75.75757575757575
2.728027164004743,41.767616445637216,-0.66766357421875,0.42022705078125,0.19091796875,0.5841064453125,2.3096774193548386,69.99022482893452,1.5096774193548386,45.74780058651026,2.5161290322580645,76.24633431085044
2.76689150207676,42.9866848201834,-0.671875,0.41522216796875,0.1824951171875,0.5855712890625,2.2838709677419358,69.20821114369502,1.467741935483871,44.4770283479961,2.4806451612903224,75.17106549364614
2.768135891063139,42.9866848201834,-0.671875,0.41522216796875,0.1824951171875,0.5855712890625,2.306451612903226,69.89247311827957,1.4419354838709677,43.6950146627566,2.5032258064516126,75.8553274682307
2.788174286019057,44.0672484961951,-0.675048828125,0.4111328125,0.174560546875,0.58721923828125,2.306451612903226,69.89247311827957,1.4387096774193548,43.59726295210166,2.52258064516129,76.44183773216031
2.8082959790481254,44.0672484961951,-0.675048828125,0.4111328125,0.174560546875,0.58721923828125,2.296774193548387,69.59921798631477,1.4161290322580644,42.91300097751711,2.4741935483870967,74.97556207233626
2.828331494005397,44.0672484961951,-0.675048828125,0.4111328125,0.174560546875,0.58721923828125,2.296774193548387,69.59921798631477,1.3806451612903226,41.837732160312804,2.4774193548387093,75.07331378299119
2.8483940820442513,45.02285405844872,-0.67755126953125,0.407958984375,0.1671142578125,0.5887451171875,2.306451612903226,69.89247311827957,1.3387096774193548,40.56695992179863,2.496774193548387,75.65982404692082
2.868454621057026,45.02285405844872,-0.67755126953125,0.407958984375,0.1671142578125,0.5887451171875,2.2419354838709675,67.93743890518084,1.296774193548387,39.29618768328446,2.4741935483870967,74.97556207233626
2.8885349050397053,45.84686982826409,-0.6798095703125,0.4052734375,0.1607666015625,0.5897216796875,2.24516129032258,68.03519061583576,1.2806451612903225,38.80742913000977,2.52258064516129,76.44183773216031
2.9086066769668832,45.84686982826409,-0.6798095703125,0.4052734375,0.1607666015625,0.5897216796875,2.264516129032258,68.6217008797654,1.1741935483870969,35.581622678396876,2.525806451612903,76.53958944281524
2.928710898035206,45.84686982826409,-0.6798095703125,0.4052734375,0.1607666015625,0.5897216796875,2.2677419354838713,68.71945259042035,1.135483870967742,34.40860215053764,2.496774193548387,75.65982404692082
2.9489771720254794,46.490456162527025,-0.68194580078125,0.40289306640625,0.1561279296875,0.59014892578125,2.2774193548387096,69.01270772238514,1.0516129032258064,31.867057673509287,2.4774193548387093,75.07331378299119
2.9688167449785396,46.490456162527025,-0.68194580078125,0.40289306640625,0.1561279296875,0.59014892578125,2.2838709677419358,69.20821114369502,0.9806451612903225,29.716520039100686,2.493548387096774,75.56207233626587
2.988882309058681,47.11011473728184,-0.683837890625,0.40057373046875,0.151611328125,0.5906982421875,2.2161290322580642,67.15542521994135,0.9580645161290322,29.03225806451613,2.5,75.75757575757575
3.0089470400707796,47.11011473728184,-0.683837890625,0.40057373046875,0.151611328125,0.5906982421875,2.2870967741935484,69.30596285434996,0.9903225806451612,30.009775171065495,2.5,75.75757575757575
3.0290471330517903,47.11011473728184,-0.683837890625,0.40057373046875,0.151611328125,0.5906982421875,2.2677419354838713,68.71945259042035,0.967741935483871,29.32551319648094,2.493548387096774,75.56207233626587
3.0490813680225983,47.777479891711835,-0.68572998046875,0.3980712890625,0.14666748046875,0.5914306640625,2.22258064516129,67.35092864125122,0.9709677419354839,29.423264907135877,2.5,75.75757575757575
3.0691775240702555,47.777479891711835,-0.68572998046875,0.3980712890625,0.14666748046875,0.5914306640625,2.2677419354838713,68.71945259042035,0.8806451612903226,26.68621700879765,2.493548387096774,75.56207233626587
3.0892021589679644,48.43432961476307,-0.68756103515625,0.3955078125,0.14178466796875,0.59228515625,2.2516129032258068,68.23069403714567,0.8161290322580645,24.731182795698928,2.5032258064516126,75.8553274682307
3.109283850993961,48.43432961476307,-0.68756103515625,0.3955078125,0.14178466796875,0.59228515625,2.2580645161290325,68.42619745845553,0.7580645161290323,22.97165200391007,2.5,75.75757575757575
3.1294124569976702,48.43432961476307,-0.68756103515625,0.3955078125,0.14178466796875,0.59228515625,2.2483870967741932,68.1329423264907,0.7451612903225806,22.58064516129032,2.496774193548387,75.65982404692082
3.1494261149782687,49.14549076022415,-0.68939208984375,0.392578125,0.1365966796875,0.59326171875,2.24516129032258,68.03519061583576,0.7935483870967741,24.046920821114366,2.493548387096774,75.56207233626587
3.169489021995105,49.14549076022415,-0.68939208984375,0.392578125,0.1365966796875,0.59326171875,2.2193548387096773,67.25317693059628,0.7870967741935483,23.851417399804493,2.551612903225806,77.32160312805473
3.1895555140217766,49.90719389720358,-0.6915283203125,0.38958740234375,0.1309814453125,0.59405517578125,2.235483870967742,67.74193548387096,0.7838709677419354,23.753665689149557,2.493548387096774,75.56207233626587
3.2097074809717014,49.90719389720358,-0.6915283203125,0.38958740234375,0.1309814453125,0.59405517578125,2.190322580645161,66.37341153470186,0.7870967741935483,23.851417399804493,2.5129032258064514,76.1485826001955
3.2297311229631305,49.90719389720358,-0.6915283203125,0.38958740234375,0.1309814453125,0.59405517578125,2.2064516129032254,66.86217008797654,0.7903225806451613,23.949169110459433,2.5096774193548383,76.05083088954055
3.2498419360490516,50.76580194348719,-0.69390869140625,0.38629150390625,0.1246337890625,0.59478759765625,2.2290322580645157,67.54643206256108,0.7838709677419354,23.753665689149557,2.519354838709677,76.34408602150538
3.2698498660465702,50.76580194348719,-0.69390869140625,0.38629150390625,0.1246337890625,0.59478759765625,2.1967741935483867,66.56891495601171,0.7903225806451613,23.949169110459433,2.4774193548387093,75.07331378299119
3.2898949490627274,51.623545035600365,-0.696533203125,0.3831787109375,0.11834716796875,0.594970703125,2.212903225806451,67.0576735092864,0.7451612903225806,22.58064516129032,2.490322580645161,75.46432062561095
3.3100124819902703,51.623545035600365,-0.696533203125,0.3831787109375,0.11834716796875,0.594970703125,2.1774193548387095,65.98240469208211,0.7225806451612903,21.896383186705766,2.4838709677419355,75.26881720430107
3.330040381057188,51.623545035600365,-0.696533203125,0.3831787109375,0.11834716796875,0.594970703125,2.180645161290322,66.08015640273703,0.6774193548387096,20.527859237536656,2.4741935483870967,74.97556207233626
3.3501126969931647,52.655311176410905,-0.6998291015625,0.3795166015625,0.11077880859375,0.59490966796875,2.2096774193548385,66.95992179863147,0.6580645161290322,19.941348973607038,2.490322580645161,75.46432062561095
3.370177012984641,52.655311176410905,-0.6998291015625,0.3795166015625,0.11077880859375,0.59490966796875,2.1870967741935483,66.27565982404691,0.6387096774193548,19.35483870967742,2.4516129032258065,74.29130009775172
3.390221807989292,53.586680731445625,-0.7021484375,0.3763427734375,0.103515625,0.59552001953125,2.148387096774193,65.10263929618768,0.6258064516129032,18.963831867057674,2.490322580645161,75.46432062561095
3.4103123319800943,53.586680731445625,-0.7021484375,0.3763427734375,0.103515625,0.59552001953125,2.1677419354838707,65.6891495601173,0.6161290322580645,18.670576735092865,2.525806451612903,76.53958944281524
3.4303629510104656,53.586680731445625,-0.7021484375,0.3763427734375,0.103515625,0.59552001953125,2.1516129032258062,65.20039100684262,0.5741935483870968,17.399804496578692,2.4387096774193546,73.90029325513197
3.4504773810040206,54.37768469419715,-0.70404052734375,0.3740234375,0.09710693359375,0.5958251953125,2.1419354838709674,64.90713587487781,0.6129032258064516,18.57282502443793,2.4612903225806453,74.58455522971653
3.4705415359931067,54.37768469419715,-0.70404052734375,0.3740234375,0.09710693359375,0.5958251953125,2.1774193548387095,65.98240469208211,0.6290322580645161,19.06158357771261,2.4516129032258065,74.29130009775172
3.503616002970375,55.11770708426699,-0.706298828125,0.372314453125,0.09112548828125,0.59515380859375,2.1967741935483867,66.56891495601171,0.561290322580645,17.00879765395894,2.487096774193548,75.366568914956
3.510624054004438,55.11770708426699,-0.706298828125,0.372314453125,0.09112548828125,0.59515380859375,2.203225806451613,66.7644183773216,0.561290322580645,17.00879765395894,2.4774193548387093,75.07331378299119
3.5307337150443345,55.11770708426699,-0.706298828125,0.372314453125,0.09112548828125,0.59515380859375,2.2290322580645157,67.54643206256108,0.5419354838709677,16.422287390029325,2.4774193548387093,75.07331378299119
3.5507859990466386,55.76475902111027,-0.70849609375,0.3707275390625,0.0860595703125,0.59429931640625,2.1838709677419352,66.17790811339198,0.47096774193548385,14.271749755620725,2.4774193548387093,75.07331378299119
3.570883147069253,55.76475902111027,-0.70849609375,0.3707275390625,0.0860595703125,0.59429931640625,2.2096774193548385,66.95992179863147,0.4612903225806451,13.978494623655912,2.4774193548387093,75.07331378299119
3.5909328380366787,56.3961229392989,-0.71038818359375,0.36871337890625,0.08123779296875,0.593994140625,2.1967741935483867,66.56891495601171,0.4548387096774193,13.78299120234604,2.525806451612903,76.53958944281524
3.6109989139949903,56.3961229392989,-0.71038818359375,0.36871337890625,0.08123779296875,0.593994140625,2.1677419354838707,65.6891495601173,0.4387096774193548,13.294232649071358,2.4838709677419355,75.26881720430107
3.6310511979972944,56.3961229392989,-0.71038818359375,0.36871337890625,0.08123779296875,0.593994140625,2.1838709677419352,66.17790811339198,0.43548387096774194,13.196480938416421,2.487096774193548,75.366568914956
3.651131705963053,56.92649300718353,-0.71173095703125,0.36688232421875,0.0771484375,0.59405517578125,2.1677419354838707,65.6891495601173,0.4096774193548387,12.41446725317693,2.487096774193548,75.366568914956
3.671225782018155,56.92649300718353,-0.71173095703125,0.36688232421875,0.0771484375,0.59405517578125,2.1870967741935483,66.27565982404691,0.3387096774193548,10.263929618768328,2.4419354838709677,73.9980449657869
3.691260913037695,57.4984434016873,-0.71307373046875,0.36480712890625,0.07275390625,0.59423828125,2.2290322580645157,67.54643206256108,0.2225806451612903,6.744868035190615,2.4774193548387093,75.07331378299119
3.7113541580038145,57.4984434016873,-0.71307373046875,0.36480712890625,0.07275390625,0.59423828125,2.125806451612903,64.41837732160313,0.19677419354838707,5.962854349951123,2.487096774193548,75.366568914956
3.7314521060325205,57.4984434016873,-0.71307373046875,0.36480712890625,0.07275390625,0.59423828125,2.1645161290322577,65.59139784946235,0.12580645161290321,3.812316715542522,2.4774193548387093,75.07331378299119
3.7514871730236337,58.0314544156695,-0.7144775390625,0.3623046875,0.06903076171875,0.59454345703125,2.1516129032258062,65.20039100684262,0.09354838709677418,2.834799608993157,2.4709677419354836,74.87781036168133
3.7715431050164625,58.0314544156695,-0.7144775390625,0.3623046875,0.06903076171875,0.59454345703125,2.1354838709677417,64.71163245356793,0.0,0.0,2.4741935483870967,74.97556207233626
3.791592412046157,58.6595731866193,-0.71612548828125,0.35955810546875,0.06451416015625,0.59478759765625,2.1451612903225805,65.00488758553274,0.0,0.0,2.525806451612903,76.53958944281524
3.811686231987551,58.6595731866193,-0.71612548828125,0.35955810546875,0.06451416015625,0.59478759765625,2.1451612903225805,65.00488758553274,0.0,0.0,2.467741935483871,74.7800586510264
3.831752756028436,58.6595731866193,-0.71612548828125,0.35955810546875,0.06451416015625,0.59478759765625,2.1193548387096772,64.22287390029325,0.0,0.0,2.4709677419354836,74.87781036168133
3.851823056000285,59.43845260486203,-0.71844482421875,0.35614013671875,0.05914306640625,0.59454345703125,2.1096774193548384,63.929618768328446,0.0,0.0,2.42258064516129,73.41153470185728
3.8719102520262823,59.43845260486203,-0.71844482421875,0.35614013671875,0.05914306640625,0.59454345703125,2.1129032258064515,64.02737047898339,0.009677419354838708,0.29325513196480935,2.4806451612903224,75.17106549364614
3.891951238969341,60.27640567972277,-0.72119140625,0.35247802734375,0.053466796875,0.59393310546875,2.1516129032258062,65.20039100684262,0.0,0.0,2.493548387096774,75.56207233626587
3.9120165470521897,60.27640567972277,-0.72119140625,0.35247802734375,0.053466796875,0.59393310546875,2.116129032258064,64.1251221896383,0.0,0.0,2.4516129032258065,74.29130009775172
3.9321133439661935,60.27640567972277,-0.72119140625,0.35247802734375,0.053466796875,0.59393310546875,2.087096774193548,63.24535679374389,0.0,0.0,2.4741935483870967,74.97556207233626
3.9521541070425883,61.1457544622942,-0.72344970703125,0.34893798828125,0.047119140625,0.59381103515625,2.148387096774193,65.10263929618768,0.0,0.0,2.464516129032258,74.68230694037146
3.9722140700323507,61.1457544622942,-0.72344970703125,0.34893798828125,0.047119140625,0.59381103515625,2.106451612903226,63.831867057673506,0.0,0.0,2.4483870967741934,74.19354838709677
3.9922742580529302,62.00927298301298,-0.72515869140625,0.34625244140625,0.0400390625,0.5938720703125,2.083870967741935,63.14760508308894,0.0,0.0,2.4741935483870967,74.97556207233626
4.012344078044407,62.00927298301298,-0.72515869140625,0.34625244140625,0.0400390625,0.5938720703125,2.0999999999999996,63.636363636363626,0.0,0.0,2.4741935483870967,74.97556207233626
4.032413064967841,62.00927298301298,-0.72515869140625,0.34625244140625,0.0400390625,0.5938720703125,2.0451612903225804,61.97458455522972,0.0,0.0,2.525806451612903,76.53958944281524
4.052479877020232,62.84953184569171,-0.72674560546875,0.3441162109375,0.03289794921875,0.59356689453125,2.061290322580645,62.4633431085044,0.0,0.0,2.4516129032258065,74.29130009775172
4.072543137008324,62.84953184569171,-0.72674560546875,0.3441162109375,0.03289794921875,0.59356689453125,2.029032258064516,61.48582600195503,0.0,0.0,2.493548387096774,75.56207233626587
4.092618013033643,63.65403000909504,-0.72900390625,0.34222412109375,0.0263671875,0.59222412109375,2.029032258064516,61.48582600195503,0.0,0.0,2.4709677419354836,74.87781036168133
4.112668088055216,63.65403000909504,-0.72900390625,0.34222412109375,0.0263671875,0.59222412109375,2.0129032258064514,60.997067448680355,0.0,0.0,2.4741935483870967,74.97556207233626
4.13296761107631,63.65403000909504,-0.72900390625,0.34222412109375,0.0263671875,0.59222412109375,2.0354838709677416,61.6813294232649,0.0,0.0,2.4741935483870967,74.97556207233626
4.152818672009744,64.41336798055926,-0.73095703125,0.34039306640625,0.0201416015625,0.59112548828125,2.0387096774193547,61.779081133919846,0.0,0.0,2.4612903225806453,74.58455522971653
4.1728812920628116,64.41336798055926,-0.73095703125,0.34039306640625,0.0201416015625,0.59112548828125,2.061290322580645,62.4633431085044,0.0,0.0,2.467741935483871,74.7800586510264
4.19295888801571,65.10188877480718,-0.73162841796875,0.33929443359375,0.01361083984375,0.591064453125,2.019354838709677,61.19257086999021,0.0,0.0,2.4741935483870967,74.97556207233626
4.239263672963716,65.10188877480718,-0.73162841796875,0.33929443359375,0.01361083984375,0.591064453125,2.0129032258064514,60.997067448680355,0.0,0.0,2.435483870967742,73.80254154447702
4.239535873057321,65.10188877480718,-0.73162841796875,0.33929443359375,0.01361083984375,0.591064453125,2.009677419354839,60.899315738025415,0.0,0.0,2.4741935483870967,74.97556207233626
4.259635390015319,65.7773475361237,-0.73199462890625,0.338134765625,0.00701904296875,0.59149169921875,2.0161290322580645,61.09481915933529,0.0,0.0,2.4774193548387093,75.07331378299119
4.279732153983787,65.7773475361237,-0.73199462890625,0.338134765625,0.00701904296875,0.59149169921875,2.0354838709677416,61.6813294232649,0.0,0.0,2.4774193548387093,75.07331378299119
4.299813015037216,66.487598665278,-0.73260498046875,0.3359375,0.0008544921875,0.5919189453125,2.009677419354839,60.899315738025415,0.0,0.0,2.4774193548387093,75.07331378299119
4.3198813940398395,66.487598665278,-0.73260498046875,0.3359375,0.0008544921875,0.5919189453125,2.0483870967741935,62.07233626588465,0.0,0.0,2.4806451612903224,75.17106549364614
4.339968207059428,66.487598665278,-0.73260498046875,0.3359375,0.0008544921875,0.5919189453125,2.0129032258064514,60.997067448680355,0.0,0.0,2.4806451612903224,75.17106549364614
4.360002442030236,67.24468981526309,-0.73388671875,0.33367919921875,-0.0054931640625,0.5916748046875,2.0354838709677416,61.6813294232649,0.2032258064516129,6.158357771260997,2.4774193548387093,75.07331378299119
4.380064517026767,67.24468981526309,-0.73388671875,0.33367919921875,-0.0054931640625,0.5916748046875,2.061290322580645,62.4633431085044,0.23225806451612901,7.038123167155424,2.4774193548387093,75.07331378299119
4.400131872971542,68.00701000049233,-0.73516845703125,0.33233642578125,-0.0123291015625,0.5906982421875,2.061290322580645,62.4633431085044,0.2870967741935484,8.699902248289346,2.490322580645161,75.46432062561095
4.4202216289704666,68.00701000049233,-0.73516845703125,0.33233642578125,-0.0123291015625,0.5906982421875,2.009677419354839,60.899315738025415,0.39677419354838706,12.023460410557183,2.4774193548387093,75.07331378299119
4.440280313021503,68.00701000049233,-0.73516845703125,0.33233642578125,-0.0123291015625,0.5906982421875,2.054838709677419,62.267839687194524,0.4258064516129032,12.903225806451612,2.4774193548387093,75.07331378299119
4.460333492024802,68.47672349925921,-0.73583984375,0.3319091796875,-0.016845703125,0.59002685546875,2.0774193548387094,62.95210166177908,0.5387096774193548,16.32453567937439,2.490322580645161,75.46432062561095
4.480411728029139,68.47672349925921,-0.73583984375,0.3319091796875,-0.016845703125,0.59002685546875,2.074193548387097,62.85434995112414,0.7064516129032258,21.407624633431084,2.5032258064516126,75.8553274682307
4.50052353402134,68.74195176696217,-0.73602294921875,0.33197021484375,-0.0196533203125,0.58966064453125,2.087096774193548,63.24535679374389,0.7870967741935483,23.851417399804493,2.496774193548387,75.65982404692082
4.520593065069988,68.74195176696217,-0.73602294921875,0.33197021484375,-0.0196533203125,0.58966064453125,2.0774193548387094,62.95210166177908,0.8419354838709677,25.513196480938415,2.4806451612903224,75.17106549364614
4.540656197001226,68.74195176696217,-0.73602294921875,0.33197021484375,-0.0196533203125,0.58966064453125,2.1645161290322577,65.59139784946235,0.9193548387096774,27.859237536656895,2.490322580645161,75.46432062561095
4.560677887056954,68.89017331825335,-0.73553466796875,0.33258056640625,-0.0218505859375,0.58978271484375,2.1225806451612903,64.32062561094818,0.9548387096774194,28.934506353861195,2.496774193548387,75.65982404692082
4.580761883989908,68.89017331825335,-0.73553466796875,0.33258056640625,-0.0218505859375,0.58978271484375,2.158064516129032,65.39589442815249,1.0161290322580645,30.791788856304986,2.496774193548387,75.65982404692082
4.6008513839915395,69.11339484731522,-0.73504638671875,0.33270263671875,-0.024658203125,0.59027099609375,2.087096774193548,63.24535679374389,1.2419354838709677,37.634408602150536,2.496774193548387,75.65982404692082
4.62088661105372,69.11339484731522,-0.73504638671875,0.33270263671875,-0.024658203125,0.59027099609375,2.0999999999999996,63.636363636363626,1.3129032258064515,39.784946236559136,2.5096774193548383,76.05083088954055
4.640964623074979,69.11339484731522,-0.73504638671875,0.33270263671875,-0.024658203125,0.59027099609375,2.190322580645161,66.37341153470186,1.3580645161290321,41.153470185728246,2.5064516129032257,75.95307917888563
4.661021418985911,69.27647963329677,-0.7349853515625,0.33331298828125,-0.02679443359375,0.58990478515625,2.1451612903225805,65.00488758553274,1.4548387096774194,44.086021505376344,2.5451612903225804,77.12609970674487
4.681208105990663,69.27647963329677,-0.7349853515625,0.33331298828125,-0.02679443359375,0.58990478515625,2.158064516129032,65.39589442815249,1.4741935483870967,44.67253176930596,2.519354838709677,76.34408602150538
4.701274950057268,69.61565638059304,-0.73553466796875,0.3338623046875,-0.03045654296875,0.5887451171875,2.1193548387096772,64.22287390029325,1.4870967741935484,45.06353861192571,2.496774193548387,75.65982404692082
4.721330848988146,69.61565638059304,-0.73553466796875,0.3338623046875,-0.03045654296875,0.5887451171875,2.1225806451612903,64.32062561094818,1.4903225806451612,45.16129032258064,2.525806451612903,76.53958944281524
4.741428893990815,69.61565638059304,-0.73553466796875,0.3338623046875,-0.03045654296875,0.5887451171875,2.087096774193548,63.24535679374389,1.532258064516129,46.432062561094824,2.525806451612903,76.53958944281524
4.761457815999165,70.14304379394135,-0.7369384765625,0.3341064453125,-0.03546142578125,0.5865478515625,2.083870967741935,63.14760508308894,1.5354838709677419,46.52981427174975,2.487096774193548,75.366568914956
4.78189977502916,70.14304379394135,-0.7369384765625,0.3341064453125,-0.03546142578125,0.5865478515625,2.083870967741935,63.14760508308894,1.5354838709677419,46.52981427174975,2.525806451612903,76.53958944281524
4.801951579051092,70.52451350061271,-0.7386474609375,0.3341064453125,-0.03857421875,0.584228515625,2.061290322580645,62.4633431085044,1.5419354838709676,46.72531769305962,2.551612903225806,77.32160312805473
4.822036438970827,70.52451350061271,-0.7386474609375,0.3341064453125,-0.03857421875,0.584228515625,2.009677419354839,60.899315738025415,1.5129032258064514,45.8455522971652,2.5032258064516126,75.8553274682307
4.842118386994116,70.52451350061271,-0.7386474609375,0.3341064453125,-0.03857421875,0.584228515625,2.061290322580645,62.4633431085044,1.5,45.45454545454546,2.5064516129032257,75.95307917888563
4.862231152015738,70.92968766215236,-0.73980712890625,0.33251953125,-0.04144287109375,0.58349609375,2.054838709677419,62.267839687194524,1.493548387096774,45.25904203323558,2.5064516129032257,75.95307917888563
4.8822922999970615,70.92968766215236,-0.73980712890625,0.33251953125,-0.04144287109375,0.58349609375,2.0258064516129033,61.3880742913001,1.4483870967741934,43.89051808406647,2.4806451612903224,75.17106549364614
4.902372392010875,71.40040573948042,-0.7406005859375,0.33013916015625,-0.0447998046875,0.58355712890625,2.0,60.60606060606061,1.3258064516129031,40.17595307917888,2.4806451612903224,75.17106549364614
4.922450660029426,71.40040573948042,-0.7406005859375,0.33013916015625,-0.0447998046875,0.58355712890625,1.996774193548387,60.50830889540567,1.2129032258064516,36.75464320625611,2.519354838709677,76.34408602150538
4.942536832997575,71.40040573948042,-0.7406005859375,0.33013916015625,-0.0447998046875,0.58355712890625,2.0032258064516126,60.703812316715535,1.0419354838709676,31.57380254154447,2.5129032258064514,76.1485826001955
4.9625857879873365,72.00135549239707,-0.74212646484375,0.32696533203125,-0.0487060546875,0.58306884765625,1.9903225806451612,60.312805474095796,0.9548387096774194,28.934506353861195,2.5096774193548383,76.05083088954055
4.982658968074247,72.00135549239707,-0.74212646484375,0.32696533203125,-0.0487060546875,0.58306884765625,1.9580645161290322,59.33528836754643,0.8709677419354839,26.392961876832842,2.5387096774193547,76.93059628543499
5.002697939053178,72.70249486209565,-0.7440185546875,0.32318115234375,-0.05316162109375,0.5823974609375,1.9709677419354839,59.72629521016618,0.7838709677419354,23.753665689149557,2.519354838709677,76.34408602150538
5.022759373998269,72.70249486209565,-0.7440185546875,0.32318115234375,-0.05316162109375,0.5823974609375,1.961290322580645,59.43304007820137,0.7806451612903225,23.65591397849462,2.5129032258064514,76.1485826001955
5.042826249962673,72.70249486209565,-0.7440185546875,0.32318115234375,-0.05316162109375,0.5823974609375,1.9709677419354839,59.72629521016618,0.7741935483870968,23.46041055718475,2.5064516129032257,75.95307917888563
5.062903110054322,73.45524754778236,-0.74609375,0.31988525390625,-0.05828857421875,0.5810546875,2.009677419354839,60.899315738025415,0.7838709677419354,23.753665689149557,2.5032258064516126,75.8553274682307
5.083029572037049,73.45524754778236,-0.74609375,0.31988525390625,-0.05828857421875,0.5810546875,1.9709677419354839,59.72629521016618,0.8225806451612904,24.9266862170088,2.4774193548387093,75.07331378299119
5.103045310010202,74.19111757404845,-0.74810791015625,0.31732177734375,-0.06365966796875,0.579345703125,1.993548387096774,60.410557184750736,0.7903225806451613,23.949169110459433,2.5129032258064514,76.1485826001955
5.123122522025369,74.19111757404845,-0.74810791015625,0.31732177734375,-0.06365966796875,0.579345703125,2.02258064516129,61.29032258064516,0.8064516129032258,24.437927663734115,2.4774193548387093,75.07331378299119
5.143217399017885,74.19111757404845,-0.74810791015625,0.31732177734375,-0.06365966796875,0.579345703125,1.996774193548387,60.50830889540567,0.7870967741935483,23.851417399804493,2.519354838709677,76.34408602150538
5.163286130060442,74.87230316749279,-0.7498779296875,0.314697265625,-0.0684814453125,0.57781982421875,1.9870967741935484,60.215053763440864,0.7999999999999999,24.242424242424242,2.525806451612903,76.53958944281524
5.183339438051917,74.87230316749279,-0.7498779296875,0.314697265625,-0.0684814453125,0.57781982421875,1.9838709677419355,60.117302052785924,0.7870967741935483,23.851417399804493,2.5032258064516126,75.8553274682307
5.203380201011896,75.5276725824525,-0.75146484375,0.3121337890625,-0.0732421875,0.57666015625,2.009677419354839,60.899315738025415,0.7774193548387096,23.558162267839684,2.496774193548387,75.65982404692082
5.223468229058199,75.5276725824525,-0.75146484375,0.3121337890625,-0.0732421875,0.57666015625,1.9838709677419355,60.117302052785924,0.7387096774193548,22.385141739980448,2.493548387096774,75.56207233626587
5.24350499198772,75.5276725824525,-0.75146484375,0.3121337890625,-0.0732421875,0.57666015625,1.9580645161290322,59.33528836754643,0.7129032258064516,21.603128054740957,2.493548387096774,75.56207233626587
5.26359234796837,76.23896279847966,-0.7530517578125,0.309326171875,-0.07843017578125,0.575439453125,2.0354838709677416,61.6813294232649,0.7354838709677419,22.28739002932551,2.5,75.75757575757575
5.283662552013993,76.23896279847966,-0.7530517578125,0.309326171875,-0.07843017578125,0.575439453125,2.0387096774193547,61.779081133919846,0.7612903225806451,23.069403714565002,2.496774193548387,75.65982404692082
5.303734707995318,76.9140186351683,-0.7547607421875,0.306884765625,-0.08331298828125,0.57379150390625,2.02258064516129,61.29032258064516,0.7612903225806451,23.069403714565002,2.4774193548387093,75.07331378299119
5.32378030300606,76.9140186351683,-0.7547607421875,0.306884765625,-0.08331298828125,0.57379150390625,2.032258064516129,61.58357771260997,0.7483870967741935,22.678396871945257,2.5129032258064514,76.1485826001955
5.343833322986029,76.9140186351683,-0.7547607421875,0.306884765625,-0.08331298828125,0.57379150390625,1.9838709677419355,60.117302052785924,0.7258064516129032,21.994134897360706,2.4774193548387093,75.07331378299119
5.363904583035037,77.63214404425744,-0.75640869140625,0.30419921875,-0.08856201171875,0.572265625,1.961290322580645,59.43304007820137,0.7225806451612903,21.896383186705766,2.490322580645161,75.46432062561095
5.384001699043438,77.63214404425744,-0.75640869140625,0.30419921875,-0.08856201171875,0.572265625,1.9451612903225806,58.94428152492669,0.7,21.21212121212121,2.4612903225806453,74.58455522971653
5.404032254009508,78.48020861446105,-0.75799560546875,0.3013916015625,-0.09515380859375,0.57061767578125,1.929032258064516,58.45552297165201,0.5451612903225805,16.520039100684258,2.4774193548387093,75.07331378299119
5.42410268203821,78.48020861446105,-0.75799560546875,0.3013916015625,-0.09515380859375,0.57061767578125,1.9838709677419355,60.117302052785924,0.561290322580645,17.00879765395894,2.5,75.75757575757575
5.444167862064205,78.48020861446105,-0.75799560546875,0.3013916015625,-0.09515380859375,0.57061767578125,1.9419354838709677,58.846529814271754,0.5516129032258064,16.715542521994134,2.5451612903225804,77.12609970674487
5.464233361068182,79.30024080268777,-0.759765625,0.29815673828125,-0.10107421875,0.56890869140625,1.9548387096774194,59.2375366568915,0.6129032258064516,18.57282502443793,2.5129032258064514,76.1485826001955
5.484315213048831,79.30024080268777,-0.759765625,0.29815673828125,-0.10107421875,0.56890869140625,1.9741935483870967,59.82404692082112,0.6161290322580645,18.670576735092865,2.5064516129032257,75.95307917888563
5.5043824730673805,80.11125112896868,-0.76177978515625,0.29498291015625,-0.10675048828125,0.5667724609375,1.935483870967742,58.65102639296188,0.6709677419354838,20.332355816226784,2.519354838709677,76.34408602150538
5.5244550770148635,80.11125112896868,-0.76177978515625,0.29498291015625,-0.10675048828125,0.5667724609375,1.9580645161290322,59.33528836754643,0.6612903225806451,20.039100684261975,2.4774193548387093,75.07331378299119
5.544533184962347,80.11125112896868,-0.76177978515625,0.29498291015625,-0.10675048828125,0.5667724609375,1.9064516129032258,57.77126099706745,0.7806451612903225,23.65591397849462,2.493548387096774,75.56207233626587
5.564589180983603,80.99187763030004,-0.7633056640625,0.29193115234375,-0.113525390625,0.56500244140625,1.961290322580645,59.43304007820137,0.8483870967741935,25.708699902248288,2.5387096774193547,76.93059628543499
5.584677689010277,80.99187763030004,-0.7633056640625,0.29193115234375,-0.113525390625,0.56500244140625,1.903225806451613,57.67350928641252,0.7741935483870968,23.46041055718475,2.467741935483871,74.7800586510264
5.604696659022011,82.2057869276434,-0.76544189453125,0.28826904296875,-0.123046875,0.56195068359375,1.9903225806451612,60.312805474095796,0.6774193548387096,20.527859237536656,2.4741935483870967,74.97556207233626
5.6247974240686744,82.2057869276434,-0.76544189453125,0.28826904296875,-0.123046875,0.56195068359375,1.932258064516129,58.55327468230694,0.6903225806451613,20.918866080156402,2.493548387096774,75.56207233626587
5.644825323019177,82.2057869276434,-0.76544189453125,0.28826904296875,-0.123046875,0.56195068359375,1.9161290322580644,58.06451612903226,0.7290322580645161,22.09188660801564,2.4741935483870967,74.97556207233626
5.6649142790120095,83.75963850253315,-0.7685546875,0.283935546875,-0.1351318359375,0.55718994140625,1.8677419354838707,56.59824046920821,0.8548387096774194,25.90420332355816,2.467741935483871,74.7800586510264
5.68497872306034,83.75963850253315,-0.7685546875,0.283935546875,-0.1351318359375,0.55718994140625,1.7548387096774192,53.17693059628543,0.8870967741935484,26.88172043010753,2.4709677419354836,74.87781036168133
5.70503196597565,85.45214398157303,-0.77227783203125,0.2801513671875,-0.14837646484375,0.550537109375,1.8129032258064515,54.936461388074285,0.9129032258064516,27.663734115347015,2.435483870967742,73.80254154447702
5.72510338597931,85.45214398157303,-0.77227783203125,0.2801513671875,-0.14837646484375,0.550537109375,1.7129032258064516,51.90615835777126,0.8935483870967741,27.077223851417397,2.4709677419354836,74.87781036168133
5.7451945510692894,85.45214398157303,-0.77227783203125,0.2801513671875,-0.14837646484375,0.550537109375,1.8064516129032258,54.74095796676443,0.8870967741935484,26.88172043010753,2.4483870967741934,74.19354838709677
5.765250194002874,87.68815711347143,-0.7763671875,0.2735595703125,-0.1654052734375,0.54315185546875,1.7999999999999998,54.54545454545454,0.9161290322580644,27.76148582600195,2.4741935483870967,74.97556207233626
5.78531774203293,87.68815711347143,-0.7763671875,0.2735595703125,-0.1654052734375,0.54315185546875,1.8322580645161288,55.5229716520039,0.8677419354838709,26.295210166177906,2.4774193548387093,75.07331378299119
5.805409067077562,90.68211978487285,-0.78094482421875,0.26177978515625,-0.18707275390625,0.53533935546875,1.7741935483870968,53.76344086021506,0.8225806451612904,24.9266862170088,2.4709677419354836,74.87781036168133
5.825447172974236,90.68211978487285,-0.78094482421875,0.26177978515625,-0.18707275390625,0.53533935546875,1.7774193548387096,53.86119257086999,0.8677419354838709,26.295210166177906,2.4290322580645163,73.60703812316717
5.845524289063178,90.68211978487285,-0.78094482421875,0.26177978515625,-0.18707275390625,0.53533935546875,1.7451612903225806,52.883675464320625,0.8483870967741935,25.708699902248288,2.4774193548387093,75.07331378299119
5.865601022029296,93.8015687002152,-0.7852783203125,0.24774169921875,-0.20867919921875,0.52764892578125,1.8161290322580643,55.034213098729225,0.7999999999999999,24.242424242424242,2.4774193548387093,75.07331378299119
5.885674457997084,93.8015687002152,-0.7852783203125,0.24774169921875,-0.20867919921875,0.52764892578125,1.8032258064516127,54.64320625610948,0.8354838709677419,25.317693059628542,2.496774193548387,75.65982404692082
5.905737268971279,96.85140910510637,-0.7901611328125,0.2366943359375,-0.23016357421875,0.516357421875,1.8419354838709676,55.816226783968716,0.8516129032258064,25.806451612903224,2.493548387096774,75.56207233626587
5.92577832005918,96.85140910510637,-0.7901611328125,0.2366943359375,-0.23016357421875,0.516357421875,1.9,57.57575757575758,0.8870967741935484,26.88172043010753,2.4774193548387093,75.07331378299119
5.94589009298943,96.85140910510637,-0.7901611328125,0.2366943359375,-0.23016357421875,0.516357421875,1.9096774193548387,57.86901270772239,0.8999999999999999,27.27272727272727,2.4774193548387093,75.07331378299119
5.966024138964713,99.98125031834998,-0.79443359375,0.22760009765625,-0.253173828125,0.5029296875,1.9096774193548387,57.86901270772239,0.9322580645161289,28.250244379276634,2.4774193548387093,75.07331378299119
5.98601699701976,99.98125031834998,-0.79443359375,0.22760009765625,-0.253173828125,0.5029296875,1.9548387096774194,59.2375366568915,0.9258064516129031,28.05474095796676,2.5032258064516126,75.8553274682307
6.006114496965893,102.98702009917066,-0.7969970703125,0.2197265625,-0.276123046875,0.49017333984375,1.9838709677419355,60.117302052785924,0.9774193548387097,29.61876832844575,2.5129032258064514,76.1485826001955
6.026128764031455,102.98702009917066,-0.7969970703125,0.2197265625,-0.276123046875,0.49017333984375,1.9516129032258065,59.13978494623656,1.0806451612903225,32.74682306940371,2.5129032258064514,76.1485826001955
6.0462175600696355,102.98702009917066,-0.7969970703125,0.2197265625,-0.276123046875,0.49017333984375,1.9516129032258065,59.13978494623656,1.2354838709677418,37.43890518084066,2.5387096774193547,76.93059628543499
6.066402295022272,105.89515128270416,-0.79986572265625,0.21484375,-0.298583984375,0.4742431640625,1.9806451612903224,60.01955034213099,1.264516129032258,38.318670576735094,2.519354838709677,76.34408602150538
6.086380399996415,105.89515128270416,-0.79986572265625,0.21484375,-0.298583984375,0.4742431640625,1.961290322580645,59.43304007820137,1.3354838709677417,40.46920821114369,2.4741935483870967,74.97556207233626
6.1064585719723254,108.38318108889904,-0.801025390625,0.21002197265625,-0.31793212890625,0.4617919921875,1.961290322580645,59.43304007820137,1.3903225806451613,42.13098729227762,2.5483870967741935,77.2238514173998
6.126536809024401,108.38318108889904,-0.801025390625,0.21002197265625,-0.31793212890625,0.4617919921875,1.9483870967741934,59.04203323558163,1.4741935483870967,44.67253176930596,2.5774193548387094,78.10361681329422
6.146637252997607,108.38318108889904,-0.801025390625,0.21002197265625,-0.31793212890625,0.4617919921875,1.9,57.57575757575758,1.5129032258064514,45.8455522971652,2.529032258064516,76.63734115347019
6.166644415003248,110.70362049865209,-0.80096435546875,0.20672607421875,-0.3367919921875,0.4498291015625,1.896774193548387,57.478005865102645,1.5193548387096774,46.04105571847507,2.529032258064516,76.63734115347019
6.18668460205663,110.70362049865209,-0.80096435546875,0.20672607421875,-0.3367919921875,0.4498291015625,1.961290322580645,59.43304007820137,1.5548387096774192,47.11632453567937,2.5387096774193547,76.93059628543499
6.20677919103764,112.8518525621417,-0.80029296875,0.20458984375,-0.3546142578125,0.43804931640625,2.0032258064516126,60.703812316715535,1.5548387096774192,47.11632453567937,2.5774193548387094,78.10361681329422
6.226860978989862,112.8518525621417,-0.80029296875,0.20458984375,-0.3546142578125,0.43804931640625,1.993548387096774,60.410557184750736,1.561290322580645,47.31182795698924,2.5709677419354837,77.90811339198436
6.246927150990814,112.8518525621417,-0.80029296875,0.20458984375,-0.3546142578125,0.43804931640625,2.0161290322580645,61.09481915933529,1.593548387096774,48.289345063538605,2.554838709677419,77.41935483870968
6.267024651984684,114.86798106202573,-0.7989501953125,0.20166015625,-0.3712158203125,0.42803955078125,2.0064516129032257,60.80156402737048,1.5774193548387094,47.800586510263926,2.564516129032258,77.71260997067448
6.287046374054626,114.86798106202573,-0.7989501953125,0.20166015625,-0.3712158203125,0.42803955078125,1.996774193548387,60.50830889540567,1.635483870967742,49.56011730205279,2.5677419354838706,77.81036168132943
6.307121825986542,116.63920456439256,-0.7972412109375,0.20135498046875,-0.38665771484375,0.41754150390625,2.064516129032258,62.56109481915934,1.635483870967742,49.56011730205279,2.5677419354838706,77.81036168132943
6.327172765042633,116.63920456439256,-0.7972412109375,0.20135498046875,-0.38665771484375,0.41754150390625,2.0451612903225804,61.97458455522972,1.6451612903225807,49.8533724340176,2.525806451612903,76.53958944281524
6.34728735499084,116.63920456439256,-0.7972412109375,0.20135498046875,-0.38665771484375,0.41754150390625,2.051612903225806,62.17008797653958,1.6741935483870967,50.733137829912025,2.532258064516129,76.73509286412512
6.3673084690235555,118.10646666870151,-0.79541015625,0.19976806640625,-0.39910888671875,0.40997314453125,2.061290322580645,62.4633431085044,1.6612903225806452,50.34213098729228,2.564516129032258,77.71260997067448
6.387366031995043,118.10646666870151,-0.79541015625,0.19976806640625,-0.39910888671875,0.40997314453125,2.0580645161290323,62.365591397849464,1.6741935483870967,50.733137829912025,2.5387096774193547,76.93059628543499
6.407431403989904,119.2476070601295,-0.79248046875,0.1966552734375,-0.4093017578125,0.40716552734375,2.061290322580645,62.4633431085044,1.6516129032258065,50.048875855327466,2.5774193548387094,78.10361681329422
6.427518120966852,119.2476070601295,-0.79248046875,0.1966552734375,-0.4093017578125,0.40716552734375,2.0451612903225804,61.97458455522972,1.6516129032258065,50.048875855327466,2.5806451612903225,78.20136852394917
6.447578532039188,119.2476070601295,-0.79248046875,0.1966552734375,-0.4093017578125,0.40716552734375,2.0709677419354837,62.75659824046921,1.6483870967741936,49.95112414467254,2.564516129032258,77.71260997067448
6.467635232023895,120.1364887078642,-0.78924560546875,0.19488525390625,-0.41815185546875,0.40533447265625,2.0774193548387094,62.95210166177908,1.6483870967741936,49.95112414467254,2.596774193548387,78.69012707722385
6.487717244075611,120.1364887078642,-0.78924560546875,0.19488525390625,-0.41815185546875,0.40533447265625,2.1129032258064515,64.02737047898339,1.62258064516129,49.169110459433035,2.5387096774193547,76.93059628543499
6.507798488019034,120.58990032286525,-0.78826904296875,0.1973876953125,-0.42315673828125,0.40081787109375,2.1322580645161286,64.61388074291298,1.6516129032258065,50.048875855327466,2.5387096774193547,76.93059628543499
6.527889685006812,120.58990032286525,-0.78826904296875,0.1973876953125,-0.42315673828125,0.40081787109375,2.1032258064516127,63.73411534701857,1.6870967741935483,51.12414467253177,2.5806451612903225,78.20136852394917
6.548045683070086,120.58990032286525,-0.78826904296875,0.1973876953125,-0.42315673828125,0.40081787109375,2.093548387096774,63.44086021505376,1.7032258064516128,51.61290322580645,2.583870967741935,78.2991202346041
6.568085325998254,120.70363792379024,-0.7877197265625,0.203369140625,-0.42620849609375,0.3955078125,2.1354838709677417,64.71163245356793,1.7129032258064516,51.90615835777126,2.5806451612903225,78.20136852394917
6.588102248031646,120.70363792379024,-0.7877197265625,0.203369140625,-0.42620849609375,0.3955078125,2.1322580645161286,64.61388074291298,1.7161290322580645,52.003910068426194,2.564516129032258,77.71260997067448
6.608196484972723,120.62988757095471,-0.78656005859375,0.2093505859375,-0.4283447265625,0.39251708984375,2.158064516129032,65.39589442815249,1.6838709677419355,51.02639296187683,2.583870967741935,78.2991202346041
6.628216798999347,120.62988757095471,-0.78656005859375,0.2093505859375,-0.4283447265625,0.39251708984375,2.0999999999999996,63.636363636363626,1.696774193548387,51.417399804496576,2.6032258064516127,78.88563049853371
6.648378813988529,120.62988757095471,-0.78656005859375,0.2093505859375,-0.4283447265625,0.39251708984375,2.106451612903226,63.831867057673506,1.6580645161290322,50.24437927663734,2.593548387096774,78.59237536656892
6.668380792019889,120.28706840856115,-0.785888671875,0.21551513671875,-0.42803955078125,0.39080810546875,2.1322580645161286,64.61388074291298,1.6870967741935483,51.12414467253177,2.5806451612903225,78.20136852394917
6.688426995067857,120.28706840856115,-0.785888671875,0.21551513671875,-0.42803955078125,0.39080810546875,2.1193548387096772,64.22287390029325,1.6258064516129032,49.266862170087975,2.590322580645161,78.49462365591397
6.708488526055589,119.66442363066741,-0.78594970703125,0.2220458984375,-0.42510986328125,0.3902587890625,2.096774193548387,63.5386119257087,1.6483870967741936,49.95112414467254,2.5806451612903225,78.20136852394917
6.728551562060602,119.66442363066741,-0.78594970703125,0.2220458984375,-0.42510986328125,0.3902587890625,2.1032258064516127,63.73411534701857,1.6290322580645162,49.36461388074292,2.616129032258064,79.27663734115346
6.748642566963099,119.66442363066741,-0.78594970703125,0.2220458984375,-0.42510986328125,0.3902587890625,2.1129032258064515,64.02737047898339,1.6096774193548384,48.77810361681329,2.587096774193548,78.39687194525904
6.76875494804699,118.86609727324925,-0.78564453125,0.22918701171875,-0.4212646484375,0.390869140625,2.0999999999999996,63.636363636363626,1.6032258064516127,48.58260019550342,2.5741935483870964,78.00586510263928
6.788818079046905,118.86609727324925,-0.78564453125,0.22918701171875,-0.4212646484375,0.390869140625,2.125806451612903,64.41837732160313,1.5741935483870966,47.702834799608986,2.590322580645161,78.49462365591397
6.808879547053948,118.00902813560042,-0.785400390625,0.23590087890625,-0.416748046875,0.39215087890625,2.106451612903226,63.831867057673506,1.5677419354838709,47.507331378299114,2.5741935483870964,78.00586510263928
6.828926005982794,118.00902813560042,-0.785400390625,0.23590087890625,-0.416748046875,0.39215087890625,2.061290322580645,62.4633431085044,1.62258064516129,49.169110459433035,2.587096774193548,78.39687194525904
6.848988882033154,118.00902813560042,-0.785400390625,0.23590087890625,-0.416748046875,0.39215087890625,2.0999999999999996,63.636363636363626,1.558064516129032,47.21407624633431,2.5741935483870964,78.00586510263928
6.869067982072011,116.89459258515004,-0.78515625,0.24176025390625,-0.4100341796875,0.3961181640625,2.125806451612903,64.41837732160313,1.596774193548387,48.38709677419355,2.532258064516129,76.73509286412512
6.889173739007674,116.89459258515004,-0.78515625,0.24176025390625,-0.4100341796875,0.3961181640625,2.125806451612903,64.41837732160313,1.558064516129032,47.21407624633431,2.5741935483870964,78.00586510263928
6.909252615063451,115.58880449524975,-0.7841796875,0.24713134765625,-0.40228271484375,0.40264892578125,2.1032258064516127,63.73411534701857,1.590322580645161,48.19159335288367,2.5774193548387094,78.10361681329422
6.929307106998749,115.58880449524975,-0.7841796875,0.24713134765625,-0.40228271484375,0.40264892578125,2.0999999999999996,63.636363636363626,1.5806451612903225,47.898338220918866,2.564516129032258,77.71260997067448
6.949375358060934,115.58880449524975,-0.7841796875,0.24713134765625,-0.40228271484375,0.40264892578125,2.0903225806451613,63.34310850439883,1.561290322580645,47.31182795698924,2.525806451612903,76.53958944281524
6.96942239406053,114.34001275527382,-0.7818603515625,0.2506103515625,-0.3955078125,0.41162109375,2.1032258064516127,63.73411534701857,1.561290322580645,47.31182795698924,2.532258064516129,76.73509286412512
6.989479253068566,114.34001275527382,-0.7818603515625,0.2506103515625,-0.3955078125,0.41162109375,2.074193548387097,62.85434995112414,1.564516129032258,47.40957966764419,2.5774193548387094,78.10361681329422
7.009542481042445,112.80457308458776,-0.7791748046875,0.25262451171875,-0.38623046875,0.42413330078125,2.1032258064516127,63.73411534701857,1.5806451612903225,47.898338220918866,2.52258064516129,76.44183773216031
7.029616749030538,112.80457308458776,-0.7791748046875,0.25262451171875,-0.38623046875,0.42413330078125,2.1032258064516127,63.73411534701857,1.564516129032258,47.40957966764419,2.5161290322580645,76.24633431085044
7.049682375974953,112.80457308458776,-0.7791748046875,0.25262451171875,-0.38623046875,0.42413330078125,2.125806451612903,64.41837732160313,1.558064516129032,47.21407624633431,2.5774193548387094,78.10361681329422
7.069736356032081,110.97911622680053,-0.7764892578125,0.25714111328125,-0.375,0.43621826171875,2.1193548387096772,64.22287390029325,1.5741935483870966,47.702834799608986,2.551612903225806,77.32160312805473
7.0898110719863325,110.97911622680053,-0.7764892578125,0.25714111328125,-0.375,0.43621826171875,2.158064516129032,65.39589442815249,1.596774193548387,48.38709677419355,2.529032258064516,76.63734115347019
7.109861275064759,108.66577123688481,-0.77423095703125,0.26336669921875,-0.35955810546875,0.44940185546875,2.158064516129032,65.39589442815249,1.6290322580645162,49.36461388074292,2.525806451612903,76.53958944281524
7.129926454974338,108.66577123688481,-0.77423095703125,0.26336669921875,-0.35955810546875,0.44940185546875,2.1516129032258062,65.20039100684262,1.635483870967742,49.56011730205279,2.5677419354838706,77.81036168132943
7.15001313900575,108.66577123688481,-0.77423095703125,0.26336669921875,-0.35955810546875,0.44940185546875,2.170967741935484,65.78690127077223,1.6483870967741936,49.95112414467254,2.561290322580645,77.61485826001955
7.170049997977912,106.18403623409218,-0.77130126953125,0.2720947265625,-0.343505859375,0.4615478515625,2.180645161290322,66.08015640273703,1.6290322580645162,49.36461388074292,2.5483870967741935,77.2238514173998
7.190112554002553,106.18403623409218,-0.77130126953125,0.2720947265625,-0.343505859375,0.4615478515625,2.1741935483870964,65.88465298142717,1.6612903225806452,50.34213098729228,2.5387096774193547,76.93059628543499
7.210174052976072,103.18152570383691,-0.7666015625,0.281005859375,-0.32391357421875,0.4779052734375,2.212903225806451,67.0576735092864,1.6612903225806452,50.34213098729228,2.5419354838709673,77.02834799608992
7.230240480974317,103.18152570383691,-0.7666015625,0.281005859375,-0.32391357421875,0.4779052734375,2.2064516129032254,66.86217008797654,1.6935483870967742,51.31964809384164,2.525806451612903,76.53958944281524
7.250307389069349,103.18152570383691,-0.7666015625,0.281005859375,-0.32391357421875,0.4779052734375,2.22258064516129,67.35092864125122,1.729032258064516,52.39491691104594,2.564516129032258,77.71260997067448
7.2703718970296904,100.12964766512708,-0.7613525390625,0.29156494140625,-0.30419921875,0.49273681640625,2.2677419354838713,68.71945259042035,1.7419354838709677,52.785923753665685,2.5129032258064514,76.1485826001955
7.290451797074638,100.12964766512708,-0.7613525390625,0.29156494140625,-0.30419921875,0.49273681640625,2.2193548387096773,67.25317693059628,1.7580645161290323,53.27468230694038,2.558064516129032,77.5171065493646
7.31050011201296,96.44057271228644,-0.7547607421875,0.302978515625,-0.27923583984375,0.510498046875,2.2193548387096773,67.25317693059628,1.7838709677419353,54.05669599217986,2.529032258064516,76.63734115347019
7.330558315035887,96.44057271228644,-0.7547607421875,0.302978515625,-0.27923583984375,0.510498046875,2.190322580645161,66.37341153470186,1.7516129032258063,53.0791788856305,2.5354838709677416,76.83284457478005
7.3506395920412615,96.44057271228644,-0.7547607421875,0.302978515625,-0.27923583984375,0.510498046875,2.24516129032258,68.03519061583576,1.8161290322580643,55.034213098729225,2.529032258064516,76.63734115347019
7.370705059031025,92.57251712086936,-0.747802734375,0.31573486328125,-0.25238037109375,0.52667236328125,2.2483870967741932,68.1329423264907,1.829032258064516,55.42521994134897,2.529032258064516,76.63734115347019
7.390770719037391,92.57251712086936,-0.747802734375,0.31573486328125,-0.25238037109375,0.52667236328125,2.212903225806451,67.0576735092864,1.8354838709677417,55.62072336265884,2.558064516129032,77.5171065493646
7.410897084977478,88.04108042133514,-0.7392578125,0.330810546875,-0.22015380859375,0.54364013671875,2.264516129032258,68.6217008797654,1.8064516129032258,54.74095796676443,2.554838709677419,77.41935483870968
7.430927318986505,88.04108042133514,-0.7392578125,0.330810546875,-0.22015380859375,0.54364013671875,2.2516129032258068,68.23069403714567,1.7741935483870968,53.76344086021506,2.5483870967741935,77.2238514173998
7.450986323063262,83.61396227842835,-0.73040771484375,0.3450927734375,-0.18780517578125,0.55865478515625,2.212903225806451,67.0576735092864,1.793548387096774,54.34995112414467,2.5451612903225804,77.12609970674487
7.471048878971487,83.61396227842835,-0.73040771484375,0.3450927734375,-0.18780517578125,0.55865478515625,2.190322580645161,66.37341153470186,1.8032258064516127,54.64320625610948,2.5,75.75757575757575
7.491114889970049,83.61396227842835,-0.73040771484375,0.3450927734375,-0.18780517578125,0.55865478515625,2.2096774193548385,66.95992179863147,1.7903225806451613,54.25219941348974,2.5419354838709673,77.02834799608992
7.511207111063413,78.57551598355795,-0.71868896484375,0.36376953125,-0.152099609375,0.57275390625,2.1967741935483867,66.56891495601171,1.8193548387096772,55.13196480938416,2.561290322580645,77.61485826001955
7.531308772042394,78.57551598355795,-0.71868896484375,0.36376953125,-0.152099609375,0.57275390625,2.170967741935484,65.78690127077223,1.8483870967741933,56.01173020527859,2.5,75.75757575757575
7.551421312964521,73.6979803148316,-0.70697021484375,0.38226318359375,-0.116943359375,0.58343505859375,2.180645161290322,66.08015640273703,1.8451612903225805,55.91397849462365,2.525806451612903,76.53958944281524
7.571436090976931,73.6979803148316,-0.70697021484375,0.38226318359375,-0.116943359375,0.58343505859375,2.1548387096774193,65.29814271749756,1.8548387096774193,56.20723362658847,2.5451612903225804,77.12609970674487
7.591489398968406,73.6979803148316,-0.70697021484375,0.38226318359375,-0.116943359375,0.58343505859375,2.2290322580645157,67.54643206256108,1.8419354838709676,55.816226783968716,2.5387096774193547,76.93059628543499
7.611553905997425,68.11011181182982,-0.6927490234375,0.403564453125,-0.07623291015625,0.5927734375,2.2516129032258068,68.23069403714567,1.8838709677419354,57.0869990224829,2.5,75.75757575757575
7.63162001396995,68.11011181182982,-0.6927490234375,0.403564453125,-0.07623291015625,0.5927734375,2.24516129032258,68.03519061583576,1.8838709677419354,57.0869990224829,2.551612903225806,77.32160312805473
7.65172231500037,62.64165234687058,-0.67840576171875,0.4244384765625,-0.03582763671875,0.5986328125,2.2516129032258068,68.23069403714567,1.8935483870967742,57.380254154447705,2.551612903225806,77.32160312805473
7.6717624380253255,62.64165234687058,-0.67840576171875,0.4244384765625,-0.03582763671875,0.5986328125,2.2774193548387096,69.01270772238514,1.9580645161290322,59.33528836754643,2.551612903225806,77.32160312805473
7.691780928056687,62.64165234687058,-0.67840576171875,0.4244384765625,-0.03582763671875,0.5986328125,2.2806451612903227,69.11045943304008,1.9258064516129032,58.35777126099707,2.529032258064516,76.63734115347019
7.711855964036658,57.30912682410498,-0.66339111328125,0.44342041015625,0.00421142578125,0.60272216796875,2.2774193548387096,69.01270772238514,1.8935483870967742,57.380254154447705,2.529032258064516,76.63734115347019
7.7319128239760175,57.30912682410498,-0.66339111328125,0.44342041015625,0.00421142578125,0.60272216796875,2.2419354838709675,67.93743890518084,1.896774193548387,57.478005865102645,2.554838709677419,77.41935483870968
7.751987155992538,52.024229314775894,-0.64764404296875,0.46051025390625,0.04461669921875,0.6053466796875,2.24516129032258,68.03519061583576,1.9096774193548387,57.86901270772239,2.519354838709677,76.34408602150538
7.772038927068934,52.024229314775894,-0.64764404296875,0.46051025390625,0.04461669921875,0.6053466796875,2.2516129032258068,68.23069403714567,1.896774193548387,57.478005865102645,2.5483870967741935,77.2238514173998
7.7920992110157385,52.024229314775894,-0.64764404296875,0.46051025390625,0.04461669921875,0.6053466796875,2.2419354838709675,67.93743890518084,1.8516129032258062,56.10948191593352,2.5419354838709673,77.02834799608992
7.812218280043453,47.09411714607549,-0.63214111328125,0.47821044921875,0.0814208984375,0.60418701171875,2.180645161290322,66.08015640273703,1.8838709677419354,57.0869990224829,2.554838709677419,77.41935483870968
7.832258947077207,47.09411714607549,-0.63214111328125,0.47821044921875,0.0814208984375,0.60418701171875,2.138709677419355,64.80938416422288,1.9516129032258065,59.13978494623656,2.5451612903225804,77.12609970674487
7.852318271063268,42.13124911451917,-0.6143798828125,0.49713134765625,0.11688232421875,0.6014404296875,2.190322580645161,66.37341153470186,1.932258064516129,58.55327468230694,2.596774193548387,78.69012707722385
7.872373722027987,42.13124911451917,-0.6143798828125,0.49713134765625,0.11688232421875,0.6014404296875,2.1967741935483867,66.56891495601171,1.8870967741935485,57.18475073313783,2.561290322580645,77.61485826001955
7.892456277972087,42.13124911451917,-0.6143798828125,0.49713134765625,0.11688232421875,0.6014404296875,2.1677419354838707,65.6891495601173,1.8709677419354838,56.695992179863154,2.561290322580645,77.61485826001955
7.912501840968616,37.24258026785209,-0.5966796875,0.51544189453125,0.15228271484375,0.595947265625,2.1774193548387095,65.98240469208211,1.8838709677419354,57.0869990224829,2.5483870967741935,77.2238514173998
7.932586382026784,37.24258026785209,-0.5966796875,0.51544189453125,0.15228271484375,0.595947265625,2.1193548387096772,64.22287390029325,1.9387096774193548,58.748778103616814,2.564516129032258,77.71260997067448
7.95264730497729,32.608831625734496,-0.57843017578125,0.53350830078125,0.18524169921875,0.588623046875,2.1838709677419352,66.17790811339198,1.9387096774193548,58.748778103616814,2.558064516129032,77.5171065493646
7.97269853297621,32.608831625734496,-0.57843017578125,0.53350830078125,0.18524169921875,0.588623046875,2.2322580645161287,67.64418377321603,1.9419354838709677,58.846529814271754,2.551612903225806,77.32160312805473
7.992754847975448,32.608831625734496,-0.57843017578125,0.53350830078125,0.18524169921875,0.588623046875,2.2193548387096773,67.25317693059628,1.9516129032258065,59.13978494623656,2.5419354838709673,77.02834799608992
8.01282332406845,28.633804336919226,-0.56134033203125,0.55023193359375,0.21295166015625,0.580322265625,2.2419354838709675,67.93743890518084,1.9548387096774194,59.2375366568915,2.558064516129032,77.5171065493646
8.032887479988858,28.633804336919226,-0.56134033203125,0.55023193359375,0.21295166015625,0.580322265625,2.1999999999999997,66.66666666666666,1.932258064516129,58.55327468230694,2.551612903225806,77.32160312805473
8.053021717001684,25.532104607226614,-0.54766845703125,0.56243896484375,0.23529052734375,0.57305908203125,2.193548387096774,66.47116324535679,1.9451612903225806,58.94428152492669,2.554838709677419,77.41935483870968
8.073084625066258,25.532104607226614,-0.54766845703125,0.56243896484375,0.23529052734375,0.57305908203125,2.2290322580645157,67.54643206256108,1.9419354838709677,58.846529814271754,2.5419354838709673,77.02834799608992
8.093117772019468,25.532104607226614,-0.54766845703125,0.56243896484375,0.23529052734375,0.57305908203125,2.2161290322580642,67.15542521994135,1.9258064516129032,58.35777126099707,2.558064516129032,77.5171065493646
8.11317936796695,22.273978289857098,-0.5306396484375,0.5745849609375,0.2574462890625,0.5675048828125,2.225806451612903,67.44868035190615,1.9096774193548387,57.86901270772239,2.551612903225806,77.32160312805473
8.133237859001383,22.273978289857098,-0.5306396484375,0.5745849609375,0.2574462890625,0.5675048828125,2.2290322580645157,67.54643206256108,1.9064516129032258,57.77126099706745,2.529032258064516,76.63734115347019
8.153440419002436,20.310374973870125,-0.519775390625,0.58306884765625,0.27142333984375,0.562255859375,2.193548387096774,66.47116324535679,1.9193548387096775,58.162267839687196,2.558064516129032,77.5171065493646
8.173467740998603,20.310374973870125,-0.519775390625,0.58306884765625,0.27142333984375,0.562255859375,2.180645161290322,66.08015640273703,1.9258064516129032,58.35777126099707,2.564516129032258,77.71260997067448
8.193559354054742,20.310374973870125,-0.519775390625,0.58306884765625,0.27142333984375,0.562255859375,2.2322580645161287,67.64418377321603,1.929032258064516,58.45552297165201,2.529032258064516,76.63734115347019
8.213612084975466,18.7902122853164,-0.50933837890625,0.5914306640625,0.281005859375,0.558349609375,2.170967741935484,65.78690127077223,1.9387096774193548,58.748778103616814,2.5677419354838706,77.81036168132943
8.233662000973709,18.7902122853164,-0.50933837890625,0.5914306640625,0.281005859375,0.558349609375,2.1677419354838707,65.6891495601173,1.9258064516129032,58.35777126099707,2.4741935483870967,74.97556207233626
8.253806159016676,17.137275954808175,-0.497802734375,0.5989990234375,0.29193115234375,0.5550537109375,2.1354838709677417,64.71163245356793,1.932258064516129,58.55327468230694,2.525806451612903,76.53958944281524
8.273817353066988,17.137275954808175,-0.497802734375,0.5989990234375,0.29193115234375,0.5550537109375,2.1129032258064515,64.02737047898339,1.9870967741935484,60.215053763440864,2.4741935483870967,74.97556207233626
8.29387453198433,17.137275954808175,-0.497802734375,0.5989990234375,0.29193115234375,0.5550537109375,2.096774193548387,63.5386119257087,2.019354838709677,61.19257086999021,2.4741935483870967,74.97556207233626
8.31394220807124,15.420649124825417,-0.48565673828125,0.60546875,0.30352783203125,0.5526123046875,2.129032258064516,64.51612903225806,2.02258064516129,61.29032258064516,2.458064516129032,74.48680351906158
8.334064670023508,15.420649124825417,-0.48565673828125,0.60546875,0.30352783203125,0.5526123046875,2.1354838709677417,64.71163245356793,2.0451612903225804,61.97458455522972,2.4483870967741934,74.19354838709677
8.35414575401228,13.978344497959,-0.47418212890625,0.61163330078125,0.31341552734375,0.55029296875,2.1548387096774193,65.29814271749756,2.0354838709677416,61.6813294232649,2.445161290322581,74.09579667644185
8.374169780057855,13.978344497959,-0.47418212890625,0.61163330078125,0.31341552734375,0.55029296875,2.212903225806451,67.0576735092864,2.041935483870968,61.87683284457478,2.425806451612903,73.50928641251222
8.394239151966758,13.978344497959,-0.47418212890625,0.61163330078125,0.31341552734375,0.55029296875,2.1999999999999997,66.66666666666666,2.0580645161290323,62.365591397849464,2.4290322580645163,73.60703812316717
8.41433047701139,12.783752049026319,-0.4638671875,0.61663818359375,0.32208251953125,0.5484619140625,2.203225806451613,66.7644183773216,2.0806451612903225,63.049853372434015,2.4516129032258065,74.29130009775172
8.434401320992038,12.783752049026319,-0.4638671875,0.61663818359375,0.32208251953125,0.5484619140625,2.193548387096774,66.47116324535679,2.087096774193548,63.24535679374389,2.4,72.72727272727273
8.454451108002104,11.706197569419729,-0.454833984375,0.619873046875,0.3297119140625,0.54791259765625,2.193548387096774,66.47116324535679,2.093548387096774,63.44086021505376,2.4096774193548387,73.02052785923753
8.474550656974316,11.706197569419729,-0.454833984375,0.619873046875,0.3297119140625,0.54791259765625,2.2483870967741932,68.1329423264907,2.061290322580645,62.4633431085044,2.425806451612903,73.50928641251222
8.494611963978969,11.706197569419729,-0.454833984375,0.619873046875,0.3297119140625,0.54791259765625,2.193548387096774,66.47116324535679,2.0903225806451613,63.34310850439883,2.4419354838709677,73.9980449657869
8.514663896057755,11.05656454548189,-0.44757080078125,0.6226806640625,0.33319091796875,0.548583984375,2.1677419354838707,65.6891495601173,2.0903225806451613,63.34310850439883,2.4483870967741934,74.19354838709677
8.534718867042102,11.05656454548189,-0.44757080078125,0.6226806640625,0.33319091796875,0.548583984375,2.2322580645161287,67.64418377321603,2.0774193548387094,62.95210166177908,2.4483870967741934,74.19354838709677
8.55480705597438,10.769514355660291,-0.44476318359375,0.6236572265625,0.3353271484375,0.5484619140625,2.24516129032258,68.03519061583576,2.087096774193548,63.24535679374389,2.435483870967742,73.80254154447702
8.574870762997307,10.769514355660291,-0.44476318359375,0.6236572265625,0.3353271484375,0.5484619140625,2.24516129032258,68.03519061583576,2.061290322580645,62.4633431085044,2.4290322580645163,73.60703812316717
8.594966536038555,10.769514355660291,-0.44476318359375,0.6236572265625,0.3353271484375,0.5484619140625,2.261290322580645,68.52394916911047,2.1129032258064515,64.02737047898339,2.425806451612903,73.50928641251222
8.615038563963026,10.46000316471742,-0.44390869140625,0.62249755859375,0.3380126953125,0.548828125,2.2516129032258068,68.23069403714567,2.125806451612903,64.41837732160313,2.425806451612903,73.50928641251222
8.635076447040774,10.46000316471742,-0.44390869140625,0.62249755859375,0.3380126953125,0.548828125,2.2193548387096773,67.25317693059628,2.1193548387096772,64.22287390029325,2.4741935483870967,74.97556207233626
8.65516377100721,10.23668345565926,-0.4439697265625,0.6204833984375,0.33953857421875,0.550048828125,2.2161290322580642,67.15542521994135,2.1129032258064515,64.02737047898339,2.4741935483870967,74.97556207233626
8.675211637979373,10.23668345565926,-0.4439697265625,0.6204833984375,0.33953857421875,0.550048828125,2.2322580645161287,67.64418377321603,2.125806451612903,64.41837732160313,2.464516129032258,74.68230694037146
8.69533707597293,10.23668345565926,-0.4439697265625,0.6204833984375,0.33953857421875,0.550048828125,2.2193548387096773,67.25317693059628,2.1193548387096772,64.22287390029325,2.4806451612903224,75.17106549364614
8.715374671039172,10.102794199643427,-0.4456787109375,0.61761474609375,0.3402099609375,0.551513671875,2.2548387096774194,68.32844574780059,2.1129032258064515,64.02737047898339,2.4838709677419355,75.26881720430107
8.735429898020811,10.102794199643427,-0.4456787109375,0.61761474609375,0.3402099609375,0.551513671875,2.24516129032258,68.03519061583576,2.106451612903226,63.831867057673506,2.490322580645161,75.46432062561095
8.75551661499776,10.122443530860409,-0.44757080078125,0.6151123046875,0.33935546875,0.55328369140625,2.2516129032258068,68.23069403714567,2.1032258064516127,63.73411534701857,2.4774193548387093,75.07331378299119
8.775558370049112,10.122443530860409,-0.44757080078125,0.6151123046875,0.33935546875,0.55328369140625,2.2677419354838713,68.71945259042035,2.061290322580645,62.4633431085044,2.4774193548387093,75.07331378299119
8.795644478057511,10.122443530860409,-0.44757080078125,0.6151123046875,0.33935546875,0.55328369140625,2.2838709677419358,69.20821114369502,2.1129032258064515,64.02737047898339,2.4806451612903224,75.17106549364614
8.815777404000983,10.198491818095974,-0.449951171875,0.61248779296875,0.33795166015625,0.55517578125,2.2419354838709675,67.93743890518084,2.093548387096774,63.44086021505376,2.5064516129032257,75.95307917888563
8.835791414021514,10.198491818095974,-0.449951171875,0.61248779296875,0.33795166015625,0.55517578125,2.2548387096774194,68.32844574780059,2.061290322580645,62.4633431085044,2.525806451612903,76.53958944281524
8.855849426006898,10.316695171207755,-0.45233154296875,0.6097412109375,0.336669921875,0.5570068359375,2.2387096774193544,67.8396871945259,2.083870967741935,63.14760508308894,2.496774193548387,75.65982404692082
8.875970990979113,10.316695171207755,-0.45233154296875,0.6097412109375,0.336669921875,0.5570068359375,2.2161290322580642,67.15542521994135,2.061290322580645,62.4633431085044,2.5032258064516126,75.8553274682307
8.896033258992247,10.316695171207755,-0.45233154296875,0.6097412109375,0.336669921875,0.5570068359375,2.22258064516129,67.35092864125122,2.106451612903226,63.831867057673506,2.487096774193548,75.366568914956
8.916119367000647,10.408907019757578,-0.45458984375,0.607666015625,0.33624267578125,0.5577392578125,2.2419354838709675,67.93743890518084,2.0903225806451613,63.34310850439883,2.5,75.75757575757575
8.936148034059443,10.408907019757578,-0.45458984375,0.607666015625,0.33624267578125,0.5577392578125,2.24516129032258,68.03519061583576,2.125806451612903,64.41837732160313,2.519354838709677,76.34408602150538
8.956334465066902,10.515275558503888,-0.45672607421875,0.6063232421875,0.336669921875,0.55718994140625,2.261290322580645,68.52394916911047,2.116129032258064,64.1251221896383,2.487096774193548,75.366568914956
8.976338491076604,10.515275558503888,-0.45672607421875,0.6063232421875,0.336669921875,0.55718994140625,2.293548387096774,69.50146627565982,2.1096774193548384,63.929618768328446,2.525806451612903,76.53958944281524
8.99641205498483,10.515275558503888,-0.45672607421875,0.6063232421875,0.336669921875,0.55718994140625,2.3161290322580648,70.1857282502444,2.1096774193548384,63.929618768328446,2.519354838709677,76.34408602150538
9.01646645006258,10.603576300762725,-0.45947265625,0.6044921875,0.3382568359375,0.555908203125,2.2870967741935484,69.30596285434996,2.1322580645161286,64.61388074291298,2.5032258064516126,75.8553274682307
9.036545839044265,10.603576300762725,-0.45947265625,0.6044921875,0.3382568359375,0.555908203125,2.3000000000000003,69.69696969696972,2.061290322580645,62.4633431085044,2.5129032258064514,76.1485826001955
9.056630762992427,10.6529918517232,-0.46246337890625,0.60260009765625,0.34063720703125,0.55401611328125,2.270967741935484,68.81720430107528,2.1193548387096772,64.22287390029325,2.5096774193548383,76.05083088954055
9.076664805994369,10.6529918517232,-0.46246337890625,0.60260009765625,0.34063720703125,0.55401611328125,2.2677419354838713,68.71945259042035,2.093548387096774,63.44086021505376,2.5483870967741935,77.2238514173998
9.096726336982101,10.6529918517232,-0.46246337890625,0.60260009765625,0.34063720703125,0.55401611328125,2.303225806451613,69.79472140762464,2.1193548387096772,64.22287390029325,2.551612903225806,77.32160312805473
9.11678841302637,10.738358897453992,-0.4656982421875,0.60064697265625,0.3428955078125,0.552001953125,2.3193548387096774,70.28347996089931,2.1193548387096772,64.22287390029325,2.5451612903225804,77.12609970674487
9.136891482048668,10.738358897453992,-0.4656982421875,0.60064697265625,0.3428955078125,0.552001953125,2.303225806451613,69.79472140762464,2.1096774193548384,63.929618768328446,2.5451612903225804,77.12609970674487
9.1569908070378,10.925767518762811,-0.47100830078125,0.59783935546875,0.34515380859375,0.54925537109375,2.296774193548387,69.59921798631477,2.106451612903226,63.831867057673506,2.5,75.75757575757575
9.17704177799169,10.925767518762811,-0.47100830078125,0.59783935546875,0.34515380859375,0.54925537109375,2.3193548387096774,70.28347996089931,2.0774193548387094,62.95210166177908,2.5064516129032257,75.95307917888563
9.197091500973329,10.925767518762811,-0.47100830078125,0.59783935546875,0.34515380859375,0.54925537109375,2.325806451612903,70.4789833822092,2.0709677419354837,62.75659824046921,2.4741935483870967,74.97556207233626
9.217198922066018,11.3325466046971,-0.47955322265625,0.5924072265625,0.34771728515625,0.54608154296875,2.3322580645161293,70.67448680351907,2.02258064516129,61.29032258064516,2.5161290322580645,76.24633431085044
9.237242277013138,11.3325466046971,-0.47955322265625,0.5924072265625,0.34771728515625,0.54608154296875,2.3161290322580648,70.1857282502444,1.9838709677419355,60.117302052785924,2.5096774193548383,76.05083088954055
9.257304704980925,11.846011921266907,-0.49005126953125,0.58380126953125,0.34954833984375,0.5447998046875,2.293548387096774,69.50146627565982,1.932258064516129,58.55327468230694,2.5032258064516126,75.8553274682307
9.277368381037377,11.846011921266907,-0.49005126953125,0.58380126953125,0.34954833984375,0.5447998046875,2.3161290322580648,70.1857282502444,1.8709677419354838,56.695992179863154,2.487096774193548,75.366568914956
9.297434424981475,11.846011921266907,-0.49005126953125,0.58380126953125,0.34954833984375,0.5447998046875,2.2903225806451615,69.40371456500489,1.796774193548387,54.44770283479961,2.525806451612903,76.53958944281524
9.317501140059903,12.501644667305015,-0.500732421875,0.5736083984375,0.34930419921875,0.54608154296875,2.296774193548387,69.59921798631477,1.764516129032258,53.47018572825024,2.5129032258064514,76.1485826001955
9.33764219400473,12.501644667305015,-0.500732421875,0.5736083984375,0.34930419921875,0.54608154296875,2.3516129032258064,71.26099706744868,1.764516129032258,53.47018572825024,2.5096774193548383,76.05083088954055
9.357690509990789,13.76888801163804,-0.5125732421875,0.5633544921875,0.34356689453125,0.5494384765625,2.270967741935484,68.81720430107528,1.7096774193548387,51.80840664711632,2.525806451612903,76.53958944281524
9.37773437704891,13.76888801163804,-0.5125732421875,0.5633544921875,0.34356689453125,0.5494384765625,2.2838709677419358,69.20821114369502,1.6516129032258065,50.048875855327466,2.5032258064516126,75.8553274682307
9.397825509076938,13.76888801163804,-0.5125732421875,0.5633544921875,0.34356689453125,0.5494384765625,2.3193548387096774,70.28347996089931,1.6516129032258065,50.048875855327466,2.5032258064516126,75.8553274682307
9.417960738996044,15.656980964428953,-0.52490234375,0.55377197265625,0.332275390625,0.554443359375,2.3161290322580648,70.1857282502444,1.5677419354838709,47.507331378299114,2.496774193548387,75.65982404692082
9.437970621045679,15.656980964428953,-0.52490234375,0.55377197265625,0.332275390625,0.554443359375,2.3161290322580648,70.1857282502444,1.6096774193548384,48.77810361681329,2.5451612903225804,77.12609970674487
9.45808972301893,18.01418858240497,-0.53765869140625,0.5440673828125,0.3167724609375,0.5609130859375,2.3225806451612905,70.38123167155426,1.6516129032258065,50.048875855327466,2.5064516129032257,75.95307917888563
9.47814754198771,18.01418858240497,-0.53765869140625,0.5440673828125,0.3167724609375,0.5609130859375,2.303225806451613,69.79472140762464,1.6935483870967742,51.31964809384164,2.5064516129032257,75.95307917888563
9.49820324999746,18.01418858240497,-0.53765869140625,0.5440673828125,0.3167724609375,0.5609130859375,2.370967741935484,71.8475073313783,1.6612903225806452,50.34213098729228,2.5096774193548383,76.05083088954055
9.518237323965877,21.058594069096245,-0.5528564453125,0.53265380859375,0.29681396484375,0.56793212890625,2.3225806451612905,70.38123167155426,1.664516129032258,50.43988269794721,2.4774193548387093,75.07331378299119
9.5383513700217,21.058594069096245,-0.5528564453125,0.53265380859375,0.29681396484375,0.56793212890625,2.3322580645161293,70.67448680351907,1.6258064516129032,49.266862170087975,2.4806451612903224,75.17106549364614
9.558410500991158,24.642165329668146,-0.569580078125,0.51812744140625,0.2734375,0.5765380859375,2.3225806451612905,70.38123167155426,1.6612903225806452,50.34213098729228,2.487096774193548,75.366568914956
9.578465953003615,24.642165329668146,-0.569580078125,0.51812744140625,0.2734375,0.5765380859375,2.3193548387096774,70.28347996089931,1.6161290322580644,48.97360703812317,2.487096774193548,75.366568914956
9.598513819975778,24.642165329668146,-0.569580078125,0.51812744140625,0.2734375,0.5765380859375,2.3161290322580648,70.1857282502444,1.6258064516129032,49.266862170087975,2.5161290322580645,76.24633431085044
9.618659481988288,28.488312144406102,-0.58721923828125,0.49932861328125,0.25018310546875,0.58587646484375,2.293548387096774,69.50146627565982,1.6096774193548384,48.77810361681329,2.4741935483870967,74.97556207233626
9.638731413986534,28.488312144406102,-0.58721923828125,0.49932861328125,0.25018310546875,0.58587646484375,2.2290322580645157,67.54643206256108,1.6129032258064515,48.87585532746823,2.5096774193548383,76.05083088954055
9.658785169012845,32.73970661623993,-0.605224609375,0.4781494140625,0.224365234375,0.5955810546875,2.3516129032258064,71.26099706744868,1.6096774193548384,48.77810361681329,2.5032258064516126,75.8553274682307
9.678831725032069,32.73970661623993,-0.605224609375,0.4781494140625,0.224365234375,0.5955810546875,2.2677419354838713,68.71945259042035,1.596774193548387,48.38709677419355,2.525806451612903,76.53958944281524
9.698895880021155,32.73970661623993,-0.605224609375,0.4781494140625,0.224365234375,0.5955810546875,2.358064516129032,71.45650048875855,1.590322580645161,48.19159335288367,2.519354838709677,76.34408602150538
9.718971076072194,37.32342594146034,-0.623291015625,0.455810546875,0.19586181640625,0.6044921875,2.296774193548387,69.59921798631477,1.6129032258064515,48.87585532746823,2.5,75.75757575757575
9.739077536971308,37.32342594146034,-0.623291015625,0.455810546875,0.19586181640625,0.6044921875,2.3096774193548386,69.99022482893452,1.5838709677419354,47.9960899315738,2.519354838709677,76.34408602150538
9.75914975698106,41.97702152998816,-0.64044189453125,0.43359375,0.166259765625,0.6116943359375,2.264516129032258,68.6217008797654,1.5999999999999999,48.484848484848484,2.525806451612903,76.53958944281524
9.779173944029026,41.97702152998816,-0.64044189453125,0.43359375,0.166259765625,0.6116943359375,2.261290322580645,68.52394916911047,1.561290322580645,47.31182795698924,2.525806451612903,76.53958944281524
9.799227570998482,41.97702152998816,-0.64044189453125,0.43359375,0.166259765625,0.6116943359375,2.2580645161290325,68.42619745845553,1.493548387096774,45.25904203323558,2.4774193548387093,75.07331378299119
9.819293071050197,46.66447019513027,-0.65673828125,0.412353515625,0.13519287109375,0.6168212890625,2.2193548387096773,67.25317693059628,1.4193548387096775,43.01075268817205,2.5,75.75757575757575
9.839368875022046,46.66447019513027,-0.65673828125,0.412353515625,0.13519287109375,0.6168212890625,2.1774193548387095,65.98240469208211,1.3935483870967742,42.22873900293255,2.5032258064516126,75.8553274682307
9.859448903007433,51.27969769104793,-0.6732177734375,0.39215087890625,0.1044921875,0.6181640625,2.180645161290322,66.08015640273703,1.3774193548387097,41.73998044965787,2.487096774193548,75.366568914956
9.879532356048003,51.27969769104793,-0.6732177734375,0.39215087890625,0.1044921875,0.6181640625,2.1838709677419352,66.17790811339198,1.293548387096774,39.19843597262952,2.4774193548387093,75.07331378299119
9.899635839974508,51.27969769104793,-0.6732177734375,0.39215087890625,0.1044921875,0.6181640625,2.1677419354838707,65.6891495601173,0.9322580645161289,28.250244379276634,2.464516129032258,74.68230694037146
9.91965999500826,55.74121468540603,-0.68817138671875,0.37249755859375,0.07440185546875,0.6181640625,2.129032258064516,64.51612903225806,0.7129032258064516,21.603128054740957,2.4806451612903224,75.17106549364614
9.939770200056955,55.74121468540603,-0.68817138671875,0.37249755859375,0.07440185546875,0.6181640625,2.116129032258064,64.1251221896383,0.6387096774193548,19.35483870967742,2.42258064516129,73.41153470185728
9.959855508059263,60.38721268687365,-0.70245361328125,0.3519287109375,0.04254150390625,0.61712646484375,2.1032258064516127,63.73411534701857,0.561290322580645,17.00879765395894,2.4612903225806453,74.58455522971653
9.979946576990187,60.38721268687365,-0.70245361328125,0.3519287109375,0.04254150390625,0.61712646484375,2.061290322580645,62.4633431085044,0.27096774193548384,8.211143695014663,2.467741935483871,74.7800586510264
10.000029549002647,60.38721268687365,-0.70245361328125,0.3519287109375,0.04254150390625,0.61712646484375,2.0999999999999996,63.636363636363626,0.0,0.0,2.4741935483870967,74.97556207233626
10.020119818043895,64.92173145904908,-0.7147216796875,0.33099365234375,0.01123046875,0.61602783203125,2.064516129032258,62.56109481915934,0.0,0.0,2.4483870967741934,74.19354838709677
10.04020061402116,64.92173145904908,-0.7147216796875,0.33099365234375,0.01123046875,0.61602783203125,2.0451612903225804,61.97458455522972,0.0,0.0,2.42258064516129,73.41153470185728
10.060284033999778,69.18939062594633,-0.7269287109375,0.310302734375,-0.01702880859375,0.61236572265625,2.0354838709677416,61.6813294232649,0.0,0.0,2.425806451612903,73.50928641251222
10.080417791963555,69.18939062594633,-0.7269287109375,0.310302734375,-0.01702880859375,0.61236572265625,1.9903225806451612,60.312805474095796,0.0,0.0,2.425806451612903,73.50928641251222
10.100462842965499,69.18939062594633,-0.7269287109375,0.310302734375,-0.01702880859375,0.61236572265625,1.9258064516129032,58.35777126099707,0.0,0.0,2.4483870967741934,74.19354838709677
10.120539798983373,73.35373805057804,-0.73785400390625,0.29119873046875,-0.0455322265625,0.60723876953125,1.9,57.57575757575758,0.0,0.0,2.4419354838709677,73.9980449657869
10.140622836071998,73.35373805057804,-0.73785400390625,0.29119873046875,-0.0455322265625,0.60723876953125,1.9064516129032258,57.77126099706745,0.0,0.0,2.4612903225806453,74.58455522971653
10.16073048103135,77.39675004325396,-0.746337890625,0.2724609375,-0.0738525390625,0.60272216796875,1.9096774193548387,57.86901270772239,0.0,0.0,2.445161290322581,74.09579667644185
10.180788140045479,77.39675004325396,-0.746337890625,0.2724609375,-0.0738525390625,0.60272216796875,1.9064516129032258,57.77126099706745,0.0,0.0,2.4419354838709677,73.9980449657869
10.200879145064391,77.39675004325396,-0.746337890625,0.2724609375,-0.0738525390625,0.60272216796875,1.9129032258064516,57.96676441837732,0.0,0.0,2.42258064516129,73.41153470185728
10.220957829034887,81.33043018767253,-0.75457763671875,0.25421142578125,-0.10107421875,0.59649658203125,1.935483870967742,58.65102639296188,0.0,0.0,2.3967741935483873,72.6295210166178
10.24105116899591,81.33043018767253,-0.75457763671875,0.25421142578125,-0.10107421875,0.59649658203125,1.903225806451613,57.67350928641252,0.0,0.0,2.4161290322580644,73.21603128054741
10.261171551072039,85.07720051010347,-0.7625732421875,0.2381591796875,-0.1273193359375,0.58782958984375,1.9096774193548387,57.86901270772239,0.0064516129032258064,0.19550342130987292,2.42258064516129,73.41153470185728
10.282099380972795,85.07720051010347,-0.7625732421875,0.2381591796875,-0.1273193359375,0.58782958984375,1.8387096774193548,55.71847507331379,0.0,0.0,2.432258064516129,73.70478983382209
10.301749892067164,85.07720051010347,-0.7625732421875,0.2381591796875,-0.1273193359375,0.58782958984375,1.8225806451612903,55.229716520039105,0.0,0.0,2.435483870967742,73.80254154447702
10.32180633500684,88.43495782461159,-0.7696533203125,0.2257080078125,-0.15167236328125,0.57769775390625,1.7548387096774192,53.17693059628543,0.0,0.0,2.425806451612903,73.50928641251222
10.341858554980718,88.43495782461159,-0.7696533203125,0.2257080078125,-0.15167236328125,0.57769775390625,1.7096774193548387,51.80840664711632,0.0,0.0,2.467741935483871,74.7800586510264
10.361941623035818,91.4762282483037,-0.77545166015625,0.21630859375,-0.17474365234375,0.56689453125,1.7258064516129032,52.29716520039101,0.0,0.0,2.435483870967742,73.80254154447702
10.38198203407228,91.4762282483037,-0.77545166015625,0.21630859375,-0.17474365234375,0.56689453125,1.7774193548387096,53.86119257086999,0.0,0.0,2.4193548387096775,73.31378299120234
10.40204305399675,91.4762282483037,-0.77545166015625,0.21630859375,-0.17474365234375,0.56689453125,1.8064516129032258,54.74095796676443,0.0,0.0,2.445161290322581,74.09579667644185
10.422115402063355,94.45167864014465,-0.780517578125,0.2064208984375,-0.19683837890625,0.5562744140625,1.8645161290322578,56.50048875855327,0.0032258064516129032,0.09775171065493646,2.412903225806452,73.11827956989248
10.442172356997617,94.45167864014465,-0.780517578125,0.2064208984375,-0.19683837890625,0.5562744140625,1.8064516129032258,54.74095796676443,0.0,0.0,2.4741935483870967,74.97556207233626
10.46224976098165,97.24972290658303,-0.78521728515625,0.1953125,-0.21624755859375,0.54632568359375,1.7741935483870968,53.76344086021506,0.0,0.0,2.4741935483870967,74.97556207233626
10.482346142060123,97.24972290658303,-0.78521728515625,0.1953125,-0.21624755859375,0.54632568359375,1.8225806451612903,55.229716520039105,0.0,0.0,2.435483870967742,73.80254154447702
10.502418490010314,97.24972290658303,-0.78521728515625,0.1953125,-0.21624755859375,0.54632568359375,1.8548387096774193,56.20723362658847,0.0,0.0,2.4709677419354836,74.87781036168133
10.52245963702444,100.06750651118195,-0.78912353515625,0.18353271484375,-0.235595703125,0.5367431640625,1.793548387096774,54.34995112414467,0.0,0.0,2.5064516129032257,75.95307917888563
10.542514384025708,100.06750651118195,-0.78912353515625,0.18353271484375,-0.235595703125,0.5367431640625,1.8741935483870966,56.79374389051808,0.3354838709677419,10.166177908113392,2.4774193548387093,75.07331378299119
10.562599149066955,102.74398622928199,-0.791748046875,0.1728515625,-0.2545166015625,0.5277099609375,1.9193548387096775,58.162267839687196,0.3709677419354839,11.241446725317694,2.5064516129032257,75.95307917888563
10.58264176803641,102.74398622928199,-0.791748046875,0.1728515625,-0.2545166015625,0.5277099609375,1.9516129032258065,59.13978494623656,0.4935483870967742,14.95601173020528,2.5096774193548383,76.05083088954055
10.60279213404283,102.74398622928199,-0.791748046875,0.1728515625,-0.2545166015625,0.5277099609375,1.9516129032258065,59.13978494623656,0.603225806451613,18.27956989247312,2.5129032258064514,76.1485826001955
10.622906851000153,105.1572934253049,-0.79345703125,0.1639404296875,-0.27203369140625,0.5191650390625,1.9903225806451612,60.312805474095796,0.7806451612903225,23.65591397849462,2.5387096774193547,76.93059628543499
10.642983039026149,105.1572934253049,-0.79345703125,0.1639404296875,-0.27203369140625,0.5191650390625,1.9903225806451612,60.312805474095796,0.9709677419354839,29.423264907135877,2.5064516129032257,75.95307917888563
10.663025242043659,107.44797749581468,-0.79559326171875,0.15643310546875,-0.28857421875,0.50927734375,1.9709677419354839,59.72629521016618,1.0709677419354837,32.453567937438905,2.529032258064516,76.63734115347019
10.683080662041903,107.44797749581468,-0.79559326171875,0.15643310546875,-0.28857421875,0.50927734375,1.8870967741935485,57.18475073313783,1.0774193548387097,32.64907135874878,2.5387096774193547,76.93059628543499
10.703165329992771,107.44797749581468,-0.79559326171875,0.15643310546875,-0.28857421875,0.50927734375,1.9129032258064516,57.96676441837732,1.0548387096774192,31.964809384164223,2.529032258064516,76.63734115347019
10.723205900983885,109.65420525741258,-0.797607421875,0.146484375,-0.30279541015625,0.50067138671875,2.0064516129032257,60.80156402737048,1.1193548387096772,33.91984359726295,2.4741935483870967,74.97556207233626
10.743364299996756,109.65420525741258,-0.797607421875,0.146484375,-0.30279541015625,0.50067138671875,2.041935483870968,61.87683284457478,1.2838709677419353,38.90518084066471,2.5161290322580645,76.24633431085044
10.763421511044726,111.50715215690519,-0.799560546875,0.13885498046875,-0.31475830078125,0.4923095703125,2.087096774193548,63.24535679374389,1.3709677419354838,41.54447702834799,2.4741935483870967,74.97556207233626
10.783444641972892,111.50715215690519,-0.799560546875,0.13885498046875,-0.31475830078125,0.4923095703125,2.0354838709677416,61.6813294232649,1.3903225806451613,42.13098729227762,2.5483870967741935,77.2238514173998
10.80350073298905,111.50715215690519,-0.799560546875,0.13885498046875,-0.31475830078125,0.4923095703125,2.0774193548387094,62.95210166177908,1.4741935483870967,44.67253176930596,2.551612903225806,77.32160312805473
10.823837921023369,113.2914017711559,-0.7998046875,0.13409423828125,-0.328369140625,0.48419189453125,2.0387096774193547,61.779081133919846,1.5419354838709676,46.72531769305962,2.5677419354838706,77.81036168132943
10.843776377034374,113.2914017711559,-0.7998046875,0.13409423828125,-0.328369140625,0.48419189453125,2.061290322580645,62.4633431085044,1.5774193548387094,47.800586510263926,2.590322580645161,78.49462365591397
10.863822260056622,114.94913926347803,-0.800048828125,0.13250732421875,-0.34222412109375,0.474609375,2.051612903225806,62.17008797653958,1.5999999999999999,48.484848484848484,2.5774193548387094,78.10361681329422
10.883862670976669,114.94913926347803,-0.800048828125,0.13250732421875,-0.34222412109375,0.474609375,2.02258064516129,61.29032258064516,1.6580645161290322,50.24437927663734,2.558064516129032,77.5171065493646
10.903914603055455,114.94913926347803,-0.800048828125,0.13250732421875,-0.34222412109375,0.474609375,2.087096774193548,63.24535679374389,1.6806451612903226,50.9286412512219,2.590322580645161,78.49462365591397
10.923981287050992,116.20340109608128,-0.80059814453125,0.13360595703125,-0.3533935546875,0.46514892578125,2.064516129032258,62.56109481915934,1.7,51.515151515151516,2.5774193548387094,78.10361681329422
10.944029378006235,116.20340109608128,-0.80059814453125,0.13360595703125,-0.3533935546875,0.46514892578125,2.083870967741935,63.14760508308894,1.6870967741935483,51.12414467253177,2.5677419354838706,77.81036168132943
10.96408732503187,117.22547538344021,-0.80084228515625,0.13604736328125,-0.3631591796875,0.45635986328125,2.0806451612903225,63.049853372434015,1.7387096774193547,52.68817204301075,2.5677419354838706,77.81036168132943
10.98416754603386,117.22547538344021,-0.80084228515625,0.13604736328125,-0.3631591796875,0.45635986328125,2.093548387096774,63.44086021505376,1.7,51.515151515151516,2.561290322580645,77.61485826001955
11.004219157039188,117.22547538344021,-0.80084228515625,0.13604736328125,-0.3631591796875,0.45635986328125,2.083870967741935,63.14760508308894,1.7354838709677418,52.59042033235581,2.532258064516129,76.73509286412512
11.024494230980054,118.08005209209458,-0.8001708984375,0.137939453125,-0.3717041015625,0.45001220703125,2.087096774193548,63.24535679374389,1.7129032258064516,51.90615835777126,2.532258064516129,76.73509286412512
11.044546770048328,118.08005209209458,-0.8001708984375,0.137939453125,-0.3717041015625,0.45001220703125,2.1193548387096772,64.22287390029325,1.7419354838709677,52.785923753665685,2.564516129032258,77.71260997067448
11.064638094976544,118.76857104728856,-0.79949951171875,0.1402587890625,-0.37896728515625,0.44451904296875,2.096774193548387,63.5386119257087,1.7193548387096773,52.101661779081134,2.5387096774193547,76.93059628543499
11.08467437804211,118.76857104728856,-0.79949951171875,0.1402587890625,-0.37896728515625,0.44451904296875,2.158064516129032,65.39589442815249,1.6903225806451612,51.2218963831867,2.5774193548387094,78.10361681329422
11.10475347796455,118.76857104728856,-0.79949951171875,0.1402587890625,-0.37896728515625,0.44451904296875,2.1451612903225805,65.00488758553274,1.696774193548387,51.417399804496576,2.616129032258064,79.27663734115346
11.131821747985668,119.0897682822707,-0.7991943359375,0.1419677734375,-0.382568359375,0.44134521484375,2.1451612903225805,65.00488758553274,1.667741935483871,50.53763440860215,2.558064516129032,77.5171065493646
11.144940607016906,119.0897682822707,-0.7991943359375,0.1419677734375,-0.382568359375,0.44134521484375,2.1548387096774193,65.29814271749756,1.6161290322580644,48.97360703812317,2.561290322580645,77.61485826001955
11.165047612041235,119.27551234936838,-0.7984619140625,0.143310546875,-0.38519287109375,0.44000244140625,2.161290322580645,65.49364613880742,1.596774193548387,48.38709677419355,2.532258064516129,76.73509286412512
11.185143545037135,119.27551234936838,-0.7984619140625,0.143310546875,-0.38519287109375,0.44000244140625,2.1870967741935483,66.27565982404691,1.6290322580645162,49.36461388074292,2.532258064516129,76.73509286412512
11.205176691990346,119.27551234936838,-0.7984619140625,0.143310546875,-0.38519287109375,0.44000244140625,2.2161290322580642,67.15542521994135,1.62258064516129,49.169110459433035,2.561290322580645,77.61485826001955
11.2252654240001,119.28494827993329,-0.798095703125,0.1451416015625,-0.38629150390625,0.43902587890625,2.2096774193548385,66.95992179863147,1.62258064516129,49.169110459433035,2.561290322580645,77.61485826001955
11.245716823963448,119.28494827993329,-0.798095703125,0.1451416015625,-0.38629150390625,0.43902587890625,2.1741935483870964,65.88465298142717,1.6064516129032256,48.68035190615835,2.5387096774193547,76.93059628543499
11.265786802978255,119.18195286855182,-0.7978515625,0.148193359375,-0.38690185546875,0.43792724609375,2.1645161290322577,65.59139784946235,1.632258064516129,49.462365591397855,2.5677419354838706,77.81036168132943
11.2858787040459,119.18195286855182,-0.7978515625,0.148193359375,-0.38690185546875,0.43792724609375,2.2419354838709675,67.93743890518084,1.6258064516129032,49.266862170087975,2.5354838709677416,76.83284457478005
11.305943372077309,119.18195286855182,-0.7978515625,0.148193359375,-0.38690185546875,0.43792724609375,2.2290322580645157,67.54643206256108,1.6419354838709677,49.75562072336266,2.564516129032258,77.71260997067448
11.326029384043068,118.99713853615572,-0.79718017578125,0.15185546875,-0.38739013671875,0.4375,2.1774193548387095,65.98240469208211,1.635483870967742,49.56011730205279,2.551612903225806,77.32160312805473
11.34613632503897,118.99713853615572,-0.79718017578125,0.15185546875,-0.38739013671875,0.4375,2.190322580645161,66.37341153470186,1.6258064516129032,49.266862170087975,2.5741935483870964,78.00586510263928
11.366249794024043,118.73900968186297,-0.79632568359375,0.15521240234375,-0.38726806640625,0.43798828125,2.203225806451613,66.7644183773216,1.6483870967741936,49.95112414467254,2.558064516129032,77.5171065493646
11.386289917048998,118.73900968186297,-0.79632568359375,0.15521240234375,-0.38726806640625,0.43798828125,2.190322580645161,66.37341153470186,1.6483870967741936,49.95112414467254,2.629032258064516,79.6676441837732
11.406353753060102,118.73900968186297,-0.79632568359375,0.15521240234375,-0.38726806640625,0.43798828125,2.2193548387096773,67.25317693059628,1.6419354838709677,49.75562072336266,2.5774193548387094,78.10361681329422
11.42644139798358,118.4179671848439,-0.79571533203125,0.15789794921875,-0.38616943359375,0.4390869140625,2.2193548387096773,67.25317693059628,1.6096774193548384,48.77810361681329,2.564516129032258,77.71260997067448
11.44650196901057,118.4179671848439,-0.79571533203125,0.15789794921875,-0.38616943359375,0.4390869140625,2.203225806451613,66.7644183773216,1.5999999999999999,48.484848484848484,2.5774193548387094,78.10361681329422
11.46659767802339,117.93011419851533,-0.79486083984375,0.16009521484375,-0.3836669921875,0.4420166015625,2.2193548387096773,67.25317693059628,1.5709677419354837,47.60508308895405,2.5677419354838706,77.81036168132943
11.486684554023668,117.93011419851533,-0.79486083984375,0.16009521484375,-0.3836669921875,0.4420166015625,2.2290322580645157,67.54643206256108,1.558064516129032,47.21407624633431,2.5774193548387094,78.10361681329422
11.506740870070644,117.93011419851533,-0.79486083984375,0.16009521484375,-0.3836669921875,0.4420166015625,2.1774193548387095,65.98240469208211,1.5354838709677419,46.52981427174975,2.5709677419354837,77.90811339198436
11.5268383390503,117.20825363004167,-0.79388427734375,0.16357421875,-0.37982177734375,0.44580078125,2.2161290322580642,67.15542521994135,1.525806451612903,46.236559139784944,2.564516129032258,77.71260997067448
11.546941503067501,117.20825363004167,-0.79388427734375,0.16357421875,-0.37982177734375,0.44580078125,2.2193548387096773,67.25317693059628,1.5225806451612902,46.138807429130004,2.5741935483870964,78.00586510263928
11.567074332968332,116.13242606111228,-0.79278564453125,0.16864013671875,-0.37371826171875,0.45098876953125,2.225806451612903,67.44868035190615,1.6193548387096772,49.071358748778096,2.529032258064516,76.63734115347019
11.58710002398584,116.13242606111228,-0.79278564453125,0.16864013671875,-0.37371826171875,0.45098876953125,2.235483870967742,67.74193548387096,1.6064516129032256,48.68035190615835,2.5709677419354837,77.90811339198436
11.607171476003714,116.13242606111228,-0.79278564453125,0.16864013671875,-0.37371826171875,0.45098876953125,2.24516129032258,68.03519061583576,1.5999999999999999,48.484848484848484,2.5709677419354837,77.90811339198436
11.627250096062198,114.67276222686232,-0.79132080078125,0.17608642578125,-0.36553955078125,0.4573974609375,2.2580645161290325,68.42619745845553,1.6096774193548384,48.77810361681329,2.551612903225806,77.32160312805473
11.647325035999529,114.67276222686232,-0.79132080078125,0.17608642578125,-0.36553955078125,0.4573974609375,2.2516129032258068,68.23069403714567,1.6451612903225807,49.8533724340176,2.519354838709677,76.34408602150538
11.667410791967995,112.8840649508958,-0.7890625,0.18463134765625,-0.35540771484375,0.4658203125,2.22258064516129,67.35092864125122,1.6032258064516127,48.58260019550342,2.5774193548387094,78.10361681329422
11.68748109205626,112.8840649508958,-0.7890625,0.18463134765625,-0.35540771484375,0.4658203125,2.2290322580645157,67.54643206256108,1.5741935483870966,47.702834799608986,2.551612903225806,77.32160312805473
11.707554304040968,112.8840649508958,-0.7890625,0.18463134765625,-0.35540771484375,0.4658203125,2.2483870967741932,68.1329423264907,1.596774193548387,48.38709677419355,2.525806451612903,76.53958944281524
11.727691230014898,110.81728756410314,-0.78564453125,0.19415283203125,-0.3438720703125,0.47625732421875,2.2419354838709675,67.93743890518084,1.6258064516129032,49.266862170087975,2.532258064516129,76.73509286412512
11.747745082015172,110.81728756410314,-0.78564453125,0.19415283203125,-0.3438720703125,0.47625732421875,2.2161290322580642,67.15542521994135,1.6096774193548384,48.77810361681329,2.558064516129032,77.5171065493646
11.767855159007013,108.46644735782998,-0.7811279296875,0.2044677734375,-0.33062744140625,0.488525390625,2.2161290322580642,67.15542521994135,1.6129032258064515,48.87585532746823,2.5741935483870964,78.00586510263928
11.78789723396767,108.46644735782998,-0.7811279296875,0.2044677734375,-0.33062744140625,0.488525390625,2.2419354838709675,67.93743890518084,1.5838709677419354,47.9960899315738,2.5387096774193547,76.93059628543499
11.807963374070823,108.46644735782998,-0.7811279296875,0.2044677734375,-0.33062744140625,0.488525390625,2.2193548387096773,67.25317693059628,1.6096774193548384,48.77810361681329,2.529032258064516,76.63734115347019
11.828051786054857,105.65854033852446,-0.77655029296875,0.2166748046875,-0.313720703125,0.50152587890625,2.2677419354838713,68.71945259042035,1.5806451612903225,47.898338220918866,2.5677419354838706,77.81036168132943
11.84812864603009,105.65854033852446,-0.77655029296875,0.2166748046875,-0.313720703125,0.50152587890625,2.264516129032258,68.6217008797654,1.6290322580645162,49.36461388074292,2.525806451612903,76.53958944281524
11.868256676010787,102.62232422919736,-0.77105712890625,0.23065185546875,-0.295654296875,0.5146484375,2.264516129032258,68.6217008797654,1.6096774193548384,48.77810361681329,2.5354838709677416,76.83284457478005
11.888316447031684,102.62232422919736,-0.77105712890625,0.23065185546875,-0.295654296875,0.5146484375,2.2774193548387096,69.01270772238514,1.6483870967741936,49.95112414467254,2.529032258064516,76.63734115347019
11.908419131999835,102.62232422919736,-0.77105712890625,0.23065185546875,-0.295654296875,0.5146484375,2.2580645161290325,68.42619745845553,1.5999999999999999,48.484848484848484,2.5419354838709673,77.02834799608992
11.928451542975381,99.52892690863347,-0.7659912109375,0.24688720703125,-0.2772216796875,0.52484130859375,2.2774193548387096,69.01270772238514,1.6161290322580644,48.97360703812317,2.5064516129032257,75.95307917888563
11.948588085011579,99.52892690863347,-0.7659912109375,0.24688720703125,-0.2772216796875,0.52484130859375,2.2903225806451615,69.40371456500489,1.62258064516129,49.169110459433035,2.532258064516129,76.73509286412512
11.968695890042,96.1617062870428,-0.76092529296875,0.2635498046875,-0.25579833984375,0.534912109375,2.329032258064516,70.57673509286413,1.6806451612903226,50.9286412512219,2.5064516129032257,75.95307917888563
11.988764206063934,96.1617062870428,-0.76092529296875,0.2635498046875,-0.25579833984375,0.534912109375,2.2806451612903227,69.11045943304008,1.6580645161290322,50.24437927663734,2.558064516129032,77.5171065493646
12.008740519057028,96.1617062870428,-0.76092529296875,0.2635498046875,-0.25579833984375,0.534912109375,2.2161290322580642,67.15542521994135,1.6548387096774193,50.146627565982406,2.5451612903225804,77.12609970674487
12.028840932063758,92.59022955319485,-0.75494384765625,0.28118896484375,-0.23284912109375,0.5447998046875,2.2903225806451615,69.40371456500489,1.7451612903225806,52.883675464320625,2.5,75.75757575757575
12.04891158407554,92.59022955319485,-0.75494384765625,0.28118896484375,-0.23284912109375,0.5447998046875,2.2677419354838713,68.71945259042035,1.7387096774193547,52.68817204301075,2.5354838709677416,76.83284457478005
12.068959163036197,88.90141116434677,-0.7471923828125,0.298828125,-0.2093505859375,0.5555419921875,2.3129032258064517,70.08797653958945,1.7741935483870968,53.76344086021506,2.5774193548387094,78.10361681329422
12.089051799965091,88.90141116434677,-0.7471923828125,0.298828125,-0.2093505859375,0.5555419921875,2.2677419354838713,68.71945259042035,1.7903225806451613,54.25219941348974,2.551612903225806,77.32160312805473
12.109073330066167,88.90141116434677,-0.7471923828125,0.298828125,-0.2093505859375,0.5555419921875,2.293548387096774,69.50146627565982,1.7580645161290323,53.27468230694038,2.525806451612903,76.53958944281524
12.12912897404749,85.30204631441349,-0.73931884765625,0.316162109375,-0.18609619140625,0.564697265625,2.303225806451613,69.79472140762464,1.8032258064516127,54.64320625610948,2.529032258064516,76.63734115347019
12.14919136906974,85.30204631441349,-0.73931884765625,0.316162109375,-0.18609619140625,0.564697265625,2.2870967741935484,69.30596285434996,1.8225806451612903,55.229716520039105,2.525806451612903,76.53958944281524
12.169280069996603,81.54750131043636,-0.73138427734375,0.33251953125,-0.16021728515625,0.57342529296875,2.270967741935484,68.81720430107528,1.8129032258064515,54.936461388074285,2.551612903225806,77.32160312805473
12.189325505052693,81.54750131043636,-0.73138427734375,0.33251953125,-0.16021728515625,0.57342529296875,2.2677419354838713,68.71945259042035,1.7709677419354837,53.665689149560116,2.5709677419354837,77.90811339198436
12.209390781004913,81.54750131043636,-0.73138427734375,0.33251953125,-0.16021728515625,0.57342529296875,2.24516129032258,68.03519061583576,1.7580645161290323,53.27468230694038,2.525806451612903,76.53958944281524
12.22943452000618,77.67901340581578,-0.7220458984375,0.348876953125,-0.13360595703125,0.58233642578125,2.2580645161290325,68.42619745845553,1.7548387096774192,53.17693059628543,2.5451612903225804,77.12609970674487
12.249501364072785,77.67901340581578,-0.7220458984375,0.348876953125,-0.13360595703125,0.58233642578125,2.24516129032258,68.03519061583576,1.764516129032258,53.47018572825024,2.5064516129032257,75.95307917888563
12.26955812703818,73.8367617998155,-0.712646484375,0.364990234375,-0.10662841796875,0.58953857421875,2.1774193548387095,65.98240469208211,1.732258064516129,52.49266862170088,2.5419354838709673,77.02834799608992
12.289617451024242,73.8367617998155,-0.712646484375,0.364990234375,-0.10662841796875,0.58953857421875,2.193548387096774,66.47116324535679,1.7774193548387096,53.86119257086999,2.558064516129032,77.5171065493646
12.309671333990991,73.8367617998155,-0.712646484375,0.364990234375,-0.10662841796875,0.58953857421875,2.22258064516129,67.35092864125122,1.764516129032258,53.47018572825024,2.529032258064516,76.63734115347019
12.329750434029847,69.76446138815581,-0.7015380859375,0.38165283203125,-0.078125,0.59674072265625,2.2193548387096773,67.25317693059628,1.7516129032258063,53.0791788856305,2.5419354838709673,77.02834799608992
12.349808222032152,69.76446138815581,-0.7015380859375,0.38165283203125,-0.078125,0.59674072265625,2.2193548387096773,67.25317693059628,1.7999999999999998,54.54545454545454,2.4806451612903224,75.17106549364614
12.369878522004,66.26208330158536,-0.6923828125,0.396240234375,-0.05303955078125,0.60064697265625,2.2161290322580642,67.15542521994135,1.8129032258064515,54.936461388074285,2.5161290322580645,76.24633431085044
12.389929044991732,66.26208330158536,-0.6923828125,0.396240234375,-0.05303955078125,0.60064697265625,2.22258064516129,67.35092864125122,1.8032258064516127,54.64320625610948,2.5161290322580645,76.24633431085044
12.409996401052922,66.26208330158536,-0.6923828125,0.396240234375,-0.05303955078125,0.60064697265625,2.2161290322580642,67.15542521994135,1.8322580645161288,55.5229716520039,2.532258064516129,76.73509286412512
12.430037420010194,62.30532912595978,-0.68048095703125,0.41192626953125,-0.0250244140625,0.60546875,2.22258064516129,67.35092864125122,1.8387096774193548,55.71847507331379,2.525806451612903,76.53958944281524
12.450103432056494,62.30532912595978,-0.68048095703125,0.41192626953125,-0.0250244140625,0.60546875,2.2161290322580642,67.15542521994135,1.8225806451612903,55.229716520039105,2.52258064516129,76.44183773216031
12.470181731972843,58.38503883696579,-0.66912841796875,0.42645263671875,0.00384521484375,0.60858154296875,2.22258064516129,67.35092864125122,1.8419354838709676,55.816226783968716,2.52258064516129,76.44183773216031
12.490237599005923,58.38503883696579,-0.66912841796875,0.42645263671875,0.00384521484375,0.60858154296875,2.1645161290322577,65.59139784946235,1.8096774193548386,54.83870967741935,2.5419354838709673,77.02834799608992
12.510287579032592,58.38503883696579,-0.66912841796875,0.42645263671875,0.00384521484375,0.60858154296875,2.1999999999999997,66.66666666666666,1.8322580645161288,55.5229716520039,2.5709677419354837,77.90811339198436
12.530387895996682,54.151529266718306,-0.65509033203125,0.44317626953125,0.03363037109375,0.61102294921875,2.170967741935484,65.78690127077223,1.8225806451612903,55.229716520039105,2.5774193548387094,78.10361681329422
12.550440563005395,54.151529266718306,-0.65509033203125,0.44317626953125,0.03363037109375,0.61102294921875,2.1774193548387095,65.98240469208211,1.7774193548387096,53.86119257086999,2.529032258064516,76.63734115347019
12.570513167069294,50.054343422563846,-0.64141845703125,0.4600830078125,0.06243896484375,0.6107177734375,2.1645161290322577,65.59139784946235,1.7870967741935482,54.154447702834794,2.564516129032258,77.71260997067448
12.596546238055453,50.054343422563846,-0.64141845703125,0.4600830078125,0.06243896484375,0.6107177734375,2.1967741935483867,66.56891495601171,1.7774193548387096,53.86119257086999,2.5774193548387094,78.10361681329422
12.610610565985553,50.054343422563846,-0.64141845703125,0.4600830078125,0.06243896484375,0.6107177734375,2.1999999999999997,66.66666666666666,1.7258064516129032,52.29716520039101,2.5483870967741935,77.2238514173998
12.630693122046068,46.11080046513522,-0.6275634765625,0.477783203125,0.08929443359375,0.60821533203125,2.170967741935484,65.78690127077223,1.7548387096774192,53.17693059628543,2.525806451612903,76.53958944281524
12.650736476993188,46.11080046513522,-0.6275634765625,0.477783203125,0.08929443359375,0.60821533203125,2.1838709677419352,66.17790811339198,1.7774193548387096,53.86119257086999,2.5161290322580645,76.24633431085044
12.670798105071299,41.89479760881139,-0.61029052734375,0.4974365234375,0.11639404296875,0.60540771484375,2.1451612903225805,65.00488758553274,1.764516129032258,53.47018572825024,2.529032258064516,76.63734115347019
12.690852659987286,41.89479760881139,-0.61029052734375,0.4974365234375,0.11639404296875,0.60540771484375,2.161290322580645,65.49364613880742,1.7903225806451613,54.25219941348974,2.561290322580645,77.61485826001955
12.710909391986206,41.89479760881139,-0.61029052734375,0.4974365234375,0.11639404296875,0.60540771484375,2.2193548387096773,67.25317693059628,1.7999999999999998,54.54545454545454,2.5129032258064514,76.1485826001955
12.730970731005073,37.590662104155754,-0.59197998046875,0.51776123046875,0.14398193359375,0.6005859375,2.1096774193548384,63.929618768328446,1.8225806451612903,55.229716520039105,2.5419354838709673,77.02834799608992
12.75103709497489,37.590662104155754,-0.59197998046875,0.51776123046875,0.14398193359375,0.6005859375,2.2483870967741932,68.1329423264907,1.8032258064516127,54.64320625610948,2.529032258064516,76.63734115347019
12.771119331009686,33.310471289179134,-0.57342529296875,0.5361328125,0.17236328125,0.59503173828125,2.1967741935483867,66.56891495601171,1.8387096774193548,55.71847507331379,2.5419354838709673,77.02834799608992
12.791160190012306,33.310471289179134,-0.57342529296875,0.5361328125,0.17236328125,0.59503173828125,2.1645161290322577,65.59139784946235,1.8064516129032258,54.74095796676443,2.5451612903225804,77.12609970674487
12.81121090601664,33.310471289179134,-0.57342529296875,0.5361328125,0.17236328125,0.59503173828125,2.180645161290322,66.08015640273703,1.8387096774193548,55.71847507331379,2.529032258064516,76.63734115347019
12.831306454027072,29.39103701050901,-0.555419921875,0.55224609375,0.19854736328125,0.58917236328125,2.1967741935483867,66.56891495601171,1.829032258064516,55.42521994134897,2.5483870967741935,77.2238514173998
12.851348272990435,29.39103701050901,-0.555419921875,0.55224609375,0.19854736328125,0.58917236328125,2.203225806451613,66.7644183773216,1.8032258064516127,54.64320625610948,2.5419354838709673,77.02834799608992
12.871422957046889,26.143910902303624,-0.5400390625,0.56573486328125,0.22064208984375,0.582763671875,2.1741935483870964,65.88465298142717,1.829032258064516,55.42521994134897,2.5129032258064514,76.1485826001955
12.891470920993015,26.143910902303624,-0.5400390625,0.56573486328125,0.22064208984375,0.582763671875,2.1967741935483867,66.56891495601171,1.8483870967741933,56.01173020527859,2.5129032258064514,76.1485826001955
12.911526147974655,26.143910902303624,-0.5400390625,0.56573486328125,0.22064208984375,0.582763671875,2.2419354838709675,67.93743890518084,1.8516129032258062,56.10948191593352,2.5483870967741935,77.2238514173998
12.93159779207781,23.203022010898152,-0.52557373046875,0.57733154296875,0.2412109375,0.576416015625,2.22258064516129,67.35092864125122,1.8419354838709676,55.816226783968716,2.529032258064516,76.63734115347019
12.951688445056789,23.203022010898152,-0.52557373046875,0.57733154296875,0.2412109375,0.576416015625,2.1774193548387095,65.98240469208211,1.8516129032258062,56.10948191593352,2.519354838709677,76.34408602150538
12.971746296039782,20.411967972019994,-0.51190185546875,0.587158203125,0.261962890625,0.5697021484375,2.2161290322580642,67.15542521994135,1.8870967741935485,57.18475073313783,2.5,75.75757575757575
12.991732274065726,20.411967972019994,-0.51190185546875,0.587158203125,0.261962890625,0.5697021484375,2.1870967741935483,66.27565982404691,1.9064516129032258,57.77126099706745,2.42258064516129,73.41153470185728
13.01180308603216,20.411967972019994,-0.51190185546875,0.587158203125,0.261962890625,0.5697021484375,2.2096774193548385,66.95992179863147,1.9,57.57575757575758,2.432258064516129,73.70478983382209
13.031870729057118,17.628793204446808,-0.49444580078125,0.59783935546875,0.2801513671875,0.56536865234375,2.1677419354838707,65.6891495601173,1.996774193548387,60.50830889540567,2.3806451612903228,72.14076246334312
13.05198032699991,17.628793204446808,-0.49444580078125,0.59783935546875,0.2801513671875,0.56536865234375,2.22258064516129,67.35092864125122,2.02258064516129,61.29032258064516,2.4,72.72727272727273
13.072021730011329,14.860837106541695,-0.4752197265625,0.60589599609375,0.29736328125,0.56439208984375,2.1645161290322577,65.59139784946235,2.051612903225806,62.17008797653958,2.3741935483870966,71.94525904203324
13.092093309969641,14.860837106541695,-0.4752197265625,0.60589599609375,0.29736328125,0.56439208984375,2.2548387096774194,68.32844574780059,2.064516129032258,62.56109481915934,2.403225806451613,72.82502443792767
13.112147193052806,14.860837106541695,-0.4752197265625,0.60589599609375,0.29736328125,0.56439208984375,2.306451612903226,69.89247311827957,2.138709677419355,64.80938416422288,2.390322580645161,72.43401759530792
13.132229141076095,12.336443774589426,-0.45538330078125,0.61212158203125,0.31036376953125,0.56707763671875,2.274193548387097,68.91495601173021,2.1677419354838707,65.6891495601173,2.4096774193548387,73.02052785923753
13.152283217059448,12.336443774589426,-0.45538330078125,0.61212158203125,0.31036376953125,0.56707763671875,2.306451612903226,69.89247311827957,2.1677419354838707,65.6891495601173,2.435483870967742,73.80254154447702
13.172362028970383,11.379470531492672,-0.4449462890625,0.61700439453125,0.31341552734375,0.56842041015625,2.2677419354838713,68.71945259042035,2.190322580645161,66.37341153470186,2.4161290322580644,73.21603128054741
13.192420424078591,11.379470531492672,-0.4449462890625,0.61700439453125,0.31341552734375,0.56842041015625,2.3322580645161293,70.67448680351907,2.1870967741935483,66.27565982404691,2.4193548387096775,73.31378299120234
13.212453571031801,11.379470531492672,-0.4449462890625,0.61700439453125,0.31341552734375,0.56842041015625,2.370967741935484,71.8475073313783,2.193548387096774,66.47116324535679,2.4387096774193546,73.90029325513197
13.232518719043583,11.181127727316877,-0.440673828125,0.62158203125,0.3143310546875,0.5662841796875,2.3516129032258064,71.26099706744868,2.1870967741935483,66.27565982404691,2.4387096774193546,73.90029325513197
13.252571418066509,11.181127727316877,-0.440673828125,0.62158203125,0.3143310546875,0.5662841796875,2.3806451612903228,72.14076246334312,2.2161290322580642,67.15542521994135,2.4387096774193546,73.90029325513197
13.272650390979834,11.096517934211747,-0.4381103515625,0.624755859375,0.31622314453125,0.5635986328125,2.3741935483870966,71.94525904203324,2.193548387096774,66.47116324535679,2.4516129032258065,74.29130009775172
13.292706930078566,11.096517934211747,-0.4381103515625,0.624755859375,0.31622314453125,0.5635986328125,2.3967741935483873,72.6295210166178,2.2161290322580642,67.15542521994135,2.4516129032258065,74.29130009775172
13.312777774059214,11.096517934211747,-0.4381103515625,0.624755859375,0.31622314453125,0.5635986328125,2.4064516129032256,72.9227761485826,2.203225806451613,66.7644183773216,2.42258064516129,73.41153470185728
13.334872454986908,11.018943003442914,-0.434814453125,0.62738037109375,0.31463623046875,0.564208984375,2.3870967741935485,72.33626588465299,2.1967741935483867,66.56891495601171,2.467741935483871,74.7800586510264
13.352883717045188,11.018943003442914,-0.434814453125,0.62738037109375,0.31463623046875,0.564208984375,2.4,72.72727272727273,2.1967741935483867,66.56891495601171,2.42258064516129,73.41153470185728
13.372976706014015,11.145504995819564,-0.43353271484375,0.62847900390625,0.3115234375,0.565673828125,2.4,72.72727272727273,2.1645161290322577,65.59139784946235,2.4516129032258065,74.29130009775172
13.393005787977017,11.145504995819564,-0.43353271484375,0.62847900390625,0.3115234375,0.565673828125,2.3870967741935485,72.33626588465299,2.1741935483870964,65.88465298142717,2.4709677419354836,74.87781036168133
13.413059607963078,11.145504995819564,-0.43353271484375,0.62847900390625,0.3115234375,0.565673828125,2.4096774193548387,73.02052785923753,2.1645161290322577,65.59139784946235,2.4516129032258065,74.29130009775172
13.433125267038122,11.308714351572917,-0.435546875,0.6270751953125,0.310302734375,0.56634521484375,2.3645161290322583,71.65200391006844,2.1451612903225805,65.00488758553274,2.4741935483870967,74.97556207233626
13.453231984050944,11.308714351572917,-0.435546875,0.6270751953125,0.310302734375,0.56634521484375,2.358064516129032,71.45650048875855,2.1548387096774193,65.29814271749756,2.464516129032258,74.68230694037146
13.47331710101571,11.454512355729719,-0.43914794921875,0.6243896484375,0.310302734375,0.56658935546875,2.370967741935484,71.8475073313783,2.1548387096774193,65.29814271749756,2.458064516129032,74.48680351906158
13.493381289066747,11.454512355729719,-0.43914794921875,0.6243896484375,0.310302734375,0.56658935546875,2.4096774193548387,73.02052785923753,2.1677419354838707,65.6891495601173,2.4741935483870967,74.97556207233626
13.513433668063954,11.454512355729719,-0.43914794921875,0.6243896484375,0.310302734375,0.56658935546875,2.390322580645161,72.43401759530792,2.1548387096774193,65.29814271749756,2.467741935483871,74.7800586510264
13.533530881046318,11.626474498614499,-0.4437255859375,0.62078857421875,0.311279296875,0.56640625,2.393548387096774,72.53176930596285,2.1870967741935483,66.27565982404691,2.4483870967741934,74.19354838709677
13.553601884981617,11.626474498614499,-0.4437255859375,0.62078857421875,0.311279296875,0.56640625,2.361290322580645,71.5542521994135,2.203225806451613,66.7644183773216,2.525806451612903,76.53958944281524
13.573651095968671,11.735058791015263,-0.4486083984375,0.61712646484375,0.3135986328125,0.5653076171875,2.3774193548387097,72.04301075268818,2.212903225806451,67.0576735092864,2.4741935483870967,74.97556207233626
13.593713972019032,11.735058791015263,-0.4486083984375,0.61712646484375,0.3135986328125,0.5653076171875,2.4483870967741934,74.19354838709677,2.1774193548387095,65.98240469208211,2.5,75.75757575757575
13.613769007031806,11.735058791015263,-0.4486083984375,0.61712646484375,0.3135986328125,0.5653076171875,2.3870967741935485,72.33626588465299,2.2064516129032254,66.86217008797654,2.493548387096774,75.56207233626587
13.633850731072016,11.746368561858617,-0.45343017578125,0.61322021484375,0.31756591796875,0.5634765625,2.3741935483870966,71.94525904203324,2.1774193548387095,65.98240469208211,2.487096774193548,75.366568914956
13.653919687028974,11.746368561858617,-0.45343017578125,0.61322021484375,0.31756591796875,0.5634765625,2.3483870967741938,71.16324535679375,2.212903225806451,67.0576735092864,2.4806451612903224,75.17106549364614
13.673982275067829,11.723608006777795,-0.457763671875,0.60955810546875,0.32135009765625,0.56182861328125,2.370967741935484,71.8475073313783,2.1741935483870964,65.88465298142717,2.5,75.75757575757575
13.69407577603124,11.723608006777795,-0.457763671875,0.60955810546875,0.32135009765625,0.56182861328125,2.367741935483871,71.74975562072336,2.1225806451612903,64.32062561094818,2.490322580645161,75.46432062561095
13.714115450973623,11.723608006777795,-0.457763671875,0.60955810546875,0.32135009765625,0.56182861328125,2.367741935483871,71.74975562072336,2.064516129032258,62.56109481915934,2.4774193548387093,75.07331378299119
13.734227639972232,11.791709588308251,-0.46319580078125,0.60528564453125,0.32513427734375,0.559814453125,2.3516129032258064,71.26099706744868,2.096774193548387,63.5386119257087,2.487096774193548,75.366568914956
13.754265650990419,11.791709588308251,-0.46319580078125,0.60528564453125,0.32513427734375,0.559814453125,2.3645161290322583,71.65200391006844,2.0806451612903225,63.049853372434015,2.490322580645161,75.46432062561095
13.774344110977836,12.090531776583617,-0.471435546875,0.59942626953125,0.328369140625,0.557373046875,2.3483870967741938,71.16324535679375,2.083870967741935,63.14760508308894,2.4838709677419355,75.26881720430107
13.794398569967598,12.090531776583617,-0.471435546875,0.59942626953125,0.328369140625,0.557373046875,2.3419354838709676,70.96774193548387,2.064516129032258,62.56109481915934,2.5129032258064514,76.1485826001955
13.814466885989532,12.090531776583617,-0.471435546875,0.59942626953125,0.328369140625,0.557373046875,2.3451612903225807,71.0654936461388,2.061290322580645,62.4633431085044,2.4838709677419355,75.26881720430107
13.834553795051761,12.740875349267625,-0.48284912109375,0.5908203125,0.3299560546875,0.5557861328125,2.306451612903226,69.89247311827957,2.02258064516129,61.29032258064516,2.4806451612903224,75.17106549364614
13.854616670985706,12.740875349267625,-0.48284912109375,0.5908203125,0.3299560546875,0.5557861328125,2.3225806451612905,70.38123167155426,1.9516129032258065,59.13978494623656,2.5129032258064514,76.1485826001955
13.874671161989681,13.755526536298078,-0.49627685546875,0.580078125,0.32861328125,0.55609130859375,2.3161290322580648,70.1857282502444,1.8548387096774193,56.20723362658847,2.4774193548387093,75.07331378299119
13.894741654046811,13.755526536298078,-0.49627685546875,0.580078125,0.32861328125,0.55609130859375,2.2677419354838713,68.71945259042035,1.8064516129032258,54.74095796676443,2.5129032258064514,76.1485826001955
13.914830993977375,13.755526536298078,-0.49627685546875,0.580078125,0.32861328125,0.55609130859375,2.3000000000000003,69.69696969696972,1.7870967741935482,54.154447702834794,2.4709677419354836,74.87781036168133
13.934858764987439,15.374593157717172,-0.51092529296875,0.56884765625,0.32208251953125,0.5582275390625,2.296774193548387,69.59921798631477,1.793548387096774,54.34995112414467,2.4483870967741934,74.19354838709677
13.954939880990423,15.374593157717172,-0.51092529296875,0.56884765625,0.32208251953125,0.5582275390625,2.3096774193548386,69.99022482893452,1.7741935483870968,53.76344086021506,2.4161290322580644,73.21603128054741
13.975005093030632,17.545110594915712,-0.5257568359375,0.557373046875,0.31011962890625,0.56280517578125,2.2806451612903227,69.11045943304008,1.7580645161290323,53.27468230694038,2.4516129032258065,74.29130009775172
13.995030976017006,17.545110594915712,-0.5257568359375,0.557373046875,0.31011962890625,0.56280517578125,2.3225806451612905,70.38123167155426,1.7419354838709677,52.785923753665685,2.435483870967742,73.80254154447702
14.015092698973604,17.545110594915712,-0.5257568359375,0.557373046875,0.31011962890625,0.56280517578125,2.296774193548387,69.59921798631477,1.7387096774193547,52.68817204301075,2.464516129032258,74.68230694037146
14.035173080046661,20.323022644187247,-0.54168701171875,0.54498291015625,0.2933349609375,0.56878662109375,2.296774193548387,69.59921798631477,1.7354838709677418,52.59042033235581,2.435483870967742,73.80254154447702
14.055237011052668,20.323022644187247,-0.54168701171875,0.54498291015625,0.2933349609375,0.56878662109375,2.2806451612903227,69.11045943304008,1.7677419354838708,53.567937438905176,2.4774193548387093,75.07331378299119
14.075283503043465,23.53143724727363,-0.55804443359375,0.53228759765625,0.27288818359375,0.57513427734375,2.3193548387096774,70.28347996089931,1.7451612903225806,52.883675464320625,2.5,75.75757575757575
14.095358827034943,23.53143724727363,-0.55804443359375,0.53228759765625,0.27288818359375,0.57513427734375,2.3096774193548386,69.99022482893452,1.7354838709677418,52.59042033235581,2.4774193548387093,75.07331378299119
14.115426119067706,23.53143724727363,-0.55804443359375,0.53228759765625,0.27288818359375,0.57513427734375,2.3516129032258064,71.26099706744868,1.7225806451612902,52.19941348973607,2.4774193548387093,75.07331378299119
14.135475137969479,27.304668286487235,-0.57647705078125,0.5169677734375,0.2490234375,0.58172607421875,2.306451612903226,69.89247311827957,1.7419354838709677,52.785923753665685,2.4774193548387093,75.07331378299119
14.155527133028954,27.304668286487235,-0.57647705078125,0.5169677734375,0.2490234375,0.58172607421875,2.3451612903225807,71.0654936461388,1.729032258064516,52.39491691104594,2.487096774193548,75.366568914956
14.175601369002834,31.262168164240762,-0.59405517578125,0.5006103515625,0.22332763671875,0.5887451171875,2.270967741935484,68.81720430107528,1.7419354838709677,52.785923753665685,2.4774193548387093,75.07331378299119
14.195661716978066,31.262168164240762,-0.59405517578125,0.5006103515625,0.22332763671875,0.5887451171875,2.303225806451613,69.79472140762464,1.7129032258064516,51.90615835777126,2.4774193548387093,75.07331378299119
14.215742193046026,31.262168164240762,-0.59405517578125,0.5006103515625,0.22332763671875,0.5887451171875,2.3000000000000003,69.69696969696972,1.7258064516129032,52.29716520039101,2.4774193548387093,75.07331378299119
14.235794124077074,35.50811434250404,-0.6123046875,0.4827880859375,0.19580078125,0.5947265625,2.325806451612903,70.4789833822092,1.7419354838709677,52.785923753665685,2.487096774193548,75.366568914956
14.255851304042153,35.50811434250404,-0.6123046875,0.4827880859375,0.19580078125,0.5947265625,2.306451612903226,69.89247311827957,1.7483870967741935,52.98142717497556,2.4741935483870967,74.97556207233626
14.275913988007233,39.85224342027034,-0.6298828125,0.4642333984375,0.16729736328125,0.599853515625,2.303225806451613,69.79472140762464,1.729032258064516,52.39491691104594,2.5,75.75757575757575
14.295989056001417,39.85224342027034,-0.6298828125,0.4642333984375,0.16729736328125,0.599853515625,2.2806451612903227,69.11045943304008,1.6870967741935483,51.12414467253177,2.519354838709677,76.34408602150538
14.316050619003363,39.85224342027034,-0.6298828125,0.4642333984375,0.16729736328125,0.599853515625,2.270967741935484,68.81720430107528,1.6774193548387097,50.83088954056696,2.493548387096774,75.56207233626587
14.336121718981303,44.3235128421244,-0.6466064453125,0.44476318359375,0.1375732421875,0.604248046875,2.2870967741935484,69.30596285434996,1.6741935483870967,50.733137829912025,2.490322580645161,75.46432062561095
14.3561803069897,44.3235128421244,-0.6466064453125,0.44476318359375,0.1375732421875,0.604248046875,2.24516129032258,68.03519061583576,1.6096774193548384,48.77810361681329,2.4774193548387093,75.07331378299119
14.37625015899539,48.72069052371361,-0.66162109375,0.4259033203125,0.10736083984375,0.60772705078125,2.2193548387096773,67.25317693059628,1.5451612903225804,46.82306940371456,2.4806451612903224,75.17106549364614
14.3963039140217,48.72069052371361,-0.66162109375,0.4259033203125,0.10736083984375,0.60772705078125,2.2419354838709675,67.93743890518084,1.532258064516129,46.432062561094824,2.4774193548387093,75.07331378299119
14.416365094017237,48.72069052371361,-0.66162109375,0.4259033203125,0.10736083984375,0.60772705078125,2.1870967741935483,66.27565982404691,1.4451612903225806,43.79276637341153,2.4838709677419355,75.26881720430107
14.436421314021572,53.16984254799035,-0.67608642578125,0.40692138671875,0.07647705078125,0.6094970703125,2.2419354838709675,67.93743890518084,1.3483870967741933,40.86021505376344,2.5,75.75757575757575
14.456479325075634,53.16984254799035,-0.67608642578125,0.40692138671875,0.07647705078125,0.6094970703125,2.2290322580645157,67.54643206256108,1.167741935483871,35.386119257087,2.435483870967742,73.80254154447702
14.476551800966263,57.57686967881256,-0.68988037109375,0.38800048828125,0.04583740234375,0.60943603515625,2.1999999999999997,66.66666666666666,1.0032258064516129,30.40078201368524,2.467741935483871,74.7800586510264
14.496634645038284,57.57686967881256,-0.68988037109375,0.38800048828125,0.04583740234375,0.60943603515625,2.1838709677419352,66.17790811339198,0.832258064516129,25.219941348973606,2.4741935483870967,74.97556207233626
14.5167204659665,57.57686967881256,-0.68988037109375,0.38800048828125,0.04583740234375,0.60943603515625,2.0999999999999996,63.636363636363626,0.7451612903225806,22.58064516129032,2.4612903225806453,74.58455522971653
14.53676446096506,62.13054094254799,-0.703369140625,0.36773681640625,0.01434326171875,0.608154296875,2.125806451612903,64.41837732160313,0.37419354838709673,11.339198435972628,2.4516129032258065,74.29130009775172
14.55683079303708,62.13054094254799,-0.703369140625,0.36773681640625,0.01434326171875,0.608154296875,2.061290322580645,62.4633431085044,0.03225806451612903,0.9775171065493646,2.467741935483871,74.7800586510264
14.576889091986232,66.64899491074108,-0.71533203125,0.34783935546875,-0.01751708984375,0.60577392578125,2.074193548387097,62.85434995112414,0.0,0.0,2.4516129032258065,74.29130009775172
14.596943711978383,66.64899491074108,-0.71533203125,0.34783935546875,-0.01751708984375,0.60577392578125,2.061290322580645,62.4633431085044,0.0,0.0,2.4516129032258065,74.29130009775172
14.617009276058525,66.64899491074108,-0.71533203125,0.34783935546875,-0.01751708984375,0.60577392578125,2.032258064516129,61.58357771260997,0.0,0.0,2.4741935483870967,74.97556207233626
14.63705282297451,71.13024210209238,-0.7266845703125,0.32830810546875,-0.0491943359375,0.6014404296875,2.0032258064516126,60.703812316715535,0.0,0.0,2.4483870967741934,74.19354838709677
14.657128659076989,71.13024210209238,-0.7266845703125,0.32830810546875,-0.0491943359375,0.6014404296875,2.0,60.60606060606061,0.0,0.0,2.435483870967742,73.80254154447702
14.67716958199162,75.4473364906663,-0.737060546875,0.3101806640625,-0.0799560546875,0.59503173828125,1.961290322580645,59.43304007820137,0.0,0.0,2.4612903225806453,74.58455522971653
14.69722810597159,75.4473364906663,-0.737060546875,0.3101806640625,-0.0799560546875,0.59503173828125,1.929032258064516,58.45552297165201,0.0032258064516129032,0.09775171065493646,2.4483870967741934,74.19354838709677
14.717291877022944,75.4473364906663,-0.737060546875,0.3101806640625,-0.0799560546875,0.59503173828125,2.0032258064516126,60.703812316715535,0.0,0.0,2.445161290322581,74.09579667644185
14.737355745048262,79.53134201372234,-0.74609375,0.29425048828125,-0.10980224609375,0.587158203125,1.9741935483870967,59.82404692082112,0.0,0.0,2.454838709677419,74.38905180840665
14.757429533055983,79.53134201372234,-0.74609375,0.29425048828125,-0.10980224609375,0.587158203125,1.9419354838709677,58.846529814271754,0.0,0.0,2.4193548387096775,73.31378299120234
14.777480665012263,83.49272262446907,-0.75421142578125,0.2794189453125,-0.138916015625,0.5777587890625,1.9580645161290322,59.33528836754643,0.0,0.0,2.425806451612903,73.50928641251222
14.79755765304435,83.49272262446907,-0.75421142578125,0.2794189453125,-0.138916015625,0.5777587890625,1.9548387096774194,59.2375366568915,0.0,0.0,2.454838709677419,74.38905180840665
14.817629905068316,83.49272262446907,-0.75421142578125,0.2794189453125,-0.138916015625,0.5777587890625,1.8774193548387097,56.89149560117303,0.0,0.0,2.458064516129032,74.48680351906158
14.837694252026267,87.36144137641219,-0.76239013671875,0.26397705078125,-0.1661376953125,0.5670166015625,1.929032258064516,58.45552297165201,0.0,0.0,2.467741935483871,74.7800586510264
14.85772986302618,87.36144137641219,-0.76239013671875,0.26397705078125,-0.1661376953125,0.5670166015625,1.9838709677419355,60.117302052785924,0.0,0.0,2.445161290322581,74.09579667644185
14.877784995012917,90.60468360333473,-0.76995849609375,0.25115966796875,-0.1881103515625,0.5556640625,1.8548387096774193,56.20723362658847,0.0,0.0,2.4741935483870967,74.97556207233626
14.897844766033813,90.60468360333473,-0.76995849609375,0.25115966796875,-0.1881103515625,0.5556640625,1.8806451612903226,56.98924731182796,0.0,0.0,2.4483870967741934,74.19354838709677
14.917908026021905,90.60468360333473,-0.76995849609375,0.25115966796875,-0.1881103515625,0.5556640625,1.9387096774193548,58.748778103616814,0.0,0.0,2.425806451612903,73.50928641251222
14.93796447000932,93.8578560513861,-0.77752685546875,0.24017333984375,-0.2105712890625,0.5416259765625,1.903225806451613,57.67350928641252,0.0,0.0,2.403225806451613,72.82502443792767
14.958050898043439,93.8578560513861,-0.77752685546875,0.24017333984375,-0.2105712890625,0.5416259765625,1.9161290322580644,58.06451612903226,0.0064516129032258064,0.19550342130987292,2.445161290322581,74.09579667644185
14.978122413973324,97.06148220291541,-0.7845458984375,0.22979736328125,-0.232666015625,0.52685546875,1.9709677419354839,59.72629521016618,0.0,0.0,2.4741935483870967,74.97556207233626
14.998158536967821,97.06148220291541,-0.7845458984375,0.22979736328125,-0.232666015625,0.52685546875,1.9741935483870967,59.82404692082112,0.0,0.0,2.467741935483871,74.7800586510264
15.018255206057802,97.06148220291541,-0.7845458984375,0.22979736328125,-0.232666015625,0.52685546875,1.9,57.57575757575758,0.0,0.0,2.4612903225806453,74.58455522971653
15.038353763055056,99.91550819478205,-0.790771484375,0.22088623046875,-0.251953125,0.51220703125,1.964516129032258,59.530791788856305,0.2838709677419355,8.60215053763441,2.4741935483870967,74.97556207233626
15.058396190055646,99.91550819478205,-0.790771484375,0.22088623046875,-0.251953125,0.51220703125,2.02258064516129,61.29032258064516,0.4161290322580645,12.609970674486803,2.4806451612903224,75.17106549364614
15.078459289041348,102.72703151565412,-0.79608154296875,0.21221923828125,-0.27105712890625,0.49774169921875,1.9580645161290322,59.33528836754643,0.47096774193548385,14.271749755620725,2.4774193548387093,75.07331378299119
15.098530836985447,102.72703151565412,-0.79608154296875,0.21221923828125,-0.27105712890625,0.49774169921875,1.996774193548387,60.50830889540567,0.6483870967741935,19.64809384164223,2.4838709677419355,75.26881720430107
15.118594352970831,102.72703151565412,-0.79608154296875,0.21221923828125,-0.27105712890625,0.49774169921875,1.9709677419354839,59.72629521016618,0.8870967741935484,26.88172043010753,2.487096774193548,75.366568914956
15.138662636978552,105.20668514404261,-0.80029296875,0.20684814453125,-0.28875732421875,0.483154296875,1.996774193548387,60.50830889540567,1.1258064516129034,34.115347018572834,2.5,75.75757575757575
15.158722824999131,105.20668514404261,-0.80029296875,0.20684814453125,-0.28875732421875,0.483154296875,2.0032258064516126,60.703812316715535,1.2161290322580645,36.852394916911045,2.525806451612903,76.53958944281524
15.178834342048503,107.41132265549793,-0.80316162109375,0.20263671875,-0.30487060546875,0.47003173828125,2.054838709677419,62.267839687194524,1.2483870967741935,37.82991202346041,2.551612903225806,77.32160312805473
15.198873696965165,107.41132265549793,-0.80316162109375,0.20263671875,-0.30487060546875,0.47003173828125,2.061290322580645,62.4633431085044,1.3806451612903226,41.837732160312804,2.5387096774193547,76.93059628543499
15.218925307970494,107.41132265549793,-0.80316162109375,0.20263671875,-0.30487060546875,0.47003173828125,2.0774193548387094,62.95210166177908,1.4838709677419355,44.965786901270775,2.5709677419354837,77.90811339198436
15.238990423968062,109.55597884076636,-0.80523681640625,0.1982421875,-0.320556640625,0.45782470703125,2.064516129032258,62.56109481915934,1.5064516129032257,45.650048875855326,2.525806451612903,76.53958944281524
15.259062452008948,109.55597884076636,-0.80523681640625,0.1982421875,-0.320556640625,0.45782470703125,2.125806451612903,64.41837732160313,1.4419354838709677,43.6950146627566,2.529032258064516,76.63734115347019
15.279159473022446,111.31820304976662,-0.80682373046875,0.194580078125,-0.33319091796875,0.4473876953125,2.138709677419355,64.80938416422288,1.4774193548387096,44.770283479960895,2.5419354838709673,77.02834799608992
15.29921460407786,111.31820304976662,-0.80682373046875,0.194580078125,-0.33319091796875,0.4473876953125,2.2419354838709675,67.93743890518084,1.6290322580645162,49.36461388074292,2.5419354838709673,77.02834799608992
15.319296583998948,111.31820304976662,-0.80682373046875,0.194580078125,-0.33319091796875,0.4473876953125,2.2548387096774194,68.32844574780059,1.635483870967742,49.56011730205279,2.532258064516129,76.73509286412512
15.339381573023275,112.78914673844886,-0.80853271484375,0.19317626953125,-0.3438720703125,0.43670654296875,2.24516129032258,68.03519061583576,1.6774193548387097,50.83088954056696,2.6032258064516127,78.88563049853371
15.359430784010328,112.78914673844886,-0.80853271484375,0.19317626953125,-0.3438720703125,0.43670654296875,2.2774193548387096,69.01270772238514,1.6612903225806452,50.34213098729228,2.616129032258064,79.27663734115346
15.379508604062721,113.76314585551489,-0.80914306640625,0.19488525390625,-0.35211181640625,0.4281005859375,2.270967741935484,68.81720430107528,1.6774193548387097,50.83088954056696,2.558064516129032,77.5171065493646
15.399649434024468,113.76314585551489,-0.80914306640625,0.19488525390625,-0.35211181640625,0.4281005859375,2.2870967741935484,69.30596285434996,1.6935483870967742,51.31964809384164,2.554838709677419,77.41935483870968
15.419659284991212,113.76314585551489,-0.80914306640625,0.19488525390625,-0.35211181640625,0.4281005859375,2.3000000000000003,69.69696969696972,1.7129032258064516,51.90615835777126,2.554838709677419,77.41935483870968
15.439741489011794,114.44098608716322,-0.808837890625,0.19775390625,-0.35888671875,0.4217529296875,2.296774193548387,69.59921798631477,1.6870967741935483,51.12414467253177,2.525806451612903,76.53958944281524
15.459790188004263,114.44098608716322,-0.808837890625,0.19775390625,-0.35888671875,0.4217529296875,2.3193548387096774,70.28347996089931,1.6870967741935483,51.12414467253177,2.554838709677419,77.41935483870968
15.479859207989648,114.86626840583757,-0.808349609375,0.20037841796875,-0.36358642578125,0.41748046875,2.296774193548387,69.59921798631477,1.6935483870967742,51.31964809384164,2.525806451612903,76.53958944281524
15.499922628048807,114.86626840583757,-0.808349609375,0.20037841796875,-0.36358642578125,0.41748046875,2.3193548387096774,70.28347996089931,1.7258064516129032,52.29716520039101,2.551612903225806,77.32160312805473
15.520031585008837,114.86626840583757,-0.808349609375,0.20037841796875,-0.36358642578125,0.41748046875,2.3451612903225807,71.0654936461388,1.7258064516129032,52.29716520039101,2.558064516129032,77.5171065493646
15.546774790040217,115.0820433863077,-0.807861328125,0.202392578125,-0.3663330078125,0.41497802734375,2.358064516129032,71.45650048875855,1.7548387096774192,53.17693059628543,2.5741935483870964,78.00586510263928
15.560148408054374,115.0820433863077,-0.807861328125,0.202392578125,-0.3663330078125,0.41497802734375,2.3645161290322583,71.65200391006844,1.7548387096774192,53.17693059628543,2.554838709677419,77.41935483870968
15.580232148058712,115.06168774786975,-0.80743408203125,0.2039794921875,-0.36700439453125,0.4144287109375,2.3225806451612905,70.38123167155426,1.796774193548387,54.44770283479961,2.554838709677419,77.41935483870968
15.600282959989272,115.06168774786975,-0.80743408203125,0.2039794921875,-0.36700439453125,0.4144287109375,2.361290322580645,71.5542521994135,1.7548387096774192,53.17693059628543,2.554838709677419,77.41935483870968
15.620401932974346,115.06168774786975,-0.80743408203125,0.2039794921875,-0.36700439453125,0.4144287109375,2.403225806451613,72.82502443792767,1.7806451612903225,53.95894428152492,2.5774193548387094,78.10361681329422
15.640436936053447,114.85233701730013,-0.80633544921875,0.20538330078125,-0.36663818359375,0.416259765625,2.3193548387096774,70.28347996089931,1.7548387096774192,53.17693059628543,2.525806451612903,76.53958944281524
15.660506883985363,114.85233701730013,-0.80633544921875,0.20538330078125,-0.36663818359375,0.416259765625,2.3483870967741938,71.16324535679375,1.7258064516129032,52.29716520039101,2.551612903225806,77.32160312805473
15.680557599058375,114.6458137310554,-0.8052978515625,0.20672607421875,-0.3662109375,0.41796875,2.3483870967741938,71.16324535679375,1.732258064516129,52.49266862170088,2.52258064516129,76.44183773216031
15.700624315068126,114.6458137310554,-0.8052978515625,0.20672607421875,-0.3662109375,0.41796875,2.370967741935484,71.8475073313783,1.6580645161290322,50.24437927663734,2.561290322580645,77.61485826001955
15.720737623982131,114.6458137310554,-0.8052978515625,0.20672607421875,-0.3662109375,0.41796875,2.3322580645161293,70.67448680351907,1.6870967741935483,51.12414467253177,2.554838709677419,77.41935483870968
15.740783540066332,114.39085024972822,-0.80413818359375,0.20849609375,-0.3656005859375,0.41973876953125,2.293548387096774,69.50146627565982,1.7096774193548387,51.80840664711632,2.564516129032258,77.71260997067448
15.760843759053387,114.39085024972822,-0.80413818359375,0.20849609375,-0.3656005859375,0.41973876953125,2.3193548387096774,70.28347996089931,1.7032258064516128,51.61290322580645,2.558064516129032,77.5171065493646
15.780960013042204,114.05061134422124,-0.80303955078125,0.2109375,-0.364501953125,0.421630859375,2.293548387096774,69.50146627565982,1.7419354838709677,52.785923753665685,2.5774193548387094,78.10361681329422
15.801000776002184,114.05061134422124,-0.80303955078125,0.2109375,-0.364501953125,0.421630859375,2.3451612903225807,71.0654936461388,1.7516129032258063,53.0791788856305,2.529032258064516,76.63734115347019
15.821075908024795,114.05061134422124,-0.80303955078125,0.2109375,-0.364501953125,0.421630859375,2.335483870967742,70.772238514174,1.761290322580645,53.3724340175953,2.525806451612903,76.53958944281524
15.841123710968532,113.65184969378129,-0.80181884765625,0.21343994140625,-0.363037109375,0.42401123046875,2.335483870967742,70.772238514174,1.7516129032258063,53.0791788856305,2.616129032258064,79.27663734115346
15.861240476020612,113.65184969378129,-0.80181884765625,0.21343994140625,-0.363037109375,0.42401123046875,2.3419354838709676,70.96774193548387,1.7516129032258063,53.0791788856305,2.554838709677419,77.41935483870968
15.88128290406894,113.09356572094454,-0.8001708984375,0.21624755859375,-0.36065673828125,0.4276123046875,2.3225806451612905,70.38123167155426,1.7451612903225806,52.883675464320625,2.5774193548387094,78.10361681329422
15.901345363003202,113.09356572094454,-0.8001708984375,0.21624755859375,-0.36065673828125,0.4276123046875,2.3322580645161293,70.67448680351907,1.7516129032258063,53.0791788856305,2.564516129032258,77.71260997067448
15.921405039029196,113.09356572094454,-0.8001708984375,0.21624755859375,-0.36065673828125,0.4276123046875,2.306451612903226,69.89247311827957,1.7032258064516128,51.61290322580645,2.558064516129032,77.5171065493646
15.941472267033532,112.39356501920153,-0.79876708984375,0.21923828125,-0.35699462890625,0.43182373046875,2.3225806451612905,70.38123167155426,1.7,51.515151515151516,2.4741935483870967,74.97556207233626
15.961576104047708,112.39356501920153,-0.79876708984375,0.21923828125,-0.35699462890625,0.43182373046875,2.306451612903226,69.89247311827957,1.6903225806451612,51.2218963831867,2.551612903225806,77.32160312805473
15.981648996006697,111.41821449501637,-0.79693603515625,0.22296142578125,-0.3515625,0.43768310546875,2.3225806451612905,70.38123167155426,1.6612903225806452,50.34213098729228,2.564516129032258,77.71260997067448
16.00169561500661,111.41821449501637,-0.79693603515625,0.22296142578125,-0.3515625,0.43768310546875,2.3225806451612905,70.38123167155426,1.6838709677419355,51.02639296187683,2.5161290322580645,76.24633431085044
16.021797724068165,111.41821449501637,-0.79693603515625,0.22296142578125,-0.3515625,0.43768310546875,2.3193548387096774,70.28347996089931,1.6548387096774193,50.146627565982406,2.529032258064516,76.63734115347019
16.04188527201768,110.1274261458127,-0.794677734375,0.227783203125,-0.3441162109375,0.4451904296875,2.2806451612903227,69.11045943304008,1.6483870967741936,49.95112414467254,2.551612903225806,77.32160312805473
16.061917138984427,110.1274261458127,-0.794677734375,0.227783203125,-0.3441162109375,0.4451904296875,2.296774193548387,69.59921798631477,1.6129032258064515,48.87585532746823,2.5,75.75757575757575
16.081978574977256,108.6295298917245,-0.79193115234375,0.23345947265625,-0.33544921875,0.4537353515625,2.3096774193548386,69.99022482893452,1.558064516129032,47.21407624633431,2.5064516129032257,75.95307917888563
16.102046314976178,108.6295298917245,-0.79193115234375,0.23345947265625,-0.33544921875,0.4537353515625,2.306451612903226,69.89247311827957,1.5064516129032257,45.650048875855326,2.532258064516129,76.73509286412512
16.122183241066523,108.6295298917245,-0.79193115234375,0.23345947265625,-0.33544921875,0.4537353515625,2.2774193548387096,69.01270772238514,1.4774193548387096,44.770283479960895,2.558064516129032,77.5171065493646
16.142245796043426,106.80360970043058,-0.78863525390625,0.23968505859375,-0.3243408203125,0.464111328125,2.296774193548387,69.59921798631477,1.3935483870967742,42.22873900293255,2.5451612903225804,77.12609970674487
16.162299936055206,106.80360970043058,-0.78863525390625,0.23968505859375,-0.3243408203125,0.464111328125,2.296774193548387,69.59921798631477,1.3806451612903226,41.837732160312804,2.5774193548387094,78.10361681329422
16.18238242797088,104.63015270479583,-0.78411865234375,0.24615478515625,-0.3109130859375,0.47735595703125,2.293548387096774,69.50146627565982,1.3580645161290321,41.153470185728246,2.5354838709677416,76.83284457478005
16.202457848004997,104.63015270479583,-0.78411865234375,0.24615478515625,-0.3109130859375,0.47735595703125,2.3193548387096774,70.28347996089931,1.3516129032258062,40.957966764418366,2.551612903225806,77.32160312805473
16.2225076360628,104.63015270479583,-0.78411865234375,0.24615478515625,-0.3109130859375,0.47735595703125,2.3225806451612905,70.38123167155426,1.3032258064516127,39.491691104594324,2.5483870967741935,77.2238514173998
16.242591951973736,102.19017938952726,-0.77899169921875,0.252685546875,-0.295166015625,0.49212646484375,2.3000000000000003,69.69696969696972,1.2870967741935482,39.00293255131964,2.525806451612903,76.53958944281524
16.262673964025453,102.19017938952726,-0.77899169921875,0.252685546875,-0.295166015625,0.49212646484375,2.296774193548387,69.59921798631477,1.229032258064516,37.24340175953079,2.52258064516129,76.44183773216031
16.28688010107726,99.1423242158708,-0.77276611328125,0.2626953125,-0.27545166015625,0.50787353515625,2.3193548387096774,70.28347996089931,1.2774193548387096,38.70967741935484,2.5064516129032257,75.95307917888563
16.302798212040216,99.1423242158708,-0.77276611328125,0.2626953125,-0.27545166015625,0.50787353515625,2.3000000000000003,69.69696969696972,1.264516129032258,38.318670576735094,2.525806451612903,76.53958944281524
16.32284822303336,95.9950668511859,-0.766357421875,0.274658203125,-0.255126953125,0.521728515625,2.296774193548387,69.59921798631477,1.2129032258064516,36.75464320625611,2.5387096774193547,76.93059628543499
16.34292738698423,95.9950668511859,-0.766357421875,0.274658203125,-0.255126953125,0.521728515625,2.296774193548387,69.59921798631477,1.167741935483871,35.386119257087,2.487096774193548,75.366568914956
16.363025175989605,95.9950668511859,-0.766357421875,0.274658203125,-0.255126953125,0.521728515625,2.270967741935484,68.81720430107528,1.1580645161290324,35.0928641251222,2.525806451612903,76.53958944281524
16.383124725078233,92.65462542516674,-0.7598876953125,0.28863525390625,-0.23321533203125,0.53375244140625,2.325806451612903,70.4789833822092,1.1709677419354838,35.483870967741936,2.5161290322580645,76.24633431085044
16.403144175070338,92.65462542516674,-0.7598876953125,0.28863525390625,-0.23321533203125,0.53375244140625,2.325806451612903,70.4789833822092,1.1774193548387097,35.67937438905181,2.519354838709677,76.34408602150538
16.423200107063167,89.07018175760246,-0.7525634765625,0.3035888671875,-0.20928955078125,0.5455322265625,2.306451612903226,69.89247311827957,1.167741935483871,35.386119257087,2.5709677419354837,77.90811339198436
16.443265255074948,89.07018175760246,-0.7525634765625,0.3035888671875,-0.20928955078125,0.5455322265625,2.303225806451613,69.79472140762464,1.2161290322580645,36.852394916911045,2.490322580645161,75.46432062561095
16.463391460012645,89.07018175760246,-0.7525634765625,0.3035888671875,-0.20928955078125,0.5455322265625,2.325806451612903,70.4789833822092,1.2419354838709677,37.634408602150536,2.5032258064516126,75.8553274682307
16.483504928997718,85.29224100973455,-0.743896484375,0.31927490234375,-0.18408203125,0.55743408203125,2.3096774193548386,69.99022482893452,1.2903225806451613,39.100684261974585,2.5129032258064514,76.1485826001955
16.503559453063644,85.29224100973455,-0.743896484375,0.31927490234375,-0.18408203125,0.55743408203125,2.2677419354838713,68.71945259042035,1.3419354838709676,40.66471163245357,2.519354838709677,76.34408602150538
16.523599288077094,81.29276964006556,-0.7342529296875,0.3367919921875,-0.157470703125,0.56805419921875,2.274193548387097,68.91495601173021,1.3741935483870966,41.64222873900293,2.4741935483870967,74.97556207233626
16.543657716014422,81.29276964006556,-0.7342529296875,0.3367919921875,-0.157470703125,0.56805419921875,2.296774193548387,69.59921798631477,1.4161290322580644,42.91300097751711,2.519354838709677,76.34408602150538
16.56379172904417,81.29276964006556,-0.7342529296875,0.3367919921875,-0.157470703125,0.56805419921875,2.338709677419355,70.86999022482894,1.4709677419354839,44.57478005865102,2.5451612903225804,77.12609970674487
16.583893454051577,77.30419738004254,-0.724609375,0.3538818359375,-0.13006591796875,0.57684326171875,2.293548387096774,69.50146627565982,1.5161290322580645,45.94330400782014,2.5419354838709673,77.02834799608992
16.603915048995987,77.30419738004254,-0.724609375,0.3538818359375,-0.13006591796875,0.57684326171875,2.296774193548387,69.59921798631477,1.493548387096774,45.25904203323558,2.5451612903225804,77.12609970674487
16.624021798023023,73.09141710519589,-0.71331787109375,0.3726806640625,-0.10162353515625,0.584716796875,2.270967741935484,68.81720430107528,1.5483870967741935,46.9208211143695,2.529032258064516,76.63734115347019
16.644084578030743,73.09141710519589,-0.71331787109375,0.3726806640625,-0.10162353515625,0.584716796875,2.270967741935484,68.81720430107528,1.5387096774193547,46.62756598240469,2.529032258064516,76.63734115347019
16.66415551805403,73.09141710519589,-0.71331787109375,0.3726806640625,-0.10162353515625,0.584716796875,2.274193548387097,68.91495601173021,1.5516129032258064,47.018572825024435,2.529032258064516,76.63734115347019
16.684264539042488,68.8417957819924,-0.70208740234375,0.3907470703125,-0.07183837890625,0.5909423828125,2.293548387096774,69.50146627565982,1.5548387096774192,47.11632453567937,2.5354838709677416,76.83284457478005
16.70428757299669,68.8417957819924,-0.70208740234375,0.3907470703125,-0.07183837890625,0.5909423828125,2.293548387096774,69.50146627565982,1.5709677419354837,47.60508308895405,2.4838709677419355,75.26881720430107
16.724341969005764,64.42427662070838,-0.68890380859375,0.40972900390625,-0.04144287109375,0.59649658203125,2.3000000000000003,69.69696969696972,1.5838709677419354,47.9960899315738,2.5032258064516126,75.8553274682307
16.74442718096543,64.42427662070838,-0.68890380859375,0.40972900390625,-0.04144287109375,0.59649658203125,2.3193548387096774,70.28347996089931,1.590322580645161,48.19159335288367,2.52258064516129,76.44183773216031
16.764520297991112,64.42427662070838,-0.68890380859375,0.40972900390625,-0.04144287109375,0.59649658203125,2.3129032258064517,70.08797653958945,1.667741935483871,50.53763440860215,2.52258064516129,76.44183773216031
16.784597670077346,60.202639667368146,-0.676025390625,0.4281005859375,-0.01220703125,0.59967041015625,2.2677419354838713,68.71945259042035,1.6612903225806452,50.34213098729228,2.532258064516129,76.73509286412512
16.804637953056954,60.202639667368146,-0.676025390625,0.4281005859375,-0.01220703125,0.59967041015625,2.274193548387097,68.91495601173021,1.7258064516129032,52.29716520039101,2.52258064516129,76.44183773216031
16.824744765996,55.850503289480685,-0.66156005859375,0.4461669921875,0.0179443359375,0.60247802734375,2.306451612903226,69.89247311827957,1.7225806451612902,52.19941348973607,2.5483870967741935,77.2238514173998
16.844812058028765,55.850503289480685,-0.66156005859375,0.4461669921875,0.0179443359375,0.60247802734375,2.2677419354838713,68.71945259042035,1.7096774193548387,51.80840664711632,2.5451612903225804,77.12609970674487
16.864890294033103,55.850503289480685,-0.66156005859375,0.4461669921875,0.0179443359375,0.60247802734375,2.303225806451613,69.79472140762464,1.764516129032258,53.47018572825024,2.5161290322580645,76.24633431085044
16.884958354057744,51.69708840178256,-0.6468505859375,0.4630126953125,0.046630859375,0.60418701171875,2.2387096774193544,67.8396871945259,1.7903225806451613,54.25219941348974,2.551612903225806,77.32160312805473
16.905004044994712,51.69708840178256,-0.6468505859375,0.4630126953125,0.046630859375,0.60418701171875,2.2193548387096773,67.25317693059628,1.7806451612903225,53.95894428152492,2.558064516129032,77.5171065493646
16.92511261801701,47.59037563147347,-0.63092041015625,0.48065185546875,0.07391357421875,0.60455322265625,2.22258064516129,67.35092864125122,1.7419354838709677,52.785923753665685,2.5,75.75757575757575
16.945156772970222,47.59037563147347,-0.63092041015625,0.48065185546875,0.07391357421875,0.60455322265625,2.2064516129032254,66.86217008797654,1.7258064516129032,52.29716520039101,2.5161290322580645,76.24633431085044
16.965252193971537,47.59037563147347,-0.63092041015625,0.48065185546875,0.07391357421875,0.60455322265625,2.22258064516129,67.35092864125122,1.732258064516129,52.49266862170088,2.52258064516129,76.44183773216031
16.98531510203611,43.64965973450383,-0.6153564453125,0.49713134765625,0.1004638671875,0.6033935546875,2.2064516129032254,66.86217008797654,1.761290322580645,53.3724340175953,2.551612903225806,77.32160312805473
17.00539593002759,43.64965973450383,-0.6153564453125,0.49713134765625,0.1004638671875,0.6033935546875,2.2322580645161287,67.64418377321603,1.796774193548387,54.44770283479961,2.5387096774193547,76.93059628543499
17.026929954066873,39.771922071722635,-0.59869384765625,0.5150146484375,0.12530517578125,0.60052490234375,2.293548387096774,69.50146627565982,1.7774193548387096,53.86119257086999,2.529032258064516,76.63734115347019
17.045560659025796,39.771922071722635,-0.59869384765625,0.5150146484375,0.12530517578125,0.60052490234375,2.261290322580645,68.52394916911047,1.729032258064516,52.39491691104594,2.5483870967741935,77.2238514173998
17.06560942204669,39.771922071722635,-0.59869384765625,0.5150146484375,0.12530517578125,0.60052490234375,2.1419354838709674,64.90713587487781,1.7225806451612902,52.19941348973607,2.52258064516129,76.44183773216031
17.085715051041916,36.194112914506995,-0.58306884765625,0.5299072265625,0.1490478515625,0.59747314453125,2.170967741935484,65.78690127077223,1.7161290322580645,52.003910068426194,2.5161290322580645,76.24633431085044
17.105780871002935,36.194112914506995,-0.58306884765625,0.5299072265625,0.1490478515625,0.59747314453125,2.1967741935483867,66.56891495601171,1.696774193548387,51.417399804496576,2.487096774193548,75.366568914956
17.125825442024507,32.55370051274741,-0.56561279296875,0.54583740234375,0.172119140625,0.59375,2.212903225806451,67.0576735092864,1.732258064516129,52.49266862170088,2.52258064516129,76.44183773216031
17.145891358028166,32.55370051274741,-0.56561279296875,0.54583740234375,0.172119140625,0.59375,2.2096774193548385,66.95992179863147,1.729032258064516,52.39491691104594,2.5387096774193547,76.93059628543499
17.16599855502136,32.55370051274741,-0.56561279296875,0.54583740234375,0.172119140625,0.59375,2.2161290322580642,67.15542521994135,1.729032258064516,52.39491691104594,2.5774193548387094,78.10361681329422
17.18605935096275,29.43978143391824,-0.54974365234375,0.5601806640625,0.19158935546875,0.58929443359375,2.1967741935483867,66.56891495601171,1.7,51.515151515151516,2.487096774193548,75.366568914956
17.20611208199989,29.43978143391824,-0.54974365234375,0.5601806640625,0.19158935546875,0.58929443359375,2.22258064516129,67.35092864125122,1.6870967741935483,51.12414467253177,2.5387096774193547,76.93059628543499
17.22616250999272,26.26673765130156,-0.5322265625,0.57464599609375,0.2110595703125,0.58477783203125,2.1645161290322577,65.59139784946235,1.6870967741935483,51.12414467253177,2.52258064516129,76.44183773216031
17.246266346075572,26.26673765130156,-0.5322265625,0.57464599609375,0.2110595703125,0.58477783203125,2.2419354838709675,67.93743890518084,1.7193548387096773,52.101661779081134,2.4741935483870967,74.97556207233626
17.266313733998686,26.26673765130156,-0.5322265625,0.57464599609375,0.2110595703125,0.58477783203125,2.1677419354838707,65.6891495601173,1.7258064516129032,52.29716520039101,2.5161290322580645,76.24633431085044
17.28638112207409,23.429112965965842,-0.5162353515625,0.586669921875,0.2291259765625,0.58038330078125,2.2419354838709675,67.93743890518084,1.729032258064516,52.39491691104594,2.52258064516129,76.44183773216031
17.306440604967065,23.429112965965842,-0.5162353515625,0.586669921875,0.2291259765625,0.58038330078125,2.190322580645161,66.37341153470186,1.7419354838709677,52.785923753665685,2.519354838709677,76.34408602150538
17.326527066063136,20.937535146647136,-0.501708984375,0.597412109375,0.2457275390625,0.5753173828125,2.235483870967742,67.74193548387096,1.7774193548387096,53.86119257086999,2.4774193548387093,75.07331378299119
17.346581813064404,20.937535146647136,-0.501708984375,0.597412109375,0.2457275390625,0.5753173828125,2.1774193548387095,65.98240469208211,1.8225806451612903,55.229716520039105,2.454838709677419,74.38905180840665
17.366652849013917,20.937535146647136,-0.501708984375,0.597412109375,0.2457275390625,0.5753173828125,2.2064516129032254,66.86217008797654,1.8709677419354838,56.695992179863154,2.4483870967741934,74.19354838709677
17.3867388300132,18.54657392441952,-0.48565673828125,0.60797119140625,0.2607421875,0.5714111328125,2.1967741935483867,66.56891495601171,1.8645161290322578,56.50048875855327,2.425806451612903,73.50928641251222
17.40677498502191,18.54657392441952,-0.48565673828125,0.60797119140625,0.2607421875,0.5714111328125,2.2548387096774194,68.32844574780059,1.9193548387096775,58.162267839687196,2.42258064516129,73.41153470185728
17.426902214065194,16.14071546759338,-0.46881103515625,0.61700439453125,0.27630615234375,0.5684814453125,2.2677419354838713,68.71945259042035,1.8806451612903226,56.98924731182796,2.42258064516129,73.41153470185728
17.446943424991332,16.14071546759338,-0.46881103515625,0.61700439453125,0.27630615234375,0.5684814453125,2.3129032258064517,70.08797653958945,1.9451612903225806,58.94428152492669,2.3838709677419354,72.23851417399804
17.467014205059968,16.14071546759338,-0.46881103515625,0.61700439453125,0.27630615234375,0.5684814453125,2.2387096774193544,67.8396871945259,1.961290322580645,59.43304007820137,2.4064516129032256,72.9227761485826
17.48713525896892,14.209519806521683,-0.45391845703125,0.6246337890625,0.2890625,0.56591796875,2.2096774193548385,66.95992179863147,2.0161290322580645,61.09481915933529,2.425806451612903,73.50928641251222
17.507172662066296,14.209519806521683,-0.45391845703125,0.6246337890625,0.2890625,0.56591796875,2.261290322580645,68.52394916911047,2.051612903225806,62.17008797653958,2.445161290322581,74.09579667644185
17.52730709197931,12.934680328327318,-0.4393310546875,0.63287353515625,0.2950439453125,0.565185546875,2.2806451612903227,69.11045943304008,2.064516129032258,62.56109481915934,2.4419354838709677,73.9980449657869
17.54735700704623,12.934680328327318,-0.4393310546875,0.63287353515625,0.2950439453125,0.565185546875,2.370967741935484,71.8475073313783,2.0806451612903225,63.049853372434015,2.464516129032258,74.68230694037146
17.56740564201027,12.934680328327318,-0.4393310546875,0.63287353515625,0.2950439453125,0.565185546875,2.293548387096774,69.50146627565982,2.0774193548387094,62.95210166177908,2.445161290322581,74.09579667644185
17.58753700007219,12.438236583272769,-0.4293212890625,0.64007568359375,0.29638671875,0.56402587890625,2.3419354838709676,70.96774193548387,2.087096774193548,63.24535679374389,2.458064516129032,74.48680351906158
17.607572259032167,12.438236583272769,-0.4293212890625,0.64007568359375,0.29638671875,0.56402587890625,2.306451612903226,69.89247311827957,2.083870967741935,63.14760508308894,2.4741935483870967,74.97556207233626
17.627694561029784,12.192815913420716,-0.4237060546875,0.64453125,0.29833984375,0.5621337890625,2.335483870967742,70.772238514174,2.087096774193548,63.24535679374389,2.467741935483871,74.7800586510264
17.64779951807577,12.192815913420716,-0.4237060546875,0.64453125,0.29833984375,0.5621337890625,2.325806451612903,70.4789833822092,2.087096774193548,63.24535679374389,2.467741935483871,74.7800586510264
17.667801271076314,12.192815913420716,-0.4237060546875,0.64453125,0.29833984375,0.5621337890625,2.3225806451612905,70.38123167155426,2.074193548387097,62.85434995112414,2.467741935483871,74.7800586510264
17.687853330979124,11.967648953672395,-0.41851806640625,0.64764404296875,0.2984619140625,0.5623779296875,2.3419354838709676,70.96774193548387,2.064516129032258,62.56109481915934,2.4774193548387093,75.07331378299119
17.707914415048435,11.967648953672395,-0.41851806640625,0.64764404296875,0.2984619140625,0.5623779296875,2.358064516129032,71.45650048875855,2.0354838709677416,61.6813294232649,2.4838709677419355,75.26881720430107
17.72799309901893,11.876382272150892,-0.41546630859375,0.64892578125,0.2962646484375,0.5643310546875,2.3548387096774195,71.35874877810362,2.061290322580645,62.4633431085044,2.4774193548387093,75.07331378299119
17.74808288703207,11.876382272150892,-0.41546630859375,0.64892578125,0.2962646484375,0.5643310546875,2.370967741935484,71.8475073313783,2.064516129032258,62.56109481915934,2.5064516129032257,75.95307917888563
17.776557440054603,11.876382272150892,-0.41546630859375,0.64892578125,0.2962646484375,0.5643310546875,2.367741935483871,71.74975562072336,2.061290322580645,62.4633431085044,2.487096774193548,75.366568914956
17.78823398402892,11.822027834468145,-0.4151611328125,0.64849853515625,0.29510498046875,0.56573486328125,2.358064516129032,71.45650048875855,2.051612903225806,62.17008797653958,2.490322580645161,75.46432062561095
17.80829433107283,11.822027834468145,-0.4151611328125,0.64849853515625,0.29510498046875,0.56573486328125,2.3806451612903228,72.14076246334312,2.019354838709677,61.19257086999021,2.4774193548387093,75.07331378299119
17.828352599055506,11.861257561417588,-0.41595458984375,0.6474609375,0.29388427734375,0.56695556640625,2.3451612903225807,71.0654936461388,2.041935483870968,61.87683284457478,2.5,75.75757575757575
17.848405361990444,11.861257561417588,-0.41595458984375,0.6474609375,0.29388427734375,0.56695556640625,2.412903225806452,73.11827956989248,2.0354838709677416,61.6813294232649,2.4774193548387093,75.07331378299119
17.86846481403336,11.861257561417588,-0.41595458984375,0.6474609375,0.29388427734375,0.56695556640625,2.393548387096774,72.53176930596285,2.02258064516129,61.29032258064516,2.4838709677419355,75.26881720430107
17.888529706047848,11.916839403156771,-0.41766357421875,0.64556884765625,0.29302978515625,0.5682373046875,2.390322580645161,72.43401759530792,2.054838709677419,62.267839687194524,2.4741935483870967,74.97556207233626
17.908599526039325,11.916839403156771,-0.41766357421875,0.64556884765625,0.29302978515625,0.5682373046875,2.367741935483871,71.74975562072336,2.054838709677419,62.267839687194524,2.519354838709677,76.34408602150538
17.928724739002064,11.942001584283588,-0.42010498046875,0.643310546875,0.29315185546875,0.5689697265625,2.3806451612903228,72.14076246334312,2.0580645161290323,62.365591397849464,2.4774193548387093,75.07331378299119
17.94886160106398,11.942001584283588,-0.42010498046875,0.643310546875,0.29315185546875,0.5689697265625,2.3774193548387097,72.04301075268818,2.0677419354838706,62.65884652981426,2.496774193548387,75.65982404692082
17.96890322805848,11.942001584283588,-0.42010498046875,0.643310546875,0.29315185546875,0.5689697265625,2.3806451612903228,72.14076246334312,2.087096774193548,63.24535679374389,2.487096774193548,75.366568914956
17.988977528060786,11.990943237740566,-0.4229736328125,0.64111328125,0.29437255859375,0.56866455078125,2.367741935483871,71.74975562072336,2.087096774193548,63.24535679374389,2.490322580645161,75.46432062561095
18.00904203602113,11.990943237740566,-0.4229736328125,0.64111328125,0.29437255859375,0.56866455078125,2.3483870967741938,71.16324535679375,2.087096774193548,63.24535679374389,2.4774193548387093,75.07331378299119
18.029106448055245,12.027647191369738,-0.425537109375,0.6392822265625,0.29608154296875,0.56787109375,2.367741935483871,71.74975562072336,2.0774193548387094,62.95210166177908,2.525806451612903,76.53958944281524
18.049202157068066,12.027647191369738,-0.425537109375,0.6392822265625,0.29608154296875,0.56787109375,2.3483870967741938,71.16324535679375,2.093548387096774,63.44086021505376,2.4838709677419355,75.26881720430107
18.069258152041584,12.027647191369738,-0.425537109375,0.6392822265625,0.29608154296875,0.56787109375,2.4096774193548387,73.02052785923753,2.064516129032258,62.56109481915934,2.5387096774193547,76.93059628543499
18.08930345904082,11.967399850693198,-0.42742919921875,0.6378173828125,0.29815673828125,0.56707763671875,2.3645161290322583,71.65200391006844,2.054838709677419,62.267839687194524,2.5064516129032257,75.95307917888563
18.109384736046195,11.967399850693198,-0.42742919921875,0.6378173828125,0.29815673828125,0.56707763671875,2.3225806451612905,70.38123167155426,2.0774193548387094,62.95210166177908,2.487096774193548,75.366568914956
18.12945564405527,11.972874820893878,-0.4296875,0.63641357421875,0.29986572265625,0.56610107421875,2.3193548387096774,70.28347996089931,2.061290322580645,62.4633431085044,2.4774193548387093,75.07331378299119
18.149527383968234,11.972874820893878,-0.4296875,0.63641357421875,0.29986572265625,0.56610107421875,2.329032258064516,70.57673509286413,2.083870967741935,63.14760508308894,2.52258064516129,76.44183773216031
18.169612788013183,11.972874820893878,-0.4296875,0.63641357421875,0.29986572265625,0.56610107421875,2.370967741935484,71.8475073313783,2.061290322580645,62.4633431085044,2.487096774193548,75.366568914956
18.189654574962333,12.065049897920716,-0.4332275390625,0.63427734375,0.30169677734375,0.5648193359375,2.3322580645161293,70.67448680351907,2.074193548387097,62.85434995112414,2.4806451612903224,75.17106549364614
18.20972685900051,12.065049897920716,-0.4332275390625,0.63427734375,0.30169677734375,0.5648193359375,2.393548387096774,72.53176930596285,2.0387096774193547,61.779081133919846,2.5161290322580645,76.24633431085044
18.22977203805931,12.157535725382544,-0.43890380859375,0.63006591796875,0.304931640625,0.5633544921875,2.3451612903225807,71.0654936461388,2.051612903225806,62.17008797653958,2.5064516129032257,75.95307917888563
18.249869507038966,12.157535725382544,-0.43890380859375,0.63006591796875,0.304931640625,0.5633544921875,2.3741935483870966,71.94525904203324,2.061290322580645,62.4633431085044,2.496774193548387,75.65982404692082
18.269927039043978,12.157535725382544,-0.43890380859375,0.63006591796875,0.304931640625,0.5633544921875,2.3838709677419354,72.23851417399804,2.041935483870968,61.87683284457478,2.5129032258064514,76.1485826001955
18.290024348068982,12.315354600579084,-0.4466552734375,0.62384033203125,0.307861328125,0.5626220703125,2.3483870967741938,71.16324535679375,2.009677419354839,60.899315738025415,2.496774193548387,75.65982404692082
18.31010415207129,12.315354600579084,-0.4466552734375,0.62384033203125,0.307861328125,0.5626220703125,2.393548387096774,72.53176930596285,2.009677419354839,60.899315738025415,2.5032258064516126,75.8553274682307
18.33012481802143,12.695494492671969,-0.45684814453125,0.6156005859375,0.309814453125,0.56243896484375,2.3451612903225807,71.0654936461388,1.9096774193548387,57.86901270772239,2.5096774193548383,76.05083088954055
18.35022487898823,12.695494492671969,-0.45684814453125,0.6156005859375,0.309814453125,0.56243896484375,2.3806451612903228,72.14076246334312,1.8580645161290321,56.304985337243394,2.525806451612903,76.53958944281524
18.3702792749973,12.695494492671969,-0.45684814453125,0.6156005859375,0.309814453125,0.56243896484375,2.3451612903225807,71.0654936461388,1.9064516129032258,57.77126099706745,2.5,75.75757575757575
18.39035069500096,13.234354367501936,-0.46685791015625,0.6070556640625,0.3099365234375,0.56341552734375,2.338709677419355,70.86999022482894,1.8516129032258062,56.10948191593352,2.52258064516129,76.44183773216031
18.410413986071944,13.234354367501936,-0.46685791015625,0.6070556640625,0.3099365234375,0.56341552734375,2.329032258064516,70.57673509286413,1.829032258064516,55.42521994134897,2.5161290322580645,76.24633431085044
18.43048620701302,13.964528563398929,-0.47698974609375,0.59814453125,0.30828857421875,0.56536865234375,2.338709677419355,70.86999022482894,1.8322580645161288,55.5229716520039,2.5032258064516126,75.8553274682307
18.450555545976385,13.964528563398929,-0.47698974609375,0.59814453125,0.30828857421875,0.56536865234375,2.3322580645161293,70.67448680351907,1.796774193548387,54.44770283479961,2.5032258064516126,75.8553274682307
18.470615062047727,13.964528563398929,-0.47698974609375,0.59814453125,0.30828857421875,0.56536865234375,2.390322580645161,72.43401759530792,1.8129032258064515,54.936461388074285,2.490322580645161,75.46432062561095
18.490723922965117,15.042116178129262,-0.48712158203125,0.59075927734375,0.303466796875,0.567138671875,2.3419354838709676,70.96774193548387,1.8161290322580643,55.034213098729225,2.4774193548387093,75.07331378299119
18.51075537397992,15.042116178129262,-0.48712158203125,0.59075927734375,0.303466796875,0.567138671875,2.3193548387096774,70.28347996089931,1.7741935483870968,53.76344086021506,2.4741935483870967,74.97556207233626
18.530824393965304,16.7548628729525,-0.49908447265625,0.5830078125,0.29351806640625,0.5699462890625,2.3516129032258064,71.26099706744868,1.7548387096774192,53.17693059628543,2.4741935483870967,74.97556207233626
18.550901573966257,16.7548628729525,-0.49908447265625,0.5830078125,0.29351806640625,0.5699462890625,2.3322580645161293,70.67448680351907,1.7548387096774192,53.17693059628543,2.4709677419354836,74.87781036168133
18.570962594007142,16.7548628729525,-0.49908447265625,0.5830078125,0.29351806640625,0.5699462890625,2.3967741935483873,72.6295210166178,1.729032258064516,52.39491691104594,2.4741935483870967,74.97556207233626
18.59106598305516,19.034817191686543,-0.51214599609375,0.57373046875,0.2781982421875,0.57550048828125,2.3806451612903228,72.14076246334312,1.7,51.515151515151516,2.4709677419354836,74.87781036168133
18.611099802074023,19.034817191686543,-0.51214599609375,0.57373046875,0.2781982421875,0.57550048828125,2.3451612903225807,71.0654936461388,1.7096774193548387,51.80840664711632,2.4709677419354836,74.87781036168133
18.63115781301167,22.04060839888797,-0.52801513671875,0.5621337890625,0.2584228515625,0.58172607421875,2.3645161290322583,71.65200391006844,1.7419354838709677,52.785923753665685,2.5,75.75757575757575
18.65124197001569,22.04060839888797,-0.52801513671875,0.5621337890625,0.2584228515625,0.58172607421875,2.393548387096774,72.53176930596285,1.7129032258064516,51.90615835777126,2.4806451612903224,75.17106549364614
18.67132391803898,22.04060839888797,-0.52801513671875,0.5621337890625,0.2584228515625,0.58172607421875,2.390322580645161,72.43401759530792,1.7516129032258063,53.0791788856305,2.4838709677419355,75.26881720430107
18.691352393012494,25.484074717806067,-0.54547119140625,0.54779052734375,0.23626708984375,0.58868408203125,2.3967741935483873,72.6295210166178,1.7129032258064516,51.90615835777126,2.496774193548387,75.65982404692082
18.711427749018185,25.484074717806067,-0.54547119140625,0.54779052734375,0.23626708984375,0.58868408203125,2.393548387096774,72.53176930596285,1.6741935483870967,50.733137829912025,2.493548387096774,75.56207233626587
18.73147955199238,29.21874962446543,-0.5634765625,0.5323486328125,0.21234130859375,0.594970703125,2.3741935483870966,71.94525904203324,1.7516129032258063,53.0791788856305,2.4838709677419355,75.26881720430107
18.75155586807523,29.21874962446543,-0.5634765625,0.5323486328125,0.21234130859375,0.594970703125,2.358064516129032,71.45650048875855,1.7129032258064516,51.90615835777126,2.519354838709677,76.34408602150538
18.771620344021358,29.21874962446543,-0.5634765625,0.5323486328125,0.21234130859375,0.594970703125,2.338709677419355,70.86999022482894,1.7096774193548387,51.80840664711632,2.5451612903225804,77.12609970674487
18.79170184407849,33.34707086014489,-0.58221435546875,0.5152587890625,0.18560791015625,0.60089111328125,2.1774193548387095,65.98240469208211,1.6741935483870967,50.733137829912025,2.493548387096774,75.56207233626587
18.81177819299046,33.34707086014489,-0.58221435546875,0.5152587890625,0.18560791015625,0.60089111328125,2.370967741935484,71.8475073313783,1.7129032258064516,51.90615835777126,2.490322580645161,75.46432062561095
18.831883758073673,37.57311402589309,-0.599853515625,0.4976806640625,0.1575927734375,0.6063232421875,2.3000000000000003,69.69696969696972,1.7193548387096773,52.101661779081134,2.496774193548387,75.65982404692082
18.85192282497883,37.57311402589309,-0.599853515625,0.4976806640625,0.1575927734375,0.6063232421875,2.3516129032258064,71.26099706744868,1.7129032258064516,51.90615835777126,2.5032258064516126,75.8553274682307
18.871980900061317,37.57311402589309,-0.599853515625,0.4976806640625,0.1575927734375,0.6063232421875,2.3419354838709676,70.96774193548387,1.6741935483870967,50.733137829912025,2.4774193548387093,75.07331378299119
18.89202713605482,41.98221731580804,-0.61810302734375,0.47930908203125,0.1285400390625,0.60968017578125,2.3322580645161293,70.67448680351907,1.6290322580645162,49.36461388074292,2.496774193548387,75.65982404692082
18.91210754797794,41.98221731580804,-0.61810302734375,0.47930908203125,0.1285400390625,0.60968017578125,2.335483870967742,70.772238514174,1.6774193548387097,50.83088954056696,2.4774193548387093,75.07331378299119
18.93219704797957,46.49097471564009,-0.6351318359375,0.4609375,0.09783935546875,0.61199951171875,2.296774193548387,69.59921798631477,1.6774193548387097,50.83088954056696,2.525806451612903,76.53958944281524
18.952268820023164,46.49097471564009,-0.6351318359375,0.4609375,0.09783935546875,0.61199951171875,2.2774193548387096,69.01270772238514,1.6741935483870967,50.733137829912025,2.4806451612903224,75.17106549364614
18.972326672053896,46.49097471564009,-0.6351318359375,0.4609375,0.09783935546875,0.61199951171875,2.2806451612903227,69.11045943304008,1.5483870967741935,46.9208211143695,2.490322580645161,75.46432062561095
18.992396204033867,51.08047244769048,-0.65118408203125,0.44134521484375,0.06634521484375,0.61383056640625,2.2580645161290325,68.42619745845553,1.5064516129032257,45.650048875855326,2.5064516129032257,75.95307917888563
19.012439975049347,51.08047244769048,-0.65118408203125,0.44134521484375,0.06634521484375,0.61383056640625,2.2419354838709675,67.93743890518084,1.4774193548387096,44.770283479960895,2.4806451612903224,75.17106549364614
19.03253261197824,55.75094286669738,-0.66717529296875,0.4210205078125,0.03460693359375,0.613525390625,2.2161290322580642,67.15542521994135,1.3709677419354838,41.54447702834799,2.4774193548387093,75.07331378299119
19.052613664069213,55.75094286669738,-0.66717529296875,0.4210205078125,0.03460693359375,0.613525390625,2.2064516129032254,66.86217008797654,1.1161290322580644,33.822091886608014,2.435483870967742,73.80254154447702
19.072670683963224,55.75094286669738,-0.66717529296875,0.4210205078125,0.03460693359375,0.613525390625,2.190322580645161,66.37341153470186,0.9774193548387097,29.61876832844575,2.42258064516129,73.41153470185728
19.092710839002393,60.70939659590459,-0.68353271484375,0.3992919921875,0.0009765625,0.6109619140625,2.1645161290322577,65.59139784946235,0.8258064516129032,25.024437927663733,2.4741935483870967,74.97556207233626
19.112790003069676,60.70939659590459,-0.68353271484375,0.3992919921875,0.0009765625,0.6109619140625,2.1999999999999997,66.66666666666666,0.632258064516129,19.159335288367547,2.464516129032258,74.68230694037146
19.132876942981966,65.59166246092231,-0.69842529296875,0.378662109375,-0.032958984375,0.6064453125,2.1741935483870964,65.88465298142717,0.3225806451612903,9.775171065493646,2.42258064516129,73.41153470185728
19.152935851016082,65.59166246092231,-0.69842529296875,0.378662109375,-0.032958984375,0.6064453125,2.125806451612903,64.41837732160313,0.15806451612903225,4.789833822091887,2.4483870967741934,74.19354838709677
19.17300733504817,65.59166246092231,-0.69842529296875,0.378662109375,-0.032958984375,0.6064453125,2.1419354838709674,64.90713587487781,0.0,0.0,2.435483870967742,73.80254154447702
19.193093762965873,70.42178725195355,-0.71234130859375,0.35882568359375,-0.0667724609375,0.5994873046875,2.1225806451612903,64.32062561094818,0.0,0.0,2.464516129032258,74.68230694037146
19.213135903002694,70.42178725195355,-0.71234130859375,0.35882568359375,-0.0667724609375,0.5994873046875,2.096774193548387,63.5386119257087,0.0,0.0,2.4516129032258065,74.29130009775172
19.2332253070781,75.18738022095914,-0.7257080078125,0.33935546875,-0.09979248046875,0.590087890625,2.074193548387097,62.85434995112414,0.0,0.0,2.467741935483871,74.7800586510264
19.25327723904047,75.18738022095914,-0.7257080078125,0.33935546875,-0.09979248046875,0.590087890625,2.064516129032258,62.56109481915934,0.0,0.0,2.4516129032258065,74.29130009775172
19.273349171038717,75.18738022095914,-0.7257080078125,0.33935546875,-0.09979248046875,0.590087890625,2.0129032258064514,60.997067448680355,0.0064516129032258064,0.19550342130987292,2.4612903225806453,74.58455522971653
19.293387789977714,79.89078726945594,-0.7374267578125,0.320068359375,-0.13262939453125,0.57977294921875,2.0483870967741935,62.07233626588465,0.0,0.0,2.467741935483871,74.7800586510264
19.313472170033492,79.89078726945594,-0.7374267578125,0.320068359375,-0.13262939453125,0.57977294921875,2.0064516129032257,60.80156402737048,0.0,0.0,2.435483870967742,73.80254154447702
19.33355456602294,84.56133006969068,-0.74835205078125,0.301025390625,-0.16497802734375,0.56756591796875,1.9806451612903224,60.01955034213099,0.0064516129032258064,0.19550342130987292,2.5,75.75757575757575
19.353609889978543,84.56133006969068,-0.74835205078125,0.301025390625,-0.16497802734375,0.56756591796875,2.0258064516129033,61.3880742913001,0.0032258064516129032,0.09775171065493646,2.42258064516129,73.41153470185728
19.373685886035673,84.56133006969068,-0.74835205078125,0.301025390625,-0.16497802734375,0.56756591796875,1.9129032258064516,57.96676441837732,0.0,0.0,2.42258064516129,73.41153470185728
19.393766073975712,88.74712308097332,-0.75830078125,0.28448486328125,-0.193359375,0.5538330078125,1.9129032258064516,57.96676441837732,0.0,0.0,2.454838709677419,74.38905180840665
19.41382015007548,88.74712308097332,-0.75830078125,0.28448486328125,-0.193359375,0.5538330078125,1.9483870967741934,59.04203323558163,0.016129032258064516,0.4887585532746823,2.4516129032258065,74.29130009775172
19.433893010020256,92.43136943759873,-0.76739501953125,0.27008056640625,-0.21746826171875,0.53936767578125,1.8806451612903226,56.98924731182796,0.0,0.0,2.458064516129032,74.48680351906158
19.45396538998466,92.43136943759873,-0.76739501953125,0.27008056640625,-0.21746826171875,0.53936767578125,1.8935483870967742,57.380254154447705,0.0,0.0,2.4741935483870967,74.97556207233626
19.474013897008263,92.43136943759873,-0.76739501953125,0.27008056640625,-0.21746826171875,0.53936767578125,2.0064516129032257,60.80156402737048,0.0,0.0,2.458064516129032,74.48680351906158
19.494064836995676,95.94444314754651,-0.77484130859375,0.25738525390625,-0.2410888671875,0.52459716796875,1.9838709677419355,60.117302052785924,0.0,0.0,2.467741935483871,74.7800586510264
19.514156128978357,95.94444314754651,-0.77484130859375,0.25738525390625,-0.2410888671875,0.52459716796875,1.8935483870967742,57.380254154447705,0.09999999999999999,3.0303030303030303,2.42258064516129,73.41153470185728
19.534232221078128,99.09390662307561,-0.7801513671875,0.2462158203125,-0.26275634765625,0.5115966796875,1.8548387096774193,56.20723362658847,0.2870967741935484,8.699902248289346,2.490322580645161,75.46432062561095
19.55427480803337,99.09390662307561,-0.7801513671875,0.2462158203125,-0.26275634765625,0.5115966796875,1.929032258064516,58.45552297165201,0.35806451612903223,10.850439882697946,2.4774193548387093,75.07331378299119
19.574391446076334,99.09390662307561,-0.7801513671875,0.2462158203125,-0.26275634765625,0.5115966796875,1.9225806451612903,58.260019550342136,0.46451612903225803,14.076246334310849,2.487096774193548,75.366568914956
19.594454225967638,101.90118782858323,-0.78448486328125,0.2369384765625,-0.2821044921875,0.49884033203125,1.9838709677419355,60.117302052785924,0.6161290322580645,18.670576735092865,2.5032258064516126,75.8553274682307
19.614503117045388,101.90118782858323,-0.78448486328125,0.2369384765625,-0.2821044921875,0.49884033203125,1.932258064516129,58.55327468230694,0.6580645161290322,19.941348973607038,2.490322580645161,75.46432062561095
19.63457492098678,104.43846847694654,-0.78753662109375,0.23004150390625,-0.3004150390625,0.48651123046875,1.961290322580645,59.43304007820137,0.8516129032258064,25.806451612903224,2.5096774193548383,76.05083088954055
19.65465766901616,104.43846847694654,-0.78753662109375,0.23004150390625,-0.3004150390625,0.48651123046875,1.9580645161290322,59.33528836754643,1.032258064516129,31.28054740957967,2.5,75.75757575757575
19.674704161006957,104.43846847694654,-0.78753662109375,0.23004150390625,-0.3004150390625,0.48651123046875,1.961290322580645,59.43304007820137,1.1774193548387097,35.67937438905181,2.5129032258064514,76.1485826001955
19.694799324963242,106.48554007653489,-0.78948974609375,0.2261962890625,-0.31585693359375,0.47515869140625,1.8903225806451613,57.28250244379277,1.1870967741935483,35.97262952101662,2.4741935483870967,74.97556207233626
19.71486338507384,106.48554007653489,-0.78948974609375,0.2261962890625,-0.31585693359375,0.47515869140625,1.9483870967741934,59.04203323558163,1.1806451612903226,35.77712609970675,2.5387096774193547,76.93059628543499
19.734924116986804,108.44503435235885,-0.7913818359375,0.22308349609375,-0.33050537109375,0.46331787109375,1.9096774193548387,57.86901270772239,1.2677419354838708,38.41642228739003,2.525806451612903,76.53958944281524
19.754981808015145,108.44503435235885,-0.7913818359375,0.22308349609375,-0.33050537109375,0.46331787109375,1.9161290322580644,58.06451612903226,1.361290322580645,41.251221896383186,2.52258064516129,76.44183773216031
19.775079276994802,108.44503435235885,-0.7913818359375,0.22308349609375,-0.33050537109375,0.46331787109375,1.9580645161290322,59.33528836754643,1.435483870967742,43.49951124144673,2.496774193548387,75.65982404692082
19.795140521018766,110.21138850792653,-0.79266357421875,0.2213134765625,-0.3441162109375,0.45196533203125,1.9806451612903224,60.01955034213099,1.432258064516129,43.401759530791786,2.52258064516129,76.44183773216031
19.81531850399915,110.21138850792653,-0.79266357421875,0.2213134765625,-0.3441162109375,0.45196533203125,2.0129032258064514,60.997067448680355,1.4387096774193548,43.59726295210166,2.5032258064516126,75.8553274682307
19.83536816306878,111.37672439218755,-0.79376220703125,0.22137451171875,-0.3531494140625,0.4429931640625,2.032258064516129,61.58357771260997,1.4774193548387096,44.770283479960895,2.5451612903225804,77.12609970674487
19.85543625499122,111.37672439218755,-0.79376220703125,0.22137451171875,-0.3531494140625,0.4429931640625,1.9903225806451612,60.312805474095796,1.5225806451612902,46.138807429130004,2.5,75.75757575757575
19.875571997021325,111.37672439218755,-0.79376220703125,0.22137451171875,-0.3531494140625,0.4429931640625,2.0258064516129033,61.3880742913001,1.561290322580645,47.31182795698924,2.5451612903225804,77.12609970674487
19.895575863076374,112.38564747408788,-0.79473876953125,0.22174072265625,-0.36090087890625,0.43475341796875,2.061290322580645,62.4633431085044,1.5709677419354837,47.60508308895405,2.551612903225806,77.32160312805473
19.9157523419708,112.38564747408788,-0.79473876953125,0.22174072265625,-0.36090087890625,0.43475341796875,2.0161290322580645,61.09481915933529,1.6161290322580644,48.97360703812317,2.525806451612903,76.53958944281524
19.935743759968318,113.31381914471694,-0.79412841796875,0.2236328125,-0.36956787109375,0.427490234375,1.9838709677419355,60.117302052785924,1.6451612903225807,49.8533724340176,2.5774193548387094,78.10361681329422
19.95586807804648,113.31381914471694,-0.79412841796875,0.2236328125,-0.36956787109375,0.427490234375,1.9387096774193548,58.748778103616814,1.6741935483870967,50.733137829912025,2.525806451612903,76.53958944281524
19.975885736057535,113.31381914471694,-0.79412841796875,0.2236328125,-0.36956787109375,0.427490234375,2.051612903225806,62.17008797653958,1.6935483870967742,51.31964809384164,2.5774193548387094,78.10361681329422
19.99599850096274,113.80393187375105,-0.79302978515625,0.2255859375,-0.375,0.4237060546875,2.0387096774193547,61.779081133919846,1.6806451612903226,50.9286412512219,2.551612903225806,77.32160312805473
20.01601430401206,113.80393187375105,-0.79302978515625,0.2255859375,-0.375,0.4237060546875,1.9774193548387096,59.92179863147605,1.6516129032258065,50.048875855327466,2.5419354838709673,77.02834799608992
20.036073243012652,114.07131024023508,-0.79119873046875,0.228271484375,-0.37945556640625,0.42181396484375,2.0129032258064514,60.997067448680355,1.6483870967741936,49.95112414467254,2.564516129032258,77.71260997067448
20.05621215305291,114.07131024023508,-0.79119873046875,0.228271484375,-0.37945556640625,0.42181396484375,2.0387096774193547,61.779081133919846,1.6451612903225807,49.8533724340176,2.532258064516129,76.73509286412512
20.076228211983107,114.07131024023508,-0.79119873046875,0.228271484375,-0.37945556640625,0.42181396484375,2.0387096774193547,61.779081133919846,1.6741935483870967,50.733137829912025,2.529032258064516,76.63734115347019
20.096311280038208,114.39453210122704,-0.78955078125,0.23016357421875,-0.3839111328125,0.41973876953125,2.074193548387097,62.85434995112414,1.6838709677419355,51.02639296187683,2.616129032258064,79.27663734115346
20.11635889101308,114.39453210122704,-0.78955078125,0.23016357421875,-0.3839111328125,0.41973876953125,2.0709677419354837,62.75659824046921,1.6483870967741936,49.95112414467254,2.5387096774193547,76.93059628543499
20.136506570037454,114.59325292081344,-0.78936767578125,0.23193359375,-0.38616943359375,0.4171142578125,2.064516129032258,62.56109481915934,1.6612903225806452,50.34213098729228,2.561290322580645,77.61485826001955
20.15657085296698,114.59325292081344,-0.78936767578125,0.23193359375,-0.38616943359375,0.4171142578125,2.061290322580645,62.4633431085044,1.6516129032258065,50.048875855327466,2.554838709677419,77.41935483870968
20.176655938033946,114.59325292081344,-0.78936767578125,0.23193359375,-0.38616943359375,0.4171142578125,2.1451612903225805,65.00488758553274,1.6709677419354838,50.635386119257085,2.6032258064516127,78.88563049853371
20.196749630966224,114.604980021951,-0.78955078125,0.23455810546875,-0.3868408203125,0.41461181640625,2.161290322580645,65.49364613880742,1.6612903225806452,50.34213098729228,2.554838709677419,77.41935483870968
20.216821499052458,114.604980021951,-0.78955078125,0.23455810546875,-0.3868408203125,0.41461181640625,2.161290322580645,65.49364613880742,1.7,51.515151515151516,2.554838709677419,77.41935483870968
20.236859958036803,114.47385134126016,-0.78912353515625,0.2374267578125,-0.386962890625,0.4136962890625,2.138709677419355,64.80938416422288,1.696774193548387,51.417399804496576,2.5774193548387094,78.10361681329422
20.256959186051972,114.47385134126016,-0.78912353515625,0.2374267578125,-0.386962890625,0.4136962890625,2.2096774193548385,66.95992179863147,1.7483870967741935,52.98142717497556,2.554838709677419,77.41935483870968
20.27703985502012,114.47385134126016,-0.78912353515625,0.2374267578125,-0.386962890625,0.4136962890625,2.203225806451613,66.7644183773216,1.7258064516129032,52.29716520039101,2.525806451612903,76.53958944281524
20.29714798007626,114.30126171536551,-0.78857421875,0.23931884765625,-0.3865966796875,0.4140625,2.1774193548387095,65.98240469208211,1.7387096774193547,52.68817204301075,2.554838709677419,77.41935483870968
20.31720090296585,114.30126171536551,-0.78857421875,0.23931884765625,-0.3865966796875,0.4140625,2.193548387096774,66.47116324535679,1.7032258064516128,51.61290322580645,2.5774193548387094,78.10361681329422
20.337308387970552,114.13603157304135,-0.78826904296875,0.24090576171875,-0.385986328125,0.414306640625,2.1838709677419352,66.17790811339198,1.696774193548387,51.417399804496576,2.5741935483870964,78.00586510263928
20.357374879997224,114.13603157304135,-0.78826904296875,0.24090576171875,-0.385986328125,0.414306640625,2.1838709677419352,66.17790811339198,1.6838709677419355,51.02639296187683,2.590322580645161,78.49462365591397
20.37751881405711,114.13603157304135,-0.78826904296875,0.24090576171875,-0.385986328125,0.414306640625,2.203225806451613,66.7644183773216,1.696774193548387,51.417399804496576,2.525806451612903,76.53958944281524
20.397589402040467,113.95220687367956,-0.78802490234375,0.2421875,-0.38507080078125,0.414794921875,2.2290322580645157,67.54643206256108,1.6612903225806452,50.34213098729228,2.564516129032258,77.71260997067448
20.41762382898014,113.95220687367956,-0.78802490234375,0.2421875,-0.38507080078125,0.414794921875,2.1677419354838707,65.6891495601173,1.664516129032258,50.43988269794721,2.5774193548387094,78.10361681329422
20.437699698028155,113.8198244815306,-0.7879638671875,0.242919921875,-0.38427734375,0.41522216796875,2.1838709677419352,66.17790811339198,1.667741935483871,50.53763440860215,2.558064516129032,77.5171065493646
20.45777956605889,113.8198244815306,-0.7879638671875,0.242919921875,-0.38427734375,0.41522216796875,2.190322580645161,66.37341153470186,1.6548387096774193,50.146627565982406,2.554838709677419,77.41935483870968
20.47784666600637,113.8198244815306,-0.7879638671875,0.242919921875,-0.38427734375,0.41522216796875,2.1774193548387095,65.98240469208211,1.6548387096774193,50.146627565982406,2.561290322580645,77.61485826001955
20.497967559029348,113.58385533339211,-0.78778076171875,0.2431640625,-0.38262939453125,0.41693115234375,2.1774193548387095,65.98240469208211,1.6612903225806452,50.34213098729228,2.5483870967741935,77.2238514173998
20.518077220069245,113.58385533339211,-0.78778076171875,0.2431640625,-0.38262939453125,0.41693115234375,2.190322580645161,66.37341153470186,1.6580645161290322,50.24437927663734,2.554838709677419,77.41935483870968
20.538107807049528,113.3199398420144,-0.7874755859375,0.242919921875,-0.3807373046875,0.41943359375,2.2096774193548385,66.95992179863147,1.6483870967741936,49.95112414467254,2.5677419354838706,77.81036168132943
20.55815385002643,113.3199398420144,-0.7874755859375,0.242919921875,-0.3807373046875,0.41943359375,2.2096774193548385,66.95992179863147,1.635483870967742,49.56011730205279,2.590322580645161,78.49462365591397
20.578214486013167,113.3199398420144,-0.7874755859375,0.242919921875,-0.3807373046875,0.41943359375,2.22258064516129,67.35092864125122,1.6451612903225807,49.8533724340176,2.554838709677419,77.41935483870968
20.598343732068315,113.44669993000618,-0.786376953125,0.23980712890625,-0.38177490234375,0.42230224609375,2.212903225806451,67.0576735092864,1.6387096774193548,49.65786901270772,2.558064516129032,77.5171065493646
20.618508147075772,113.44669993000618,-0.786376953125,0.23980712890625,-0.38177490234375,0.42230224609375,2.203225806451613,66.7644183773216,1.635483870967742,49.56011730205279,2.558064516129032,77.5171065493646
20.63855652604252,112.80466107079708,-0.7852783203125,0.24017333984375,-0.37762451171875,0.42779541015625,2.2064516129032254,66.86217008797654,1.6096774193548384,48.77810361681329,2.554838709677419,77.41935483870968
20.658667530980892,112.80466107079708,-0.7852783203125,0.24017333984375,-0.37762451171875,0.42779541015625,2.203225806451613,66.7644183773216,1.6387096774193548,49.65786901270772,2.5709677419354837,77.90811339198436
20.678747144062072,112.80466107079708,-0.7852783203125,0.24017333984375,-0.37762451171875,0.42779541015625,2.203225806451613,66.7644183773216,1.6419354838709677,49.75562072336266,2.525806451612903,76.53958944281524
20.698828772059642,111.60438516431955,-0.783447265625,0.2423095703125,-0.3699951171875,0.4365234375,2.2322580645161287,67.64418377321603,1.6451612903225807,49.8533724340176,2.564516129032258,77.71260997067448
20.7188916800078,111.60438516431955,-0.783447265625,0.2423095703125,-0.3699951171875,0.4365234375,2.2193548387096773,67.25317693059628,1.6548387096774193,50.146627565982406,2.5709677419354837,77.90811339198436
20.739022749010473,109.91052629297283,-0.77978515625,0.24591064453125,-0.36004638671875,0.44927978515625,2.2193548387096773,67.25317693059628,1.6451612903225807,49.8533724340176,2.5774193548387094,78.10361681329422
20.75907874503173,109.91052629297283,-0.77978515625,0.24591064453125,-0.36004638671875,0.44927978515625,2.203225806451613,66.7644183773216,1.6483870967741936,49.95112414467254,2.5419354838709673,77.02834799608992
20.77914805302862,109.91052629297283,-0.77978515625,0.24591064453125,-0.36004638671875,0.44927978515625,2.2516129032258068,68.23069403714567,1.62258064516129,49.169110459433035,2.551612903225806,77.32160312805473
20.799246290000156,107.88172494249577,-0.77447509765625,0.25128173828125,-0.34881591796875,0.464111328125,2.22258064516129,67.35092864125122,1.6548387096774193,50.146627565982406,2.5483870967741935,77.2238514173998
20.819299916969612,107.88172494249577,-0.77447509765625,0.25128173828125,-0.34881591796875,0.464111328125,2.2677419354838713,68.71945259042035,1.6838709677419355,51.02639296187683,2.564516129032258,77.71260997067448
20.839350313064642,105.05259263016741,-0.76947021484375,0.26031494140625,-0.3311767578125,0.4801025390625,2.203225806451613,66.7644183773216,1.6903225806451612,51.2218963831867,2.554838709677419,77.41935483870968
20.859480294049717,105.05259263016741,-0.76947021484375,0.26031494140625,-0.3311767578125,0.4801025390625,2.235483870967742,67.74193548387096,1.7387096774193547,52.68817204301075,2.5354838709677416,76.83284457478005
20.879536129999906,105.05259263016741,-0.76947021484375,0.26031494140625,-0.3311767578125,0.4801025390625,2.2419354838709675,67.93743890518084,1.6741935483870967,50.733137829912025,2.532258064516129,76.73509286412512
20.89961519802455,102.159829403533,-0.76513671875,0.27117919921875,-0.3125,0.49334716796875,2.225806451612903,67.44868035190615,1.6903225806451612,51.2218963831867,2.5387096774193547,76.93059628543499
20.91975730797276,102.159829403533,-0.76513671875,0.27117919921875,-0.3125,0.49334716796875,2.2516129032258068,68.23069403714567,1.7129032258064516,51.90615835777126,2.5354838709677416,76.83284457478005
20.939844120992348,98.77034486817671,-0.7584228515625,0.2833251953125,-0.29095458984375,0.509765625,2.264516129032258,68.6217008797654,1.6806451612903226,50.9286412512219,2.532258064516129,76.73509286412512
20.959848307073116,98.77034486817671,-0.7584228515625,0.2833251953125,-0.29095458984375,0.509765625,2.270967741935484,68.81720430107528,1.7,51.515151515151516,2.52258064516129,76.44183773216031
20.980001296964474,98.77034486817671,-0.7584228515625,0.2833251953125,-0.29095458984375,0.509765625,2.274193548387097,68.91495601173021,1.696774193548387,51.417399804496576,2.525806451612903,76.53958944281524
21.000066413078457,95.34339980634357,-0.75213623046875,0.29705810546875,-0.26861572265625,0.52337646484375,2.261290322580645,68.52394916911047,1.7387096774193547,52.68817204301075,2.525806451612903,76.53958944281524
21.02006554300897,95.34339980634357,-0.75213623046875,0.29705810546875,-0.26861572265625,0.52337646484375,2.293548387096774,69.50146627565982,1.7225806451612902,52.19941348973607,2.4741935483870967,74.97556207233626
21.040178660070524,91.38764205025689,-0.74462890625,0.31195068359375,-0.24176025390625,0.53826904296875,2.3322580645161293,70.67448680351907,1.7096774193548387,51.80840664711632,2.5032258064516126,75.8553274682307
21.060254079988226,91.38764205025689,-0.74462890625,0.31195068359375,-0.24176025390625,0.53826904296875,2.2774193548387096,69.01270772238514,1.7903225806451613,54.25219941348974,2.4741935483870967,74.97556207233626
21.0803359010024,91.38764205025689,-0.74462890625,0.31195068359375,-0.24176025390625,0.53826904296875,2.2677419354838713,68.71945259042035,1.7548387096774192,53.17693059628543,2.5354838709677416,76.83284457478005
21.10041352896951,87.36065464343997,-0.73602294921875,0.32769775390625,-0.21453857421875,0.5521240234375,2.261290322580645,68.52394916911047,1.7516129032258063,53.0791788856305,2.525806451612903,76.53958944281524
21.12046725198161,87.36065464343997,-0.73602294921875,0.32769775390625,-0.21453857421875,0.5521240234375,2.2419354838709675,67.93743890518084,1.7419354838709677,52.785923753665685,2.487096774193548,75.366568914956
21.140556080965325,83.09503499011856,-0.72607421875,0.3447265625,-0.18560791015625,0.5653076171875,2.2193548387096773,67.25317693059628,1.7354838709677418,52.59042033235581,2.551612903225806,77.32160312805473
21.160678638028912,83.09503499011856,-0.72607421875,0.3447265625,-0.18560791015625,0.5653076171875,2.24516129032258,68.03519061583576,1.729032258064516,52.39491691104594,2.5387096774193547,76.93059628543499
21.18070589704439,83.09503499011856,-0.72607421875,0.3447265625,-0.18560791015625,0.5653076171875,2.2290322580645157,67.54643206256108,1.7419354838709677,52.785923753665685,2.564516129032258,77.71260997067448
21.20081235805992,78.8080590266579,-0.71624755859375,0.361572265625,-0.1553955078125,0.57623291015625,2.2290322580645157,67.54643206256108,1.7,51.515151515151516,2.5419354838709673,77.02834799608992
21.220834753010422,78.8080590266579,-0.71624755859375,0.361572265625,-0.1553955078125,0.57623291015625,2.1967741935483867,66.56891495601171,1.6580645161290322,50.24437927663734,2.532258064516129,76.73509286412512
21.240934494067915,74.70532374909804,-0.70684814453125,0.37744140625,-0.125732421875,0.58489990234375,2.180645161290322,66.08015640273703,1.6838709677419355,51.02639296187683,2.4741935483870967,74.97556207233626
21.260995385004207,74.70532374909804,-0.70684814453125,0.37744140625,-0.125732421875,0.58489990234375,2.193548387096774,66.47116324535679,1.6612903225806452,50.34213098729228,2.5387096774193547,76.93059628543499
21.28107970196288,74.70532374909804,-0.70684814453125,0.37744140625,-0.125732421875,0.58489990234375,2.1870967741935483,66.27565982404691,1.7258064516129032,52.29716520039101,2.532258064516129,76.73509286412512
21.30113880103454,70.56005210509346,-0.69683837890625,0.392822265625,-0.09521484375,0.592529296875,2.212903225806451,67.0576735092864,1.729032258064516,52.39491691104594,2.52258064516129,76.44183773216031
21.321204429026693,70.56005210509346,-0.69683837890625,0.392822265625,-0.09521484375,0.592529296875,2.1999999999999997,66.66666666666666,1.7129032258064516,51.90615835777126,2.529032258064516,76.63734115347019
21.341320074978285,66.56626707250318,-0.6865234375,0.40740966796875,-0.06561279296875,0.5986328125,2.1677419354838707,65.6891495601173,1.7451612903225806,52.883675464320625,2.5774193548387094,78.10361681329422
21.361412166967057,66.56626707250318,-0.6865234375,0.40740966796875,-0.06561279296875,0.5986328125,2.1870967741935483,66.27565982404691,1.7419354838709677,52.785923753665685,2.5,75.75757575757575
21.381442114012316,66.56626707250318,-0.6865234375,0.40740966796875,-0.06561279296875,0.5986328125,2.1741935483870964,65.88465298142717,1.7838709677419353,54.05669599217986,2.529032258064516,76.63734115347019
21.401514174067415,62.59536738112646,-0.67578125,0.4224853515625,-0.036376953125,0.6029052734375,2.1451612903225805,65.00488758553274,1.7741935483870968,53.76344086021506,2.5483870967741935,77.2238514173998
21.421570969978347,62.59536738112646,-0.67578125,0.4224853515625,-0.036376953125,0.6029052734375,2.2193548387096773,67.25317693059628,1.793548387096774,54.34995112414467,2.5354838709677416,76.83284457478005
21.441621556994505,58.58633696533937,-0.66387939453125,0.438232421875,-0.0074462890625,0.60595703125,2.1677419354838707,65.6891495601173,1.8225806451612903,55.229716520039105,2.564516129032258,77.71260997067448
21.46170654601883,58.58633696533937,-0.66387939453125,0.438232421875,-0.0074462890625,0.60595703125,2.22258064516129,67.35092864125122,1.7903225806451613,54.25219941348974,2.5387096774193547,76.93059628543499
21.48178705398459,58.58633696533937,-0.66387939453125,0.438232421875,-0.0074462890625,0.60595703125,2.1774193548387095,65.98240469208211,1.7741935483870968,53.76344086021506,2.5129032258064514,76.1485826001955
21.501884363009594,54.89576442264156,-0.6522216796875,0.4525146484375,0.0191650390625,0.6077880859375,2.170967741935484,65.78690127077223,1.7516129032258063,53.0791788856305,2.564516129032258,77.71260997067448
21.521929061971605,54.89576442264156,-0.6522216796875,0.4525146484375,0.0191650390625,0.6077880859375,2.1677419354838707,65.6891495601173,1.7774193548387096,53.86119257086999,2.5354838709677416,76.83284457478005
21.54198841797188,51.193885095397924,-0.64019775390625,0.466796875,0.04583740234375,0.6083984375,2.1838709677419352,66.17790811339198,1.829032258064516,55.42521994134897,2.5387096774193547,76.93059628543499
21.562061758013442,51.193885095397924,-0.64019775390625,0.466796875,0.04583740234375,0.6083984375,2.2322580645161287,67.64418377321603,1.8225806451612903,55.229716520039105,2.5774193548387094,78.10361681329422
21.582160601974465,51.193885095397924,-0.64019775390625,0.466796875,0.04583740234375,0.6083984375,2.212903225806451,67.0576735092864,1.7580645161290323,53.27468230694038,2.529032258064516,76.63734115347019
21.60221714200452,47.7565575208427,-0.629150390625,0.47894287109375,0.0714111328125,0.6080322265625,2.190322580645161,66.37341153470186,1.7483870967741935,52.98142717497556,2.532258064516129,76.73509286412512
21.622305267024785,47.7565575208427,-0.629150390625,0.47894287109375,0.0714111328125,0.6080322265625,2.2387096774193544,67.8396871945259,1.7580645161290323,53.27468230694038,2.5419354838709673,77.02834799608992
21.642351406044327,44.39526504255739,-0.6168212890625,0.4915771484375,0.09521484375,0.6072998046875,2.212903225806451,67.0576735092864,1.761290322580645,53.3724340175953,2.5129032258064514,76.1485826001955
21.662413834012114,44.39526504255739,-0.6168212890625,0.4915771484375,0.09521484375,0.6072998046875,2.1774193548387095,65.98240469208211,1.7774193548387096,53.86119257086999,2.561290322580645,77.61485826001955
21.682485157973133,44.39526504255739,-0.6168212890625,0.4915771484375,0.09521484375,0.6072998046875,2.1451612903225805,65.00488758553274,1.764516129032258,53.47018572825024,2.532258064516129,76.73509286412512
21.702539873076603,41.322752478072786,-0.60443115234375,0.50390625,0.115966796875,0.6060791015625,2.1967741935483867,66.56891495601171,1.7903225806451613,54.25219941348974,2.4741935483870967,74.97556207233626
21.722599229076877,41.322752478072786,-0.60443115234375,0.50390625,0.115966796875,0.6060791015625,2.2161290322580642,67.15542521994135,1.7548387096774192,53.17693059628543,2.525806451612903,76.53958944281524
21.742674681008793,38.49745150999011,-0.59210205078125,0.515869140625,0.13433837890625,0.6043701171875,2.180645161290322,66.08015640273703,1.7774193548387096,53.86119257086999,2.5064516129032257,75.95307917888563
21.762738708988763,38.49745150999011,-0.59210205078125,0.515869140625,0.13433837890625,0.6043701171875,2.1774193548387095,65.98240469208211,1.7580645161290323,53.27468230694038,2.5354838709677416,76.83284457478005
21.782839410007,38.49745150999011,-0.59210205078125,0.515869140625,0.13433837890625,0.6043701171875,2.193548387096774,66.47116324535679,1.7709677419354837,53.665689149560116,2.558064516129032,77.5171065493646
21.80289383698255,36.0572583690188,-0.5814208984375,0.52593994140625,0.15045166015625,0.60223388671875,2.2677419354838713,68.71945259042035,1.7548387096774192,53.17693059628543,2.529032258064516,76.63734115347019
21.822941160062328,36.0572583690188,-0.5814208984375,0.52593994140625,0.15045166015625,0.60223388671875,2.24516129032258,68.03519061583576,1.7709677419354837,53.665689149560116,2.5064516129032257,75.95307917888563
21.843002020032145,33.70657923673618,-0.5703125,0.536376953125,0.165283203125,0.5997314453125,2.2548387096774194,68.32844574780059,1.7741935483870968,53.76344086021506,2.5419354838709673,77.02834799608992
21.863061216077767,33.70657923673618,-0.5703125,0.536376953125,0.165283203125,0.5997314453125,2.190322580645161,66.37341153470186,1.8096774193548386,54.83870967741935,2.5483870967741935,77.2238514173998
21.883163933060132,33.70657923673618,-0.5703125,0.536376953125,0.165283203125,0.5997314453125,2.190322580645161,66.37341153470186,1.829032258064516,55.42521994134897,2.5387096774193547,76.93059628543499
21.903261690051295,31.74350106299788,-0.5606689453125,0.54595947265625,0.17724609375,0.5968017578125,2.2580645161290325,68.42619745845553,1.8096774193548386,54.83870967741935,2.5354838709677416,76.83284457478005
21.923344662063755,31.74350106299788,-0.5606689453125,0.54595947265625,0.17724609375,0.5968017578125,2.2677419354838713,68.71945259042035,1.8161290322580643,55.034213098729225,2.551612903225806,77.32160312805473
21.943409073981456,29.78721908632835,-0.55035400390625,0.55517578125,0.18896484375,0.59429931640625,2.22258064516129,67.35092864125122,1.796774193548387,54.44770283479961,2.5129032258064514,76.1485826001955
21.96351972699631,29.78721908632835,-0.55035400390625,0.55517578125,0.18896484375,0.59429931640625,2.2677419354838713,68.71945259042035,1.7838709677419353,54.05669599217986,2.5354838709677416,76.83284457478005
21.983560106018558,29.78721908632835,-0.55035400390625,0.55517578125,0.18896484375,0.59429931640625,2.2677419354838713,68.71945259042035,1.8258064516129031,55.32746823069403,2.532258064516129,76.73509286412512
22.003694951999933,28.138812733407526,-0.5419921875,0.5618896484375,0.1995849609375,0.5921630859375,2.3322580645161293,70.67448680351907,1.796774193548387,54.44770283479961,2.519354838709677,76.34408602150538
22.023744483012706,28.138812733407526,-0.5419921875,0.5618896484375,0.1995849609375,0.5921630859375,2.3000000000000003,69.69696969696972,1.8064516129032258,54.74095796676443,2.529032258064516,76.63734115347019
22.043822271982208,26.44344074889765,-0.53277587890625,0.56829833984375,0.21014404296875,0.59075927734375,2.2806451612903227,69.11045943304008,1.8096774193548386,54.83870967741935,2.519354838709677,76.34408602150538
22.063865659059957,26.44344074889765,-0.53277587890625,0.56829833984375,0.21014404296875,0.59075927734375,2.270967741935484,68.81720430107528,1.8161290322580643,55.034213098729225,2.529032258064516,76.63734115347019
22.08394283906091,26.44344074889765,-0.53277587890625,0.56829833984375,0.21014404296875,0.59075927734375,2.270967741935484,68.81720430107528,1.829032258064516,55.42521994134897,2.5,75.75757575757575
22.10399470606353,24.923198783584198,-0.52545166015625,0.57366943359375,0.22064208984375,0.58831787109375,2.303225806451613,69.79472140762464,1.8225806451612903,55.229716520039105,2.532258064516129,76.73509286412512
22.1240592780523,24.923198783584198,-0.52545166015625,0.57366943359375,0.22064208984375,0.58831787109375,2.2838709677419358,69.20821114369502,1.8161290322580643,55.034213098729225,2.487096774193548,75.366568914956
22.144187308032997,23.3055731844628,-0.518310546875,0.57855224609375,0.23260498046875,0.5853271484375,2.2161290322580642,67.15542521994135,1.8161290322580643,55.034213098729225,2.5064516129032257,75.95307917888563
22.1642256709747,23.3055731844628,-0.518310546875,0.57855224609375,0.23260498046875,0.5853271484375,2.1645161290322577,65.59139784946235,1.8548387096774193,56.20723362658847,2.493548387096774,75.56207233626587
22.18430848303251,23.3055731844628,-0.518310546875,0.57855224609375,0.23260498046875,0.5853271484375,2.2064516129032254,66.86217008797654,1.829032258064516,55.42521994134897,2.4741935483870967,74.97556207233626
22.204381886986084,21.703884416112828,-0.5108642578125,0.5836181640625,0.24456787109375,0.5819091796875,2.2322580645161287,67.64418377321603,1.8096774193548386,54.83870967741935,2.5,75.75757575757575
22.224456220050342,21.703884416112828,-0.5108642578125,0.5836181640625,0.24456787109375,0.5819091796875,2.2419354838709675,67.93743890518084,1.8064516129032258,54.74095796676443,2.487096774193548,75.366568914956
22.244484598049894,20.057393314648948,-0.5025634765625,0.5888671875,0.25665283203125,0.57855224609375,2.158064516129032,65.39589442815249,1.8354838709677417,55.62072336265884,2.4741935483870967,74.97556207233626
22.26459714001976,20.057393314648948,-0.5025634765625,0.5888671875,0.25665283203125,0.57855224609375,2.1870967741935483,66.27565982404691,1.8387096774193548,55.71847507331379,2.4741935483870967,74.97556207233626
22.28466564801056,20.057393314648948,-0.5025634765625,0.5888671875,0.25665283203125,0.57855224609375,2.2064516129032254,66.86217008797654,1.8580645161290321,56.304985337243394,2.467741935483871,74.7800586510264
22.30475082807243,18.477138787855125,-0.49407958984375,0.59393310546875,0.26763916015625,0.5758056640625,2.2419354838709675,67.93743890518084,1.8935483870967742,57.380254154447705,2.4516129032258065,74.29130009775172
22.324853481026366,18.477138787855125,-0.49407958984375,0.59393310546875,0.26763916015625,0.5758056640625,2.2677419354838713,68.71945259042035,1.9419354838709677,58.846529814271754,2.4741935483870967,74.97556207233626
22.34490022796672,16.915742745232563,-0.48480224609375,0.59783935546875,0.2783203125,0.574462890625,2.2322580645161287,67.64418377321603,1.9806451612903224,60.01955034213099,2.42258064516129,73.41153470185728
22.364976608077995,16.915742745232563,-0.48480224609375,0.59783935546875,0.2783203125,0.574462890625,2.261290322580645,68.52394916911047,2.0129032258064514,60.997067448680355,2.445161290322581,74.09579667644185
22.385087677976117,16.915742745232563,-0.48480224609375,0.59783935546875,0.2783203125,0.574462890625,2.2290322580645157,67.54643206256108,2.0354838709677416,61.6813294232649,2.4741935483870967,74.97556207233626
22.40517650602851,15.440194262892504,-0.47503662109375,0.60186767578125,0.287109375,0.57415771484375,2.2193548387096773,67.25317693059628,2.0580645161290323,62.365591397849464,2.42258064516129,73.41153470185728
22.425228470005095,15.440194262892504,-0.47503662109375,0.60186767578125,0.287109375,0.57415771484375,2.24516129032258,68.03519061583576,2.061290322580645,62.4633431085044,2.464516129032258,74.68230694037146
22.44532600196544,14.394049715595543,-0.46697998046875,0.60540771484375,0.29266357421875,0.57421875,2.270967741935484,68.81720430107528,2.074193548387097,62.85434995112414,2.42258064516129,73.41153470185728
22.465375854051672,14.394049715595543,-0.46697998046875,0.60540771484375,0.29266357421875,0.57421875,2.270967741935484,68.81720430107528,2.074193548387097,62.85434995112414,2.4612903225806453,74.58455522971653
22.48542861698661,14.394049715595543,-0.46697998046875,0.60540771484375,0.29266357421875,0.57421875,2.3193548387096774,70.28347996089931,2.1096774193548384,63.929618768328446,2.4290322580645163,73.60703812316717
22.505523046012968,13.834523717145359,-0.4625244140625,0.60797119140625,0.29583740234375,0.573486328125,2.2677419354838713,68.71945259042035,2.061290322580645,62.4633431085044,2.425806451612903,73.50928641251222
22.525594306061976,13.834523717145359,-0.4625244140625,0.60797119140625,0.29583740234375,0.573486328125,2.2806451612903227,69.11045943304008,2.061290322580645,62.4633431085044,2.4387096774193546,73.90029325513197
22.545671005966142,13.469025485306474,-0.45989990234375,0.610107421875,0.29852294921875,0.57196044921875,2.296774193548387,69.59921798631477,2.148387096774193,65.10263929618768,2.425806451612903,73.50928641251222
22.565745369996876,13.469025485306474,-0.45989990234375,0.610107421875,0.29852294921875,0.57196044921875,2.3193548387096774,70.28347996089931,2.096774193548387,63.5386119257087,2.425806451612903,73.50928641251222
22.58582719101105,13.469025485306474,-0.45989990234375,0.610107421875,0.29852294921875,0.57196044921875,2.293548387096774,69.50146627565982,2.1096774193548384,63.929618768328446,2.445161290322581,74.09579667644185
22.605927348020487,13.113650778054918,-0.45672607421875,0.61236572265625,0.30047607421875,0.57110595703125,2.3096774193548386,69.99022482893452,2.1225806451612903,64.32062561094818,2.4483870967741934,74.19354838709677
22.625970319029875,13.113650778054918,-0.45672607421875,0.61236572265625,0.30047607421875,0.57110595703125,2.2806451612903227,69.11045943304008,2.1225806451612903,64.32062561094818,2.4612903225806453,74.58455522971653
22.646066892077215,12.942413279134158,-0.45367431640625,0.61444091796875,0.300048828125,0.571533203125,2.293548387096774,69.50146627565982,2.093548387096774,63.44086021505376,2.445161290322581,74.09579667644185
22.666120775043964,12.942413279134158,-0.45367431640625,0.61444091796875,0.300048828125,0.571533203125,2.338709677419355,70.86999022482894,2.1225806451612903,64.32062561094818,2.467741935483871,74.7800586510264
22.686198019073345,12.942413279134158,-0.45367431640625,0.61444091796875,0.300048828125,0.571533203125,2.335483870967742,70.772238514174,2.1451612903225805,65.00488758553274,2.4612903225806453,74.58455522971653
22.706280960002914,12.892584183427076,-0.4527587890625,0.61474609375,0.29998779296875,0.5718994140625,2.306451612903226,69.89247311827957,2.1225806451612903,64.32062561094818,2.4516129032258065,74.29130009775172
22.726350684068166,12.892584183427076,-0.4527587890625,0.61474609375,0.29998779296875,0.5718994140625,2.296774193548387,69.59921798631477,2.1516129032258062,65.20039100684262,2.4193548387096775,73.31378299120234
22.74642533599399,12.84225006457386,-0.453125,0.614013671875,0.30072021484375,0.572021484375,2.293548387096774,69.50146627565982,2.0999999999999996,63.636363636363626,2.4483870967741934,74.19354838709677
22.7665441170102,12.84225006457386,-0.453125,0.614013671875,0.30072021484375,0.572021484375,2.3451612903225807,71.0654936461388,2.116129032258064,64.1251221896383,2.4741935483870967,74.97556207233626
22.78670472407248,12.84225006457386,-0.453125,0.614013671875,0.30072021484375,0.572021484375,2.3225806451612905,70.38123167155426,2.1129032258064515,64.02737047898339,2.435483870967742,73.80254154447702
22.80676993599627,12.819505731316639,-0.45391845703125,0.61297607421875,0.30126953125,0.572265625,2.3193548387096774,70.28347996089931,2.106451612903226,63.831867057673506,2.4612903225806453,74.58455522971653
22.82678983407095,12.819505731316639,-0.45391845703125,0.61297607421875,0.30126953125,0.572265625,2.306451612903226,69.89247311827957,2.074193548387097,62.85434995112414,2.464516129032258,74.68230694037146
22.846844390034676,12.824372415429394,-0.45477294921875,0.61187744140625,0.30181884765625,0.57244873046875,2.3419354838709676,70.96774193548387,2.129032258064516,64.51612903225806,2.5064516129032257,75.95307917888563
22.86691686604172,12.824372415429394,-0.45477294921875,0.61187744140625,0.30181884765625,0.57244873046875,2.3645161290322583,71.65200391006844,2.074193548387097,62.85434995112414,2.458064516129032,74.48680351906158
22.886973662069067,12.824372415429394,-0.45477294921875,0.61187744140625,0.30181884765625,0.57244873046875,2.338709677419355,70.86999022482894,2.0774193548387094,62.95210166177908,2.464516129032258,74.68230694037146
22.907092827023007,12.857786155504783,-0.455810546875,0.61077880859375,0.3021240234375,0.5726318359375,2.358064516129032,71.45650048875855,2.138709677419355,64.80938416422288,2.458064516129032,74.48680351906158
22.92713403806556,12.857786155504783,-0.455810546875,0.61077880859375,0.3021240234375,0.5726318359375,2.2677419354838713,68.71945259042035,2.1032258064516127,63.73411534701857,2.4741935483870967,74.97556207233626
22.9471900339704,12.845816130588233,-0.456787109375,0.60931396484375,0.30279541015625,0.57305908203125,2.3193548387096774,70.28347996089931,2.0774193548387094,62.95210166177908,2.42258064516129,73.41153470185728
22.967276270035654,12.845816130588233,-0.456787109375,0.60931396484375,0.30279541015625,0.57305908203125,2.3096774193548386,69.99022482893452,2.1193548387096772,64.22287390029325,2.435483870967742,73.80254154447702
22.987333129975013,12.845816130588233,-0.456787109375,0.60931396484375,0.30279541015625,0.57305908203125,2.2677419354838713,68.71945259042035,2.0999999999999996,63.636363636363626,2.5129032258064514,76.1485826001955
23.00742054998409,12.821454546582814,-0.45782470703125,0.60797119140625,0.30364990234375,0.5732421875,2.325806451612903,70.4789833822092,2.129032258064516,64.51612903225806,2.4516129032258065,74.29130009775172
23.027463488979265,12.821454546582814,-0.45782470703125,0.60797119140625,0.30364990234375,0.5732421875,2.293548387096774,69.50146627565982,2.1129032258064515,64.02737047898339,2.4741935483870967,74.97556207233626
23.047550430055708,12.785902974269774,-0.45819091796875,0.607666015625,0.30474853515625,0.5726318359375,2.2548387096774194,68.32844574780059,2.0677419354838706,62.65884652981426,2.4709677419354836,74.87781036168133
23.067615929991007,12.785902974269774,-0.45819091796875,0.607666015625,0.30474853515625,0.5726318359375,2.325806451612903,70.4789833822092,2.1129032258064515,64.02737047898339,2.464516129032258,74.68230694037146
23.087661716970615,12.785902974269774,-0.45819091796875,0.607666015625,0.30474853515625,0.5726318359375,2.329032258064516,70.57673509286413,2.0774193548387094,62.95210166177908,2.4483870967741934,74.19354838709677
23.10775253002066,13.27831677434284,-0.46405029296875,0.60528564453125,0.30413818359375,0.57080078125,2.3225806451612905,70.38123167155426,2.054838709677419,62.267839687194524,2.4516129032258065,74.29130009775172
23.127834861981682,13.27831677434284,-0.46405029296875,0.60528564453125,0.30413818359375,0.57080078125,2.3516129032258064,71.26099706744868,1.9741935483870967,59.82404692082112,2.4612903225806453,74.58455522971653
23.14790855406318,14.069806569176933,-0.47314453125,0.59857177734375,0.30224609375,0.57135009765625,2.370967741935484,71.8475073313783,1.929032258064516,58.45552297165201,2.4838709677419355,75.26881720430107
23.16797338204924,14.069806569176933,-0.47314453125,0.59857177734375,0.30224609375,0.57135009765625,2.335483870967742,70.772238514174,1.896774193548387,57.478005865102645,2.4741935483870967,74.97556207233626
23.188049538061023,14.069806569176933,-0.47314453125,0.59857177734375,0.30224609375,0.57135009765625,2.3225806451612905,70.38123167155426,1.8774193548387097,56.89149560117303,2.4709677419354836,74.87781036168133
23.208146878983825,15.330549758276035,-0.486572265625,0.58709716796875,0.29840087890625,0.57403564453125,2.370967741935484,71.8475073313783,1.8387096774193548,55.71847507331379,2.487096774193548,75.366568914956
23.228179258061573,15.330549758276035,-0.486572265625,0.58709716796875,0.29840087890625,0.57403564453125,2.303225806451613,69.79472140762464,1.8096774193548386,54.83870967741935,2.5129032258064514,76.1485826001955
23.248332120012492,17.463507800090326,-0.50335693359375,0.5723876953125,0.288818359375,0.57928466796875,2.2806451612903227,69.11045943304008,1.7774193548387096,53.86119257086999,2.5129032258064514,76.1485826001955
23.268376052030362,17.463507800090326,-0.50335693359375,0.5723876953125,0.288818359375,0.57928466796875,2.296774193548387,69.59921798631477,1.8096774193548386,54.83870967741935,2.5032258064516126,75.8553274682307
23.288454800029285,17.463507800090326,-0.50335693359375,0.5723876953125,0.288818359375,0.57928466796875,2.3129032258064517,70.08797653958945,1.8161290322580643,55.034213098729225,2.4774193548387093,75.07331378299119
23.308482634020038,20.171379447324014,-0.517578125,0.55926513671875,0.27154541015625,0.587890625,2.3096774193548386,69.99022482893452,1.7516129032258063,53.0791788856305,2.4774193548387093,75.07331378299119
23.328548390069045,20.171379447324014,-0.517578125,0.55926513671875,0.27154541015625,0.587890625,2.3129032258064517,70.08797653958945,1.7516129032258063,53.0791788856305,2.5129032258064514,76.1485826001955
23.348911243025213,23.197666792165506,-0.5308837890625,0.54736328125,0.25079345703125,0.59637451171875,2.296774193548387,69.59921798631477,1.7548387096774192,53.17693059628543,2.519354838709677,76.34408602150538
23.36892976600211,23.197666792165506,-0.5308837890625,0.54736328125,0.25079345703125,0.59637451171875,2.296774193548387,69.59921798631477,1.761290322580645,53.3724340175953,2.490322580645161,75.46432062561095
23.38904998707585,23.197666792165506,-0.5308837890625,0.54736328125,0.25079345703125,0.59637451171875,2.338709677419355,70.86999022482894,1.7548387096774192,53.17693059628543,2.496774193548387,75.65982404692082
23.409162751981057,25.957752597083655,-0.54364013671875,0.53607177734375,0.23297119140625,0.60235595703125,2.3451612903225807,71.0654936461388,1.7129032258064516,51.90615835777126,2.5129032258064514,76.1485826001955
23.429247069056146,25.957752597083655,-0.54364013671875,0.53607177734375,0.23297119140625,0.60235595703125,2.3322580645161293,70.67448680351907,1.7193548387096773,52.101661779081134,2.5161290322580645,76.24633431085044
23.449238838045858,28.321111588234594,-0.5562744140625,0.5255126953125,0.21966552734375,0.60504150390625,2.3129032258064517,70.08797653958945,1.7516129032258063,53.0791788856305,2.519354838709677,76.34408602150538
23.46932987496257,28.321111588234594,-0.5562744140625,0.5255126953125,0.21966552734375,0.60504150390625,2.296774193548387,69.59921798631477,1.7548387096774192,53.17693059628543,2.525806451612903,76.53958944281524
23.489396431017667,28.321111588234594,-0.5562744140625,0.5255126953125,0.21966552734375,0.60504150390625,2.2806451612903227,69.11045943304008,1.7548387096774192,53.17693059628543,2.4741935483870967,74.97556207233626
23.50948430004064,30.026319983012932,-0.5660400390625,0.516845703125,0.21087646484375,0.60662841796875,2.2870967741935484,69.30596285434996,1.7548387096774192,53.17693059628543,2.5032258064516126,75.8553274682307
23.529521959018894,30.026319983012932,-0.5660400390625,0.516845703125,0.21087646484375,0.60662841796875,2.3096774193548386,69.99022482893452,1.7516129032258063,53.0791788856305,2.4741935483870967,74.97556207233626
23.549650372006,31.530127134183076,-0.57476806640625,0.5098876953125,0.20306396484375,0.60693359375,2.3451612903225807,71.0654936461388,1.7806451612903225,53.95894428152492,2.5129032258064514,76.1485826001955
23.569689791067503,31.530127134183076,-0.57476806640625,0.5098876953125,0.20306396484375,0.60693359375,2.3322580645161293,70.67448680351907,1.796774193548387,54.44770283479961,2.5451612903225804,77.12609970674487
23.58974130707793,31.530127134183076,-0.57476806640625,0.5098876953125,0.20306396484375,0.60693359375,2.358064516129032,71.45650048875855,1.8129032258064515,54.936461388074285,2.5483870967741935,77.2238514173998
23.60985647200141,32.72746368899559,-0.5810546875,0.505859375,0.19561767578125,0.6068115234375,2.3419354838709676,70.96774193548387,1.8258064516129031,55.32746823069403,2.52258064516129,76.44183773216031
23.629891187069006,32.72746368899559,-0.5810546875,0.505859375,0.19561767578125,0.6068115234375,2.3096774193548386,69.99022482893452,1.8677419354838707,56.59824046920821,2.5032258064516126,75.8553274682307
23.649965871009044,33.30157921803805,-0.5858154296875,0.5028076171875,0.19378662109375,0.6053466796875,2.329032258064516,70.57673509286413,1.8548387096774193,56.20723362658847,2.5451612903225804,77.12609970674487
23.67001895501744,33.30157921803805,-0.5858154296875,0.5028076171875,0.19378662109375,0.6053466796875,2.358064516129032,71.45650048875855,1.8870967741935485,57.18475073313783,2.558064516129032,77.5171065493646
23.690091046970338,33.30157921803805,-0.5858154296875,0.5028076171875,0.19378662109375,0.6053466796875,2.3000000000000003,69.69696969696972,1.9258064516129032,58.35777126099707,2.564516129032258,77.71260997067448
23.710174979059957,33.41239900237145,-0.58917236328125,0.5006103515625,0.19580078125,0.603271484375,2.3322580645161293,70.67448680351907,1.9064516129032258,57.77126099706745,2.551612903225806,77.32160312805473
23.730229311040603,33.41239900237145,-0.58917236328125,0.5006103515625,0.19580078125,0.603271484375,2.3225806451612905,70.38123167155426,1.932258064516129,58.55327468230694,2.5129032258064514,76.1485826001955
23.750349916052073,33.24842397424127,-0.58984375,0.49993896484375,0.19842529296875,0.602294921875,2.367741935483871,71.74975562072336,1.9096774193548387,57.86901270772239,2.5387096774193547,76.93059628543499
23.770399703993462,33.24842397424127,-0.58984375,0.49993896484375,0.19842529296875,0.602294921875,2.3483870967741938,71.16324535679375,1.8870967741935485,57.18475073313783,2.551612903225806,77.32160312805473
23.790494004031643,33.24842397424127,-0.58984375,0.49993896484375,0.19842529296875,0.602294921875,2.370967741935484,71.8475073313783,1.8580645161290321,56.304985337243394,2.5387096774193547,76.93059628543499
23.81057566497475,32.855979812228504,-0.58941650390625,0.49993896484375,0.2025146484375,0.60137939453125,2.3741935483870966,71.94525904203324,1.8548387096774193,56.20723362658847,2.5,75.75757575757575
23.830612107994966,32.855979812228504,-0.58941650390625,0.49993896484375,0.2025146484375,0.60137939453125,2.42258064516129,73.41153470185728,1.8032258064516127,54.64320625610948,2.5451612903225804,77.12609970674487
23.850683912052773,32.02323531814132,-0.58740234375,0.50103759765625,0.21002197265625,0.599853515625,2.3870967741935485,72.33626588465299,1.8548387096774193,56.20723362658847,2.529032258064516,76.63734115347019
23.87075821205508,32.02323531814132,-0.58740234375,0.50103759765625,0.21002197265625,0.599853515625,2.3741935483870966,71.94525904203324,1.8225806451612903,55.229716520039105,2.5354838709677416,76.83284457478005
23.890833760029636,32.02323531814132,-0.58740234375,0.50103759765625,0.21002197265625,0.599853515625,2.370967741935484,71.8475073313783,1.8096774193548386,54.83870967741935,2.5483870967741935,77.2238514173998
23.91093794896733,30.860982615768556,-0.58441162109375,0.5028076171875,0.22027587890625,0.59759521484375,2.3741935483870966,71.94525904203324,1.8354838709677417,55.62072336265884,2.5,75.75757575757575
23.931049594073556,30.860982615768556,-0.58441162109375,0.5028076171875,0.22027587890625,0.59759521484375,2.3967741935483873,72.6295210166178,1.8225806451612903,55.229716520039105,2.5387096774193547,76.93059628543499
23.951120821991935,29.773753560141436,-0.58111572265625,0.50506591796875,0.229248046875,0.59552001953125,2.3741935483870966,71.94525904203324,1.8258064516129031,55.32746823069403,2.5354838709677416,76.83284457478005
23.97119883506093,29.773753560141436,-0.58111572265625,0.50506591796875,0.229248046875,0.59552001953125,2.3967741935483873,72.6295210166178,1.796774193548387,54.44770283479961,2.52258064516129,76.44183773216031
23.991231790045276,29.773753560141436,-0.58111572265625,0.50506591796875,0.229248046875,0.59552001953125,2.367741935483871,71.74975562072336,1.8258064516129031,55.32746823069403,2.551612903225806,77.32160312805473
24.01130810601171,28.859720942218665,-0.578125,0.50750732421875,0.23638916015625,0.59356689453125,2.3741935483870966,71.94525904203324,1.829032258064516,55.42521994134897,2.5064516129032257,75.95307917888563
24.03138039004989,28.859720942218665,-0.578125,0.50750732421875,0.23638916015625,0.59356689453125,2.3870967741935485,72.33626588465299,1.8387096774193548,55.71847507331379,2.529032258064516,76.63734115347019
24.051521732006222,28.306217744207736,-0.575927734375,0.50970458984375,0.24017333984375,0.59228515625,2.3741935483870966,71.94525904203324,1.8483870967741933,56.01173020527859,2.529032258064516,76.63734115347019
24.071526461979374,28.306217744207736,-0.575927734375,0.50970458984375,0.24017333984375,0.59228515625,2.361290322580645,71.5542521994135,1.8322580645161288,55.5229716520039,2.5387096774193547,76.93059628543499
24.091604409972206,28.306217744207736,-0.575927734375,0.50970458984375,0.24017333984375,0.59228515625,2.3741935483870966,71.94525904203324,1.8322580645161288,55.5229716520039,2.551612903225806,77.32160312805473
24.111729528056458,28.265346955594936,-0.57537841796875,0.5111083984375,0.23968505859375,0.591796875,2.3967741935483873,72.6295210166178,1.8548387096774193,56.20723362658847,2.5064516129032257,75.95307917888563
24.131811444065534,28.265346955594936,-0.57537841796875,0.5111083984375,0.23968505859375,0.591796875,2.3838709677419354,72.23851417399804,1.8387096774193548,55.71847507331379,2.5,75.75757575757575
24.151887984015048,28.38488809768836,-0.57550048828125,0.51104736328125,0.2384033203125,0.59228515625,2.3741935483870966,71.94525904203324,1.7903225806451613,54.25219941348974,2.529032258064516,76.63734115347019
24.171968173002824,28.38488809768836,-0.57550048828125,0.51104736328125,0.2384033203125,0.59228515625,2.3741935483870966,71.94525904203324,1.8258064516129031,55.32746823069403,2.5,75.75757575757575
24.192055401043035,28.38488809768836,-0.57550048828125,0.51104736328125,0.2384033203125,0.59228515625,2.3741935483870966,71.94525904203324,1.8225806451612903,55.229716520039105,2.5,75.75757575757575
24.21216195798479,28.705356449247923,-0.57598876953125,0.51068115234375,0.2352294921875,0.59344482421875,2.370967741935484,71.8475073313783,1.8129032258064515,54.936461388074285,2.5419354838709673,77.02834799608992
24.232198017067276,28.705356449247923,-0.57598876953125,0.51068115234375,0.2352294921875,0.59344482421875,2.390322580645161,72.43401759530792,1.8258064516129031,55.32746823069403,2.52258064516129,76.44183773216031
24.25227795005776,29.24654604129737,-0.57647705078125,0.5111083984375,0.22943115234375,0.59478759765625,2.412903225806452,73.11827956989248,1.8129032258064515,54.936461388074285,2.5451612903225804,77.12609970674487
24.272355961962603,29.24654604129737,-0.57647705078125,0.5111083984375,0.22943115234375,0.59478759765625,2.390322580645161,72.43401759530792,1.8161290322580643,55.034213098729225,2.5387096774193547,76.93059628543499
24.292434485978447,29.24654604129737,-0.57647705078125,0.5111083984375,0.22943115234375,0.59478759765625,2.370967741935484,71.8475073313783,1.793548387096774,54.34995112414467,2.5451612903225804,77.12609970674487
24.31251457799226,30.12257304830964,-0.57879638671875,0.51025390625,0.2215576171875,0.59625244140625,2.4387096774193546,73.90029325513197,1.8064516129032258,54.74095796676443,2.5387096774193547,76.93059628543499
24.33258875098545,30.12257304830964,-0.57879638671875,0.51025390625,0.2215576171875,0.59625244140625,2.3967741935483873,72.6295210166178,1.8225806451612903,55.229716520039105,2.551612903225806,77.32160312805473
24.35268781904597,30.981604350003366,-0.58154296875,0.509033203125,0.21435546875,0.59722900390625,2.3870967741935485,72.33626588465299,1.8193548387096772,55.13196480938416,2.5,75.75757575757575
24.372753862990066,30.981604350003366,-0.58154296875,0.509033203125,0.21435546875,0.59722900390625,2.370967741935484,71.8475073313783,1.8096774193548386,54.83870967741935,2.529032258064516,76.63734115347019
24.39282585901674,30.981604350003366,-0.58154296875,0.509033203125,0.21435546875,0.59722900390625,2.2774193548387096,69.01270772238514,1.8161290322580643,55.034213098729225,2.496774193548387,75.65982404692082
24.4129181120079,32.40040061067076,-0.58709716796875,0.504638671875,0.20404052734375,0.59918212890625,2.2838709677419358,69.20821114369502,1.8161290322580643,55.034213098729225,2.52258064516129,76.44183773216031
24.432972284033895,32.40040061067076,-0.58709716796875,0.504638671875,0.20404052734375,0.59918212890625,2.370967741935484,71.8475073313783,1.793548387096774,54.34995112414467,2.529032258064516,76.63734115347019
24.453052440076135,34.401555802607234,-0.5938720703125,0.498779296875,0.188720703125,0.6024169921875,2.3225806451612905,70.38123167155426,1.8064516129032258,54.74095796676443,2.5387096774193547,76.93059628543499
24.473144980962388,34.401555802607234,-0.5938720703125,0.498779296875,0.188720703125,0.6024169921875,2.3096774193548386,69.99022482893452,1.7999999999999998,54.54545454545454,2.490322580645161,75.46432062561095
24.49324283306487,34.401555802607234,-0.5938720703125,0.498779296875,0.188720703125,0.6024169921875,2.358064516129032,71.45650048875855,1.7774193548387096,53.86119257086999,2.52258064516129,76.44183773216031
24.51331681397278,37.164768487879556,-0.60430908203125,0.48980712890625,0.168701171875,0.6053466796875,2.3483870967741938,71.16324535679375,1.7806451612903225,53.95894428152492,2.5129032258064514,76.1485826001955
24.533399466075934,37.164768487879556,-0.60430908203125,0.48980712890625,0.168701171875,0.6053466796875,2.3451612903225807,71.0654936461388,1.696774193548387,51.417399804496576,2.5064516129032257,75.95307917888563
24.553476518020034,40.221338802448116,-0.615478515625,0.4786376953125,0.14697265625,0.608642578125,2.3322580645161293,70.67448680351907,1.7,51.515151515151516,2.490322580645161,75.46432062561095
24.573584483005106,40.221338802448116,-0.615478515625,0.4786376953125,0.14697265625,0.608642578125,2.3451612903225807,71.0654936461388,1.6741935483870967,50.733137829912025,2.5032258064516126,75.8553274682307
24.59366089501418,40.221338802448116,-0.615478515625,0.4786376953125,0.14697265625,0.608642578125,2.2806451612903227,69.11045943304008,1.6774193548387097,50.83088954056696,2.5064516129032257,75.95307917888563
24.613774941070005,43.86767866213603,-0.628173828125,0.46588134765625,0.120361328125,0.6114501953125,2.3322580645161293,70.67448680351907,1.6516129032258065,50.048875855327466,2.5032258064516126,75.8553274682307
24.633845241041854,43.86767866213603,-0.628173828125,0.46588134765625,0.120361328125,0.6114501953125,2.2677419354838713,68.71945259042035,1.5387096774193547,46.62756598240469,2.5387096774193547,76.93059628543499
24.653872819966637,47.74322352235783,-0.64019775390625,0.4522705078125,0.09124755859375,0.6142578125,2.2774193548387096,69.01270772238514,1.5032258064516129,45.552297165200386,2.5032258064516126,75.8553274682307
24.673979792976752,47.74322352235783,-0.64019775390625,0.4522705078125,0.09124755859375,0.6142578125,2.2580645161290325,68.42619745845553,1.467741935483871,44.4770283479961,2.4774193548387093,75.07331378299119
24.694097390049137,47.74322352235783,-0.64019775390625,0.4522705078125,0.09124755859375,0.6142578125,2.2806451612903227,69.11045943304008,1.429032258064516,43.30400782013685,2.4774193548387093,75.07331378299119
24.714150057989173,51.78412442253662,-0.6536865234375,0.4365234375,0.0625,0.614990234375,2.2419354838709675,67.93743890518084,1.3548387096774193,41.05571847507331,2.5032258064516126,75.8553274682307
24.734214597032405,51.78412442253662,-0.6536865234375,0.4365234375,0.0625,0.614990234375,2.2677419354838713,68.71945259042035,1.2387096774193547,37.536656891495596,2.4774193548387093,75.07331378299119
24.754296833998524,55.83303296303836,-0.66748046875,0.42022705078125,0.03424072265625,0.61383056640625,2.2419354838709675,67.93743890518084,1.1741935483870969,35.581622678396876,2.490322580645161,75.46432062561095
24.77441078296397,55.83303296303836,-0.66748046875,0.42022705078125,0.03424072265625,0.61383056640625,2.2387096774193544,67.8396871945259,1.0193548387096774,30.889540566959923,2.493548387096774,75.56207233626587
24.794460474979132,55.83303296303836,-0.66748046875,0.42022705078125,0.03424072265625,0.61383056640625,2.235483870967742,67.74193548387096,0.9096774193548386,27.56598240469208,2.4774193548387093,75.07331378299119
24.814599576988257,59.999558336922924,-0.67999267578125,0.40277099609375,0.0047607421875,0.6126708984375,2.1677419354838707,65.6891495601173,0.632258064516129,19.159335288367547,2.4774193548387093,75.07331378299119
24.83465995604638,59.999558336922924,-0.67999267578125,0.40277099609375,0.0047607421875,0.6126708984375,2.170967741935484,65.78690127077223,0.36774193548387096,11.143695014662756,2.4806451612903224,75.17106549364614
24.85471156798303,64.12559437288206,-0.6920166015625,0.3857421875,-0.0245361328125,0.60968017578125,2.1645161290322577,65.59139784946235,0.2161290322580645,6.549364613880742,2.4838709677419355,75.26881720430107
24.874805164989084,64.12559437288206,-0.6920166015625,0.3857421875,-0.0245361328125,0.60968017578125,2.116129032258064,64.1251221896383,0.0967741935483871,2.932551319648094,2.4838709677419355,75.26881720430107
24.89490704901982,64.12559437288206,-0.6920166015625,0.3857421875,-0.0245361328125,0.60968017578125,2.116129032258064,64.1251221896383,0.0,0.0,2.4741935483870967,74.97556207233626
24.91495715698693,67.95595880354047,-0.70318603515625,0.37115478515625,-0.05206298828125,0.604248046875,2.125806451612903,64.41837732160313,0.025806451612903226,0.7820136852394917,2.487096774193548,75.366568914956
24.93503833701834,67.95595880354047,-0.70318603515625,0.37115478515625,-0.05206298828125,0.604248046875,2.1129032258064515,64.02737047898339,0.0032258064516129032,0.09775171065493646,2.4774193548387093,75.07331378299119
24.955109372967854,71.78244013128594,-0.71380615234375,0.35601806640625,-0.0792236328125,0.597900390625,2.064516129032258,62.56109481915934,0.029032258064516127,0.879765395894428,2.467741935483871,74.7800586510264
24.975216282065958,71.78244013128594,-0.71380615234375,0.35601806640625,-0.0792236328125,0.597900390625,2.061290322580645,62.4633431085044,0.009677419354838708,0.29325513196480935,2.4741935483870967,74.97556207233626
24.995310775004327,71.78244013128594,-0.71380615234375,0.35601806640625,-0.0792236328125,0.597900390625,2.0580645161290323,62.365591397849464,0.0,0.0,2.4741935483870967,74.97556207233626
25.015398196061142,75.70229179407676,-0.72381591796875,0.33978271484375,-0.1068115234375,0.5909423828125,2.0451612903225804,61.97458455522972,0.0,0.0,2.5,75.75757575757575
25.035458927042782,75.70229179407676,-0.72381591796875,0.33978271484375,-0.1068115234375,0.5909423828125,1.9580645161290322,59.33528836754643,0.0,0.0,2.4741935483870967,74.97556207233626
25.05553991603665,79.6987773595054,-0.7335205078125,0.32220458984375,-0.13427734375,0.58319091796875,2.0129032258064514,60.997067448680355,0.0,0.0,2.4516129032258065,74.29130009775172
25.07565696898382,79.6987773595054,-0.7335205078125,0.32220458984375,-0.13427734375,0.58319091796875,2.0032258064516126,60.703812316715535,0.0,0.0,2.4516129032258065,74.29130009775172
25.09575879003387,79.6987773595054,-0.7335205078125,0.32220458984375,-0.13427734375,0.58319091796875,2.051612903225806,62.17008797653958,0.0,0.0,2.4516129032258065,74.29130009775172
25.11583616200369,83.58268992362197,-0.74285888671875,0.30499267578125,-0.160400390625,0.57391357421875,2.0258064516129033,61.3880742913001,0.0,0.0,2.4193548387096775,73.31378299120234
25.13593007903546,83.58268992362197,-0.74285888671875,0.30499267578125,-0.160400390625,0.57391357421875,2.029032258064516,61.48582600195503,0.0,0.0,2.435483870967742,73.80254154447702
25.156011515064165,87.23694324522941,-0.7515869140625,0.288818359375,-0.18450927734375,0.5635986328125,2.0580645161290323,62.365591397849464,0.0,0.0,2.42258064516129,73.41153470185728
25.17610258399509,87.23694324522941,-0.7515869140625,0.288818359375,-0.18450927734375,0.5635986328125,2.061290322580645,62.4633431085044,0.0,0.0,2.4709677419354836,74.87781036168133
25.19618722004816,90.56590915689347,-0.7589111328125,0.2752685546875,-0.20697021484375,0.55267333984375,2.0,60.60606060606061,0.0,0.0,2.458064516129032,74.48680351906158
25.216308946022764,90.56590915689347,-0.7589111328125,0.2752685546875,-0.20697021484375,0.55267333984375,2.009677419354839,60.899315738025415,0.27096774193548384,8.211143695014663,2.4612903225806453,74.58455522971653
25.23636283003725,90.56590915689347,-0.7589111328125,0.2752685546875,-0.20697021484375,0.55267333984375,2.054838709677419,62.267839687194524,0.2838709677419355,8.60215053763441,2.4516129032258065,74.29130009775172
25.256486027035862,93.7183802081309,-0.764892578125,0.2633056640625,-0.22882080078125,0.54156494140625,2.032258064516129,61.58357771260997,0.30967741935483867,9.384164222873899,2.464516129032258,74.68230694037146
25.27653635898605,93.7183802081309,-0.764892578125,0.2633056640625,-0.22882080078125,0.54156494140625,2.041935483870968,61.87683284457478,0.35161290322580646,10.654936461388074,2.4741935483870967,74.97556207233626
25.29661187506281,96.82993064625185,-0.770263671875,0.2503662109375,-0.24969482421875,0.53070068359375,2.0,60.60606060606061,0.4225806451612903,12.805474095796676,2.493548387096774,75.56207233626587
25.31672201596666,96.82993064625185,-0.770263671875,0.2503662109375,-0.24969482421875,0.53070068359375,2.0903225806451613,63.34310850439883,0.4161290322580645,12.609970674486803,2.4774193548387093,75.07331378299119
25.336807867977768,96.82993064625185,-0.770263671875,0.2503662109375,-0.24969482421875,0.53070068359375,2.0387096774193547,61.779081133919846,0.4419354838709677,13.391984359726294,2.4741935483870967,74.97556207233626
25.35687516001053,99.54664300339041,-0.77471923828125,0.2364501953125,-0.2664794921875,0.52239990234375,2.032258064516129,61.58357771260997,0.5419354838709677,16.422287390029325,2.4741935483870967,74.97556207233626
25.376952757011168,99.54664300339041,-0.77471923828125,0.2364501953125,-0.2664794921875,0.52239990234375,2.054838709677419,62.267839687194524,0.7612903225806451,23.069403714565002,2.487096774193548,75.366568914956
25.39703643298708,101.9375803937868,-0.77874755859375,0.22430419921875,-0.2808837890625,0.51409912109375,2.0709677419354837,62.75659824046921,0.9290322580645161,28.152492668621697,2.496774193548387,75.65982404692082
25.417165167047642,101.9375803937868,-0.77874755859375,0.22430419921875,-0.2808837890625,0.51409912109375,2.0999999999999996,63.636363636363626,0.9903225806451612,30.009775171065495,2.52258064516129,76.44183773216031
25.43725950003136,101.9375803937868,-0.77874755859375,0.22430419921875,-0.2808837890625,0.51409912109375,2.138709677419355,64.80938416422288,1.1580645161290324,35.0928641251222,2.5032258064516126,75.8553274682307
25.457304678973742,103.89115823234991,-0.78155517578125,0.21624755859375,-0.29364013671875,0.50616455078125,2.158064516129032,65.39589442815249,1.2870967741935482,39.00293255131964,2.490322580645161,75.46432062561095
25.477375459042378,103.89115823234991,-0.78155517578125,0.21624755859375,-0.29364013671875,0.50616455078125,2.2580645161290325,68.42619745845553,1.3709677419354838,41.54447702834799,2.525806451612903,76.53958944281524
25.49745747097768,105.49457968719622,-0.7841796875,0.210205078125,-0.303955078125,0.49847412109375,2.2419354838709675,67.93743890518084,1.3419354838709676,40.66471163245357,2.5096774193548383,76.05083088954055
25.51753065106459,105.49457968719622,-0.7841796875,0.210205078125,-0.303955078125,0.49847412109375,2.1774193548387095,65.98240469208211,1.403225806451613,42.52199413489737,2.5129032258064514,76.1485826001955
25.537600854993798,105.49457968719622,-0.7841796875,0.210205078125,-0.303955078125,0.49847412109375,2.2419354838709675,67.93743890518084,1.4258064516129032,43.20625610948191,2.5161290322580645,76.24633431085044
25.557705332059413,106.77077534177194,-0.78564453125,0.20556640625,-0.31256103515625,0.49273681640625,2.2193548387096773,67.25317693059628,1.4483870967741934,43.89051808406647,2.5,75.75757575757575
25.577761776046827,106.77077534177194,-0.78564453125,0.20556640625,-0.31256103515625,0.49273681640625,2.24516129032258,68.03519061583576,1.4516129032258065,43.98826979472141,2.5161290322580645,76.24633431085044
25.597856812993996,107.67068923365699,-0.78643798828125,0.20184326171875,-0.31854248046875,0.48919677734375,2.2580645161290325,68.42619745845553,1.493548387096774,45.25904203323558,2.487096774193548,75.366568914956
25.61797431402374,107.67068923365699,-0.78643798828125,0.20184326171875,-0.31854248046875,0.48919677734375,2.2903225806451615,69.40371456500489,1.529032258064516,46.33431085043988,2.52258064516129,76.44183773216031
25.638044198043644,107.67068923365699,-0.78643798828125,0.20184326171875,-0.31854248046875,0.48919677734375,2.3000000000000003,69.69696969696972,1.561290322580645,47.31182795698924,2.5419354838709673,77.02834799608992
25.658103425987065,108.31562835014215,-0.7872314453125,0.20013427734375,-0.32305908203125,0.48565673828125,2.3322580645161293,70.67448680351907,1.561290322580645,47.31182795698924,2.525806451612903,76.53958944281524
25.67817993403878,108.31562835014215,-0.7872314453125,0.20013427734375,-0.32305908203125,0.48565673828125,2.3322580645161293,70.67448680351907,1.5677419354838709,47.507331378299114,2.5774193548387094,78.10361681329422
25.69826601096429,108.5905669018063,-0.7879638671875,0.2015380859375,-0.32562255859375,0.482177734375,2.3322580645161293,70.67448680351907,1.5483870967741935,46.9208211143695,2.5064516129032257,75.95307917888563
25.71834603906609,108.5905669018063,-0.7879638671875,0.2015380859375,-0.32562255859375,0.482177734375,2.3516129032258064,71.26099706744868,1.590322580645161,48.19159335288367,2.558064516129032,77.5171065493646
25.73843237105757,108.5905669018063,-0.7879638671875,0.2015380859375,-0.32562255859375,0.482177734375,2.338709677419355,70.86999022482894,1.5709677419354837,47.60508308895405,2.529032258064516,76.63734115347019
25.758512848056853,108.64109168058334,-0.7879638671875,0.20361328125,-0.32696533203125,0.48040771484375,2.3225806451612905,70.38123167155426,1.5677419354838709,47.507331378299114,2.5,75.75757575757575
25.778601708007045,108.64109168058334,-0.7879638671875,0.20361328125,-0.32696533203125,0.48040771484375,2.329032258064516,70.57673509286413,1.5677419354838709,47.507331378299114,2.4741935483870967,74.97556207233626
25.79869152896572,108.62690400121762,-0.78729248046875,0.20599365234375,-0.32830810546875,0.4794921875,2.3096774193548386,69.99022482893452,1.5387096774193547,46.62756598240469,2.532258064516129,76.73509286412512
25.818884680978954,108.62690400121762,-0.78729248046875,0.20599365234375,-0.32830810546875,0.4794921875,2.2677419354838713,68.71945259042035,1.5548387096774192,47.11632453567937,2.5451612903225804,77.12609970674487
25.838924771989696,108.62690400121762,-0.78729248046875,0.20599365234375,-0.32830810546875,0.4794921875,2.338709677419355,70.86999022482894,1.5193548387096774,46.04105571847507,2.525806451612903,76.53958944281524
25.8590142079629,108.48694840080744,-0.7862548828125,0.20831298828125,-0.32879638671875,0.47991943359375,2.2903225806451615,69.40371456500489,1.5483870967741935,46.9208211143695,2.558064516129032,77.5171065493646
25.879043546970934,108.48694840080744,-0.7862548828125,0.20831298828125,-0.32879638671875,0.47991943359375,2.3193548387096774,70.28347996089931,1.4870967741935484,45.06353861192571,2.558064516129032,77.5171065493646
25.89915051998105,108.27187182995812,-0.78460693359375,0.211669921875,-0.3294677734375,0.48065185546875,2.3322580645161293,70.67448680351907,1.4870967741935484,45.06353861192571,2.5387096774193547,76.93059628543499
25.919215603964403,108.27187182995812,-0.78460693359375,0.211669921875,-0.3294677734375,0.48065185546875,2.3193548387096774,70.28347996089931,1.493548387096774,45.25904203323558,2.5354838709677416,76.83284457478005
25.93927940807771,108.27187182995812,-0.78460693359375,0.211669921875,-0.3294677734375,0.48065185546875,2.3193548387096774,70.28347996089931,1.5225806451612902,46.138807429130004,2.5354838709677416,76.83284457478005
25.959343084017746,108.05729183541295,-0.7833251953125,0.21551513671875,-0.330078125,0.4805908203125,2.296774193548387,69.59921798631477,1.5419354838709676,46.72531769305962,2.5677419354838706,77.81036168132943
25.979430919978768,108.05729183541295,-0.7833251953125,0.21551513671875,-0.330078125,0.4805908203125,2.2677419354838713,68.71945259042035,1.5225806451612902,46.138807429130004,2.5387096774193547,76.93059628543499
25.99949091603048,107.8004719816385,-0.7823486328125,0.2188720703125,-0.32989501953125,0.4808349609375,2.270967741935484,68.81720430107528,1.5096774193548386,45.74780058651026,2.5032258064516126,75.8553274682307
26.019594529061578,107.8004719816385,-0.7823486328125,0.2188720703125,-0.32989501953125,0.4808349609375,2.261290322580645,68.52394916911047,1.4741935483870967,44.67253176930596,2.529032258064516,76.63734115347019
26.039621019968763,107.8004719816385,-0.7823486328125,0.2188720703125,-0.32989501953125,0.4808349609375,2.2322580645161287,67.64418377321603,1.4806451612903224,44.868035190615835,2.529032258064516,76.63734115347019
26.05972015298903,107.5265093554822,-0.7811279296875,0.22100830078125,-0.3292236328125,0.4822998046875,2.1838709677419352,66.17790811339198,1.432258064516129,43.401759530791786,2.487096774193548,75.366568914956
26.079755572020076,107.5265093554822,-0.7811279296875,0.22100830078125,-0.3292236328125,0.4822998046875,2.190322580645161,66.37341153470186,1.4161290322580644,42.91300097751711,2.558064516129032,77.5171065493646
26.099809742998332,107.15217453792117,-0.77923583984375,0.223388671875,-0.3282470703125,0.48492431640625,2.1322580645161286,64.61388074291298,1.3548387096774193,41.05571847507331,2.5354838709677416,76.83284457478005
26.11985601100605,107.15217453792117,-0.77923583984375,0.223388671875,-0.3282470703125,0.48492431640625,2.106451612903226,63.831867057673506,1.3193548387096772,39.980449657869,2.551612903225806,77.32160312805473
26.13991063006688,107.15217453792117,-0.77923583984375,0.223388671875,-0.3282470703125,0.48492431640625,2.0774193548387094,62.95210166177908,1.2903225806451613,39.100684261974585,2.5387096774193547,76.93059628543499
26.159973666071892,106.68368369392554,-0.77789306640625,0.22613525390625,-0.326171875,0.48724365234375,2.0354838709677416,61.6813294232649,1.296774193548387,39.29618768328446,2.529032258064516,76.63734115347019
26.18003116606269,106.68368369392554,-0.77789306640625,0.22613525390625,-0.326171875,0.48724365234375,2.087096774193548,63.24535679374389,1.2709677419354837,38.51417399804496,2.5483870967741935,77.2238514173998
26.20013471506536,105.959522328934,-0.776123046875,0.22979736328125,-0.32244873046875,0.49078369140625,2.125806451612903,64.41837732160313,1.2225806451612904,37.047898338220925,2.564516129032258,77.71260997067448
26.22022130305413,105.959522328934,-0.776123046875,0.22979736328125,-0.32244873046875,0.49078369140625,2.1645161290322577,65.59139784946235,1.232258064516129,37.34115347018573,2.5774193548387094,78.10361681329422
26.240246098022908,105.959522328934,-0.776123046875,0.22979736328125,-0.32244873046875,0.49078369140625,2.1516129032258062,65.20039100684262,1.2258064516129032,37.14565004887586,2.5451612903225804,77.12609970674487
26.260316077969037,104.89406738676995,-0.77410888671875,0.23480224609375,-0.31634521484375,0.49560546875,2.1548387096774193,65.29814271749756,1.232258064516129,37.34115347018573,2.529032258064516,76.63734115347019
26.28040378598962,104.89406738676995,-0.77410888671875,0.23480224609375,-0.31634521484375,0.49560546875,2.161290322580645,65.49364613880742,1.2354838709677418,37.43890518084066,2.5774193548387094,78.10361681329422
26.300471174065024,103.54648397560273,-0.77105712890625,0.24090576171875,-0.30877685546875,0.50213623046875,2.1129032258064515,64.02737047898339,1.229032258064516,37.24340175953079,2.6032258064516127,78.88563049853371
26.32052739406936,103.54648397560273,-0.77105712890625,0.24090576171875,-0.30877685546875,0.50213623046875,2.1677419354838707,65.6891495601173,1.2999999999999998,39.39393939393939,2.525806451612903,76.53958944281524
26.340568221057765,103.54648397560273,-0.77105712890625,0.24090576171875,-0.30877685546875,0.50213623046875,2.180645161290322,66.08015640273703,1.3096774193548386,39.687194525904204,2.5483870967741935,77.2238514173998
26.360653048963286,101.9030201454656,-0.7674560546875,0.247802734375,-0.299072265625,0.51007080078125,2.1838709677419352,66.17790811339198,1.3161290322580643,39.882697947214076,2.551612903225806,77.32160312805473
26.380705140996724,101.9030201454656,-0.7674560546875,0.247802734375,-0.299072265625,0.51007080078125,2.2161290322580642,67.15542521994135,1.3516129032258062,40.957966764418366,2.5483870967741935,77.2238514173998
26.40078132902272,100.01607360141016,-0.763671875,0.2548828125,-0.287109375,0.51904296875,2.190322580645161,66.37341153470186,1.4258064516129032,43.20625610948191,2.519354838709677,76.34408602150538
26.42088186996989,100.01607360141016,-0.763671875,0.2548828125,-0.287109375,0.51904296875,2.2419354838709675,67.93743890518084,1.461290322580645,44.28152492668622,2.564516129032258,77.71260997067448
26.440902824979275,100.01607360141016,-0.763671875,0.2548828125,-0.287109375,0.51904296875,2.235483870967742,67.74193548387096,1.4709677419354839,44.57478005865102,2.551612903225806,77.32160312805473
26.460986501071602,97.61645397175717,-0.75811767578125,0.263671875,-0.27203369140625,0.53082275390625,2.261290322580645,68.52394916911047,1.4903225806451612,45.16129032258064,2.561290322580645,77.61485826001955
26.481065185042098,97.61645397175717,-0.75811767578125,0.263671875,-0.27203369140625,0.53082275390625,2.2483870967741932,68.1329423264907,1.5354838709677419,46.52981427174975,2.5483870967741935,77.2238514173998
26.501147262053564,94.69462260329684,-0.7520751953125,0.275146484375,-0.25299072265625,0.54278564453125,2.274193548387097,68.91495601173021,1.5193548387096774,46.04105571847507,2.5129032258064514,76.1485826001955
26.521203192998655,94.69462260329684,-0.7520751953125,0.275146484375,-0.25299072265625,0.54278564453125,2.261290322580645,68.52394916911047,1.5,45.45454545454546,2.551612903225806,77.32160312805473
26.5412641169969,94.69462260329684,-0.7520751953125,0.275146484375,-0.25299072265625,0.54278564453125,2.261290322580645,68.52394916911047,1.5419354838709676,46.72531769305962,2.5451612903225804,77.12609970674487
26.561328081064858,91.34733287987113,-0.74468994140625,0.289306640625,-0.2314453125,0.55511474609375,2.274193548387097,68.91495601173021,1.635483870967742,49.56011730205279,2.6032258064516127,78.88563049853371
26.581392301013693,91.34733287987113,-0.74468994140625,0.289306640625,-0.2314453125,0.55511474609375,2.270967741935484,68.81720430107528,1.6483870967741936,49.95112414467254,2.551612903225806,77.32160312805473
26.601474569062702,87.9834804989176,-0.73748779296875,0.30413818359375,-0.2093505859375,0.56549072265625,2.274193548387097,68.91495601173021,1.6548387096774193,50.146627565982406,2.525806451612903,76.53958944281524
26.621591271017678,87.9834804989176,-0.73748779296875,0.30413818359375,-0.2093505859375,0.56549072265625,2.296774193548387,69.59921798631477,1.6451612903225807,49.8533724340176,2.5387096774193547,76.93059628543499
26.641601377050392,87.9834804989176,-0.73748779296875,0.30413818359375,-0.2093505859375,0.56549072265625,2.270967741935484,68.81720430107528,1.6451612903225807,49.8533724340176,2.551612903225806,77.32160312805473
26.66166978899855,84.12245438277101,-0.7288818359375,0.32177734375,-0.18389892578125,0.57568359375,2.2838709677419358,69.20821114369502,1.6612903225806452,50.34213098729228,2.529032258064516,76.63734115347019
26.681740600964986,84.12245438277101,-0.7288818359375,0.32177734375,-0.18389892578125,0.57568359375,2.274193548387097,68.91495601173021,1.696774193548387,51.417399804496576,2.5354838709677416,76.83284457478005
26.70184351003263,80.35811656121105,-0.7205810546875,0.33831787109375,-0.1580810546875,0.584228515625,2.3096774193548386,69.99022482893452,1.6483870967741936,49.95112414467254,2.529032258064516,76.63734115347019
26.72190987400245,80.35811656121105,-0.7205810546875,0.33831787109375,-0.1580810546875,0.584228515625,2.2838709677419358,69.20821114369502,1.729032258064516,52.39491691104594,2.525806451612903,76.53958944281524
26.741965388995595,80.35811656121105,-0.7205810546875,0.33831787109375,-0.1580810546875,0.584228515625,2.264516129032258,68.6217008797654,1.7161290322580645,52.003910068426194,2.558064516129032,77.5171065493646
26.762039465014823,76.04657652014515,-0.7095947265625,0.3572998046875,-0.12890625,0.59344482421875,2.270967741935484,68.81720430107528,1.7,51.515151515151516,2.5387096774193547,76.93059628543499
26.782100036973134,76.04657652014515,-0.7095947265625,0.3572998046875,-0.12890625,0.59344482421875,2.3096774193548386,69.99022482893452,1.761290322580645,53.3724340175953,2.529032258064516,76.63734115347019
26.80217427306343,71.82485866286117,-0.69927978515625,0.375244140625,-0.09912109375,0.600341796875,2.2870967741935484,69.30596285434996,1.7774193548387096,53.86119257086999,2.5419354838709673,77.02834799608992
26.822263582027517,71.82485866286117,-0.69927978515625,0.375244140625,-0.09912109375,0.600341796875,2.3000000000000003,69.69696969696972,1.7774193548387096,53.86119257086999,2.529032258064516,76.63734115347019
26.842300185002387,71.82485866286117,-0.69927978515625,0.375244140625,-0.09912109375,0.600341796875,2.358064516129032,71.45650048875855,1.8064516129032258,54.74095796676443,2.5709677419354837,77.90811339198436
26.86236434103921,67.44806998890937,-0.68768310546875,0.39422607421875,-0.06842041015625,0.60577392578125,2.329032258064516,70.57673509286413,1.8161290322580643,55.034213098729225,2.551612903225806,77.32160312805473
26.882440657005645,67.44806998890937,-0.68768310546875,0.39422607421875,-0.06842041015625,0.60577392578125,2.293548387096774,69.50146627565982,1.8483870967741933,56.01173020527859,2.5354838709677416,76.83284457478005
26.902546638040803,63.03142278354032,-0.675048828125,0.41253662109375,-0.03717041015625,0.6104736328125,2.3000000000000003,69.69696969696972,1.8709677419354838,56.695992179863154,2.5,75.75757575757575
26.92259194504004,63.03142278354032,-0.675048828125,0.41253662109375,-0.03717041015625,0.6104736328125,2.329032258064516,70.57673509286413,1.9,57.57575757575758,2.529032258064516,76.63734115347019
26.942620899993926,63.03142278354032,-0.675048828125,0.41253662109375,-0.03717041015625,0.6104736328125,2.358064516129032,71.45650048875855,1.8709677419354838,56.695992179863154,2.5,75.75757575757575
26.962700703996234,58.681649363082634,-0.66290283203125,0.429931640625,-0.0054931640625,0.61297607421875,2.325806451612903,70.4789833822092,1.8870967741935485,57.18475073313783,2.519354838709677,76.34408602150538
26.98276556399651,58.681649363082634,-0.66290283203125,0.429931640625,-0.0054931640625,0.61297607421875,2.3129032258064517,70.08797653958945,1.896774193548387,57.478005865102645,2.554838709677419,77.41935483870968
27.002845913055353,54.30673541375431,-0.64923095703125,0.44708251953125,0.0260009765625,0.61474609375,2.3129032258064517,70.08797653958945,1.896774193548387,57.478005865102645,2.5354838709677416,76.83284457478005
27.022954902029596,54.30673541375431,-0.64923095703125,0.44708251953125,0.0260009765625,0.61474609375,2.293548387096774,69.50146627565982,1.8903225806451613,57.28250244379277,2.596774193548387,78.69012707722385
27.042986257001758,54.30673541375431,-0.64923095703125,0.44708251953125,0.0260009765625,0.61474609375,2.3225806451612905,70.38123167155426,1.8516129032258062,56.10948191593352,2.5129032258064514,76.1485826001955
27.063054125057533,50.24574680172221,-0.6363525390625,0.4622802734375,0.0556640625,0.61505126953125,2.2806451612903227,69.11045943304008,1.8032258064516127,54.64320625610948,2.564516129032258,77.71260997067448
27.083146568969823,50.24574680172221,-0.6363525390625,0.4622802734375,0.0556640625,0.61505126953125,2.3000000000000003,69.69696969696972,1.8451612903225805,55.91397849462365,2.5483870967741935,77.2238514173998
27.103185508050956,46.27825367457021,-0.6220703125,0.4783935546875,0.08319091796875,0.61419677734375,2.3451612903225807,71.0654936461388,1.8387096774193548,55.71847507331379,2.5483870967741935,77.2238514173998
27.1232733130455,46.27825367457021,-0.6220703125,0.4783935546875,0.08319091796875,0.61419677734375,2.325806451612903,70.4789833822092,1.829032258064516,55.42521994134897,2.551612903225806,77.32160312805473
27.143316700006835,46.27825367457021,-0.6220703125,0.4783935546875,0.08319091796875,0.61419677734375,2.338709677419355,70.86999022482894,1.829032258064516,55.42521994134897,2.529032258064516,76.63734115347019
27.163390391971916,42.46763060235175,-0.60870361328125,0.49298095703125,0.1104736328125,0.61175537109375,2.3419354838709676,70.96774193548387,1.8129032258064515,54.936461388074285,2.5064516129032257,75.95307917888563
27.18345368397422,42.46763060235175,-0.60870361328125,0.49298095703125,0.1104736328125,0.61175537109375,2.3161290322580648,70.1857282502444,1.796774193548387,54.44770283479961,2.5129032258064514,76.1485826001955
27.203525935998186,38.79907618577884,-0.59503173828125,0.507568359375,0.13616943359375,0.60809326171875,2.335483870967742,70.772238514174,1.8161290322580643,55.034213098729225,2.551612903225806,77.32160312805473
27.223621133016422,38.79907618577884,-0.59503173828125,0.507568359375,0.13616943359375,0.60809326171875,2.2806451612903227,69.11045943304008,1.7516129032258063,53.0791788856305,2.5419354838709673,77.02834799608992
27.24366007198114,38.79907618577884,-0.59503173828125,0.507568359375,0.13616943359375,0.60809326171875,2.2677419354838713,68.71945259042035,1.8032258064516127,54.64320625610948,2.5774193548387094,78.10361681329422
27.263787653995678,35.337019183743834,-0.58026123046875,0.52191162109375,0.1590576171875,0.60467529296875,2.3000000000000003,69.69696969696972,1.8580645161290321,56.304985337243394,2.5741935483870964,78.00586510263928
27.28390208305791,35.337019183743834,-0.58026123046875,0.52191162109375,0.1590576171875,0.60467529296875,2.3548387096774195,71.35874877810362,1.8548387096774193,56.20723362658847,2.5419354838709673,77.02834799608992
27.303930494002998,32.23480076354671,-0.56695556640625,0.53533935546875,0.1796875,0.5997314453125,2.3419354838709676,70.96774193548387,1.8645161290322578,56.50048875855327,2.5419354838709673,77.02834799608992
27.323967161006294,32.23480076354671,-0.56695556640625,0.53533935546875,0.1796875,0.5997314453125,2.361290322580645,71.5542521994135,1.8806451612903226,56.98924731182796,2.529032258064516,76.63734115347019
27.344056342029944,32.23480076354671,-0.56695556640625,0.53533935546875,0.1796875,0.5997314453125,2.335483870967742,70.772238514174,1.8677419354838707,56.59824046920821,2.5419354838709673,77.02834799608992
27.36412411404308,29.381342110542548,-0.55352783203125,0.5478515625,0.197998046875,0.59521484375,2.3451612903225807,71.0654936461388,1.8354838709677417,55.62072336265884,2.5741935483870964,78.00586510263928
27.384174445061944,29.381342110542548,-0.55352783203125,0.5478515625,0.197998046875,0.59521484375,2.3451612903225807,71.0654936461388,1.8483870967741933,56.01173020527859,2.529032258064516,76.63734115347019
27.40423629700672,26.799969321742523,-0.53985595703125,0.5601806640625,0.21356201171875,0.59088134765625,2.358064516129032,71.45650048875855,1.8677419354838707,56.59824046920821,2.551612903225806,77.32160312805473
27.424323813058436,26.799969321742523,-0.53985595703125,0.5601806640625,0.21356201171875,0.59088134765625,2.325806451612903,70.4789833822092,1.8870967741935485,57.18475073313783,2.5451612903225804,77.12609970674487
27.4443900489714,26.799969321742523,-0.53985595703125,0.5601806640625,0.21356201171875,0.59088134765625,2.361290322580645,71.5542521994135,1.8580645161290321,56.304985337243394,2.5419354838709673,77.02834799608992
27.464434813009575,24.537205329897404,-0.5269775390625,0.5709228515625,0.22686767578125,0.5872802734375,2.3225806451612905,70.38123167155426,1.8870967741935485,57.18475073313783,2.487096774193548,75.366568914956
27.484519609017298,24.537205329897404,-0.5269775390625,0.5709228515625,0.22686767578125,0.5872802734375,2.261290322580645,68.52394916911047,1.8741935483870966,56.79374389051808,2.490322580645161,75.46432062561095
27.50457464507781,22.05188689018668,-0.5120849609375,0.58148193359375,0.24163818359375,0.58416748046875,2.235483870967742,67.74193548387096,1.8870967741935485,57.18475073313783,2.525806451612903,76.53958944281524
27.524638128001243,22.05188689018668,-0.5120849609375,0.58148193359375,0.24163818359375,0.58416748046875,2.2290322580645157,67.54643206256108,1.8677419354838707,56.59824046920821,2.4838709677419355,75.26881720430107
27.62681733199861,22.05188689018668,-0.5120849609375,0.58148193359375,0.24163818359375,0.58416748046875,2.1999999999999997,66.66666666666666,1.9225806451612903,58.260019550342136,2.5,75.75757575757575
27.62720473506488,19.84943133186107,-0.4976806640625,0.5909423828125,0.25408935546875,0.58184814453125,2.2548387096774194,68.32844574780059,1.9806451612903224,60.01955034213099,2.4709677419354836,74.87781036168133
27.647325341007672,19.84943133186107,-0.4976806640625,0.5909423828125,0.25408935546875,0.58184814453125,2.329032258064516,70.57673509286413,2.029032258064516,61.48582600195503,2.425806451612903,73.50928641251222
27.667411577072926,18.098247896751403,-0.48516845703125,0.59881591796875,0.2635498046875,0.58013916015625,2.325806451612903,70.4789833822092,2.0387096774193547,61.779081133919846,2.435483870967742,73.80254154447702
27.68754309497308,18.098247896751403,-0.48516845703125,0.59881591796875,0.2635498046875,0.58013916015625,2.3193548387096774,70.28347996089931,2.0580645161290323,62.365591397849464,2.4096774193548387,73.02052785923753
27.70748718304094,18.098247896751403,-0.48516845703125,0.59881591796875,0.2635498046875,0.58013916015625,2.3225806451612905,70.38123167155426,2.0580645161290323,62.365591397849464,2.370967741935484,71.8475073313783
27.72758814005647,16.61266441704072,-0.4749755859375,0.60498046875,0.2724609375,0.57806396484375,2.3193548387096774,70.28347996089931,2.064516129032258,62.56109481915934,2.4483870967741934,74.19354838709677
27.747620903071947,16.61266441704072,-0.4749755859375,0.60498046875,0.2724609375,0.57806396484375,2.293548387096774,69.50146627565982,2.061290322580645,62.4633431085044,2.467741935483871,74.7800586510264
27.767706979997456,15.12763309835124,-0.46429443359375,0.61163330078125,0.2816162109375,0.57537841796875,2.2838709677419358,69.20821114369502,2.1032258064516127,63.73411534701857,2.3838709677419354,72.23851417399804
27.787740095052868,15.12763309835124,-0.46429443359375,0.61163330078125,0.2816162109375,0.57537841796875,2.270967741935484,68.81720430107528,2.1193548387096772,64.22287390029325,2.4419354838709677,73.9980449657869
27.807820155052468,15.12763309835124,-0.46429443359375,0.61163330078125,0.2816162109375,0.57537841796875,2.293548387096774,69.50146627565982,2.161290322580645,65.49364613880742,2.4193548387096775,73.31378299120234
27.82789394306019,13.844836917279807,-0.45281982421875,0.61859130859375,0.28851318359375,0.5736083984375,2.2838709677419358,69.20821114369502,2.161290322580645,65.49364613880742,2.4419354838709677,73.9980449657869
27.84792238601949,13.844836917279807,-0.45281982421875,0.61859130859375,0.28851318359375,0.5736083984375,2.3645161290322583,71.65200391006844,2.1548387096774193,65.29814271749756,2.445161290322581,74.09579667644185
27.868035790976137,13.202666244150421,-0.44317626953125,0.62591552734375,0.28973388671875,0.57257080078125,2.361290322580645,71.5542521994135,2.180645161290322,66.08015640273703,2.454838709677419,74.38905180840665
27.888103211065754,13.202666244150421,-0.44317626953125,0.62591552734375,0.28973388671875,0.57257080078125,2.403225806451613,72.82502443792767,2.190322580645161,66.37341153470186,2.445161290322581,74.09579667644185
27.90813648607582,13.202666244150421,-0.44317626953125,0.62591552734375,0.28973388671875,0.57257080078125,2.4,72.72727272727273,2.190322580645161,66.37341153470186,2.435483870967742,73.80254154447702
27.928191169979982,12.99333426163625,-0.43719482421875,0.631591796875,0.2890625,0.5712890625,2.4193548387096775,73.31378299120234,2.203225806451613,66.7644183773216,2.435483870967742,73.80254154447702
27.948265981976874,12.99333426163625,-0.43719482421875,0.631591796875,0.2890625,0.5712890625,2.3967741935483873,72.6295210166178,2.1870967741935483,66.27565982404691,2.4741935483870967,74.97556207233626
27.968336282065138,12.823610793446079,-0.433349609375,0.63519287109375,0.28961181640625,0.5699462890625,2.4290322580645163,73.60703812316717,2.1645161290322577,65.59139784946235,2.4741935483870967,74.97556207233626
27.988382357056253,12.823610793446079,-0.433349609375,0.63519287109375,0.28961181640625,0.5699462890625,2.467741935483871,74.7800586510264,2.190322580645161,66.37341153470186,2.4806451612903224,75.17106549364614
28.00843937706668,12.823610793446079,-0.433349609375,0.63519287109375,0.28961181640625,0.5699462890625,2.4290322580645163,73.60703812316717,2.1645161290322577,65.59139784946235,2.490322580645161,75.46432062561095
28.028520749066956,12.77195904039526,-0.431884765625,0.635986328125,0.28887939453125,0.570556640625,2.4193548387096775,73.31378299120234,2.1838709677419352,66.17790811339198,2.5129032258064514,76.1485826001955
28.04862548201345,12.77195904039526,-0.431884765625,0.635986328125,0.28887939453125,0.570556640625,2.435483870967742,73.80254154447702,2.138709677419355,64.80938416422288,2.464516129032258,74.68230694037146
28.068647781037726,12.855288267437118,-0.4342041015625,0.634033203125,0.288818359375,0.571044921875,2.4483870967741934,74.19354838709677,2.0999999999999996,63.636363636363626,2.4806451612903224,75.17106549364614
28.088716448983178,12.855288267437118,-0.4342041015625,0.634033203125,0.288818359375,0.571044921875,2.3967741935483873,72.6295210166178,2.125806451612903,64.41837732160313,2.5,75.75757575757575
28.10875308397226,12.855288267437118,-0.4342041015625,0.634033203125,0.288818359375,0.571044921875,2.3967741935483873,72.6295210166178,2.087096774193548,63.24535679374389,2.4838709677419355,75.26881720430107
28.128811671980657,13.05236424749532,-0.43829345703125,0.63055419921875,0.28863525390625,0.57183837890625,2.425806451612903,73.50928641251222,2.116129032258064,64.1251221896383,2.467741935483871,74.7800586510264
28.148876692052,13.05236424749532,-0.43829345703125,0.63055419921875,0.28863525390625,0.57183837890625,2.458064516129032,74.48680351906158,2.1193548387096772,64.22287390029325,2.493548387096774,75.56207233626587
28.168936847010627,13.323514971079419,-0.44384765625,0.62567138671875,0.28863525390625,0.5728759765625,2.4096774193548387,73.02052785923753,2.1322580645161286,64.61388074291298,2.4774193548387093,75.07331378299119
28.188991723000072,13.323514971079419,-0.44384765625,0.62567138671875,0.28863525390625,0.5728759765625,2.4193548387096775,73.31378299120234,2.0903225806451613,63.34310850439883,2.5,75.75757575757575
28.209053031052463,13.323514971079419,-0.44384765625,0.62567138671875,0.28863525390625,0.5728759765625,2.4096774193548387,73.02052785923753,2.0774193548387094,62.95210166177908,2.493548387096774,75.56207233626587
28.22911427402869,13.77594762513148,-0.45306396484375,0.61767578125,0.28900146484375,0.57421875,2.370967741935484,71.8475073313783,2.0580645161290323,62.365591397849464,2.4774193548387093,75.07331378299119
28.24927337700501,13.77594762513148,-0.45306396484375,0.61767578125,0.28900146484375,0.57421875,2.412903225806452,73.11827956989248,2.0483870967741935,62.07233626588465,2.4838709677419355,75.26881720430107
28.269279450993054,14.473197143744969,-0.46484375,0.60736083984375,0.28955078125,0.57550048828125,2.393548387096774,72.53176930596285,2.009677419354839,60.899315738025415,2.4774193548387093,75.07331378299119
28.289413433056325,14.473197143744969,-0.46484375,0.60736083984375,0.28955078125,0.57550048828125,2.370967741935484,71.8475073313783,1.9193548387096775,58.162267839687196,2.490322580645161,75.46432062561095
28.309421043028124,14.473197143744969,-0.46484375,0.60736083984375,0.28955078125,0.57550048828125,2.390322580645161,72.43401759530792,1.8935483870967742,57.380254154447705,2.4774193548387093,75.07331378299119
28.329476047074422,15.266972703613519,-0.47705078125,0.59527587890625,0.29010009765625,0.57781982421875,2.3806451612903228,72.14076246334312,1.8709677419354838,56.695992179863154,2.5064516129032257,75.95307917888563
28.349534731009044,15.266972703613519,-0.47705078125,0.59527587890625,0.29010009765625,0.57781982421875,2.3645161290322583,71.65200391006844,1.861290322580645,56.402737047898334,2.4774193548387093,75.07331378299119
28.36960067797918,16.263407394236737,-0.4896240234375,0.58251953125,0.28961181640625,0.58056640625,2.338709677419355,70.86999022482894,1.8322580645161288,55.5229716520039,2.4806451612903224,75.17106549364614
28.38966211397201,16.263407394236737,-0.4896240234375,0.58251953125,0.28961181640625,0.58056640625,2.3806451612903228,72.14076246334312,1.8354838709677417,55.62072336265884,2.4774193548387093,75.07331378299119
28.40971558203455,16.263407394236737,-0.4896240234375,0.58251953125,0.28961181640625,0.58056640625,2.3967741935483873,72.6295210166178,1.8322580645161288,55.5229716520039,2.4774193548387093,75.07331378299119
28.429801849997602,17.508541634870554,-0.50146484375,0.57098388671875,0.2864990234375,0.58349609375,2.367741935483871,71.74975562072336,1.8548387096774193,56.20723362658847,2.4774193548387093,75.07331378299119
28.449835733044893,17.508541634870554,-0.50146484375,0.57098388671875,0.2864990234375,0.58349609375,2.3870967741935485,72.33626588465299,1.8451612903225805,55.91397849462365,2.4709677419354836,74.87781036168133
28.46992670604959,18.893819919499776,-0.51202392578125,0.56134033203125,0.2811279296875,0.5863037109375,2.3838709677419354,72.23851417399804,1.8064516129032258,54.74095796676443,2.4709677419354836,74.87781036168133
