timestamp,elevation_deg,imu_i,imu_j,imu_k,imu_r,ch0_voltage,ch0_percentage,ch1_voltage,ch1_percentage
0.005491053045261651,29.64416230485434,-0.77178955078125,-0.15008544921875,0.59527587890625,0.16571044921875,2.02258064516129,61.29032258064516,0.7483870967741935,22.678396871945257
0.022077141038607806,29.64416230485434,-0.77178955078125,-0.15008544921875,0.59527587890625,0.16571044921875,2.0677419354838706,62.65884652981426,0.7580645161290323,22.97165200391007
0.04567881004186347,29.645089233472532,-0.771728515625,-0.15045166015625,0.5953369140625,0.1654052734375,2.061290322580645,62.4633431085044,0.7451612903225806,22.58064516129032
0.06170126498909667,29.645089233472532,-0.771728515625,-0.15045166015625,0.5953369140625,0.1654052734375,2.051612903225806,62.17008797653958,0.7580645161290323,22.97165200391007
0.08192298701032996,29.645089233472532,-0.771728515625,-0.15045166015625,0.5953369140625,0.1654052734375,2.061290322580645,62.4633431085044,0.7516129032258064,22.776148582600193
0.10611238604178652,29.63114540923224,-0.7713623046875,-0.15081787109375,0.59576416015625,0.16534423828125,2.051612903225806,62.17008797653958,0.7580645161290323,22.97165200391007
0.12175425299210474,29.63114540923224,-0.7713623046875,-0.15081787109375,0.59576416015625,0.16534423828125,2.061290322580645,62.4633431085044,0.7548387096774193,22.87390029325513
0.14567266800440848,29.60949402906065,-0.77093505859375,-0.15087890625,0.59625244140625,0.16546630859375,2.0580645161290323,62.365591397849464,0.7548387096774193,22.87390029325513
0.1627296190126799,29.60949402906065,-0.77093505859375,-0.15087890625,0.59625244140625,0.16546630859375,2.051612903225806,62.17008797653958,0.7580645161290323,22.97165200391007
0.1821675410028547,29.60949402906065,-0.77093505859375,-0.15087890625,0.59625244140625,0.16546630859375,2.051612903225806,62.17008797653958,0.7548387096774193,22.87390029325513
0.20871032599825412,29.554529638411978,-0.770263671875,-0.15106201171875,0.59710693359375,0.1654052734375,2.051612903225806,62.17008797653958,0.7516129032258064,22.776148582600193
0.22207672998774797,29.554529638411978,-0.770263671875,-0.15106201171875,0.59710693359375,0.1654052734375,2.061290322580645,62.4633431085044,0.7548387096774193,22.87390029325513
0.24605121003696695,29.47953625512848,-0.76934814453125,-0.152099609375,0.5982666015625,0.1644287109375,2.0483870967741935,62.07233626588465,0.7516129032258064,22.776148582600193
0.262497230025474,29.47953625512848,-0.76934814453125,-0.152099609375,0.5982666015625,0.1644287109375,2.051612903225806,62.17008797653958,0.7483870967741935,22.678396871945257
0.2824378880322911,29.47953625512848,-0.76934814453125,-0.152099609375,0.5982666015625,0.1644287109375,2.051612903225806,62.17008797653958,0.7548387096774193,22.87390029325513
0.30629140499513596,29.350472843647587,-0.76824951171875,-0.15380859375,0.59979248046875,0.162353515625,2.0580645161290323,62.365591397849464,0.7548387096774193,22.87390029325513
0.322400966018904,29.350472843647587,-0.76824951171875,-0.15380859375,0.59979248046875,0.162353515625,2.061290322580645,62.4633431085044,0.7612903225806451,23.069403714565002
0.3491323650232516,29.20473169773618,-0.7669677734375,-0.1561279296875,0.6015625,0.15972900390625,2.054838709677419,62.267839687194524,0.7419354838709677,22.482893450635387
0.36232327501056716,29.20473169773618,-0.7669677734375,-0.1561279296875,0.6015625,0.15972900390625,2.061290322580645,62.4633431085044,0.7483870967741935,22.678396871945257
0.38364416803233325,29.20473169773618,-0.7669677734375,-0.1561279296875,0.6015625,0.15972900390625,2.051612903225806,62.17008797653958,0.7483870967741935,22.678396871945257
0.4065445350133814,29.08731430892336,-0.76556396484375,-0.15911865234375,0.60333251953125,0.15679931640625,2.0677419354838706,62.65884652981426,0.7580645161290323,22.97165200391007
0.4228858480346389,29.08731430892336,-0.76556396484375,-0.15911865234375,0.60333251953125,0.15679931640625,2.051612903225806,62.17008797653958,0.7483870967741935,22.678396871945257
0.4473996410379186,28.941518895269226,-0.76361083984375,-0.16229248046875,0.605712890625,0.15386962890625,2.0483870967741935,62.07233626588465,0.7419354838709677,22.482893450635387
0.4630424680071883,28.941518895269226,-0.76361083984375,-0.16229248046875,0.605712890625,0.15386962890625,2.074193548387097,62.85434995112414,0.7419354838709677,22.482893450635387
0.48267121199751273,28.941518895269226,-0.76361083984375,-0.16229248046875,0.605712890625,0.15386962890625,2.093548387096774,63.44086021505376,0.7451612903225806,22.58064516129032
0.5065063280053437,28.783442779643366,-0.76129150390625,-0.16571044921875,0.60845947265625,0.15081787109375,2.0483870967741935,62.07233626588465,0.732258064516129,22.189638318670575
0.5229768930003047,28.783442779643366,-0.76129150390625,-0.16571044921875,0.60845947265625,0.15081787109375,2.009677419354839,60.899315738025415,0.7451612903225806,22.58064516129032
0.5472320220433176,28.595617660614465,-0.75848388671875,-0.1708984375,0.6116943359375,0.14599609375,2.051612903225806,62.17008797653958,0.7451612903225806,22.58064516129032
0.5635852070408873,28.595617660614465,-0.75848388671875,-0.1708984375,0.6116943359375,0.14599609375,2.02258064516129,61.29032258064516,0.7354838709677419,22.28739002932551
0.5829791279975325,28.595617660614465,-0.75848388671875,-0.1708984375,0.6116943359375,0.14599609375,2.0354838709677416,61.6813294232649,0.7387096774193548,22.385141739980448
0.6071849120198749,28.25043425994854,-0.754150390625,-0.1787109375,0.61669921875,0.13787841796875,2.041935483870968,61.87683284457478,0.7387096774193548,22.385141739980448
0.6230651540099643,28.25043425994854,-0.754150390625,-0.1787109375,0.61669921875,0.13787841796875,2.0580645161290323,62.365591397849464,0.764516129032258,23.16715542521994
0.6474509430117905,27.831577802884112,-0.74835205078125,-0.188720703125,0.62298583984375,0.12744140625,2.019354838709677,61.19257086999021,0.7419354838709677,22.482893450635387
0.6630966819939204,27.831577802884112,-0.74835205078125,-0.188720703125,0.62298583984375,0.12744140625,2.061290322580645,62.4633431085044,0.732258064516129,22.189638318670575
0.683270211040508,27.831577802884112,-0.74835205078125,-0.188720703125,0.62298583984375,0.12744140625,2.0387096774193547,61.779081133919846,0.7451612903225806,22.58064516129032
0.7074158010073006,27.447557583349486,-0.74163818359375,-0.20025634765625,0.629638671875,0.1160888671875,2.041935483870968,61.87683284457478,0.7387096774193548,22.385141739980448
0.7235530760372058,27.447557583349486,-0.74163818359375,-0.20025634765625,0.629638671875,0.1160888671875,2.032258064516129,61.58357771260997,0.7387096774193548,22.385141739980448
0.7477114020148292,27.172524597587632,-0.7342529296875,-0.21246337890625,0.63616943359375,0.10491943359375,2.0387096774193547,61.779081133919846,0.7354838709677419,22.28739002932551
0.7636207970208488,27.172524597587632,-0.7342529296875,-0.21246337890625,0.63616943359375,0.10491943359375,2.0483870967741935,62.07233626588465,0.7193548387096774,21.79863147605083
0.783567406993825,27.172524597587632,-0.7342529296875,-0.21246337890625,0.63616943359375,0.10491943359375,2.009677419354839,60.899315738025415,0.7258064516129032,21.994134897360706
0.8070659360382706,26.99133038722325,-0.726318359375,-0.22491455078125,0.64263916015625,0.0943603515625,2.0129032258064514,60.997067448680355,0.7354838709677419,22.28739002932551
0.8238561589969322,26.99133038722325,-0.726318359375,-0.22491455078125,0.64263916015625,0.0943603515625,2.0580645161290323,62.365591397849464,0.732258064516129,22.189638318670575
0.8471510980161838,26.913145397180926,-0.71795654296875,-0.237060546875,0.64898681640625,0.08477783203125,2.061290322580645,62.4633431085044,0.7483870967741935,22.678396871945257
0.8641423510271125,26.913145397180926,-0.71795654296875,-0.237060546875,0.64898681640625,0.08477783203125,2.0387096774193547,61.779081133919846,0.7483870967741935,22.678396871945257
0.8839711979962885,26.913145397180926,-0.71795654296875,-0.237060546875,0.64898681640625,0.08477783203125,2.019354838709677,61.19257086999021,0.7451612903225806,22.58064516129032
0.9073502990067936,26.90472978826275,-0.70965576171875,-0.24798583984375,0.655029296875,0.07647705078125,2.0451612903225804,61.97458455522972,0.7419354838709677,22.482893450635387
0.9367930149892345,26.90472978826275,-0.70965576171875,-0.24798583984375,0.655029296875,0.07647705078125,2.0483870967741935,62.07233626588465,0.7483870967741935,22.678396871945257
0.9474939909996465,26.938049708626387,-0.7020263671875,-0.25762939453125,0.6602783203125,0.06903076171875,2.0387096774193547,61.779081133919846,0.7419354838709677,22.482893450635387
0.9643110950128175,26.938049708626387,-0.7020263671875,-0.25762939453125,0.6602783203125,0.06903076171875,2.0387096774193547,61.779081133919846,0.7483870967741935,22.678396871945257
0.984877884038724,26.938049708626387,-0.7020263671875,-0.25762939453125,0.6602783203125,0.06903076171875,2.02258064516129,61.29032258064516,0.7419354838709677,22.482893450635387
1.0082144570187666,26.946093005719106,-0.6949462890625,-0.26611328125,0.6651611328125,0.0621337890625,2.0451612903225804,61.97458455522972,0.7483870967741935,22.678396871945257
1.0246255320380442,26.946093005719106,-0.6949462890625,-0.26611328125,0.6651611328125,0.0621337890625,2.0387096774193547,61.779081133919846,0.7419354838709677,22.482893450635387
1.048978328006342,27.068892773607537,-0.687744140625,-0.27447509765625,0.66973876953125,0.0560302734375,2.0483870967741935,62.07233626588465,0.7580645161290323,22.97165200391007
1.0647912720451131,27.068892773607537,-0.687744140625,-0.27447509765625,0.66973876953125,0.0560302734375,2.051612903225806,62.17008797653958,0.7193548387096774,21.79863147605083
1.0848721580114216,27.068892773607537,-0.687744140625,-0.27447509765625,0.66973876953125,0.0560302734375,2.02258064516129,61.29032258064516,0.7032258064516129,21.309872922776147
1.1094185929978266,27.34770609565492,-0.68072509765625,-0.28338623046875,0.673583984375,0.05084228515625,2.009677419354839,60.899315738025415,0.6806451612903225,20.625610948191593
1.125656733987853,27.34770609565492,-0.68072509765625,-0.28338623046875,0.673583984375,0.05084228515625,2.041935483870968,61.87683284457478,0.7,21.21212121212121
1.1490773090044968,27.826814573180926,-0.673583984375,-0.29473876953125,0.67633056640625,0.04541015625,2.0258064516129033,61.3880742913001,0.6774193548387096,20.527859237536656
1.1652029030374251,27.826814573180926,-0.673583984375,-0.29473876953125,0.67633056640625,0.04541015625,2.02258064516129,61.29032258064516,0.6612903225806451,20.039100684261975
1.1852967820013873,27.826814573180926,-0.673583984375,-0.29473876953125,0.67633056640625,0.04541015625,2.0064516129032257,60.80156402737048,0.6612903225806451,20.039100684261975
1.2095699590281583,28.40166297779627,-0.66497802734375,-0.3076171875,0.679443359375,0.03900146484375,1.9580645161290322,59.33528836754643,0.6193548387096773,18.768328445747798
1.2263320210040547,28.40166297779627,-0.66497802734375,-0.3076171875,0.679443359375,0.03900146484375,1.961290322580645,59.43304007820137,0.5741935483870968,17.399804496578692
1.249563405988738,29.20570456113584,-0.65435791015625,-0.32220458984375,0.68328857421875,0.03314208984375,1.9580645161290322,59.33528836754643,0.5483870967741935,16.617790811339198
1.2660307069891132,29.20570456113584,-0.65435791015625,-0.32220458984375,0.68328857421875,0.03314208984375,1.932258064516129,58.55327468230694,0.5483870967741935,16.617790811339198
1.2865926960366778,29.20570456113584,-0.65435791015625,-0.32220458984375,0.68328857421875,0.03314208984375,1.9129032258064516,57.96676441837732,0.4838709677419355,14.66275659824047
1.3107832800014876,30.151519930882834,-0.64373779296875,-0.33612060546875,0.6868896484375,0.02923583984375,1.929032258064516,58.45552297165201,0.5,15.151515151515152
1.3263719290262088,30.151519930882834,-0.64373779296875,-0.33612060546875,0.6868896484375,0.02923583984375,1.8935483870967742,57.380254154447705,0.4967741935483871,15.053763440860216
1.3499018829897977,30.949165538798766,-0.6357421875,-0.34783935546875,0.6885986328125,0.0257568359375,1.8870967741935485,57.18475073313783,0.48709677419354835,14.760508308895407
1.3665134760085493,30.949165538798766,-0.6357421875,-0.34783935546875,0.6885986328125,0.0257568359375,1.8806451612903226,56.98924731182796,0.4290322580645161,13.000977517106548
1.386600571044255,30.949165538798766,-0.6357421875,-0.34783935546875,0.6885986328125,0.0257568359375,1.9064516129032258,57.77126099706745,0.37741935483870964,11.436950146627565
1.4108762770192698,31.616803874900633,-0.6298828125,-0.35833740234375,0.688720703125,0.02239990234375,1.8548387096774193,56.20723362658847,0.39032258064516123,11.82795698924731
1.4267743760137819,31.616803874900633,-0.6298828125,-0.35833740234375,0.688720703125,0.02239990234375,1.8774193548387097,56.89149560117303,0.38387096774193546,11.632453567937437
1.4502103110426106,32.223544003662866,-0.6256103515625,-0.36834716796875,0.68743896484375,0.01922607421875,1.8741935483870966,56.79374389051808,0.37419354838709673,11.339198435972628
1.4670032860012725,32.223544003662866,-0.6256103515625,-0.36834716796875,0.68743896484375,0.01922607421875,1.8935483870967742,57.380254154447705,0.3354838709677419,10.166177908113392
1.4896592930308543,32.223544003662866,-0.6256103515625,-0.36834716796875,0.68743896484375,0.01922607421875,1.8548387096774193,56.20723362658847,0.3161290322580645,9.579667644183774
1.5102384670171887,32.83761656969164,-0.62103271484375,-0.37774658203125,0.6865234375,0.01654052734375,1.8677419354838707,56.59824046920821,0.3129032258064516,9.481915933528837
1.527149941015523,32.83761656969164,-0.62103271484375,-0.37774658203125,0.6865234375,0.01654052734375,1.8709677419354838,56.695992179863154,0.025806451612903226,0.7820136852394917
1.5501776080345735,33.411205136048494,-0.6163330078125,-0.3856201171875,0.68646240234375,0.01483154296875,1.8645161290322578,56.50048875855327,0.016129032258064516,0.4887585532746823
1.567362467001658,33.411205136048494,-0.6163330078125,-0.3856201171875,0.68646240234375,0.01483154296875,1.8580645161290321,56.304985337243394,0.009677419354838708,0.29325513196480935
1.5874488900299184,33.411205136048494,-0.6163330078125,-0.3856201171875,0.68646240234375,0.01483154296875,1.8806451612903226,56.98924731182796,0.035483870967741936,1.0752688172043012
1.6105459349928424,34.25456674150599,-0.61077880859375,-0.394775390625,0.68621826171875,0.01483154296875,1.8580645161290321,56.304985337243394,0.019354838709677417,0.5865102639296187
1.6275995899923146,34.25456674150599,-0.61077880859375,-0.394775390625,0.68621826171875,0.01483154296875,1.8096774193548386,54.83870967741935,0.0,0.0
1.650610264041461,35.293052345618804,-0.60455322265625,-0.40447998046875,0.68603515625,0.01641845703125,1.7999999999999998,54.54545454545454,0.019354838709677417,0.5865102639296187
1.6677707700291649,35.293052345618804,-0.60455322265625,-0.40447998046875,0.68603515625,0.01641845703125,1.7774193548387096,53.86119257086999,0.016129032258064516,0.4887585532746823
1.687849352019839,35.293052345618804,-0.60455322265625,-0.40447998046875,0.68603515625,0.01641845703125,1.7774193548387096,53.86119257086999,0.0,0.0
1.710433900996577,36.41905304146072,-0.5975341796875,-0.41497802734375,0.68585205078125,0.01800537109375,1.8064516129032258,54.74095796676443,0.06129032258064516,1.857282502443793
1.7279583230265416,36.41905304146072,-0.5975341796875,-0.41497802734375,0.68585205078125,0.01800537109375,1.7741935483870968,53.76344086021506,0.0032258064516129032,0.09775171065493646
1.7509777650120668,37.55129570070308,-0.5897216796875,-0.42486572265625,0.6865234375,0.0198974609375,1.7709677419354837,53.665689149560116,0.0,0.0
1.7681272000190802,37.55129570070308,-0.5897216796875,-0.42486572265625,0.6865234375,0.0198974609375,1.796774193548387,54.44770283479961,0.0,0.0
1.7881743889884092,37.55129570070308,-0.5897216796875,-0.42486572265625,0.6865234375,0.0198974609375,1.7806451612903225,53.95894428152492,0.0,0.0
1.8106675110175274,38.69638681670021,-0.5809326171875,-0.4344482421875,0.68798828125,0.021728515625,1.8032258064516127,54.64320625610948,0.009677419354838708,0.29325513196480935
1.8282918080221862,38.69638681670021,-0.5809326171875,-0.4344482421875,0.68798828125,0.021728515625,1.8032258064516127,54.64320625610948,0.0,0.0
1.8514739430393092,39.74510486387517,-0.572265625,-0.4432373046875,0.6895751953125,0.02294921875,1.8032258064516127,54.64320625610948,0.0,0.0
1.8684154670336284,39.74510486387517,-0.572265625,-0.4432373046875,0.6895751953125,0.02294921875,1.7870967741935482,54.154447702834794,0.0,0.0
1.8884989130310714,39.74510486387517,-0.572265625,-0.4432373046875,0.6895751953125,0.02294921875,1.793548387096774,54.34995112414467,0.016129032258064516,0.4887585532746823
1.9105605329968967,40.696006641783065,-0.564453125,-0.4512939453125,0.69073486328125,0.02392578125,1.7774193548387096,53.86119257086999,0.0,0.0
1.9286371960188262,40.696006641783065,-0.564453125,-0.4512939453125,0.69073486328125,0.02392578125,1.7774193548387096,53.86119257086999,0.0,0.0
1.9508513010223396,41.566475067245555,-0.55712890625,-0.45880126953125,0.6917724609375,0.024658203125,1.7774193548387096,53.86119257086999,0.0032258064516129032,0.09775171065493646
1.9687618470052257,41.566475067245555,-0.55712890625,-0.45880126953125,0.6917724609375,0.024658203125,1.7999999999999998,54.54545454545454,0.0,0.0
1.9888551500043832,41.566475067245555,-0.55712890625,-0.45880126953125,0.6917724609375,0.024658203125,1.961290322580645,59.43304007820137,0.0,0.0
2.0108804490300827,42.471800206727636,-0.54949951171875,-0.46588134765625,0.69305419921875,0.02581787109375,1.8129032258064515,54.936461388074285,0.0,0.0
2.028961720003281,42.471800206727636,-0.54949951171875,-0.46588134765625,0.69305419921875,0.02581787109375,1.8161290322580643,55.034213098729225,0.0032258064516129032,0.09775171065493646
2.051228851021733,43.412399437170095,-0.541748046875,-0.4722900390625,0.69476318359375,0.02789306640625,1.8032258064516127,54.64320625610948,0.019354838709677417,0.5865102639296187
2.06909258000087,43.412399437170095,-0.541748046875,-0.4722900390625,0.69476318359375,0.02789306640625,1.8032258064516127,54.64320625610948,0.0,0.0
2.0891489849891514,43.412399437170095,-0.541748046875,-0.4722900390625,0.69476318359375,0.02789306640625,1.7870967741935482,54.154447702834794,0.0,0.0
2.1112523990450427,44.68960806028689,-0.53289794921875,-0.4840087890625,0.6934814453125,0.02911376953125,1.7838709677419353,54.05669599217986,0.0,0.0
2.129344678018242,44.68960806028689,-0.53289794921875,-0.4840087890625,0.6934814453125,0.02911376953125,1.7806451612903225,53.95894428152492,0.009677419354838708,0.29325513196480935
2.151685091026593,45.75233023825207,-0.52490234375,-0.496337890625,0.69091796875,0.02777099609375,1.764516129032258,53.47018572825024,0.0,0.0
2.1694563690107316,45.75233023825207,-0.52490234375,-0.496337890625,0.69091796875,0.02777099609375,1.8161290322580643,55.034213098729225,0.0,0.0
2.189508165989537,45.75233023825207,-0.52490234375,-0.496337890625,0.69091796875,0.02777099609375,1.7548387096774192,53.17693059628543,0.0,0.0
2.212457046029158,46.68902151268142,-0.51654052734375,-0.50799560546875,0.6888427734375,0.0252685546875,1.761290322580645,53.3724340175953,0.0,0.0
2.229670130996965,46.68902151268142,-0.51654052734375,-0.50799560546875,0.6888427734375,0.0252685546875,1.764516129032258,53.47018572825024,0.0,0.0
2.2520588650368154,47.458418126899446,-0.50885009765625,-0.51690673828125,0.68798828125,0.02325439453125,1.7483870967741935,52.98142717497556,0.0,0.0
2.2698418230284005,47.458418126899446,-0.50885009765625,-0.51690673828125,0.68798828125,0.02325439453125,1.7483870967741935,52.98142717497556,0.0,0.0
2.2899149330332875,47.458418126899446,-0.50885009765625,-0.51690673828125,0.68798828125,0.02325439453125,1.6741935483870967,50.733137829912025,0.0,0.0
2.3120103460387327,48.18960454032332,-0.50238037109375,-0.523681640625,0.6876220703125,0.02313232421875,1.7258064516129032,52.29716520039101,0.019354838709677417,0.5865102639296187
2.3300548170227557,48.18960454032332,-0.50238037109375,-0.523681640625,0.6876220703125,0.02313232421875,1.6741935483870967,50.733137829912025,0.0,0.0
2.3521118930075318,48.9274611017501,-0.49798583984375,-0.52874755859375,0.6868896484375,0.025634765625,1.6580645161290322,50.24437927663734,0.0,0.0
2.3702239490230568,48.9274611017501,-0.49798583984375,-0.52874755859375,0.6868896484375,0.025634765625,1.6709677419354838,50.635386119257085,0.0032258064516129032,0.09775171065493646
2.3902928350144066,48.9274611017501,-0.49798583984375,-0.52874755859375,0.6868896484375,0.025634765625,1.6806451612903226,50.9286412512219,0.0032258064516129032,0.09775171065493646
2.412472443014849,49.74812769973437,-0.49462890625,-0.53369140625,0.685302734375,0.02978515625,1.6935483870967742,51.31964809384164,0.0032258064516129032,0.09775171065493646
2.4304256140021607,49.74812769973437,-0.49462890625,-0.53369140625,0.685302734375,0.02978515625,1.6774193548387097,50.83088954056696,0.0,0.0
2.452234906028025,50.441371232021105,-0.49200439453125,-0.5382080078125,0.6834716796875,0.03314208984375,1.6548387096774193,50.146627565982406,0.0,0.0
2.470574425999075,50.441371232021105,-0.49200439453125,-0.5382080078125,0.6834716796875,0.03314208984375,1.6451612903225807,49.8533724340176,0.0,0.0
2.49069646501448,50.441371232021105,-0.49200439453125,-0.5382080078125,0.6834716796875,0.03314208984375,1.6548387096774193,50.146627565982406,0.0,0.0
2.5132020040182397,51.05990504476186,-0.4898681640625,-0.542724609375,0.68133544921875,0.03594970703125,1.6548387096774193,50.146627565982406,0.0032258064516129032,0.09775171065493646
2.5308002840029076,51.05990504476186,-0.4898681640625,-0.542724609375,0.68133544921875,0.03594970703125,1.635483870967742,49.56011730205279,0.0,0.0
2.5519982610130683,51.687179642949864,-0.4884033203125,-0.54644775390625,0.67919921875,0.039794921875,1.5999999999999999,48.484848484848484,0.0,0.0
2.5709421830251813,51.687179642949864,-0.4884033203125,-0.54644775390625,0.67919921875,0.039794921875,1.6548387096774193,50.146627565982406,0.0064516129032258064,0.19550342130987292
2.591013469034806,51.687179642949864,-0.4884033203125,-0.54644775390625,0.67919921875,0.039794921875,1.6483870967741936,49.95112414467254,0.0,0.0
2.6122608560253866,52.39704065436856,-0.4871826171875,-0.5494384765625,0.67724609375,0.04522705078125,1.6612903225806452,50.34213098729228,0.0,0.0
2.6311639770283364,52.39704065436856,-0.4871826171875,-0.5494384765625,0.67724609375,0.04522705078125,1.6516129032258065,50.048875855327466,0.0,0.0
2.6526465070201084,52.98401567549612,-0.487548828125,-0.55084228515625,0.67547607421875,0.0513916015625,1.6419354838709677,49.75562072336266,0.0,0.0
2.67166371201165,52.98401567549612,-0.487548828125,-0.55084228515625,0.67547607421875,0.0513916015625,1.6419354838709677,49.75562072336266,0.0,0.0
2.6917304859962314,52.98401567549612,-0.487548828125,-0.55084228515625,0.67547607421875,0.0513916015625,1.6612903225806452,50.34213098729228,0.0,0.0
2.712803211004939,53.14399881779278,-0.4903564453125,-0.54736328125,0.67578125,0.0574951171875,1.6935483870967742,51.31964809384164,0.0,0.0
2.7318519050022587,53.14399881779278,-0.4903564453125,-0.54736328125,0.67578125,0.0574951171875,1.6838709677419355,51.02639296187683,0.0,0.0
2.753783825028222,53.59430299710863,-0.49029541015625,-0.53167724609375,0.6865234375,0.074951171875,1.7,51.515151515151516,0.0,0.0
2.7720767830032855,53.59430299710863,-0.49029541015625,-0.53167724609375,0.6865234375,0.074951171875,1.7,51.515151515151516,0.0,0.0
2.792142724036239,53.59430299710863,-0.49029541015625,-0.53167724609375,0.6865234375,0.074951171875,1.7258064516129032,52.29716520039101,0.0032258064516129032,0.09775171065493646
2.8130593490204774,54.95266022932819,-0.4898681640625,-0.53302001953125,0.68402099609375,0.0899658203125,1.7354838709677418,52.59042033235581,0.0,0.0
2.832478582044132,54.95266022932819,-0.4898681640625,-0.53302001953125,0.68402099609375,0.0899658203125,1.7,51.515151515151516,0.0,0.0
2.853398951003328,55.238188970642845,-0.49163818359375,-0.53179931640625,0.68292236328125,0.09527587890625,1.7193548387096773,52.101661779081134,0.0,0.0
2.8728841060074046,55.238188970642845,-0.49163818359375,-0.53179931640625,0.68292236328125,0.09527587890625,1.7032258064516128,51.61290322580645,0.0,0.0
2.8927107760100625,55.238188970642845,-0.49163818359375,-0.53179931640625,0.68292236328125,0.09527587890625,1.6935483870967742,51.31964809384164,0.0,0.0
2.9134918120107614,55.24044099255599,-0.4921875,-0.53448486328125,0.68072509765625,0.093505859375,1.6935483870967742,51.31964809384164,0.0,0.0
2.932823299022857,55.24044099255599,-0.4921875,-0.53448486328125,0.68072509765625,0.093505859375,1.6806451612903226,50.9286412512219,0.0,0.0
2.953578542044852,55.42121794371122,-0.49017333984375,-0.53656005859375,0.68060302734375,0.0928955078125,1.632258064516129,49.462365591397855,0.0,0.0
2.972985038999468,55.42121794371122,-0.49017333984375,-0.53656005859375,0.68060302734375,0.0928955078125,1.635483870967742,49.56011730205279,0.0,0.0
2.9933651020401157,55.42121794371122,-0.49017333984375,-0.53656005859375,0.68060302734375,0.0928955078125,1.667741935483871,50.53763440860215,0.0,0.0
3.013981013034936,56.037174660464224,-0.48516845703125,-0.53875732421875,0.6820068359375,0.095703125,1.6516129032258065,50.048875855327466,0.0,0.0
3.0332576819928363,56.037174660464224,-0.48516845703125,-0.53875732421875,0.6820068359375,0.095703125,1.664516129032258,50.43988269794721,0.0,0.0
3.0540431340341456,56.738854282612216,-0.479248046875,-0.54156494140625,0.68359375,0.09857177734375,1.6870967741935483,51.12414467253177,0.0,0.0
3.0734125419985503,56.738854282612216,-0.479248046875,-0.54156494140625,0.68359375,0.09857177734375,1.7096774193548387,51.80840664711632,0.0,0.0
3.093446995015256,56.738854282612216,-0.479248046875,-0.54156494140625,0.68359375,0.09857177734375,1.7451612903225806,52.883675464320625,0.0,0.0
3.1146665080450475,57.48839599527377,-0.47369384765625,-0.54583740234375,0.6837158203125,0.10101318359375,1.7483870967741935,52.98142717497556,0.0,0.0
3.133640000014566,57.48839599527377,-0.47369384765625,-0.54583740234375,0.6837158203125,0.10101318359375,1.7354838709677418,52.59042033235581,0.0,0.0
3.154185220017098,58.3425785791125,-0.46795654296875,-0.5511474609375,0.6829833984375,0.103759765625,1.729032258064516,52.39491691104594,0.0,0.0
3.1737654830212705,58.3425785791125,-0.46795654296875,-0.5511474609375,0.6829833984375,0.103759765625,1.7161290322580645,52.003910068426194,0.0,0.0
3.19383609702345,58.3425785791125,-0.46795654296875,-0.5511474609375,0.6829833984375,0.103759765625,1.7161290322580645,52.003910068426194,0.0,0.0
3.2146431170403957,59.32890757111128,-0.46124267578125,-0.55596923828125,0.68304443359375,0.10791015625,1.764516129032258,53.47018572825024,0.0,0.0
3.2339937729993835,59.32890757111128,-0.46124267578125,-0.55596923828125,0.68304443359375,0.10791015625,1.764516129032258,53.47018572825024,0.0,0.0
3.254749368003104,60.41861158850264,-0.45391845703125,-0.5604248046875,0.68341064453125,0.11309814453125,1.7129032258064516,51.90615835777126,0.0,0.0
3.274164313043002,60.41861158850264,-0.45391845703125,-0.5604248046875,0.68341064453125,0.11309814453125,1.7387096774193547,52.68817204301075,0.0,0.0
3.294209966028575,60.41861158850264,-0.45391845703125,-0.5604248046875,0.68341064453125,0.11309814453125,1.729032258064516,52.39491691104594,0.0,0.0
3.314511467004195,61.40380775017385,-0.4471435546875,-0.5645751953125,0.6837158203125,0.11761474609375,1.764516129032258,53.47018572825024,0.0,0.0
3.334363194007892,61.40380775017385,-0.4471435546875,-0.5645751953125,0.6837158203125,0.11761474609375,1.7548387096774192,53.17693059628543,0.0,0.0
3.3547934670350514,62.31905663008817,-0.44073486328125,-0.569091796875,0.68353271484375,0.1212158203125,1.7451612903225806,52.883675464320625,0.0,0.0
3.37450339703355,62.31905663008817,-0.44073486328125,-0.569091796875,0.68353271484375,0.1212158203125,1.7903225806451613,54.25219941348974,0.0,0.0
3.394586076028645,62.31905663008817,-0.44073486328125,-0.569091796875,0.68353271484375,0.1212158203125,1.7419354838709677,52.785923753665685,0.0032258064516129032,0.09775171065493646
3.4150000599911436,63.20532820988983,-0.4342041015625,-0.5736083984375,0.683349609375,0.12432861328125,1.764516129032258,53.47018572825024,0.0,0.0
3.4347593680140562,63.20532820988983,-0.4342041015625,-0.5736083984375,0.683349609375,0.12432861328125,1.7516129032258063,53.0791788856305,0.0032258064516129032,0.09775171065493646
3.4550409330404364,64.05994701067326,-0.42767333984375,-0.57769775390625,0.6834716796875,0.12738037109375,1.7258064516129032,52.29716520039101,0.0,0.0
3.474881971022114,64.05994701067326,-0.42767333984375,-0.57769775390625,0.6834716796875,0.12738037109375,1.729032258064516,52.39491691104594,0.0,0.0
3.49496858502971,64.05994701067326,-0.42767333984375,-0.57769775390625,0.6834716796875,0.12738037109375,1.7129032258064516,51.90615835777126,0.0,0.0
3.5151161620160565,64.94107659903467,-0.4212646484375,-0.58148193359375,0.68359375,0.13104248046875,1.7129032258064516,51.90615835777126,0.0,0.0
3.5351681190077215,64.94107659903467,-0.4212646484375,-0.58148193359375,0.68359375,0.13104248046875,1.729032258064516,52.39491691104594,0.0,0.0
3.5560597500298172,65.74268943242109,-0.41534423828125,-0.58502197265625,0.68353271484375,0.1341552734375,1.7032258064516128,51.61290322580645,0.0032258064516129032,0.09775171065493646
3.5752780809998512,65.74268943242109,-0.41534423828125,-0.58502197265625,0.68353271484375,0.1341552734375,1.729032258064516,52.39491691104594,0.0,0.0
3.5953463269979693,65.74268943242109,-0.41534423828125,-0.58502197265625,0.68353271484375,0.1341552734375,1.7096774193548387,51.80840664711632,0.012903225806451613,0.39100684261974583
3.61606547300471,66.4529505727015,-0.40985107421875,-0.58837890625,0.6834716796875,0.1365966796875,1.7129032258064516,51.90615835777126,0.0,0.0
3.635496035043616,66.4529505727015,-0.40985107421875,-0.58837890625,0.6834716796875,0.1365966796875,1.7483870967741935,52.98142717497556,0.0032258064516129032,0.09775171065493646
3.6560924890218303,67.15040250090263,-0.40478515625,-0.592041015625,0.68292236328125,0.13897705078125,1.729032258064516,52.39491691104594,0.0,0.0
3.6756753750378266,67.15040250090263,-0.40478515625,-0.592041015625,0.68292236328125,0.13897705078125,1.7,51.515151515151516,0.009677419354838708,0.29325513196480935
3.6957254449953325,67.15040250090263,-0.40478515625,-0.592041015625,0.68292236328125,0.13897705078125,1.7677419354838708,53.567937438905176,0.0,0.0
3.716553586011287,67.77343134024117,-0.40008544921875,-0.594970703125,0.68267822265625,0.14117431640625,1.7709677419354837,53.665689149560116,0.0,0.0
3.735866960021667,67.77343134024117,-0.40008544921875,-0.594970703125,0.68267822265625,0.14117431640625,1.7870967741935482,54.154447702834794,0.0,0.0
3.7566855330369435,68.3070025758002,-0.3961181640625,-0.59716796875,0.6826171875,0.143310546875,1.7580645161290323,53.27468230694038,0.0,0.0
3.7760616930318065,68.3070025758002,-0.3961181640625,-0.59716796875,0.6826171875,0.143310546875,1.7741935483870968,53.76344086021506,0.0,0.0
3.7961199230048805,68.98213706295921,-0.39166259765625,-0.599609375,0.68231201171875,0.1466064453125,1.7677419354838708,53.567937438905176,0.0,0.0
3.816180263995193,68.98213706295921,-0.39166259765625,-0.599609375,0.68231201171875,0.1466064453125,1.764516129032258,53.47018572825024,0.0,0.0
3.8362651499919593,68.98213706295921,-0.39166259765625,-0.599609375,0.68231201171875,0.1466064453125,1.7870967741935482,54.154447702834794,0.0,0.0
3.8570629869936965,69.65088663354783,-0.38720703125,-0.60211181640625,0.68194580078125,0.1497802734375,1.8419354838709676,55.816226783968716,0.0,0.0
3.8764661560417153,69.65088663354783,-0.38720703125,-0.60211181640625,0.68194580078125,0.1497802734375,1.8548387096774193,56.20723362658847,0.0,0.0
3.896497088018805,70.261179204621,-0.3831787109375,-0.6048583984375,0.6812744140625,0.15240478515625,1.8419354838709676,55.816226783968716,0.0,0.0
3.916555509029422,70.261179204621,-0.3831787109375,-0.6048583984375,0.6812744140625,0.15240478515625,1.8806451612903226,56.98924731182796,0.0,0.0
3.9366153710288927,70.261179204621,-0.3831787109375,-0.6048583984375,0.6812744140625,0.15240478515625,1.8451612903225805,55.91397849462365,0.0,0.0
3.9581730710342526,70.99930832474206,-0.37823486328125,-0.60791015625,0.6805419921875,0.1556396484375,1.8354838709677417,55.62072336265884,0.0,0.0
3.9803338299971074,70.99930832474206,-0.37823486328125,-0.60791015625,0.6805419921875,0.1556396484375,1.8483870967741933,56.01173020527859,0.0,0.0
3.996886158012785,71.86454564423744,-0.37225341796875,-0.61077880859375,0.68035888671875,0.15985107421875,1.8354838709677417,55.62072336265884,0.0,0.0
4.016978692030534,71.86454564423744,-0.37225341796875,-0.61077880859375,0.68035888671875,0.15985107421875,1.8354838709677417,55.62072336265884,0.0,0.0
4.037112027988769,71.86454564423744,-0.37225341796875,-0.61077880859375,0.68035888671875,0.15985107421875,1.764516129032258,53.47018572825024,0.0,0.0
4.058155024016742,72.76366336475056,-0.3658447265625,-0.6134033203125,0.68035888671875,0.16424560546875,1.8032258064516127,54.64320625610948,0.0,0.0
4.077230822993442,72.76366336475056,-0.3658447265625,-0.6134033203125,0.68035888671875,0.16424560546875,1.7677419354838708,53.567937438905176,0.0,0.0
4.09729199600406,73.61462493196052,-0.3597412109375,-0.6162109375,0.68011474609375,0.16815185546875,1.793548387096774,54.34995112414467,0.0,0.0
4.117380882031284,73.61462493196052,-0.3597412109375,-0.6162109375,0.68011474609375,0.16815185546875,1.8096774193548386,54.83870967741935,0.0,0.0
4.137498794007115,73.61462493196052,-0.3597412109375,-0.6162109375,0.68011474609375,0.16815185546875,1.7903225806451613,54.25219941348974,0.0032258064516129032,0.09775171065493646
4.17845515103545,74.48909471614678,-0.3541259765625,-0.61981201171875,0.6788330078125,0.172119140625,1.8064516129032258,54.74095796676443,0.0,0.0
4.18883957201615,74.48909471614678,-0.3541259765625,-0.61981201171875,0.6788330078125,0.172119140625,1.7806451612903225,53.95894428152492,0.0,0.0
4.198938257002737,75.30256668023229,-0.3492431640625,-0.62322998046875,0.67724609375,0.17596435546875,1.7774193548387096,53.86119257086999,0.0,0.0
4.219011687033344,75.30256668023229,-0.3492431640625,-0.62322998046875,0.67724609375,0.17596435546875,1.829032258064516,55.42521994134897,0.0064516129032258064,0.19550342130987292
4.239072605036199,75.30256668023229,-0.3492431640625,-0.62322998046875,0.67724609375,0.17596435546875,1.8741935483870966,56.79374389051808,0.0,0.0
4.259137841989286,76.18829501029646,-0.34417724609375,-0.6268310546875,0.67529296875,0.18035888671875,1.8419354838709676,55.816226783968716,0.0,0.0
4.279236905043945,76.18829501029646,-0.34417724609375,-0.6268310546875,0.67529296875,0.18035888671875,1.8419354838709676,55.816226783968716,0.0,0.0
4.299303614010569,76.99763522648693,-0.33941650390625,-0.62994384765625,0.67376708984375,0.1844482421875,1.8419354838709676,55.816226783968716,0.0032258064516129032,0.09775171065493646
4.319334547035396,76.99763522648693,-0.33941650390625,-0.62994384765625,0.67376708984375,0.1844482421875,1.8096774193548386,54.83870967741935,0.0,0.0
4.339398471987806,76.99763522648693,-0.33941650390625,-0.62994384765625,0.67376708984375,0.1844482421875,1.829032258064516,55.42521994134897,0.0,0.0
4.359613443026319,77.78511427518501,-0.33453369140625,-0.6329345703125,0.67236328125,0.188232421875,1.8419354838709676,55.816226783968716,0.0,0.0
4.379536276042927,77.78511427518501,-0.33453369140625,-0.6329345703125,0.67236328125,0.188232421875,1.8322580645161288,55.5229716520039,0.009677419354838708,0.29325513196480935
4.399607241037302,78.52038519462478,-0.3297119140625,-0.63531494140625,0.67144775390625,0.19183349609375,1.8483870967741933,56.01173020527859,0.0,0.0
4.419660831044894,78.52038519462478,-0.3297119140625,-0.63531494140625,0.67144775390625,0.19183349609375,1.829032258064516,55.42521994134897,0.0,0.0
4.439730131998658,78.52038519462478,-0.3297119140625,-0.63531494140625,0.67144775390625,0.19183349609375,1.764516129032258,53.47018572825024,0.0032258064516129032,0.09775171065493646
4.460475358995609,79.27318874251337,-0.3250732421875,-0.63812255859375,0.6700439453125,0.19549560546875,1.8161290322580643,55.034213098729225,0.0,0.0
4.479911521018948,79.27318874251337,-0.3250732421875,-0.63812255859375,0.6700439453125,0.19549560546875,1.7774193548387096,53.86119257086999,0.0032258064516129032,0.09775171065493646
4.49995637399843,80.04656323832674,-0.32061767578125,-0.64129638671875,0.66802978515625,0.19921875,1.8193548387096772,55.13196480938416,0.0,0.0
4.520063533040229,80.04656323832674,-0.32061767578125,-0.64129638671875,0.66802978515625,0.19921875,1.8193548387096772,55.13196480938416,0.0,0.0
4.540127650019713,80.04656323832674,-0.32061767578125,-0.64129638671875,0.66802978515625,0.19921875,1.8322580645161288,55.5229716520039,0.0,0.0
4.561082036001608,80.83135976390986,-0.316162109375,-0.64422607421875,0.6661376953125,0.2032470703125,1.8322580645161288,55.5229716520039,0.0032258064516129032,0.09775171065493646
4.580237965041306,80.83135976390986,-0.316162109375,-0.64422607421875,0.6661376953125,0.2032470703125,1.7999999999999998,54.54545454545454,0.0,0.0
4.6003182110143825,82.91848228523263,-0.3070068359375,-0.65191650390625,0.658935546875,0.21575927734375,1.7903225806451613,54.25219941348974,0.0032258064516129032,0.09775171065493646
4.620406745001674,82.91848228523263,-0.3070068359375,-0.65191650390625,0.658935546875,0.21575927734375,1.8064516129032258,54.74095796676443,0.0032258064516129032,0.09775171065493646
4.640494991035666,82.91848228523263,-0.3070068359375,-0.65191650390625,0.658935546875,0.21575927734375,1.8064516129032258,54.74095796676443,0.0,0.0
4.660553253022954,84.41049252996885,-0.298095703125,-0.65179443359375,0.659423828125,0.22686767578125,1.8032258064516127,54.64320625610948,0.0,0.0
4.680611994001083,84.41049252996885,-0.298095703125,-0.65179443359375,0.659423828125,0.22686767578125,1.8032258064516127,54.64320625610948,0.0,0.0
4.7007377140107565,85.39679031290494,-0.29150390625,-0.655029296875,0.6575927734375,0.23138427734375,1.8451612903225805,55.91397849462365,0.0,0.0
4.720771558000706,85.39679031290494,-0.29150390625,-0.655029296875,0.6575927734375,0.23138427734375,1.8709677419354838,56.695992179863154,0.0,0.0
4.740830011025537,85.39679031290494,-0.29150390625,-0.655029296875,0.6575927734375,0.23138427734375,1.8322580645161288,55.5229716520039,0.0,0.0
4.760892753023654,86.22472051460889,-0.286865234375,-0.65887451171875,0.65447998046875,0.2349853515625,1.8548387096774193,56.20723362658847,0.0,0.0
4.7809612870332785,86.22472051460889,-0.286865234375,-0.65887451171875,0.65447998046875,0.2349853515625,1.8935483870967742,57.380254154447705,0.0,0.0
4.801072158035822,87.06504280618539,-0.28277587890625,-0.66168212890625,0.65167236328125,0.23980712890625,1.8548387096774193,56.20723362658847,0.0,0.0
4.821193684998434,87.06504280618539,-0.28277587890625,-0.66168212890625,0.65167236328125,0.23980712890625,1.8806451612903226,56.98924731182796,0.009677419354838708,0.29325513196480935
4.841277195024304,87.06504280618539,-0.28277587890625,-0.66168212890625,0.65167236328125,0.23980712890625,1.8903225806451613,57.28250244379277,0.0,0.0
4.861290303000715,87.94025562152676,-0.27777099609375,-0.66375732421875,0.64984130859375,0.244873046875,1.8741935483870966,56.79374389051808,0.0,0.0
4.881353876029607,87.94025562152676,-0.27777099609375,-0.66375732421875,0.64984130859375,0.244873046875,1.8709677419354838,56.695992179863154,0.0,0.0
4.901416362030432,88.89807058592399,-0.2723388671875,-0.66607666015625,0.64764404296875,0.2503662109375,1.8806451612903226,56.98924731182796,0.0,0.0
4.921510879998095,88.89807058592399,-0.2723388671875,-0.66607666015625,0.64764404296875,0.2503662109375,1.932258064516129,58.55327468230694,0.0,0.0
4.941562068997882,88.89807058592399,-0.2723388671875,-0.66607666015625,0.64764404296875,0.2503662109375,1.8838709677419354,57.0869990224829,0.0,0.0
4.961712045012973,89.82901279051642,-0.2674560546875,-0.669189453125,0.64453125,0.25537109375,1.9064516129032258,57.77126099706745,0.016129032258064516,0.4887585532746823
4.981758978043217,89.82901279051642,-0.2674560546875,-0.669189453125,0.64453125,0.25537109375,1.9064516129032258,57.77126099706745,0.0,0.0
5.0018343279953115,90.82754546383228,-0.26202392578125,-0.67236328125,0.641357421875,0.26068115234375,1.8838709677419354,57.0869990224829,0.0,0.0
5.021927502995823,90.82754546383228,-0.26202392578125,-0.67236328125,0.641357421875,0.26068115234375,1.8935483870967742,57.380254154447705,0.0,0.0
5.041990692028776,90.82754546383228,-0.26202392578125,-0.67236328125,0.641357421875,0.26068115234375,1.8677419354838707,56.59824046920821,0.0,0.0
5.062100475013722,91.83670525750769,-0.25640869140625,-0.675537109375,0.63812255859375,0.26593017578125,1.903225806451613,57.67350928641252,0.0,0.0
5.082174737006426,91.83670525750769,-0.25640869140625,-0.675537109375,0.63812255859375,0.26593017578125,1.9064516129032258,57.77126099706745,0.0,0.0
5.102337033022195,92.82374979289439,-0.2506103515625,-0.67864990234375,0.63507080078125,0.27081298828125,1.8709677419354838,56.695992179863154,0.0,0.0
5.122313275991473,92.82374979289439,-0.2506103515625,-0.67864990234375,0.63507080078125,0.27081298828125,1.8838709677419354,57.0869990224829,0.0,0.0
5.14239982602885,92.82374979289439,-0.2506103515625,-0.67864990234375,0.63507080078125,0.27081298828125,1.896774193548387,57.478005865102645,0.0,0.0
5.1624753680080175,93.7424525607595,-0.24517822265625,-0.68121337890625,0.63238525390625,0.2755126953125,1.8935483870967742,57.380254154447705,0.0,0.0
5.18255174200749,93.7424525607595,-0.24517822265625,-0.68121337890625,0.63238525390625,0.2755126953125,1.9516129032258065,59.13978494623656,0.0,0.0
5.202609842992388,94.56278273734335,-0.24041748046875,-0.6834716796875,0.62994384765625,0.27978515625,1.9258064516129032,58.35777126099707,0.0,0.0
5.22270106599899,94.56278273734335,-0.24041748046875,-0.6834716796875,0.62994384765625,0.27978515625,1.9161290322580644,58.06451612903226,0.0,0.0
5.2428148810286075,94.56278273734335,-0.24041748046875,-0.6834716796875,0.62994384765625,0.27978515625,1.9258064516129032,58.35777126099707,0.0,0.0
5.262861622031778,95.31784340978751,-0.2362060546875,-0.6854248046875,0.6275634765625,0.28387451171875,1.932258064516129,58.55327468230694,0.0032258064516129032,0.09775171065493646
5.282936842995696,95.31784340978751,-0.2362060546875,-0.6854248046875,0.6275634765625,0.28387451171875,1.929032258064516,58.45552297165201,0.0,0.0
5.303037890000269,96.01166387933188,-0.23211669921875,-0.68719482421875,0.62548828125,0.2874755859375,1.9161290322580644,58.06451612903226,0.0,0.0
5.323124792019371,96.01166387933188,-0.23211669921875,-0.68719482421875,0.62548828125,0.2874755859375,1.932258064516129,58.55327468230694,0.0032258064516129032,0.09775171065493646
5.343210222024936,96.01166387933188,-0.23211669921875,-0.68719482421875,0.62548828125,0.2874755859375,1.9258064516129032,58.35777126099707,0.0,0.0
5.363265476014931,96.68682988405106,-0.22857666015625,-0.68865966796875,0.62335205078125,0.29144287109375,1.929032258064516,58.45552297165201,0.0,0.0
5.383351930009667,96.68682988405106,-0.22857666015625,-0.68865966796875,0.62335205078125,0.29144287109375,1.9225806451612903,58.260019550342136,0.0,0.0
5.403451664024033,97.31666354717925,-0.22552490234375,-0.68975830078125,0.621337890625,0.29547119140625,1.9258064516129032,58.35777126099707,0.0,0.0
5.423538855044171,97.31666354717925,-0.22552490234375,-0.68975830078125,0.621337890625,0.29547119140625,1.8935483870967742,57.380254154447705,0.0,0.0
5.443647965032142,97.31666354717925,-0.22552490234375,-0.68975830078125,0.621337890625,0.29547119140625,1.9096774193548387,57.86901270772239,0.0,0.0
5.463741524028592,97.88496490944593,-0.22265625,-0.6910400390625,0.619384765625,0.298828125,1.903225806451613,57.67350928641252,0.0032258064516129032,0.09775171065493646
5.483812041988131,97.88496490944593,-0.22265625,-0.6910400390625,0.619384765625,0.298828125,1.8741935483870966,56.79374389051808,0.0,0.0
5.503907616017386,98.09062295651482,-0.2218017578125,-0.6912841796875,0.61865234375,0.30029296875,1.8548387096774193,56.20723362658847,0.0,0.0
5.523978837998584,98.09062295651482,-0.2218017578125,-0.6912841796875,0.61865234375,0.30029296875,1.8806451612903226,56.98924731182796,0.0,0.0
5.544054636033252,98.09062295651482,-0.2218017578125,-0.6912841796875,0.61865234375,0.30029296875,1.8935483870967742,57.380254154447705,0.0,0.0
5.565290566009935,98.15726883880235,-0.2215576171875,-0.69091796875,0.61871337890625,0.30108642578125,1.8903225806451613,57.28250244379277,0.0,0.0
5.584206102997996,98.15726883880235,-0.2215576171875,-0.69091796875,0.61871337890625,0.30108642578125,1.8935483870967742,57.380254154447705,0.0,0.0
5.6042495160363615,98.54460169859678,-0.2196044921875,-0.69122314453125,0.61785888671875,0.30377197265625,1.9193548387096775,58.162267839687196,0.0,0.0
5.624419461004436,98.54460169859678,-0.2196044921875,-0.69122314453125,0.61785888671875,0.30377197265625,1.8935483870967742,57.380254154447705,0.0,0.0
5.6444168880116194,98.54460169859678,-0.2196044921875,-0.69122314453125,0.61785888671875,0.30377197265625,1.8870967741935485,57.18475073313783,0.0,0.0
5.66452011099318,99.17117504120276,-0.216796875,-0.69189453125,0.61590576171875,0.30816650390625,1.8806451612903226,56.98924731182796,0.0,0.0
5.684600261040032,99.17117504120276,-0.216796875,-0.69189453125,0.61590576171875,0.30816650390625,1.8548387096774193,56.20723362658847,0.0,0.0
5.704685562988743,99.73709793630726,-0.21441650390625,-0.692626953125,0.6138916015625,0.3121337890625,1.8935483870967742,57.380254154447705,0.0,0.0
5.724766193015967,99.73709793630726,-0.21441650390625,-0.692626953125,0.6138916015625,0.3121337890625,1.8548387096774193,56.20723362658847,0.0032258064516129032,0.09775171065493646
5.74481319001643,99.73709793630726,-0.21441650390625,-0.692626953125,0.6138916015625,0.3121337890625,1.8580645161290321,56.304985337243394,0.0,0.0
5.764916540996637,100.17980800086664,-0.21282958984375,-0.69354248046875,0.61187744140625,0.315185546875,1.8903225806451613,57.28250244379277,0.0032258064516129032,0.09775171065493646
5.784957682015374,100.17980800086664,-0.21282958984375,-0.69354248046875,0.61187744140625,0.315185546875,1.8548387096774193,56.20723362658847,0.0,0.0
5.805065928027034,100.60786031138933,-0.21112060546875,-0.6943359375,0.61004638671875,0.31805419921875,1.8548387096774193,56.20723362658847,0.0,0.0
5.8252026560367085,100.60786031138933,-0.21112060546875,-0.6943359375,0.61004638671875,0.31805419921875,1.8677419354838707,56.59824046920821,0.0,0.0
5.845272950013168,100.60786031138933,-0.21112060546875,-0.6943359375,0.61004638671875,0.31805419921875,1.8548387096774193,56.20723362658847,0.0,0.0
5.865365612029564,100.97684857511257,-0.20953369140625,-0.69488525390625,0.60870361328125,0.320556640625,1.8838709677419354,57.0869990224829,0.0,0.0
5.885462563019246,100.97684857511257,-0.20953369140625,-0.69488525390625,0.60870361328125,0.320556640625,1.8645161290322578,56.50048875855327,0.0,0.0
5.905576218036003,101.09079199865839,-0.2088623046875,-0.69476318359375,0.608642578125,0.3214111328125,1.8806451612903226,56.98924731182796,0.0,0.0
5.925602830015123,101.09079199865839,-0.2088623046875,-0.69476318359375,0.608642578125,0.3214111328125,1.8709677419354838,56.695992179863154,0.0032258064516129032,0.09775171065493646
5.945713317021728,101.09079199865839,-0.2088623046875,-0.69476318359375,0.608642578125,0.3214111328125,1.8935483870967742,57.380254154447705,0.0,0.0
5.965842940029688,101.03927031752399,-0.2093505859375,-0.69476318359375,0.6085205078125,0.3211669921875,1.8580645161290321,56.304985337243394,0.0,0.0
5.985905394016299,101.03927031752399,-0.2093505859375,-0.69476318359375,0.6085205078125,0.3211669921875,1.8580645161290321,56.304985337243394,0.0,0.0
6.005966247001197,100.90567730803484,-0.2100830078125,-0.6942138671875,0.60919189453125,0.32061767578125,1.8774193548387097,56.89149560117303,0.0,0.0
6.02609526301967,100.90567730803484,-0.2100830078125,-0.6942138671875,0.60919189453125,0.32061767578125,1.8741935483870966,56.79374389051808,0.0,0.0
6.046136146993376,100.90567730803484,-0.2100830078125,-0.6942138671875,0.60919189453125,0.32061767578125,1.8677419354838707,56.59824046920821,0.0,0.0
6.066211464989465,100.76674555786315,-0.210693359375,-0.6937255859375,0.60992431640625,0.31988525390625,1.8774193548387097,56.89149560117303,0.0,0.0
6.086324447998777,100.76674555786315,-0.210693359375,-0.6937255859375,0.60992431640625,0.31988525390625,1.8580645161290321,56.304985337243394,0.0,0.0
6.106404726044275,100.62728670691236,-0.21136474609375,-0.69329833984375,0.610595703125,0.31915283203125,1.8709677419354838,56.695992179863154,0.0,0.0
6.126451819029171,100.62728670691236,-0.21136474609375,-0.69329833984375,0.610595703125,0.31915283203125,1.8774193548387097,56.89149560117303,0.0,0.0
6.146532737009693,100.62728670691236,-0.21136474609375,-0.69329833984375,0.610595703125,0.31915283203125,1.9129032258064516,57.96676441837732,0.0,0.0
6.166587382031139,100.49633131309409,-0.21197509765625,-0.6929931640625,0.611083984375,0.318359375,1.8806451612903226,56.98924731182796,0.0,0.0
6.186674476019107,100.49633131309409,-0.21197509765625,-0.6929931640625,0.611083984375,0.318359375,1.9,57.57575757575758,0.0,0.0
6.206751010031439,100.42918313943638,-0.2122802734375,-0.69281005859375,0.6114501953125,0.3179931640625,1.8709677419354838,56.695992179863154,0.0,0.0
6.226828760001808,100.42918313943638,-0.2122802734375,-0.69281005859375,0.6114501953125,0.3179931640625,1.8806451612903226,56.98924731182796,0.0,0.0
6.246908141998574,100.42918313943638,-0.2122802734375,-0.69281005859375,0.6114501953125,0.3179931640625,1.8741935483870966,56.79374389051808,0.0,0.0
6.266988484014291,100.72082115491921,-0.21038818359375,-0.69317626953125,0.61083984375,0.319580078125,1.8870967741935485,57.18475073313783,0.0,0.0
6.287068794015795,100.72082115491921,-0.21038818359375,-0.69317626953125,0.61083984375,0.319580078125,1.8645161290322578,56.50048875855327,0.0,0.0
6.307155056041665,101.02140547952492,-0.20849609375,-0.6932373046875,0.61041259765625,0.32147216796875,1.8709677419354838,56.695992179863154,0.0032258064516129032,0.09775171065493646
6.3272561660269275,101.02140547952492,-0.20849609375,-0.6932373046875,0.61041259765625,0.32147216796875,1.8935483870967742,57.380254154447705,0.0,0.0
6.347340573032852,101.02140547952492,-0.20849609375,-0.6932373046875,0.61041259765625,0.32147216796875,1.8709677419354838,56.695992179863154,0.0,0.0
6.367389841994736,101.20350434334765,-0.20721435546875,-0.69329833984375,0.6102294921875,0.322509765625,1.8741935483870966,56.79374389051808,0.0,0.0
6.387442887003999,101.20350434334765,-0.20721435546875,-0.69329833984375,0.6102294921875,0.322509765625,1.8548387096774193,56.20723362658847,0.0,0.0
6.407603934989311,101.25058159221385,-0.20684814453125,-0.69305419921875,0.61041259765625,0.32293701171875,1.8838709677419354,57.0869990224829,0.0032258064516129032,0.09775171065493646
6.427578610018827,101.25058159221385,-0.20684814453125,-0.69305419921875,0.61041259765625,0.32293701171875,1.8774193548387097,56.89149560117303,0.0,0.0
6.4476493510301225,101.25058159221385,-0.20684814453125,-0.69305419921875,0.61041259765625,0.32293701171875,1.8580645161290321,56.304985337243394,0.0,0.0
6.4677102050045505,101.19920740864944,-0.207275390625,-0.69293212890625,0.6104736328125,0.32275390625,1.8741935483870966,56.79374389051808,0.0,0.0
6.487787346995901,101.19920740864944,-0.207275390625,-0.69293212890625,0.6104736328125,0.32275390625,1.8677419354838707,56.59824046920821,0.012903225806451613,0.39100684261974583
6.507848200039007,101.09912606343937,-0.208251953125,-0.69287109375,0.61041259765625,0.3223876953125,1.8322580645161288,55.5229716520039,0.0,0.0
6.5279049249948,101.09912606343937,-0.208251953125,-0.69287109375,0.61041259765625,0.3223876953125,1.8516129032258062,56.10948191593352,0.0,0.0
6.547971891006455,101.09912606343937,-0.208251953125,-0.69287109375,0.61041259765625,0.3223876953125,1.8387096774193548,55.71847507331379,0.0,0.0
6.568036712007597,100.98187452882213,-0.20916748046875,-0.6927490234375,0.61053466796875,0.32183837890625,1.8322580645161288,55.5229716520039,0.0,0.0
6.588128863018937,100.98187452882213,-0.20916748046875,-0.6927490234375,0.61053466796875,0.32183837890625,1.8161290322580643,55.034213098729225,0.0,0.0
6.608277174993418,100.83779632114712,-0.2099609375,-0.69244384765625,0.61102294921875,0.321044921875,1.8387096774193548,55.71847507331379,0.0,0.0
6.6282860900391825,100.83779632114712,-0.2099609375,-0.69244384765625,0.61102294921875,0.321044921875,1.8419354838709676,55.816226783968716,0.0,0.0
6.648375585034955,100.83779632114712,-0.2099609375,-0.69244384765625,0.61102294921875,0.321044921875,1.8322580645161288,55.5229716520039,0.0,0.0
6.668465878989082,100.60541559511536,-0.2110595703125,-0.6917724609375,0.612060546875,0.31976318359375,1.8322580645161288,55.5229716520039,0.0,0.0
6.698112089012284,100.60541559511536,-0.2110595703125,-0.6917724609375,0.612060546875,0.31976318359375,1.8064516129032258,54.74095796676443,0.0,0.0
6.710662211000454,100.20163759258818,-0.21307373046875,-0.69049072265625,0.6138916015625,0.31768798828125,1.7870967741935482,54.154447702834794,0.0,0.0
6.739068286027759,100.20163759258818,-0.21307373046875,-0.69049072265625,0.6138916015625,0.31768798828125,1.793548387096774,54.34995112414467,0.0,0.0
6.759254935022909,100.20163759258818,-0.21307373046875,-0.69049072265625,0.6138916015625,0.31768798828125,1.764516129032258,53.47018572825024,0.0,0.0
6.768839652009774,99.44138190888872,-0.21685791015625,-0.6881103515625,0.61724853515625,0.313720703125,1.7838709677419353,54.05669599217986,0.0032258064516129032,0.09775171065493646
6.788961819023825,99.44138190888872,-0.21685791015625,-0.6881103515625,0.61724853515625,0.313720703125,1.7774193548387096,53.86119257086999,0.0064516129032258064,0.19550342130987292
6.8090687860385515,98.48738832598089,-0.2218017578125,-0.684814453125,0.62158203125,0.30908203125,1.7580645161290323,53.27468230694038,0.0,0.0
6.8291137350024655,98.48738832598089,-0.2218017578125,-0.684814453125,0.62158203125,0.30908203125,1.761290322580645,53.3724340175953,0.0,0.0
6.849224733014125,98.48738832598089,-0.2218017578125,-0.684814453125,0.62158203125,0.30908203125,1.7774193548387096,53.86119257086999,0.0,0.0
6.86926837003557,97.52093571401859,-0.22698974609375,-0.68145751953125,0.62567138671875,0.304443359375,1.7774193548387096,53.86119257086999,0.0,0.0
6.889313735009637,97.52093571401859,-0.22698974609375,-0.68145751953125,0.62567138671875,0.304443359375,1.764516129032258,53.47018572825024,0.0,0.0
6.909469567006454,96.49810819421502,-0.23236083984375,-0.67852783203125,0.62945556640625,0.2989501953125,1.7580645161290323,53.27468230694038,0.0,0.0
6.9295667100232095,96.49810819421502,-0.23236083984375,-0.67852783203125,0.62945556640625,0.2989501953125,1.7387096774193547,52.68817204301075,0.0,0.0
6.949679757002741,96.49810819421502,-0.23236083984375,-0.67852783203125,0.62945556640625,0.2989501953125,1.7548387096774192,53.17693059628543,0.0032258064516129032,0.09775171065493646
6.969676223990973,95.37423585374346,-0.23876953125,-0.67559814453125,0.63299560546875,0.29302978515625,1.7387096774193547,52.68817204301075,0.0,0.0
6.989717013027985,95.37423585374346,-0.23876953125,-0.67559814453125,0.63299560546875,0.29302978515625,1.764516129032258,53.47018572825024,0.0,0.0
7.013811240030918,94.07262821354735,-0.2467041015625,-0.672119140625,0.6365966796875,0.2864990234375,1.7258064516129032,52.29716520039101,0.0,0.0
7.029873055987991,94.07262821354735,-0.2467041015625,-0.672119140625,0.6365966796875,0.2864990234375,1.7548387096774192,53.17693059628543,0.0,0.0
7.049927284999285,94.07262821354735,-0.2467041015625,-0.672119140625,0.6365966796875,0.2864990234375,1.7419354838709677,52.785923753665685,0.0,0.0
7.069996235019062,92.34850692348626,-0.25689697265625,-0.6671142578125,0.6417236328125,0.27783203125,1.7064516129032257,51.71065493646139,0.0,0.0
7.090060960035771,92.34850692348626,-0.25689697265625,-0.6671142578125,0.6417236328125,0.27783203125,1.7064516129032257,51.71065493646139,0.0,0.0
7.110220280999783,90.50698978692179,-0.26812744140625,-0.66204833984375,0.64630126953125,0.2684326171875,1.7225806451612902,52.19941348973607,0.0,0.0
7.130240525002591,90.50698978692179,-0.26812744140625,-0.66204833984375,0.64630126953125,0.2684326171875,1.7387096774193547,52.68817204301075,0.0,0.0
7.150295202038251,90.50698978692179,-0.26812744140625,-0.66204833984375,0.64630126953125,0.2684326171875,1.7096774193548387,51.80840664711632,0.0,0.0
7.170380919997115,88.72396139189253,-0.2784423828125,-0.6568603515625,0.65106201171875,0.259033203125,1.7096774193548387,51.80840664711632,0.0,0.0
7.190461741993204,88.72396139189253,-0.2784423828125,-0.6568603515625,0.65106201171875,0.259033203125,1.696774193548387,51.417399804496576,0.0,0.0
7.2105049309902824,87.30577440103146,-0.2864990234375,-0.65252685546875,0.6549072265625,0.25152587890625,1.6612903225806452,50.34213098729228,0.0,0.0
7.23055589600699,87.30577440103146,-0.2864990234375,-0.65252685546875,0.6549072265625,0.25152587890625,1.7129032258064516,51.90615835777126,0.0,0.0
7.250690863002092,87.30577440103146,-0.2864990234375,-0.65252685546875,0.6549072265625,0.25152587890625,1.7225806451612902,52.19941348973607,0.0,0.0
7.270723396039102,86.07759336562692,-0.293212890625,-0.64825439453125,0.6585693359375,0.2451171875,1.729032258064516,52.39491691104594,0.0,0.0
7.290849147015251,86.07759336562692,-0.293212890625,-0.64825439453125,0.6585693359375,0.2451171875,1.7258064516129032,52.29716520039101,0.0,0.0
7.310942481039092,84.98018324134047,-0.29986572265625,-0.644775390625,0.6610107421875,0.23956298828125,1.7354838709677418,52.59042033235581,0.009677419354838708,0.29325513196480935
7.330971846007742,84.98018324134047,-0.29986572265625,-0.644775390625,0.6610107421875,0.23956298828125,1.729032258064516,52.39491691104594,0.0,0.0
7.351062396017369,84.98018324134047,-0.29986572265625,-0.644775390625,0.6610107421875,0.23956298828125,1.7419354838709677,52.785923753665685,0.0,0.0
7.371188787044957,83.87850802312295,-0.306640625,-0.6417236328125,0.6629638671875,0.23370361328125,1.729032258064516,52.39491691104594,0.0,0.0
7.391237064031884,83.87850802312295,-0.306640625,-0.6417236328125,0.6629638671875,0.23370361328125,1.729032258064516,52.39491691104594,0.012903225806451613,0.39100684261974583
7.411279965017457,82.63734074067209,-0.31396484375,-0.63861083984375,0.6650390625,0.22662353515625,1.7387096774193547,52.68817204301075,0.009677419354838708,0.29325513196480935
7.431337393994909,82.63734074067209,-0.31396484375,-0.63861083984375,0.6650390625,0.22662353515625,1.7516129032258063,53.0791788856305,0.0,0.0
7.45139735203702,82.63734074067209,-0.31396484375,-0.63861083984375,0.6650390625,0.22662353515625,1.7451612903225806,52.883675464320625,0.0,0.0
7.471466685004998,81.44365086057438,-0.320068359375,-0.6348876953125,0.66802978515625,0.2196044921875,1.7419354838709677,52.785923753665685,0.0,0.0
7.491597973043099,81.44365086057438,-0.320068359375,-0.6348876953125,0.66802978515625,0.2196044921875,1.764516129032258,53.47018572825024,0.0,0.0
7.511635977018159,80.3685665055709,-0.32489013671875,-0.6298828125,0.6722412109375,0.21392822265625,1.7677419354838708,53.567937438905176,0.0032258064516129032,0.09775171065493646
7.531752736016642,80.3685665055709,-0.32489013671875,-0.6298828125,0.6722412109375,0.21392822265625,1.7903225806451613,54.25219941348974,0.0,0.0
7.551795829029288,80.3685665055709,-0.32489013671875,-0.6298828125,0.6722412109375,0.21392822265625,1.7387096774193547,52.68817204301075,0.0,0.0
7.571857130038552,79.36592236284031,-0.32977294921875,-0.6240234375,0.6766357421875,0.209716796875,1.764516129032258,53.47018572825024,0.0032258064516129032,0.09775171065493646
7.591945696040057,79.36592236284031,-0.32977294921875,-0.6240234375,0.6766357421875,0.209716796875,1.7516129032258063,53.0791788856305,0.0,0.0
7.611999285989441,78.25261009573958,-0.33587646484375,-0.6187744140625,0.67999267578125,0.20458984375,1.764516129032258,53.47018572825024,0.0,0.0
7.632072939013597,78.25261009573958,-0.33587646484375,-0.6187744140625,0.67999267578125,0.20458984375,1.7387096774193547,52.68817204301075,0.0,0.0
7.652117407997139,78.25261009573958,-0.33587646484375,-0.6187744140625,0.67999267578125,0.20458984375,1.7580645161290323,53.27468230694038,0.0032258064516129032,0.09775171065493646
7.672191478020977,76.98679546581675,-0.343017578125,-0.61456298828125,0.68231201171875,0.1976318359375,1.764516129032258,53.47018572825024,0.0,0.0
7.692253098997753,76.98679546581675,-0.343017578125,-0.61456298828125,0.68231201171875,0.1976318359375,1.7548387096774192,53.17693059628543,0.0,0.0
7.712326081003994,75.76979981627154,-0.34930419921875,-0.610107421875,0.68511962890625,0.1907958984375,1.732258064516129,52.49266862170088,0.0,0.0
7.732383669994306,75.76979981627154,-0.34930419921875,-0.610107421875,0.68511962890625,0.1907958984375,1.7387096774193547,52.68817204301075,0.0,0.0
7.752457452006638,75.76979981627154,-0.34930419921875,-0.610107421875,0.68511962890625,0.1907958984375,1.6870967741935483,51.12414467253177,0.0,0.0
7.772522081038915,74.74777924393821,-0.35418701171875,-0.60528564453125,0.6883544921875,0.18548583984375,1.6903225806451612,51.2218963831867,0.0,0.0
7.792582966038026,74.74777924393821,-0.35418701171875,-0.60528564453125,0.6883544921875,0.18548583984375,1.6612903225806452,50.34213098729228,0.0,0.0
7.812654028006364,73.7726000696081,-0.35870361328125,-0.599853515625,0.69195556640625,0.18084716796875,1.696774193548387,51.417399804496576,0.0,0.0
7.832718753023073,73.7726000696081,-0.35870361328125,-0.599853515625,0.69195556640625,0.18084716796875,1.7032258064516128,51.61290322580645,0.0,0.0
7.852789623022545,73.7726000696081,-0.35870361328125,-0.599853515625,0.69195556640625,0.18084716796875,1.7,51.515151515151516,0.0,0.0
7.872880204988178,72.79135936868757,-0.36376953125,-0.59564208984375,0.69427490234375,0.1756591796875,1.7032258064516128,51.61290322580645,0.0,0.0
7.893033381027635,72.79135936868757,-0.36376953125,-0.59564208984375,0.69427490234375,0.1756591796875,1.7064516129032257,51.71065493646139,0.0,0.0
7.913029432995245,71.7678816845846,-0.36932373046875,-0.592041015625,0.69586181640625,0.16986083984375,1.6903225806451612,51.2218963831867,0.0,0.0
7.933089614030905,71.7678816845846,-0.36932373046875,-0.592041015625,0.69586181640625,0.16986083984375,1.6838709677419355,51.02639296187683,0.016129032258064516,0.4887585532746823
7.953145411040168,71.7678816845846,-0.36932373046875,-0.592041015625,0.69586181640625,0.16986083984375,1.7,51.515151515151516,0.0,0.0
7.973235417040996,70.6616000772765,-0.37506103515625,-0.587646484375,0.69793701171875,0.1636962890625,1.7032258064516128,51.61290322580645,0.0064516129032258064,0.19550342130987292
7.993281358038075,70.6616000772765,-0.37506103515625,-0.587646484375,0.69793701171875,0.1636962890625,1.6806451612903226,50.9286412512219,0.0032258064516129032,0.09775171065493646
8.01341642200714,69.5732449966213,-0.38067626953125,-0.58245849609375,0.7005615234375,0.15826416015625,1.6870967741935483,51.12414467253177,0.0,0.0
8.033455418015365,69.5732449966213,-0.38067626953125,-0.58245849609375,0.7005615234375,0.15826416015625,1.7225806451612902,52.19941348973607,0.0,0.0
8.05351876700297,69.5732449966213,-0.38067626953125,-0.58245849609375,0.7005615234375,0.15826416015625,1.7129032258064516,51.90615835777126,0.016129032258064516,0.4887585532746823
8.073677640000824,68.45953262900288,-0.3863525390625,-0.5762939453125,0.70367431640625,0.1531982421875,1.7096774193548387,51.80840664711632,0.0,0.0
8.093690460023936,68.45953262900288,-0.3863525390625,-0.5762939453125,0.70367431640625,0.1531982421875,1.7387096774193547,52.68817204301075,0.0,0.0
8.113752497010864,67.28765018538397,-0.392822265625,-0.57080078125,0.705810546875,0.14752197265625,1.729032258064516,52.39491691104594,0.0,0.0
8.133842311042827,67.28765018538397,-0.392822265625,-0.57080078125,0.705810546875,0.14752197265625,1.7193548387096773,52.101661779081134,0.0,0.0
8.153886043990497,67.28765018538397,-0.392822265625,-0.57080078125,0.705810546875,0.14752197265625,1.7354838709677418,52.59042033235581,0.0,0.0
8.173936689039692,65.94230582491164,-0.40069580078125,-0.56512451171875,0.707275390625,0.14080810546875,1.732258064516129,52.49266862170088,0.0,0.0
8.194001350027975,65.94230582491164,-0.40069580078125,-0.56512451171875,0.707275390625,0.14080810546875,1.732258064516129,52.49266862170088,0.0,0.0
8.2140665880288,64.75421477860729,-0.40789794921875,-0.55975341796875,0.70849609375,0.13531494140625,1.7709677419354837,53.665689149560116,0.0,0.0
8.234134289028589,64.75421477860729,-0.40789794921875,-0.55975341796875,0.70849609375,0.13531494140625,1.8032258064516127,54.64320625610948,0.0,0.0
8.254207719000988,64.75421477860729,-0.40789794921875,-0.55975341796875,0.70849609375,0.13531494140625,1.796774193548387,54.44770283479961,0.0032258064516129032,0.09775171065493646
8.274269340035971,63.65083116232396,-0.41461181640625,-0.55413818359375,0.70989990234375,0.13067626953125,1.8225806451612903,55.229716520039105,0.0,0.0
8.294338738021906,63.65083116232396,-0.41461181640625,-0.55413818359375,0.70989990234375,0.13067626953125,1.8225806451612903,55.229716520039105,0.0,0.0
8.314403527008835,62.57789292568921,-0.42169189453125,-0.54931640625,0.7103271484375,0.1260986328125,1.8193548387096772,55.13196480938416,0.0,0.0
8.334469371999148,62.57789292568921,-0.42169189453125,-0.54931640625,0.7103271484375,0.1260986328125,1.7774193548387096,53.86119257086999,0.0,0.0
8.354538322018925,62.57789292568921,-0.42169189453125,-0.54931640625,0.7103271484375,0.1260986328125,1.8064516129032258,54.74095796676443,0.0,0.0
8.374630631995387,61.52025957957048,-0.4288330078125,-0.54522705078125,0.71002197265625,0.12115478515625,1.8064516129032258,54.74095796676443,0.0,0.0
8.394690397020895,61.52025957957048,-0.4288330078125,-0.54522705078125,0.71002197265625,0.12115478515625,1.8129032258064515,54.936461388074285,0.0,0.0
8.41474510601256,60.56111888057683,-0.435302734375,-0.54095458984375,0.71002197265625,0.1170654296875,1.829032258064516,55.42521994134897,0.0,0.0
8.434809127997141,60.56111888057683,-0.435302734375,-0.54095458984375,0.71002197265625,0.1170654296875,1.8193548387096772,55.13196480938416,0.0,0.0
8.454875357041601,60.56111888057683,-0.435302734375,-0.54095458984375,0.71002197265625,0.1170654296875,1.8096774193548386,54.83870967741935,0.0,0.0
8.47494478704175,59.783924581569025,-0.44061279296875,-0.53692626953125,0.7103271484375,0.1142578125,1.8225806451612903,55.229716520039105,0.0,0.0
8.495008199999575,59.783924581569025,-0.44061279296875,-0.53692626953125,0.7103271484375,0.1142578125,1.8064516129032258,54.74095796676443,0.0,0.0
8.51507446198957,58.99945229942976,-0.44537353515625,-0.53265380859375,0.71099853515625,0.11102294921875,1.7999999999999998,54.54545454545454,0.0,0.0
8.53523659799248,58.99945229942976,-0.44537353515625,-0.53265380859375,0.71099853515625,0.11102294921875,1.8096774193548386,54.83870967741935,0.0,0.0
8.555323532025795,58.99945229942976,-0.44537353515625,-0.53265380859375,0.71099853515625,0.11102294921875,1.8225806451612903,55.229716520039105,0.0,0.0
8.575410626013763,58.25848625786098,-0.4495849609375,-0.52880859375,0.7117919921875,0.10772705078125,1.7774193548387096,53.86119257086999,0.0,0.0
8.595495320041664,58.25848625786098,-0.4495849609375,-0.52880859375,0.7117919921875,0.10772705078125,1.8096774193548386,54.83870967741935,0.0,0.0
8.615582382015418,57.553107670613755,-0.45367431640625,-0.52520751953125,0.71234130859375,0.10455322265625,1.8129032258064515,54.936461388074285,0.0,0.0
8.635703237028793,57.553107670613755,-0.45367431640625,-0.52520751953125,0.71234130859375,0.10455322265625,1.8258064516129031,55.32746823069403,0.0,0.0
8.655790108023211,57.553107670613755,-0.45367431640625,-0.52520751953125,0.71234130859375,0.10455322265625,1.7999999999999998,54.54545454545454,0.0,0.0
8.675851121020969,56.77877348872119,-0.45819091796875,-0.5211181640625,0.712890625,0.10113525390625,1.7806451612903225,53.95894428152492,0.0,0.0
8.69594311102992,56.77877348872119,-0.45819091796875,-0.5211181640625,0.712890625,0.10113525390625,1.8032258064516127,54.64320625610948,0.0,0.0
8.71604239800945,56.088997772202106,-0.462890625,-0.5174560546875,0.712890625,0.0986328125,1.8354838709677417,55.62072336265884,0.0064516129032258064,0.19550342130987292
8.7361234750133,56.088997772202106,-0.462890625,-0.5174560546875,0.712890625,0.0986328125,1.8161290322580643,55.034213098729225,0.0064516129032258064,0.19550342130987292
8.756176264025271,56.088997772202106,-0.462890625,-0.5174560546875,0.712890625,0.0986328125,1.8870967741935485,57.18475073313783,0.0,0.0
8.776220444997307,55.39005055408996,-0.46844482421875,-0.5137939453125,0.71221923828125,0.09661865234375,1.8548387096774193,56.20723362658847,0.0,0.0
8.796281170041766,55.39005055408996,-0.46844482421875,-0.5137939453125,0.71221923828125,0.09661865234375,1.829032258064516,55.42521994134897,0.0,0.0
8.816343784041237,54.722868214703944,-0.47528076171875,-0.5115966796875,0.70953369140625,0.0947265625,1.8451612903225805,55.91397849462365,0.0,0.0
8.836467359040398,54.722868214703944,-0.47528076171875,-0.5115966796875,0.70953369140625,0.0947265625,1.8677419354838707,56.59824046920821,0.0,0.0
8.856508883996867,54.722868214703944,-0.47528076171875,-0.5115966796875,0.70953369140625,0.0947265625,1.8806451612903226,56.98924731182796,0.016129032258064516,0.4887585532746823
8.876569993037265,53.84526076044575,-0.4835205078125,-0.508056640625,0.706787109375,0.092041015625,1.8741935483870966,56.79374389051808,0.0,0.0
8.896649471018463,53.84526076044575,-0.4835205078125,-0.508056640625,0.706787109375,0.092041015625,1.8935483870967742,57.380254154447705,0.0,0.0
8.91680271102814,52.98663265714674,-0.4915771484375,-0.50384521484375,0.70458984375,0.09002685546875,1.8838709677419354,57.0869990224829,0.0,0.0
8.936889773001894,52.98663265714674,-0.4915771484375,-0.50384521484375,0.70458984375,0.09002685546875,1.896774193548387,57.478005865102645,0.0,0.0
8.957257356029004,52.98663265714674,-0.4915771484375,-0.50384521484375,0.70458984375,0.09002685546875,1.8677419354838707,56.59824046920821,0.0,0.0
8.977094714005943,52.2294317812982,-0.498046875,-0.49853515625,0.70391845703125,0.08892822265625,1.9064516129032258,57.77126099706745,0.0,0.0
8.997088044998236,52.2294317812982,-0.498046875,-0.49853515625,0.70391845703125,0.08892822265625,1.8935483870967742,57.380254154447705,0.0,0.0
9.01713357004337,51.39598349631155,-0.503662109375,-0.49359130859375,0.70379638671875,0.08612060546875,1.8677419354838707,56.59824046920821,0.0,0.0
9.037191383016761,51.39598349631155,-0.503662109375,-0.49359130859375,0.70379638671875,0.08612060546875,1.8677419354838707,56.59824046920821,0.0,0.0
9.057515220018104,51.39598349631155,-0.503662109375,-0.49359130859375,0.70379638671875,0.08612060546875,1.9387096774193548,58.748778103616814,0.0064516129032258064,0.19550342130987292
9.077332066022791,50.60249552126084,-0.50927734375,-0.48992919921875,0.70263671875,0.0826416015625,1.8774193548387097,56.89149560117303,0.0,0.0
9.097384695021901,50.60249552126084,-0.50927734375,-0.48992919921875,0.70263671875,0.0826416015625,1.8741935483870966,56.79374389051808,0.0,0.0
9.117479373002425,49.750863885601035,-0.5152587890625,-0.4857177734375,0.70166015625,0.0792236328125,1.8774193548387097,56.89149560117303,0.0,0.0
9.137546083016787,49.750863885601035,-0.5152587890625,-0.4857177734375,0.70166015625,0.0792236328125,1.8677419354838707,56.59824046920821,0.0,0.0
9.157619928009808,49.750863885601035,-0.5152587890625,-0.4857177734375,0.70166015625,0.0792236328125,1.896774193548387,57.478005865102645,0.0,0.0
9.177746288012713,48.997611471263404,-0.52056884765625,-0.48162841796875,0.70086669921875,0.076416015625,1.8548387096774193,56.20723362658847,0.0,0.0
9.197727682010736,48.997611471263404,-0.52056884765625,-0.48162841796875,0.70086669921875,0.076416015625,1.8903225806451613,57.28250244379277,0.0,0.0
9.217796120035928,48.25568750742309,-0.5252685546875,-0.47735595703125,0.7005615234375,0.073486328125,1.8774193548387097,56.89149560117303,0.0,0.0
9.237856557010673,48.25568750742309,-0.5252685546875,-0.47735595703125,0.7005615234375,0.073486328125,1.9064516129032258,57.77126099706745,0.0,0.0
9.257925826008432,48.25568750742309,-0.5252685546875,-0.47735595703125,0.7005615234375,0.073486328125,1.929032258064516,58.45552297165201,0.0032258064516129032,0.09775171065493646
9.277989560039714,47.53048509866523,-0.52923583984375,-0.47308349609375,0.7008056640625,0.07037353515625,1.9064516129032258,57.77126099706745,0.0,0.0
9.298119439044967,47.53048509866523,-0.52923583984375,-0.47308349609375,0.7008056640625,0.07037353515625,1.896774193548387,57.478005865102645,0.0,0.0
9.318176291999407,46.803907765441465,-0.5325927734375,-0.46875,0.7015380859375,0.06695556640625,1.903225806451613,57.67350928641252,0.0,0.0
9.338225913001224,46.803907765441465,-0.5325927734375,-0.46875,0.7015380859375,0.06695556640625,1.8870967741935485,57.18475073313783,0.0,0.0
9.358280493994243,46.803907765441465,-0.5325927734375,-0.46875,0.7015380859375,0.06695556640625,1.8806451612903226,56.98924731182796,0.0,0.0
9.378359235997777,46.11076137085079,-0.53546142578125,-0.46441650390625,0.7025146484375,0.0635986328125,1.8677419354838707,56.59824046920821,0.18387096774193548,5.571847507331378
9.398460571013857,46.11076137085079,-0.53546142578125,-0.46441650390625,0.7025146484375,0.0635986328125,1.9548387096774194,59.2375366568915,0.23548387096774193,7.1358748778103624
9.418498062994331,45.44465412619321,-0.53851318359375,-0.46063232421875,0.7030029296875,0.060302734375,1.9258064516129032,58.35777126099707,0.0,0.0
9.438553187996149,45.44465412619321,-0.53851318359375,-0.46063232421875,0.7030029296875,0.060302734375,1.9225806451612903,58.260019550342136,0.0,0.0
9.45861784904264,45.44465412619321,-0.53851318359375,-0.46063232421875,0.7030029296875,0.060302734375,1.9225806451612903,58.260019550342136,0.0,0.0
9.478688175033312,44.98817249406076,-0.54095458984375,-0.45849609375,0.70269775390625,0.05780029296875,1.9225806451612903,58.260019550342136,0.0,0.0
9.49875885201618,44.98817249406076,-0.54095458984375,-0.45849609375,0.70269775390625,0.05780029296875,1.9064516129032258,57.77126099706745,0.0,0.0
9.518819898017682,44.876142862157025,-0.54254150390625,-0.45843505859375,0.70159912109375,0.05743408203125,1.9225806451612903,58.260019550342136,0.0,0.0
9.538906544039492,44.876142862157025,-0.54254150390625,-0.45843505859375,0.70159912109375,0.05743408203125,1.932258064516129,58.55327468230694,0.0,0.0
9.5589567089919,44.876142862157025,-0.54254150390625,-0.45843505859375,0.70159912109375,0.05743408203125,1.9580645161290322,59.33528836754643,0.0,0.0
9.579020154022146,44.499418223206696,-0.5450439453125,-0.45654296875,0.70098876953125,0.05572509765625,1.9451612903225806,58.94428152492669,0.0,0.0
9.59908718301449,44.499418223206696,-0.5450439453125,-0.45654296875,0.70098876953125,0.05572509765625,1.9419354838709677,58.846529814271754,0.0,0.0
9.61915882100584,43.812504005890716,-0.54888916015625,-0.4527587890625,0.70068359375,0.05255126953125,1.9387096774193548,58.748778103616814,0.019354838709677417,0.5865102639296187
9.639222169993445,43.812504005890716,-0.54888916015625,-0.4527587890625,0.70068359375,0.05255126953125,1.9483870967741934,59.04203323558163,0.0,0.0
9.659312175994273,43.812504005890716,-0.54888916015625,-0.4527587890625,0.70068359375,0.05255126953125,1.9451612903225806,58.94428152492669,0.0,0.0
9.679392390011344,43.05017595070353,-0.55352783203125,-0.4495849609375,0.69940185546875,0.04840087890625,1.9580645161290322,59.33528836754643,0.009677419354838708,0.29325513196480935
9.699438107025344,43.05017595070353,-0.55352783203125,-0.4495849609375,0.69940185546875,0.04840087890625,1.9419354838709677,58.846529814271754,0.0,0.0
9.719503568019718,42.45033094785977,-0.55718994140625,-0.447021484375,0.6983642578125,0.045166015625,1.9129032258064516,57.96676441837732,0.0032258064516129032,0.09775171065493646
9.739563493989408,42.45033094785977,-0.55718994140625,-0.447021484375,0.6983642578125,0.045166015625,1.9451612903225806,58.94428152492669,0.2903225806451613,8.797653958944283
9.75963193102507,42.45033094785977,-0.55718994140625,-0.447021484375,0.6983642578125,0.045166015625,1.9451612903225806,58.94428152492669,0.3193548387096774,9.67741935483871
9.779699441045523,42.03364465644822,-0.5599365234375,-0.44537353515625,0.69732666015625,0.0428466796875,1.935483870967742,58.65102639296188,0.3387096774193548,10.263929618768328
9.799769734032452,42.03364465644822,-0.5599365234375,-0.44537353515625,0.69732666015625,0.0428466796875,1.9838709677419355,60.117302052785924,0.34516129032258064,10.459433040078201
9.819903773022816,41.52402140682212,-0.56243896484375,-0.442626953125,0.697265625,0.040283203125,1.9451612903225806,58.94428152492669,0.34838709677419355,10.557184750733137
9.839933906041551,41.52402140682212,-0.56243896484375,-0.442626953125,0.697265625,0.040283203125,1.9483870967741934,59.04203323558163,0.34838709677419355,10.557184750733137
9.85998839099193,41.52402140682212,-0.56243896484375,-0.442626953125,0.697265625,0.040283203125,1.9709677419354839,59.72629521016618,0.34516129032258064,10.459433040078201
9.880058652022853,40.80313087838814,-0.56536865234375,-0.43798828125,0.697998046875,0.036865234375,1.9516129032258065,59.13978494623656,0.35161290322580646,10.654936461388074
9.900121073005721,40.80313087838814,-0.56536865234375,-0.43798828125,0.697998046875,0.036865234375,1.993548387096774,60.410557184750736,0.3354838709677419,10.166177908113392
9.920208294992335,40.11725237878313,-0.568115234375,-0.43316650390625,0.69891357421875,0.033935546875,2.0032258064516126,60.703812316715535,0.4096774193548387,12.41446725317693
9.940344319038559,40.11725237878313,-0.568115234375,-0.43316650390625,0.69891357421875,0.033935546875,1.9903225806451612,60.312805474095796,0.3870967741935484,11.730205278592376
9.960366899031214,40.11725237878313,-0.568115234375,-0.43316650390625,0.69891357421875,0.033935546875,2.009677419354839,60.899315738025415,0.43548387096774194,13.196480938416421
9.980503499042243,39.48713513311031,-0.5704345703125,-0.42828369140625,0.7000732421875,0.03143310546875,1.9580645161290322,59.33528836754643,0.46451612903225803,14.076246334310849
10.000524863018654,39.48713513311031,-0.5704345703125,-0.42828369140625,0.7000732421875,0.03143310546875,2.0161290322580645,61.09481915933529,0.49032258064516127,14.858260019550343
10.020644022035412,38.62698155566282,-0.5736083984375,-0.42193603515625,0.7015380859375,0.0279541015625,1.9903225806451612,60.312805474095796,0.529032258064516,16.031280547409576
10.040682761988137,38.62698155566282,-0.5736083984375,-0.42193603515625,0.7015380859375,0.0279541015625,1.9903225806451612,60.312805474095796,0.5516129032258064,16.715542521994134
10.060735199018382,38.62698155566282,-0.5736083984375,-0.42193603515625,0.7015380859375,0.0279541015625,1.996774193548387,60.50830889540567,0.5806451612903226,17.595307917888565
10.080799796036445,37.95077836826054,-0.57635498046875,-0.41705322265625,0.7022705078125,0.025146484375,1.996774193548387,60.50830889540567,0.5838709677419355,17.6930596285435
10.100859881029464,37.95077836826054,-0.57635498046875,-0.41705322265625,0.7022705078125,0.025146484375,2.0,60.60606060606061,0.6,18.181818181818183
10.12093375902623,37.41856607092528,-0.578857421875,-0.41314697265625,0.70257568359375,0.023193359375,2.009677419354839,60.899315738025415,0.6096774193548387,18.475073313782993
10.140997876005713,37.41856607092528,-0.578857421875,-0.41314697265625,0.70257568359375,0.023193359375,2.0064516129032257,60.80156402737048,0.6129032258064516,18.57282502443793
10.161064458021428,37.41856607092528,-0.578857421875,-0.41314697265625,0.70257568359375,0.023193359375,2.0064516129032257,60.80156402737048,0.6129032258064516,18.57282502443793
10.181164192035794,37.02113481548343,-0.58123779296875,-0.4102783203125,0.70233154296875,0.02197265625,1.9870967741935484,60.215053763440864,0.6354838709677418,19.25708699902248
10.201213621010538,37.02113481548343,-0.58123779296875,-0.4102783203125,0.70233154296875,0.02197265625,2.0161290322580645,61.09481915933529,0.632258064516129,19.159335288367547
10.22126948199002,36.627680576425256,-0.58367919921875,-0.40740966796875,0.70208740234375,0.02093505859375,1.9580645161290322,59.33528836754643,0.6096774193548387,18.475073313782993
10.241333695012145,36.627680576425256,-0.58367919921875,-0.40740966796875,0.70208740234375,0.02093505859375,2.0129032258064514,60.997067448680355,0.6064516129032258,18.377321603128056
10.261399189010262,36.627680576425256,-0.58367919921875,-0.40740966796875,0.70208740234375,0.02093505859375,2.02258064516129,61.29032258064516,0.603225806451613,18.27956989247312
10.281476906035095,36.17934659893693,-0.58514404296875,-0.40338134765625,0.70318603515625,0.01953125,2.019354838709677,61.19257086999021,0.6258064516129032,18.963831867057674
10.30153804802103,36.17934659893693,-0.58514404296875,-0.40338134765625,0.70318603515625,0.01953125,2.0258064516129033,61.3880742913001,0.6354838709677418,19.25708699902248
10.321643926028628,35.67872623274331,-0.58709716796875,-0.3994140625,0.70391845703125,0.017822265625,2.0387096774193547,61.779081133919846,0.6225806451612903,18.866080156402738
10.341687371023,35.67872623274331,-0.58709716796875,-0.3994140625,0.70391845703125,0.017822265625,2.0387096774193547,61.779081133919846,0.6064516129032258,18.377321603128056
10.361737472005188,35.67872623274331,-0.58709716796875,-0.3994140625,0.70391845703125,0.017822265625,2.0387096774193547,61.779081133919846,0.6129032258064516,18.57282502443793
10.381854551029392,35.191772721807126,-0.5892333984375,-0.396484375,0.703857421875,0.01544189453125,2.0483870967741935,62.07233626588465,0.6290322580645161,19.06158357771261
10.401899819029495,35.191772721807126,-0.5892333984375,-0.396484375,0.703857421875,0.01544189453125,2.0483870967741935,62.07233626588465,0.6290322580645161,19.06158357771261
10.421992001996841,34.78475099228117,-0.59149169921875,-0.39398193359375,0.703369140625,0.013671875,2.032258064516129,61.58357771260997,0.6225806451612903,18.866080156402738
10.442104535992257,34.78475099228117,-0.59149169921875,-0.39398193359375,0.703369140625,0.013671875,2.0451612903225804,61.97458455522972,0.6225806451612903,18.866080156402738
10.462185838026926,34.78475099228117,-0.59149169921875,-0.39398193359375,0.703369140625,0.013671875,2.029032258064516,61.48582600195503,0.6225806451612903,18.866080156402738
10.482230051013175,34.46637894483893,-0.59356689453125,-0.39202880859375,0.7027587890625,0.01251220703125,2.061290322580645,62.4633431085044,0.6580645161290322,19.941348973607038
10.502282360044774,34.46637894483893,-0.59356689453125,-0.39202880859375,0.7027587890625,0.01251220703125,2.041935483870968,61.87683284457478,0.632258064516129,19.159335288367547
10.522348589031026,34.18327172408477,-0.59564208984375,-0.3900146484375,0.70208740234375,0.01171875,2.032258064516129,61.58357771260997,0.6548387096774193,19.843597262952102
10.54241286602337,34.18327172408477,-0.59564208984375,-0.3900146484375,0.70208740234375,0.01171875,2.051612903225806,62.17008797653958,0.6451612903225806,19.550342130987293
10.562486968003213,34.18327172408477,-0.59564208984375,-0.3900146484375,0.70208740234375,0.01171875,2.0774193548387094,62.95210166177908,0.6387096774193548,19.35483870967742
10.582618543005083,33.839353370439895,-0.597900390625,-0.3880615234375,0.7012939453125,0.01031494140625,2.009677419354839,60.899315738025415,0.632258064516129,19.159335288367547
10.602668068022467,33.839353370439895,-0.597900390625,-0.3880615234375,0.7012939453125,0.01031494140625,2.061290322580645,62.4633431085044,0.6225806451612903,18.866080156402738
10.622723673004657,33.62931624763644,-0.59893798828125,-0.386962890625,0.7010498046875,0.00921630859375,2.0354838709677416,61.6813294232649,0.6451612903225806,19.550342130987293
10.642785807023756,33.62931624763644,-0.59893798828125,-0.386962890625,0.7010498046875,0.00921630859375,2.064516129032258,62.56109481915934,0.6451612903225806,19.550342130987293
10.662859940028284,33.62931624763644,-0.59893798828125,-0.386962890625,0.7010498046875,0.00921630859375,2.0580645161290323,62.365591397849464,0.6451612903225806,19.550342130987293
10.682953082025051,33.42336530378589,-0.59979248046875,-0.3853759765625,0.701171875,0.0084228515625,2.051612903225806,62.17008797653958,0.6387096774193548,19.35483870967742
10.703025296039414,33.42336530378589,-0.59979248046875,-0.3853759765625,0.701171875,0.0084228515625,2.087096774193548,63.24535679374389,0.6419354838709677,19.452590420332356
10.723077317001298,33.09235565553016,-0.60107421875,-0.38336181640625,0.70123291015625,0.00677490234375,2.064516129032258,62.56109481915934,0.6516129032258063,19.745845552297162
10.743122970045079,33.09235565553016,-0.60107421875,-0.38336181640625,0.70123291015625,0.00677490234375,2.0774193548387094,62.95210166177908,0.6677419354838708,20.234604105571844
10.763218608044554,33.09235565553016,-0.60107421875,-0.38336181640625,0.70123291015625,0.00677490234375,2.061290322580645,62.4633431085044,0.6774193548387096,20.527859237536656
10.783287717029452,32.81104172407099,-0.60211181640625,-0.381591796875,0.7012939453125,0.00531005859375,2.083870967741935,63.14760508308894,0.664516129032258,20.13685239491691
10.803346906031948,32.81104172407099,-0.60211181640625,-0.381591796875,0.7012939453125,0.00531005859375,2.061290322580645,62.4633431085044,0.6548387096774193,19.843597262952102
10.82339271903038,32.541120777460094,-0.6036376953125,-0.3795166015625,0.70111083984375,0.0045166015625,2.064516129032258,62.56109481915934,0.6612903225806451,20.039100684261975
10.843492774001788,32.541120777460094,-0.6036376953125,-0.3795166015625,0.70111083984375,0.0045166015625,2.096774193548387,63.5386119257087,0.6741935483870967,20.43010752688172
10.863565306994133,32.541120777460094,-0.6036376953125,-0.3795166015625,0.70111083984375,0.0045166015625,2.125806451612903,64.41837732160313,0.6516129032258063,19.745845552297162
10.883626832044683,32.17051487171967,-0.60540771484375,-0.376953125,0.70098876953125,0.0030517578125,2.0999999999999996,63.636363636363626,0.6612903225806451,20.039100684261975
10.903686085017398,32.17051487171967,-0.60540771484375,-0.376953125,0.70098876953125,0.0030517578125,2.0774193548387094,62.95210166177908,0.6903225806451613,20.918866080156402
10.923754235031083,31.714436490340233,-0.60772705078125,-0.37396240234375,0.7005615234375,0.0010986328125,2.061290322580645,62.4633431085044,0.6806451612903225,20.625610948191593
10.94388712203363,31.714436490340233,-0.60772705078125,-0.37396240234375,0.7005615234375,0.0010986328125,2.0677419354838706,62.65884652981426,0.6903225806451613,20.918866080156402
10.963967144023627,31.714436490340233,-0.60772705078125,-0.37396240234375,0.7005615234375,0.0010986328125,2.1129032258064515,64.02737047898339,0.7064516129032258,21.407624633431084
10.984603023040108,31.39397954078744,0.60980224609375,0.37200927734375,-0.6998291015625,0.0001220703125,2.1419354838709674,64.90713587487781,0.6935483870967742,21.016617790811342
11.004221973998938,31.39397954078744,0.60980224609375,0.37200927734375,-0.6998291015625,0.0001220703125,2.1032258064516127,63.73411534701857,0.7064516129032258,21.407624633431084
11.024303435988259,31.194651099272463,0.61138916015625,0.37066650390625,-0.69915771484375,0.00067138671875,2.1322580645161286,64.61388074291298,0.7161290322580645,21.700879765395893
11.044346625043545,31.194651099272463,0.61138916015625,0.37066650390625,-0.69915771484375,0.00067138671875,2.093548387096774,63.44086021505376,0.7064516129032258,21.407624633431084
11.064452343038283,31.194651099272463,0.61138916015625,0.37066650390625,-0.69915771484375,0.00067138671875,2.087096774193548,63.24535679374389,0.7193548387096774,21.79863147605083
11.084527820989024,31.0283858738781,0.61279296875,0.3695068359375,-0.698486328125,0.00115966796875,2.1129032258064515,64.02737047898339,0.7193548387096774,21.79863147605083
11.104642948019318,31.0283858738781,0.61279296875,0.3695068359375,-0.698486328125,0.00115966796875,2.093548387096774,63.44086021505376,0.7161290322580645,21.700879765395893
11.124687895993702,30.9537671452808,0.614013671875,0.3692626953125,-0.69757080078125,0.00128173828125,2.1193548387096772,64.22287390029325,0.7193548387096774,21.79863147605083
11.144771534018219,30.9537671452808,0.614013671875,0.3692626953125,-0.69757080078125,0.00128173828125,2.1129032258064515,64.02737047898339,0.7161290322580645,21.700879765395893
11.164847300038673,30.9537671452808,0.614013671875,0.3692626953125,-0.69757080078125,0.00128173828125,2.1096774193548384,63.929618768328446,0.6903225806451613,20.918866080156402
11.184923193999566,30.866851676660765,0.6158447265625,0.3685302734375,-0.69635009765625,0.00091552734375,2.1032258064516127,63.73411534701857,0.7,21.21212121212121
11.205031024001073,30.866851676660765,0.6158447265625,0.3685302734375,-0.69635009765625,0.00091552734375,2.0999999999999996,63.636363636363626,0.6774193548387096,20.527859237536656
11.225166728021577,30.851286850385677,0.6181640625,0.3687744140625,-0.6942138671875,0.00030517578125,2.129032258064516,64.51612903225806,0.6838709677419353,20.723362658846526
11.245151291019283,30.851286850385677,0.6181640625,0.3687744140625,-0.6942138671875,0.00030517578125,2.1032258064516127,63.73411534701857,0.6806451612903225,20.625610948191593
11.265269521041773,30.851286850385677,0.6181640625,0.3687744140625,-0.6942138671875,0.00030517578125,2.1129032258064515,64.02737047898339,0.6935483870967742,21.016617790811342
11.285343430994544,30.788268591825478,0.62078857421875,0.369873046875,-0.69122314453125,0.00115966796875,2.129032258064516,64.51612903225806,0.6903225806451613,20.918866080156402
11.305419901036657,30.788268591825478,0.62078857421875,0.369873046875,-0.69122314453125,0.00115966796875,2.093548387096774,63.44086021505376,0.7032258064516129,21.309872922776147
11.325496914039832,30.347746886497347,0.62432861328125,0.3687744140625,-0.6885986328125,0.0042724609375,2.1322580645161286,64.61388074291298,0.7,21.21212121212121
11.345572904043365,30.347746886497347,0.62432861328125,0.3687744140625,-0.6885986328125,0.0042724609375,2.1129032258064515,64.02737047898339,0.7096774193548387,21.505376344086024
11.365686398989055,30.347746886497347,0.62432861328125,0.3687744140625,-0.6885986328125,0.0042724609375,2.116129032258064,64.1251221896383,0.7096774193548387,21.505376344086024
11.385755444003735,29.98594738951067,0.62628173828125,0.3670654296875,-0.687744140625,0.00640869140625,2.138709677419355,64.80938416422288,0.7064516129032258,21.407624633431084
11.405821066000499,29.98594738951067,0.62628173828125,0.3670654296875,-0.687744140625,0.00640869140625,2.093548387096774,63.44086021505376,0.7096774193548387,21.505376344086024
11.4259140160284,29.749127947513436,0.628173828125,0.3656005859375,-0.68682861328125,0.00726318359375,2.125806451612903,64.41837732160313,0.7161290322580645,21.700879765395893
11.446033239015378,29.749127947513436,0.628173828125,0.3656005859375,-0.68682861328125,0.00726318359375,2.1322580645161286,64.61388074291298,0.7129032258064516,21.603128054740957
11.46610513201449,29.749127947513436,0.628173828125,0.3656005859375,-0.68682861328125,0.00726318359375,2.1129032258064515,64.02737047898339,0.7129032258064516,21.603128054740957
11.486129440017976,29.48380473217,0.63037109375,0.36346435546875,-0.68585205078125,0.00799560546875,2.1225806451612903,64.32062561094818,0.7290322580645161,22.09188660801564
11.506263928022236,29.48380473217,0.63037109375,0.36346435546875,-0.68585205078125,0.00799560546875,2.116129032258064,64.1251221896383,0.7129032258064516,21.603128054740957
11.52632916503353,29.259872329049742,0.63226318359375,0.3616943359375,-0.68505859375,0.00848388671875,2.1451612903225805,65.00488758553274,0.7032258064516129,21.309872922776147
11.546401282015722,29.259872329049742,0.63226318359375,0.3616943359375,-0.68505859375,0.00848388671875,2.0999999999999996,63.636363636363626,0.7096774193548387,21.505376344086024
11.566448023018893,29.259872329049742,0.63226318359375,0.3616943359375,-0.68505859375,0.00848388671875,2.129032258064516,64.51612903225806,0.7193548387096774,21.79863147605083
11.586561550037004,29.12794848817944,0.6331787109375,0.3604736328125,-0.6849365234375,0.008544921875,2.1129032258064515,64.02737047898339,0.7290322580645161,22.09188660801564
11.606635812029708,29.12794848817944,0.6331787109375,0.3604736328125,-0.6849365234375,0.008544921875,2.1419354838709674,64.90713587487781,0.7354838709677419,22.28739002932551
11.626713721023407,29.024217484324865,0.63409423828125,0.3592529296875,-0.6846923828125,0.00848388671875,2.1193548387096772,64.22287390029325,0.7290322580645161,22.09188660801564
11.646785295044538,29.024217484324865,0.63409423828125,0.3592529296875,-0.6846923828125,0.00848388671875,2.1548387096774193,65.29814271749756,0.7451612903225806,22.58064516129032
11.666874821006786,29.024217484324865,0.63409423828125,0.3592529296875,-0.6846923828125,0.00848388671875,2.1516129032258062,65.20039100684262,0.7451612903225806,22.58064516129032
11.686945530003868,28.910133230687833,0.6346435546875,0.3582763671875,-0.68463134765625,0.0089111328125,2.138709677419355,64.80938416422288,0.7580645161290323,22.97165200391007
11.70705748902401,28.910133230687833,0.6346435546875,0.3582763671875,-0.68463134765625,0.0089111328125,2.1225806451612903,64.32062561094818,0.7451612903225806,22.58064516129032
11.727171208010986,28.77737801402644,0.63427734375,0.3568115234375,-0.685791015625,0.0091552734375,2.125806451612903,64.41837732160313,0.7548387096774193,22.87390029325513
11.74720437999349,28.77737801402644,0.63427734375,0.3568115234375,-0.685791015625,0.0091552734375,2.1032258064516127,63.73411534701857,0.7612903225806451,23.069403714565002
11.767268305004109,28.77737801402644,0.63427734375,0.3568115234375,-0.685791015625,0.0091552734375,2.116129032258064,64.1251221896383,0.7580645161290323,22.97165200391007
11.787376391992439,28.699522831440852,0.63427734375,0.3568115234375,-0.685791015625,0.01007080078125,2.116129032258064,64.1251221896383,0.7612903225806451,23.069403714565002
11.807435741007794,28.699522831440852,0.63427734375,0.3568115234375,-0.685791015625,0.01007080078125,2.1129032258064515,64.02737047898339,0.7548387096774193,22.87390029325513
11.82751960301539,28.65599733381864,0.63433837890625,0.357666015625,-0.68524169921875,0.01141357421875,2.125806451612903,64.41837732160313,0.7677419354838709,23.264907135874875
11.84759376803413,28.65599733381864,0.63433837890625,0.357666015625,-0.68524169921875,0.01141357421875,2.129032258064516,64.51612903225806,0.7580645161290323,22.97165200391007
11.867674014007207,28.65599733381864,0.63433837890625,0.357666015625,-0.68524169921875,0.01141357421875,2.1225806451612903,64.32062561094818,0.7709677419354838,23.36265884652981
11.888106719008647,28.59789014686534,0.6341552734375,0.35784912109375,-0.685302734375,0.0123291015625,2.0999999999999996,63.636363636363626,0.764516129032258,23.16715542521994
11.908666052040644,28.59789014686534,0.6341552734375,0.35784912109375,-0.685302734375,0.0123291015625,2.0999999999999996,63.636363636363626,0.7451612903225806,22.58064516129032
11.938283557014074,28.50563322707788,0.63409423828125,0.3572998046875,-0.68560791015625,0.01300048828125,2.1451612903225805,65.00488758553274,0.7580645161290323,22.97165200391007
11.947964148013853,28.50563322707788,0.63409423828125,0.3572998046875,-0.68560791015625,0.01300048828125,2.1322580645161286,64.61388074291298,0.7709677419354838,23.36265884652981
11.968080651015043,28.50563322707788,0.63409423828125,0.3572998046875,-0.68560791015625,0.01300048828125,2.087096774193548,63.24535679374389,0.7677419354838709,23.264907135874875
11.988198754028417,28.423402224608104,0.63409423828125,0.3564453125,-0.68609619140625,0.01312255859375,2.138709677419355,64.80938416422288,0.7612903225806451,23.069403714565002
12.008264343021438,28.423402224608104,0.63409423828125,0.3564453125,-0.68609619140625,0.01312255859375,2.061290322580645,62.4633431085044,0.7612903225806451,23.069403714565002
12.028360813041218,28.313302846697823,0.63427734375,0.35589599609375,-0.68621826171875,0.01385498046875,2.1129032258064515,64.02737047898339,0.7548387096774193,22.87390029325513
12.048433635034598,28.313302846697823,0.63427734375,0.35589599609375,-0.68621826171875,0.01385498046875,2.1193548387096772,64.22287390029325,0.764516129032258,23.16715542521994
12.06852319301106,28.313302846697823,0.63427734375,0.35589599609375,-0.68621826171875,0.01385498046875,2.0999999999999996,63.636363636363626,0.7419354838709677,22.482893450635387
12.088600751012564,28.234916090509564,0.63427734375,0.35577392578125,-0.68621826171875,0.0147705078125,2.125806451612903,64.41837732160313,0.7580645161290323,22.97165200391007
12.108689317014068,28.234916090509564,0.63427734375,0.35577392578125,-0.68621826171875,0.0147705078125,2.096774193548387,63.5386119257087,0.7451612903225806,22.58064516129032
12.128759578044992,28.19716692338139,0.63409423828125,0.35552978515625,-0.68646240234375,0.01513671875,2.0677419354838706,62.65884652981426,0.7258064516129032,21.994134897360706
12.148813455016352,28.19716692338139,0.63409423828125,0.35552978515625,-0.68646240234375,0.01513671875,2.0903225806451613,63.34310850439883,0.7580645161290323,22.97165200391007
12.16887139598839,28.17136528693124,0.63372802734375,0.35504150390625,-0.68707275390625,0.01507568359375,2.0677419354838706,62.65884652981426,0.7548387096774193,22.87390029325513
12.18898687500041,28.17136528693124,0.63372802734375,0.35504150390625,-0.68707275390625,0.01507568359375,2.106451612903226,63.831867057673506,0.7580645161290323,22.97165200391007
12.209057488013059,28.17136528693124,0.63372802734375,0.35504150390625,-0.68707275390625,0.01507568359375,2.0677419354838706,62.65884652981426,0.764516129032258,23.16715542521994
12.229174055042677,28.21277367900855,0.63287353515625,0.3551025390625,-0.6878662109375,0.01483154296875,2.061290322580645,62.4633431085044,0.7612903225806451,23.069403714565002
12.24923833203502,28.21277367900855,0.63287353515625,0.3551025390625,-0.6878662109375,0.01483154296875,2.0806451612903225,63.049853372434015,0.7548387096774193,22.87390029325513
12.269294833007734,28.21277367900855,0.63287353515625,0.3551025390625,-0.6878662109375,0.01483154296875,2.087096774193548,63.24535679374389,0.7677419354838709,23.264907135874875
12.289368359022774,28.280620047372686,0.6319580078125,0.3555908203125,-0.6884765625,0.01470947265625,2.064516129032258,62.56109481915934,0.764516129032258,23.16715542521994
12.309436507988721,28.280620047372686,0.6319580078125,0.3555908203125,-0.6884765625,0.01470947265625,2.1129032258064515,64.02737047898339,0.7677419354838709,23.264907135874875
12.32952385803219,28.316736344454633,0.631591796875,0.3563232421875,-0.68841552734375,0.01507568359375,2.0903225806451613,63.34310850439883,0.7677419354838709,23.264907135874875
12.349595368024893,28.316736344454633,0.631591796875,0.3563232421875,-0.68841552734375,0.01507568359375,2.061290322580645,62.4633431085044,0.7612903225806451,23.069403714565002
12.36975606402848,28.34271775016775,0.63165283203125,0.35662841796875,-0.68817138671875,0.01507568359375,2.093548387096774,63.44086021505376,0.7677419354838709,23.264907135874875
12.389779860037379,28.34271775016775,0.63165283203125,0.35662841796875,-0.68817138671875,0.01507568359375,2.1096774193548384,63.929618768328446,0.7774193548387096,23.558162267839684
12.409881386032794,28.34271775016775,0.63165283203125,0.35662841796875,-0.68817138671875,0.01507568359375,2.106451612903226,63.831867057673506,0.7774193548387096,23.558162267839684
12.429950335004833,28.315864281204014,0.63177490234375,0.356201171875,-0.68829345703125,0.01495361328125,2.1129032258064515,64.02737047898339,0.7709677419354838,23.36265884652981
12.450021077005658,28.315864281204014,0.63177490234375,0.356201171875,-0.68829345703125,0.01495361328125,2.064516129032258,62.56109481915934,0.7741935483870968,23.46041055718475
12.47014897200279,28.29945427910352,0.63189697265625,0.35577392578125,-0.68841552734375,0.01470947265625,2.0903225806451613,63.34310850439883,0.7677419354838709,23.264907135874875
12.490254659031052,28.29945427910352,0.63189697265625,0.35577392578125,-0.68841552734375,0.01470947265625,2.093548387096774,63.44086021505376,0.7741935483870968,23.46041055718475
12.51029823103454,28.29945427910352,0.63189697265625,0.35577392578125,-0.68841552734375,0.01470947265625,2.0999999999999996,63.636363636363626,0.7677419354838709,23.264907135874875
12.530361580022145,28.273026354721097,0.632080078125,0.35528564453125,-0.68853759765625,0.01446533203125,2.0903225806451613,63.34310850439883,0.764516129032258,23.16715542521994
12.5504400980426,28.273026354721097,0.632080078125,0.35528564453125,-0.68853759765625,0.01446533203125,2.093548387096774,63.44086021505376,0.7580645161290323,22.97165200391007
12.570509559998754,28.29945427910352,0.632080078125,0.355224609375,-0.68853759765625,0.01416015625,2.1032258064516127,63.73411534701857,0.7548387096774193,22.87390029325513
12.590596301015466,28.29945427910352,0.632080078125,0.355224609375,-0.68853759765625,0.01416015625,2.0903225806451613,63.34310850439883,0.7612903225806451,23.069403714565002
12.610674435039982,28.29945427910352,0.632080078125,0.355224609375,-0.68853759765625,0.01416015625,2.1032258064516127,63.73411534701857,0.7677419354838709,23.264907135874875
12.63076466502389,28.33715664208699,0.63177490234375,0.35546875,-0.688720703125,0.01397705078125,2.083870967741935,63.14760508308894,0.7580645161290323,22.97165200391007
12.650806254008785,28.33715664208699,0.63177490234375,0.35546875,-0.688720703125,0.01397705078125,2.0709677419354837,62.75659824046921,0.7612903225806451,23.069403714565002
12.670937349030282,28.371841469903806,0.6312255859375,0.355712890625,-0.6890869140625,0.01397705078125,2.0903225806451613,63.34310850439883,0.7612903225806451,23.069403714565002
12.691005402011797,28.371841469903806,0.6312255859375,0.355712890625,-0.6890869140625,0.01397705078125,2.064516129032258,62.56109481915934,0.7483870967741935,22.678396871945257
12.711066735035274,28.371841469903806,0.6312255859375,0.355712890625,-0.6890869140625,0.01397705078125,2.064516129032258,62.56109481915934,0.7419354838709677,22.482893450635387
12.731185414013453,28.36013110685998,0.630615234375,0.35552978515625,-0.689697265625,0.01422119140625,2.061290322580645,62.4633431085044,0.7451612903225806,22.58064516129032
12.751270523993298,28.36013110685998,0.630615234375,0.35552978515625,-0.689697265625,0.01422119140625,2.0774193548387094,62.95210166177908,0.7419354838709677,22.482893450635387
12.771320369036403,28.30680290513081,0.62994384765625,0.3551025390625,-0.6905517578125,0.0146484375,2.0903225806451613,63.34310850439883,0.7419354838709677,22.482893450635387
12.79140211903723,28.30680290513081,0.62994384765625,0.3551025390625,-0.6905517578125,0.0146484375,2.138709677419355,64.80938416422288,0.7129032258064516,21.603128054740957
12.811483229044825,28.30680290513081,0.62994384765625,0.3551025390625,-0.6905517578125,0.0146484375,2.087096774193548,63.24535679374389,0.7129032258064516,21.603128054740957
12.83155505801551,28.237629312518926,0.62908935546875,0.35443115234375,-0.691650390625,0.01519775390625,2.087096774193548,63.24535679374389,0.7064516129032258,21.407624633431084
12.851627367024776,28.237629312518926,0.62908935546875,0.35443115234375,-0.691650390625,0.01519775390625,2.0903225806451613,63.34310850439883,0.7193548387096774,21.79863147605083
12.871723518008366,28.2274347677861,0.627685546875,0.354248046875,-0.6929931640625,0.01568603515625,2.083870967741935,63.14760508308894,0.7064516129032258,21.407624633431084
12.891805267019663,28.2274347677861,0.627685546875,0.354248046875,-0.6929931640625,0.01568603515625,2.0999999999999996,63.636363636363626,0.7193548387096774,21.79863147605083
12.911875977006275,28.2274347677861,0.627685546875,0.354248046875,-0.6929931640625,0.01568603515625,2.0709677419354837,62.75659824046921,0.7161290322580645,21.700879765395893
12.931952157989144,28.305896351102994,0.62603759765625,0.3544921875,-0.69439697265625,0.0155029296875,2.1032258064516127,63.73411534701857,0.7096774193548387,21.505376344086024
12.952027284016367,28.305896351102994,0.62603759765625,0.3544921875,-0.69439697265625,0.0155029296875,2.061290322580645,62.4633431085044,0.6935483870967742,21.016617790811342
12.97211073001381,28.41883063183733,0.6248779296875,0.3551025390625,-0.69512939453125,0.01513671875,2.083870967741935,63.14760508308894,0.7032258064516129,21.309872922776147
12.992206144030206,28.41883063183733,0.6248779296875,0.3551025390625,-0.69512939453125,0.01513671875,2.0806451612903225,63.049853372434015,0.6967741935483871,21.114369501466275
13.012335831008386,28.41883063183733,0.6248779296875,0.3551025390625,-0.69512939453125,0.01513671875,2.0774193548387094,62.95210166177908,0.6870967741935483,20.821114369501466
13.032933084992692,28.522199081766743,0.62347412109375,0.3563232421875,-0.69580078125,0.01544189453125,2.087096774193548,63.24535679374389,0.6806451612903225,20.625610948191593
13.052497506025247,28.522199081766743,0.62347412109375,0.3563232421875,-0.69580078125,0.01544189453125,2.0354838709677416,61.6813294232649,0.664516129032258,20.13685239491691
13.072599193023052,28.69079304442417,0.62127685546875,0.35833740234375,-0.6966552734375,0.01617431640625,2.02258064516129,61.29032258064516,0.6516129032258063,19.745845552297162
13.092647565004881,28.69079304442417,0.62127685546875,0.35833740234375,-0.6966552734375,0.01617431640625,2.0354838709677416,61.6813294232649,0.6516129032258063,19.745845552297162
13.112735011032782,28.69079304442417,0.62127685546875,0.35833740234375,-0.6966552734375,0.01617431640625,2.0354838709677416,61.6813294232649,0.6483870967741935,19.64809384164223
13.132818585028872,29.130718791198696,0.617431640625,0.36260986328125,-0.6978759765625,0.01617431640625,2.0483870967741935,62.07233626588465,0.632258064516129,19.159335288367547
13.152907951036468,29.130718791198696,0.617431640625,0.36260986328125,-0.6978759765625,0.01617431640625,2.0354838709677416,61.6813294232649,0.6354838709677418,19.25708699902248
13.172987269004807,29.816689527076626,0.61297607421875,0.3681640625,-0.69891357421875,0.0146484375,2.02258064516129,61.29032258064516,0.6096774193548387,18.475073313782993
13.193074106995482,29.816689527076626,0.61297607421875,0.3681640625,-0.69891357421875,0.0146484375,1.9903225806451612,60.312805474095796,0.5935483870967742,17.98631476050831
13.213229363027494,29.816689527076626,0.61297607421875,0.3681640625,-0.69891357421875,0.0146484375,1.996774193548387,60.50830889540567,0.603225806451613,18.27956989247312
13.233502799004782,30.885122289767246,0.6083984375,0.3770751953125,-0.69818115234375,0.011474609375,1.9838709677419355,60.117302052785924,0.6129032258064516,18.57282502443793
13.25366736704018,30.885122289767246,0.6083984375,0.3770751953125,-0.69818115234375,0.011474609375,1.967741935483871,59.628543499511245,0.6096774193548387,18.475073313782993
13.273703835031483,32.124871739020094,0.60498046875,0.3876953125,-0.6954345703125,0.00701904296875,1.9838709677419355,60.117302052785924,0.5903225806451613,17.888563049853374
13.293739823042415,32.124871739020094,0.60498046875,0.3876953125,-0.6954345703125,0.00701904296875,1.967741935483871,59.628543499511245,0.5870967741935484,17.790811339198438
13.313793444016483,32.124871739020094,0.60498046875,0.3876953125,-0.6954345703125,0.00701904296875,1.9419354838709677,58.846529814271754,0.5935483870967742,17.98631476050831
13.333873882016633,33.34027760490935,0.60137939453125,0.39727783203125,-0.69317626953125,0.00213623046875,1.9580645161290322,59.33528836754643,0.567741935483871,17.20430107526882
13.353912462014705,33.34027760490935,0.60137939453125,0.39727783203125,-0.69317626953125,0.00213623046875,1.9548387096774194,59.2375366568915,0.561290322580645,17.00879765395894
13.37397338001756,34.504156019401044,-0.59686279296875,-0.404296875,0.6929931640625,0.00390625,1.9580645161290322,59.33528836754643,0.5451612903225805,16.520039100684258
13.394036824989598,34.504156019401044,-0.59686279296875,-0.404296875,0.6929931640625,0.00390625,1.9064516129032258,57.77126099706745,0.5161290322580645,15.640273704789834
13.414098222041503,34.504156019401044,-0.59686279296875,-0.404296875,0.6929931640625,0.00390625,1.9193548387096775,58.162267839687196,0.46774193548387094,14.173998044965789
13.434162755031139,35.777669488405614,-0.59173583984375,-0.4117431640625,0.6929931640625,0.0107421875,1.8935483870967742,57.380254154447705,0.4612903225806451,13.978494623655912
13.454304187034722,35.777669488405614,-0.59173583984375,-0.4117431640625,0.6929931640625,0.0107421875,1.9193548387096775,58.162267839687196,0.4580645161290322,13.880742913000976
13.474323758040555,36.80546583030113,-0.58685302734375,-0.418701171875,0.69293212890625,0.01507568359375,1.896774193548387,57.478005865102645,0.4612903225806451,13.978494623655912
13.494400996016338,36.80546583030113,-0.58685302734375,-0.418701171875,0.69293212890625,0.01507568359375,1.8935483870967742,57.380254154447705,0.4129032258064516,12.512218963831867
13.514461017039139,36.80546583030113,-0.58685302734375,-0.418701171875,0.69293212890625,0.01507568359375,1.903225806451613,57.67350928641252,0.432258064516129,13.098729227761485
13.534558447019663,37.78647655285184,-0.58154296875,-0.42669677734375,0.6923828125,0.017578125,1.8935483870967742,57.380254154447705,0.38064516129032255,11.534701857282501
13.554608708014712,37.78647655285184,-0.58154296875,-0.42669677734375,0.6923828125,0.017578125,1.8870967741935485,57.18475073313783,0.39999999999999997,12.121212121212121
13.574669913039543,38.86595226460647,-0.57513427734375,-0.43505859375,0.6925048828125,0.0206298828125,1.9064516129032258,57.77126099706745,0.35806451612903223,10.850439882697946
13.5947309260373,38.86595226460647,-0.57513427734375,-0.43505859375,0.6925048828125,0.0206298828125,1.9,57.57575757575758,0.3354838709677419,10.166177908113392
13.614794915018138,38.86595226460647,-0.57513427734375,-0.43505859375,0.6925048828125,0.0206298828125,1.9096774193548387,57.86901270772239,0.25806451612903225,7.820136852394917
13.634862009028438,40.13191599510883,-0.56768798828125,-0.44305419921875,0.693359375,0.02557373046875,1.9,57.57575757575758,0.12903225806451613,3.9100684261974585
13.655007856024895,40.13191599510883,-0.56768798828125,-0.44305419921875,0.693359375,0.02557373046875,1.8870967741935485,57.18475073313783,0.18709677419354837,5.669599217986314
13.675048997043632,41.45276881423843,-0.5596923828125,-0.45111083984375,0.6944580078125,0.0308837890625,1.8806451612903226,56.98924731182796,0.132258064516129,4.007820136852394
13.695129435043782,41.45276881423843,-0.5596923828125,-0.45111083984375,0.6944580078125,0.0308837890625,1.8903225806451613,57.28250244379277,0.14838709677419354,4.496578690127078
13.715174734999891,41.45276881423843,-0.5596923828125,-0.45111083984375,0.6944580078125,0.0308837890625,1.8903225806451613,57.28250244379277,0.12580645161290321,3.812316715542522
13.735237860004418,42.80482026754207,-0.551025390625,-0.45867919921875,0.6961669921875,0.03656005859375,1.8677419354838707,56.59824046920821,0.2193548387096774,6.647116324535679
13.755324026045855,42.80482026754207,-0.551025390625,-0.45867919921875,0.6961669921875,0.03656005859375,1.8935483870967742,57.380254154447705,0.2225806451612903,6.744868035190615
13.77553474000888,44.11320849166629,-0.54248046875,-0.46588134765625,0.69775390625,0.04193115234375,1.8935483870967742,57.380254154447705,0.05161290322580645,1.5640273704789833
13.795539783022832,44.11320849166629,-0.54248046875,-0.46588134765625,0.69775390625,0.04193115234375,1.8903225806451613,57.28250244379277,0.17096774193548384,5.180840664711631
13.815618429041933,44.11320849166629,-0.54248046875,-0.46588134765625,0.69775390625,0.04193115234375,1.9064516129032258,57.77126099706745,0.08387096774193548,2.541544477028348
13.835683858022094,45.195663251098516,-0.53515625,-0.47235107421875,0.6988525390625,0.04583740234375,1.8935483870967742,57.380254154447705,0.0,0.0
13.855782216007356,45.195663251098516,-0.53515625,-0.47235107421875,0.6988525390625,0.04583740234375,1.8903225806451613,57.28250244379277,0.3,9.090909090909092
13.875838077045046,46.03705794657441,-0.52874755859375,-0.4783935546875,0.69952392578125,0.047607421875,1.929032258064516,58.45552297165201,0.3161290322580645,9.579667644183774
13.895880530006252,46.03705794657441,-0.52874755859375,-0.4783935546875,0.69952392578125,0.047607421875,1.8806451612903226,56.98924731182796,0.3193548387096774,9.67741935483871
13.915942631021608,46.03705794657441,-0.52874755859375,-0.4783935546875,0.69952392578125,0.047607421875,1.8806451612903226,56.98924731182796,0.3193548387096774,9.67741935483871
13.936010332021397,46.78173302342176,-0.52239990234375,-0.4840087890625,0.7003173828125,0.0484619140625,1.8677419354838707,56.59824046920821,0.32580645161290317,9.872922776148581
13.956075505004264,46.78173302342176,-0.52239990234375,-0.4840087890625,0.7003173828125,0.0484619140625,1.861290322580645,56.402737047898334,0.3225806451612903,9.775171065493646
13.9761427899939,47.51521654123572,-0.51629638671875,-0.4893798828125,0.70111083984375,0.04962158203125,1.8580645161290321,56.304985337243394,0.3225806451612903,9.775171065493646
13.99620313104242,47.51521654123572,-0.51629638671875,-0.4893798828125,0.70111083984375,0.04962158203125,1.8741935483870966,56.79374389051808,0.3064516129032258,9.286412512218964
14.016336947039235,47.51521654123572,-0.51629638671875,-0.4893798828125,0.70111083984375,0.04962158203125,1.8419354838709676,55.816226783968716,0.30967741935483867,9.384164222873899
14.03642394504277,48.39851622024414,-0.50982666015625,-0.49468994140625,0.70184326171875,0.05224609375,1.8451612903225805,55.91397849462365,0.3161290322580645,9.579667644183774
14.056441180000547,48.39851622024414,-0.50982666015625,-0.49468994140625,0.70184326171875,0.05224609375,1.8516129032258062,56.10948191593352,0.3064516129032258,9.286412512218964
14.076504816999659,49.441536559254786,-0.5030517578125,-0.5,0.70263671875,0.05670166015625,1.8322580645161288,55.5229716520039,0.26129032258064516,7.9178885630498534
14.096572679001838,49.441536559254786,-0.5030517578125,-0.5,0.70263671875,0.05670166015625,1.8387096774193548,55.71847507331379,0.23548387096774193,7.1358748778103624
14.11663334001787,49.441536559254786,-0.5030517578125,-0.5,0.70263671875,0.05670166015625,1.8483870967741933,56.01173020527859,0.08709677419354839,2.6392961876832843
14.136700113012921,50.53630105620699,-0.49639892578125,-0.5057373046875,0.702880859375,0.0615234375,1.8096774193548386,54.83870967741935,0.3032258064516129,9.188660801564028
14.156767878041137,50.53630105620699,-0.49639892578125,-0.5057373046875,0.702880859375,0.0615234375,1.8032258064516127,54.64320625610948,0.3193548387096774,9.67741935483871
14.176831867021974,51.66686555499529,-0.48956298828125,-0.5118408203125,0.70281982421875,0.06634521484375,1.8516129032258062,56.10948191593352,0.3225806451612903,9.775171065493646
14.196898033027537,51.66686555499529,-0.48956298828125,-0.5118408203125,0.70281982421875,0.06634521484375,1.829032258064516,55.42521994134897,0.3161290322580645,9.579667644183774
14.217055145010818,51.66686555499529,-0.48956298828125,-0.5118408203125,0.70281982421875,0.06634521484375,1.829032258064516,55.42521994134897,0.3064516129032258,9.286412512218964
14.237164031015709,51.85351485320586,-0.4869384765625,-0.51409912109375,0.70306396484375,0.065185546875,1.861290322580645,56.402737047898334,0.3161290322580645,9.579667644183774
14.257217651989777,51.85351485320586,-0.4869384765625,-0.51409912109375,0.70306396484375,0.065185546875,1.8451612903225805,55.91397849462365,0.2967741935483871,8.993157380254155
14.277310506033245,52.23789051460797,-0.48370361328125,-0.5174560546875,0.702880859375,0.0653076171875,1.8548387096774193,56.20723362658847,0.3,9.090909090909092
14.297386688005645,52.23789051460797,-0.48370361328125,-0.5174560546875,0.702880859375,0.0653076171875,1.8451612903225805,55.91397849462365,0.0,0.0
14.317407443013508,52.23789051460797,-0.48370361328125,-0.5174560546875,0.702880859375,0.0653076171875,1.8645161290322578,56.50048875855327,0.15483870967741933,4.6920821114369495
14.33746487199096,53.02062384865577,-0.4788818359375,-0.52294921875,0.701904296875,0.067626953125,1.8483870967741933,56.01173020527859,0.0,0.0
14.357527549029328,53.02062384865577,-0.4788818359375,-0.52294921875,0.701904296875,0.067626953125,1.8451612903225805,55.91397849462365,0.0,0.0
14.377592659031507,54.05419598886787,-0.47271728515625,-0.52838134765625,0.7015380859375,0.0721435546875,1.8806451612903226,56.98924731182796,0.0,0.0
14.397676840017084,54.05419598886787,-0.47271728515625,-0.52838134765625,0.7015380859375,0.0721435546875,1.8225806451612903,55.229716520039105,0.0,0.0
14.417796095018275,54.05419598886787,-0.47271728515625,-0.52838134765625,0.7015380859375,0.0721435546875,1.8193548387096772,55.13196480938416,0.0032258064516129032,0.09775171065493646
14.43782645103056,55.11471689699271,-0.4666748046875,-0.53338623046875,0.70123291015625,0.077392578125,1.7999999999999998,54.54545454545454,0.0,0.0
14.457884872041177,55.11471689699271,-0.4666748046875,-0.53338623046875,0.70123291015625,0.077392578125,1.8129032258064515,54.936461388074285,0.0,0.0
14.477946013037581,56.16935240768753,-0.4608154296875,-0.53912353515625,0.7001953125,0.0821533203125,1.8548387096774193,56.20723362658847,0.0,0.0
14.49801057903096,56.16935240768753,-0.4608154296875,-0.53912353515625,0.7001953125,0.0821533203125,1.8161290322580643,55.034213098729225,0.0,0.0
14.518102441041265,56.16935240768753,-0.4608154296875,-0.53912353515625,0.7001953125,0.0821533203125,1.829032258064516,55.42521994134897,0.0,0.0
14.53817286202684,57.271305503583186,-0.45465087890625,-0.54559326171875,0.69866943359375,0.08673095703125,1.8741935483870966,56.79374389051808,0.0032258064516129032,0.09775171065493646
14.558217714016791,57.271305503583186,-0.45465087890625,-0.54559326171875,0.69866943359375,0.08673095703125,1.8387096774193548,55.71847507331379,0.0,0.0
14.578293480037246,58.42251415960859,-0.44775390625,-0.55126953125,0.697998046875,0.09197998046875,1.8225806451612903,55.229716520039105,0.0,0.0
14.598351644992363,58.42251415960859,-0.44775390625,-0.55126953125,0.697998046875,0.09197998046875,1.8806451612903226,56.98924731182796,0.0,0.0
14.61841432203073,58.42251415960859,-0.44775390625,-0.55126953125,0.697998046875,0.09197998046875,1.8322580645161288,55.5229716520039,0.0,0.0
14.63850826403359,59.660905396492225,-0.440673828125,-0.5565185546875,0.69744873046875,0.09844970703125,1.8322580645161288,55.5229716520039,0.0064516129032258064,0.19550342130987292
14.658560093026608,59.660905396492225,-0.440673828125,-0.5565185546875,0.69744873046875,0.09844970703125,1.8354838709677417,55.62072336265884,0.009677419354838708,0.29325513196480935
14.681009021005593,60.93561926221753,-0.43365478515625,-0.5618896484375,0.696533203125,0.10528564453125,1.8161290322580643,55.034213098729225,0.0,0.0
14.69872890401166,60.93561926221753,-0.43365478515625,-0.5618896484375,0.696533203125,0.10528564453125,1.8322580645161288,55.5229716520039,0.0,0.0
14.718787933001295,60.93561926221753,-0.43365478515625,-0.5618896484375,0.696533203125,0.10528564453125,1.8548387096774193,56.20723362658847,0.0,0.0
14.73885176301701,62.168519814373354,-0.426513671875,-0.56732177734375,0.695556640625,0.1114501953125,1.8387096774193548,55.71847507331379,0.0,0.0
14.758916935999878,62.168519814373354,-0.426513671875,-0.56732177734375,0.695556640625,0.1114501953125,1.8096774193548386,54.83870967741935,0.0,0.0
14.779009758029133,63.383072053140836,-0.419189453125,-0.5723876953125,0.69482421875,0.11749267578125,1.8451612903225805,55.91397849462365,0.0,0.0
14.799076275026891,63.383072053140836,-0.419189453125,-0.5723876953125,0.69482421875,0.11749267578125,1.8322580645161288,55.5229716520039,0.0,0.0
14.819126824033447,63.383072053140836,-0.419189453125,-0.5723876953125,0.69482421875,0.11749267578125,1.8451612903225805,55.91397849462365,0.0,0.0
14.839261407032609,64.62903627839476,-0.4119873046875,-0.57745361328125,0.69384765625,0.1240234375,1.8580645161290321,56.304985337243394,0.0,0.0
14.859296626993455,64.62903627839476,-0.4119873046875,-0.57745361328125,0.69384765625,0.1240234375,1.8548387096774193,56.20723362658847,0.012903225806451613,0.39100684261974583
14.87937828100985,65.72711057438345,-0.4052734375,-0.58160400390625,0.69329833984375,0.12969970703125,1.8225806451612903,55.229716520039105,0.0,0.0
14.899440798035357,65.72711057438345,-0.4052734375,-0.58160400390625,0.69329833984375,0.12969970703125,1.7999999999999998,54.54545454545454,0.0,0.0
14.919512947031762,65.72711057438345,-0.4052734375,-0.58160400390625,0.69329833984375,0.12969970703125,1.7483870967741935,52.98142717497556,0.0032258064516129032,0.09775171065493646
14.939631658024155,66.61999523425811,-0.39959716796875,-0.586181640625,0.69207763671875,0.13330078125,1.7419354838709677,52.785923753665685,0.0,0.0
14.959665566042531,66.61999523425811,-0.39959716796875,-0.586181640625,0.69207763671875,0.13330078125,1.7709677419354837,53.665689149560116,0.0,0.0
14.979723058990203,67.37539524586919,-0.3946533203125,-0.5906982421875,0.6905517578125,0.1357421875,1.7903225806451613,54.25219941348974,0.0,0.0
14.999845226004254,67.37539524586919,-0.3946533203125,-0.5906982421875,0.6905517578125,0.1357421875,1.7838709677419353,54.05669599217986,0.0,0.0
15.01995062502101,67.37539524586919,-0.3946533203125,-0.5906982421875,0.6905517578125,0.1357421875,1.8032258064516127,54.64320625610948,0.0,0.0
15.040066615038086,68.17094032266651,-0.3895263671875,-0.5947265625,0.68939208984375,0.138916015625,1.7677419354838708,53.567937438905176,0.0,0.0
15.06013521301793,68.17094032266651,-0.3895263671875,-0.5947265625,0.68939208984375,0.138916015625,1.7741935483870968,53.76344086021506,0.0,0.0
15.080227459024172,69.00508735131552,-0.38421630859375,-0.59796142578125,0.688720703125,0.1429443359375,1.7774193548387096,53.86119257086999,0.0,0.0
15.100328601023648,69.00508735131552,-0.38421630859375,-0.59796142578125,0.688720703125,0.1429443359375,1.7903225806451613,54.25219941348974,0.0,0.0
15.120372717035934,69.00508735131552,-0.38421630859375,-0.59796142578125,0.688720703125,0.1429443359375,1.7709677419354837,53.665689149560116,0.0,0.0
15.140463138988707,69.79935397880692,-0.37933349609375,-0.6016845703125,0.6875,0.146484375,1.829032258064516,55.42521994134897,0.0032258064516129032,0.09775171065493646
15.160500120022334,69.79935397880692,-0.37933349609375,-0.6016845703125,0.6875,0.146484375,1.761290322580645,53.3724340175953,0.0,0.0
15.180616494035348,70.61451616620118,-0.37408447265625,-0.6055908203125,0.68621826171875,0.14984130859375,1.7516129032258063,53.0791788856305,0.0,0.0
15.200683714996558,70.61451616620118,-0.37408447265625,-0.6055908203125,0.68621826171875,0.14984130859375,1.7258064516129032,52.29716520039101,0.0,0.0
15.220772985019721,70.61451616620118,-0.37408447265625,-0.6055908203125,0.68621826171875,0.14984130859375,1.7258064516129032,52.29716520039101,0.0032258064516129032,0.09775171065493646
15.240826190041844,71.52188847085513,-0.36785888671875,-0.609619140625,0.6851806640625,0.15350341796875,1.7129032258064516,51.90615835777126,0.0032258064516129032,0.09775171065493646
15.26095331698889,71.52188847085513,-0.36785888671875,-0.609619140625,0.6851806640625,0.15350341796875,1.764516129032258,53.47018572825024,0.0,0.0
15.280984377022833,72.47950273450097,-0.361328125,-0.6134033203125,0.684326171875,0.15771484375,1.7709677419354837,53.665689149560116,0.0032258064516129032,0.09775171065493646
15.301125713041984,72.47950273450097,-0.361328125,-0.6134033203125,0.684326171875,0.15771484375,1.6935483870967742,51.31964809384164,0.0,0.0
15.321185414039064,72.47950273450097,-0.361328125,-0.6134033203125,0.684326171875,0.15771484375,1.7387096774193547,52.68817204301075,0.0,0.0
15.341256635030732,73.43349267281376,-0.355224609375,-0.61700439453125,0.6832275390625,0.16229248046875,1.6741935483870967,50.733137829912025,0.0,0.0
15.361340241041034,73.43349267281376,-0.355224609375,-0.61700439453125,0.6832275390625,0.16229248046875,1.6516129032258065,50.048875855327466,0.0,0.0
15.381427431013435,74.3707508363243,-0.349609375,-0.6207275390625,0.68157958984375,0.1668701171875,1.7129032258064516,51.90615835777126,0.0064516129032258064,0.19550342130987292
15.401497820043005,74.3707508363243,-0.349609375,-0.6207275390625,0.68157958984375,0.1668701171875,1.6741935483870967,50.733137829912025,0.0,0.0
15.421632690995466,74.3707508363243,-0.349609375,-0.6207275390625,0.68157958984375,0.1668701171875,1.664516129032258,50.43988269794721,0.0,0.0
15.441678887989838,75.26248693729025,-0.34429931640625,-0.62432861328125,0.67999267578125,0.1712646484375,1.6903225806451612,51.2218963831867,0.0,0.0
15.461758877034299,75.26248693729025,-0.34429931640625,-0.62432861328125,0.67999267578125,0.1712646484375,1.696774193548387,51.417399804496576,0.0,0.0
15.481814994011074,76.1298071194656,-0.33929443359375,-0.62786865234375,0.6781005859375,0.175537109375,1.7516129032258063,53.0791788856305,0.0,0.0
15.501881672011223,76.1298071194656,-0.33929443359375,-0.62786865234375,0.6781005859375,0.175537109375,1.7064516129032257,51.71065493646139,0.0,0.0
15.521968029031996,76.1298071194656,-0.33929443359375,-0.62786865234375,0.6781005859375,0.175537109375,1.729032258064516,52.39491691104594,0.0,0.0
15.542085844033863,77.0929571031639,-0.33367919921875,-0.631591796875,0.67620849609375,0.180419921875,1.7129032258064516,51.90615835777126,0.0032258064516129032,0.09775171065493646
15.562147145043127,77.0929571031639,-0.33367919921875,-0.631591796875,0.67620849609375,0.180419921875,1.7032258064516128,51.61290322580645,0.0,0.0
15.582231519045308,78.07094914937696,-0.327880859375,-0.635009765625,0.6744384765625,0.18548583984375,1.7193548387096773,52.101661779081134,0.0,0.0
15.602303220017347,78.07094914937696,-0.327880859375,-0.635009765625,0.6744384765625,0.18548583984375,1.729032258064516,52.39491691104594,0.0,0.0
15.622381674009375,78.07094914937696,-0.327880859375,-0.635009765625,0.6744384765625,0.18548583984375,1.7516129032258063,53.0791788856305,0.0,0.0
15.642468864039984,79.06786552044869,-0.322021484375,-0.63873291015625,0.67230224609375,0.19049072265625,1.6870967741935483,51.12414467253177,0.0,0.0
15.662555988994427,79.06786552044869,-0.322021484375,-0.63873291015625,0.67230224609375,0.19049072265625,1.635483870967742,49.56011730205279,0.0,0.0
15.682651531999,80.05513294729535,-0.3162841796875,-0.642333984375,0.670166015625,0.195556640625,1.6612903225806452,50.34213098729228,0.012903225806451613,0.39100684261974583
15.702748514013365,80.05513294729535,-0.3162841796875,-0.642333984375,0.670166015625,0.195556640625,1.6774193548387097,50.83088954056696,0.0,0.0
15.722812599036843,80.05513294729535,-0.3162841796875,-0.642333984375,0.670166015625,0.195556640625,1.7,51.515151515151516,0.0,0.0
15.742896173032932,82.52397176340942,-0.30548095703125,-0.6505126953125,0.66253662109375,0.21112060546875,1.7,51.515151515151516,0.0,0.0
15.762945793045219,82.52397176340942,-0.30548095703125,-0.6505126953125,0.66253662109375,0.21112060546875,1.7354838709677418,52.59042033235581,0.0,0.0
15.783004278026056,84.1104378249718,-0.2962646484375,-0.65057373046875,0.66278076171875,0.22296142578125,1.7161290322580645,52.003910068426194,0.0,0.0
15.803106923995074,84.1104378249718,-0.2962646484375,-0.65057373046875,0.66278076171875,0.22296142578125,1.729032258064516,52.39491691104594,0.0,0.0
15.823170977004338,84.1104378249718,-0.2962646484375,-0.65057373046875,0.66278076171875,0.22296142578125,1.7,51.515151515151516,0.0,0.0
15.843265368021093,85.08349380866048,-0.289794921875,-0.6544189453125,0.66046142578125,0.22698974609375,1.729032258064516,52.39491691104594,0.0,0.0
15.86330618802458,85.08349380866048,-0.289794921875,-0.6544189453125,0.66046142578125,0.22698974609375,1.7419354838709677,52.785923753665685,0.0,0.0
15.88336745701963,86.01114209726285,-0.28533935546875,-0.658935546875,0.6563720703125,0.2314453125,1.7129032258064516,51.90615835777126,0.0,0.0
15.903429910016712,86.01114209726285,-0.28533935546875,-0.658935546875,0.6563720703125,0.2314453125,1.764516129032258,53.47018572825024,0.0,0.0
15.923497323004995,86.01114209726285,-0.28533935546875,-0.658935546875,0.6563720703125,0.2314453125,1.7516129032258063,53.0791788856305,0.0,0.0
15.943561568041332,86.99056355996323,-0.281005859375,-0.66229248046875,0.6527099609375,0.2373046875,1.7806451612903225,53.95894428152492,0.0,0.0
15.963628981029615,86.99056355996323,-0.281005859375,-0.66229248046875,0.6527099609375,0.2373046875,1.7677419354838708,53.567937438905176,0.0,0.0
15.983696362003684,88.0096283595169,-0.27520751953125,-0.6644287109375,0.6507568359375,0.243408203125,1.7741935483870968,53.76344086021506,0.0,0.0
16.003825825988315,88.0096283595169,-0.27520751953125,-0.6644287109375,0.6507568359375,0.243408203125,1.7516129032258063,53.0791788856305,0.0,0.0
16.02386514202226,88.0096283595169,-0.27520751953125,-0.6644287109375,0.6507568359375,0.243408203125,1.7516129032258063,53.0791788856305,0.0,0.0
16.043944683042355,89.17082195033473,-0.2686767578125,-0.6669921875,0.6483154296875,0.25030517578125,1.7806451612903225,53.95894428152492,0.0,0.0
16.06403216102626,89.17082195033473,-0.2686767578125,-0.6669921875,0.6483154296875,0.25030517578125,1.793548387096774,54.34995112414467,0.0,0.0
16.084103478991892,90.23829574185042,-0.262939453125,-0.669677734375,0.64544677734375,0.25653076171875,1.8129032258064515,54.936461388074285,0.0,0.0
16.104157227033284,90.23829574185042,-0.262939453125,-0.669677734375,0.64544677734375,0.25653076171875,1.793548387096774,54.34995112414467,0.0,0.0
16.124280034040567,90.23829574185042,-0.262939453125,-0.669677734375,0.64544677734375,0.25653076171875,1.8096774193548386,54.83870967741935,0.0,0.0
16.14434751099907,91.17430784449434,-0.25775146484375,-0.67242431640625,0.6427001953125,0.2615966796875,1.7806451612903225,53.95894428152492,0.0,0.0
16.164433517027646,91.17430784449434,-0.25775146484375,-0.67242431640625,0.6427001953125,0.2615966796875,1.8032258064516127,54.64320625610948,0.0,0.0
16.184512739011552,92.0590938096371,-0.2529296875,-0.6749267578125,0.639892578125,0.26641845703125,1.7516129032258063,53.0791788856305,0.0,0.0
16.204788734030444,92.0590938096371,-0.2529296875,-0.6749267578125,0.639892578125,0.26641845703125,1.793548387096774,54.34995112414467,0.0,0.0
16.22483512299368,92.0590938096371,-0.2529296875,-0.6749267578125,0.639892578125,0.26641845703125,1.7774193548387096,53.86119257086999,0.0,0.0
16.244917961012106,92.87042515637513,-0.24871826171875,-0.67669677734375,0.63763427734375,0.2713623046875,1.8161290322580643,55.034213098729225,0.0,0.0
16.26500447804574,92.87042515637513,-0.24871826171875,-0.67669677734375,0.63763427734375,0.2713623046875,1.7774193548387096,53.86119257086999,0.0,0.0
16.285099859989714,93.5488953445459,-0.2451171875,-0.67828369140625,0.6356201171875,0.27532958984375,1.8064516129032258,54.74095796676443,0.0032258064516129032,0.09775171065493646
16.305185258039273,93.5488953445459,-0.2451171875,-0.67828369140625,0.6356201171875,0.27532958984375,1.8064516129032258,54.74095796676443,0.0,0.0
16.32531161699444,93.5488953445459,-0.2451171875,-0.67828369140625,0.6356201171875,0.27532958984375,1.7999999999999998,54.54545454545454,0.0032258064516129032,0.09775171065493646
16.345398998993915,94.16515672659293,-0.24224853515625,-0.6802978515625,0.633056640625,0.27880859375,1.8129032258064515,54.936461388074285,0.0,0.0
16.36545025202213,94.16515672659293,-0.24224853515625,-0.6802978515625,0.633056640625,0.27880859375,1.8032258064516127,54.64320625610948,0.0,0.0
16.38553737703478,94.74949819074152,-0.23919677734375,-0.68157958984375,0.63128662109375,0.28228759765625,1.8064516129032258,54.74095796676443,0.0,0.0
16.40564552799333,94.74949819074152,-0.23919677734375,-0.68157958984375,0.63128662109375,0.28228759765625,1.8064516129032258,54.74095796676443,0.0,0.0
16.42573918204289,94.74949819074152,-0.23919677734375,-0.68157958984375,0.63128662109375,0.28228759765625,1.7903225806451613,54.25219941348974,0.0032258064516129032,0.09775171065493646
16.44577782601118,95.38844979913146,-0.23590087890625,-0.68304443359375,0.6292724609375,0.28607177734375,1.8032258064516127,54.64320625610948,0.0,0.0
16.46585944801336,95.38844979913146,-0.23590087890625,-0.68304443359375,0.6292724609375,0.28607177734375,1.8225806451612903,55.229716520039105,0.0,0.0
16.485941357037518,95.88986987716265,-0.23321533203125,-0.6842041015625,0.627685546875,0.2889404296875,1.8096774193548386,54.83870967741935,0.0,0.0
16.506031427008566,95.88986987716265,-0.23321533203125,-0.6842041015625,0.627685546875,0.2889404296875,1.7999999999999998,54.54545454545454,0.0,0.0
16.526112088991795,95.88986987716265,-0.23321533203125,-0.6842041015625,0.627685546875,0.2889404296875,1.7838709677419353,54.05669599217986,0.0,0.0
16.546190958004445,96.45664079610974,-0.23046875,-0.68572998046875,0.62554931640625,0.292236328125,1.7870967741935482,54.154447702834794,0.0,0.0
16.566307141038124,96.45664079610974,-0.23046875,-0.68572998046875,0.62554931640625,0.292236328125,1.7903225806451613,54.25219941348974,0.0032258064516129032,0.09775171065493646
16.586388315015938,96.96866648359509,-0.22802734375,-0.68670654296875,0.623779296875,0.29547119140625,1.7806451612903225,53.95894428152492,0.0,0.0
16.60643883101875,96.96866648359509,-0.22802734375,-0.68670654296875,0.623779296875,0.29547119140625,1.7806451612903225,53.95894428152492,0.0064516129032258064,0.19550342130987292
16.626507365028374,96.96866648359509,-0.22802734375,-0.68670654296875,0.623779296875,0.29547119140625,1.7580645161290323,53.27468230694038,0.0,0.0
16.646587354014628,97.62296987808854,-0.22503662109375,-0.68798828125,0.6214599609375,0.2996826171875,1.793548387096774,54.34995112414467,0.0,0.0
16.666666128032375,97.62296987808854,-0.22503662109375,-0.68798828125,0.6214599609375,0.2996826171875,1.7870967741935482,54.154447702834794,0.0,0.0
16.686750660999678,98.13329205333949,-0.2222900390625,-0.6881103515625,0.62060546875,0.30328369140625,1.7677419354838708,53.567937438905176,0.0032258064516129032,0.09775171065493646
16.706821819010656,98.13329205333949,-0.2222900390625,-0.6881103515625,0.62060546875,0.30328369140625,1.7806451612903225,53.95894428152492,0.0,0.0
16.726898255990818,98.13329205333949,-0.2222900390625,-0.6881103515625,0.62060546875,0.30328369140625,1.7838709677419353,54.05669599217986,0.0,0.0
16.74697706202278,98.40577666418955,-0.22076416015625,-0.68804931640625,0.6202392578125,0.30523681640625,1.7903225806451613,54.25219941348974,0.0,0.0
16.76705263502663,98.40577666418955,-0.22076416015625,-0.68804931640625,0.6202392578125,0.30523681640625,1.796774193548387,54.44770283479961,0.0,0.0
16.78713000100106,98.95155208022236,-0.21807861328125,-0.6890869140625,0.61834716796875,0.30859375,1.7774193548387096,53.86119257086999,0.0,0.0
16.807215174019802,98.95155208022236,-0.21807861328125,-0.6890869140625,0.61834716796875,0.30859375,1.764516129032258,53.47018572825024,0.0032258064516129032,0.09775171065493646
16.82728741999017,98.95155208022236,-0.21807861328125,-0.6890869140625,0.61834716796875,0.30859375,1.7677419354838708,53.567937438905176,0.0,0.0
16.8474186109961,99.54038878394553,-0.215576171875,-0.6904296875,0.6158447265625,0.31231689453125,1.7774193548387096,53.86119257086999,0.0,0.0
16.867446855001617,99.54038878394553,-0.215576171875,-0.6904296875,0.6158447265625,0.31231689453125,1.8129032258064515,54.936461388074285,0.0,0.0
16.88754060503561,100.13898290645949,-0.21307373046875,-0.69189453125,0.6131591796875,0.3160400390625,1.8064516129032258,54.74095796676443,0.0,0.0
16.907611154019833,100.13898290645949,-0.21307373046875,-0.69189453125,0.6131591796875,0.3160400390625,1.8354838709677417,55.62072336265884,0.0,0.0
16.927684231020976,100.13898290645949,-0.21307373046875,-0.69189453125,0.6131591796875,0.3160400390625,1.8129032258064515,54.936461388074285,0.0,0.0
16.94776351703331,100.77985971956443,-0.21014404296875,-0.69329833984375,0.61053466796875,0.3199462890625,1.7838709677419353,54.05669599217986,0.0,0.0
16.967917077010497,100.77985971956443,-0.21014404296875,-0.69329833984375,0.61053466796875,0.3199462890625,1.7516129032258063,53.0791788856305,0.0,0.0
16.98804458801169,101.42687108894218,-0.20684814453125,-0.69451904296875,0.6082763671875,0.32379150390625,1.7774193548387096,53.86119257086999,0.0,0.0
17.008092064002994,101.42687108894218,-0.20684814453125,-0.69451904296875,0.6082763671875,0.32379150390625,1.829032258064516,55.42521994134897,0.0,0.0
17.028139765025117,101.42687108894218,-0.20684814453125,-0.69451904296875,0.6082763671875,0.32379150390625,1.796774193548387,54.44770283479961,0.0,0.0
17.048232683038805,102.01770901324961,-0.20306396484375,-0.695068359375,0.60711669921875,0.3271484375,1.8096774193548386,54.83870967741935,0.0,0.0
17.06831865600543,102.01770901324961,-0.20306396484375,-0.695068359375,0.60711669921875,0.3271484375,1.8161290322580643,55.034213098729225,0.0,0.0
17.088432118995115,102.50908526846736,-0.2000732421875,-0.69610595703125,0.60565185546875,0.32965087890625,1.8161290322580643,55.034213098729225,0.012903225806451613,0.39100684261974583
17.10849665204296,102.50908526846736,-0.2000732421875,-0.69610595703125,0.60565185546875,0.32965087890625,1.8161290322580643,55.034213098729225,0.0064516129032258064,0.19550342130987292
17.12854544102447,102.50908526846736,-0.2000732421875,-0.69610595703125,0.60565185546875,0.32965087890625,1.829032258064516,55.42521994134897,0.0,0.0
17.14862546202494,103.30260470637573,-0.20025634765625,-0.69720458984375,0.5999755859375,0.33734130859375,1.8419354838709676,55.816226783968716,0.0,0.0
17.16870615602238,103.30260470637573,-0.20025634765625,-0.69720458984375,0.5999755859375,0.33734130859375,1.8806451612903226,56.98924731182796,0.0,0.0
17.188775777001865,103.81290465451505,-0.19915771484375,-0.6978759765625,0.59722900390625,0.34149169921875,1.8419354838709676,55.816226783968716,0.0,0.0
17.208870423026383,103.81290465451505,-0.19915771484375,-0.6978759765625,0.59722900390625,0.34149169921875,1.8419354838709676,55.816226783968716,0.0,0.0
17.228938924032263,103.81290465451505,-0.19915771484375,-0.6978759765625,0.59722900390625,0.34149169921875,1.8322580645161288,55.5229716520039,0.0,0.0
17.249016833025962,104.20234218999745,-0.19732666015625,-0.69952392578125,0.594970703125,0.34320068359375,1.8322580645161288,55.5229716520039,0.0,0.0
17.26909567101393,104.20234218999745,-0.19732666015625,-0.69952392578125,0.594970703125,0.34320068359375,1.8322580645161288,55.5229716520039,0.0,0.0
17.289196973026264,104.73123499944008,-0.195556640625,-0.7005615234375,0.59222412109375,0.3468017578125,1.8387096774193548,55.71847507331379,0.0,0.0
17.309281731024384,104.73123499944008,-0.195556640625,-0.7005615234375,0.59222412109375,0.3468017578125,1.8419354838709676,55.816226783968716,0.0032258064516129032,0.09775171065493646
17.329346552025527,104.73123499944008,-0.195556640625,-0.7005615234375,0.59222412109375,0.3468017578125,1.8419354838709676,55.816226783968716,0.0,0.0
17.349453773989808,105.25058140385899,-0.19390869140625,-0.7017822265625,0.5892333984375,0.3502197265625,1.8483870967741933,56.01173020527859,0.0,0.0
17.369543139997404,105.25058140385899,-0.19390869140625,-0.7017822265625,0.5892333984375,0.3502197265625,1.8451612903225805,55.91397849462365,0.0,0.0
17.389566775993444,105.81679895309074,-0.1917724609375,-0.7032470703125,0.586181640625,0.3536376953125,1.8677419354838707,56.59824046920821,0.0,0.0
17.40968638303457,105.81679895309074,-0.1917724609375,-0.7032470703125,0.586181640625,0.3536376953125,1.8483870967741933,56.01173020527859,0.0,0.0
17.42977357201744,105.81679895309074,-0.1917724609375,-0.7032470703125,0.586181640625,0.3536376953125,1.8354838709677417,55.62072336265884,0.0064516129032258064,0.19550342130987292
17.44981247303076,106.39609574470082,-0.1895751953125,-0.70452880859375,0.5831298828125,0.35723876953125,1.8322580645161288,55.5229716520039,0.0,0.0
17.46991646301467,106.39609574470082,-0.1895751953125,-0.70452880859375,0.5831298828125,0.35723876953125,1.8354838709677417,55.62072336265884,0.016129032258064516,0.4887585532746823
17.49003594199894,106.96958534062242,-0.1873779296875,-0.70623779296875,0.579833984375,0.3604736328125,1.8516129032258062,56.10948191593352,0.0,0.0
17.510042745037936,106.96958534062242,-0.1873779296875,-0.70623779296875,0.579833984375,0.3604736328125,1.8064516129032258,54.74095796676443,0.0,0.0
17.530113038024865,106.96958534062242,-0.1873779296875,-0.70623779296875,0.579833984375,0.3604736328125,1.829032258064516,55.42521994134897,0.0,0.0
17.5501753630233,107.5343088058772,-0.18536376953125,-0.70782470703125,0.576416015625,0.36376953125,1.8451612903225805,55.91397849462365,0.0,0.0
17.570241687993985,107.5343088058772,-0.18536376953125,-0.70782470703125,0.576416015625,0.36376953125,1.8548387096774193,56.20723362658847,0.009677419354838708,0.29325513196480935
17.590335726039484,108.16692241767458,-0.18304443359375,-0.709228515625,0.57293701171875,0.36767578125,1.8354838709677417,55.62072336265884,0.0,0.0
17.61045517300954,108.16692241767458,-0.18304443359375,-0.709228515625,0.57293701171875,0.36767578125,1.8032258064516127,54.64320625610948,0.0032258064516129032,0.09775171065493646
17.630514490010682,108.16692241767458,-0.18304443359375,-0.709228515625,0.57293701171875,0.36767578125,1.8548387096774193,56.20723362658847,0.0064516129032258064,0.19550342130987292
17.650582319009118,108.64209769794329,-0.1812744140625,-0.70880126953125,0.57147216796875,0.37164306640625,1.8419354838709676,55.816226783968716,0.0,0.0
17.670665189041756,108.64209769794329,-0.1812744140625,-0.70880126953125,0.57147216796875,0.37164306640625,1.8387096774193548,55.71847507331379,0.0,0.0
17.690709881018847,109.16092112256136,-0.179443359375,-0.708740234375,0.5694580078125,0.375732421875,1.8129032258064515,54.936461388074285,0.0,0.0
17.71076567802811,109.16092112256136,-0.179443359375,-0.708740234375,0.5694580078125,0.375732421875,1.829032258064516,55.42521994134897,0.0,0.0
17.730838530987967,109.16092112256136,-0.179443359375,-0.708740234375,0.5694580078125,0.375732421875,1.7774193548387096,53.86119257086999,0.0,0.0
17.75090252002701,109.78241243813528,-0.1771240234375,-0.70989990234375,0.566162109375,0.379638671875,1.793548387096774,54.34995112414467,0.0,0.0
17.770987950032577,109.78241243813528,-0.1771240234375,-0.70989990234375,0.566162109375,0.379638671875,1.8096774193548386,54.83870967741935,0.0,0.0
17.79109379602596,110.44161423181157,-0.17462158203125,-0.71136474609375,0.56243896484375,0.383544921875,1.7903225806451613,54.25219941348974,0.0064516129032258064,0.19550342130987292
17.8111632890068,110.44161423181157,-0.17462158203125,-0.71136474609375,0.56243896484375,0.383544921875,1.7903225806451613,54.25219941348974,0.0,0.0
17.831216654041782,110.44161423181157,-0.17462158203125,-0.71136474609375,0.56243896484375,0.383544921875,1.8096774193548386,54.83870967741935,0.0,0.0
17.851344933034852,111.02334438463998,-0.17266845703125,-0.71270751953125,0.55889892578125,0.3870849609375,1.8193548387096772,55.13196480938416,0.0,0.0
17.871419258008245,111.02334438463998,-0.17266845703125,-0.71270751953125,0.55889892578125,0.3870849609375,1.8548387096774193,56.20723362658847,0.0,0.0
17.89146619103849,111.57974830528408,-0.1712646484375,-0.71405029296875,0.55511474609375,0.39068603515625,1.8225806451612903,55.229716520039105,0.0,0.0
17.911540132015944,111.57974830528408,-0.1712646484375,-0.71405029296875,0.55511474609375,0.39068603515625,1.8516129032258062,56.10948191593352,0.0,0.0
17.931629305996466,111.57974830528408,-0.1712646484375,-0.71405029296875,0.55511474609375,0.39068603515625,1.8322580645161288,55.5229716520039,0.0,0.0
17.95167182199657,112.11045599612798,-0.17034912109375,-0.71514892578125,0.55126953125,0.39447021484375,1.8322580645161288,55.5229716520039,0.0,0.0
17.971744131995365,112.11045599612798,-0.17034912109375,-0.71514892578125,0.55126953125,0.39447021484375,1.829032258064516,55.42521994134897,0.0064516129032258064,0.19550342130987292
17.99185893801041,112.68553430669948,-0.169677734375,-0.71649169921875,0.5467529296875,0.39862060546875,1.8032258064516127,54.64320625610948,0.0,0.0
18.01192548702238,112.68553430669948,-0.169677734375,-0.71649169921875,0.5467529296875,0.39862060546875,1.8258064516129031,55.32746823069403,0.0,0.0
18.03199744503945,112.68553430669948,-0.169677734375,-0.71649169921875,0.5467529296875,0.39862060546875,1.8193548387096772,55.13196480938416,0.0,0.0
18.052066522010136,113.18139192347205,-0.1693115234375,-0.7174072265625,0.5428466796875,0.4024658203125,1.8225806451612903,55.229716520039105,0.0,0.0
18.072126543032937,113.18139192347205,-0.1693115234375,-0.7174072265625,0.5428466796875,0.4024658203125,1.8516129032258062,56.10948191593352,0.0,0.0
18.09223494899925,113.55221185051451,-0.169189453125,-0.717041015625,0.54058837890625,0.40618896484375,1.7903225806451613,54.25219941348974,0.0032258064516129032,0.09775171065493646
18.112892077013385,113.55221185051451,-0.169189453125,-0.717041015625,0.54058837890625,0.40618896484375,1.796774193548387,54.44770283479961,0.0,0.0
18.132990371028427,113.55221185051451,-0.169189453125,-0.717041015625,0.54058837890625,0.40618896484375,1.7903225806451613,54.25219941348974,0.0,0.0
18.153086265025195,113.9259769697756,-0.16790771484375,-0.71661376953125,0.5391845703125,0.4093017578125,1.8161290322580643,55.034213098729225,0.0,0.0
18.17314734199317,113.9259769697756,-0.16790771484375,-0.71661376953125,0.5391845703125,0.4093017578125,1.7580645161290323,53.27468230694038,0.0,0.0
18.193229123018682,114.29824579585878,-0.16668701171875,-0.71661376953125,0.53741455078125,0.412109375,1.7806451612903225,53.95894428152492,0.0,0.0
18.21330751304049,114.29824579585878,-0.16668701171875,-0.71661376953125,0.53741455078125,0.412109375,1.8032258064516127,54.64320625610948,0.0,0.0
18.23338926199358,114.29824579585878,-0.16668701171875,-0.71661376953125,0.53741455078125,0.412109375,1.7774193548387096,53.86119257086999,0.0,0.0
18.25349376403028,114.63884210545395,-0.166015625,-0.716552734375,0.5355224609375,0.41497802734375,1.7387096774193547,52.68817204301075,0.0,0.0
18.273574170016218,114.63884210545395,-0.166015625,-0.716552734375,0.5355224609375,0.41497802734375,1.7258064516129032,52.29716520039101,0.0,0.0
18.293684208008926,114.91012176496095,-0.16552734375,-0.71624755859375,0.5341796875,0.41748046875,1.761290322580645,53.3724340175953,0.009677419354838708,0.29325513196480935
18.313760549994186,114.91012176496095,-0.16552734375,-0.71624755859375,0.5341796875,0.41748046875,1.7548387096774192,53.17693059628543,0.0,0.0
18.333812410011888,114.91012176496095,-0.16552734375,-0.71624755859375,0.5341796875,0.41748046875,1.7419354838709677,52.785923753665685,0.0,0.0
18.353868559002876,115.16290556316574,-0.1649169921875,-0.71600341796875,0.532958984375,0.419677734375,1.7193548387096773,52.101661779081134,0.0,0.0
18.373982758028433,115.16290556316574,-0.1649169921875,-0.71600341796875,0.532958984375,0.419677734375,1.7258064516129032,52.29716520039101,0.0,0.0
18.394045083026867,115.40438878279252,-0.16485595703125,-0.7159423828125,0.53125,0.42193603515625,1.903225806451613,57.67350928641252,0.0,0.0
18.41420174599625,115.40438878279252,-0.16485595703125,-0.7159423828125,0.53125,0.42193603515625,1.8032258064516127,54.64320625610948,0.0,0.0
18.434176965034567,115.40438878279252,-0.16485595703125,-0.7159423828125,0.53125,0.42193603515625,1.7774193548387096,53.86119257086999,0.0,0.0
18.454216601036023,115.70247298148561,-0.16485595703125,-0.716064453125,0.52899169921875,0.42462158203125,1.7580645161290323,53.27468230694038,0.0,0.0
18.474325487040915,115.70247298148561,-0.16485595703125,-0.716064453125,0.52899169921875,0.42462158203125,1.729032258064516,52.39491691104594,0.0,0.0
18.49440240499098,116.0579629446247,-0.16436767578125,-0.716064453125,0.526611328125,0.4276123046875,1.7032258064516128,51.61290322580645,0.0,0.0
18.514479194011074,116.0579629446247,-0.16436767578125,-0.716064453125,0.526611328125,0.4276123046875,1.7032258064516128,51.61290322580645,0.0,0.0
18.534559343999717,116.0579629446247,-0.16436767578125,-0.716064453125,0.526611328125,0.4276123046875,1.6741935483870967,50.733137829912025,0.0,0.0
18.554674982035067,116.48465452711694,-0.1629638671875,-0.7164306640625,0.52423095703125,0.43048095703125,1.7806451612903225,53.95894428152492,0.0,0.0
18.574717306997627,116.48465452711694,-0.1629638671875,-0.7164306640625,0.52423095703125,0.43048095703125,1.7451612903225806,52.883675464320625,0.0,0.0
18.59479508799268,116.72868003740638,-0.16192626953125,-0.71661376953125,0.5230712890625,0.4320068359375,1.7225806451612902,52.19941348973607,0.0,0.0
18.614896070037503,116.72868003740638,-0.16192626953125,-0.71661376953125,0.5230712890625,0.4320068359375,1.7,51.515151515151516,0.0,0.0
18.634979163995013,116.72868003740638,-0.16192626953125,-0.71661376953125,0.5230712890625,0.4320068359375,1.696774193548387,51.417399804496576,0.0,0.0
18.655037713004276,116.91462525893955,-0.1611328125,-0.7169189453125,0.5220947265625,0.43304443359375,1.6774193548387097,50.83088954056696,0.0,0.0
18.675123782013543,116.91462525893955,-0.1611328125,-0.7169189453125,0.5220947265625,0.43304443359375,1.7032258064516128,51.61290322580645,0.0,0.0
18.69519910000963,117.0112785317895,-0.16094970703125,-0.71728515625,0.52117919921875,0.43353271484375,1.7193548387096773,52.101661779081134,0.0,0.0
18.715275408991147,117.0112785317895,-0.16094970703125,-0.71728515625,0.52117919921875,0.43353271484375,1.7,51.515151515151516,0.0,0.0
18.73535901500145,117.0112785317895,-0.16094970703125,-0.71728515625,0.52117919921875,0.43353271484375,1.729032258064516,52.39491691104594,0.0,0.0
18.75542396400124,117.05209791938044,-0.16119384765625,-0.71771240234375,0.5203857421875,0.4337158203125,1.7774193548387096,53.86119257086999,0.0,0.0
18.775548531033564,117.05209791938044,-0.16119384765625,-0.71771240234375,0.5203857421875,0.4337158203125,1.7258064516129032,52.29716520039101,0.0,0.0
18.795601863006596,117.038422550379,-0.1614990234375,-0.71807861328125,0.51995849609375,0.4334716796875,1.732258064516129,52.49266862170088,0.0,0.0
18.815680733008776,117.038422550379,-0.1614990234375,-0.71807861328125,0.51995849609375,0.4334716796875,1.7129032258064516,51.90615835777126,0.0,0.0
18.835759025998414,117.038422550379,-0.1614990234375,-0.71807861328125,0.51995849609375,0.4334716796875,1.7193548387096773,52.101661779081134,0.0,0.0
18.855832711036783,116.94206729180293,-0.1617431640625,-0.7181396484375,0.52044677734375,0.43267822265625,1.7451612903225806,52.883675464320625,0.0,0.0
18.875933821022045,116.94206729180293,-0.1617431640625,-0.7181396484375,0.52044677734375,0.43267822265625,1.7741935483870968,53.76344086021506,0.0,0.0
18.896050643990748,117.1212528059948,-0.1600341796875,-0.7177734375,0.52069091796875,0.43365478515625,1.7387096774193547,52.68817204301075,0.0,0.0
18.916083207994234,117.1212528059948,-0.1600341796875,-0.7177734375,0.52069091796875,0.43365478515625,1.7387096774193547,52.68817204301075,0.0,0.0
18.93619897501776,117.1212528059948,-0.1600341796875,-0.7177734375,0.52069091796875,0.43365478515625,1.7387096774193547,52.68817204301075,0.0032258064516129032,0.09775171065493646
18.956249810988083,117.27991212731517,-0.15838623046875,-0.71759033203125,0.5208740234375,0.434326171875,1.7419354838709677,52.785923753665685,0.0,0.0
18.97632064804202,117.27991212731517,-0.15838623046875,-0.71759033203125,0.5208740234375,0.434326171875,1.7096774193548387,51.80840664711632,0.0,0.0
18.996399550000206,117.28087034511928,-0.15789794921875,-0.7178955078125,0.52105712890625,0.433837890625,1.729032258064516,52.39491691104594,0.0,0.0
19.016481138998643,117.28087034511928,-0.15789794921875,-0.7178955078125,0.52105712890625,0.433837890625,1.7451612903225806,52.883675464320625,0.0,0.0
19.0365618650103,117.28087034511928,-0.15789794921875,-0.7178955078125,0.52105712890625,0.433837890625,1.7258064516129032,52.29716520039101,0.0064516129032258064,0.19550342130987292
19.05664230202092,117.16777983126664,-0.15838623046875,-0.71832275390625,0.52117919921875,0.4327392578125,1.7129032258064516,51.90615835777126,0.016129032258064516,0.4887585532746823
19.076729396008886,117.16777983126664,-0.15838623046875,-0.71832275390625,0.52117919921875,0.4327392578125,1.7516129032258063,53.0791788856305,0.0,0.0
19.096801897045225,117.07270518816915,-0.158447265625,-0.71875,0.52154541015625,0.43157958984375,1.7419354838709677,52.785923753665685,0.0,0.0
19.116877534019295,117.07270518816915,-0.158447265625,-0.71875,0.52154541015625,0.43157958984375,1.7354838709677418,52.59042033235581,0.0,0.0
19.136982069001533,117.07270518816915,-0.158447265625,-0.71875,0.52154541015625,0.43157958984375,1.7258064516129032,52.29716520039101,0.0,0.0
19.157065737992525,116.95903936179442,-0.158447265625,-0.719482421875,0.52191162109375,0.42999267578125,1.7354838709677418,52.59042033235581,0.0,0.0
19.177183137042448,116.95903936179442,-0.158447265625,-0.719482421875,0.52191162109375,0.42999267578125,1.7709677419354837,53.665689149560116,0.0064516129032258064,0.19550342130987292
19.197253814025316,116.78061634477044,-0.1590576171875,-0.7200927734375,0.52227783203125,0.42822265625,1.7516129032258063,53.0791788856305,0.0,0.0
19.217305099009536,116.78061634477044,-0.1590576171875,-0.7200927734375,0.52227783203125,0.42822265625,1.7129032258064516,51.90615835777126,0.0,0.0
19.237381856015418,116.78061634477044,-0.1590576171875,-0.7200927734375,0.52227783203125,0.42822265625,1.761290322580645,53.3724340175953,0.009677419354838708,0.29325513196480935
19.257464694033843,116.63508548160533,-0.15936279296875,-0.72088623046875,0.52252197265625,0.42645263671875,1.7193548387096773,52.101661779081134,0.0,0.0
19.277548426995054,116.63508548160533,-0.15936279296875,-0.72088623046875,0.52252197265625,0.42645263671875,1.7516129032258063,53.0791788856305,0.0,0.0
19.297665730002336,116.57642006424145,-0.15863037109375,-0.72125244140625,0.52325439453125,0.42523193359375,1.729032258064516,52.39491691104594,0.0,0.0
19.317751991038676,116.57642006424145,-0.15863037109375,-0.72125244140625,0.52325439453125,0.42523193359375,1.7451612903225806,52.883675464320625,0.0,0.0
19.337852685013786,116.57642006424145,-0.15863037109375,-0.72125244140625,0.52325439453125,0.42523193359375,1.7419354838709677,52.785923753665685,0.0,0.0
19.357886690006126,116.54813749226967,-0.15740966796875,-0.72186279296875,0.52392578125,0.423828125,1.7483870967741935,52.98142717497556,0.012903225806451613,0.39100684261974583
19.377958007040434,116.54813749226967,-0.15740966796875,-0.72186279296875,0.52392578125,0.423828125,1.7451612903225806,52.883675464320625,0.0,0.0
19.39807556499727,116.47094809313322,-0.156494140625,-0.72265625,0.5245361328125,0.4219970703125,1.7419354838709677,52.785923753665685,0.0,0.0
19.41815789102111,116.47094809313322,-0.156494140625,-0.72265625,0.5245361328125,0.4219970703125,1.732258064516129,52.49266862170088,0.0,0.0
19.438198071031366,116.47094809313322,-0.156494140625,-0.72265625,0.5245361328125,0.4219970703125,1.7483870967741935,52.98142717497556,0.0,0.0
19.45828599703964,116.37367784575278,-0.15606689453125,-0.7230224609375,0.52532958984375,0.42059326171875,1.7483870967741935,52.98142717497556,0.0,0.0
19.47833926504245,116.37367784575278,-0.15606689453125,-0.7230224609375,0.52532958984375,0.42059326171875,1.7709677419354837,53.665689149560116,0.0,0.0
19.498437014990486,116.16960692835853,-0.15667724609375,-0.72332763671875,0.526123046875,0.4188232421875,1.7516129032258063,53.0791788856305,0.0,0.0
19.518522572994698,116.16960692835853,-0.15667724609375,-0.72332763671875,0.526123046875,0.4188232421875,1.7741935483870968,53.76344086021506,0.0,0.0
19.538654084026348,116.16960692835853,-0.15667724609375,-0.72332763671875,0.526123046875,0.4188232421875,1.764516129032258,53.47018572825024,0.0,0.0
19.558660183043685,115.81919360622932,-0.15802001953125,-0.7232666015625,0.5277099609375,0.4163818359375,1.7419354838709677,52.785923753665685,0.0,0.0
19.578774093999527,115.81919360622932,-0.15802001953125,-0.7232666015625,0.5277099609375,0.4163818359375,1.7516129032258063,53.0791788856305,0.0,0.0
19.598860002995934,115.22925951396638,-0.1595458984375,-0.721923828125,0.531982421875,0.41278076171875,1.7483870967741935,52.98142717497556,0.0,0.0
19.618932985002175,115.22925951396638,-0.1595458984375,-0.721923828125,0.531982421875,0.41278076171875,1.729032258064516,52.39491691104594,0.0,0.0
19.63905124703888,115.22925951396638,-0.1595458984375,-0.721923828125,0.531982421875,0.41278076171875,1.7419354838709677,52.785923753665685,0.0,0.0
19.659118916024454,114.51529029944126,-0.16064453125,-0.71990966796875,0.537841796875,0.408203125,1.732258064516129,52.49266862170088,0.0,0.0
19.679178777034394,114.51529029944126,-0.16064453125,-0.71990966796875,0.537841796875,0.408203125,1.7548387096774192,53.17693059628543,0.0,0.0
19.69924881402403,113.54727247928002,-0.16241455078125,-0.71697998046875,0.54571533203125,0.4022216796875,1.764516129032258,53.47018572825024,0.0,0.0
19.71935280499747,113.54727247928002,-0.16241455078125,-0.71697998046875,0.54571533203125,0.4022216796875,1.7483870967741935,52.98142717497556,0.0,0.0
19.739397785044275,113.54727247928002,-0.16241455078125,-0.71697998046875,0.54571533203125,0.4022216796875,1.7516129032258063,53.0791788856305,0.0,0.0
19.75947809399804,112.49951537710027,-0.16522216796875,-0.71417236328125,0.5531005859375,0.3958740234375,1.7354838709677418,52.59042033235581,0.0,0.0
19.779552132007666,112.49951537710027,-0.16522216796875,-0.71417236328125,0.5531005859375,0.3958740234375,1.7225806451612902,52.19941348973607,0.0,0.0
19.79963071300881,111.4555566301708,-0.168701171875,-0.71124267578125,0.5599365234375,0.38995361328125,1.7225806451612902,52.19941348973607,0.0,0.0
19.81971227104077,111.4555566301708,-0.168701171875,-0.71124267578125,0.5599365234375,0.38995361328125,1.7161290322580645,52.003910068426194,0.0,0.0
19.83978963602567,111.4555566301708,-0.168701171875,-0.71124267578125,0.5599365234375,0.38995361328125,1.7129032258064516,51.90615835777126,0.0,0.0
19.859866073005833,110.42932513083784,-0.17266845703125,-0.70904541015625,0.56573486328125,0.3839111328125,1.7096774193548387,51.80840664711632,0.0,0.0
19.87995764700463,110.42932513083784,-0.17266845703125,-0.70904541015625,0.56573486328125,0.3839111328125,1.7225806451612902,52.19941348973607,0.0,0.0
19.90007367002545,109.33315066749904,-0.17706298828125,-0.706787109375,0.571533203125,0.37738037109375,1.7032258064516128,51.61290322580645,0.0032258064516129032,0.09775171065493646
19.92014812299749,109.33315066749904,-0.17706298828125,-0.706787109375,0.571533203125,0.37738037109375,1.696774193548387,51.417399804496576,0.0,0.0
19.940201199031435,109.33315066749904,-0.17706298828125,-0.706787109375,0.571533203125,0.37738037109375,1.7064516129032257,51.71065493646139,0.0,0.0
19.960281573003158,108.31554696042568,-0.18096923828125,-0.704345703125,0.5772705078125,0.37139892578125,1.6806451612903226,50.9286412512219,0.016129032258064516,0.4887585532746823
19.98036463401513,108.31554696042568,-0.18096923828125,-0.704345703125,0.5772705078125,0.37139892578125,1.6838709677419355,51.02639296187683,0.012903225806451613,0.39100684261974583
20.00043758400716,107.34504242436907,-0.1839599609375,-0.7012939453125,0.58367919921875,0.36566162109375,1.664516129032258,50.43988269794721,0.016129032258064516,0.4887585532746823
20.020520677033346,107.34504242436907,-0.1839599609375,-0.7012939453125,0.58367919921875,0.36566162109375,1.7,51.515151515151516,0.012903225806451613,0.39100684261974583
20.040610939031467,107.34504242436907,-0.1839599609375,-0.7012939453125,0.58367919921875,0.36566162109375,1.6483870967741936,49.95112414467254,0.09354838709677418,2.834799608993157
20.060699857014697,106.22550372222375,-0.18707275390625,-0.697509765625,0.59130859375,0.35888671875,1.6580645161290322,50.24437927663734,0.0032258064516129032,0.09775171065493646
20.080728964006994,106.22550372222375,-0.18707275390625,-0.697509765625,0.59130859375,0.35888671875,1.6516129032258065,50.048875855327466,0.0,0.0
20.1008389070048,105.16044508448117,-0.1917724609375,-0.6943359375,0.59698486328125,0.35321044921875,1.667741935483871,50.53763440860215,0.2870967741935484,8.699902248289346
20.120984306035098,105.16044508448117,-0.1917724609375,-0.6943359375,0.59698486328125,0.35321044921875,1.6580645161290322,50.24437927663734,0.24516129032258063,7.429130009775172
20.141012390027754,105.16044508448117,-0.1917724609375,-0.6943359375,0.59698486328125,0.35321044921875,1.6516129032258065,50.048875855327466,0.27419354838709675,8.308895405669599
20.161115132039413,103.84700383184854,-0.1988525390625,-0.69061279296875,0.6026611328125,0.3468017578125,1.6516129032258065,50.048875855327466,0.27419354838709675,8.308895405669599
20.18124094704399,103.84700383184854,-0.1988525390625,-0.69061279296875,0.6026611328125,0.3468017578125,1.6580645161290322,50.24437927663734,0.0,0.0
20.201272775011603,102.40183849386551,-0.2061767578125,-0.68634033203125,0.6092529296875,0.3394775390625,1.62258064516129,49.169110459433035,0.0,0.0
20.22134751599515,102.40183849386551,-0.2061767578125,-0.68634033203125,0.6092529296875,0.3394775390625,1.6161290322580644,48.97360703812317,0.0,0.0
20.24143998604268,102.40183849386551,-0.2061767578125,-0.68634033203125,0.6092529296875,0.3394775390625,1.596774193548387,48.38709677419355,0.0,0.0
20.26147626200691,101.00484854955592,-0.212646484375,-0.68255615234375,0.61553955078125,0.33160400390625,1.590322580645161,48.19159335288367,0.0,0.0
20.281585052027367,101.00484854955592,-0.212646484375,-0.68255615234375,0.61553955078125,0.33160400390625,1.5516129032258064,47.018572825024435,0.0,0.0
20.301687763014343,99.58910573470662,-0.21856689453125,-0.67755126953125,0.623046875,0.32391357421875,1.558064516129032,47.21407624633431,0.0,0.0
20.32175584801007,99.58910573470662,-0.21856689453125,-0.67755126953125,0.623046875,0.32391357421875,1.529032258064516,46.33431085043988,0.0,0.0
20.341834749036934,99.58910573470662,-0.21856689453125,-0.67755126953125,0.623046875,0.32391357421875,1.5064516129032257,45.650048875855326,0.0,0.0
20.361925491015427,98.19513870411707,-0.22381591796875,-0.6722412109375,0.6309814453125,0.31610107421875,1.525806451612903,46.236559139784944,0.0032258064516129032,0.09775171065493646
20.38199620001251,98.19513870411707,-0.22381591796875,-0.6722412109375,0.6309814453125,0.31610107421875,1.5129032258064514,45.8455522971652,0.0,0.0
20.4020738209947,96.56063733934367,-0.22955322265625,-0.66595458984375,0.64019775390625,0.30645751953125,1.496774193548387,45.35679374389051,0.0,0.0
20.422208564006723,96.56063733934367,-0.22955322265625,-0.66595458984375,0.64019775390625,0.30645751953125,1.5161290322580645,45.94330400782014,0.0,0.0
20.442268617043737,94.70270683390831,-0.23651123046875,-0.6597900390625,0.6494140625,0.294921875,1.5096774193548386,45.74780058651026,0.019354838709677417,0.5865102639296187
20.462318718025927,94.70270683390831,-0.23651123046875,-0.6597900390625,0.6494140625,0.294921875,1.5064516129032257,45.650048875855326,0.009677419354838708,0.29325513196480935
20.482387187017594,94.70270683390831,-0.23651123046875,-0.6597900390625,0.6494140625,0.294921875,1.467741935483871,44.4770283479961,0.0,0.0
20.502461672003847,92.70758534891672,-0.2454833984375,-0.6531982421875,0.6578369140625,0.28338623046875,1.496774193548387,45.35679374389051,0.0,0.0
20.522545629995875,92.70758534891672,-0.2454833984375,-0.6531982421875,0.6578369140625,0.28338623046875,1.5064516129032257,45.650048875855326,0.0,0.0
20.542632275028154,91.05009663875663,-0.25323486328125,-0.6474609375,0.66448974609375,0.2740478515625,1.5161290322580645,45.94330400782014,0.0,0.0
20.56269373599207,91.05009663875663,-0.25323486328125,-0.6474609375,0.66448974609375,0.2740478515625,1.496774193548387,45.35679374389051,0.0,0.0
20.58277260500472,91.05009663875663,-0.25323486328125,-0.6474609375,0.66448974609375,0.2740478515625,1.5064516129032257,45.650048875855326,0.0,0.0
20.60286011500284,89.52263895961902,-0.26043701171875,-0.64111328125,0.67108154296875,0.26611328125,1.5193548387096774,46.04105571847507,0.0,0.0
20.62294260103954,89.52263895961902,-0.26043701171875,-0.64111328125,0.67108154296875,0.26611328125,1.4903225806451612,45.16129032258064,0.02258064516129032,0.6842619745845552
20.643018046044745,88.03746983307389,-0.267822265625,-0.63665771484375,0.67578125,0.25738525390625,1.4870967741935484,45.06353861192571,0.0,0.0
20.663122292025946,88.03746983307389,-0.267822265625,-0.63665771484375,0.67578125,0.25738525390625,1.4870967741935484,45.06353861192571,0.0,0.0
20.683203016989864,88.03746983307389,-0.267822265625,-0.63665771484375,0.67578125,0.25738525390625,1.4419354838709677,43.6950146627566,0.0,0.0
20.703267806035,86.42529046438005,-0.27557373046875,-0.6326904296875,0.68023681640625,0.24700927734375,1.4548387096774194,44.086021505376344,0.0,0.0
20.723347188031767,86.42529046438005,-0.27557373046875,-0.6326904296875,0.68023681640625,0.24700927734375,1.4741935483870967,44.67253176930596,0.0,0.0
20.743423529027496,84.97760605409694,-0.28216552734375,-0.6285400390625,0.6846923828125,0.23773193359375,1.4774193548387096,44.770283479960895,0.0,0.0
20.76350156700937,84.97760605409694,-0.28216552734375,-0.6285400390625,0.6846923828125,0.23773193359375,1.4806451612903224,44.868035190615835,0.0032258064516129032,0.09775171065493646
20.783587059995625,84.97760605409694,-0.28216552734375,-0.6285400390625,0.6846923828125,0.23773193359375,1.4741935483870967,44.67253176930596,0.0,0.0
20.80366817000322,83.69286237979264,-0.28778076171875,-0.623291015625,0.68963623046875,0.23028564453125,1.4903225806451612,45.16129032258064,0.0,0.0
20.823772768024355,83.69286237979264,-0.28778076171875,-0.623291015625,0.68963623046875,0.23028564453125,1.4741935483870967,44.67253176930596,0.016129032258064516,0.4887585532746823
20.843830196012277,82.34966128369332,-0.293701171875,-0.6173095703125,0.69500732421875,0.22283935546875,1.4774193548387096,44.770283479960895,0.0,0.0
20.86390516202664,82.34966128369332,-0.293701171875,-0.6173095703125,0.69500732421875,0.22283935546875,1.4709677419354839,44.57478005865102,0.0,0.0
20.88398787099868,82.34966128369332,-0.293701171875,-0.6173095703125,0.69500732421875,0.22283935546875,1.5161290322580645,45.94330400782014,0.0,0.0
20.904103862005286,80.80286054052974,-0.30072021484375,-0.6109619140625,0.70037841796875,0.21392822265625,1.5064516129032257,45.650048875855326,0.0,0.0
20.924202444031835,80.80286054052974,-0.30072021484375,-0.6109619140625,0.70037841796875,0.21392822265625,1.5,45.45454545454546,0.0,0.0
20.944242655998096,79.38311200598604,-0.30828857421875,-0.60565185546875,0.7039794921875,0.20623779296875,1.5161290322580645,45.94330400782014,0.0,0.0
20.964307060989086,79.38311200598604,-0.30828857421875,-0.60565185546875,0.7039794921875,0.20623779296875,1.5193548387096774,46.04105571847507,0.0,0.0
20.984383658040315,79.38311200598604,-0.30828857421875,-0.60565185546875,0.7039794921875,0.20623779296875,1.529032258064516,46.33431085043988,0.0,0.0
21.004472352040466,78.109449835805,-0.316162109375,-0.60162353515625,0.70587158203125,0.19970703125,1.5129032258064514,45.8455522971652,0.0,0.0
21.02455438900506,78.109449835805,-0.316162109375,-0.60162353515625,0.70587158203125,0.19970703125,1.5451612903225804,46.82306940371456,0.0032258064516129032,0.09775171065493646
21.044637867016718,76.90131730021153,-0.32379150390625,-0.59918212890625,0.7064208984375,0.192626953125,1.5419354838709676,46.72531769305962,0.0064516129032258064,0.19550342130987292
21.064712640014477,76.90131730021153,-0.32379150390625,-0.59918212890625,0.7064208984375,0.192626953125,1.525806451612903,46.236559139784944,0.0,0.0
21.084754164039623,76.90131730021153,-0.32379150390625,-0.59918212890625,0.7064208984375,0.192626953125,1.5419354838709676,46.72531769305962,0.0,0.0
21.104859434009995,75.64586135988054,-0.33135986328125,-0.595703125,0.707763671875,0.18560791015625,1.532258064516129,46.432062561094824,0.0,0.0
21.12495561601827,75.64586135988054,-0.33135986328125,-0.595703125,0.707763671875,0.18560791015625,1.529032258064516,46.33431085043988,0.0,0.0
21.145010357024148,74.48795127353505,-0.33843994140625,-0.59210205078125,0.70904541015625,0.179443359375,1.5387096774193547,46.62756598240469,0.0,0.0
21.165165004029404,74.48795127353505,-0.33843994140625,-0.59210205078125,0.70904541015625,0.179443359375,1.5387096774193547,46.62756598240469,0.0,0.0
21.185260610014666,74.48795127353505,-0.33843994140625,-0.59210205078125,0.70904541015625,0.179443359375,1.5451612903225804,46.82306940371456,0.0,0.0
21.205371193005703,73.15534627092731,-0.3455810546875,-0.58697509765625,0.71160888671875,0.172119140625,1.5064516129032257,45.650048875855326,0.0,0.0
21.225471599027514,73.15534627092731,-0.3455810546875,-0.58697509765625,0.71160888671875,0.172119140625,1.5387096774193547,46.62756598240469,0.0,0.0
21.24552064301679,71.79514142983982,-0.35162353515625,-0.581298828125,0.71527099609375,0.1639404296875,1.5161290322580645,45.94330400782014,0.0,0.0
21.265590903989505,71.79514142983982,-0.35162353515625,-0.581298828125,0.71527099609375,0.1639404296875,1.493548387096774,45.25904203323558,0.0,0.0
21.28571467101574,71.79514142983982,-0.35162353515625,-0.581298828125,0.71527099609375,0.1639404296875,1.5387096774193547,46.62756598240469,0.0,0.0
21.305764291028026,70.52574464219968,-0.35723876953125,-0.5753173828125,0.71893310546875,0.15667724609375,1.529032258064516,46.33431085043988,0.0,0.0
21.325831672002096,70.52574464219968,-0.35723876953125,-0.5753173828125,0.71893310546875,0.15667724609375,1.5193548387096774,46.04105571847507,0.0,0.0
21.345919790037442,69.32543300864641,-0.3631591796875,-0.56964111328125,0.7218017578125,0.1502685546875,1.5999999999999999,48.484848484848484,0.0,0.0
21.3659885150264,69.32543300864641,-0.3631591796875,-0.56964111328125,0.7218017578125,0.1502685546875,1.6483870967741936,49.95112414467254,0.0,0.0
21.386056856019422,69.32543300864641,-0.3631591796875,-0.56964111328125,0.7218017578125,0.1502685546875,1.7,51.515151515151516,0.0,0.0
21.406149165995885,68.20557186803144,-0.36859130859375,-0.5650634765625,0.7239990234375,0.14373779296875,1.6709677419354838,50.635386119257085,0.0,0.0
21.42622368299635,68.20557186803144,-0.36859130859375,-0.5650634765625,0.7239990234375,0.14373779296875,1.7,51.515151515151516,0.0,0.0
21.446338649024256,67.21306052086808,-0.3739013671875,-0.5614013671875,0.7252197265625,0.1380615234375,1.6870967741935483,51.12414467253177,0.0,0.0
21.466418383002747,67.21306052086808,-0.3739013671875,-0.5614013671875,0.7252197265625,0.1380615234375,1.7,51.515151515151516,0.0,0.0
21.486461891036015,67.21306052086808,-0.3739013671875,-0.5614013671875,0.7252197265625,0.1380615234375,1.696774193548387,51.417399804496576,0.0,0.0
21.506546009040903,66.1931342527565,-0.380126953125,-0.557861328125,0.72576904296875,0.13275146484375,1.667741935483871,50.53763440860215,0.0032258064516129032,0.09775171065493646
21.526618382020388,66.1931342527565,-0.380126953125,-0.557861328125,0.72576904296875,0.13275146484375,1.696774193548387,51.417399804496576,0.0,0.0
21.546694243035745,65.03306658669956,-0.38726806640625,-0.55316162109375,0.7265625,0.12713623046875,1.7129032258064516,51.90615835777126,0.0,0.0
21.566778264997993,65.03306658669956,-0.38726806640625,-0.55316162109375,0.7265625,0.12713623046875,1.7161290322580645,52.003910068426194,0.0,0.0
21.586864846001845,65.03306658669956,-0.38726806640625,-0.55316162109375,0.7265625,0.12713623046875,1.7548387096774192,53.17693059628543,0.0,0.0
21.606938051001634,63.872415302074806,-0.393798828125,-0.54779052734375,0.72808837890625,0.1214599609375,1.7774193548387096,53.86119257086999,0.0032258064516129032,0.09775171065493646
21.62702741700923,63.872415302074806,-0.393798828125,-0.54779052734375,0.72808837890625,0.1214599609375,1.7580645161290323,53.27468230694038,0.06774193548387096,2.0527859237536656
21.64709073404083,62.976100792256865,-0.39825439453125,-0.54302978515625,0.72998046875,0.11700439453125,1.761290322580645,53.3724340175953,0.16451612903225804,4.9853372434017595
21.667167811014224,62.976100792256865,-0.39825439453125,-0.54302978515625,0.72998046875,0.11700439453125,1.7774193548387096,53.86119257086999,0.18387096774193548,5.571847507331378
21.687305658007972,62.976100792256865,-0.39825439453125,-0.54302978515625,0.72998046875,0.11700439453125,1.764516129032258,53.47018572825024,0.15161290322580645,4.594330400782014
21.707381648011506,62.2418877903427,-0.40216064453125,-0.53863525390625,0.73150634765625,0.11383056640625,1.7516129032258063,53.0791788856305,0.16129032258064516,4.887585532746823
21.7274304680177,62.2418877903427,-0.40216064453125,-0.53863525390625,0.73150634765625,0.11383056640625,1.7548387096774192,53.17693059628543,0.23548387096774193,7.1358748778103624
21.747512505040504,61.43046052533511,-0.40704345703125,-0.53564453125,0.731689453125,0.109619140625,1.7709677419354837,53.665689149560116,0.23225806451612901,7.038123167155424
21.767584687040653,61.43046052533511,-0.40704345703125,-0.53564453125,0.731689453125,0.109619140625,1.7774193548387096,53.86119257086999,0.2903225806451613,8.797653958944283
21.78766432404518,61.43046052533511,-0.40704345703125,-0.53564453125,0.731689453125,0.109619140625,1.7516129032258063,53.0791788856305,0.34516129032258064,10.459433040078201
21.80773916101316,60.61060994274439,-0.412353515625,-0.533447265625,0.73101806640625,0.1051025390625,1.7903225806451613,54.25219941348974,0.35806451612903223,10.850439882697946
21.827816878037993,60.61060994274439,-0.412353515625,-0.533447265625,0.73101806640625,0.1051025390625,1.7999999999999998,54.54545454545454,0.36451612903225805,11.04594330400782
21.847894467995502,59.858589416731846,-0.41754150390625,-0.53057861328125,0.7305908203125,0.10174560546875,1.7774193548387096,53.86119257086999,0.4032258064516129,12.218963831867057
21.867971033032518,59.858589416731846,-0.41754150390625,-0.53057861328125,0.7305908203125,0.10174560546875,1.7709677419354837,53.665689149560116,0.34193548387096767,10.361681329423263
21.88805723102996,59.858589416731846,-0.41754150390625,-0.53057861328125,0.7305908203125,0.10174560546875,1.764516129032258,53.47018572825024,0.39677419354838706,12.023460410557183
21.908142884029076,59.1144796643306,-0.4224853515625,-0.52716064453125,0.73065185546875,0.09869384765625,1.793548387096774,54.34995112414467,0.35806451612903223,10.850439882697946
21.92820882500382,59.1144796643306,-0.4224853515625,-0.52716064453125,0.73065185546875,0.09869384765625,1.796774193548387,54.44770283479961,0.4225806451612903,12.805474095796676
21.948326543031726,58.3728237968868,-0.427734375,-0.52374267578125,0.73046875,0.095947265625,1.7838709677419353,54.05669599217986,0.4451612903225806,13.48973607038123
21.96843293402344,58.3728237968868,-0.427734375,-0.52374267578125,0.73046875,0.095947265625,1.793548387096774,54.34995112414467,0.46451612903225803,14.076246334310849
21.988428472017404,58.3728237968868,-0.427734375,-0.52374267578125,0.73046875,0.095947265625,1.8161290322580643,55.034213098729225,0.4774193548387097,14.467253176930598
22.0085244300426,57.60430352237253,-0.43316650390625,-0.52056884765625,0.72991943359375,0.0927734375,1.7741935483870968,53.76344086021506,0.4935483870967742,14.95601173020528
22.028576483018696,57.60430352237253,-0.43316650390625,-0.52056884765625,0.72991943359375,0.0927734375,1.764516129032258,53.47018572825024,0.5,15.151515151515152
22.048696601006668,56.836650553070434,-0.43817138671875,-0.51776123046875,0.7293701171875,0.0889892578125,1.7903225806451613,54.25219941348974,0.5129032258064515,15.542521994134894
22.0688189920038,56.836650553070434,-0.43817138671875,-0.51776123046875,0.7293701171875,0.0889892578125,1.8161290322580643,55.034213098729225,0.5193548387096774,15.73802541544477
22.08887318900088,56.836650553070434,-0.43817138671875,-0.51776123046875,0.7293701171875,0.0889892578125,1.8064516129032258,54.74095796676443,0.4935483870967742,14.95601173020528
22.108979451004416,55.99887850904454,-0.4429931640625,-0.51397705078125,0.72967529296875,0.08489990234375,1.8129032258064515,54.936461388074285,0.5096774193548387,15.444770283479961
22.12905425601639,55.99887850904454,-0.4429931640625,-0.51397705078125,0.72967529296875,0.08489990234375,1.8225806451612903,55.229716520039105,0.5,15.151515151515152
22.149174182035495,55.346979209389666,-0.44683837890625,-0.510498046875,0.73004150390625,0.08209228515625,1.8225806451612903,55.229716520039105,0.48709677419354835,14.760508308895407
22.169215483008884,55.346979209389666,-0.44683837890625,-0.510498046875,0.73004150390625,0.08209228515625,1.8032258064516127,54.64320625610948,0.5032258064516129,15.249266862170089
22.18928897602018,55.346979209389666,-0.44683837890625,-0.510498046875,0.73004150390625,0.08209228515625,1.8322580645161288,55.5229716520039,0.5032258064516129,15.249266862170089
22.209403878019657,54.79090837342856,-0.450439453125,-0.5069580078125,0.73046875,0.08038330078125,1.8419354838709676,55.816226783968716,0.5129032258064515,15.542521994134894
22.229504476010334,54.79090837342856,-0.450439453125,-0.5069580078125,0.73046875,0.08038330078125,1.8161290322580643,55.034213098729225,0.4806451612903226,14.565004887585534
22.249504718987737,54.225290904492866,-0.4542236328125,-0.50335693359375,0.7308349609375,0.07879638671875,1.8322580645161288,55.5229716520039,0.5064516129032258,15.347018572825025
22.269635909993667,54.225290904492866,-0.4542236328125,-0.50335693359375,0.7308349609375,0.07879638671875,1.8258064516129031,55.32746823069403,0.47419354838709676,14.369501466275661
22.28971266699955,54.225290904492866,-0.4542236328125,-0.50335693359375,0.7308349609375,0.07879638671875,1.8161290322580643,55.034213098729225,0.4935483870967742,14.95601173020528
22.309763472003397,53.754988141765416,-0.4578857421875,-0.5008544921875,0.73040771484375,0.0775146484375,1.8516129032258062,56.10948191593352,0.4838709677419355,14.66275659824047
22.32984557299642,53.754988141765416,-0.4578857421875,-0.5008544921875,0.73040771484375,0.0775146484375,1.8354838709677417,55.62072336265884,0.5129032258064515,15.542521994134894
22.349926138005685,53.22999094276917,-0.461669921875,-0.49822998046875,0.72998046875,0.07568359375,1.8161290322580643,55.034213098729225,0.5387096774193548,16.32453567937439
22.37001092801802,53.22999094276917,-0.461669921875,-0.49822998046875,0.72998046875,0.07568359375,1.8516129032258062,56.10948191593352,0.5161290322580645,15.640273704789834
22.39009875804186,53.22999094276917,-0.461669921875,-0.49822998046875,0.72998046875,0.07568359375,1.8387096774193548,55.71847507331379,0.49032258064516127,14.858260019550343
22.41020402801223,52.778377115011516,-0.465087890625,-0.4957275390625,0.72967529296875,0.074462890625,1.8935483870967742,57.380254154447705,0.49032258064516127,14.858260019550343
22.430295633035712,52.778377115011516,-0.465087890625,-0.4957275390625,0.72967529296875,0.074462890625,1.8451612903225805,55.91397849462365,0.5161290322580645,15.640273704789834
22.450376743043307,52.28347240122191,-0.468505859375,-0.492431640625,0.72979736328125,0.07318115234375,1.8354838709677417,55.62072336265884,0.5548387096774193,16.81329423264907
22.47049859003164,52.28347240122191,-0.468505859375,-0.492431640625,0.72979736328125,0.07318115234375,1.8451612903225805,55.91397849462365,0.5419354838709677,16.422287390029325
22.490564562031068,52.28347240122191,-0.468505859375,-0.492431640625,0.72979736328125,0.07318115234375,1.8387096774193548,55.71847507331379,0.4935483870967742,14.95601173020528
22.51087198301684,52.041339163371994,-0.47064208984375,-0.49053955078125,0.729736328125,0.07318115234375,1.8548387096774193,56.20723362658847,0.4967741935483871,15.053763440860216
22.530894082039595,52.041339163371994,-0.47064208984375,-0.49053955078125,0.729736328125,0.07318115234375,1.8354838709677417,55.62072336265884,0.4774193548387097,14.467253176930598
22.550955031008925,51.74110057872745,-0.47344970703125,-0.4884033203125,0.7293701171875,0.0731201171875,1.8419354838709676,55.816226783968716,0.4838709677419355,14.66275659824047
22.57101799600059,51.74110057872745,-0.47344970703125,-0.4884033203125,0.7293701171875,0.0731201171875,1.8483870967741933,56.01173020527859,0.5096774193548387,15.444770283479961
22.59108067303896,51.74110057872745,-0.47344970703125,-0.4884033203125,0.7293701171875,0.0731201171875,1.829032258064516,55.42521994134897,0.5064516129032258,15.347018572825025
22.611225336033385,51.15262798361444,-0.47802734375,-0.48529052734375,0.7286376953125,0.07147216796875,1.8483870967741933,56.01173020527859,0.4935483870967742,14.95601173020528
22.63126778800506,51.15262798361444,-0.47802734375,-0.48529052734375,0.7286376953125,0.07147216796875,1.829032258064516,55.42521994134897,0.4129032258064516,12.512218963831867
22.65132291300688,50.401081277444675,-0.483154296875,-0.4808349609375,0.7283935546875,0.069091796875,1.8645161290322578,56.50048875855327,0.45161290322580644,13.685239491691107
22.671445208019577,50.401081277444675,-0.483154296875,-0.4808349609375,0.7283935546875,0.069091796875,1.8677419354838707,56.59824046920821,0.4838709677419355,14.66275659824047
22.691535821009893,50.401081277444675,-0.483154296875,-0.4808349609375,0.7283935546875,0.069091796875,1.8774193548387097,56.89149560117303,0.4612903225806451,13.978494623655912
22.711656355997548,49.75687672965127,-0.48699951171875,-0.47711181640625,0.728515625,0.06658935546875,1.8677419354838707,56.59824046920821,0.5,15.151515151515152
22.731739768991247,49.75687672965127,-0.48699951171875,-0.47711181640625,0.728515625,0.06658935546875,1.8806451612903226,56.98924731182796,0.4612903225806451,13.978494623655912
22.751810126006603,49.05213353010034,-0.49090576171875,-0.47320556640625,0.728759765625,0.06353759765625,1.8774193548387097,56.89149560117303,0.4806451612903226,14.565004887585534
22.7718912360142,49.05213353010034,-0.49090576171875,-0.47320556640625,0.728759765625,0.06353759765625,1.8741935483870966,56.79374389051808,0.5096774193548387,15.444770283479961
22.791970329009928,49.05213353010034,-0.49090576171875,-0.47320556640625,0.728759765625,0.06353759765625,1.8806451612903226,56.98924731182796,0.4483870967741935,13.587487781036167
22.812054383044597,48.41962131506362,-0.49493408203125,-0.47015380859375,0.72821044921875,0.060791015625,1.8516129032258062,56.10948191593352,0.47419354838709676,14.369501466275661
22.832145155989565,48.41962131506362,-0.49493408203125,-0.47015380859375,0.72821044921875,0.060791015625,1.861290322580645,56.402737047898334,0.4258064516129032,12.903225806451612
22.85226207500091,47.77689017751238,-0.49908447265625,-0.46649169921875,0.7279052734375,0.0584716796875,1.861290322580645,56.402737047898334,0.4483870967741935,13.587487781036167
22.872324655007105,47.77689017751238,-0.49908447265625,-0.46649169921875,0.7279052734375,0.0584716796875,1.8322580645161288,55.5229716520039,0.47096774193548385,14.271749755620725
22.892410885018762,47.77689017751238,-0.49908447265625,-0.46649169921875,0.7279052734375,0.0584716796875,1.8419354838709676,55.816226783968716,0.47419354838709676,14.369501466275661
22.912442649016157,47.221467261226536,-0.502685546875,-0.463134765625,0.72772216796875,0.056640625,1.8806451612903226,56.98924731182796,0.4967741935483871,15.053763440860216
22.932502412993927,47.221467261226536,-0.502685546875,-0.463134765625,0.72772216796875,0.056640625,1.8838709677419354,57.0869990224829,0.5,15.151515151515152
22.95256355399033,46.78844919832977,-0.505859375,-0.4603271484375,0.7274169921875,0.0556640625,1.8806451612903226,56.98924731182796,0.4935483870967742,14.95601173020528
22.972649528004695,46.78844919832977,-0.505859375,-0.4603271484375,0.7274169921875,0.0556640625,1.8903225806451613,57.28250244379277,0.4967741935483871,15.053763440860216
22.99272420501802,46.78844919832977,-0.505859375,-0.4603271484375,0.7274169921875,0.0556640625,1.903225806451613,57.67350928641252,0.529032258064516,16.031280547409576
23.012765633000527,46.21297756872959,-0.50994873046875,-0.4571533203125,0.7266845703125,0.05377197265625,1.9064516129032258,57.77126099706745,0.5,15.151515151515152
23.032838454004377,46.21297756872959,-0.50994873046875,-0.4571533203125,0.7266845703125,0.05377197265625,1.9225806451612903,58.260019550342136,0.5032258064516129,15.249266862170089
23.05291082704207,45.74807569930773,-0.51336669921875,-0.4552001953125,0.72564697265625,0.0518798828125,1.929032258064516,58.45552297165201,0.4967741935483871,15.053763440860216
23.072975840012077,45.74807569930773,-0.51336669921875,-0.4552001953125,0.72564697265625,0.0518798828125,1.9451612903225806,58.94428152492669,0.5161290322580645,15.640273704789834
23.09303838899359,45.74807569930773,-0.51336669921875,-0.4552001953125,0.72564697265625,0.0518798828125,1.932258064516129,58.55327468230694,0.48709677419354835,14.760508308895407
23.113106122007594,45.15549159743884,-0.51690673828125,-0.451904296875,0.725341796875,0.0494384765625,1.9580645161290322,59.33528836754643,0.47419354838709676,14.369501466275661
23.13317260699114,45.15549159743884,-0.51690673828125,-0.451904296875,0.725341796875,0.0494384765625,1.9161290322580644,58.06451612903226,0.5032258064516129,15.249266862170089
23.15323726698989,44.70056103950698,-0.5201416015625,-0.449462890625,0.72467041015625,0.04791259765625,1.929032258064516,58.45552297165201,0.5129032258064515,15.542521994134894
23.17330269602826,44.70056103950698,-0.5201416015625,-0.449462890625,0.72467041015625,0.04791259765625,1.932258064516129,58.55327468230694,0.4967741935483871,15.053763440860216
23.193369885033462,44.70056103950698,-0.5201416015625,-0.449462890625,0.72467041015625,0.04791259765625,1.9193548387096775,58.162267839687196,0.4935483870967742,14.95601173020528
23.213441874017008,44.33586641636467,-0.5233154296875,-0.4481201171875,0.7232666015625,0.04656982421875,1.9225806451612903,58.260019550342136,0.49032258064516127,14.858260019550343
23.23353498399956,44.33586641636467,-0.5233154296875,-0.4481201171875,0.7232666015625,0.04656982421875,1.9387096774193548,58.748778103616814,0.432258064516129,13.098729227761485
23.25372412899742,43.857927094759205,-0.52813720703125,-0.44683837890625,0.720703125,0.04498291015625,1.9387096774193548,58.748778103616814,0.5,15.151515151515152
23.273772245040163,43.857927094759205,-0.52813720703125,-0.44683837890625,0.720703125,0.04498291015625,1.9387096774193548,58.748778103616814,0.5193548387096774,15.73802541544477
23.293859627039637,43.857927094759205,-0.52813720703125,-0.44683837890625,0.720703125,0.04498291015625,1.935483870967742,58.65102639296188,0.5225806451612903,15.835777126099707
23.313949759991374,43.35538326310841,-0.53350830078125,-0.4459228515625,0.7174072265625,0.04302978515625,1.9193548387096775,58.162267839687196,0.4806451612903226,14.565004887585534
23.33403243799694,43.35538326310841,-0.53350830078125,-0.4459228515625,0.7174072265625,0.04302978515625,1.9580645161290322,59.33528836754643,0.49032258064516127,14.858260019550343
23.35441582801286,42.75088850210562,-0.53839111328125,-0.44384765625,0.7152099609375,0.04034423828125,1.9483870967741934,59.04203323558163,0.4935483870967742,14.95601173020528
23.37448564101942,42.75088850210562,-0.53839111328125,-0.44384765625,0.7152099609375,0.04034423828125,1.9387096774193548,58.748778103616814,0.5096774193548387,15.444770283479961
23.394528253993485,42.75088850210562,-0.53839111328125,-0.44384765625,0.7152099609375,0.04034423828125,1.935483870967742,58.65102639296188,0.5193548387096774,15.73802541544477
23.41457950603217,42.19999606335894,-0.54205322265625,-0.44061279296875,0.71453857421875,0.03839111328125,1.9774193548387096,59.92179863147605,0.5580645161290322,16.911045943304007
23.434644199034665,42.19999606335894,-0.54205322265625,-0.44061279296875,0.71453857421875,0.03839111328125,1.9387096774193548,58.748778103616814,0.5161290322580645,15.640273704789834
23.45475202903617,41.73774793318476,-0.5450439453125,-0.43731689453125,0.71435546875,0.03717041015625,1.9451612903225806,58.94428152492669,0.5161290322580645,15.640273704789834
23.47480817802716,41.73774793318476,-0.5450439453125,-0.43731689453125,0.71435546875,0.03717041015625,1.9225806451612903,58.260019550342136,0.4935483870967742,14.95601173020528
23.4949531609891,41.73774793318476,-0.5450439453125,-0.43731689453125,0.71435546875,0.03717041015625,1.932258064516129,58.55327468230694,0.5032258064516129,15.249266862170089
23.515030750015285,41.23339157245705,-0.54852294921875,-0.43505859375,0.71319580078125,0.034912109375,1.935483870967742,58.65102639296188,0.532258064516129,16.129032258064516
23.53509182704147,41.23339157245705,-0.54852294921875,-0.43505859375,0.71319580078125,0.034912109375,1.932258064516129,58.55327468230694,0.5387096774193548,16.32453567937439
23.55518365703756,40.63418488125698,-0.55242919921875,-0.43304443359375,0.7115478515625,0.031494140625,1.9387096774193548,58.748778103616814,0.5387096774193548,16.32453567937439
23.57527084602043,40.63418488125698,-0.55242919921875,-0.43304443359375,0.7115478515625,0.031494140625,1.9580645161290322,59.33528836754643,0.532258064516129,16.129032258064516
23.595362611988094,40.63418488125698,-0.55242919921875,-0.43304443359375,0.7115478515625,0.031494140625,1.935483870967742,58.65102639296188,0.5645161290322581,17.106549364613883
23.615446568990592,39.946827003460626,-0.5557861328125,-0.429443359375,0.71124267578125,0.02789306640625,1.9548387096774194,59.2375366568915,0.5903225806451613,17.888563049853374
23.63555811200058,39.946827003460626,-0.5557861328125,-0.429443359375,0.71124267578125,0.02789306640625,1.9838709677419355,60.117302052785924,0.6,18.181818181818183
23.655628597014584,39.238529536110846,-0.558349609375,-0.424072265625,0.71258544921875,0.0250244140625,1.9580645161290322,59.33528836754643,0.6064516129032258,18.377321603128056
23.67571521003265,39.238529536110846,-0.558349609375,-0.424072265625,0.71258544921875,0.0250244140625,1.9580645161290322,59.33528836754643,0.6161290322580645,18.670576735092865
23.695806400035508,39.238529536110846,-0.558349609375,-0.424072265625,0.71258544921875,0.0250244140625,1.993548387096774,60.410557184750736,0.6193548387096773,18.768328445747798
23.715890644991305,38.63260581229608,-0.5599365234375,-0.41937255859375,0.7142333984375,0.02227783203125,1.9806451612903224,60.01955034213099,0.6290322580645161,19.06158357771261
23.73599949904019,38.63260581229608,-0.5599365234375,-0.41937255859375,0.7142333984375,0.02227783203125,1.9741935483870967,59.82404692082112,0.632258064516129,19.159335288367547
23.756093089003116,37.94109888883257,-0.5609130859375,-0.41461181640625,0.71630859375,0.01800537109375,1.9580645161290322,59.33528836754643,0.6225806451612903,18.866080156402738
23.776168278011028,37.94109888883257,-0.5609130859375,-0.41461181640625,0.71630859375,0.01800537109375,1.9709677419354839,59.72629521016618,0.6419354838709677,19.452590420332356
23.796254092012532,37.94109888883257,-0.5609130859375,-0.41461181640625,0.71630859375,0.01800537109375,1.993548387096774,60.410557184750736,0.6483870967741935,19.64809384164223
23.816334208997432,37.33758389045829,-0.56182861328125,-0.41064453125,0.718017578125,0.0142822265625,2.009677419354839,60.899315738025415,0.6612903225806451,20.039100684261975
23.836403221997898,37.33758389045829,-0.56182861328125,-0.41064453125,0.718017578125,0.0142822265625,1.996774193548387,60.50830889540567,0.6580645161290322,19.941348973607038
23.856484331015963,36.833164269011064,-0.5623779296875,-0.4071044921875,0.7196044921875,0.01104736328125,1.996774193548387,60.50830889540567,0.6741935483870967,20.43010752688172
23.87654982402455,36.833164269011064,-0.5623779296875,-0.4071044921875,0.7196044921875,0.01104736328125,2.032258064516129,61.58357771260997,0.6612903225806451,20.039100684261975
23.896647606045008,36.833164269011064,-0.5623779296875,-0.4071044921875,0.7196044921875,0.01104736328125,2.061290322580645,62.4633431085044,0.6709677419354838,20.332355816226784
23.916697225999087,36.29108220401547,-0.5623779296875,-0.40264892578125,0.72216796875,0.00775146484375,2.0,60.60606060606061,0.6774193548387096,20.527859237536656
23.936760767013766,36.29108220401547,-0.5623779296875,-0.40264892578125,0.72216796875,0.00775146484375,2.0,60.60606060606061,0.6870967741935483,20.821114369501466
23.95683582802303,35.81654580452203,-0.56304931640625,-0.39862060546875,0.72393798828125,0.00543212890625,2.0129032258064514,60.997067448680355,0.6935483870967742,21.016617790811342
23.976890697027557,35.81654580452203,-0.56304931640625,-0.39862060546875,0.72393798828125,0.00543212890625,2.0258064516129033,61.3880742913001,0.7,21.21212121212121
23.996980062045623,35.81654580452203,-0.56304931640625,-0.39862060546875,0.72393798828125,0.00543212890625,2.032258064516129,61.58357771260997,0.7,21.21212121212121
24.017099060991313,35.39153094537351,-0.564697265625,-0.39520263671875,0.72454833984375,0.00390625,2.0354838709677416,61.6813294232649,0.6935483870967742,21.016617790811342
24.037202795036137,35.39153094537351,-0.564697265625,-0.39520263671875,0.72454833984375,0.00390625,2.02258064516129,61.29032258064516,0.6903225806451613,20.918866080156402
24.05722361401422,35.025423322211154,-0.567138671875,-0.3929443359375,0.72381591796875,0.002685546875,2.054838709677419,62.267839687194524,0.7064516129032258,21.407624633431084
24.07726619404275,35.025423322211154,-0.567138671875,-0.3929443359375,0.72381591796875,0.002685546875,2.0387096774193547,61.779081133919846,0.6612903225806451,20.039100684261975
24.097371912037488,35.025423322211154,-0.567138671875,-0.3929443359375,0.72381591796875,0.002685546875,2.087096774193548,63.24535679374389,0.6580645161290322,19.941348973607038
24.11745186999906,34.53791925287623,-0.57135009765625,-0.390380859375,0.721923828125,0.00152587890625,2.0483870967741935,62.07233626588465,0.6451612903225806,19.550342130987293
24.137534035020508,34.53791925287623,-0.57135009765625,-0.390380859375,0.721923828125,0.00152587890625,2.041935483870968,61.87683284457478,0.6451612903225806,19.550342130987293
24.15760452003451,34.24486774792989,-0.575439453125,-0.389404296875,0.71917724609375,0.0013427734375,2.054838709677419,62.267839687194524,0.6419354838709677,19.452590420332356
24.17771747004008,34.24486774792989,-0.575439453125,-0.389404296875,0.71917724609375,0.0013427734375,2.0483870967741935,62.07233626588465,0.6483870967741935,19.64809384164223
24.197763795033097,34.24486774792989,-0.575439453125,-0.389404296875,0.71917724609375,0.0013427734375,2.0387096774193547,61.779081133919846,0.6451612903225806,19.550342130987293
24.217813191004097,33.98874848042836,-0.58056640625,-0.3892822265625,0.71514892578125,0.0015869140625,2.0677419354838706,62.65884652981426,0.6354838709677418,19.25708699902248
24.237960061989725,33.98874848042836,-0.58056640625,-0.3892822265625,0.71514892578125,0.0015869140625,2.0580645161290323,62.365591397849464,0.6580645161290322,19.941348973607038
24.25808133301325,33.44005281378895,-0.58734130859375,-0.38702392578125,0.7108154296875,0.00067138671875,2.106451612903226,63.831867057673506,0.6451612903225806,19.550342130987293
24.278166666044854,33.44005281378895,-0.58734130859375,-0.38702392578125,0.7108154296875,0.00067138671875,2.061290322580645,62.4633431085044,0.6516129032258063,19.745845552297162
24.298199966026004,33.44005281378895,-0.58734130859375,-0.38702392578125,0.7108154296875,0.00067138671875,2.074193548387097,62.85434995112414,0.6451612903225806,19.550342130987293
24.31828286702512,33.01548318703294,-0.59210205078125,-0.3846435546875,0.7081298828125,6.103515625e-05,2.064516129032258,62.56109481915934,0.6354838709677418,19.25708699902248
24.3383475280134,33.01548318703294,-0.59210205078125,-0.3846435546875,0.7081298828125,6.103515625e-05,2.061290322580645,62.4633431085044,0.6548387096774193,19.843597262952102
24.35842694202438,32.570080057201785,0.59588623046875,0.38092041015625,-0.70697021484375,0.000244140625,2.054838709677419,62.267839687194524,0.6580645161290322,19.941348973607038
24.378504883032292,32.570080057201785,0.59588623046875,0.38092041015625,-0.70697021484375,0.000244140625,2.064516129032258,62.56109481915934,0.6516129032258063,19.745845552297162
24.398547143035103,32.570080057201785,0.59588623046875,0.38092041015625,-0.70697021484375,0.000244140625,2.074193548387097,62.85434995112414,0.6580645161290322,19.941348973607038
24.41864876501495,32.09148021102559,0.6002197265625,0.3765869140625,-0.70562744140625,0.00018310546875,2.064516129032258,62.56109481915934,0.6741935483870967,20.43010752688172
24.43871678604046,32.09148021102559,0.6002197265625,0.3765869140625,-0.70562744140625,0.00018310546875,2.0709677419354837,62.75659824046921,0.6741935483870967,20.43010752688172
24.458793158992194,31.73594864509368,-0.60406494140625,-0.37335205078125,0.70404052734375,0.0001220703125,2.0709677419354837,62.75659824046921,0.6774193548387096,20.527859237536656
24.478888924990315,31.73594864509368,-0.60406494140625,-0.37335205078125,0.70404052734375,0.0001220703125,2.0999999999999996,63.636363636363626,0.6838709677419353,20.723362658846526
24.498945777013432,31.73594864509368,-0.60406494140625,-0.37335205078125,0.70404052734375,0.0001220703125,2.0709677419354837,62.75659824046921,0.6838709677419353,20.723362658846526
24.519069447997026,31.462815856190808,-0.60760498046875,-0.37054443359375,0.7025146484375,0.0009765625,2.064516129032258,62.56109481915934,0.7032258064516129,21.309872922776147
24.539204511034768,31.462815856190808,-0.60760498046875,-0.37054443359375,0.7025146484375,0.0009765625,2.064516129032258,62.56109481915934,0.6903225806451613,20.918866080156402
24.559219410002697,31.177872304090165,-0.61102294921875,-0.36712646484375,0.70135498046875,0.0020751953125,2.0774193548387094,62.95210166177908,0.6935483870967742,21.016617790811342
24.579303271020763,31.177872304090165,-0.61102294921875,-0.36712646484375,0.70135498046875,0.0020751953125,2.087096774193548,63.24535679374389,0.6838709677419353,20.723362658846526
24.5993678040104,31.177872304090165,-0.61102294921875,-0.36712646484375,0.70135498046875,0.0020751953125,2.0806451612903225,63.049853372434015,0.7193548387096774,21.79863147605083
24.61945157003356,30.8378385745646,-0.614501953125,-0.3634033203125,0.70025634765625,0.00274658203125,2.083870967741935,63.14760508308894,0.7096774193548387,21.505376344086024
24.63952263101237,30.8378385745646,-0.614501953125,-0.3634033203125,0.70025634765625,0.00274658203125,2.087096774193548,63.24535679374389,0.7193548387096774,21.79863147605083
24.659630845009815,30.503204657573,-0.6171875,-0.36077880859375,0.69921875,0.0020751953125,2.0774193548387094,62.95210166177908,0.6903225806451613,20.918866080156402
24.67968987300992,30.503204657573,-0.6171875,-0.36077880859375,0.69921875,0.0020751953125,2.0999999999999996,63.636363636363626,0.6967741935483871,21.114369501466275
24.699778534995858,30.503204657573,-0.6171875,-0.36077880859375,0.69921875,0.0020751953125,2.0999999999999996,63.636363636363626,0.6935483870967742,21.016617790811342
24.71985718002543,30.176363810386185,-0.61993408203125,-0.35772705078125,0.6983642578125,0.001953125,2.096774193548387,63.5386119257087,0.6935483870967742,21.016617790811342
24.739936561032664,30.176363810386185,-0.61993408203125,-0.35772705078125,0.6983642578125,0.001953125,2.106451612903226,63.831867057673506,0.6935483870967742,21.016617790811342
24.760046279989183,29.934628613001813,-0.62298583984375,-0.353759765625,0.6976318359375,0.00372314453125,2.1129032258064515,64.02737047898339,0.6903225806451613,20.918866080156402
24.780123453005217,29.934628613001813,-0.62298583984375,-0.353759765625,0.6976318359375,0.00372314453125,2.1096774193548384,63.929618768328446,0.6838709677419353,20.723362658846526
24.800169841037132,29.934628613001813,-0.62298583984375,-0.353759765625,0.6976318359375,0.00372314453125,2.087096774193548,63.24535679374389,0.6903225806451613,20.918866080156402
24.820272582990583,29.772165729820742,-0.62591552734375,-0.35015869140625,0.69683837890625,0.00616455078125,2.061290322580645,62.4633431085044,0.6870967741935483,20.821114369501466
24.840323675016407,29.772165729820742,-0.62591552734375,-0.35015869140625,0.69683837890625,0.00616455078125,2.1129032258064515,64.02737047898339,0.6903225806451613,20.918866080156402
24.86040241701994,29.510688155919503,-0.62908935546875,-0.34613037109375,0.69598388671875,0.0078125,2.116129032258064,64.1251221896383,0.7,21.21212121212121
24.880480838008225,29.510688155919503,-0.62908935546875,-0.34613037109375,0.69598388671875,0.0078125,2.1225806451612903,64.32062561094818,0.7096774193548387,21.505376344086024
24.90056924300734,29.510688155919503,-0.62908935546875,-0.34613037109375,0.69598388671875,0.0078125,2.138709677419355,64.80938416422288,0.7129032258064516,21.603128054740957
24.920644304016605,29.257007491255905,-0.6322021484375,-0.3427734375,0.69476318359375,0.0087890625,2.1354838709677417,64.71163245356793,0.7064516129032258,21.407624633431084
24.94072179798968,29.257007491255905,-0.6322021484375,-0.3427734375,0.69476318359375,0.0087890625,2.1193548387096772,64.22287390029325,0.6806451612903225,20.625610948191593
24.96079759503482,29.00260268573266,-0.63470458984375,-0.34033203125,0.6937255859375,0.00885009765625,2.158064516129032,65.39589442815249,0.6935483870967742,21.016617790811342
24.980880655988585,29.00260268573266,-0.63470458984375,-0.34033203125,0.6937255859375,0.00885009765625,2.1129032258064515,64.02737047898339,0.6967741935483871,21.114369501466275
25.000931460002903,29.00260268573266,-0.63470458984375,-0.34033203125,0.6937255859375,0.00885009765625,2.1419354838709674,64.90713587487781,0.7161290322580645,21.700879765395893
25.021048507012893,28.69641580721847,-0.636962890625,-0.33758544921875,0.6929931640625,0.00836181640625,2.1129032258064515,64.02737047898339,0.7032258064516129,21.309872922776147
25.041153393045533,28.69641580721847,-0.636962890625,-0.33758544921875,0.6929931640625,0.00836181640625,2.161290322580645,65.49364613880742,0.7129032258064516,21.603128054740957
25.06119984498946,28.39091736369801,-0.63946533203125,-0.3348388671875,0.69207763671875,0.008056640625,2.1419354838709674,64.90713587487781,0.6967741935483871,21.114369501466275
25.081286425993312,28.39091736369801,-0.63946533203125,-0.3348388671875,0.69207763671875,0.008056640625,2.138709677419355,64.80938416422288,0.7064516129032258,21.407624633431084
25.101369040028658,28.39091736369801,-0.63946533203125,-0.3348388671875,0.69207763671875,0.008056640625,2.1645161290322577,65.59139784946235,0.7225806451612903,21.896383186705766
25.1214124840335,28.19490550370307,-0.64166259765625,-0.33258056640625,0.69110107421875,0.00836181640625,2.138709677419355,64.80938416422288,0.7129032258064516,21.603128054740957
25.141512889997102,28.19490550370307,-0.64166259765625,-0.33258056640625,0.69110107421875,0.00836181640625,2.1677419354838707,65.6891495601173,0.7129032258064516,21.603128054740957
25.161632144008763,27.949347460229944,-0.644287109375,-0.33013916015625,0.6898193359375,0.00836181640625,2.1741935483870964,65.88465298142717,0.7032258064516129,21.309872922776147
25.18175104702823,27.949347460229944,-0.644287109375,-0.33013916015625,0.6898193359375,0.00836181640625,2.158064516129032,65.39589442815249,0.7064516129032258,21.407624633431084
25.20182543603005,27.949347460229944,-0.644287109375,-0.33013916015625,0.6898193359375,0.00836181640625,2.1451612903225805,65.00488758553274,0.7064516129032258,21.407624633431084
25.221879600023385,27.73625275606564,-0.64752197265625,-0.327392578125,0.68804931640625,0.00909423828125,2.1677419354838707,65.6891495601173,0.7,21.21212121212121
25.241964966000523,27.73625275606564,-0.64752197265625,-0.327392578125,0.68804931640625,0.00909423828125,2.1774193548387095,65.98240469208211,0.6967741935483871,21.114369501466275
25.262051227036864,27.569178506204025,-0.651611328125,-0.3243408203125,0.6856689453125,0.010986328125,2.170967741935484,65.78690127077223,0.6967741935483871,21.114369501466275
25.282170065038372,27.569178506204025,-0.651611328125,-0.3243408203125,0.6856689453125,0.010986328125,2.158064516129032,65.39589442815249,0.7032258064516129,21.309872922776147
25.302298280003015,27.569178506204025,-0.651611328125,-0.3243408203125,0.6856689453125,0.010986328125,2.190322580645161,66.37341153470186,0.6967741935483871,21.114369501466275
25.322333307994995,27.3801284269758,-0.65625,-0.32122802734375,0.6826171875,0.01239013671875,2.161290322580645,65.49364613880742,0.7,21.21212121212121
25.342417617037427,27.3801284269758,-0.65625,-0.32122802734375,0.6826171875,0.01239013671875,2.1774193548387095,65.98240469208211,0.6967741935483871,21.114369501466275
25.36249581503216,27.065967675490583,-0.66162109375,-0.317626953125,0.67913818359375,0.01287841796875,2.1999999999999997,66.66666666666666,0.7129032258064516,21.603128054740957
25.3825433870079,27.065967675490583,-0.66162109375,-0.317626953125,0.67913818359375,0.01287841796875,2.180645161290322,66.08015640273703,0.6967741935483871,21.114369501466275
25.40264142502565,27.065967675490583,-0.66162109375,-0.317626953125,0.67913818359375,0.01287841796875,2.180645161290322,66.08015640273703,0.7064516129032258,21.407624633431084
25.42271776602138,26.78109075815182,-0.666748046875,-0.3143310546875,0.67559814453125,0.01300048828125,2.1870967741935483,66.27565982404691,0.7,21.21212121212121
25.4428360920283,26.78109075815182,-0.666748046875,-0.3143310546875,0.67559814453125,0.01300048828125,2.2096774193548385,66.95992179863147,0.7193548387096774,21.79863147605083
25.4629024490132,26.494970766978625,-0.67205810546875,-0.31024169921875,0.6722412109375,0.01385498046875,2.190322580645161,66.37341153470186,0.6870967741935483,20.821114369501466
25.482987910043448,26.494970766978625,-0.67205810546875,-0.31024169921875,0.6722412109375,0.01385498046875,2.193548387096774,66.47116324535679,0.6935483870967742,21.016617790811342
25.50306098704459,26.494970766978625,-0.67205810546875,-0.31024169921875,0.6722412109375,0.01385498046875,2.2161290322580642,67.15542521994135,0.6935483870967742,21.016617790811342
25.523127280001063,26.248604969966898,-0.67608642578125,-0.305419921875,0.67034912109375,0.015625,2.1645161290322577,65.59139784946235,0.6935483870967742,21.016617790811342
25.543249991023913,26.248604969966898,-0.67608642578125,-0.305419921875,0.67034912109375,0.015625,2.1967741935483867,66.56891495601171,0.7,21.21212121212121
25.56332655600272,26.12775221956857,-0.6793212890625,-0.30206298828125,0.6685791015625,0.0174560546875,2.235483870967742,67.74193548387096,0.7,21.21212121212121
25.583388464991003,26.12775221956857,-0.6793212890625,-0.30206298828125,0.6685791015625,0.0174560546875,2.2193548387096773,67.25317693059628,0.7096774193548387,21.505376344086024
25.60349191102432,26.12775221956857,-0.6793212890625,-0.30206298828125,0.6685791015625,0.0174560546875,2.212903225806451,67.0576735092864,0.7258064516129032,21.994134897360706
25.623546779039316,26.047028032128587,-0.68206787109375,-0.29925537109375,0.6669921875,0.01910400390625,2.2677419354838713,68.71945259042035,0.7096774193548387,21.505376344086024
25.643624784017447,26.047028032128587,-0.68206787109375,-0.29925537109375,0.6669921875,0.01910400390625,2.2548387096774194,68.32844574780059,0.7129032258064516,21.603128054740957
25.663709702028427,25.896562909450424,-0.6851806640625,-0.29608154296875,0.6651611328125,0.0201416015625,2.225806451612903,67.44868035190615,0.7161290322580645,21.700879765395893
25.683788251015358,25.896562909450424,-0.6851806640625,-0.29608154296875,0.6651611328125,0.0201416015625,2.2322580645161287,67.64418377321603,0.7193548387096774,21.79863147605083
25.703865520015825,25.896562909450424,-0.6851806640625,-0.29608154296875,0.6651611328125,0.0201416015625,2.2322580645161287,67.64418377321603,0.7193548387096774,21.79863147605083
25.723946821002755,25.876362040692527,-0.6883544921875,-0.29351806640625,0.6629638671875,0.0220947265625,2.2677419354838713,68.71945259042035,0.7032258064516129,21.309872922776147
25.74402399401879,25.876362040692527,-0.6883544921875,-0.29351806640625,0.6629638671875,0.0220947265625,2.2161290322580642,67.15542521994135,0.6935483870967742,21.016617790811342
25.764105136040598,25.973115805567502,-0.69256591796875,-0.29150390625,0.65936279296875,0.0245361328125,2.2419354838709675,67.93743890518084,0.6838709677419353,20.723362658846526
25.78422627801774,25.973115805567502,-0.69256591796875,-0.29150390625,0.65936279296875,0.0245361328125,2.2193548387096773,67.25317693059628,0.6903225806451613,20.918866080156402
25.8042917069979,25.973115805567502,-0.69256591796875,-0.29150390625,0.65936279296875,0.0245361328125,2.190322580645161,66.37341153470186,0.7,21.21212121212121
25.824386097025126,25.940635134626845,-0.69671630859375,-0.28887939453125,0.6561279296875,0.0260009765625,2.2193548387096773,67.25317693059628,0.6967741935483871,21.114369501466275
25.844400836038403,25.940635134626845,-0.69671630859375,-0.28887939453125,0.6561279296875,0.0260009765625,2.2419354838709675,67.93743890518084,0.7,21.21212121212121
25.8645190980169,25.716377791935372,-0.699951171875,-0.28466796875,0.65447998046875,0.02679443359375,2.212903225806451,67.0576735092864,0.7129032258064516,21.603128054740957
25.884587662993,25.716377791935372,-0.699951171875,-0.28466796875,0.65447998046875,0.02679443359375,2.2096774193548385,66.95992179863147,0.7193548387096774,21.79863147605083
25.90466544398805,25.716377791935372,-0.699951171875,-0.28466796875,0.65447998046875,0.02679443359375,2.2161290322580642,67.15542521994135,0.7193548387096774,21.79863147605083
25.924741177004762,25.540596125269587,-0.70172119140625,-0.28045654296875,0.654296875,0.02850341796875,2.1774193548387095,65.98240469208211,0.7258064516129032,21.994134897360706
25.944847087026574,25.540596125269587,-0.70172119140625,-0.28045654296875,0.654296875,0.02850341796875,2.1645161290322577,65.59139784946235,0.7354838709677419,22.28739002932551
25.964909700036515,25.517382043467776,-0.70294189453125,-0.2781982421875,0.65386962890625,0.03021240234375,2.193548387096774,66.47116324535679,0.7258064516129032,21.994134897360706
25.984975385013968,25.517382043467776,-0.70294189453125,-0.2781982421875,0.65386962890625,0.03021240234375,2.193548387096774,66.47116324535679,0.7354838709677419,22.28739002932551
26.005057197995484,25.517382043467776,-0.70294189453125,-0.2781982421875,0.65386962890625,0.03021240234375,2.212903225806451,67.0576735092864,0.7354838709677419,22.28739002932551
26.025151620036922,25.619381760922835,-0.7041015625,-0.27801513671875,0.65264892578125,0.03125,2.203225806451613,66.7644183773216,0.7225806451612903,21.896383186705766
26.045222969027236,25.619381760922835,-0.7041015625,-0.27801513671875,0.65264892578125,0.03125,2.1645161290322577,65.59139784946235,0.7290322580645161,22.09188660801564
26.065326639043633,25.802288150938637,-0.70550537109375,-0.27911376953125,0.650634765625,0.03179931640625,2.190322580645161,66.37341153470186,0.7225806451612903,21.896383186705766
26.08536384202307,25.802288150938637,-0.70550537109375,-0.27911376953125,0.650634765625,0.03179931640625,2.1774193548387095,65.98240469208211,0.7096774193548387,21.505376344086024
26.105461752042174,25.802288150938637,-0.70550537109375,-0.27911376953125,0.650634765625,0.03179931640625,2.1774193548387095,65.98240469208211,0.6838709677419353,20.723362658846526
26.125532301026396,25.91857941897068,-0.7069091796875,-0.27972412109375,0.64886474609375,0.0321044921875,2.161290322580645,65.49364613880742,0.6806451612903225,20.625610948191593
26.145635843044147,25.91857941897068,-0.7069091796875,-0.27972412109375,0.64886474609375,0.0321044921875,2.1645161290322577,65.59139784946235,0.6774193548387096,20.527859237536656
26.165718231990468,26.07284951050049,-0.70849609375,-0.2799072265625,0.64697265625,0.0330810546875,2.138709677419355,64.80938416422288,0.6709677419354838,20.332355816226784
26.18576183600817,26.07284951050049,-0.70849609375,-0.2799072265625,0.64697265625,0.0330810546875,2.1225806451612903,64.32062561094818,0.6774193548387096,20.527859237536656
26.20584755402524,26.07284951050049,-0.70849609375,-0.2799072265625,0.64697265625,0.0330810546875,2.1645161290322577,65.59139784946235,0.6548387096774193,19.843597262952102
26.225938774994574,26.202741774844213,-0.7099609375,-0.27978515625,0.6453857421875,0.03424072265625,2.1516129032258062,65.20039100684262,0.6580645161290322,19.941348973607038
26.24597668304341,26.202741774844213,-0.7099609375,-0.27978515625,0.6453857421875,0.03424072265625,2.1129032258064515,64.02737047898339,0.6677419354838708,20.234604105571844
26.266082048998214,26.364224380466702,-0.71185302734375,-0.27978515625,0.64324951171875,0.035400390625,2.1129032258064515,64.02737047898339,0.6580645161290322,19.941348973607038
26.286163350043353,26.364224380466702,-0.71185302734375,-0.27978515625,0.64324951171875,0.035400390625,2.1548387096774193,65.29814271749756,0.7290322580645161,22.09188660801564
26.30627146898769,26.364224380466702,-0.71185302734375,-0.27978515625,0.64324951171875,0.035400390625,2.129032258064516,64.51612903225806,0.6967741935483871,21.114369501466275
26.326350049988832,26.636982904939508,-0.71368408203125,-0.280517578125,0.6407470703125,0.03692626953125,2.1419354838709674,64.90713587487781,0.6838709677419353,20.723362658846526
26.346406006021425,26.636982904939508,-0.71368408203125,-0.280517578125,0.6407470703125,0.03692626953125,2.0999999999999996,63.636363636363626,0.6806451612903225,20.625610948191593
26.366483051038813,26.93424257104642,-0.71600341796875,-0.281005859375,0.63787841796875,0.03900146484375,2.1129032258064515,64.02737047898339,0.6774193548387096,20.527859237536656
26.386624993989244,26.93424257104642,-0.71600341796875,-0.281005859375,0.63787841796875,0.03900146484375,2.1129032258064515,64.02737047898339,0.7,21.21212121212121
26.406720664002933,26.93424257104642,-0.71600341796875,-0.281005859375,0.63787841796875,0.03900146484375,2.106451612903226,63.831867057673506,0.7,21.21212121212121
26.426727115001995,27.26202535247355,-0.7177734375,-0.281494140625,0.635498046875,0.04150390625,2.1129032258064515,64.02737047898339,0.6677419354838708,20.234604105571844
26.446857186034322,27.26202535247355,-0.7177734375,-0.281494140625,0.635498046875,0.04150390625,2.1032258064516127,63.73411534701857,0.6612903225806451,20.039100684261975
26.466908022004645,27.65657011494121,-0.718994140625,-0.2830810546875,0.63323974609375,0.04388427734375,2.061290322580645,62.4633431085044,0.6548387096774193,19.843597262952102
26.48698935500579,27.65657011494121,-0.718994140625,-0.2830810546875,0.63323974609375,0.04388427734375,2.0999999999999996,63.636363636363626,0.6677419354838708,20.234604105571844
26.507068097009324,27.65657011494121,-0.718994140625,-0.2830810546875,0.63323974609375,0.04388427734375,2.093548387096774,63.44086021505376,0.6709677419354838,20.332355816226784
26.527151126007084,27.691538834982786,-0.72088623046875,-0.28253173828125,0.63134765625,0.04388427734375,2.1032258064516127,63.73411534701857,0.6806451612903225,20.625610948191593
26.547226475027855,27.691538834982786,-0.72088623046875,-0.28253173828125,0.63134765625,0.04388427734375,2.096774193548387,63.5386119257087,0.6580645161290322,19.941348973607038
26.56734864099417,27.77004796178919,-0.72308349609375,-0.28167724609375,0.629150390625,0.04443359375,2.0903225806451613,63.34310850439883,0.6483870967741935,19.64809384164223
26.587434999004472,27.77004796178919,-0.72308349609375,-0.28167724609375,0.629150390625,0.04443359375,2.116129032258064,64.1251221896383,0.6419354838709677,19.452590420332356
26.607478315010667,27.77004796178919,-0.72308349609375,-0.28167724609375,0.629150390625,0.04443359375,2.0709677419354837,62.75659824046921,0.6225806451612903,18.866080156402738
26.627547328011133,28.064382481983912,-0.7257080078125,-0.28106689453125,0.626220703125,0.047119140625,2.0999999999999996,63.636363636363626,0.632258064516129,19.159335288367547
26.647627444996033,28.064382481983912,-0.7257080078125,-0.28106689453125,0.626220703125,0.047119140625,2.1548387096774193,65.29814271749756,0.6419354838709677,19.452590420332356
26.66770244203508,28.215790426209033,-0.72796630859375,-0.27984619140625,0.6240234375,0.04888916015625,2.096774193548387,63.5386119257087,0.6419354838709677,19.452590420332356
26.68778751901118,28.215790426209033,-0.72796630859375,-0.27984619140625,0.6240234375,0.04888916015625,2.1129032258064515,64.02737047898339,0.6741935483870967,20.43010752688172
26.707864211988635,28.215790426209033,-0.72796630859375,-0.27984619140625,0.6240234375,0.04888916015625,2.064516129032258,62.56109481915934,0.6451612903225806,19.550342130987293
26.727949769992847,28.295234465518924,-0.7303466796875,-0.27947998046875,0.62139892578125,0.048583984375,2.074193548387097,62.85434995112414,0.6548387096774193,19.843597262952102
26.74801711901091,28.295234465518924,-0.7303466796875,-0.27947998046875,0.62139892578125,0.048583984375,2.064516129032258,62.56109481915934,0.6580645161290322,19.941348973607038
26.76813950901851,28.395493075875798,-0.73284912109375,-0.27984619140625,0.618408203125,0.0477294921875,2.0774193548387094,62.95210166177908,0.6290322580645161,19.06158357771261
26.78819089004537,28.395493075875798,-0.73284912109375,-0.27984619140625,0.618408203125,0.0477294921875,2.061290322580645,62.4633431085044,0.6516129032258063,19.745845552297162
26.808297056006268,28.395493075875798,-0.73284912109375,-0.27984619140625,0.618408203125,0.0477294921875,2.0774193548387094,62.95210166177908,0.6677419354838708,20.234604105571844
26.828363795997575,28.56171943466137,-0.7353515625,-0.27947998046875,0.615478515625,0.048095703125,2.0677419354838706,62.65884652981426,0.6580645161290322,19.941348973607038
26.848416361026466,28.56171943466137,-0.7353515625,-0.27947998046875,0.615478515625,0.048095703125,2.061290322580645,62.4633431085044,0.6677419354838708,20.234604105571844
26.868493182002567,28.70037265341948,-0.73760986328125,-0.27838134765625,0.61322021484375,0.04937744140625,2.0709677419354837,62.75659824046921,0.6483870967741935,19.64809384164223
26.888577875040937,28.70037265341948,-0.73760986328125,-0.27838134765625,0.61322021484375,0.04937744140625,2.074193548387097,62.85434995112414,0.6580645161290322,19.941348973607038
26.908649736025836,28.70037265341948,-0.73760986328125,-0.27838134765625,0.61322021484375,0.04937744140625,2.061290322580645,62.4633431085044,0.6612903225806451,20.039100684261975
26.928715932997875,28.833556510515756,-0.7393798828125,-0.27752685546875,0.611328125,0.0504150390625,2.051612903225806,62.17008797653958,0.664516129032258,20.13685239491691
26.94884424301563,28.833556510515756,-0.7393798828125,-0.27752685546875,0.611328125,0.0504150390625,2.0806451612903225,63.049853372434015,0.664516129032258,20.13685239491691
26.968914119992405,28.913273109462672,-0.7410888671875,-0.277099609375,0.60943603515625,0.0504150390625,2.0387096774193547,61.779081133919846,0.6741935483870967,20.43010752688172
26.98899890901521,28.913273109462672,-0.7410888671875,-0.277099609375,0.60943603515625,0.0504150390625,2.061290322580645,62.4633431085044,0.6741935483870967,20.43010752688172
27.009083955024835,28.913273109462672,-0.7410888671875,-0.277099609375,0.60943603515625,0.0504150390625,2.061290322580645,62.4633431085044,0.6677419354838708,20.234604105571844
27.02917133603478,28.98935527607081,-0.74224853515625,-0.27716064453125,0.6080322265625,0.05035400390625,2.0387096774193547,61.779081133919846,0.6580645161290322,19.941348973607038
27.049257886013947,28.98935527607081,-0.74224853515625,-0.27716064453125,0.6080322265625,0.05035400390625,2.0387096774193547,61.779081133919846,0.6419354838709677,19.452590420332356
27.06937918800395,29.11990017921795,-0.7432861328125,-0.27716064453125,0.606689453125,0.051025390625,2.064516129032258,62.56109481915934,0.6387096774193548,19.35483870967742
27.08948625001358,29.11990017921795,-0.7432861328125,-0.27716064453125,0.606689453125,0.051025390625,2.0483870967741935,62.07233626588465,0.6387096774193548,19.35483870967742
27.109468444017693,29.11990017921795,-0.7432861328125,-0.27716064453125,0.606689453125,0.051025390625,2.0354838709677416,61.6813294232649,0.6419354838709677,19.452590420332356
27.129583634028677,29.322176961440256,-0.7437744140625,-0.27764892578125,0.605712890625,0.052490234375,2.061290322580645,62.4633431085044,0.6225806451612903,18.866080156402738
