timestamp,elevation_deg,imu_i,imu_j,imu_k,imu_r,ch0_voltage,ch0_percentage,ch1_voltage,ch1_percentage,ch2_voltage,ch2_percentage
0.010187507956288755,27.437425856733043,0.700439453125,0.36395263671875,-0.61260986328125,0.040283203125,2.680645161290322,81.23167155425219,2.532258064516129,76.73509286412512,2.5741935483870964,78.00586510263928
0.034096195944584906,27.248372008622994,0.69818115234375,0.36663818359375,-0.61334228515625,0.04443359375,2.680645161290322,81.23167155425219,2.496774193548387,75.65982404692082,2.5677419354838706,77.81036168132943
0.04950187494978309,27.248372008622994,0.69818115234375,0.36663818359375,-0.61334228515625,0.04443359375,2.6741935483870964,81.03616813294232,2.487096774193548,75.366568914956,2.5709677419354837,77.90811339198436
0.06969103391747922,27.248372008622994,0.69818115234375,0.36663818359375,-0.61334228515625,0.04443359375,2.6838709677419352,81.32942326490713,2.5064516129032257,75.95307917888563,2.561290322580645,77.61485826001955
0.09418510494288057,26.905868424342025,0.69305419921875,0.36993408203125,-0.61669921875,0.0499267578125,2.680645161290322,81.23167155425219,2.4774193548387093,75.07331378299119,2.564516129032258,77.71260997067448
0.10973712196573615,26.905868424342025,0.69305419921875,0.36993408203125,-0.61669921875,0.0499267578125,2.680645161290322,81.23167155425219,2.490322580645161,75.46432062561095,2.554838709677419,77.41935483870968
0.13368734694086015,26.514345991693006,0.68658447265625,0.3731689453125,-0.6214599609375,0.0555419921875,2.658064516129032,80.54740957966764,2.4838709677419355,75.26881720430107,2.564516129032258,77.71260997067448
0.14969248895067722,26.514345991693006,0.68658447265625,0.3731689453125,-0.6214599609375,0.0555419921875,2.6677419354838707,80.84066471163244,2.4806451612903224,75.17106549364614,2.5451612903225804,77.12609970674487
0.16974183800630271,26.514345991693006,0.68658447265625,0.3731689453125,-0.6214599609375,0.0555419921875,2.658064516129032,80.54740957966764,2.4774193548387093,75.07331378299119,2.5483870967741935,77.2238514173998
0.19435997400432825,26.079954429401383,0.6802978515625,0.37701416015625,-0.6253662109375,0.062744140625,2.6645161290322577,80.74291300097751,2.4516129032258065,74.29130009775172,2.558064516129032,77.5171065493646
0.20981019793543965,26.079954429401383,0.6802978515625,0.37701416015625,-0.6253662109375,0.062744140625,2.6419354838709674,80.05865102639295,2.4774193548387093,75.07331378299119,2.5483870967741935,77.2238514173998
0.2342671490041539,25.49657306965807,0.6727294921875,0.38177490234375,-0.629638671875,0.0726318359375,2.680645161290322,81.23167155425219,2.4774193548387093,75.07331378299119,2.5354838709677416,76.83284457478005
0.24990438297390938,25.49657306965807,0.6727294921875,0.38177490234375,-0.629638671875,0.0726318359375,2.7032258064516124,81.91593352883673,2.490322580645161,75.46432062561095,2.5,75.75757575757575
0.27003053191583604,25.49657306965807,0.6727294921875,0.38177490234375,-0.629638671875,0.0726318359375,2.6709677419354834,80.93841642228737,2.487096774193548,75.366568914956,2.5,75.75757575757575
0.2939987409627065,24.87180967450017,0.6630859375,0.3883056640625,-0.63421630859375,0.085205078125,2.719354838709677,82.40469208211142,2.4774193548387093,75.07331378299119,2.532258064516129,76.73509286412512
0.31019860599189997,24.87180967450017,0.6630859375,0.3883056640625,-0.63421630859375,0.085205078125,2.6774193548387095,81.13391984359725,2.4806451612903224,75.17106549364614,2.496774193548387,75.65982404692082
0.33454000297933817,24.349745343872613,0.65301513671875,0.39678955078125,-0.637451171875,0.09893798828125,2.6709677419354834,80.93841642228737,2.487096774193548,75.366568914956,2.551612903225806,77.32160312805473
0.35017630900256336,24.349745343872613,0.65301513671875,0.39678955078125,-0.637451171875,0.09893798828125,2.680645161290322,81.23167155425219,2.490322580645161,75.46432062561095,2.5064516129032257,75.95307917888563
0.3710005149478093,24.349745343872613,0.65301513671875,0.39678955078125,-0.637451171875,0.09893798828125,2.654838709677419,80.4496578690127,2.4774193548387093,75.07331378299119,2.5161290322580645,76.24633431085044
0.39431213994976133,23.92097596055538,0.64373779296875,0.405517578125,-0.63909912109375,0.112548828125,2.6999999999999997,81.81818181818181,2.4774193548387093,75.07331378299119,2.5354838709677416,76.83284457478005
0.41024867398664355,23.92097596055538,0.64373779296875,0.405517578125,-0.63909912109375,0.112548828125,2.658064516129032,80.54740957966764,2.496774193548387,75.65982404692082,2.5096774193548383,76.05083088954055
0.43474776891525835,23.51415700931483,0.63482666015625,0.41290283203125,-0.6409912109375,0.1248779296875,2.629032258064516,79.6676441837732,2.5,75.75757575757575,2.5096774193548383,76.05083088954055
0.462158000911586,23.51415700931483,0.63482666015625,0.41290283203125,-0.6409912109375,0.1248779296875,2.680645161290322,81.23167155425219,2.4806451612903224,75.17106549364614,2.519354838709677,76.34408602150538
0.4726294809952378,23.51415700931483,0.63482666015625,0.41290283203125,-0.6409912109375,0.1248779296875,2.693548387096774,81.62267839687193,2.4774193548387093,75.07331378299119,2.519354838709677,76.34408602150538
0.5068676630035043,23.244844006370442,0.6259765625,0.420166015625,-0.64276123046875,0.13580322265625,2.654838709677419,80.4496578690127,2.487096774193548,75.366568914956,2.519354838709677,76.34408602150538
0.5221487649250776,23.244844006370442,0.6259765625,0.420166015625,-0.64276123046875,0.13580322265625,2.661290322580645,80.64516129032258,2.5,75.75757575757575,2.532258064516129,76.73509286412512
0.5384820710169151,23.13976407766708,0.617431640625,0.427490234375,-0.6441650390625,0.1451416015625,2.687096774193548,81.42717497556205,2.519354838709677,76.34408602150538,2.525806451612903,76.53958944281524
0.550680577987805,23.13976407766708,0.617431640625,0.427490234375,-0.6441650390625,0.1451416015625,2.629032258064516,79.6676441837732,2.5064516129032257,75.95307917888563,2.551612903225806,77.32160312805473
0.5706537339137867,23.13976407766708,0.617431640625,0.427490234375,-0.6441650390625,0.1451416015625,2.7032258064516124,81.91593352883673,2.5,75.75757575757575,2.532258064516129,76.73509286412512
0.5949378500226885,23.175963055796203,0.6097412109375,0.4344482421875,-0.64508056640625,0.15264892578125,2.6419354838709674,80.05865102639295,2.5064516129032257,75.95307917888563,2.5483870967741935,77.2238514173998
0.611691577010788,23.175963055796203,0.6097412109375,0.4344482421875,-0.64508056640625,0.15264892578125,2.6838709677419352,81.32942326490713,2.496774193548387,75.65982404692082,2.551612903225806,77.32160312805473
0.6339010460069403,23.299014199620444,0.6031494140625,0.44097900390625,-0.64544677734375,0.1585693359375,2.6999999999999997,81.81818181818181,2.52258064516129,76.44183773216031,2.5354838709677416,76.83284457478005
0.6515369269764051,23.299014199620444,0.6031494140625,0.44097900390625,-0.64544677734375,0.1585693359375,2.693548387096774,81.62267839687193,2.5064516129032257,75.95307917888563,2.52258064516129,76.44183773216031
0.6709879329428077,23.299014199620444,0.6031494140625,0.44097900390625,-0.64544677734375,0.1585693359375,2.680645161290322,81.23167155425219,2.5387096774193547,76.93059628543499,2.487096774193548,75.366568914956
0.6951270559802651,23.449994698055576,0.59759521484375,0.44659423828125,-0.64556884765625,0.16326904296875,2.680645161290322,81.23167155425219,2.5032258064516126,75.8553274682307,2.52258064516129,76.44183773216031
0.7118730390211567,23.449994698055576,0.59759521484375,0.44659423828125,-0.64556884765625,0.16326904296875,2.690322580645161,81.524926686217,2.490322580645161,75.46432062561095,2.5354838709677416,76.83284457478005
0.7352134969551116,23.449653571187284,0.5933837890625,0.4501953125,-0.6458740234375,0.1676025390625,2.680645161290322,81.23167155425219,2.525806451612903,76.53958944281524,2.5354838709677416,76.83284457478005
0.7515408829785883,23.449653571187284,0.5933837890625,0.4501953125,-0.6458740234375,0.1676025390625,2.629032258064516,79.6676441837732,2.5032258064516126,75.8553274682307,2.5064516129032257,75.95307917888563
0.7714645980158821,23.449653571187284,0.5933837890625,0.4501953125,-0.6458740234375,0.1676025390625,2.690322580645161,81.524926686217,2.5677419354838706,77.81036168132943,2.5419354838709673,77.02834799608992
0.7954949189443141,23.351754003704627,0.59088134765625,0.4521484375,-0.6458740234375,0.17120361328125,2.6709677419354834,80.93841642228737,2.525806451612903,76.53958944281524,2.529032258064516,76.63734115347019
0.8115059499396011,23.351754003704627,0.59088134765625,0.4521484375,-0.6458740234375,0.17120361328125,2.693548387096774,81.62267839687193,2.5129032258064514,76.1485826001955,2.529032258064516,76.63734115347019
0.8356103210244328,23.56433671904813,0.587890625,0.45587158203125,-0.64544677734375,0.1729736328125,2.6774193548387095,81.13391984359725,2.5096774193548383,76.05083088954055,2.5354838709677416,76.83284457478005
0.851762761012651,23.56433671904813,0.587890625,0.45587158203125,-0.64544677734375,0.1729736328125,2.6967741935483867,81.72043010752688,2.4838709677419355,75.26881720430107,2.529032258064516,76.63734115347019
0.8718206849880517,23.56433671904813,0.587890625,0.45587158203125,-0.64544677734375,0.1729736328125,2.6354838709677417,79.86314760508309,2.4290322580645163,73.60703812316717,2.529032258064516,76.63734115347019
0.8950970139121637,24.065895094323935,0.5831298828125,0.46270751953125,-0.64459228515625,0.17431640625,2.658064516129032,80.54740957966764,2.370967741935484,71.8475073313783,2.525806451612903,76.53958944281524
0.9118784859310836,24.065895094323935,0.5831298828125,0.46270751953125,-0.64459228515625,0.17431640625,2.6677419354838707,80.84066471163244,2.367741935483871,71.74975562072336,2.5129032258064514,76.1485826001955
0.9358624710002914,24.806893881454428,0.5771484375,0.47119140625,-0.6436767578125,0.1748046875,2.6322580645161286,79.76539589442815,2.338709677419355,70.86999022482894,2.525806451612903,76.53958944281524
0.951735675917007,24.806893881454428,0.5771484375,0.47119140625,-0.6436767578125,0.1748046875,2.6064516129032254,78.98338220918865,2.293548387096774,69.50146627565982,2.52258064516129,76.44183773216031
0.9723299259785563,24.806893881454428,0.5771484375,0.47119140625,-0.6436767578125,0.1748046875,2.6193548387096772,79.37438905180841,2.2322580645161287,67.64418377321603,2.4741935483870967,74.97556207233626
0.9961284060264006,25.90022018122255,0.56982421875,0.4818115234375,-0.64276123046875,0.17333984375,2.6096774193548384,79.0811339198436,2.1516129032258062,65.20039100684262,2.490322580645161,75.46432062561095
1.0122410689946264,25.90022018122255,0.56982421875,0.4818115234375,-0.64276123046875,0.17333984375,2.6129032258064515,79.17888563049853,2.1354838709677417,64.71163245356793,2.487096774193548,75.366568914956
1.03625507093966,27.548064647986905,0.55975341796875,0.494873046875,-0.64288330078125,0.16864013671875,2.6032258064516127,78.88563049853371,2.064516129032258,62.56109481915934,2.487096774193548,75.366568914956
1.0528183319838718,27.548064647986905,0.55975341796875,0.494873046875,-0.64288330078125,0.16864013671875,2.551612903225806,77.32160312805473,2.0354838709677416,61.6813294232649,2.4741935483870967,74.97556207233626
1.0724627799354494,27.548064647986905,0.55975341796875,0.494873046875,-0.64288330078125,0.16864013671875,2.583870967741935,78.2991202346041,2.054838709677419,62.267839687194524,2.464516129032258,74.68230694037146
1.0966303199529648,29.865175590664457,0.54638671875,0.51165771484375,-0.64337158203125,0.160400390625,2.5709677419354837,77.90811339198436,2.0064516129032257,60.80156402737048,2.4483870967741934,74.19354838709677
1.1123458599904552,29.865175590664457,0.54638671875,0.51165771484375,-0.64337158203125,0.160400390625,2.5354838709677416,76.83284457478005,1.9806451612903224,60.01955034213099,2.5,75.75757575757575
1.1360792819177732,32.707271492974286,0.5286865234375,0.5323486328125,-0.64361572265625,0.151123046875,2.487096774193548,75.366568914956,1.9580645161290322,59.33528836754643,2.4741935483870967,74.97556207233626
1.1525654540164396,32.707271492974286,0.5286865234375,0.5323486328125,-0.64361572265625,0.151123046875,2.52258064516129,76.44183773216031,1.9258064516129032,58.35777126099707,2.4516129032258065,74.29130009775172
1.1732297219568864,32.707271492974286,0.5286865234375,0.5323486328125,-0.64361572265625,0.151123046875,2.5451612903225804,77.12609970674487,1.9,57.57575757575758,2.425806451612903,73.50928641251222
1.1959396449383348,36.35161400644224,0.50689697265625,0.5557861328125,-0.64453125,0.13671875,2.5451612903225804,77.12609970674487,1.764516129032258,53.47018572825024,2.445161290322581,74.09579667644185
1.2128766069654375,36.35161400644224,0.50689697265625,0.5557861328125,-0.64453125,0.13671875,2.519354838709677,76.34408602150538,1.732258064516129,52.49266862170088,2.42258064516129,73.41153470185728
1.236682893941179,40.48539578279308,0.48211669921875,0.577392578125,-0.6484375,0.1171875,2.525806451612903,76.53958944281524,1.7516129032258063,53.0791788856305,2.425806451612903,73.50928641251222
1.2526012199232355,40.48539578279308,0.48211669921875,0.577392578125,-0.6484375,0.1171875,2.5096774193548383,76.05083088954055,1.6806451612903226,50.9286412512219,2.3451612903225807,71.0654936461388
1.2727563619846478,40.48539578279308,0.48211669921875,0.577392578125,-0.6484375,0.1171875,2.5161290322580645,76.24633431085044,1.732258064516129,52.49266862170088,2.3451612903225807,71.0654936461388
1.2962818789528683,44.51375169088741,0.45684814453125,0.5931396484375,-0.65594482421875,0.09588623046875,2.5161290322580645,76.24633431085044,1.7129032258064516,51.90615835777126,2.335483870967742,70.772238514174
1.3128623879747465,44.51375169088741,0.45684814453125,0.5931396484375,-0.65594482421875,0.09588623046875,2.4806451612903224,75.17106549364614,1.6774193548387097,50.83088954056696,2.3451612903225807,71.0654936461388
1.3364859849680215,48.9582660440636,0.4295654296875,0.610595703125,-0.661376953125,0.0723876953125,2.519354838709677,76.34408602150538,1.6935483870967742,51.31964809384164,2.3516129032258064,71.26099706744868
1.3528851489536464,48.9582660440636,0.4295654296875,0.610595703125,-0.661376953125,0.0723876953125,2.5387096774193547,76.93059628543499,1.6806451612903226,50.9286412512219,2.4096774193548387,73.02052785923753
1.373119427007623,48.9582660440636,0.4295654296875,0.610595703125,-0.661376953125,0.0723876953125,2.5161290322580645,76.24633431085044,1.6870967741935483,51.12414467253177,2.370967741935484,71.8475073313783
1.3966769760008901,53.14548943437917,0.40069580078125,0.62603759765625,-0.6669921875,0.0521240234375,2.5451612903225804,77.12609970674487,1.7161290322580645,52.003910068426194,2.3741935483870966,71.94525904203324
1.4141118630068377,53.14548943437917,0.40069580078125,0.62603759765625,-0.6669921875,0.0521240234375,2.532258064516129,76.73509286412512,1.7161290322580645,52.003910068426194,2.370967741935484,71.8475073313783
1.4367133689811453,57.17955147725685,0.3704833984375,0.64044189453125,-0.671875,0.03448486328125,2.5,75.75757575757575,1.7161290322580645,52.003910068426194,2.390322580645161,72.43401759530792
1.4534298159414902,57.17955147725685,0.3704833984375,0.64044189453125,-0.671875,0.03448486328125,2.5129032258064514,76.1485826001955,1.7,51.515151515151516,2.3838709677419354,72.23851417399804
1.4733491470105946,57.17955147725685,0.3704833984375,0.64044189453125,-0.671875,0.03448486328125,2.5483870967741935,77.2238514173998,1.7258064516129032,52.29716520039101,2.3741935483870966,71.94525904203324
1.4979295239318162,61.247910044462174,0.3394775390625,0.654052734375,-0.67578125,0.0169677734375,2.5419354838709673,77.02834799608992,1.7483870967741935,52.98142717497556,2.3645161290322583,71.65200391006844
1.5134924529120326,61.247910044462174,0.3394775390625,0.654052734375,-0.67578125,0.0169677734375,2.5387096774193547,76.93059628543499,1.6548387096774193,50.146627565982406,2.4,72.72727272727273
1.5381610229378566,65.43872599484297,-0.30767822265625,-0.666259765625,0.6793212890625,0.00177001953125,2.5129032258064514,76.1485826001955,1.6774193548387097,50.83088954056696,2.4096774193548387,73.02052785923753
1.553492974024266,65.43872599484297,-0.30767822265625,-0.666259765625,0.6793212890625,0.00177001953125,2.529032258064516,76.63734115347019,1.6806451612903226,50.9286412512219,2.390322580645161,72.43401759530792
1.5737389649730176,65.43872599484297,-0.30767822265625,-0.666259765625,0.6793212890625,0.00177001953125,2.529032258064516,76.63734115347019,1.6870967741935483,51.12414467253177,2.3741935483870966,71.94525904203324
1.5991908389842138,69.52885483456039,-0.275634765625,-0.6767578125,0.682373046875,0.01953125,2.554838709677419,77.41935483870968,1.62258064516129,49.169110459433035,2.3774193548387097,72.04301075268818
1.6139914559898898,69.52885483456039,-0.275634765625,-0.6767578125,0.682373046875,0.01953125,2.5483870967741935,77.2238514173998,1.635483870967742,49.56011730205279,2.3774193548387097,72.04301075268818
1.638353461981751,73.5765781652082,-0.244140625,-0.6854248046875,0.6849365234375,0.0377197265625,2.529032258064516,76.63734115347019,1.558064516129032,47.21407624633431,2.361290322580645,71.5542521994135
1.6539008079562336,73.5765781652082,-0.244140625,-0.6854248046875,0.6849365234375,0.0377197265625,2.554838709677419,77.41935483870968,1.5161290322580645,45.94330400782014,2.367741935483871,71.74975562072336
1.6742273760028183,73.5765781652082,-0.244140625,-0.6854248046875,0.6849365234375,0.0377197265625,2.554838709677419,77.41935483870968,1.493548387096774,45.25904203323558,2.370967741935484,71.8475073313783
1.7125368369743228,77.46876709215454,-0.21429443359375,-0.69354248046875,0.68560791015625,0.055419921875,2.558064516129032,77.5171065493646,1.3419354838709676,40.66471163245357,2.3645161290322583,71.65200391006844
1.7147778539219871,77.46876709215454,-0.21429443359375,-0.69354248046875,0.68560791015625,0.055419921875,2.6032258064516127,78.88563049853371,1.3225806451612903,40.07820136852395,2.335483870967742,70.772238514174
1.73720610991586,81.04033075010655,-0.187255859375,-0.701416015625,0.68402099609375,0.07159423828125,2.564516129032258,77.71260997067448,1.3193548387096772,39.980449657869,2.3322580645161293,70.67448680351907
1.75570436893031,81.04033075010655,-0.187255859375,-0.701416015625,0.68402099609375,0.07159423828125,2.558064516129032,77.5171065493646,1.3903225806451613,42.13098729227762,2.3225806451612905,70.38123167155426
1.7748670839937404,81.04033075010655,-0.187255859375,-0.701416015625,0.68402099609375,0.07159423828125,2.558064516129032,77.5171065493646,1.4161290322580644,42.91300097751711,2.2677419354838713,68.71945259042035
1.798127637943253,84.22357704490064,-0.1641845703125,-0.7083740234375,0.68096923828125,0.0867919921875,2.564516129032258,77.71260997067448,1.4064516129032258,42.619745845552295,2.338709677419355,70.86999022482894
1.814589872956276,84.22357704490064,-0.1641845703125,-0.7083740234375,0.68096923828125,0.0867919921875,2.551612903225806,77.32160312805473,1.3903225806451613,42.13098729227762,2.335483870967742,70.772238514174
1.8389335429528728,87.24590117356621,-0.1431884765625,-0.7142333984375,0.67742919921875,0.1021728515625,2.5677419354838706,77.81036168132943,1.435483870967742,43.49951124144673,2.3225806451612905,70.38123167155426
1.8543444069800898,87.24590117356621,-0.1431884765625,-0.7142333984375,0.67742919921875,0.1021728515625,2.564516129032258,77.71260997067448,1.4129032258064516,42.81524926686217,2.293548387096774,69.50146627565982
1.87460854195524,87.24590117356621,-0.1431884765625,-0.7142333984375,0.67742919921875,0.1021728515625,2.5774193548387094,78.10361681329422,1.4129032258064516,42.81524926686217,2.3193548387096774,70.28347996089931
1.8989956689765677,90.06122881558164,-0.1239013671875,-0.71856689453125,0.67425537109375,0.11700439453125,2.5774193548387094,78.10361681329422,1.4064516129032258,42.619745845552295,2.306451612903226,69.89247311827957
1.9147715289145708,90.06122881558164,-0.1239013671875,-0.71856689453125,0.67425537109375,0.11700439453125,2.561290322580645,77.61485826001955,1.3387096774193548,40.56695992179863,2.3000000000000003,69.69696969696972
1.9381667400011793,92.8832047510344,-0.1048583984375,-0.72222900390625,0.67071533203125,0.1322021484375,2.6032258064516127,78.88563049853371,1.3677419354838707,41.44672531769305,2.303225806451613,69.79472140762464
1.9548566259909421,92.8832047510344,-0.1048583984375,-0.72222900390625,0.67071533203125,0.1322021484375,2.6032258064516127,78.88563049853371,1.3645161290322578,41.34897360703812,2.3096774193548386,69.99022482893452
1.9746317319804803,92.8832047510344,-0.1048583984375,-0.72222900390625,0.67071533203125,0.1322021484375,2.5806451612903225,78.20136852394917,1.3645161290322578,41.34897360703812,2.3161290322580648,70.1857282502444
1.9992412929423153,95.7366340996065,-0.08673095703125,-0.7247314453125,0.66717529296875,0.1488037109375,2.616129032258064,79.27663734115346,1.3806451612903226,41.837732160312804,2.3322580645161293,70.67448680351907
2.0151282899314538,95.7366340996065,-0.08673095703125,-0.7247314453125,0.66717529296875,0.1488037109375,2.558064516129032,77.5171065493646,1.3935483870967742,42.22873900293255,2.3096774193548386,69.99022482893452
2.039605177938938,98.62478100388846,-0.069580078125,-0.7269287109375,0.66253662109375,0.16656494140625,2.6096774193548384,79.0811339198436,1.3774193548387097,41.73998044965787,2.3161290322580648,70.1857282502444
2.054872071952559,98.62478100388846,-0.069580078125,-0.7269287109375,0.66253662109375,0.16656494140625,2.5806451612903225,78.20136852394917,1.3225806451612903,40.07820136852395,2.3193548387096774,70.28347996089931
2.074850957025774,98.62478100388846,-0.069580078125,-0.7269287109375,0.66253662109375,0.16656494140625,2.629032258064516,79.6676441837732,1.3193548387096772,39.980449657869,2.293548387096774,69.50146627565982
2.099550182931125,101.52794406387193,-0.05316162109375,-0.730224609375,0.6556396484375,0.1845703125,2.583870967741935,78.2991202346041,1.2999999999999998,39.39393939393939,2.3225806451612905,70.38123167155426
2.1152634179452434,101.52794406387193,-0.05316162109375,-0.730224609375,0.6556396484375,0.1845703125,2.629032258064516,79.6676441837732,1.2870967741935482,39.00293255131964,2.3419354838709676,70.96774193548387
2.1390553059754893,104.08960906143363,-0.07147216796875,-0.73004150390625,0.63983154296875,0.2293701171875,2.616129032258064,79.27663734115346,1.293548387096774,39.19843597262952,2.3322580645161293,70.67448680351907
2.1552544999867678,104.08960906143363,-0.07147216796875,-0.73004150390625,0.63983154296875,0.2293701171875,2.5741935483870964,78.00586510263928,1.2838709677419353,38.90518084066471,2.325806451612903,70.4789833822092
2.1751473349286243,104.08960906143363,-0.07147216796875,-0.73004150390625,0.63983154296875,0.2293701171875,2.525806451612903,76.53958944281524,1.2774193548387096,38.70967741935484,2.3322580645161293,70.67448680351907
2.1996484469855204,106.64208131010498,-0.06329345703125,-0.73333740234375,0.62921142578125,0.24957275390625,2.561290322580645,77.61485826001955,1.2838709677419353,38.90518084066471,2.370967741935484,71.8475073313783
2.2151604000246152,106.64208131010498,-0.06329345703125,-0.73333740234375,0.62921142578125,0.24957275390625,2.5387096774193547,76.93059628543499,1.3096774193548386,39.687194525904204,2.3193548387096774,70.28347996089931
2.239698280929588,108.97409584424568,-0.0517578125,-0.7362060546875,0.62078857421875,0.26446533203125,2.5709677419354837,77.90811339198436,1.3354838709677417,40.46920821114369,2.3129032258064517,70.08797653958945
2.2555512939579785,108.97409584424568,-0.0517578125,-0.7362060546875,0.62078857421875,0.26446533203125,2.551612903225806,77.32160312805473,1.3516129032258062,40.957966764418366,2.3516129032258064,71.26099706744868
2.275233694934286,108.97409584424568,-0.0517578125,-0.7362060546875,0.62078857421875,0.26446533203125,2.6032258064516127,78.88563049853371,1.4225806451612903,43.10850439882698,2.3225806451612905,70.38123167155426
2.2998172719962895,111.10369823542507,-0.0421142578125,-0.7384033203125,0.61260986328125,0.27874755859375,2.5741935483870964,78.00586510263928,1.5096774193548386,45.74780058651026,2.329032258064516,70.57673509286413
2.315937935956754,111.10369823542507,-0.0421142578125,-0.7384033203125,0.61260986328125,0.27874755859375,2.587096774193548,78.39687194525904,1.5483870967741935,46.9208211143695,2.358064516129032,71.45650048875855
2.339792000944726,112.96687386679957,-0.034912109375,-0.74029541015625,0.60455322265625,0.29205322265625,2.5774193548387094,78.10361681329422,1.5774193548387094,47.800586510263926,2.329032258064516,70.57673509286413
2.355613076942973,112.96687386679957,-0.034912109375,-0.74029541015625,0.60455322265625,0.29205322265625,2.6032258064516127,78.88563049853371,1.5677419354838709,47.507331378299114,2.3322580645161293,70.67448680351907
2.3755740099586546,112.96687386679957,-0.034912109375,-0.74029541015625,0.60455322265625,0.29205322265625,2.564516129032258,77.71260997067448,1.5838709677419354,47.9960899315738,2.338709677419355,70.86999022482894
2.399872718960978,114.47544042107845,-0.03045654296875,-0.7420654296875,0.5968017578125,0.30364990234375,2.590322580645161,78.49462365591397,1.6516129032258065,50.048875855327466,2.3483870967741938,71.16324535679375
2.4155799709260464,114.47544042107845,-0.03045654296875,-0.7420654296875,0.5968017578125,0.30364990234375,2.6032258064516127,78.88563049853371,1.696774193548387,51.417399804496576,2.361290322580645,71.5542521994135
2.4397485349327326,115.83624900677218,-0.027587890625,-0.743896484375,0.58892822265625,0.31475830078125,2.5741935483870964,78.00586510263928,1.7516129032258063,53.0791788856305,2.361290322580645,71.5542521994135
2.4557075339835137,115.83624900677218,-0.027587890625,-0.743896484375,0.58892822265625,0.31475830078125,2.6064516129032254,78.98338220918865,1.7806451612903225,53.95894428152492,2.3774193548387097,72.04301075268818
2.476027541910298,115.83624900677218,-0.027587890625,-0.743896484375,0.58892822265625,0.31475830078125,2.587096774193548,78.39687194525904,1.829032258064516,55.42521994134897,2.390322580645161,72.43401759530792
2.500631598988548,116.95486506826143,-0.02667236328125,-0.74560546875,0.581298828125,0.32476806640625,2.625806451612903,79.56989247311827,1.8548387096774193,56.20723362658847,2.358064516129032,71.45650048875855
2.5159083500038832,116.95486506826143,-0.02667236328125,-0.74560546875,0.581298828125,0.32476806640625,2.596774193548387,78.69012707722385,1.8677419354838707,56.59824046920821,2.3193548387096774,70.28347996089931
2.540033489000052,117.65263086942643,-0.02716064453125,-0.7470703125,0.57550048828125,0.33154296875,2.558064516129032,77.5171065493646,1.8838709677419354,57.0869990224829,2.370967741935484,71.8475073313783
2.556073257001117,117.65263086942643,-0.02716064453125,-0.7470703125,0.57550048828125,0.33154296875,2.6096774193548384,79.0811339198436,1.9064516129032258,57.77126099706745,2.390322580645161,72.43401759530792
2.576519345981069,117.65263086942643,-0.02716064453125,-0.7470703125,0.57550048828125,0.33154296875,2.616129032258064,79.27663734115346,1.8838709677419354,57.0869990224829,2.390322580645161,72.43401759530792
2.600817703991197,118.13917368168781,-0.0277099609375,-0.74786376953125,0.57159423828125,0.33648681640625,2.5806451612903225,78.20136852394917,1.9161290322580644,58.06451612903226,2.393548387096774,72.53176930596285
2.616242103977129,118.13917368168781,-0.0277099609375,-0.74786376953125,0.57159423828125,0.33648681640625,2.6096774193548384,79.0811339198436,1.9161290322580644,58.06451612903226,2.3741935483870966,71.94525904203324
2.6407099679345265,118.53350435568147,-0.027587890625,-0.7484130859375,0.5687255859375,0.340087890625,2.5774193548387094,78.10361681329422,1.9129032258064516,57.96676441837732,2.4,72.72727272727273
2.6564759080065414,118.53350435568147,-0.027587890625,-0.7484130859375,0.5687255859375,0.340087890625,2.6064516129032254,78.98338220918865,1.9580645161290322,59.33528836754643,2.3741935483870966,71.94525904203324
2.6773516989778727,118.53350435568147,-0.027587890625,-0.7484130859375,0.5687255859375,0.340087890625,2.5999999999999996,78.78787878787878,1.9580645161290322,59.33528836754643,2.4,72.72727272727273
2.7011112340260297,118.84041656488205,-0.0264892578125,-0.748291015625,0.56756591796875,0.3424072265625,2.5774193548387094,78.10361681329422,1.961290322580645,59.43304007820137,2.4193548387096775,73.31378299120234
2.716555314953439,118.84041656488205,-0.0264892578125,-0.748291015625,0.56756591796875,0.3424072265625,2.583870967741935,78.2991202346041,1.9741935483870967,59.82404692082112,2.435483870967742,73.80254154447702
2.741049322998151,119.05617615781206,-0.0250244140625,-0.74798583984375,0.5672607421875,0.3436279296875,2.6129032258064515,79.17888563049853,1.9580645161290322,59.33528836754643,2.4290322580645163,73.60703812316717
2.756854750914499,119.05617615781206,-0.0250244140625,-0.74798583984375,0.5672607421875,0.3436279296875,2.6129032258064515,79.17888563049853,2.009677419354839,60.899315738025415,2.4290322580645163,73.60703812316717
2.7774523629341274,119.05617615781206,-0.0250244140625,-0.74798583984375,0.5672607421875,0.3436279296875,2.6129032258064515,79.17888563049853,2.009677419354839,60.899315738025415,2.454838709677419,74.38905180840665
2.8010694009717554,119.22957748382281,-0.02392578125,-0.74761962890625,0.567138671875,0.3447265625,2.6129032258064515,79.17888563049853,2.0161290322580645,61.09481915933529,2.412903225806452,73.11827956989248
2.817806135979481,119.22957748382281,-0.02392578125,-0.74761962890625,0.567138671875,0.3447265625,2.629032258064516,79.6676441837732,2.0032258064516126,60.703812316715535,2.4419354838709677,73.9980449657869
2.8412382119568065,119.35305036385182,-0.02276611328125,-0.74688720703125,0.56768798828125,0.345458984375,2.6354838709677417,79.86314760508309,2.0032258064516126,60.703812316715535,2.4290322580645163,73.60703812316717
2.857861442025751,119.35305036385182,-0.02276611328125,-0.74688720703125,0.56768798828125,0.345458984375,2.616129032258064,79.27663734115346,2.0451612903225804,61.97458455522972,2.432258064516129,73.70478983382209
2.877510081976652,119.35305036385182,-0.02276611328125,-0.74688720703125,0.56768798828125,0.345458984375,2.593548387096774,78.59237536656892,1.996774193548387,60.50830889540567,2.4483870967741934,74.19354838709677
2.9012662259628996,119.41434526142179,-0.02252197265625,-0.74627685546875,0.56805419921875,0.34619140625,2.6419354838709674,80.05865102639295,1.9741935483870967,59.82404692082112,2.454838709677419,74.38905180840665
2.917389385984279,119.41434526142179,-0.02252197265625,-0.74627685546875,0.56805419921875,0.34619140625,2.6032258064516127,78.88563049853371,1.993548387096774,60.410557184750736,2.42258064516129,73.41153470185728
2.9413048919523135,119.45554021990623,-0.023193359375,-0.74676513671875,0.5670166015625,0.34686279296875,2.629032258064516,79.6676441837732,2.0,60.60606060606061,2.435483870967742,73.80254154447702
2.9576282139169052,119.45554021990623,-0.023193359375,-0.74676513671875,0.5670166015625,0.34686279296875,2.62258064516129,79.47214076246333,2.02258064516129,61.29032258064516,2.425806451612903,73.50928641251222
2.988766393973492,119.45554021990623,-0.023193359375,-0.74676513671875,0.5670166015625,0.34686279296875,2.6193548387096772,79.37438905180841,2.0387096774193547,61.779081133919846,2.435483870967742,73.80254154447702
3.0014885229757056,119.47437673508998,-0.024169921875,-0.74761962890625,0.5655517578125,0.34735107421875,2.583870967741935,78.2991202346041,2.041935483870968,61.87683284457478,2.4290322580645163,73.60703812316717
3.017800165922381,119.47437673508998,-0.024169921875,-0.74761962890625,0.5655517578125,0.34735107421875,2.648387096774193,80.25415444770283,2.0580645161290323,62.365591397849464,2.42258064516129,73.41153470185728
3.0442422929918393,119.48840563764048,-0.02435302734375,-0.7481689453125,0.56475830078125,0.34735107421875,2.654838709677419,80.4496578690127,2.0387096774193547,61.779081133919846,2.445161290322581,74.09579667644185
3.0579700019443408,119.48840563764048,-0.02435302734375,-0.7481689453125,0.56475830078125,0.34735107421875,2.6322580645161286,79.76539589442815,2.0483870967741935,62.07233626588465,2.4387096774193546,73.90029325513197
3.078041816013865,119.48840563764048,-0.02435302734375,-0.7481689453125,0.56475830078125,0.34735107421875,2.5774193548387094,78.10361681329422,2.061290322580645,62.4633431085044,2.42258064516129,73.41153470185728
3.101864584023133,119.5334983178947,-0.02362060546875,-0.74810791015625,0.56494140625,0.3472900390625,2.590322580645161,78.49462365591397,2.061290322580645,62.4633431085044,2.445161290322581,74.09579667644185
3.1181982749840245,119.5334983178947,-0.02362060546875,-0.74810791015625,0.56494140625,0.3472900390625,2.654838709677419,80.4496578690127,2.02258064516129,61.29032258064516,2.454838709677419,74.38905180840665
3.141884114011191,119.51519138818125,-0.02337646484375,-0.74774169921875,0.56549072265625,0.34710693359375,2.6032258064516127,78.88563049853371,2.0354838709677416,61.6813294232649,2.4516129032258065,74.29130009775172
3.158343150978908,119.51519138818125,-0.02337646484375,-0.74774169921875,0.56549072265625,0.34710693359375,2.6354838709677417,79.86314760508309,2.0451612903225804,61.97458455522972,2.445161290322581,74.09579667644185
3.1783783240243793,119.51519138818125,-0.02337646484375,-0.74774169921875,0.56549072265625,0.34710693359375,2.590322580645161,78.49462365591397,2.0677419354838706,62.65884652981426,2.464516129032258,74.68230694037146
3.2023379260208458,119.4724992024715,-0.02374267578125,-0.747802734375,0.5655517578125,0.346923828125,2.625806451612903,79.56989247311827,2.0806451612903225,63.049853372434015,2.425806451612903,73.50928641251222
3.2186452489113435,119.4724992024715,-0.02374267578125,-0.747802734375,0.5655517578125,0.346923828125,2.625806451612903,79.56989247311827,2.083870967741935,63.14760508308894,2.4419354838709677,73.9980449657869
3.241959403967485,119.44827582367206,-0.02423095703125,-0.748046875,0.56524658203125,0.346923828125,2.590322580645161,78.49462365591397,2.083870967741935,63.14760508308894,2.4612903225806453,74.58455522971653
3.2586700270185247,119.44827582367206,-0.02423095703125,-0.748046875,0.56524658203125,0.346923828125,2.62258064516129,79.47214076246333,2.0806451612903225,63.049853372434015,2.4741935483870967,74.97556207233626
3.278746129013598,119.44827582367206,-0.02423095703125,-0.748046875,0.56524658203125,0.346923828125,2.6451612903225805,80.1564027370479,2.1032258064516127,63.73411534701857,2.4387096774193546,73.90029325513197
3.302535488968715,119.41036997218218,-0.0247802734375,-0.74822998046875,0.5650634765625,0.34686279296875,2.6387096774193544,79.960899315738,2.009677419354839,60.899315738025415,2.458064516129032,74.48680351906158
3.3188901729881763,119.41036997218218,-0.0247802734375,-0.74822998046875,0.5650634765625,0.34686279296875,2.648387096774193,80.25415444770283,2.087096774193548,63.24535679374389,2.454838709677419,74.38905180840665
3.3421431109309196,119.36016836596832,-0.02484130859375,-0.748291015625,0.565185546875,0.34637451171875,2.680645161290322,81.23167155425219,2.009677419354839,60.899315738025415,2.454838709677419,74.38905180840665
3.3590361679671332,119.36016836596832,-0.02484130859375,-0.748291015625,0.565185546875,0.34637451171875,2.616129032258064,79.27663734115346,2.061290322580645,62.4633431085044,2.4161290322580644,73.21603128054741
3.379145549959503,119.36016836596832,-0.02484130859375,-0.748291015625,0.565185546875,0.34637451171875,2.62258064516129,79.47214076246333,2.0483870967741935,62.07233626588465,2.4483870967741934,74.19354838709677
3.4035202929517254,119.31427472606349,-0.02484130859375,-0.74798583984375,0.5657958984375,0.3460693359375,2.6064516129032254,78.98338220918865,2.051612903225806,62.17008797653958,2.42258064516129,73.41153470185728
3.4192996739875525,119.31427472606349,-0.02484130859375,-0.74798583984375,0.5657958984375,0.3460693359375,2.6419354838709674,80.05865102639295,2.0483870967741935,62.07233626588465,2.4612903225806453,74.58455522971653
3.4425872039282694,119.21849439745884,-0.0250244140625,-0.7470703125,0.56719970703125,0.345703125,2.680645161290322,81.23167155425219,2.0387096774193547,61.779081133919846,2.4741935483870967,74.97556207233626
3.4594690619269386,119.21849439745884,-0.0250244140625,-0.7470703125,0.56719970703125,0.345703125,2.6322580645161286,79.76539589442815,2.054838709677419,62.267839687194524,2.4516129032258065,74.29130009775172
3.4795144429663196,119.21849439745884,-0.0250244140625,-0.7470703125,0.56719970703125,0.345703125,2.6741935483870964,81.03616813294232,2.074193548387097,62.85434995112414,2.458064516129032,74.48680351906158
3.5027658129110932,118.95550582143908,-0.02593994140625,-0.7467041015625,0.56866455078125,0.34393310546875,2.6419354838709674,80.05865102639295,2.0999999999999996,63.636363636363626,2.5161290322580645,76.24633431085044
3.5196244380204007,118.95550582143908,-0.02593994140625,-0.7467041015625,0.56866455078125,0.34393310546875,2.5774193548387094,78.10361681329422,2.083870967741935,63.14760508308894,2.4741935483870967,74.97556207233626
3.5434491590131074,118.4379951576245,-0.028076171875,-0.7462158203125,0.5712890625,0.340576171875,2.654838709677419,80.4496578690127,2.061290322580645,62.4633431085044,2.464516129032258,74.68230694037146
3.559841954964213,118.4379951576245,-0.028076171875,-0.7462158203125,0.5712890625,0.340576171875,2.661290322580645,80.64516129032258,2.074193548387097,62.85434995112414,2.490322580645161,75.46432062561095
3.5799714329186827,118.4379951576245,-0.028076171875,-0.7462158203125,0.5712890625,0.340576171875,2.654838709677419,80.4496578690127,2.0903225806451613,63.34310850439883,2.4741935483870967,74.97556207233626
3.6028507029404864,117.63097824851282,-0.0316162109375,-0.74560546875,0.57501220703125,0.33538818359375,2.6387096774193544,79.960899315738,2.1032258064516127,63.73411534701857,2.4516129032258065,74.29130009775172
3.620015282998793,117.63097824851282,-0.0316162109375,-0.74560546875,0.57501220703125,0.33538818359375,2.648387096774193,80.25415444770283,2.1129032258064515,64.02737047898339,2.464516129032258,74.68230694037146
3.6431564759695902,116.53598328431366,-0.03656005859375,-0.74468994140625,0.579833984375,0.32843017578125,2.6322580645161286,79.76539589442815,2.125806451612903,64.41837732160313,2.4516129032258065,74.29130009775172
3.6601462709950283,116.53598328431366,-0.03656005859375,-0.74468994140625,0.579833984375,0.32843017578125,2.6032258064516127,78.88563049853371,2.158064516129032,65.39589442815249,2.425806451612903,73.50928641251222
3.680210596998222,116.53598328431366,-0.03656005859375,-0.74468994140625,0.579833984375,0.32843017578125,2.6193548387096772,79.37438905180841,2.083870967741935,63.14760508308894,2.5,75.75757575757575
3.7033923019189388,115.07217690523447,-0.04302978515625,-0.74273681640625,0.58697509765625,0.31927490234375,2.6193548387096772,79.37438905180841,2.074193548387097,62.85434995112414,2.42258064516129,73.41153470185728
3.7203486239304766,115.07217690523447,-0.04302978515625,-0.74273681640625,0.58697509765625,0.31927490234375,2.5774193548387094,78.10361681329422,2.009677419354839,60.899315738025415,2.458064516129032,74.48680351906158
3.7434367280220613,113.36134690704588,-0.0496826171875,-0.7388916015625,0.5970458984375,0.3084716796875,2.6419354838709674,80.05865102639295,2.0161290322580645,61.09481915933529,2.4612903225806453,74.58455522971653
3.7604746830184013,113.36134690704588,-0.0496826171875,-0.7388916015625,0.5970458984375,0.3084716796875,2.6354838709677417,79.86314760508309,2.041935483870968,61.87683284457478,2.4483870967741934,74.19354838709677
3.7805552650243044,113.36134690704588,-0.0496826171875,-0.7388916015625,0.5970458984375,0.3084716796875,2.590322580645161,78.49462365591397,2.051612903225806,62.17008797653958,2.4516129032258065,74.29130009775172
3.8036558179883286,111.62709750568905,-0.05731201171875,-0.73443603515625,0.60693359375,0.29827880859375,2.62258064516129,79.47214076246333,2.061290322580645,62.4633431085044,2.4161290322580644,73.21603128054741
3.820670348010026,111.62709750568905,-0.05731201171875,-0.73443603515625,0.60693359375,0.29827880859375,2.616129032258064,79.27663734115346,2.051612903225806,62.17008797653958,2.454838709677419,74.38905180840665
3.84396351093892,109.7925888035985,-0.06597900390625,-0.72998046875,0.61651611328125,0.28765869140625,2.6064516129032254,78.98338220918865,2.02258064516129,61.29032258064516,2.4,72.72727272727273
3.860895097022876,109.7925888035985,-0.06597900390625,-0.72998046875,0.61651611328125,0.28765869140625,2.6193548387096772,79.37438905180841,2.029032258064516,61.48582600195503,2.412903225806452,73.11827956989248
3.8809215339133516,109.7925888035985,-0.06597900390625,-0.72998046875,0.61651611328125,0.28765869140625,2.629032258064516,79.6676441837732,2.0,60.60606060606061,2.435483870967742,73.80254154447702
3.9039646779419854,107.62066914226304,-0.07611083984375,-0.72576904296875,0.6263427734375,0.27423095703125,2.616129032258064,79.27663734115346,2.0,60.60606060606061,2.403225806451613,72.82502443792767
3.9211468580178916,107.62066914226304,-0.07611083984375,-0.72576904296875,0.6263427734375,0.27423095703125,2.5774193548387094,78.10361681329422,2.0064516129032257,60.80156402737048,2.4419354838709677,73.9980449657869
3.9449476749869063,105.33558089573246,-0.08636474609375,-0.72027587890625,0.6373291015625,0.260009765625,2.590322580645161,78.49462365591397,1.9838709677419355,60.117302052785924,2.435483870967742,73.80254154447702
3.9612375569995493,105.33558089573246,-0.08636474609375,-0.72027587890625,0.6373291015625,0.260009765625,2.5709677419354837,77.90811339198436,2.029032258064516,61.48582600195503,2.3741935483870966,71.94525904203324
3.9812966670142487,105.33558089573246,-0.08636474609375,-0.72027587890625,0.6373291015625,0.260009765625,2.583870967741935,78.2991202346041,2.032258064516129,61.58357771260997,2.3774193548387097,72.04301075268818
4.004304865957238,102.9940664836899,-0.09765625,-0.713134765625,0.64898681640625,0.24652099609375,2.5741935483870964,78.00586510263928,2.0354838709677416,61.6813294232649,2.3967741935483873,72.6295210166178
4.021432870998979,102.9940664836899,-0.09765625,-0.713134765625,0.64898681640625,0.24652099609375,2.5806451612903225,78.20136852394917,2.0129032258064514,60.997067448680355,2.412903225806452,73.11827956989248
4.044714162009768,100.26518572034016,-0.11138916015625,-0.70623779296875,0.66015625,0.23028564453125,2.5677419354838706,77.81036168132943,2.032258064516129,61.58357771260997,2.4193548387096775,73.31378299120234
4.06160849891603,100.26518572034016,-0.11138916015625,-0.70623779296875,0.66015625,0.23028564453125,2.5387096774193547,76.93059628543499,2.0387096774193547,61.779081133919846,2.3741935483870966,71.94525904203324
4.084413912962191,97.26960832846925,-0.128662109375,-0.70263671875,0.6668701171875,0.212158203125,2.62258064516129,79.47214076246333,2.0387096774193547,61.779081133919846,2.4096774193548387,73.02052785923753
4.101728735025972,97.26960832846925,-0.128662109375,-0.70263671875,0.6668701171875,0.212158203125,2.5774193548387094,78.10361681329422,2.009677419354839,60.899315738025415,2.4096774193548387,73.02052785923753
4.121787493000738,97.26960832846925,-0.128662109375,-0.70263671875,0.6668701171875,0.212158203125,2.583870967741935,78.2991202346041,2.087096774193548,63.24535679374389,2.393548387096774,72.53176930596285
4.145532405003905,94.07226358530649,-0.1485595703125,-0.700927734375,0.67041015625,0.1927490234375,2.564516129032258,77.71260997067448,2.0774193548387094,62.95210166177908,2.42258064516129,73.41153470185728
4.161968945991248,94.07226358530649,-0.1485595703125,-0.700927734375,0.67041015625,0.1927490234375,2.62258064516129,79.47214076246333,2.0774193548387094,62.95210166177908,2.3806451612903228,72.14076246334312
4.182018039980903,94.07226358530649,-0.1485595703125,-0.700927734375,0.67041015625,0.1927490234375,2.629032258064516,79.6676441837732,2.061290322580645,62.4633431085044,2.3870967741935485,72.33626588465299
4.2054221800062805,90.72040244814004,-0.16876220703125,-0.69927978515625,0.67315673828125,0.17144775390625,2.5999999999999996,78.78787878787878,2.074193548387097,62.85434995112414,2.358064516129032,71.45650048875855
4.222197860013694,90.72040244814004,-0.16876220703125,-0.69927978515625,0.67315673828125,0.17144775390625,2.629032258064516,79.6676441837732,2.061290322580645,62.4633431085044,2.390322580645161,72.43401759530792
4.246057557989843,87.0719481993022,-0.18817138671875,-0.6951904296875,0.67803955078125,0.14678955078125,2.590322580645161,78.49462365591397,2.096774193548387,63.5386119257087,2.4161290322580644,73.21603128054741
4.262281711911783,87.0719481993022,-0.18817138671875,-0.6951904296875,0.67803955078125,0.14678955078125,2.590322580645161,78.49462365591397,2.106451612903226,63.831867057673506,2.370967741935484,71.8475073313783
4.296293333987705,83.51525064426806,-0.205322265625,-0.68902587890625,0.68426513671875,0.1219482421875,2.587096774193548,78.39687194525904,2.0806451612903225,63.049853372434015,2.3967741935483873,72.6295210166178
4.312017033924349,83.51525064426806,-0.205322265625,-0.68902587890625,0.68426513671875,0.1219482421875,2.525806451612903,76.53958944281524,2.1032258064516127,63.73411534701857,2.361290322580645,71.5542521994135
4.3267276029801,83.51525064426806,-0.205322265625,-0.68902587890625,0.68426513671875,0.1219482421875,2.616129032258064,79.27663734115346,2.074193548387097,62.85434995112414,2.367741935483871,71.74975562072336
4.346218258026056,79.87958756869136,-0.221923828125,-0.6795654296875,0.6925048828125,0.09686279296875,2.596774193548387,78.69012707722385,2.1193548387096772,64.22287390029325,2.3741935483870966,71.94525904203324
4.362751535954885,79.87958756869136,-0.221923828125,-0.6795654296875,0.6925048828125,0.09686279296875,2.5774193548387094,78.10361681329422,2.061290322580645,62.4633431085044,2.3741935483870966,71.94525904203324
4.384720330941491,76.56803194485265,-0.2379150390625,-0.67193603515625,0.69744873046875,0.0740966796875,2.5774193548387094,78.10361681329422,2.087096774193548,63.24535679374389,2.370967741935484,71.8475073313783
4.402931579970755,76.56803194485265,-0.2379150390625,-0.67193603515625,0.69744873046875,0.0740966796875,2.6032258064516127,78.88563049853371,2.106451612903226,63.831867057673506,2.3419354838709676,70.96774193548387
4.42530102096498,76.56803194485265,-0.2379150390625,-0.67193603515625,0.69744873046875,0.0740966796875,2.593548387096774,78.59237536656892,2.0677419354838706,62.65884652981426,2.338709677419355,70.86999022482894
4.447275320999324,72.83283618037333,-0.256591796875,-0.66436767578125,0.7003173828125,0.04833984375,2.5806451612903225,78.20136852394917,2.096774193548387,63.5386119257087,2.3967741935483873,72.6295210166178
4.4631845590192825,72.83283618037333,-0.256591796875,-0.66436767578125,0.7003173828125,0.04833984375,2.564516129032258,77.71260997067448,2.1096774193548384,63.929618768328446,2.3193548387096774,70.28347996089931
4.486149589996785,69.29832813588759,-0.2742919921875,-0.656982421875,0.70184326171875,0.02398681640625,2.593548387096774,78.59237536656892,2.1129032258064515,64.02737047898339,2.3645161290322583,71.65200391006844
4.5034011480165645,69.29832813588759,-0.2742919921875,-0.656982421875,0.70184326171875,0.02398681640625,2.590322580645161,78.49462365591397,2.106451612903226,63.831867057673506,2.370967741935484,71.8475073313783
4.523416962008923,69.29832813588759,-0.2742919921875,-0.656982421875,0.70184326171875,0.02398681640625,2.625806451612903,79.56989247311827,2.138709677419355,64.80938416422288,2.3193548387096774,70.28347996089931
4.869032123940997,65.99815052930339,-0.29193115234375,-0.6475830078125,0.703857421875,0.00323486328125,2.5999999999999996,78.78787878787878,2.1548387096774193,65.29814271749756,2.3419354838709676,70.96774193548387
4.8693032949231565,65.99815052930339,-0.29193115234375,-0.6475830078125,0.703857421875,0.00323486328125,2.587096774193548,78.39687194525904,2.170967741935484,65.78690127077223,2.335483870967742,70.772238514174
4.8894693499896675,62.51380073016014,0.31146240234375,0.638671875,-0.703369140625,0.018310546875,2.6096774193548384,79.0811339198436,2.2161290322580642,67.15542521994135,2.3129032258064517,70.08797653958945
4.909552588011138,62.51380073016014,0.31146240234375,0.638671875,-0.703369140625,0.018310546875,2.6677419354838707,80.84066471163244,2.1645161290322577,65.59139784946235,2.296774193548387,69.59921798631477
4.929612369975075,62.51380073016014,0.31146240234375,0.638671875,-0.703369140625,0.018310546875,2.590322580645161,78.49462365591397,2.1774193548387095,65.98240469208211,2.3161290322580648,70.1857282502444
4.949716088944115,59.121786050309424,0.33056640625,0.63134765625,-0.70037841796875,0.03973388671875,2.616129032258064,79.27663734115346,2.2419354838709675,67.93743890518084,2.3225806451612905,70.38123167155426
4.969708541990258,59.121786050309424,0.33056640625,0.63134765625,-0.70037841796875,0.03973388671875,2.6322580645161286,79.76539589442815,2.24516129032258,68.03519061583576,2.293548387096774,69.50146627565982
4.989809187944047,56.091349486232986,0.348876953125,0.62335205078125,-0.69744873046875,0.05712890625,2.587096774193548,78.39687194525904,2.2419354838709675,67.93743890518084,2.358064516129032,71.45650048875855
5.009875978925265,56.091349486232986,0.348876953125,0.62335205078125,-0.69744873046875,0.05712890625,2.62258064516129,79.47214076246333,2.2806451612903227,69.11045943304008,2.3225806451612905,70.38123167155426
5.029931024997495,56.091349486232986,0.348876953125,0.62335205078125,-0.69744873046875,0.05712890625,2.6645161290322577,80.74291300097751,2.2677419354838713,68.71945259042035,2.361290322580645,71.5542521994135
5.049990774947219,53.43697395237744,0.36688232421875,0.61602783203125,-0.6934814453125,0.07049560546875,2.629032258064516,79.6676441837732,2.2903225806451615,69.40371456500489,2.367741935483871,71.74975562072336
5.070052093011327,53.43697395237744,0.36688232421875,0.61602783203125,-0.6934814453125,0.07049560546875,2.6516129032258062,80.35190615835776,2.306451612903226,69.89247311827957,2.3774193548387097,72.04301075268818
5.090115395956673,50.926181637704715,0.38519287109375,0.60992431640625,-0.6876220703125,0.08245849609375,2.6774193548387095,81.13391984359725,2.3451612903225807,71.0654936461388,2.393548387096774,72.53176930596285
5.11015831399709,50.926181637704715,0.38519287109375,0.60992431640625,-0.6876220703125,0.08245849609375,2.629032258064516,79.6676441837732,2.3838709677419354,72.23851417399804,2.370967741935484,71.8475073313783
5.130215056007728,50.926181637704715,0.38519287109375,0.60992431640625,-0.6876220703125,0.08245849609375,2.6032258064516127,78.88563049853371,2.4096774193548387,73.02052785923753,2.3774193548387097,72.04301075268818
5.150312438956462,48.59338848641439,0.4027099609375,0.60479736328125,-0.6806640625,0.09356689453125,2.6677419354838707,80.84066471163244,2.3967741935483873,72.6295210166178,2.4064516129032256,72.9227761485826
5.170352444984019,48.59338848641439,0.4027099609375,0.60479736328125,-0.6806640625,0.09356689453125,2.6774193548387095,81.13391984359725,2.3838709677419354,72.23851417399804,2.412903225806452,73.11827956989248
5.190413314965554,46.39418172702256,0.4202880859375,0.599365234375,-0.67340087890625,0.1031494140625,2.6516129032258062,80.35190615835776,2.403225806451613,72.82502443792767,2.4064516129032256,72.9227761485826
5.210516105988063,46.39418172702256,0.4202880859375,0.599365234375,-0.67340087890625,0.1031494140625,2.6322580645161286,79.76539589442815,2.4161290322580644,73.21603128054741,2.4419354838709677,73.9980449657869
5.230548047926277,46.39418172702256,0.4202880859375,0.599365234375,-0.67340087890625,0.1031494140625,2.6032258064516127,78.88563049853371,2.4161290322580644,73.21603128054741,2.454838709677419,74.38905180840665
5.250610294984654,44.096899751873714,0.4378662109375,0.591796875,-0.66729736328125,0.113037109375,2.6516129032258062,80.35190615835776,2.4161290322580644,73.21603128054741,2.390322580645161,72.43401759530792
5.270678589004092,44.096899751873714,0.4378662109375,0.591796875,-0.66729736328125,0.113037109375,2.6516129032258062,80.35190615835776,2.432258064516129,73.70478983382209,2.358064516129032,71.45650048875855
5.2908062760252506,41.76231237716452,0.45477294921875,0.58416748046875,-0.66070556640625,0.12408447265625,2.6032258064516127,78.88563049853371,2.42258064516129,73.41153470185728,2.3419354838709676,70.96774193548387
5.310862377984449,41.76231237716452,0.45477294921875,0.58416748046875,-0.66070556640625,0.12408447265625,2.680645161290322,81.23167155425219,2.370967741935484,71.8475073313783,2.370967741935484,71.8475073313783
5.330943344975822,41.76231237716452,0.45477294921875,0.58416748046875,-0.66070556640625,0.12408447265625,2.6741935483870964,81.03616813294232,2.4741935483870967,74.97556207233626,2.3741935483870966,71.94525904203324
5.351058519911021,39.634384205140975,0.47015380859375,0.578857421875,-0.65234375,0.1353759765625,2.680645161290322,81.23167155425219,2.432258064516129,73.70478983382209,2.403225806451613,72.82502443792767
5.371052701026201,39.634384205140975,0.47015380859375,0.578857421875,-0.65234375,0.1353759765625,2.6677419354838707,80.84066471163244,2.4483870967741934,74.19354838709677,2.3451612903225807,71.0654936461388
5.3911705639911816,37.13648596572136,0.48602294921875,0.570068359375,-0.64544677734375,0.14892578125,2.6645161290322577,80.74291300097751,2.393548387096774,72.53176930596285,2.358064516129032,71.45650048875855
5.411228042910807,37.13648596572136,0.48602294921875,0.570068359375,-0.64544677734375,0.14892578125,2.6032258064516127,78.88563049853371,2.435483870967742,73.80254154447702,2.370967741935484,71.8475073313783
5.431297073024325,37.13648596572136,0.48602294921875,0.570068359375,-0.64544677734375,0.14892578125,2.6354838709677417,79.86314760508309,2.435483870967742,73.80254154447702,2.3967741935483873,72.6295210166178
5.451400791993365,34.45255510564052,0.5028076171875,0.55548095703125,-0.64251708984375,0.16064453125,2.6419354838709674,80.05865102639295,2.445161290322581,74.09579667644185,2.3870967741935485,72.33626588465299
5.471447582007386,34.45255510564052,0.5028076171875,0.55548095703125,-0.64251708984375,0.16064453125,2.6354838709677417,79.86314760508309,2.4161290322580644,73.21603128054741,2.412903225806452,73.11827956989248
5.49155245302245,32.23896702851218,0.51806640625,0.5394287109375,-0.6424560546875,0.1669921875,2.6677419354838707,80.84066471163244,2.3967741935483873,72.6295210166178,2.370967741935484,71.8475073313783
5.511620971024968,32.23896702851218,0.51806640625,0.5394287109375,-0.6424560546875,0.1669921875,2.629032258064516,79.6676441837732,2.4387096774193546,73.90029325513197,2.4064516129032256,72.9227761485826
5.531698577920906,32.23896702851218,0.51806640625,0.5394287109375,-0.6424560546875,0.1669921875,2.6451612903225805,80.1564027370479,2.425806451612903,73.50928641251222,2.435483870967742,73.80254154447702
5.551783928996883,30.386214583799983,0.5308837890625,0.52850341796875,-0.63922119140625,0.17401123046875,2.6419354838709674,80.05865102639295,2.4741935483870967,74.97556207233626,2.412903225806452,73.11827956989248
5.5718174709472805,30.386214583799983,0.5308837890625,0.52850341796875,-0.63922119140625,0.17401123046875,2.6322580645161286,79.76539589442815,2.4741935483870967,74.97556207233626,2.412903225806452,73.11827956989248
5.598658642964438,28.573183593251827,0.54144287109375,0.520263671875,-0.6343994140625,0.18377685546875,2.6741935483870964,81.03616813294232,2.5129032258064514,76.1485826001955,2.3741935483870966,71.94525904203324
5.611980748013593,28.573183593251827,0.54144287109375,0.520263671875,-0.6343994140625,0.18377685546875,2.6645161290322577,80.74291300097751,2.4709677419354836,74.87781036168133,2.4,72.72727272727273
5.6320316339842975,28.573183593251827,0.54144287109375,0.520263671875,-0.6343994140625,0.18377685546875,2.680645161290322,81.23167155425219,2.4483870967741934,74.19354838709677,2.3967741935483873,72.6295210166178
5.652125529013574,27.126167888814393,0.54931640625,0.51202392578125,-0.6322021484375,0.19085693359375,2.658064516129032,80.54740957966764,2.4774193548387093,75.07331378299119,2.4064516129032256,72.9227761485826
5.672176094958559,27.126167888814393,0.54931640625,0.51202392578125,-0.6322021484375,0.19085693359375,2.6838709677419352,81.32942326490713,2.4774193548387093,75.07331378299119,2.3967741935483873,72.6295210166178
5.692203012993559,26.174749820903926,0.55596923828125,0.50360107421875,-0.632568359375,0.19268798828125,2.6774193548387095,81.13391984359725,2.5387096774193547,76.93059628543499,2.4,72.72727272727273
5.712317356024869,26.174749820903926,0.55596923828125,0.50360107421875,-0.632568359375,0.19268798828125,2.6967741935483867,81.72043010752688,2.490322580645161,75.46432062561095,2.412903225806452,73.11827956989248
5.732360849971883,26.174749820903926,0.55596923828125,0.50360107421875,-0.632568359375,0.19268798828125,2.654838709677419,80.4496578690127,2.5161290322580645,76.24633431085044,2.3967741935483873,72.6295210166178
5.752437495975755,25.495049767055278,0.5615234375,0.49700927734375,-0.6326904296875,0.1932373046875,2.719354838709677,82.40469208211142,2.5387096774193547,76.93059628543499,2.412903225806452,73.11827956989248
5.772485054912977,25.495049767055278,0.5615234375,0.49700927734375,-0.6326904296875,0.1932373046875,2.7064516129032254,82.01368523949168,2.525806451612903,76.53958944281524,2.412903225806452,73.11827956989248
5.792557668988593,24.95691280384783,0.5655517578125,0.4931640625,-0.63165283203125,0.19482421875,2.690322580645161,81.524926686217,2.5774193548387094,78.10361681329422,2.3806451612903228,72.14076246334312
5.812639851938002,24.95691280384783,0.5655517578125,0.4931640625,-0.63165283203125,0.19482421875,2.6838709677419352,81.32942326490713,2.5387096774193547,76.93059628543499,2.370967741935484,71.8475073313783
5.832678130012937,24.95691280384783,0.5655517578125,0.4931640625,-0.63165283203125,0.19482421875,2.6677419354838707,80.84066471163244,2.5387096774193547,76.93059628543499,2.4419354838709677,73.9980449657869
5.852743319934234,24.565578543864447,0.56829833984375,0.49078369140625,-0.630615234375,0.19635009765625,2.6967741935483867,81.72043010752688,2.5161290322580645,76.24633431085044,2.4161290322580644,73.21603128054741
5.872808318934403,24.565578543864447,0.56829833984375,0.49078369140625,-0.630615234375,0.19635009765625,2.7516129032258063,83.38220918866081,2.5419354838709673,77.02834799608992,2.4483870967741934,74.19354838709677
5.892904612934217,24.33553727414275,0.57049560546875,0.48876953125,-0.630126953125,0.19659423828125,2.6999999999999997,81.81818181818181,2.596774193548387,78.69012707722385,2.42258064516129,73.41153470185728
5.912955179926939,24.33553727414275,0.57049560546875,0.48876953125,-0.630126953125,0.19659423828125,2.6838709677419352,81.32942326490713,2.551612903225806,77.32160312805473,2.4161290322580644,73.21603128054741
5.933003825950436,24.33553727414275,0.57049560546875,0.48876953125,-0.630126953125,0.19659423828125,2.6838709677419352,81.32942326490713,2.5451612903225804,77.12609970674487,2.412903225806452,73.11827956989248
5.953108632937074,24.25010390049428,0.572509765625,0.4871826171875,-0.62982177734375,0.19561767578125,2.6741935483870964,81.03616813294232,2.5419354838709673,77.02834799608992,2.4612903225806453,74.58455522971653
5.973185310955159,24.25010390049428,0.572509765625,0.4871826171875,-0.62982177734375,0.19561767578125,2.72258064516129,82.50244379276637,2.558064516129032,77.5171065493646,2.4161290322580644,73.21603128054741
5.993236516951583,24.34535191656383,0.57354736328125,0.4869384765625,-0.6295166015625,0.19403076171875,2.719354838709677,82.40469208211142,2.5483870967741935,77.2238514173998,2.4096774193548387,73.02052785923753
6.013323243940249,24.34535191656383,0.57354736328125,0.4869384765625,-0.6295166015625,0.19403076171875,2.687096774193548,81.42717497556205,2.532258064516129,76.73509286412512,2.4290322580645163,73.60703812316717
6.033342705923133,24.34535191656383,0.57354736328125,0.4869384765625,-0.6295166015625,0.19403076171875,2.7322580645161287,82.79569892473117,2.551612903225806,77.32160312805473,2.4193548387096775,73.31378299120234
6.053413401008584,24.48147068738855,0.5738525390625,0.4873046875,-0.62939453125,0.192626953125,2.6838709677419352,81.32942326490713,2.5451612903225804,77.12609970674487,2.4419354838709677,73.9980449657869
6.073474240023643,24.48147068738855,0.5738525390625,0.4873046875,-0.62939453125,0.192626953125,2.719354838709677,82.40469208211142,2.5483870967741935,77.2238514173998,2.425806451612903,73.50928641251222
6.093565542949364,24.6359202324319,0.5732421875,0.48822021484375,-0.62945556640625,0.19183349609375,2.6838709677419352,81.32942326490713,2.5483870967741935,77.2238514173998,2.435483870967742,73.80254154447702
6.113608300918713,24.6359202324319,0.5732421875,0.48822021484375,-0.62945556640625,0.19183349609375,2.7064516129032254,82.01368523949168,2.5419354838709673,77.02834799608992,2.4483870967741934,74.19354838709677
6.133709972025827,24.6359202324319,0.5732421875,0.48822021484375,-0.62945556640625,0.19183349609375,2.7322580645161287,82.79569892473117,2.5677419354838706,77.81036168132943,2.435483870967742,73.80254154447702
6.153780762921087,24.763716342195877,0.57196044921875,0.48968505859375,-0.62945556640625,0.19195556640625,2.7096774193548385,82.11143695014663,2.558064516129032,77.5171065493646,2.4096774193548387,73.02052785923753
6.173809409025125,24.763716342195877,0.57196044921875,0.48968505859375,-0.62945556640625,0.19195556640625,2.6999999999999997,81.81818181818181,2.5032258064516126,75.8553274682307,2.445161290322581,74.09579667644185
6.1938822160009295,25.110064233781998,0.57037353515625,0.4921875,-0.62939453125,0.19049072265625,2.680645161290322,81.23167155425219,2.5387096774193547,76.93059628543499,2.425806451612903,73.50928641251222
6.213951054960489,25.110064233781998,0.57037353515625,0.4921875,-0.62939453125,0.19049072265625,2.658064516129032,80.54740957966764,2.464516129032258,74.68230694037146,2.445161290322581,74.09579667644185
6.234028981998563,25.110064233781998,0.57037353515625,0.4921875,-0.62939453125,0.19049072265625,2.6677419354838707,80.84066471163244,2.458064516129032,74.48680351906158,2.390322580645161,72.43401759530792
6.254083612933755,26.28977269513279,0.56622314453125,0.5,-0.62872314453125,0.1845703125,2.6193548387096772,79.37438905180841,2.4064516129032256,72.9227761485826,2.42258064516129,73.41153470185728
6.274141602916643,26.28977269513279,0.56622314453125,0.5,-0.62872314453125,0.1845703125,2.629032258064516,79.6676441837732,2.367741935483871,71.74975562072336,2.4290322580645163,73.60703812316717
6.294213610002771,28.334346930734462,0.55706787109375,0.514404296875,-0.6279296875,0.175537109375,2.5806451612903225,78.20136852394917,2.370967741935484,71.8475073313783,2.454838709677419,74.38905180840665
6.314275056938641,28.334346930734462,0.55706787109375,0.514404296875,-0.6279296875,0.175537109375,2.6032258064516127,78.88563049853371,2.3000000000000003,69.69696969696972,2.4290322580645163,73.60703812316717
6.334485528990626,28.334346930734462,0.55706787109375,0.514404296875,-0.6279296875,0.175537109375,2.6032258064516127,78.88563049853371,2.2290322580645157,67.54643206256108,2.4096774193548387,73.02052785923753
6.354421854019165,30.87207664940472,0.54345703125,0.5316162109375,-0.62835693359375,0.1649169921875,2.5741935483870964,78.00586510263928,2.1645161290322577,65.59139784946235,2.403225806451613,72.82502443792767
6.37446685298346,30.87207664940472,0.54345703125,0.5316162109375,-0.62835693359375,0.1649169921875,2.6032258064516127,78.88563049853371,2.161290322580645,65.49364613880742,2.3967741935483873,72.6295210166178
6.39455015596468,34.0840636404759,0.5260009765625,0.550048828125,-0.63128662109375,0.149169921875,2.5774193548387094,78.10361681329422,2.1419354838709674,64.90713587487781,2.358064516129032,71.45650048875855
6.414601105963811,34.0840636404759,0.5260009765625,0.550048828125,-0.63128662109375,0.149169921875,2.590322580645161,78.49462365591397,2.1677419354838707,65.6891495601173,2.393548387096774,72.53176930596285
6.43465362500865,34.0840636404759,0.5260009765625,0.550048828125,-0.63128662109375,0.149169921875,2.587096774193548,78.39687194525904,2.1322580645161286,64.61388074291298,2.3870967741935485,72.33626588465299
6.454759103944525,37.90160322762796,0.5054931640625,0.5689697265625,-0.6357421875,0.12860107421875,2.5677419354838706,77.81036168132943,2.0774193548387094,62.95210166177908,2.3838709677419354,72.23851417399804
6.474788037943654,37.90160322762796,0.5054931640625,0.5689697265625,-0.6357421875,0.12860107421875,2.5741935483870964,78.00586510263928,2.019354838709677,61.19257086999021,2.3967741935483873,72.6295210166178
6.494864780921489,42.25442526439115,0.48284912109375,0.58489990234375,-0.643798828125,0.10125732421875,2.551612903225806,77.32160312805473,2.0032258064516126,60.703812316715535,2.4096774193548387,73.02052785923753
6.514923379989341,42.25442526439115,0.48284912109375,0.58489990234375,-0.643798828125,0.10125732421875,2.561290322580645,77.61485826001955,1.9903225806451612,60.312805474095796,2.370967741935484,71.8475073313783
6.534982618992217,42.25442526439115,0.48284912109375,0.58489990234375,-0.643798828125,0.10125732421875,2.5387096774193547,76.93059628543499,1.9548387096774194,59.2375366568915,2.403225806451613,72.82502443792767
6.555086305947043,46.55296181905356,0.45751953125,0.6007080078125,-0.651123046875,0.07647705078125,2.529032258064516,76.63734115347019,1.903225806451613,57.67350928641252,2.4096774193548387,73.02052785923753
6.5751138320192695,46.55296181905356,0.45751953125,0.6007080078125,-0.651123046875,0.07647705078125,2.551612903225806,77.32160312805473,1.8354838709677417,55.62072336265884,2.393548387096774,72.53176930596285
6.595194350928068,50.719731673143066,0.4310302734375,0.6141357421875,-0.658935546875,0.052978515625,2.5419354838709673,77.02834799608992,1.8161290322580643,55.034213098729225,2.370967741935484,71.8475073313783
6.615290805930272,50.719731673143066,0.4310302734375,0.6141357421875,-0.658935546875,0.052978515625,2.4741935483870967,74.97556207233626,1.7806451612903225,53.95894428152492,2.42258064516129,73.41153470185728
6.635344348964281,50.719731673143066,0.4310302734375,0.6141357421875,-0.658935546875,0.052978515625,2.5129032258064514,76.1485826001955,1.8064516129032258,54.74095796676443,2.3967741935483873,72.6295210166178
6.655420579947531,55.00521487087344,0.40362548828125,0.6258544921875,-0.66680908203125,0.02813720703125,2.5483870967741935,77.2238514173998,1.8032258064516127,54.64320625610948,2.393548387096774,72.53176930596285
6.67545658594463,55.00521487087344,0.40362548828125,0.6258544921875,-0.66680908203125,0.02813720703125,2.558064516129032,77.5171065493646,1.8161290322580643,55.034213098729225,2.403225806451613,72.82502443792767
6.6955207529244944,59.362589196987514,0.37457275390625,0.6370849609375,-0.6737060546875,0.00384521484375,2.5451612903225804,77.12609970674487,1.8419354838709676,55.816226783968716,2.370967741935484,71.8475073313783
6.715581142925657,59.362589196987514,0.37457275390625,0.6370849609375,-0.6737060546875,0.00384521484375,2.519354838709677,76.34408602150538,1.8096774193548386,54.83870967741935,2.4290322580645163,73.60703812316717
6.73565190192312,59.362589196987514,0.37457275390625,0.6370849609375,-0.6737060546875,0.00384521484375,2.5387096774193547,76.93059628543499,1.7903225806451613,54.25219941348974,2.3838709677419354,72.23851417399804
6.755741380969994,63.63124409703771,-0.34478759765625,-0.64898681640625,0.677978515625,0.01800537109375,2.5387096774193547,76.93059628543499,1.7741935483870968,53.76344086021506,2.4419354838709677,73.9980449657869
6.775850283913314,63.63124409703771,-0.34478759765625,-0.64898681640625,0.677978515625,0.01800537109375,2.551612903225806,77.32160312805473,1.7064516129032257,51.71065493646139,2.4193548387096775,73.31378299120234
6.795868018991314,67.78075286961516,-0.3153076171875,-0.6600341796875,0.6807861328125,0.03875732421875,2.5387096774193547,76.93059628543499,1.696774193548387,51.417399804496576,2.4,72.72727272727273
6.815947545925155,67.78075286961516,-0.3153076171875,-0.6600341796875,0.6807861328125,0.03875732421875,2.529032258064516,76.63734115347019,1.6709677419354838,50.635386119257085,2.4193548387096775,73.31378299120234
6.835981055977754,67.78075286961516,-0.3153076171875,-0.6600341796875,0.6807861328125,0.03875732421875,2.558064516129032,77.5171065493646,1.6258064516129032,49.266862170087975,2.425806451612903,73.50928641251222
6.856044839019887,71.85858463639339,-0.28668212890625,-0.669921875,0.6822509765625,0.0595703125,2.5774193548387094,78.10361681329422,1.596774193548387,48.38709677419355,2.42258064516129,73.41153470185728
6.876347183948383,71.85858463639339,-0.28668212890625,-0.669921875,0.6822509765625,0.0595703125,2.532258064516129,76.73509286412512,1.593548387096774,48.289345063538605,2.467741935483871,74.7800586510264
6.896176915965043,75.75545244660961,-0.259521484375,-0.6785888671875,0.6824951171875,0.0797119140625,2.5741935483870964,78.00586510263928,1.5451612903225804,46.82306940371456,2.435483870967742,73.80254154447702
6.9162574670044705,75.75545244660961,-0.259521484375,-0.6785888671875,0.6824951171875,0.0797119140625,2.5774193548387094,78.10361681329422,1.5677419354838709,47.507331378299114,2.454838709677419,74.38905180840665
6.936310241930187,75.75545244660961,-0.259521484375,-0.6785888671875,0.6824951171875,0.0797119140625,2.590322580645161,78.49462365591397,1.5451612903225804,46.82306940371456,2.4419354838709677,73.9980449657869
6.956400200957432,79.45815321330052,-0.23431396484375,-0.68646240234375,0.68115234375,0.0992431640625,2.564516129032258,77.71260997067448,1.5354838709677419,46.52981427174975,2.4419354838709677,73.9980449657869
6.976430638926104,79.45815321330052,-0.23431396484375,-0.68646240234375,0.68115234375,0.0992431640625,2.6032258064516127,78.88563049853371,1.5096774193548386,45.74780058651026,2.3838709677419354,72.23851417399804
6.996534390025772,82.96286061305302,-0.2105712890625,-0.69415283203125,0.67822265625,0.11749267578125,2.62258064516129,79.47214076246333,1.4709677419354839,44.57478005865102,2.4419354838709677,73.9980449657869
7.01656662102323,82.96286061305302,-0.2105712890625,-0.69415283203125,0.67822265625,0.11749267578125,2.590322580645161,78.49462365591397,1.4580645161290322,44.18377321603128,2.412903225806452,73.11827956989248
7.036606434965506,82.96286061305302,-0.2105712890625,-0.69415283203125,0.67822265625,0.11749267578125,2.5999999999999996,78.78787878787878,1.493548387096774,45.25904203323558,2.4064516129032256,72.9227761485826
7.07049658591859,86.24360621135394,-0.1885986328125,-0.70159912109375,0.67388916015625,0.13446044921875,2.5774193548387094,78.10361681329422,1.4548387096774194,44.086021505376344,2.4,72.72727272727273
7.0767512819729745,86.24360621135394,-0.1885986328125,-0.70159912109375,0.67388916015625,0.13446044921875,2.593548387096774,78.59237536656892,1.467741935483871,44.4770283479961,2.412903225806452,73.11827956989248
7.096835288917646,89.27779167749634,-0.1683349609375,-0.70867919921875,0.66851806640625,0.14990234375,2.6032258064516127,78.88563049853371,1.5193548387096774,46.04105571847507,2.3741935483870966,71.94525904203324
7.116877247928642,89.27779167749634,-0.1683349609375,-0.70867919921875,0.66851806640625,0.14990234375,2.5999999999999996,78.78787878787878,1.5225806451612902,46.138807429130004,2.403225806451613,72.82502443792767
7.1369300869992,89.27779167749634,-0.1683349609375,-0.70867919921875,0.66851806640625,0.14990234375,2.625806451612903,79.56989247311827,1.5225806451612902,46.138807429130004,2.3838709677419354,72.23851417399804
7.157025774009526,92.12909963274963,-0.149169921875,-0.71484375,0.66314697265625,0.16436767578125,2.654838709677419,80.4496578690127,1.529032258064516,46.33431085043988,2.3741935483870966,71.94525904203324
7.177106773015112,92.12909963274963,-0.149169921875,-0.71484375,0.66314697265625,0.16436767578125,2.625806451612903,79.56989247311827,1.5870967741935482,48.09384164222873,2.325806451612903,70.4789833822092
7.197139739990234,94.9867406152562,-0.1295166015625,-0.71929931640625,0.65863037109375,0.17901611328125,2.6322580645161286,79.76539589442815,1.5193548387096774,46.04105571847507,2.3419354838709676,70.96774193548387
7.217204194981605,94.9867406152562,-0.1295166015625,-0.71929931640625,0.65863037109375,0.17901611328125,2.629032258064516,79.6676441837732,1.5451612903225804,46.82306940371456,2.3193548387096774,70.28347996089931
7.237272809958085,94.9867406152562,-0.1295166015625,-0.71929931640625,0.65863037109375,0.17901611328125,2.6322580645161286,79.76539589442815,1.5419354838709676,46.72531769305962,2.370967741935484,71.8475073313783
7.257364497985691,97.809508712871,-0.110107421875,-0.722900390625,0.654052734375,0.193603515625,2.62258064516129,79.47214076246333,1.5677419354838709,47.507331378299114,2.3838709677419354,72.23851417399804
7.277411960996687,97.809508712871,-0.110107421875,-0.722900390625,0.654052734375,0.193603515625,2.629032258064516,79.6676441837732,1.5677419354838709,47.507331378299114,2.3322580645161293,70.67448680351907
7.297494048019871,100.46608457585072,-0.09185791015625,-0.7266845703125,0.6485595703125,0.20697021484375,2.6387096774193544,79.960899315738,1.5774193548387094,47.800586510263926,2.3000000000000003,69.69696969696972
7.317539238953032,100.46608457585072,-0.09185791015625,-0.7266845703125,0.6485595703125,0.20697021484375,2.629032258064516,79.6676441837732,1.596774193548387,48.38709677419355,2.3193548387096774,70.28347996089931
7.337587469955906,100.46608457585072,-0.09185791015625,-0.7266845703125,0.6485595703125,0.20697021484375,2.629032258064516,79.6676441837732,1.6483870967741936,49.95112414467254,2.3000000000000003,69.69696969696972
7.357682644971646,103.21863314035276,-0.07342529296875,-0.73028564453125,0.6422119140625,0.22113037109375,2.661290322580645,80.64516129032258,1.6548387096774193,50.146627565982406,2.325806451612903,70.4789833822092
7.377758236019872,103.21863314035276,-0.07342529296875,-0.73028564453125,0.6422119140625,0.22113037109375,2.6032258064516127,78.88563049853371,1.7258064516129032,52.29716520039101,2.4064516129032256,72.9227761485826
7.397833092021756,105.8793576607785,-0.055419921875,-0.732666015625,0.63641357421875,0.23486328125,2.629032258064516,79.6676441837732,1.7354838709677418,52.59042033235581,2.367741935483871,71.74975562072336
7.41791319497861,105.8793576607785,-0.055419921875,-0.732666015625,0.63641357421875,0.23486328125,2.658064516129032,80.54740957966764,1.7516129032258063,53.0791788856305,2.403225806451613,72.82502443792767
7.437948689912446,105.8793576607785,-0.055419921875,-0.732666015625,0.63641357421875,0.23486328125,2.680645161290322,81.23167155425219,1.8161290322580643,55.034213098729225,2.3838709677419354,72.23851417399804
7.457998423953541,108.37955449338048,-0.03857421875,-0.73486328125,0.6302490234375,0.24761962890625,2.6322580645161286,79.76539589442815,1.8032258064516127,54.64320625610948,2.42258064516129,73.41153470185728
7.478080607950687,108.37955449338048,-0.03857421875,-0.73486328125,0.6302490234375,0.24761962890625,2.6451612903225805,80.1564027370479,1.9096774193548387,57.86901270772239,2.4483870967741934,74.19354838709677
7.498143111006357,110.96469611733043,-0.0218505859375,-0.73773193359375,0.62225341796875,0.26092529296875,2.6322580645161286,79.76539589442815,2.02258064516129,61.29032258064516,2.4161290322580644,73.21603128054741
7.5182158859679475,110.96469611733043,-0.0218505859375,-0.73773193359375,0.62225341796875,0.26092529296875,2.6354838709677417,79.86314760508309,2.032258064516129,61.58357771260997,2.5129032258064514,76.1485826001955
7.538262868998572,110.96469611733043,-0.0218505859375,-0.73773193359375,0.62225341796875,0.26092529296875,2.616129032258064,79.27663734115346,2.064516129032258,62.56109481915934,2.4806451612903224,75.17106549364614
7.558331899926998,113.26487531756175,-0.0072021484375,-0.74041748046875,0.61431884765625,0.272705078125,2.654838709677419,80.4496578690127,2.1322580645161286,64.61388074291298,2.487096774193548,75.366568914956
7.57844083593227,113.26487531756175,-0.0072021484375,-0.74041748046875,0.61431884765625,0.272705078125,2.616129032258064,79.27663734115346,2.1548387096774193,65.29814271749756,2.5129032258064514,76.1485826001955
7.598480585962534,115.42462182677933,0.00628662109375,-0.742919921875,0.606201171875,0.2838134765625,2.6322580645161286,79.76539589442815,2.1354838709677417,64.71163245356793,2.5129032258064514,76.1485826001955
7.6185577779542655,115.42462182677933,0.00628662109375,-0.742919921875,0.606201171875,0.2838134765625,2.625806451612903,79.56989247311827,2.1129032258064515,64.02737047898339,2.5032258064516126,75.8553274682307
7.638597848010249,115.42462182677933,0.00628662109375,-0.742919921875,0.606201171875,0.2838134765625,2.6064516129032254,78.98338220918865,2.1129032258064515,64.02737047898339,2.5032258064516126,75.8553274682307
7.65868191991467,117.48057221197246,0.0181884765625,-0.7459716796875,0.596923828125,0.29473876953125,2.629032258064516,79.6676441837732,2.0903225806451613,63.34310850439883,2.5064516129032257,75.95307917888563
7.678759654983878,117.48057221197246,0.0181884765625,-0.7459716796875,0.596923828125,0.29473876953125,2.5999999999999996,78.78787878787878,2.0903225806451613,63.34310850439883,2.52258064516129,76.44183773216031
7.69882107002195,119.33663084886165,0.02862548828125,-0.7479248046875,0.58892822265625,0.30499267578125,2.6032258064516127,78.88563049853371,2.1096774193548384,63.929618768328446,2.558064516129032,77.5171065493646
7.718913716962561,119.33663084886165,0.02862548828125,-0.7479248046875,0.58892822265625,0.30499267578125,2.5741935483870964,78.00586510263928,2.125806451612903,64.41837732160313,2.6096774193548384,79.0811339198436
7.7389411479234695,119.33663084886165,0.02862548828125,-0.7479248046875,0.58892822265625,0.30499267578125,2.596774193548387,78.69012707722385,2.1032258064516127,63.73411534701857,2.5161290322580645,76.24633431085044
7.759065667982213,121.00260505695665,0.0380859375,-0.74859619140625,0.58251953125,0.31439208984375,2.5806451612903225,78.20136852394917,2.1322580645161286,64.61388074291298,2.5774193548387094,78.10361681329422
7.779096329933964,121.00260505695665,0.0380859375,-0.74859619140625,0.58251953125,0.31439208984375,2.593548387096774,78.59237536656892,2.1354838709677417,64.71163245356793,2.5483870967741935,77.2238514173998
7.804294956964441,122.57833597554314,0.046875,-0.74853515625,0.57684326171875,0.32354736328125,2.590322580645161,78.49462365591397,2.1870967741935483,66.27565982404691,2.5483870967741935,77.2238514173998
7.819232441019267,122.57833597554314,0.046875,-0.74853515625,0.57684326171875,0.32354736328125,2.5806451612903225,78.20136852394917,2.1645161290322577,65.59139784946235,2.561290322580645,77.61485826001955
7.839276543003507,122.57833597554314,0.046875,-0.74853515625,0.57684326171875,0.32354736328125,2.5354838709677416,76.83284457478005,2.125806451612903,64.41837732160313,2.554838709677419,77.41935483870968
7.859370694961399,124.23927379129228,0.055419921875,-0.74884033203125,0.57000732421875,0.33349609375,2.4741935483870967,74.97556207233626,2.1645161290322577,65.59139784946235,2.5677419354838706,77.81036168132943
7.879447981948033,124.23927379129228,0.055419921875,-0.74884033203125,0.57000732421875,0.33349609375,2.4838709677419355,75.26881720430107,2.180645161290322,66.08015640273703,2.590322580645161,78.49462365591397
7.899504820932634,125.69905191887587,0.0623779296875,-0.74951171875,0.5631103515625,0.3424072265625,2.487096774193548,75.366568914956,2.203225806451613,66.7644183773216,2.564516129032258,77.71260997067448
7.91956604400184,125.69905191887587,0.0623779296875,-0.74951171875,0.5631103515625,0.3424072265625,2.4806451612903224,75.17106549364614,2.170967741935484,65.78690127077223,2.5806451612903225,78.20136852394917
7.939652482979,125.69905191887587,0.0623779296875,-0.74951171875,0.5631103515625,0.3424072265625,2.4774193548387093,75.07331378299119,2.24516129032258,68.03519061583576,2.5709677419354837,77.90811339198436
7.959731595008634,127.03280947229058,0.0687255859375,-0.74993896484375,0.5567626953125,0.35052490234375,2.525806451612903,76.53958944281524,2.1774193548387095,65.98240469208211,2.587096774193548,78.39687194525904
7.9797728499397635,127.03280947229058,0.0687255859375,-0.74993896484375,0.5567626953125,0.35052490234375,2.525806451612903,76.53958944281524,2.225806451612903,67.44868035190615,2.590322580645161,78.49462365591397
7.999829144915566,128.13506090941158,0.0748291015625,-0.749755859375,0.55230712890625,0.356689453125,2.4741935483870967,74.97556207233626,2.2290322580645157,67.54643206256108,2.5999999999999996,78.78787878787878
8.019924735999666,128.13506090941158,0.0748291015625,-0.749755859375,0.55230712890625,0.356689453125,2.5032258064516126,75.8553274682307,2.2419354838709675,67.93743890518084,2.5741935483870964,78.00586510263928
8.039990279939957,128.13506090941158,0.0748291015625,-0.749755859375,0.55230712890625,0.356689453125,2.525806451612903,76.53958944281524,2.2483870967741932,68.1329423264907,2.629032258064516,79.6676441837732
8.060129008023068,129.22692131925555,0.08001708984375,-0.75006103515625,0.546875,0.36322021484375,2.5387096774193547,76.93059628543499,2.24516129032258,68.03519061583576,2.551612903225806,77.32160312805473
8.080124821979553,129.22692131925555,0.08001708984375,-0.75006103515625,0.546875,0.36322021484375,2.525806451612903,76.53958944281524,2.3096774193548386,69.99022482893452,2.5774193548387094,78.10361681329422
8.100212029996328,129.9789401354011,0.08355712890625,-0.75,0.54339599609375,0.3677978515625,2.5032258064516126,75.8553274682307,2.24516129032258,68.03519061583576,2.583870967741935,78.2991202346041
8.120260068913922,129.9789401354011,0.08355712890625,-0.75,0.54339599609375,0.3677978515625,2.487096774193548,75.366568914956,2.270967741935484,68.81720430107528,2.5774193548387094,78.10361681329422
8.140314252930693,129.9789401354011,0.08355712890625,-0.75,0.54339599609375,0.3677978515625,2.5419354838709673,77.02834799608992,2.2870967741935484,69.30596285434996,2.525806451612903,76.53958944281524
8.160506005981006,130.62426760491144,0.08746337890625,-0.7491455078125,0.54150390625,0.371337890625,2.5451612903225804,77.12609970674487,2.2870967741935484,69.30596285434996,2.587096774193548,78.39687194525904
8.180490748025477,130.62426760491144,0.08746337890625,-0.7491455078125,0.54150390625,0.371337890625,2.5354838709677416,76.83284457478005,2.2903225806451615,69.40371456500489,2.554838709677419,77.41935483870968
8.200543298968114,131.11648585961026,0.0916748046875,-0.74755859375,0.54156494140625,0.3734130859375,2.5451612903225804,77.12609970674487,2.2774193548387096,69.01270772238514,2.5806451612903225,78.20136852394917
8.220629610936157,131.11648585961026,0.0916748046875,-0.74755859375,0.54156494140625,0.3734130859375,2.5774193548387094,78.10361681329422,2.270967741935484,68.81720430107528,2.554838709677419,77.41935483870968
8.240680145914666,131.11648585961026,0.0916748046875,-0.74755859375,0.54156494140625,0.3734130859375,2.5483870967741935,77.2238514173998,2.3000000000000003,69.69696969696972,2.596774193548387,78.69012707722385
8.260975164012052,131.381560953929,0.09405517578125,-0.74664306640625,0.541748046875,0.37445068359375,2.529032258064516,76.63734115347019,2.2903225806451615,69.40371456500489,2.6032258064516127,78.88563049853371
8.280869761947542,131.381560953929,0.09405517578125,-0.74664306640625,0.541748046875,0.37445068359375,2.5419354838709673,77.02834799608992,2.2870967741935484,69.30596285434996,2.583870967741935,78.2991202346041
8.300883944961242,131.50580181881892,0.0947265625,-0.746337890625,0.54144287109375,0.375244140625,2.593548387096774,78.59237536656892,2.2838709677419358,69.20821114369502,2.590322580645161,78.49462365591397
8.321052497019991,131.50580181881892,0.0947265625,-0.746337890625,0.54144287109375,0.375244140625,2.5741935483870964,78.00586510263928,2.293548387096774,69.50146627565982,2.5774193548387094,78.10361681329422
8.341085367952473,131.50580181881892,0.0947265625,-0.746337890625,0.54144287109375,0.375244140625,2.5806451612903225,78.20136852394917,2.296774193548387,69.59921798631477,2.6419354838709674,80.05865102639295
8.361244992935099,131.52602840069932,0.09429931640625,-0.74591064453125,0.54168701171875,0.37591552734375,2.583870967741935,78.2991202346041,2.303225806451613,69.79472140762464,2.590322580645161,78.49462365591397
8.381268232013099,131.52602840069932,0.09429931640625,-0.74591064453125,0.54168701171875,0.37591552734375,2.596774193548387,78.69012707722385,2.306451612903226,69.89247311827957,2.554838709677419,77.41935483870968
8.40132609498687,131.4906232055368,0.09307861328125,-0.7452392578125,0.54217529296875,0.37677001953125,2.5774193548387094,78.10361681329422,2.296774193548387,69.59921798631477,2.593548387096774,78.59237536656892
8.421410806942731,131.4906232055368,0.09307861328125,-0.7452392578125,0.54217529296875,0.37677001953125,2.5774193548387094,78.10361681329422,2.2806451612903227,69.11045943304008,2.583870967741935,78.2991202346041
8.441479421919212,131.4906232055368,0.09307861328125,-0.7452392578125,0.54217529296875,0.37677001953125,2.590322580645161,78.49462365591397,2.274193548387097,68.91495601173021,2.583870967741935,78.2991202346041
8.461601926013827,131.41555015519265,0.0921630859375,-0.74420166015625,0.54351806640625,0.37713623046875,2.6032258064516127,78.88563049853371,2.3193548387096774,70.28347996089931,2.587096774193548,78.39687194525904
8.481610668939538,131.41555015519265,0.0921630859375,-0.74420166015625,0.54351806640625,0.37713623046875,2.593548387096774,78.59237536656892,2.274193548387097,68.91495601173021,2.5741935483870964,78.00586510263928
8.501667156931944,131.34114770634392,0.09124755859375,-0.74334716796875,0.544677734375,0.37744140625,2.593548387096774,78.59237536656892,2.3096774193548386,69.99022482893452,2.551612903225806,77.32160312805473
8.52179286093451,131.34114770634392,0.09124755859375,-0.74334716796875,0.544677734375,0.37744140625,2.587096774193548,78.39687194525904,2.3193548387096774,70.28347996089931,2.5677419354838706,77.81036168132943
8.554654327919707,131.34114770634392,0.09124755859375,-0.74334716796875,0.544677734375,0.37744140625,2.5806451612903225,78.20136852394917,2.2903225806451615,69.40371456500489,2.5677419354838706,77.81036168132943
8.561974667944014,131.199535453892,0.0899658203125,-0.7430419921875,0.54541015625,0.377197265625,2.5999999999999996,78.78787878787878,2.2548387096774194,68.32844574780059,2.590322580645161,78.49462365591397
8.582045236020349,131.199535453892,0.0899658203125,-0.7430419921875,0.54541015625,0.377197265625,2.596774193548387,78.69012707722385,2.306451612903226,69.89247311827957,2.564516129032258,77.71260997067448
8.602086714934558,131.0601249460999,0.08837890625,-0.74322509765625,0.54559326171875,0.37701416015625,2.593548387096774,78.59237536656892,2.293548387096774,69.50146627565982,2.558064516129032,77.5171065493646
8.622191426926292,131.0601249460999,0.08837890625,-0.74322509765625,0.54559326171875,0.37701416015625,2.6096774193548384,79.0811339198436,2.2677419354838713,68.71945259042035,2.593548387096774,78.59237536656892
8.642250249977224,131.0601249460999,0.08837890625,-0.74322509765625,0.54559326171875,0.37701416015625,2.648387096774193,80.25415444770283,2.2677419354838713,68.71945259042035,2.5677419354838706,77.81036168132943
8.662342097959481,130.91926475565424,0.08697509765625,-0.74365234375,0.5455322265625,0.3765869140625,2.5774193548387094,78.10361681329422,2.270967741935484,68.81720430107528,2.5741935483870964,78.00586510263928
8.68243829801213,130.91926475565424,0.08697509765625,-0.74365234375,0.5455322265625,0.3765869140625,2.5999999999999996,78.78787878787878,2.293548387096774,69.50146627565982,2.5741935483870964,78.00586510263928
8.70250118500553,130.79724478872777,0.0858154296875,-0.74407958984375,0.54534912109375,0.37615966796875,2.654838709677419,80.4496578690127,2.296774193548387,69.59921798631477,2.5677419354838706,77.81036168132943
8.722593256970868,130.79724478872777,0.0858154296875,-0.74407958984375,0.54534912109375,0.37615966796875,2.6129032258064515,79.17888563049853,2.306451612903226,69.89247311827957,2.564516129032258,77.71260997067448
8.742679919931106,130.79724478872777,0.0858154296875,-0.74407958984375,0.54534912109375,0.37615966796875,2.6354838709677417,79.86314760508309,2.338709677419355,70.86999022482894,2.554838709677419,77.41935483870968
8.762800791999325,130.68561655499064,0.08514404296875,-0.74420166015625,0.5457763671875,0.37554931640625,2.6064516129032254,78.98338220918865,2.3000000000000003,69.69696969696972,2.593548387096774,78.59237536656892
8.782831870950758,130.68561655499064,0.08514404296875,-0.74420166015625,0.5457763671875,0.37554931640625,2.629032258064516,79.6676441837732,2.2677419354838713,68.71945259042035,2.554838709677419,77.41935483870968
8.802918566972949,130.63326888263302,0.0849609375,-0.74420166015625,0.54608154296875,0.37518310546875,2.629032258064516,79.6676441837732,2.2806451612903227,69.11045943304008,2.5709677419354837,77.90811339198436
8.822991086984985,130.63326888263302,0.0849609375,-0.74420166015625,0.54608154296875,0.37518310546875,2.5774193548387094,78.10361681329422,2.270967741935484,68.81720430107528,2.5709677419354837,77.90811339198436
8.84306562191341,130.63326888263302,0.0849609375,-0.74420166015625,0.54608154296875,0.37518310546875,2.6064516129032254,78.98338220918865,2.306451612903226,69.89247311827957,2.5774193548387094,78.10361681329422
8.863137278007343,130.61612514571132,0.085205078125,-0.74407958984375,0.54638671875,0.3748779296875,2.6354838709677417,79.86314760508309,2.293548387096774,69.50146627565982,2.590322580645161,78.49462365591397
8.883231460931711,130.61612514571132,0.085205078125,-0.74407958984375,0.54638671875,0.3748779296875,2.6677419354838707,80.84066471163244,2.2903225806451615,69.40371456500489,2.5774193548387094,78.10361681329422
8.903258187929168,130.61090938668102,0.08551025390625,-0.74395751953125,0.54669189453125,0.3746337890625,2.625806451612903,79.56989247311827,2.2838709677419358,69.20821114369502,2.558064516129032,77.5171065493646
8.923401652951725,130.61090938668102,0.08551025390625,-0.74395751953125,0.54669189453125,0.3746337890625,2.6193548387096772,79.37438905180841,2.303225806451613,69.79472140762464,2.551612903225806,77.32160312805473
8.943890081020072,130.61090938668102,0.08551025390625,-0.74395751953125,0.54669189453125,0.3746337890625,2.616129032258064,79.27663734115346,2.2903225806451615,69.40371456500489,2.5774193548387094,78.10361681329422
8.963567235972732,130.60143546049028,0.08575439453125,-0.74371337890625,0.54705810546875,0.37445068359375,2.6193548387096772,79.37438905180841,2.274193548387097,68.91495601173021,2.558064516129032,77.5171065493646
8.983589898911305,130.60143546049028,0.08575439453125,-0.74371337890625,0.54705810546875,0.37445068359375,2.616129032258064,79.27663734115346,2.2774193548387096,69.01270772238514,2.561290322580645,77.61485826001955
9.003680818947032,130.49447752008564,0.085693359375,-0.74365234375,0.54791259765625,0.37347412109375,2.648387096774193,80.25415444770283,2.270967741935484,68.81720430107528,2.5774193548387094,78.10361681329422
9.023728537955321,130.49447752008564,0.085693359375,-0.74365234375,0.54791259765625,0.37347412109375,2.629032258064516,79.6676441837732,2.293548387096774,69.50146627565982,2.554838709677419,77.41935483870968
9.043851490947418,130.49447752008564,0.085693359375,-0.74365234375,0.54791259765625,0.37347412109375,2.5774193548387094,78.10361681329422,2.270967741935484,68.81720430107528,2.564516129032258,77.71260997067448
9.063908553915098,130.2716262360741,0.08489990234375,-0.7437744140625,0.5489501953125,0.37188720703125,2.5774193548387094,78.10361681329422,2.2838709677419358,69.20821114369502,2.551612903225806,77.32160312805473
9.083979313960299,130.2716262360741,0.08489990234375,-0.7437744140625,0.5489501953125,0.37188720703125,2.590322580645161,78.49462365591397,2.2677419354838713,68.71945259042035,2.554838709677419,77.41935483870968
9.104042073944584,129.7765108214081,0.08270263671875,-0.7435302734375,0.551513671875,0.368896484375,2.62258064516129,79.47214076246333,2.2677419354838713,68.71945259042035,2.6032258064516127,78.88563049853371
9.12411625799723,129.7765108214081,0.08270263671875,-0.7435302734375,0.551513671875,0.368896484375,2.616129032258064,79.27663734115346,2.2516129032258068,68.23069403714567,2.5677419354838706,77.81036168132943
9.144190729944967,129.7765108214081,0.08270263671875,-0.7435302734375,0.551513671875,0.368896484375,2.661290322580645,80.64516129032258,2.225806451612903,67.44868035190615,2.5451612903225804,77.12609970674487
9.164324946003035,128.8542452284996,0.07843017578125,-0.74273681640625,0.5567626953125,0.363525390625,2.6193548387096772,79.37438905180841,2.2548387096774194,68.32844574780059,2.5387096774193547,76.93059628543499
9.184340312960558,128.8542452284996,0.07843017578125,-0.74273681640625,0.5567626953125,0.363525390625,2.5999999999999996,78.78787878787878,2.1677419354838707,65.6891495601173,2.5354838709677416,76.83284457478005
9.204404576914385,127.39082070312817,0.07135009765625,-0.7410888671875,0.565185546875,0.35528564453125,2.5999999999999996,78.78787878787878,2.2290322580645157,67.54643206256108,2.525806451612903,76.53958944281524
9.224517802009359,127.39082070312817,0.07135009765625,-0.7410888671875,0.565185546875,0.35528564453125,2.587096774193548,78.39687194525904,2.1774193548387095,65.98240469208211,2.5032258064516126,75.8553274682307
9.24457329697907,127.39082070312817,0.07135009765625,-0.7410888671875,0.565185546875,0.35528564453125,2.587096774193548,78.39687194525904,2.1548387096774193,65.29814271749756,2.5064516129032257,75.95307917888563
9.26463980099652,125.60655740839121,0.0634765625,-0.739013671875,0.57550048828125,0.344482421875,2.590322580645161,78.49462365591397,2.1645161290322577,65.59139784946235,2.4741935483870967,74.97556207233626
9.291338604991324,125.60655740839121,0.0634765625,-0.739013671875,0.57550048828125,0.344482421875,2.583870967741935,78.2991202346041,2.1193548387096772,64.22287390029325,2.519354838709677,76.34408602150538
9.304755783989094,123.50298295126203,0.0531005859375,-0.73675537109375,0.58642578125,0.33233642578125,2.5806451612903225,78.20136852394917,2.1645161290322577,65.59139784946235,2.4806451612903224,75.17106549364614
9.324881488922983,123.50298295126203,0.0531005859375,-0.73675537109375,0.58642578125,0.33233642578125,2.5741935483870964,78.00586510263928,2.138709677419355,64.80938416422288,2.4774193548387093,75.07331378299119
9.344951608916745,123.50298295126203,0.0531005859375,-0.73675537109375,0.58642578125,0.33233642578125,2.5677419354838706,77.81036168132943,2.1322580645161286,64.61388074291298,2.5387096774193547,76.93059628543499
9.365045856917277,121.14761350145619,0.04107666015625,-0.73486328125,0.59735107421875,0.31854248046875,2.5387096774193547,76.93059628543499,2.1354838709677417,64.71163245356793,2.525806451612903,76.53958944281524
9.38509047194384,121.14761350145619,0.04107666015625,-0.73486328125,0.59735107421875,0.31854248046875,2.587096774193548,78.39687194525904,2.0903225806451613,63.34310850439883,2.5483870967741935,77.2238514173998
9.405135631910525,118.57482224077897,0.028564453125,-0.731689453125,0.60992431640625,0.30303955078125,2.5709677419354837,77.90811339198436,2.125806451612903,64.41837732160313,2.490322580645161,75.46432062561095
9.425257271970622,118.57482224077897,0.028564453125,-0.731689453125,0.60992431640625,0.30303955078125,2.554838709677419,77.41935483870968,2.074193548387097,62.85434995112414,2.4741935483870967,74.97556207233626
9.445316191995516,118.57482224077897,0.028564453125,-0.731689453125,0.60992431640625,0.30303955078125,2.5774193548387094,78.10361681329422,2.087096774193548,63.24535679374389,2.4612903225806453,74.58455522971653
9.465350375976413,115.9327867796905,0.01605224609375,-0.72686767578125,0.62371826171875,0.28704833984375,2.5774193548387094,78.10361681329422,2.061290322580645,62.4633431085044,2.5,75.75757575757575
9.485473552020267,115.9327867796905,0.01605224609375,-0.72686767578125,0.62371826171875,0.28704833984375,2.6096774193548384,79.0811339198436,2.009677419354839,60.899315738025415,2.4741935483870967,74.97556207233626
9.505511126946658,113.12436342826174,0.0028076171875,-0.7205810546875,0.638671875,0.27001953125,2.525806451612903,76.53958944281524,2.019354838709677,61.19257086999021,2.4806451612903224,75.17106549364614
9.52561158395838,113.12436342826174,0.0028076171875,-0.7205810546875,0.638671875,0.27001953125,2.551612903225806,77.32160312805473,1.9870967741935484,60.215053763440864,2.4612903225806453,74.58455522971653
9.54573015193455,113.12436342826174,0.0028076171875,-0.7205810546875,0.638671875,0.27001953125,2.5483870967741935,77.2238514173998,2.0064516129032257,60.80156402737048,2.42258064516129,73.41153470185728
9.565834159962833,110.36540537419611,-0.011962890625,-0.71380615234375,0.65228271484375,0.25469970703125,2.5387096774193547,76.93059628543499,1.964516129032258,59.530791788856305,2.454838709677419,74.38905180840665
9.585864631924778,110.36540537419611,-0.011962890625,-0.71380615234375,0.65228271484375,0.25469970703125,2.532258064516129,76.73509286412512,1.9741935483870967,59.82404692082112,2.445161290322581,74.09579667644185
9.60592998296488,107.67627620574986,-0.02642822265625,-0.7064208984375,0.6654052734375,0.23980712890625,2.5419354838709673,77.02834799608992,1.9806451612903224,60.01955034213099,2.4290322580645163,73.60703812316717
9.626012710970826,107.67627620574986,-0.02642822265625,-0.7064208984375,0.6654052734375,0.23980712890625,2.532258064516129,76.73509286412512,1.9483870967741934,59.04203323558163,2.435483870967742,73.80254154447702
9.646109296008945,107.67627620574986,-0.02642822265625,-0.7064208984375,0.6654052734375,0.23980712890625,2.4741935483870967,74.97556207233626,1.9387096774193548,58.748778103616814,2.4064516129032256,72.9227761485826
9.666146551026031,104.94458841157322,-0.04144287109375,-0.7000732421875,0.67669677734375,0.2242431640625,2.490322580645161,75.46432062561095,1.8806451612903226,56.98924731182796,2.4193548387096775,73.31378299120234
9.686234910972416,104.94458841157322,-0.04144287109375,-0.7000732421875,0.67669677734375,0.2242431640625,2.5129032258064514,76.1485826001955,1.8677419354838707,56.59824046920821,2.4419354838709677,73.9980449657869
9.706294694915414,102.31218349199673,-0.05816650390625,-0.6949462890625,0.68499755859375,0.21075439453125,2.5129032258064514,76.1485826001955,1.8677419354838707,56.59824046920821,2.370967741935484,71.8475073313783
9.726413582917303,102.31218349199673,-0.05816650390625,-0.6949462890625,0.68499755859375,0.21075439453125,2.5387096774193547,76.93059628543499,1.8064516129032258,54.74095796676443,2.412903225806452,73.11827956989248
9.746530391974375,102.31218349199673,-0.05816650390625,-0.6949462890625,0.68499755859375,0.21075439453125,2.493548387096774,75.56207233626587,1.8354838709677417,55.62072336265884,2.4096774193548387,73.02052785923753
9.766560990945436,99.37776762681183,-0.07696533203125,-0.6905517578125,0.69219970703125,0.19512939453125,2.4741935483870967,74.97556207233626,1.7999999999999998,54.54545454545454,2.390322580645161,72.43401759530792
9.786633639014326,99.37776762681183,-0.07696533203125,-0.6905517578125,0.69219970703125,0.19512939453125,2.412903225806452,73.11827956989248,1.7774193548387096,53.86119257086999,2.42258064516129,73.41153470185728
9.806725486996584,96.33818139768118,-0.096923828125,-0.68841552734375,0.69635009765625,0.17822265625,2.4612903225806453,74.58455522971653,1.7516129032258063,53.0791788856305,2.3548387096774195,71.35874877810362
9.82680184696801,96.33818139768118,-0.096923828125,-0.68841552734375,0.69635009765625,0.17822265625,2.412903225806452,73.11827956989248,1.7516129032258063,53.0791788856305,2.335483870967742,70.772238514174
9.846880638971925,96.33818139768118,-0.096923828125,-0.68841552734375,0.69635009765625,0.17822265625,2.4193548387096775,73.31378299120234,1.696774193548387,51.417399804496576,2.3225806451612905,70.38123167155426
9.866943781962618,93.06458485853972,-0.1173095703125,-0.68609619140625,0.70025634765625,0.15869140625,2.4096774193548387,73.02052785923753,1.6612903225806452,50.34213098729228,2.3161290322580648,70.1857282502444
9.887018605950288,93.06458485853972,-0.1173095703125,-0.68609619140625,0.70025634765625,0.15869140625,2.3838709677419354,72.23851417399804,1.667741935483871,50.53763440860215,2.3322580645161293,70.67448680351907
9.90706350991968,89.50992453622963,-0.1376953125,-0.681396484375,0.705810546875,0.1363525390625,2.3193548387096774,70.28347996089931,1.6935483870967742,51.31964809384164,2.3451612903225807,71.0654936461388
9.927216958953068,89.50992453622963,-0.1376953125,-0.681396484375,0.705810546875,0.1363525390625,2.3806451612903228,72.14076246334312,1.7193548387096773,52.101661779081134,2.293548387096774,69.50146627565982
9.947254437953234,89.50992453622963,-0.1376953125,-0.681396484375,0.705810546875,0.1363525390625,2.42258064516129,73.41153470185728,1.7032258064516128,51.61290322580645,2.3225806451612905,70.38123167155426
9.967413806938566,86.00781284625991,-0.1585693359375,-0.6749267578125,0.7113037109375,0.11553955078125,2.3741935483870966,71.94525904203324,1.7096774193548387,51.80840664711632,2.358064516129032,71.45650048875855
9.987464790930972,86.00781284625991,-0.1585693359375,-0.6749267578125,0.7113037109375,0.11553955078125,2.3774193548387097,72.04301075268818,1.7129032258064516,51.90615835777126,2.3516129032258064,71.26099706744868
10.007465597940609,82.41419474168481,-0.1805419921875,-0.66937255859375,0.71453857421875,0.0941162109375,2.467741935483871,74.7800586510264,1.7193548387096773,52.101661779081134,2.3451612903225807,71.0654936461388
10.031483858940192,82.41419474168481,-0.1805419921875,-0.66937255859375,0.71453857421875,0.0941162109375,2.4193548387096775,73.31378299120234,1.7032258064516128,51.61290322580645,2.335483870967742,70.772238514174
10.047638061922044,82.41419474168481,-0.1805419921875,-0.66937255859375,0.71453857421875,0.0941162109375,2.3967741935483873,72.6295210166178,1.7129032258064516,51.90615835777126,2.329032258064516,70.57673509286413
10.06775394291617,78.63899708609465,-0.2037353515625,-0.66583251953125,0.7142333984375,0.07061767578125,2.412903225806452,73.11827956989248,1.7225806451612902,52.19941348973607,2.3225806451612905,70.38123167155426
10.087790782912634,78.63899708609465,-0.2037353515625,-0.66583251953125,0.7142333984375,0.07061767578125,2.432258064516129,73.70478983382209,1.7903225806451613,54.25219941348974,2.329032258064516,70.57673509286413
10.107850886997767,74.95000044675444,-0.22674560546875,-0.6612548828125,0.71337890625,0.04827880859375,2.3838709677419354,72.23851417399804,1.7903225806451613,54.25219941348974,2.329032258064516,70.57673509286413
10.127919118967839,74.95000044675444,-0.22674560546875,-0.6612548828125,0.71337890625,0.04827880859375,2.42258064516129,73.41153470185728,1.7838709677419353,54.05669599217986,2.3225806451612905,70.38123167155426
10.147989462944679,74.95000044675444,-0.22674560546875,-0.6612548828125,0.71337890625,0.04827880859375,2.467741935483871,74.7800586510264,1.7774193548387096,53.86119257086999,2.335483870967742,70.772238514174
10.16807868797332,71.59602861618248,-0.24908447265625,-0.65570068359375,0.712158203125,0.02978515625,2.458064516129032,74.48680351906158,1.8548387096774193,56.20723362658847,2.3225806451612905,70.38123167155426
10.188133351970464,71.59602861618248,-0.24908447265625,-0.65570068359375,0.712158203125,0.02978515625,2.4096774193548387,73.02052785923753,1.8451612903225805,55.91397849462365,2.329032258064516,70.57673509286413
10.208176848012954,68.11950630401921,-0.271240234375,-0.65020751953125,0.70965576171875,0.00946044921875,2.4419354838709677,73.9980449657869,1.8806451612903226,56.98924731182796,2.370967741935484,71.8475073313783
10.228270584018901,68.11950630401921,-0.271240234375,-0.65020751953125,0.70965576171875,0.00946044921875,2.454838709677419,74.38905180840665,1.8774193548387097,56.89149560117303,2.3193548387096774,70.28347996089931
10.248345471918583,68.11950630401921,-0.271240234375,-0.65020751953125,0.70965576171875,0.00946044921875,2.425806451612903,73.50928641251222,1.9193548387096775,58.162267839687196,2.270967741935484,68.81720430107528
10.268405576003715,65.02590930852791,0.28997802734375,0.6444091796875,-0.70751953125,0.00921630859375,2.425806451612903,73.50928641251222,1.9580645161290322,59.33528836754643,2.2870967741935484,69.30596285434996
10.288534321007319,65.02590930852791,0.28997802734375,0.6444091796875,-0.70751953125,0.00921630859375,2.458064516129032,74.48680351906158,1.9064516129032258,57.77126099706745,2.2677419354838713,68.71945259042035
10.308539000921883,62.16550321520447,0.30792236328125,0.63739013671875,-0.70587158203125,0.0252685546875,2.4612903225806453,74.58455522971653,1.9548387096774194,59.2375366568915,2.3096774193548386,69.99022482893452
10.328626369009726,62.16550321520447,0.30792236328125,0.63739013671875,-0.70587158203125,0.0252685546875,2.4612903225806453,74.58455522971653,1.9709677419354839,59.72629521016618,2.274193548387097,68.91495601173021
10.348725929972716,62.16550321520447,0.30792236328125,0.63739013671875,-0.70587158203125,0.0252685546875,2.4387096774193546,73.90029325513197,1.9580645161290322,59.33528836754643,2.3193548387096774,70.28347996089931
10.36878452997189,59.342657046718074,0.32562255859375,0.6298828125,-0.7039794921875,0.04083251953125,2.4612903225806453,74.58455522971653,2.02258064516129,61.29032258064516,2.293548387096774,69.50146627565982
10.388865530025214,59.342657046718074,0.32562255859375,0.6298828125,-0.7039794921875,0.04083251953125,2.435483870967742,73.80254154447702,2.0161290322580645,61.09481915933529,2.3096774193548386,69.99022482893452
10.40889513795264,56.728996595234314,0.34332275390625,0.62481689453125,-0.6990966796875,0.05487060546875,2.467741935483871,74.7800586510264,2.054838709677419,62.267839687194524,2.3193548387096774,70.28347996089931
10.429011849919334,56.728996595234314,0.34332275390625,0.62481689453125,-0.6990966796875,0.05487060546875,2.4838709677419355,75.26881720430107,2.0806451612903225,63.049853372434015,2.3096774193548386,69.99022482893452
10.449121266952716,56.728996595234314,0.34332275390625,0.62481689453125,-0.6990966796875,0.05487060546875,2.5064516129032257,75.95307917888563,2.064516129032258,62.56109481915934,2.3096774193548386,69.99022482893452
10.46919653902296,54.66716492018835,0.3594970703125,0.62091064453125,-0.69366455078125,0.0640869140625,2.5064516129032257,75.95307917888563,2.0999999999999996,63.636363636363626,2.2870967741935484,69.30596285434996
10.489242594921961,54.66716492018835,0.3594970703125,0.62091064453125,-0.69366455078125,0.0640869140625,2.519354838709677,76.34408602150538,2.1322580645161286,64.61388074291298,2.3225806451612905,70.38123167155426
10.509359307936393,53.015332280419976,0.3743896484375,0.6171875,-0.68853759765625,0.0697021484375,2.4774193548387093,75.07331378299119,2.087096774193548,63.24535679374389,2.3419354838709676,70.96774193548387
10.529403956024908,53.015332280419976,0.3743896484375,0.6171875,-0.68853759765625,0.0697021484375,2.5096774193548383,76.05083088954055,2.1548387096774193,65.29814271749756,2.358064516129032,71.45650048875855
10.549476956017315,53.015332280419976,0.3743896484375,0.6171875,-0.68853759765625,0.0697021484375,2.525806451612903,76.53958944281524,2.1548387096774193,65.29814271749756,2.3322580645161293,70.67448680351907
10.569560067960992,51.617976414886115,0.38934326171875,0.61492919921875,-0.681884765625,0.0731201171875,2.5774193548387094,78.10361681329422,2.1419354838709674,64.90713587487781,2.3645161290322583,71.65200391006844
10.589622956002131,51.617976414886115,0.38934326171875,0.61492919921875,-0.681884765625,0.0731201171875,2.490322580645161,75.46432062561095,2.1548387096774193,65.29814271749756,2.3806451612903228,72.14076246334312
10.609726868919097,50.03614028176812,0.4053955078125,0.6116943359375,-0.67486572265625,0.0777587890625,2.525806451612903,76.53958944281524,2.1645161290322577,65.59139784946235,2.370967741935484,71.8475073313783
10.629786812933162,50.03614028176812,0.4053955078125,0.6116943359375,-0.67486572265625,0.0777587890625,2.5161290322580645,76.24633431085044,2.125806451612903,64.41837732160313,2.3870967741935485,72.33626588465299
10.649890085915104,50.03614028176812,0.4053955078125,0.6116943359375,-0.67486572265625,0.0777587890625,2.5096774193548383,76.05083088954055,2.1741935483870964,65.88465298142717,2.42258064516129,73.41153470185728
10.669924012967385,48.348204531806616,0.42169189453125,0.60711669921875,-0.6683349609375,0.0831298828125,2.529032258064516,76.63734115347019,2.2161290322580642,67.15542521994135,2.3741935483870966,71.94525904203324
10.690005398006178,48.348204531806616,0.42169189453125,0.60711669921875,-0.6683349609375,0.0831298828125,2.4806451612903224,75.17106549364614,2.1741935483870964,65.88465298142717,2.3838709677419354,72.23851417399804
10.710540259024128,46.01587022137819,0.44012451171875,0.59930419921875,-0.662109375,0.0931396484375,2.4741935483870967,74.97556207233626,2.190322580645161,66.37341153470186,2.361290322580645,71.5542521994135
10.730185605934821,46.01587022137819,0.44012451171875,0.59930419921875,-0.662109375,0.0931396484375,2.4741935483870967,74.97556207233626,2.180645161290322,66.08015640273703,2.367741935483871,71.74975562072336
10.750246095005423,46.01587022137819,0.44012451171875,0.59930419921875,-0.662109375,0.0931396484375,2.464516129032258,74.68230694037146,2.1870967741935483,66.27565982404691,2.3193548387096774,70.28347996089931
10.770928637939505,42.22673917487688,0.46527099609375,0.58544921875,-0.654296875,0.1124267578125,2.4741935483870967,74.97556207233626,2.2161290322580642,67.15542521994135,2.3451612903225807,71.0654936461388
10.790389279020019,42.22673917487688,0.46527099609375,0.58544921875,-0.654296875,0.1124267578125,2.4741935483870967,74.97556207233626,2.2161290322580642,67.15542521994135,2.2677419354838713,68.71945259042035
10.810487750917673,39.272989016742805,0.48345947265625,0.57647705078125,-0.645751953125,0.1298828125,2.4774193548387093,75.07331378299119,2.2193548387096773,67.25317693059628,2.3193548387096774,70.28347996089931
10.830552559928037,39.272989016742805,0.48345947265625,0.57647705078125,-0.645751953125,0.1298828125,2.4806451612903224,75.17106549364614,2.2419354838709675,67.93743890518084,2.296774193548387,69.59921798631477
10.850627608015202,39.272989016742805,0.48345947265625,0.57647705078125,-0.645751953125,0.1298828125,2.4806451612903224,75.17106549364614,2.24516129032258,68.03519061583576,2.293548387096774,69.50146627565982
10.87067145598121,37.08144439972482,0.49908447265625,0.56561279296875,-0.6416015625,0.13909912109375,2.4741935483870967,74.97556207233626,2.2322580645161287,67.64418377321603,2.3000000000000003,69.69696969696972
10.890778983943164,37.08144439972482,0.49908447265625,0.56561279296875,-0.6416015625,0.13909912109375,2.558064516129032,77.5171065493646,2.274193548387097,68.91495601173021,2.306451612903226,69.89247311827957
10.910810863948427,34.744058477407286,0.51416015625,0.5540771484375,-0.63720703125,0.15020751953125,2.4774193548387093,75.07331378299119,2.2774193548387096,69.01270772238514,2.3193548387096774,70.28347996089931
10.930905080982484,34.744058477407286,0.51416015625,0.5540771484375,-0.63720703125,0.15020751953125,2.525806451612903,76.53958944281524,2.3129032258064517,70.08797653958945,2.2903225806451615,69.40371456500489
10.95094265602529,34.744058477407286,0.51416015625,0.5540771484375,-0.63720703125,0.15020751953125,2.493548387096774,75.56207233626587,2.361290322580645,71.5542521994135,2.293548387096774,69.50146627565982
10.97101213701535,32.12878584016668,0.528564453125,0.5400390625,-0.63433837890625,0.1632080078125,2.525806451612903,76.53958944281524,2.3741935483870966,71.94525904203324,2.3419354838709676,70.96774193548387
10.991071600932628,32.12878584016668,0.528564453125,0.5400390625,-0.63433837890625,0.1632080078125,2.525806451612903,76.53958944281524,2.370967741935484,71.8475073313783,2.3451612903225807,71.0654936461388
11.011146488948725,29.972275815911352,0.54168701171875,0.5262451171875,-0.63250732421875,0.1719970703125,2.525806451612903,76.53958944281524,2.370967741935484,71.8475073313783,2.3516129032258064,71.26099706744868
11.031208929023705,29.972275815911352,0.54168701171875,0.5262451171875,-0.63250732421875,0.1719970703125,2.5774193548387094,78.10361681329422,2.4290322580645163,73.60703812316717,2.370967741935484,71.8475073313783
11.0512801699806,29.972275815911352,0.54168701171875,0.5262451171875,-0.63250732421875,0.1719970703125,2.554838709677419,77.41935483870968,2.4387096774193546,73.90029325513197,2.358064516129032,71.45650048875855
11.071347985998727,28.218791529552107,0.5523681640625,0.51470947265625,-0.63079833984375,0.17901611328125,2.564516129032258,77.71260997067448,2.467741935483871,74.7800586510264,2.367741935483871,71.74975562072336
11.091472539003007,28.218791529552107,0.5523681640625,0.51470947265625,-0.63079833984375,0.17901611328125,2.561290322580645,77.61485826001955,2.4741935483870967,74.97556207233626,2.3451612903225807,71.0654936461388
11.111521827988327,26.64398993315917,0.56097412109375,0.5054931640625,-0.62841796875,0.18670654296875,2.5677419354838706,77.81036168132943,2.4516129032258065,74.29130009775172,2.3741935483870966,71.94525904203324
11.13158286001999,26.64398993315917,0.56097412109375,0.5054931640625,-0.62841796875,0.18670654296875,2.5709677419354837,77.90811339198436,2.4516129032258065,74.29130009775172,2.4,72.72727272727273
11.151628755964339,26.64398993315917,0.56097412109375,0.5054931640625,-0.62841796875,0.18670654296875,2.5354838709677416,76.83284457478005,2.4838709677419355,75.26881720430107,2.412903225806452,73.11827956989248
11.17170226899907,25.44957934974431,0.5665283203125,0.49908447265625,-0.6265869140625,0.193359375,2.6032258064516127,78.88563049853371,2.4774193548387093,75.07331378299119,2.403225806451613,72.82502443792767
11.191763844923116,25.44957934974431,0.5665283203125,0.49908447265625,-0.6265869140625,0.193359375,2.593548387096774,78.59237536656892,2.5032258064516126,75.8553274682307,2.4096774193548387,73.02052785923753
11.21183281391859,24.79600583915085,0.56927490234375,0.49481201171875,-0.62640380859375,0.1966552734375,2.6032258064516127,78.88563049853371,2.5064516129032257,75.95307917888563,2.370967741935484,71.8475073313783
11.231870581978,24.79600583915085,0.56927490234375,0.49481201171875,-0.62640380859375,0.1966552734375,2.6064516129032254,78.98338220918865,2.5354838709677416,76.83284457478005,2.4,72.72727272727273
11.251971518970095,24.79600583915085,0.56927490234375,0.49481201171875,-0.62640380859375,0.1966552734375,2.62258064516129,79.47214076246333,2.5774193548387094,78.10361681329422,2.4096774193548387,73.02052785923753
11.272010086919181,24.463907155371345,0.5699462890625,0.49285888671875,-0.62677001953125,0.1986083984375,2.6129032258064515,79.17888563049853,2.5741935483870964,78.00586510263928,2.412903225806452,73.11827956989248
11.29209332796745,24.463907155371345,0.5699462890625,0.49285888671875,-0.62677001953125,0.1986083984375,2.62258064516129,79.47214076246333,2.532258064516129,76.73509286412512,2.4,72.72727272727273
11.312161943991669,24.307104996676273,0.56927490234375,0.4921875,-0.62725830078125,0.2003173828125,2.629032258064516,79.6676441837732,2.525806451612903,76.53958944281524,2.42258064516129,73.41153470185728
11.332219681004062,24.307104996676273,0.56927490234375,0.4921875,-0.62725830078125,0.2003173828125,2.6419354838709674,80.05865102639295,2.5677419354838706,77.81036168132943,2.435483870967742,73.80254154447702
11.3523130340036,24.193262054166823,0.56817626953125,0.491943359375,-0.62811279296875,0.20166015625,2.6387096774193544,79.960899315738,2.5709677419354837,77.90811339198436,2.370967741935484,71.8475073313783
11.372365713934414,24.193262054166823,0.56817626953125,0.491943359375,-0.62811279296875,0.20166015625,2.6354838709677417,79.86314760508309,2.596774193548387,78.69012707722385,2.390322580645161,72.43401759530792
11.392437721951865,24.193262054166823,0.56817626953125,0.491943359375,-0.62811279296875,0.20166015625,2.654838709677419,80.4496578690127,2.564516129032258,77.71260997067448,2.4741935483870967,74.97556207233626
11.412526243017055,24.136210895989905,0.567138671875,0.49169921875,-0.62896728515625,0.2025146484375,2.5999999999999996,78.78787878787878,2.583870967741935,78.2991202346041,2.4483870967741934,74.19354838709677
11.432584523921832,24.136210895989905,0.567138671875,0.49169921875,-0.62896728515625,0.2025146484375,2.661290322580645,80.64516129032258,2.5741935483870964,78.00586510263928,2.425806451612903,73.50928641251222
11.452652659965679,24.025432134934448,0.56689453125,0.490966796875,-0.62945556640625,0.203369140625,2.6032258064516127,78.88563049853371,2.5774193548387094,78.10361681329422,2.458064516129032,74.48680351906158
11.472690459922887,24.025432134934448,0.56689453125,0.490966796875,-0.62945556640625,0.203369140625,2.6516129032258062,80.35190615835776,2.5677419354838706,77.81036168132943,2.4419354838709677,73.9980449657869
11.492784740985371,24.025432134934448,0.56689453125,0.490966796875,-0.62945556640625,0.203369140625,2.654838709677419,80.4496578690127,2.5741935483870964,78.00586510263928,2.4290322580645163,73.60703812316717
11.514516448951326,23.897483373461597,0.56683349609375,0.4901123046875,-0.62994384765625,0.20416259765625,2.629032258064516,79.6676441837732,2.5806451612903225,78.20136852394917,2.432258064516129,73.70478983382209
11.53291083802469,23.897483373461597,0.56683349609375,0.4901123046875,-0.62994384765625,0.20416259765625,2.616129032258064,79.27663734115346,2.590322580645161,78.49462365591397,2.4161290322580644,73.21603128054741
11.552985309972428,23.732077632596386,0.56744384765625,0.489013671875,-0.6300048828125,0.2049560546875,2.629032258064516,79.6676441837732,2.5806451612903225,78.20136852394917,2.445161290322581,74.09579667644185
11.573075174936093,23.732077632596386,0.56744384765625,0.489013671875,-0.6300048828125,0.2049560546875,2.658064516129032,80.54740957966764,2.590322580645161,78.49462365591397,2.4483870967741934,74.19354838709677
11.593118862947449,23.732077632596386,0.56744384765625,0.489013671875,-0.6300048828125,0.2049560546875,2.658064516129032,80.54740957966764,2.558064516129032,77.5171065493646,2.42258064516129,73.41153470185728
11.613189111929387,23.95315979007937,0.56793212890625,0.4903564453125,-0.6290283203125,0.20330810546875,2.654838709677419,80.4496578690127,2.6032258064516127,78.88563049853371,2.4193548387096775,73.31378299120234
11.633232192019932,23.95315979007937,0.56793212890625,0.4903564453125,-0.6290283203125,0.20330810546875,2.712903225806451,82.20918866080156,2.5806451612903225,78.20136852394917,2.454838709677419,74.38905180840665
11.653321704943664,24.03443503096092,0.568359375,0.490966796875,-0.62835693359375,0.20269775390625,2.6322580645161286,79.76539589442815,2.5806451612903225,78.20136852394917,2.432258064516129,73.70478983382209
11.673361360910349,24.03443503096092,0.568359375,0.490966796875,-0.62835693359375,0.20269775390625,2.6516129032258062,80.35190615835776,2.558064516129032,77.5171065493646,2.412903225806452,73.11827956989248
11.69344901794102,24.03443503096092,0.568359375,0.490966796875,-0.62835693359375,0.20269775390625,2.6419354838709674,80.05865102639295,2.5741935483870964,78.00586510263928,2.4483870967741934,74.19354838709677
11.713517218013294,24.076635488484214,0.56817626953125,0.491455078125,-0.628173828125,0.20263671875,2.680645161290322,81.23167155425219,2.5387096774193547,76.93059628543499,2.4419354838709677,73.9980449657869
11.733606667025015,24.076635488484214,0.56817626953125,0.491455078125,-0.628173828125,0.20263671875,2.6451612903225805,80.1564027370479,2.587096774193548,78.39687194525904,2.4483870967741934,74.19354838709677
11.7536932999501,24.23798626550591,0.56719970703125,0.49334716796875,-0.6275634765625,0.20263671875,2.6645161290322577,80.74291300097751,2.596774193548387,78.69012707722385,2.393548387096774,72.53176930596285
11.77373577200342,24.23798626550591,0.56719970703125,0.49334716796875,-0.6275634765625,0.20263671875,2.616129032258064,79.27663734115346,2.558064516129032,77.5171065493646,2.412903225806452,73.11827956989248
11.793838180950843,24.23798626550591,0.56719970703125,0.49334716796875,-0.6275634765625,0.20263671875,2.680645161290322,81.23167155425219,2.554838709677419,77.41935483870968,2.4290322580645163,73.60703812316717
11.813883565017022,24.52677377672022,0.5655517578125,0.4962158203125,-0.626953125,0.2021484375,2.6677419354838707,80.84066471163244,2.5,75.75757575757575,2.4161290322580644,73.21603128054741
11.833934422000311,24.52677377672022,0.5655517578125,0.4962158203125,-0.626953125,0.2021484375,2.6516129032258062,80.35190615835776,2.519354838709677,76.34408602150538,2.4,72.72727272727273
11.854025181964971,24.97026331489353,0.5633544921875,0.50030517578125,-0.6259765625,0.20111083984375,2.654838709677419,80.4496578690127,2.529032258064516,76.63734115347019,2.412903225806452,73.11827956989248
11.874073478975333,24.97026331489353,0.5633544921875,0.50030517578125,-0.6259765625,0.20111083984375,2.6451612903225805,80.1564027370479,2.5387096774193547,76.93059628543499,2.4,72.72727272727273
11.894422833924182,24.97026331489353,0.5633544921875,0.50030517578125,-0.6259765625,0.20111083984375,2.6387096774193544,79.960899315738,2.5,75.75757575757575,2.412903225806452,73.11827956989248
11.91424917592667,25.478551798640055,0.560302734375,0.5054931640625,-0.624755859375,0.200439453125,2.6354838709677417,79.86314760508309,2.4774193548387093,75.07331378299119,2.432258064516129,73.70478983382209
11.934333088924177,25.478551798640055,0.560302734375,0.5054931640625,-0.624755859375,0.200439453125,2.629032258064516,79.6676441837732,2.4806451612903224,75.17106549364614,2.4193548387096775,73.31378299120234
11.954370024963282,25.889460056166044,0.5565185546875,0.5098876953125,-0.62457275390625,0.20050048828125,2.654838709677419,80.4496578690127,2.4612903225806453,74.58455522971653,2.425806451612903,73.50928641251222
11.97444603301119,25.889460056166044,0.5565185546875,0.5098876953125,-0.62457275390625,0.20050048828125,2.6322580645161286,79.76539589442815,2.4838709677419355,75.26881720430107,2.3838709677419354,72.23851417399804
11.994999808026478,25.889460056166044,0.5565185546875,0.5098876953125,-0.62457275390625,0.20050048828125,2.590322580645161,78.49462365591397,2.4516129032258065,74.29130009775172,2.432258064516129,73.70478983382209
12.014566721976735,26.194348751716355,0.55224609375,0.512939453125,-0.62567138671875,0.2010498046875,2.5806451612903225,78.20136852394917,2.4516129032258065,74.29130009775172,2.3967741935483873,72.6295210166178
12.03461620293092,26.194348751716355,0.55224609375,0.512939453125,-0.62567138671875,0.2010498046875,2.6096774193548384,79.0811339198436,2.432258064516129,73.70478983382209,2.3967741935483873,72.6295210166178
12.054700915934518,26.592888916161662,0.5482177734375,0.5166015625,-0.626220703125,0.200927734375,2.5806451612903225,78.20136852394917,2.4096774193548387,73.02052785923753,2.3967741935483873,72.6295210166178
12.07475244498346,26.592888916161662,0.5482177734375,0.5166015625,-0.626220703125,0.200927734375,2.5806451612903225,78.20136852394917,2.3774193548387097,72.04301075268818,2.42258064516129,73.41153470185728
12.094847237924114,26.592888916161662,0.5482177734375,0.5166015625,-0.626220703125,0.200927734375,2.583870967741935,78.2991202346041,2.3967741935483873,72.6295210166178,2.370967741935484,71.8475073313783
12.114960910985246,27.306302375607466,0.54193115234375,0.5230712890625,-0.6265869140625,0.2001953125,2.5806451612903225,78.20136852394917,2.370967741935484,71.8475073313783,2.42258064516129,73.41153470185728
12.13497621496208,27.306302375607466,0.54193115234375,0.5230712890625,-0.6265869140625,0.2001953125,2.5806451612903225,78.20136852394917,2.325806451612903,70.4789833822092,2.4064516129032256,72.9227761485826
12.15504412795417,28.3889295865051,0.53375244140625,0.53131103515625,-0.6275634765625,0.19744873046875,2.5387096774193547,76.93059628543499,2.3193548387096774,70.28347996089931,2.42258064516129,73.41153470185728
12.175102856941521,28.3889295865051,0.53375244140625,0.53131103515625,-0.6275634765625,0.19744873046875,2.5354838709677416,76.83284457478005,2.270967741935484,68.81720430107528,2.393548387096774,72.53176930596285
12.195163729949854,28.3889295865051,0.53375244140625,0.53131103515625,-0.6275634765625,0.19744873046875,2.532258064516129,76.73509286412512,2.261290322580645,68.52394916911047,2.3741935483870966,71.94525904203324
12.215247578918934,30.184479952547065,0.524169921875,0.5413818359375,-0.6297607421875,0.1885986328125,2.5451612903225804,77.12609970674487,2.1774193548387095,65.98240469208211,2.3741935483870966,71.94525904203324
12.23527689895127,30.184479952547065,0.524169921875,0.5413818359375,-0.6297607421875,0.1885986328125,2.52258064516129,76.44183773216031,2.1838709677419352,66.17790811339198,2.393548387096774,72.53176930596285
12.255355948000215,32.469827886193094,0.51324462890625,0.55218505859375,-0.6331787109375,0.1754150390625,2.5129032258064514,76.1485826001955,2.1677419354838707,65.6891495601173,2.3451612903225807,71.0654936461388
12.275434004957788,32.469827886193094,0.51324462890625,0.55218505859375,-0.6331787109375,0.1754150390625,2.551612903225806,77.32160312805473,2.1451612903225805,65.00488758553274,2.367741935483871,71.74975562072336
12.295519614010118,32.469827886193094,0.51324462890625,0.55218505859375,-0.6331787109375,0.1754150390625,2.5387096774193547,76.93059628543499,2.054838709677419,62.267839687194524,2.3870967741935485,72.33626588465299
12.315556422923692,35.0453324387672,0.50146484375,0.56048583984375,-0.639892578125,0.1578369140625,2.4774193548387093,75.07331378299119,1.996774193548387,60.50830889540567,2.3516129032258064,71.26099706744868
12.335618575918488,35.0453324387672,0.50146484375,0.56048583984375,-0.639892578125,0.1578369140625,2.519354838709677,76.34408602150538,2.009677419354839,60.899315738025415,2.3741935483870966,71.94525904203324
12.355687479954213,38.10273801235837,0.4862060546875,0.57489013671875,-0.64288330078125,0.14068603515625,2.4612903225806453,74.58455522971653,1.9258064516129032,58.35777126099707,2.4,72.72727272727273
12.375831233919598,38.10273801235837,0.4862060546875,0.57489013671875,-0.64288330078125,0.14068603515625,2.5129032258064514,76.1485826001955,1.8032258064516127,54.64320625610948,2.370967741935484,71.8475073313783
12.3958600750193,38.10273801235837,0.4862060546875,0.57489013671875,-0.64288330078125,0.14068603515625,2.4741935483870967,74.97556207233626,1.764516129032258,53.47018572825024,2.370967741935484,71.8475073313783
12.415948211913928,41.374096266661724,0.46875,0.5924072265625,-0.643310546875,0.12432861328125,2.4741935483870967,74.97556207233626,1.6612903225806452,50.34213098729228,2.4064516129032256,72.9227761485826
12.435970459948294,41.374096266661724,0.46875,0.5924072265625,-0.643310546875,0.12432861328125,2.4741935483870967,74.97556207233626,1.596774193548387,48.38709677419355,2.4193548387096775,73.31378299120234
12.456048068939708,44.81422917883017,0.44952392578125,0.6107177734375,-0.6429443359375,0.1075439453125,2.4741935483870967,74.97556207233626,1.429032258064516,43.30400782013685,2.4161290322580644,73.21603128054741
12.47610791795887,44.81422917883017,0.44952392578125,0.6107177734375,-0.6429443359375,0.1075439453125,2.4483870967741934,74.19354838709677,1.2,36.36363636363637,2.4161290322580644,73.21603128054741
12.496188791003078,44.81422917883017,0.44952392578125,0.6107177734375,-0.6429443359375,0.1075439453125,2.4741935483870967,74.97556207233626,1.1193548387096772,33.91984359726295,2.4483870967741934,74.19354838709677
12.516252190922387,48.60883411527679,0.4278564453125,0.6282958984375,-0.643798828125,0.0877685546875,2.4741935483870967,74.97556207233626,1.0677419354838709,32.355816226783965,2.435483870967742,73.80254154447702
12.536335175973363,48.60883411527679,0.4278564453125,0.6282958984375,-0.643798828125,0.0877685546875,2.490322580645161,75.46432062561095,1.064516129032258,32.25806451612903,2.3838709677419354,72.23851417399804
12.55640462494921,52.39101690926438,0.40582275390625,0.6424560546875,-0.64666748046875,0.06646728515625,2.5129032258064514,76.1485826001955,1.1193548387096772,33.91984359726295,2.4193548387096775,73.31378299120234
12.576483033946715,52.39101690926438,0.40582275390625,0.6424560546875,-0.64666748046875,0.06646728515625,2.487096774193548,75.366568914956,1.135483870967742,34.40860215053764,2.4483870967741934,74.19354838709677
12.596534051001072,52.39101690926438,0.40582275390625,0.6424560546875,-0.64666748046875,0.06646728515625,2.558064516129032,77.5171065493646,1.1064516129032256,33.5288367546432,2.42258064516129,73.41153470185728
12.616598860011436,56.220944877278676,0.38323974609375,0.651611328125,-0.65325927734375,0.04241943359375,2.5129032258064514,76.1485826001955,1.1870967741935483,35.97262952101662,2.435483870967742,73.80254154447702
12.6366777169751,56.220944877278676,0.38323974609375,0.651611328125,-0.65325927734375,0.04241943359375,2.490322580645161,75.46432062561095,1.2451612903225806,37.732160312805476,2.454838709677419,74.38905180840665
12.656726205023006,60.23516833627298,0.36065673828125,0.6563720703125,-0.6624755859375,0.01416015625,2.5,75.75757575757575,1.3096774193548386,39.687194525904204,2.4612903225806453,74.58455522971653
12.676809989963658,60.23516833627298,0.36065673828125,0.6563720703125,-0.6624755859375,0.01416015625,2.4806451612903224,75.17106549364614,1.3064516129032258,39.589442815249264,2.4483870967741934,74.19354838709677
12.696871918975376,60.23516833627298,0.36065673828125,0.6563720703125,-0.6624755859375,0.01416015625,2.5387096774193547,76.93059628543499,1.2774193548387096,38.70967741935484,2.4290322580645163,73.60703812316717
12.716935031930916,64.58120645093379,-0.33477783203125,-0.6591796875,0.67315673828125,0.01629638671875,2.525806451612903,76.53958944281524,1.2225806451612904,37.047898338220925,2.435483870967742,73.80254154447702
12.736995936953463,64.58120645093379,-0.33477783203125,-0.6591796875,0.67315673828125,0.01629638671875,2.525806451612903,76.53958944281524,1.1741935483870969,35.581622678396876,2.4516129032258065,74.29130009775172
12.757061609998345,68.90990488582852,-0.3055419921875,-0.6650390625,0.68011474609375,0.04193115234375,2.5096774193548383,76.05083088954055,1.1806451612903226,35.77712609970675,2.4419354838709677,73.9980449657869
12.777422294020653,68.90990488582852,-0.3055419921875,-0.6650390625,0.68011474609375,0.04193115234375,2.5,75.75757575757575,1.12258064516129,34.01759530791788,2.467741935483871,74.7800586510264
12.797205018927343,68.90990488582852,-0.3055419921875,-0.6650390625,0.68011474609375,0.04193115234375,2.496774193548387,75.65982404692082,1.1129032258064515,33.724340175953074,2.445161290322581,74.09579667644185
12.81727881997358,73.0953500963905,-0.27593994140625,-0.6741943359375,0.68212890625,0.06353759765625,2.4774193548387093,75.07331378299119,1.0838709677419354,32.84457478005865,2.4419354838709677,73.9980449657869
12.8373572609853,73.0953500963905,-0.27593994140625,-0.6741943359375,0.68212890625,0.06353759765625,2.4774193548387093,75.07331378299119,1.1064516129032256,33.5288367546432,2.4290322580645163,73.60703812316717
12.857417845982127,77.4327433768307,-0.24530029296875,-0.682861328125,0.6827392578125,0.0859375,2.52258064516129,76.44183773216031,1.5193548387096774,46.04105571847507,2.3741935483870966,71.94525904203324
12.877483454998583,77.4327433768307,-0.24530029296875,-0.682861328125,0.6827392578125,0.0859375,2.52258064516129,76.44183773216031,1.1193548387096772,33.91984359726295,2.3516129032258064,71.26099706744868
12.897544872015715,77.4327433768307,-0.24530029296875,-0.682861328125,0.6827392578125,0.0859375,2.52258064516129,76.44183773216031,1.167741935483871,35.386119257087,2.3193548387096774,70.28347996089931
12.91761432099156,81.4572135040608,-0.2149658203125,-0.6787109375,0.69354248046875,0.1102294921875,2.529032258064516,76.63734115347019,1.2483870967741935,37.82991202346041,2.3741935483870966,71.94525904203324
12.937680472969078,81.4572135040608,-0.2149658203125,-0.6787109375,0.69354248046875,0.1102294921875,2.5774193548387094,78.10361681329422,1.2903225806451613,39.100684261974585,2.4096774193548387,73.02052785923753
12.957757857977413,86.23364726061924,-0.1795654296875,-0.677001953125,0.700439453125,0.13726806640625,2.564516129032258,77.71260997067448,1.261290322580645,38.220918866080154,2.4096774193548387,73.02052785923753
12.986578417010605,86.23364726061924,-0.1795654296875,-0.677001953125,0.700439453125,0.13726806640625,2.5354838709677416,76.83284457478005,1.2419354838709677,37.634408602150536,2.4064516129032256,72.9227761485826
12.99788862792775,86.23364726061924,-0.1795654296875,-0.677001953125,0.700439453125,0.13726806640625,2.551612903225806,77.32160312805473,1.2225806451612904,37.047898338220925,2.3806451612903228,72.14076246334312
13.017980828997679,90.16659794012028,-0.14501953125,-0.6744384765625,0.707275390625,0.15423583984375,2.551612903225806,77.32160312805473,1.232258064516129,37.34115347018573,2.393548387096774,72.53176930596285
13.038030950003304,90.16659794012028,-0.14501953125,-0.6744384765625,0.707275390625,0.15423583984375,2.5032258064516126,75.8553274682307,1.261290322580645,38.220918866080154,2.4,72.72727272727273
13.058122191927396,93.6276105012394,-0.116943359375,-0.67681884765625,0.7069091796875,0.16888427734375,2.5161290322580645,76.24633431085044,1.3096774193548386,39.687194525904204,2.3838709677419354,72.23851417399804
13.07816783292219,93.6276105012394,-0.116943359375,-0.67681884765625,0.7069091796875,0.16888427734375,2.487096774193548,75.366568914956,1.3096774193548386,39.687194525904204,2.4064516129032256,72.9227761485826
13.09823097800836,93.6276105012394,-0.116943359375,-0.67681884765625,0.7069091796875,0.16888427734375,2.564516129032258,77.71260997067448,1.3387096774193548,40.56695992179863,2.390322580645161,72.43401759530792
13.11830084293615,96.73185978500003,-0.09332275390625,-0.681884765625,0.7022705078125,0.18206787109375,2.519354838709677,76.34408602150538,1.3419354838709676,40.66471163245357,2.3838709677419354,72.23851417399804
13.138377907918766,96.73185978500003,-0.09332275390625,-0.681884765625,0.7022705078125,0.18206787109375,2.532258064516129,76.73509286412512,1.3645161290322578,41.34897360703812,2.3548387096774195,71.35874877810362
13.15844854095485,99.66184462474791,-0.07098388671875,-0.685302734375,0.6981201171875,0.19476318359375,2.551612903225806,77.32160312805473,1.3806451612903226,41.837732160312804,2.358064516129032,71.45650048875855
13.178561414941214,99.66184462474791,-0.07098388671875,-0.685302734375,0.6981201171875,0.19476318359375,2.5129032258064514,76.1485826001955,1.4258064516129032,43.20625610948191,2.3193548387096774,70.28347996089931
13.198586831917055,99.66184462474791,-0.07098388671875,-0.685302734375,0.6981201171875,0.19476318359375,2.564516129032258,77.71260997067448,1.403225806451613,42.52199413489737,2.3322580645161293,70.67448680351907
13.21868034498766,102.56836534722369,-0.049072265625,-0.68609619140625,0.6953125,0.20831298828125,2.525806451612903,76.53958944281524,1.3903225806451613,42.13098729227762,2.361290322580645,71.5542521994135
13.238716673920862,102.56836534722369,-0.049072265625,-0.68609619140625,0.6953125,0.20831298828125,2.5,75.75757575757575,1.403225806451613,42.52199413489737,2.367741935483871,71.74975562072336
13.258782443008386,105.41372468148238,-0.02734375,-0.68536376953125,0.69317626953125,0.2215576171875,2.5741935483870964,78.00586510263928,1.4096774193548387,42.717497556207235,2.335483870967742,70.772238514174
13.278915029019117,105.41372468148238,-0.02734375,-0.68536376953125,0.69317626953125,0.2215576171875,2.561290322580645,77.61485826001955,1.432258064516129,43.401759530791786,2.3193548387096774,70.28347996089931
13.298929309938103,105.41372468148238,-0.02734375,-0.68536376953125,0.69317626953125,0.2215576171875,2.5774193548387094,78.10361681329422,1.4161290322580644,42.91300097751711,2.325806451612903,70.4789833822092
13.31901008693967,108.2709938541313,-0.007080078125,-0.68621826171875,0.68817138671875,0.23553466796875,2.525806451612903,76.53958944281524,1.4516129032258065,43.98826979472141,2.3225806451612905,70.38123167155426
13.339059439953417,108.2709938541313,-0.007080078125,-0.68621826171875,0.68817138671875,0.23553466796875,2.564516129032258,77.71260997067448,1.525806451612903,46.236559139784944,2.3838709677419354,72.23851417399804
13.359156345948577,110.94226729442522,0.0107421875,-0.68914794921875,0.68048095703125,0.24871826171875,2.554838709677419,77.41935483870968,1.593548387096774,48.289345063538605,2.42258064516129,73.41153470185728
13.379242018912919,110.94226729442522,0.0107421875,-0.68914794921875,0.68048095703125,0.24871826171875,2.525806451612903,76.53958944281524,1.6516129032258065,50.048875855327466,2.403225806451613,72.82502443792767
13.399296619929373,110.94226729442522,0.0107421875,-0.68914794921875,0.68048095703125,0.24871826171875,2.564516129032258,77.71260997067448,1.6580645161290322,50.24437927663734,2.4,72.72727272727273
13.419344884925522,113.51814574280866,0.02679443359375,-0.6929931640625,0.67108154296875,0.261962890625,2.561290322580645,77.61485826001955,1.7870967741935482,54.154447702834794,2.42258064516129,73.41153470185728
13.439419677946717,113.51814574280866,0.02679443359375,-0.6929931640625,0.67108154296875,0.261962890625,2.551612903225806,77.32160312805473,1.8129032258064515,54.936461388074285,2.42258064516129,73.41153470185728
13.459482440026477,115.9307228724232,0.03985595703125,-0.6956787109375,0.661865234375,0.2763671875,2.616129032258064,79.27663734115346,1.903225806451613,57.67350928641252,2.3967741935483873,72.6295210166178
13.479558705003,115.9307228724232,0.03985595703125,-0.6956787109375,0.661865234375,0.2763671875,2.629032258064516,79.6676441837732,1.9774193548387096,59.92179863147605,2.4516129032258065,74.29130009775172
13.499580473988317,115.9307228724232,0.03985595703125,-0.6956787109375,0.661865234375,0.2763671875,2.5774193548387094,78.10361681329422,2.0258064516129033,61.3880742913001,2.4709677419354836,74.87781036168133
13.519679714925587,118.05914888808908,0.05023193359375,-0.6976318359375,0.65313720703125,0.29010009765625,2.629032258064516,79.6676441837732,2.064516129032258,62.56109481915934,2.487096774193548,75.366568914956
13.540942073916085,118.05914888808908,0.05023193359375,-0.6976318359375,0.65313720703125,0.29010009765625,2.590322580645161,78.49462365591397,2.0806451612903225,63.049853372434015,2.4774193548387093,75.07331378299119
13.561038275947794,119.86543001919286,0.05804443359375,-0.7001953125,0.64422607421875,0.30218505859375,2.5774193548387094,78.10361681329422,2.0709677419354837,62.75659824046921,2.52258064516129,76.44183773216031
13.581105612916872,119.86543001919286,0.05804443359375,-0.7001953125,0.64422607421875,0.30218505859375,2.629032258064516,79.6676441837732,2.1096774193548384,63.929618768328446,2.496774193548387,75.65982404692082
13.601114516961388,119.86543001919286,0.05804443359375,-0.7001953125,0.64422607421875,0.30218505859375,2.596774193548387,78.69012707722385,2.1096774193548384,63.929618768328446,2.529032258064516,76.63734115347019
13.621198590961285,121.40821197673505,0.065185546875,-0.701904296875,0.636962890625,0.31207275390625,2.5709677419354837,77.90811339198436,2.1451612903225805,65.00488758553274,2.525806451612903,76.53958944281524
13.641244295984507,121.40821197673505,0.065185546875,-0.701904296875,0.636962890625,0.31207275390625,2.596774193548387,78.69012707722385,2.161290322580645,65.49364613880742,2.5419354838709673,77.02834799608992
13.661308913026005,122.84428479395223,0.07354736328125,-0.7015380859375,0.63238525390625,0.32025146484375,2.6129032258064515,79.17888563049853,2.158064516129032,65.39589442815249,2.5483870967741935,77.2238514173998
13.6814161229413,122.84428479395223,0.07354736328125,-0.7015380859375,0.63238525390625,0.32025146484375,2.6096774193548384,79.0811339198436,2.170967741935484,65.78690127077223,2.5419354838709673,77.02834799608992
13.701488420017995,122.84428479395223,0.07354736328125,-0.7015380859375,0.63238525390625,0.32025146484375,2.6064516129032254,78.98338220918865,2.1774193548387095,65.98240469208211,2.551612903225806,77.32160312805473
13.72153812495526,123.97508055780932,0.0810546875,-0.70025634765625,0.6298828125,0.32611083984375,2.590322580645161,78.49462365591397,2.1677419354838707,65.6891495601173,2.5419354838709673,77.02834799608992
13.741593045997433,123.97508055780932,0.0810546875,-0.70025634765625,0.6298828125,0.32611083984375,2.629032258064516,79.6676441837732,2.1645161290322577,65.59139784946235,2.529032258064516,76.63734115347019
13.761707935947925,124.66606645209441,0.084716796875,-0.7005615234375,0.626953125,0.33013916015625,2.6193548387096772,79.37438905180841,2.203225806451613,66.7644183773216,2.5387096774193547,76.93059628543499
13.78176167292986,124.66606645209441,0.084716796875,-0.7005615234375,0.626953125,0.33013916015625,2.6451612903225805,80.1564027370479,2.212903225806451,67.0576735092864,2.532258064516129,76.73509286412512
13.80185960198287,124.66606645209441,0.084716796875,-0.7005615234375,0.626953125,0.33013916015625,2.6419354838709674,80.05865102639295,2.1999999999999997,66.66666666666666,2.5129032258064514,76.1485826001955
13.821919130976312,125.07735696764891,0.0849609375,-0.702392578125,0.6229248046875,0.333740234375,2.62258064516129,79.47214076246333,2.235483870967742,67.74193548387096,2.5419354838709673,77.02834799608992
13.841987299965695,125.07735696764891,0.0849609375,-0.702392578125,0.6229248046875,0.333740234375,2.5999999999999996,78.78787878787878,2.2193548387096773,67.25317693059628,2.5451612903225804,77.12609970674487
13.862110221991315,125.33227675283067,0.08428955078125,-0.70465087890625,0.61907958984375,0.3363037109375,2.629032258064516,79.6676441837732,2.190322580645161,66.37341153470186,2.554838709677419,77.41935483870968
13.882144502946176,125.33227675283067,0.08428955078125,-0.70465087890625,0.61907958984375,0.3363037109375,2.6387096774193544,79.960899315738,2.2419354838709675,67.93743890518084,2.554838709677419,77.41935483870968
13.902209279942326,125.33227675283067,0.08428955078125,-0.70465087890625,0.61907958984375,0.3363037109375,2.6032258064516127,78.88563049853371,2.2290322580645157,67.54643206256108,2.554838709677419,77.41935483870968
13.922286954009905,125.52051998185931,0.08392333984375,-0.70611572265625,0.616455078125,0.338134765625,2.6677419354838707,80.84066471163244,2.203225806451613,66.7644183773216,2.532258064516129,76.73509286412512
13.942318193963729,125.52051998185931,0.08392333984375,-0.70611572265625,0.616455078125,0.338134765625,2.6032258064516127,78.88563049853371,2.2096774193548385,66.95992179863147,2.5774193548387094,78.10361681329422
13.962374171009287,125.65787584915688,0.08477783203125,-0.7066650390625,0.615478515625,0.338623046875,2.5774193548387094,78.10361681329422,2.2290322580645157,67.54643206256108,2.5129032258064514,76.1485826001955
13.982504133018665,125.65787584915688,0.08477783203125,-0.7066650390625,0.615478515625,0.338623046875,2.6419354838709674,80.05865102639295,2.203225806451613,66.7644183773216,2.561290322580645,77.61485826001955
14.002573133911937,125.65787584915688,0.08477783203125,-0.7066650390625,0.615478515625,0.338623046875,2.6354838709677417,79.86314760508309,2.1870967741935483,66.27565982404691,2.564516129032258,77.71260997067448
14.022654487984255,125.75185852926859,0.08648681640625,-0.70648193359375,0.61572265625,0.338134765625,2.6032258064516127,78.88563049853371,2.193548387096774,66.47116324535679,2.5774193548387094,78.10361681329422
14.042732801986858,125.75185852926859,0.08648681640625,-0.70648193359375,0.61572265625,0.338134765625,2.6709677419354834,80.93841642228737,2.180645161290322,66.08015640273703,2.554838709677419,77.41935483870968
14.062783370958641,125.73426488181089,0.08697509765625,-0.7064208984375,0.61602783203125,0.3375244140625,2.6322580645161286,79.76539589442815,2.1838709677419352,66.17790811339198,2.5774193548387094,78.10361681329422
14.082855412969366,125.73426488181089,0.08697509765625,-0.7064208984375,0.61602783203125,0.3375244140625,2.680645161290322,81.23167155425219,2.1774193548387095,65.98240469208211,2.561290322580645,77.61485826001955
14.102947997977026,125.73426488181089,0.08697509765625,-0.7064208984375,0.61602783203125,0.3375244140625,2.6516129032258062,80.35190615835776,2.203225806451613,66.7644183773216,2.525806451612903,76.53958944281524
14.123044871957973,125.6109469802428,0.08575439453125,-0.70703125,0.61572265625,0.33709716796875,2.6322580645161286,79.76539589442815,2.203225806451613,66.7644183773216,2.519354838709677,76.34408602150538
14.143075568950735,125.6109469802428,0.08575439453125,-0.70703125,0.61572265625,0.33709716796875,2.629032258064516,79.6676441837732,2.22258064516129,67.35092864125122,2.525806451612903,76.53958944281524
14.163204699987546,125.34145274683945,0.08251953125,-0.70770263671875,0.615478515625,0.3369140625,2.661290322580645,80.64516129032258,2.2161290322580642,67.15542521994135,2.525806451612903,76.53958944281524
14.18325616500806,125.34145274683945,0.08251953125,-0.70770263671875,0.615478515625,0.3369140625,2.658064516129032,80.54740957966764,2.2290322580645157,67.54643206256108,2.525806451612903,76.53958944281524
14.203292845981196,125.34145274683945,0.08251953125,-0.70770263671875,0.615478515625,0.3369140625,2.6354838709677417,79.86314760508309,2.203225806451613,66.7644183773216,2.5774193548387094,78.10361681329422
14.223362263990566,124.85082188479129,0.07745361328125,-0.70855712890625,0.61572265625,0.3359375,2.6677419354838707,80.84066471163244,2.2419354838709675,67.93743890518084,2.532258064516129,76.73509286412512
14.243433056981303,124.85082188479129,0.07745361328125,-0.70855712890625,0.61572265625,0.3359375,2.629032258064516,79.6676441837732,2.2193548387096773,67.25317693059628,2.590322580645161,78.49462365591397
14.263494538958184,124.21308306202313,0.072265625,-0.7083740234375,0.61767578125,0.3338623046875,2.6516129032258062,80.35190615835776,2.2161290322580642,67.15542521994135,2.5483870967741935,77.2238514173998
14.283654548926279,124.21308306202313,0.072265625,-0.7083740234375,0.61767578125,0.3338623046875,2.6419354838709674,80.05865102639295,2.22258064516129,67.35092864125122,2.5387096774193547,76.93059628543499
14.303704414982349,124.21308306202313,0.072265625,-0.7083740234375,0.61767578125,0.3338623046875,2.629032258064516,79.6676441837732,2.2193548387096773,67.25317693059628,2.5774193548387094,78.10361681329422
14.323770183953457,123.47089369117617,0.06689453125,-0.70721435546875,0.62103271484375,0.3311767578125,2.629032258064516,79.6676441837732,2.2064516129032254,66.86217008797654,2.5741935483870964,78.00586510263928
14.343877521925606,123.47089369117617,0.06689453125,-0.70721435546875,0.62103271484375,0.3311767578125,2.654838709677419,80.4496578690127,2.1645161290322577,65.59139784946235,2.564516129032258,77.71260997067448
14.36396050802432,122.46192207473892,0.059326171875,-0.70574951171875,0.62530517578125,0.32769775390625,2.629032258064516,79.6676441837732,2.1870967741935483,66.27565982404691,2.5709677419354837,77.90811339198436
14.384015460964292,122.46192207473892,0.059326171875,-0.70574951171875,0.62530517578125,0.32769775390625,2.6387096774193544,79.960899315738,2.190322580645161,66.37341153470186,2.5774193548387094,78.10361681329422
14.404047245974652,122.46192207473892,0.059326171875,-0.70574951171875,0.62530517578125,0.32769775390625,2.6354838709677417,79.86314760508309,2.1741935483870964,65.88465298142717,2.5419354838709673,77.02834799608992
14.424109687912278,121.23660577920347,0.05010986328125,-0.704345703125,0.6300048828125,0.32330322265625,2.6451612903225805,80.1564027370479,2.1548387096774193,65.29814271749756,2.5451612903225804,77.12609970674487
14.444248609943315,121.23660577920347,0.05010986328125,-0.704345703125,0.6300048828125,0.32330322265625,2.6193548387096772,79.37438905180841,2.129032258064516,64.51612903225806,2.532258064516129,76.73509286412512
14.464286410948262,119.87234602370518,0.0399169921875,-0.7027587890625,0.635009765625,0.31829833984375,2.6322580645161286,79.76539589442815,2.138709677419355,64.80938416422288,2.4838709677419355,75.26881720430107
14.484343764954247,119.87234602370518,0.0399169921875,-0.7027587890625,0.635009765625,0.31829833984375,2.6354838709677417,79.86314760508309,2.1548387096774193,65.29814271749756,2.5032258064516126,75.8553274682307
14.504415837931447,119.87234602370518,0.0399169921875,-0.7027587890625,0.635009765625,0.31829833984375,2.648387096774193,80.25415444770283,2.1032258064516127,63.73411534701857,2.5,75.75757575757575
14.524479527957737,118.3123313995282,0.02825927734375,-0.70062255859375,0.64080810546875,0.3126220703125,2.629032258064516,79.6676441837732,2.074193548387097,62.85434995112414,2.4838709677419355,75.26881720430107
14.544571665930562,118.3123313995282,0.02825927734375,-0.70062255859375,0.64080810546875,0.3126220703125,2.62258064516129,79.47214076246333,2.009677419354839,60.899315738025415,2.4838709677419355,75.26881720430107
14.564611674984917,116.5715724912593,0.01611328125,-0.697265625,0.64813232421875,0.3057861328125,2.5774193548387094,78.10361681329422,1.9548387096774194,59.2375366568915,2.525806451612903,76.53958944281524
14.584690084913746,116.5715724912593,0.01611328125,-0.697265625,0.64813232421875,0.3057861328125,2.629032258064516,79.6676441837732,1.9193548387096775,58.162267839687196,2.490322580645161,75.46432062561095
14.604745485936292,116.5715724912593,0.01611328125,-0.697265625,0.64813232421875,0.3057861328125,2.564516129032258,77.71260997067448,1.9129032258064516,57.96676441837732,2.4709677419354836,74.87781036168133
14.624805431929417,114.6946297767433,0.00335693359375,-0.6925048828125,0.65673828125,0.2984619140625,2.590322580645161,78.49462365591397,1.932258064516129,58.55327468230694,2.464516129032258,74.68230694037146
14.644872384960763,114.6946297767433,0.00335693359375,-0.6925048828125,0.65673828125,0.2984619140625,2.6032258064516127,78.88563049853371,1.8903225806451613,57.28250244379277,2.4774193548387093,75.07331378299119
14.66493533900939,112.72537655698783,-0.010009765625,-0.6866455078125,0.66607666015625,0.291015625,2.6032258064516127,78.88563049853371,1.8677419354838707,56.59824046920821,2.4806451612903224,75.17106549364614
14.685046004946344,112.72537655698783,-0.010009765625,-0.6866455078125,0.66607666015625,0.291015625,2.587096774193548,78.39687194525904,1.8806451612903226,56.98924731182796,2.4774193548387093,75.07331378299119
14.705091806012206,112.72537655698783,-0.010009765625,-0.6866455078125,0.66607666015625,0.291015625,2.5774193548387094,78.10361681329422,1.8838709677419354,57.0869990224829,2.4741935483870967,74.97556207233626
14.725151750957593,110.41873057825735,-0.02728271484375,-0.681640625,0.67425537109375,0.28289794921875,2.5709677419354837,77.90811339198436,1.8548387096774193,56.20723362658847,2.4612903225806453,74.58455522971653
14.745214896975085,110.41873057825735,-0.02728271484375,-0.681640625,0.67425537109375,0.28289794921875,2.558064516129032,77.5171065493646,1.8322580645161288,55.5229716520039,2.4483870967741934,74.19354838709677
14.765340250916779,107.84455748647034,-0.0469970703125,-0.6796875,0.67938232421875,0.27239990234375,2.4741935483870967,74.97556207233626,1.793548387096774,54.34995112414467,2.4709677419354836,74.87781036168133
14.785404867958277,107.84455748647034,-0.0469970703125,-0.6796875,0.67938232421875,0.27239990234375,2.5096774193548383,76.05083088954055,1.7774193548387096,53.86119257086999,2.458064516129032,74.48680351906158
14.805480877985246,107.84455748647034,-0.0469970703125,-0.6796875,0.67938232421875,0.27239990234375,2.551612903225806,77.32160312805473,1.7548387096774192,53.17693059628543,2.4516129032258065,74.29130009775172
14.825533782946877,104.880248379363,-0.06878662109375,-0.67913818359375,0.68359375,0.25830078125,2.4774193548387093,75.07331378299119,1.7483870967741935,52.98142717497556,2.458064516129032,74.48680351906158
14.84567932994105,104.880248379363,-0.06878662109375,-0.67913818359375,0.68359375,0.25830078125,2.4774193548387093,75.07331378299119,1.7419354838709677,52.785923753665685,2.4741935483870967,74.97556207233626
14.865755595965311,101.811579008339,-0.0916748046875,-0.677978515625,0.68731689453125,0.243896484375,2.4774193548387093,75.07331378299119,1.7419354838709677,52.785923753665685,2.445161290322581,74.09579667644185
14.885756372008473,101.811579008339,-0.0916748046875,-0.677978515625,0.68731689453125,0.243896484375,2.4774193548387093,75.07331378299119,1.7161290322580645,52.003910068426194,2.425806451612903,73.50928641251222
14.905811741948128,101.811579008339,-0.0916748046875,-0.677978515625,0.68731689453125,0.243896484375,2.5,75.75757575757575,1.6741935483870967,50.733137829912025,2.4290322580645163,73.60703812316717
14.925941671943292,98.48046573632165,-0.11578369140625,-0.67498779296875,0.692138671875,0.22796630859375,2.467741935483871,74.7800586510264,1.6741935483870967,50.733137829912025,2.3967741935483873,72.6295210166178
14.945980208925903,98.48046573632165,-0.11578369140625,-0.67498779296875,0.692138671875,0.22796630859375,2.4709677419354836,74.87781036168133,1.6709677419354838,50.635386119257085,2.42258064516129,73.41153470185728
14.96603711496573,95.11156690694581,-0.13958740234375,-0.6724853515625,0.69561767578125,0.21063232421875,2.4741935483870967,74.97556207233626,1.6387096774193548,49.65786901270772,2.412903225806452,73.11827956989248
14.986245733918622,95.11156690694581,-0.13958740234375,-0.6724853515625,0.69561767578125,0.21063232421875,2.42258064516129,73.41153470185728,1.6161290322580644,48.97360703812317,2.370967741935484,71.8475073313783
15.00622202991508,95.11156690694581,-0.13958740234375,-0.6724853515625,0.69561767578125,0.21063232421875,2.467741935483871,74.7800586510264,1.6129032258064515,48.87585532746823,2.3741935483870966,71.94525904203324
15.026272536022589,91.59393460837234,-0.1639404296875,-0.6707763671875,0.69757080078125,0.19122314453125,2.4741935483870967,74.97556207233626,1.6129032258064515,48.87585532746823,2.3774193548387097,72.04301075268818
15.046358178020455,91.59393460837234,-0.1639404296875,-0.6707763671875,0.69757080078125,0.19122314453125,2.42258064516129,73.41153470185728,1.62258064516129,49.169110459433035,2.367741935483871,71.74975562072336
15.06646829994861,87.84685839146466,-0.1900634765625,-0.66839599609375,0.69854736328125,0.1705322265625,2.4612903225806453,74.58455522971653,1.6483870967741936,49.95112414467254,2.370967741935484,71.8475073313783
15.086565334931947,87.84685839146466,-0.1900634765625,-0.66839599609375,0.69854736328125,0.1705322265625,2.4741935483870967,74.97556207233626,1.7,51.515151515151516,2.3645161290322583,71.65200391006844
15.106607935973443,87.84685839146466,-0.1900634765625,-0.66839599609375,0.69854736328125,0.1705322265625,2.4741935483870967,74.97556207233626,1.6903225806451612,51.2218963831867,2.3838709677419354,72.23851417399804
15.126651913975365,84.04977385272458,-0.2166748046875,-0.66510009765625,0.69879150390625,0.14971923828125,2.458064516129032,74.48680351906158,1.6806451612903226,50.9286412512219,2.361290322580645,71.5542521994135
15.146705906954594,84.04977385272458,-0.2166748046875,-0.66510009765625,0.69879150390625,0.14971923828125,2.432258064516129,73.70478983382209,1.696774193548387,51.417399804496576,2.3451612903225807,71.0654936461388
15.166783037013374,80.00953619643028,-0.24420166015625,-0.6591796875,0.69970703125,0.12762451171875,2.4741935483870967,74.97556207233626,1.7,51.515151515151516,2.3483870967741938,71.16324535679375
15.186947591952048,80.00953619643028,-0.24420166015625,-0.6591796875,0.69970703125,0.12762451171875,2.4483870967741934,74.19354838709677,1.7096774193548387,51.80840664711632,2.3741935483870966,71.94525904203324
15.20699377800338,80.00953619643028,-0.24420166015625,-0.6591796875,0.69970703125,0.12762451171875,2.493548387096774,75.56207233626587,1.729032258064516,52.39491691104594,2.3322580645161293,70.67448680351907
15.227059163968079,75.7806968135444,-0.27447509765625,-0.65325927734375,0.69775390625,0.10516357421875,2.4774193548387093,75.07331378299119,1.729032258064516,52.39491691104594,2.390322580645161,72.43401759530792
15.247086276998743,75.7806968135444,-0.27447509765625,-0.65325927734375,0.69775390625,0.10516357421875,2.5032258064516126,75.8553274682307,1.7,51.515151515151516,2.370967741935484,71.8475073313783
15.267195663996972,71.44870417826822,-0.30523681640625,-0.6468505859375,0.694091796875,0.08160400390625,2.493548387096774,75.56207233626587,1.7,51.515151515151516,2.3806451612903228,72.14076246334312
15.287237368989736,71.44870417826822,-0.30523681640625,-0.6468505859375,0.694091796875,0.08160400390625,2.5064516129032257,75.95307917888563,1.7258064516129032,52.29716520039101,2.4096774193548387,73.02052785923753
15.307320130988955,71.44870417826822,-0.30523681640625,-0.6468505859375,0.694091796875,0.08160400390625,2.5064516129032257,75.95307917888563,1.8032258064516127,54.64320625610948,2.3741935483870966,71.94525904203324
15.327433677972294,67.2710981233174,-0.33477783203125,-0.63873291015625,0.69024658203125,0.059326171875,2.5032258064516126,75.8553274682307,1.7903225806451613,54.25219941348974,2.3774193548387097,72.04301075268818
15.347467574989423,67.2710981233174,-0.33477783203125,-0.63873291015625,0.69024658203125,0.059326171875,2.490322580645161,75.46432062561095,1.8129032258064515,54.936461388074285,2.412903225806452,73.11827956989248
15.367504096939228,63.6657537529714,-0.36181640625,-0.63177490234375,0.684326171875,0.04083251953125,2.551612903225806,77.32160312805473,1.8548387096774193,56.20723362658847,2.4161290322580644,73.21603128054741
15.387668299954385,63.6657537529714,-0.36181640625,-0.63177490234375,0.684326171875,0.04083251953125,2.529032258064516,76.63734115347019,1.8645161290322578,56.50048875855327,2.4161290322580644,73.21603128054741
15.407699700910598,63.6657537529714,-0.36181640625,-0.63177490234375,0.684326171875,0.04083251953125,2.5387096774193547,76.93059628543499,1.9161290322580644,58.06451612903226,2.4064516129032256,72.9227761485826
15.427761246915907,60.16332712997048,-0.38818359375,-0.62469482421875,0.67718505859375,0.0225830078125,2.5419354838709673,77.02834799608992,1.9483870967741934,59.04203323558163,2.4064516129032256,72.9227761485826
15.44781623291783,60.16332712997048,-0.38818359375,-0.62469482421875,0.67718505859375,0.0225830078125,2.561290322580645,77.61485826001955,1.996774193548387,60.50830889540567,2.4,72.72727272727273
15.4678678259952,56.58850148698432,-0.4117431640625,-0.6158447265625,0.67169189453125,0.00201416015625,2.554838709677419,77.41935483870968,2.0161290322580645,61.09481915933529,2.42258064516129,73.41153470185728
15.487929339986295,56.58850148698432,-0.4117431640625,-0.6158447265625,0.67169189453125,0.00201416015625,2.554838709677419,77.41935483870968,2.0451612903225804,61.97458455522972,2.4096774193548387,73.02052785923753
15.507986758020706,56.58850148698432,-0.4117431640625,-0.6158447265625,0.67169189453125,0.00201416015625,2.554838709677419,77.41935483870968,2.009677419354839,60.899315738025415,2.435483870967742,73.80254154447702
15.528055183938704,53.003221529837674,0.43377685546875,0.603759765625,-0.6685791015625,0.01800537109375,2.554838709677419,77.41935483870968,2.096774193548387,63.5386119257087,2.412903225806452,73.11827956989248
15.548156698001549,53.003221529837674,0.43377685546875,0.603759765625,-0.6685791015625,0.01800537109375,2.554838709677419,77.41935483870968,2.0774193548387094,62.95210166177908,2.3967741935483873,72.6295210166178
15.568309988942929,49.016166174881846,0.4588623046875,0.58636474609375,-0.66644287109375,0.0377197265625,2.5774193548387094,78.10361681329422,2.064516129032258,62.56109481915934,2.4193548387096775,73.31378299120234
15.588391087017953,49.016166174881846,0.4588623046875,0.58636474609375,-0.66644287109375,0.0377197265625,2.554838709677419,77.41935483870968,2.0999999999999996,63.636363636363626,2.3967741935483873,72.6295210166178
15.60845007293392,49.016166174881846,0.4588623046875,0.58636474609375,-0.66644287109375,0.0377197265625,2.561290322580645,77.61485826001955,2.1032258064516127,63.73411534701857,2.425806451612903,73.50928641251222
15.628481601946987,46.012432635231974,0.476806640625,0.57391357421875,-0.66363525390625,0.0537109375,2.564516129032258,77.71260997067448,2.083870967741935,63.14760508308894,2.432258064516129,73.70478983382209
15.64852109993808,46.012432635231974,0.476806640625,0.57391357421875,-0.66363525390625,0.0537109375,2.554838709677419,77.41935483870968,2.125806451612903,64.41837732160313,2.403225806451613,72.82502443792767
15.668589013977908,43.741247994897634,0.491455078125,0.5635986328125,-0.6607666015625,0.06475830078125,2.554838709677419,77.41935483870968,2.0999999999999996,63.636363636363626,2.3741935483870966,71.94525904203324
15.688687199959531,43.741247994897634,0.491455078125,0.5635986328125,-0.6607666015625,0.06475830078125,2.564516129032258,77.71260997067448,2.116129032258064,64.1251221896383,2.358064516129032,71.45650048875855
15.708763945964165,43.741247994897634,0.491455078125,0.5635986328125,-0.6607666015625,0.06475830078125,2.551612903225806,77.32160312805473,2.087096774193548,63.24535679374389,2.3419354838709676,70.96774193548387
15.728875795961358,41.4868333703489,0.50372314453125,0.55340576171875,-0.6588134765625,0.0771484375,2.5419354838709673,77.02834799608992,2.148387096774193,65.10263929618768,2.338709677419355,70.86999022482894
15.748907038010657,41.4868333703489,0.50372314453125,0.55340576171875,-0.6588134765625,0.0771484375,2.5,75.75757575757575,2.161290322580645,65.49364613880742,2.293548387096774,69.50146627565982
15.769020615960471,39.373390900699555,0.5147705078125,0.543701171875,-0.65692138671875,0.08892822265625,2.564516129032258,77.71260997067448,2.190322580645161,66.37341153470186,2.2806451612903227,69.11045943304008
15.78906164993532,39.373390900699555,0.5147705078125,0.543701171875,-0.65692138671875,0.08892822265625,2.525806451612903,76.53958944281524,2.1645161290322577,65.59139784946235,2.325806451612903,70.4789833822092
15.809102042927407,39.373390900699555,0.5147705078125,0.543701171875,-0.65692138671875,0.08892822265625,2.554838709677419,77.41935483870968,2.190322580645161,66.37341153470186,2.270967741935484,68.81720430107528
15.829234085977077,37.27799124328736,0.5250244140625,0.533447265625,-0.65545654296875,0.1007080078125,2.4741935483870967,74.97556207233626,2.1774193548387095,65.98240469208211,2.3000000000000003,69.69696969696972
15.84926791896578,37.27799124328736,0.5250244140625,0.533447265625,-0.65545654296875,0.1007080078125,2.532258064516129,76.73509286412512,2.212903225806451,67.0576735092864,2.293548387096774,69.50146627565982
15.86932328902185,35.068448217773955,0.53668212890625,0.52215576171875,-0.65325927734375,0.1123046875,2.5419354838709673,77.02834799608992,2.2322580645161287,67.64418377321603,2.2548387096774194,68.32844574780059
15.889382979017682,35.068448217773955,0.53668212890625,0.52215576171875,-0.65325927734375,0.1123046875,2.5387096774193547,76.93059628543499,2.2677419354838713,68.71945259042035,2.2483870967741932,68.1329423264907
15.909447948914021,35.068448217773955,0.53668212890625,0.52215576171875,-0.65325927734375,0.1123046875,2.5,75.75757575757575,2.2838709677419358,69.20821114369502,2.306451612903226,69.89247311827957
15.9295140709728,33.18477188455379,0.5465087890625,0.5120849609375,-0.65130615234375,0.1220703125,2.554838709677419,77.41935483870968,2.296774193548387,69.59921798631477,2.2806451612903227,69.11045943304008
15.949581568944268,33.18477188455379,0.5465087890625,0.5120849609375,-0.65130615234375,0.1220703125,2.5161290322580645,76.24633431085044,2.3322580645161293,70.67448680351907,2.2677419354838713,68.71945259042035
15.96965719491709,31.170743825932924,0.55584716796875,0.5013427734375,-0.64959716796875,0.13311767578125,2.52258064516129,76.44183773216031,2.3419354838709676,70.96774193548387,2.2870967741935484,69.30596285434996
15.989731828914955,31.170743825932924,0.55584716796875,0.5013427734375,-0.64959716796875,0.13311767578125,2.529032258064516,76.63734115347019,2.338709677419355,70.86999022482894,2.3193548387096774,70.28347996089931
16.00979586993344,31.170743825932924,0.55584716796875,0.5013427734375,-0.64959716796875,0.13311767578125,2.5129032258064514,76.1485826001955,2.3322580645161293,70.67448680351907,2.306451612903226,69.89247311827957
16.029853287967853,29.42075169053419,0.56494140625,0.49151611328125,-0.6473388671875,0.14202880859375,2.5677419354838706,77.81036168132943,2.3645161290322583,71.65200391006844,2.274193548387097,68.91495601173021
16.049939058953896,29.42075169053419,0.56494140625,0.49151611328125,-0.6473388671875,0.14202880859375,2.5709677419354837,77.90811339198436,2.42258064516129,73.41153470185728,2.2806451612903227,69.11045943304008
16.07002278091386,27.95474169095545,0.5726318359375,0.483154296875,-0.645263671875,0.14935302734375,2.6419354838709674,80.05865102639295,2.4193548387096775,73.31378299120234,2.2677419354838713,68.71945259042035
16.09006784693338,27.95474169095545,0.5726318359375,0.483154296875,-0.645263671875,0.14935302734375,2.564516129032258,77.71260997067448,2.42258064516129,73.41153470185728,2.3000000000000003,69.69696969696972
16.110126480925828,27.95474169095545,0.5726318359375,0.483154296875,-0.645263671875,0.14935302734375,2.558064516129032,77.5171065493646,2.4387096774193546,73.90029325513197,2.293548387096774,69.50146627565982
16.130223259911872,26.65530991041262,0.578125,0.4765625,-0.64349365234375,0.15704345703125,2.596774193548387,78.69012707722385,2.4612903225806453,74.58455522971653,2.274193548387097,68.91495601173021
16.150300293928012,26.65530991041262,0.578125,0.4765625,-0.64349365234375,0.15704345703125,2.5806451612903225,78.20136852394917,2.464516129032258,74.68230694037146,2.303225806451613,69.79472140762464
16.170366192003712,25.488765245886356,0.5826416015625,0.4705810546875,-0.64202880859375,0.1641845703125,2.62258064516129,79.47214076246333,2.4612903225806453,74.58455522971653,2.2903225806451615,69.40371456500489
16.190440314938314,25.488765245886356,0.5826416015625,0.4705810546875,-0.64202880859375,0.1641845703125,2.6096774193548384,79.0811339198436,2.4774193548387093,75.07331378299119,2.2806451612903227,69.11045943304008
16.210568869952112,25.488765245886356,0.5826416015625,0.4705810546875,-0.64202880859375,0.1641845703125,2.6096774193548384,79.0811339198436,2.496774193548387,75.65982404692082,2.2806451612903227,69.11045943304008
16.23061220801901,24.58005073347897,0.585693359375,0.46551513671875,-0.64141845703125,0.16973876953125,2.6129032258064515,79.17888563049853,2.4774193548387093,75.07331378299119,2.3451612903225807,71.0654936461388
16.250676985946484,24.58005073347897,0.585693359375,0.46551513671875,-0.64141845703125,0.16973876953125,2.6419354838709674,80.05865102639295,2.525806451612903,76.53958944281524,2.2838709677419358,69.20821114369502
16.270771747920662,23.882792623935117,0.5880126953125,0.461181640625,-0.64141845703125,0.17352294921875,2.654838709677419,80.4496578690127,2.551612903225806,77.32160312805473,2.293548387096774,69.50146627565982
16.290812526014633,23.882792623935117,0.5880126953125,0.461181640625,-0.64141845703125,0.17352294921875,2.6516129032258062,80.35190615835776,2.564516129032258,77.71260997067448,2.270967741935484,68.81720430107528
16.31089832901489,23.882792623935117,0.5880126953125,0.461181640625,-0.64141845703125,0.17352294921875,2.6419354838709674,80.05865102639295,2.5387096774193547,76.93059628543499,2.3419354838709676,70.96774193548387
16.331008226959966,23.458855919803426,0.5887451171875,0.45855712890625,-0.6419677734375,0.176025390625,2.6516129032258062,80.35190615835776,2.551612903225806,77.32160312805473,2.2548387096774194,68.32844574780059
16.351031980942935,23.458855919803426,0.5887451171875,0.45855712890625,-0.6419677734375,0.176025390625,2.7064516129032254,82.01368523949168,2.5451612903225804,77.12609970674487,2.3161290322580648,70.1857282502444
16.371155704022385,23.28068987512387,0.58880615234375,0.45721435546875,-0.64263916015625,0.17694091796875,2.62258064516129,79.47214076246333,2.564516129032258,77.71260997067448,2.306451612903226,69.89247311827957
16.391226273961365,23.28068987512387,0.58880615234375,0.45721435546875,-0.64263916015625,0.17694091796875,2.629032258064516,79.6676441837732,2.525806451612903,76.53958944281524,2.3129032258064517,70.08797653958945
16.411259019980207,23.28068987512387,0.58880615234375,0.45721435546875,-0.64263916015625,0.17694091796875,2.654838709677419,80.4496578690127,2.5774193548387094,78.10361681329422,2.3161290322580648,70.1857282502444
16.431317397975363,23.238109789062122,0.5885009765625,0.45660400390625,-0.643310546875,0.17706298828125,2.629032258064516,79.6676441837732,2.5,75.75757575757575,2.3193548387096774,70.28347996089931
16.451415744959377,23.238109789062122,0.5885009765625,0.45660400390625,-0.643310546875,0.17706298828125,2.661290322580645,80.64516129032258,2.561290322580645,77.61485826001955,2.293548387096774,69.50146627565982
16.47149617096875,23.23196679177964,0.5882568359375,0.45587158203125,-0.6441650390625,0.1766357421875,2.6516129032258062,80.35190615835776,2.5774193548387094,78.10361681329422,2.296774193548387,69.59921798631477
16.491519348928705,23.23196679177964,0.5882568359375,0.45587158203125,-0.6441650390625,0.1766357421875,2.680645161290322,81.23167155425219,2.551612903225806,77.32160312805473,2.325806451612903,70.4789833822092
16.511571326991543,23.23196679177964,0.5882568359375,0.45587158203125,-0.6441650390625,0.1766357421875,2.629032258064516,79.6676441837732,2.5,75.75757575757575,2.325806451612903,70.4789833822092
16.531628648983315,23.224991975400485,0.5880126953125,0.4552001953125,-0.64495849609375,0.17626953125,2.680645161290322,81.23167155425219,2.551612903225806,77.32160312805473,2.3225806451612905,70.38123167155426
16.551724947988987,23.224991975400485,0.5880126953125,0.4552001953125,-0.64495849609375,0.17626953125,2.6677419354838707,80.84066471163244,2.525806451612903,76.53958944281524,2.329032258064516,70.57673509286413
16.57177756598685,23.2230401012674,0.58837890625,0.45440673828125,-0.64532470703125,0.17559814453125,2.6354838709677417,79.86314760508309,2.554838709677419,77.41935483870968,2.338709677419355,70.86999022482894
16.591869832016528,23.2230401012674,0.58837890625,0.45440673828125,-0.64532470703125,0.17559814453125,2.6774193548387095,81.13391984359725,2.5774193548387094,78.10361681329422,2.370967741935484,71.8475073313783
16.6119351539528,23.2230401012674,0.58837890625,0.45440673828125,-0.64532470703125,0.17559814453125,2.658064516129032,80.54740957966764,2.564516129032258,77.71260997067448,2.358064516129032,71.45650048875855
16.631994011928327,23.243790452857652,0.5889892578125,0.45440673828125,-0.64495849609375,0.175048828125,2.680645161290322,81.23167155425219,2.525806451612903,76.53958944281524,2.3516129032258064,71.26099706744868
16.65208583092317,23.243790452857652,0.5889892578125,0.45440673828125,-0.64495849609375,0.175048828125,2.6741935483870964,81.03616813294232,2.5774193548387094,78.10361681329422,2.3193548387096774,70.28347996089931
16.67212468897924,23.39562347203234,0.58953857421875,0.45611572265625,-0.6434326171875,0.1744384765625,2.6645161290322577,80.74291300097751,2.554838709677419,77.41935483870968,2.3193548387096774,70.28347996089931
16.69229734002147,23.39562347203234,0.58953857421875,0.45611572265625,-0.6434326171875,0.1744384765625,2.654838709677419,80.4496578690127,2.5483870967741935,77.2238514173998,2.3483870967741938,71.16324535679375
16.71229085396044,23.39562347203234,0.58953857421875,0.45611572265625,-0.6434326171875,0.1744384765625,2.654838709677419,80.4496578690127,2.529032258064516,76.63734115347019,2.3193548387096774,70.28347996089931
16.732342703966424,23.65345302289151,0.589599609375,0.4583740234375,-0.64202880859375,0.17333984375,2.680645161290322,81.23167155425219,2.551612903225806,77.32160312805473,2.3483870967741938,71.16324535679375
16.752405626000836,23.65345302289151,0.589599609375,0.4583740234375,-0.64202880859375,0.17333984375,2.693548387096774,81.62267839687193,2.5451612903225804,77.12609970674487,2.358064516129032,71.45650048875855
16.772504388005473,23.852890486583277,0.58843994140625,0.4600830078125,-0.64202880859375,0.17279052734375,2.661290322580645,80.64516129032258,2.5483870967741935,77.2238514173998,2.370967741935484,71.8475073313783
16.792579374974594,23.852890486583277,0.58843994140625,0.4600830078125,-0.64202880859375,0.17279052734375,2.661290322580645,80.64516129032258,2.5387096774193547,76.93059628543499,2.3193548387096774,70.28347996089931
16.812640408985317,23.852890486583277,0.58843994140625,0.4600830078125,-0.64202880859375,0.17279052734375,2.6709677419354834,80.93841642228737,2.525806451612903,76.53958944281524,2.3451612903225807,71.0654936461388
16.832690850947984,23.861385845718374,0.586669921875,0.4599609375,-0.64361572265625,0.1732177734375,2.6741935483870964,81.03616813294232,2.52258064516129,76.44183773216031,2.3193548387096774,70.28347996089931
16.852822477929294,23.861385845718374,0.586669921875,0.4599609375,-0.64361572265625,0.1732177734375,2.6709677419354834,80.93841642228737,2.5129032258064514,76.1485826001955,2.3322580645161293,70.67448680351907
16.87287890398875,23.840622125439452,0.5845947265625,0.46044921875,-0.644775390625,0.17462158203125,2.7064516129032254,82.01368523949168,2.5129032258064514,76.1485826001955,2.3483870967741938,71.16324535679375
16.89292883395683,23.840622125439452,0.5845947265625,0.46044921875,-0.644775390625,0.17462158203125,2.680645161290322,81.23167155425219,2.5129032258064514,76.1485826001955,2.3451612903225807,71.0654936461388
16.9129751479486,23.840622125439452,0.5845947265625,0.46044921875,-0.644775390625,0.17462158203125,2.6709677419354834,80.93841642228737,2.5129032258064514,76.1485826001955,2.3451612903225807,71.0654936461388
16.933040021918714,23.815799028954856,0.582275390625,0.461669921875,-0.6453857421875,0.17681884765625,2.654838709677419,80.4496578690127,2.490322580645161,75.46432062561095,2.3419354838709676,70.96774193548387
16.95310060796328,23.815799028954856,0.582275390625,0.461669921875,-0.6453857421875,0.17681884765625,2.6709677419354834,80.93841642228737,2.5,75.75757575757575,2.370967741935484,71.8475073313783
16.97316240996588,23.81639738589783,0.5797119140625,0.4632568359375,-0.64599609375,0.17901611328125,2.680645161290322,81.23167155425219,2.5096774193548383,76.05083088954055,2.3483870967741938,71.16324535679375
16.99324242095463,23.81639738589783,0.5797119140625,0.4632568359375,-0.64599609375,0.17901611328125,2.658064516129032,80.54740957966764,2.4741935483870967,74.97556207233626,2.358064516129032,71.45650048875855
17.01336604799144,23.81639738589783,0.5797119140625,0.4632568359375,-0.64599609375,0.17901611328125,2.6709677419354834,80.93841642228737,2.496774193548387,75.65982404692082,2.3483870967741938,71.16324535679375
17.033392681973055,23.96096051798419,0.5765380859375,0.4654541015625,-0.6468505859375,0.180419921875,2.6645161290322577,80.74291300097751,2.4741935483870967,74.97556207233626,2.3419354838709676,70.96774193548387
17.053511605015956,23.96096051798419,0.5765380859375,0.4654541015625,-0.6468505859375,0.180419921875,2.680645161290322,81.23167155425219,2.4387096774193546,73.90029325513197,2.3483870967741938,71.16324535679375
17.07354095892515,24.173609972255974,0.5732421875,0.4676513671875,-0.64801025390625,0.18109130859375,2.6516129032258062,80.35190615835776,2.4483870967741934,74.19354838709677,2.3161290322580648,70.1857282502444
17.09360599401407,24.173609972255974,0.5732421875,0.4676513671875,-0.64801025390625,0.18109130859375,2.6354838709677417,79.86314760508309,2.3774193548387097,72.04301075268818,2.3451612903225807,71.0654936461388
17.113678675959818,24.173609972255974,0.5732421875,0.4676513671875,-0.64801025390625,0.18109130859375,2.6322580645161286,79.76539589442815,2.390322580645161,72.43401759530792,2.3322580645161293,70.67448680351907
17.133718429948203,24.77925542044713,0.56793212890625,0.472900390625,-0.6490478515625,0.18048095703125,2.6322580645161286,79.76539589442815,2.325806451612903,70.4789833822092,2.358064516129032,71.45650048875855
17.153779272921383,24.77925542044713,0.56793212890625,0.472900390625,-0.6490478515625,0.18048095703125,2.6419354838709674,80.05865102639295,2.3225806451612905,70.38123167155426,2.367741935483871,71.74975562072336
17.173841490992345,25.957437580841827,0.55926513671875,0.48046875,-0.65203857421875,0.17669677734375,2.5806451612903225,78.20136852394917,2.329032258064516,70.57673509286413,2.370967741935484,71.8475073313783
17.193925917963497,25.957437580841827,0.55926513671875,0.48046875,-0.65203857421875,0.17669677734375,2.5806451612903225,78.20136852394917,2.296774193548387,69.59921798631477,2.3516129032258064,71.26099706744868
17.21397075999994,25.957437580841827,0.55926513671875,0.48046875,-0.65203857421875,0.17669677734375,2.587096774193548,78.39687194525904,2.261290322580645,68.52394916911047,2.325806451612903,70.4789833822092
17.234123187954538,27.62581694660406,0.5496826171875,0.4908447265625,-0.65423583984375,0.16986083984375,2.5419354838709673,77.02834799608992,2.1774193548387095,65.98240469208211,2.3967741935483873,72.6295210166178
17.25413583801128,27.62581694660406,0.5496826171875,0.4908447265625,-0.65423583984375,0.16986083984375,2.5774193548387094,78.10361681329422,2.1999999999999997,66.66666666666666,2.370967741935484,71.8475073313783
17.274194791913033,29.90097628534423,0.53765869140625,0.503662109375,-0.6572265625,0.15899658203125,2.5451612903225804,77.12609970674487,2.190322580645161,66.37341153470186,2.3451612903225807,71.0654936461388
17.294284178991802,29.90097628534423,0.53765869140625,0.503662109375,-0.6572265625,0.15899658203125,2.5387096774193547,76.93059628543499,2.0903225806451613,63.34310850439883,2.3870967741935485,72.33626588465299
17.314374750014395,29.90097628534423,0.53765869140625,0.503662109375,-0.6572265625,0.15899658203125,2.5387096774193547,76.93059628543499,2.083870967741935,63.14760508308894,2.393548387096774,72.53176930596285
17.334430888993666,32.62819838763377,0.52508544921875,0.5140380859375,-0.663330078125,0.1416015625,2.529032258064516,76.63734115347019,2.0354838709677416,61.6813294232649,2.393548387096774,72.53176930596285
17.354470995021984,32.62819838763377,0.52508544921875,0.5140380859375,-0.663330078125,0.1416015625,2.4741935483870967,74.97556207233626,2.0387096774193547,61.779081133919846,2.3967741935483873,72.6295210166178
17.374538269010372,36.264152255560376,0.5089111328125,0.52545166015625,-0.67181396484375,0.1165771484375,2.496774193548387,75.65982404692082,2.0258064516129033,61.3880742913001,2.3967741935483873,72.6295210166178
17.39463600795716,36.264152255560376,0.5089111328125,0.52545166015625,-0.67181396484375,0.1165771484375,2.5032258064516126,75.8553274682307,1.9870967741935484,60.215053763440864,2.358064516129032,71.45650048875855
17.414689586963505,36.264152255560376,0.5089111328125,0.52545166015625,-0.67181396484375,0.1165771484375,2.525806451612903,76.53958944281524,1.9451612903225806,58.94428152492669,2.3967741935483873,72.6295210166178
17.434823549934663,40.33788848870989,0.4886474609375,0.5386962890625,-0.6802978515625,0.09039306640625,2.4741935483870967,74.97556207233626,1.935483870967742,58.65102639296188,2.4064516129032256,72.9227761485826
17.454851688002236,40.33788848870989,0.4886474609375,0.5386962890625,-0.6802978515625,0.09039306640625,2.4774193548387093,75.07331378299119,1.7774193548387096,53.86119257086999,2.4064516129032256,72.9227761485826
17.474909491022117,44.71949160672701,0.46405029296875,0.55438232421875,-0.68780517578125,0.06512451171875,2.4774193548387093,75.07331378299119,1.7548387096774192,53.17693059628543,2.3967741935483873,72.6295210166178
17.495047741918825,44.71949160672701,0.46405029296875,0.55438232421875,-0.68780517578125,0.06512451171875,2.5,75.75757575757575,1.7516129032258063,53.0791788856305,2.4,72.72727272727273
17.51512500096578,44.71949160672701,0.46405029296875,0.55438232421875,-0.68780517578125,0.06512451171875,2.42258064516129,73.41153470185728,1.6903225806451612,51.2218963831867,2.3645161290322583,71.65200391006844
17.535512118949555,49.44512352600694,0.435791015625,0.57623291015625,-0.69012451171875,0.042236328125,2.467741935483871,74.7800586510264,1.6161290322580644,48.97360703812317,2.390322580645161,72.43401759530792
17.555493631982245,49.44512352600694,0.435791015625,0.57623291015625,-0.69012451171875,0.042236328125,2.4483870967741934,74.19354838709677,1.593548387096774,48.289345063538605,2.393548387096774,72.53176930596285
17.575526922941208,53.86914011126953,0.40728759765625,0.5955810546875,-0.69207763671875,0.021728515625,2.4483870967741934,74.19354838709677,1.596774193548387,48.38709677419355,2.393548387096774,72.53176930596285
17.595608948962763,53.86914011126953,0.40728759765625,0.5955810546875,-0.69207763671875,0.021728515625,2.435483870967742,73.80254154447702,1.5516129032258064,47.018572825024435,2.3774193548387097,72.04301075268818
17.61565132800024,53.86914011126953,0.40728759765625,0.5955810546875,-0.69207763671875,0.021728515625,2.467741935483871,74.7800586510264,1.5806451612903225,47.898338220918866,2.358064516129032,71.45650048875855
17.635806794976816,58.344467751722554,-0.37774658203125,-0.61004638671875,0.696533203125,0.00115966796875,2.490322580645161,75.46432062561095,1.5741935483870966,47.702834799608986,2.3838709677419354,72.23851417399804
17.655875413911417,58.344467751722554,-0.37774658203125,-0.61004638671875,0.696533203125,0.00115966796875,2.4774193548387093,75.07331378299119,1.5677419354838709,47.507331378299114,2.367741935483871,71.74975562072336
17.675909632002003,62.9055391701458,-0.34747314453125,-0.617919921875,0.70477294921875,0.02777099609375,2.490322580645161,75.46432062561095,1.5129032258064514,45.8455522971652,2.3774193548387097,72.04301075268818
17.696006219019182,62.9055391701458,-0.34747314453125,-0.617919921875,0.70477294921875,0.02777099609375,2.52258064516129,76.44183773216031,1.4580645161290322,44.18377321603128,2.3967741935483873,72.6295210166178
17.716037077014334,62.9055391701458,-0.34747314453125,-0.617919921875,0.70477294921875,0.02777099609375,2.490322580645161,75.46432062561095,1.2999999999999998,39.39393939393939,2.361290322580645,71.5542521994135
17.736099871923216,67.34836591378438,-0.31591796875,-0.62420654296875,0.712646484375,0.05218505859375,2.5,75.75757575757575,1.2,36.36363636363637,2.370967741935484,71.8475073313783
17.756175625952892,67.34836591378438,-0.31591796875,-0.62420654296875,0.712646484375,0.05218505859375,2.5032258064516126,75.8553274682307,1.1838709677419355,35.87487781036168,2.3322580645161293,70.67448680351907
17.776204979978502,71.5652897937465,-0.28369140625,-0.6329345703125,0.716796875,0.07147216796875,2.490322580645161,75.46432062561095,1.1516129032258065,34.89736070381232,2.361290322580645,71.5542521994135
17.796304798917845,71.5652897937465,-0.28369140625,-0.6329345703125,0.716796875,0.07147216796875,2.5,75.75757575757575,1.1419354838709679,34.60410557184751,2.390322580645161,72.43401759530792
17.816358826006763,71.5652897937465,-0.28369140625,-0.6329345703125,0.716796875,0.07147216796875,2.5032258064516126,75.8553274682307,1.1193548387096772,33.91984359726295,2.361290322580645,71.5542521994135
17.836443667998537,75.53580484173575,-0.252685546875,-0.64044189453125,0.71978759765625,0.0889892578125,2.4774193548387093,75.07331378299119,1.1161290322580644,33.822091886608014,2.3838709677419354,72.23851417399804
17.85655731195584,75.53580484173575,-0.252685546875,-0.64044189453125,0.71978759765625,0.0889892578125,2.5064516129032257,75.95307917888563,1.0935483870967742,33.137829912023456,2.3483870967741938,71.16324535679375
17.876577129936777,79.30118483973816,-0.22393798828125,-0.6461181640625,0.7218017578125,0.10650634765625,2.5129032258064514,76.1485826001955,1.0935483870967742,33.137829912023456,2.3548387096774195,71.35874877810362
17.896633811993524,79.30118483973816,-0.22393798828125,-0.6461181640625,0.7218017578125,0.10650634765625,2.5064516129032257,75.95307917888563,1.1290322580645162,34.21309872922777,2.3193548387096774,70.28347996089931
17.91677907097619,79.30118483973816,-0.22393798828125,-0.6461181640625,0.7218017578125,0.10650634765625,2.519354838709677,76.34408602150538,1.3129032258064515,39.784946236559136,2.3096774193548386,69.99022482893452
17.93680621800013,82.8259304327273,-0.1968994140625,-0.65045166015625,0.72320556640625,0.1229248046875,2.5,75.75757575757575,1.2193548387096773,36.950146627565985,2.3451612903225807,71.0654936461388
17.956894228002056,82.8259304327273,-0.1968994140625,-0.65045166015625,0.72320556640625,0.1229248046875,2.4741935483870967,74.97556207233626,1.2032258064516128,36.4613880742913,2.3516129032258064,71.26099706744868
17.976994975004345,86.09728116776773,-0.171142578125,-0.6473388671875,0.7293701171875,0.1402587890625,2.551612903225806,77.32160312805473,1.2354838709677418,37.43890518084066,2.3193548387096774,70.28347996089931
17.997098890016787,86.09728116776773,-0.171142578125,-0.6473388671875,0.7293701171875,0.1402587890625,2.525806451612903,76.53958944281524,1.2129032258064516,36.75464320625611,2.361290322580645,71.5542521994135
18.01714238896966,86.09728116776773,-0.171142578125,-0.6473388671875,0.7293701171875,0.1402587890625,2.5161290322580645,76.24633431085044,1.1935483870967742,36.168132942326494,2.338709677419355,70.86999022482894
18.037202175008133,89.81860481365682,-0.14349365234375,-0.6480712890625,0.73077392578125,0.15936279296875,2.532258064516129,76.73509286412512,1.1451612903225807,34.701857282502445,2.3548387096774195,71.35874877810362
18.05724269791972,89.81860481365682,-0.14349365234375,-0.6480712890625,0.73077392578125,0.15936279296875,2.5387096774193547,76.93059628543499,1.1516129032258065,34.89736070381232,2.3193548387096774,70.28347996089931
18.07729752501473,92.89167896787498,-0.11669921875,-0.64959716796875,0.73175048828125,0.1702880859375,2.525806451612903,76.53958944281524,1.1774193548387097,35.67937438905181,2.3193548387096774,70.28347996089931
18.09736601600889,92.89167896787498,-0.11669921875,-0.64959716796875,0.73175048828125,0.1702880859375,2.551612903225806,77.32160312805473,1.1516129032258065,34.89736070381232,2.3225806451612905,70.38123167155426
18.11743524298072,92.89167896787498,-0.11669921875,-0.64959716796875,0.73175048828125,0.1702880859375,2.529032258064516,76.63734115347019,1.1774193548387097,35.67937438905181,2.3322580645161293,70.67448680351907
18.13754914200399,95.83372799398575,-0.0943603515625,-0.65325927734375,0.7286376953125,0.18304443359375,2.561290322580645,77.61485826001955,1.2032258064516128,36.4613880742913,2.3000000000000003,69.69696969696972
18.157592416973785,95.83372799398575,-0.0943603515625,-0.65325927734375,0.7286376953125,0.18304443359375,2.5483870967741935,77.2238514173998,1.2354838709677418,37.43890518084066,2.3161290322580648,70.1857282502444
18.177728396025486,98.54019687932374,-0.07476806640625,-0.65716552734375,0.72412109375,0.19537353515625,2.5774193548387094,78.10361681329422,1.3032258064516127,39.491691104594324,2.3451612903225807,71.0654936461388
18.197763990960084,98.54019687932374,-0.07476806640625,-0.65716552734375,0.72412109375,0.19537353515625,2.5774193548387094,78.10361681329422,1.3387096774193548,40.56695992179863,2.3161290322580648,70.1857282502444
18.21781545795966,98.54019687932374,-0.07476806640625,-0.65716552734375,0.72412109375,0.19537353515625,2.561290322580645,77.61485826001955,1.3354838709677417,40.46920821114369,2.2677419354838713,68.71945259042035
18.23787073197309,101.10275548855404,-0.0562744140625,-0.66046142578125,0.71954345703125,0.20709228515625,2.525806451612903,76.53958944281524,1.3483870967741933,40.86021505376344,2.3451612903225807,71.0654936461388
18.257952983956784,101.10275548855404,-0.0562744140625,-0.66046142578125,0.71954345703125,0.20709228515625,2.5774193548387094,78.10361681329422,1.3322580645161288,40.371456500488755,2.306451612903226,69.89247311827957
18.27804505894892,103.48324359899031,-0.03887939453125,-0.662841796875,0.71527099609375,0.21783447265625,2.5999999999999996,78.78787878787878,1.3387096774193548,40.56695992179863,2.335483870967742,70.772238514174
18.29812628601212,103.48324359899031,-0.03887939453125,-0.662841796875,0.71527099609375,0.21783447265625,2.5806451612903225,78.20136852394917,1.3129032258064515,39.784946236559136,2.293548387096774,69.50146627565982
18.31815765600186,103.48324359899031,-0.03887939453125,-0.662841796875,0.71527099609375,0.21783447265625,2.5806451612903225,78.20136852394917,1.3161290322580643,39.882697947214076,2.303225806451613,69.79472140762464
18.338244322920218,106.00671713157557,-0.02056884765625,-0.6651611328125,0.71038818359375,0.229248046875,2.5806451612903225,78.20136852394917,1.4,42.42424242424242,2.325806451612903,70.4789833822092
18.35837070294656,106.00671713157557,-0.02056884765625,-0.6651611328125,0.71038818359375,0.229248046875,2.5806451612903225,78.20136852394917,1.396774193548387,42.32649071358749,2.329032258064516,70.57673509286413
18.378428025986068,108.58728630982276,-0.0015869140625,-0.66705322265625,0.705078125,0.2406005859375,2.590322580645161,78.49462365591397,1.5032258064516129,45.552297165200386,2.3451612903225807,71.0654936461388
18.39853389293421,108.58728630982276,-0.0015869140625,-0.66705322265625,0.705078125,0.2406005859375,2.5806451612903225,78.20136852394917,1.5483870967741935,46.9208211143695,2.335483870967742,70.772238514174
18.418574607931077,108.58728630982276,-0.0015869140625,-0.66705322265625,0.705078125,0.2406005859375,2.596774193548387,78.69012707722385,1.6096774193548384,48.77810361681329,2.3548387096774195,71.35874877810362
18.43865081097465,111.38353994968989,0.017333984375,-0.66888427734375,0.6982421875,0.25445556640625,2.6096774193548384,79.0811339198436,1.7,51.515151515151516,2.3645161290322583,71.65200391006844
18.458703332929872,111.38353994968989,0.017333984375,-0.66888427734375,0.6982421875,0.25445556640625,2.5806451612903225,78.20136852394917,1.6709677419354838,50.635386119257085,2.4483870967741934,74.19354838709677
18.4788060329156,114.1710385927868,0.03436279296875,-0.67291259765625,0.68817138671875,0.26910400390625,2.5999999999999996,78.78787878787878,1.7870967741935482,54.154447702834794,2.4096774193548387,73.02052785923753
18.498837722931057,114.1710385927868,0.03436279296875,-0.67291259765625,0.68817138671875,0.26910400390625,2.6193548387096772,79.37438905180841,1.8419354838709676,55.816226783968716,2.412903225806452,73.11827956989248
18.518986503011547,114.1710385927868,0.03436279296875,-0.67291259765625,0.68817138671875,0.26910400390625,2.6354838709677417,79.86314760508309,1.9838709677419355,60.117302052785924,2.4387096774193546,73.90029325513197
18.539027345948853,116.7860179594098,0.04949951171875,-0.67694091796875,0.677490234375,0.2833251953125,2.590322580645161,78.49462365591397,1.9838709677419355,60.117302052785924,2.4709677419354836,74.87781036168133
18.559107452980243,116.7860179594098,0.04949951171875,-0.67694091796875,0.677490234375,0.2833251953125,2.648387096774193,80.25415444770283,2.051612903225806,62.17008797653958,2.4774193548387093,75.07331378299119
18.57917732000351,119.2495665626349,0.06329345703125,-0.6785888671875,0.66851806640625,0.29766845703125,2.6322580645161286,79.76539589442815,2.0580645161290323,62.365591397849464,2.5129032258064514,76.1485826001955
18.599287346936762,119.2495665626349,0.06329345703125,-0.6785888671875,0.66851806640625,0.29766845703125,2.6419354838709674,80.05865102639295,2.096774193548387,63.5386119257087,2.4806451612903224,75.17106549364614
18.61933452601079,119.2495665626349,0.06329345703125,-0.6785888671875,0.66851806640625,0.29766845703125,2.6322580645161286,79.76539589442815,2.087096774193548,63.24535679374389,2.525806451612903,76.53958944281524
18.639435561024584,121.52616527486462,0.07598876953125,-0.6778564453125,0.66162109375,0.3115234375,2.629032258064516,79.6676441837732,2.1774193548387095,65.98240469208211,2.532258064516129,76.73509286412512
18.659479891997762,121.52616527486462,0.07598876953125,-0.6778564453125,0.66162109375,0.3115234375,2.6451612903225805,80.1564027370479,2.235483870967742,67.74193548387096,2.5354838709677416,76.83284457478005
18.679576862952672,123.69844864353638,0.08941650390625,-0.67596435546875,0.65606689453125,0.3236083984375,2.6516129032258062,80.35190615835776,2.1645161290322577,65.59139784946235,2.551612903225806,77.32160312805473
18.699655017931946,123.69844864353638,0.08941650390625,-0.67596435546875,0.65606689453125,0.3236083984375,2.6354838709677417,79.86314760508309,2.2064516129032254,66.86217008797654,2.529032258064516,76.63734115347019
18.719697749009356,123.69844864353638,0.08941650390625,-0.67596435546875,0.65606689453125,0.3236083984375,2.661290322580645,80.64516129032258,2.235483870967742,67.74193548387096,2.6032258064516127,78.88563049853371
18.73974438291043,125.76144197361444,0.1033935546875,-0.6737060546875,0.651123046875,0.33380126953125,2.6645161290322577,80.74291300097751,2.2548387096774194,68.32844574780059,2.529032258064516,76.63734115347019
18.759872842929326,125.76144197361444,0.1033935546875,-0.6737060546875,0.651123046875,0.33380126953125,2.6322580645161286,79.76539589442815,2.2548387096774194,68.32844574780059,2.5774193548387094,78.10361681329422
18.779964501969516,127.41633578540535,0.1158447265625,-0.6712646484375,0.64794921875,0.34075927734375,2.6741935483870964,81.03616813294232,2.2419354838709675,67.93743890518084,2.5483870967741935,77.2238514173998
18.800074880942702,127.41633578540535,0.1158447265625,-0.6712646484375,0.64794921875,0.34075927734375,2.6741935483870964,81.03616813294232,2.270967741935484,68.81720430107528,2.5774193548387094,78.10361681329422
18.82015284395311,127.41633578540535,0.1158447265625,-0.6712646484375,0.64794921875,0.34075927734375,2.719354838709677,82.40469208211142,2.303225806451613,69.79472140762464,2.5677419354838706,77.81036168132943
18.840213270974346,128.8025378426138,0.12445068359375,-0.67059326171875,0.643310546875,0.34783935546875,2.680645161290322,81.23167155425219,2.2806451612903227,69.11045943304008,2.5677419354838706,77.81036168132943
18.860289442003705,128.8025378426138,0.12445068359375,-0.67059326171875,0.643310546875,0.34783935546875,2.680645161290322,81.23167155425219,2.3225806451612905,70.38123167155426,2.583870967741935,78.2991202346041
18.88039044593461,130.0142659505245,0.1287841796875,-0.67047119140625,0.637451171875,0.3570556640625,2.6838709677419352,81.32942326490713,2.3645161290322583,71.65200391006844,2.551612903225806,77.32160312805473
18.9004395439988,130.0142659505245,0.1287841796875,-0.67047119140625,0.637451171875,0.3570556640625,2.7064516129032254,82.01368523949168,2.3451612903225807,71.0654936461388,2.5741935483870964,78.00586510263928
18.920530946925282,130.0142659505245,0.1287841796875,-0.67047119140625,0.637451171875,0.3570556640625,2.6999999999999997,81.81818181818181,2.42258064516129,73.41153470185728,2.590322580645161,78.49462365591397
18.940618382999673,130.97492623258108,0.13128662109375,-0.670166015625,0.63262939453125,0.36529541015625,2.693548387096774,81.62267839687193,2.4419354838709677,73.9980449657869,2.554838709677419,77.41935483870968
18.960711609921418,130.97492623258108,0.13128662109375,-0.670166015625,0.63262939453125,0.36529541015625,2.680645161290322,81.23167155425219,2.425806451612903,73.50928641251222,2.6032258064516127,78.88563049853371
18.98077984491829,131.74186893061852,0.1336669921875,-0.66912841796875,0.62939453125,0.37176513671875,2.712903225806451,82.20918866080156,2.3774193548387097,72.04301075268818,2.583870967741935,78.2991202346041
19.000887151923962,131.74186893061852,0.1336669921875,-0.66912841796875,0.62939453125,0.37176513671875,2.7064516129032254,82.01368523949168,2.4419354838709677,73.9980449657869,2.554838709677419,77.41935483870968
19.02094165899325,131.74186893061852,0.1336669921875,-0.66912841796875,0.62939453125,0.37176513671875,2.6838709677419352,81.32942326490713,2.403225806451613,72.82502443792767,2.593548387096774,78.59237536656892
19.041015333961695,132.31645964420278,0.1361083984375,-0.66864013671875,0.62701416015625,0.37579345703125,2.6967741935483867,81.72043010752688,2.370967741935484,71.8475073313783,2.583870967741935,78.2991202346041
19.061074928962626,132.31645964420278,0.1361083984375,-0.66864013671875,0.62701416015625,0.37579345703125,2.7064516129032254,82.01368523949168,2.3870967741935485,72.33626588465299,2.5677419354838706,77.81036168132943
19.081167549011298,132.62158257946874,0.1375732421875,-0.6680908203125,0.62603759765625,0.37786865234375,2.7322580645161287,82.79569892473117,2.370967741935484,71.8475073313783,2.5677419354838706,77.81036168132943
19.101238887989894,132.62158257946874,0.1375732421875,-0.6680908203125,0.62603759765625,0.37786865234375,2.7032258064516124,81.91593352883673,2.4,72.72727272727273,2.551612903225806,77.32160312805473
19.121313587995246,132.62158257946874,0.1375732421875,-0.6680908203125,0.62603759765625,0.37786865234375,2.6967741935483867,81.72043010752688,2.412903225806452,73.11827956989248,2.5677419354838706,77.81036168132943
19.141354942927137,132.5869628579144,0.1363525390625,-0.6685791015625,0.6253662109375,0.3785400390625,2.719354838709677,82.40469208211142,2.42258064516129,73.41153470185728,2.590322580645161,78.49462365591397
19.161470026010647,132.5869628579144,0.1363525390625,-0.6685791015625,0.6253662109375,0.3785400390625,2.6999999999999997,81.81818181818181,2.42258064516129,73.41153470185728,2.5774193548387094,78.10361681329422
19.181542709935457,132.3855840636618,0.1334228515625,-0.66943359375,0.62481689453125,0.37896728515625,2.6838709677419352,81.32942326490713,2.4193548387096775,73.31378299120234,2.551612903225806,77.32160312805473
19.20165574492421,132.3855840636618,0.1334228515625,-0.66943359375,0.62481689453125,0.37896728515625,2.7161290322580642,82.30694037145649,2.4290322580645163,73.60703812316717,2.5354838709677416,76.83284457478005
19.22172500495799,132.3855840636618,0.1334228515625,-0.66943359375,0.62481689453125,0.37896728515625,2.725806451612903,82.6001955034213,2.4483870967741934,74.19354838709677,2.558064516129032,77.5171065493646
19.241823575925082,132.02468603270842,0.1302490234375,-0.6695556640625,0.6258544921875,0.378173828125,2.7096774193548385,82.11143695014663,2.4387096774193546,73.90029325513197,2.558064516129032,77.5171065493646
19.261876226984896,132.02468603270842,0.1302490234375,-0.6695556640625,0.6258544921875,0.378173828125,2.719354838709677,82.40469208211142,2.42258064516129,73.41153470185728,2.525806451612903,76.53958944281524
19.28195444692392,131.62293327578834,0.1273193359375,-0.66961669921875,0.62725830078125,0.376708984375,2.6838709677419352,81.32942326490713,2.4290322580645163,73.60703812316717,2.587096774193548,78.39687194525904
19.302008762024343,131.62293327578834,0.1273193359375,-0.66961669921875,0.62725830078125,0.376708984375,2.725806451612903,82.6001955034213,2.3870967741935485,72.33626588465299,2.554838709677419,77.41935483870968
19.3220965169603,131.62293327578834,0.1273193359375,-0.66961669921875,0.62725830078125,0.376708984375,2.719354838709677,82.40469208211142,2.3483870967741938,71.16324535679375,2.5741935483870964,78.00586510263928
19.342152687953785,131.11799085457943,0.12469482421875,-0.66864013671875,0.63031005859375,0.37420654296875,2.6967741935483867,81.72043010752688,2.306451612903226,69.89247311827957,2.62258064516129,79.47214076246333
19.362199035007507,131.11799085457943,0.12469482421875,-0.66864013671875,0.63031005859375,0.37420654296875,2.680645161290322,81.23167155425219,2.3322580645161293,70.67448680351907,2.5354838709677416,76.83284457478005
19.38230963901151,130.3880260806155,0.12091064453125,-0.6673583984375,0.6346435546875,0.3704833984375,2.719354838709677,82.40469208211142,2.2774193548387096,69.01270772238514,2.564516129032258,77.71260997067448
19.402448370936327,130.3880260806155,0.12091064453125,-0.6673583984375,0.6346435546875,0.3704833984375,2.7161290322580642,82.30694037145649,2.2516129032258068,68.23069403714567,2.5483870967741935,77.2238514173998
19.422493501915596,130.3880260806155,0.12091064453125,-0.6673583984375,0.6346435546875,0.3704833984375,2.654838709677419,80.4496578690127,2.24516129032258,68.03519061583576,2.5451612903225804,77.12609970674487
19.442566473968327,129.29904197030623,0.11444091796875,-0.6671142578125,0.63922119140625,0.36505126953125,2.712903225806451,82.20918866080156,2.2677419354838713,68.71945259042035,2.564516129032258,77.71260997067448
19.462664405000396,129.29904197030623,0.11444091796875,-0.6671142578125,0.63922119140625,0.36505126953125,2.687096774193548,81.42717497556205,2.2161290322580642,67.15542521994135,2.5,75.75757575757575
19.482719584018923,127.84948185904547,0.1046142578125,-0.66741943359375,0.6441650390625,0.35870361328125,2.6419354838709674,80.05865102639295,2.212903225806451,67.0576735092864,2.529032258064516,76.63734115347019
19.50279405992478,127.84948185904547,0.1046142578125,-0.66741943359375,0.6441650390625,0.35870361328125,2.680645161290322,81.23167155425219,2.2096774193548385,66.95992179863147,2.564516129032258,77.71260997067448
19.522873495006934,127.84948185904547,0.1046142578125,-0.66741943359375,0.6441650390625,0.35870361328125,2.680645161290322,81.23167155425219,2.190322580645161,66.37341153470186,2.5032258064516126,75.8553274682307
19.54301363497507,126.0207128318686,0.09356689453125,-0.66741943359375,0.65093994140625,0.34930419921875,2.6774193548387095,81.13391984359725,2.193548387096774,66.47116324535679,2.529032258064516,76.63734115347019
19.56313611101359,126.0207128318686,0.09356689453125,-0.66741943359375,0.65093994140625,0.34930419921875,2.693548387096774,81.62267839687193,2.1774193548387095,65.98240469208211,2.4838709677419355,75.26881720430107
19.583115960936993,123.82387933274185,0.07867431640625,-0.66729736328125,0.65826416015625,0.3394775390625,2.6709677419354834,80.93841642228737,2.190322580645161,66.37341153470186,2.5161290322580645,76.24633431085044
19.6032089330256,123.82387933274185,0.07867431640625,-0.66729736328125,0.65826416015625,0.3394775390625,2.693548387096774,81.62267839687193,2.2064516129032254,66.86217008797654,2.490322580645161,75.46432062561095
19.623238799977116,123.82387933274185,0.07867431640625,-0.66729736328125,0.65826416015625,0.3394775390625,2.719354838709677,82.40469208211142,2.1870967741935483,66.27565982404691,2.52258064516129,76.44183773216031
19.643325114971958,121.23061281031661,0.0604248046875,-0.668212890625,0.66510009765625,0.32781982421875,2.680645161290322,81.23167155425219,2.225806451612903,67.44868035190615,2.4774193548387093,75.07331378299119
19.66343680699356,121.23061281031661,0.0604248046875,-0.668212890625,0.66510009765625,0.32781982421875,2.654838709677419,80.4496578690127,2.1677419354838707,65.6891495601173,2.525806451612903,76.53958944281524
19.683490385999903,118.23251175770557,0.0382080078125,-0.669677734375,0.6715087890625,0.31488037109375,2.6774193548387095,81.13391984359725,2.1870967741935483,66.27565982404691,2.525806451612903,76.53958944281524
19.70353910094127,118.23251175770557,0.0382080078125,-0.669677734375,0.6715087890625,0.31488037109375,2.6354838709677417,79.86314760508309,2.1774193548387095,65.98240469208211,2.4806451612903224,75.17106549364614
19.723599431919865,118.23251175770557,0.0382080078125,-0.669677734375,0.6715087890625,0.31488037109375,2.6677419354838707,80.84066471163244,2.180645161290322,66.08015640273703,2.5,75.75757575757575
19.743693075957708,114.9137558907704,0.01226806640625,-0.67156982421875,0.67681884765625,0.30126953125,2.654838709677419,80.4496578690127,2.1967741935483867,66.56891495601171,2.4774193548387093,75.07331378299119
19.763768350938335,114.9137558907704,0.01226806640625,-0.67156982421875,0.67681884765625,0.30126953125,2.654838709677419,80.4496578690127,2.1677419354838707,65.6891495601173,2.5129032258064514,76.1485826001955
19.783822634024546,111.0943685471317,-0.01519775390625,-0.67156982421875,0.6844482421875,0.283447265625,2.6032258064516127,78.88563049853371,2.161290322580645,65.49364613880742,2.5064516129032257,75.95307917888563
19.80390565295238,111.0943685471317,-0.01519775390625,-0.67156982421875,0.6844482421875,0.283447265625,2.6516129032258062,80.35190615835776,2.1870967741935483,66.27565982404691,2.435483870967742,73.80254154447702
19.823943743947893,107.10600353558772,-0.04327392578125,-0.67138671875,0.6912841796875,0.26361083984375,2.648387096774193,80.25415444770283,2.1645161290322577,65.59139784946235,2.42258064516129,73.41153470185728
19.844027179991826,107.10600353558772,-0.04327392578125,-0.67138671875,0.6912841796875,0.26361083984375,2.6516129032258062,80.35190615835776,2.1322580645161286,64.61388074291298,2.445161290322581,74.09579667644185
19.866411665920168,107.10600353558772,-0.04327392578125,-0.67138671875,0.6912841796875,0.26361083984375,2.6516129032258062,80.35190615835776,2.148387096774193,65.10263929618768,2.4483870967741934,74.19354838709677
19.88415641791653,102.78105071849792,-0.072998046875,-0.66937255859375,0.69879150390625,0.241455078125,2.6193548387096772,79.37438905180841,2.148387096774193,65.10263929618768,2.4483870967741934,74.19354838709677
19.90419994900003,102.78105071849792,-0.072998046875,-0.66937255859375,0.69879150390625,0.241455078125,2.625806451612903,79.56989247311827,2.1193548387096772,64.22287390029325,2.445161290322581,74.09579667644185
19.9242461679969,102.78105071849792,-0.072998046875,-0.66937255859375,0.69879150390625,0.241455078125,2.6032258064516127,78.88563049853371,2.074193548387097,62.85434995112414,2.425806451612903,73.50928641251222
19.94434189191088,98.08925138013565,-0.10400390625,-0.66534423828125,0.7069091796875,0.21624755859375,2.6032258064516127,78.88563049853371,2.0387096774193547,61.779081133919846,2.4483870967741934,74.19354838709677
19.964391247020103,98.08925138013565,-0.10400390625,-0.66534423828125,0.7069091796875,0.21624755859375,2.5806451612903225,78.20136852394917,2.02258064516129,61.29032258064516,2.42258064516129,73.41153470185728
19.984464986016974,93.20371135318399,-0.13397216796875,-0.65997314453125,0.715087890625,0.1875,2.616129032258064,79.27663734115346,1.996774193548387,60.50830889540567,2.3741935483870966,71.94525904203324
20.004566629999317,93.20371135318399,-0.13397216796875,-0.65997314453125,0.715087890625,0.1875,2.6129032258064515,79.17888563049853,1.9193548387096775,58.162267839687196,2.3806451612903228,72.14076246334312
20.02457838493865,88.2097773981533,-0.162353515625,-0.6529541015625,0.72314453125,0.1558837890625,2.5677419354838706,77.81036168132943,1.9516129032258065,59.13978494623656,2.3193548387096774,70.28347996089931
20.044709053006954,88.2097773981533,-0.162353515625,-0.6529541015625,0.72314453125,0.1558837890625,2.6419354838709674,80.05865102639295,1.9258064516129032,58.35777126099707,2.3838709677419354,72.23851417399804
20.064799336949363,88.2097773981533,-0.162353515625,-0.6529541015625,0.72314453125,0.1558837890625,2.616129032258064,79.27663734115346,1.8935483870967742,57.380254154447705,2.3870967741935485,72.33626588465299
20.08484046801459,83.27915973419648,-0.18988037109375,-0.645751953125,0.7291259765625,0.123779296875,2.587096774193548,78.39687194525904,1.935483870967742,58.65102639296188,2.3870967741935485,72.33626588465299
20.104953823960386,83.27915973419648,-0.18988037109375,-0.645751953125,0.7291259765625,0.123779296875,2.593548387096774,78.59237536656892,1.961290322580645,59.43304007820137,2.42258064516129,73.41153470185728
20.12497613893356,78.23587342011614,-0.21783447265625,-0.639404296875,0.73187255859375,0.08990478515625,2.593548387096774,78.59237536656892,1.9774193548387096,59.92179863147605,2.3967741935483873,72.6295210166178
20.145042518968694,78.23587342011614,-0.21783447265625,-0.639404296875,0.73187255859375,0.08990478515625,2.629032258064516,79.6676441837732,1.9774193548387096,59.92179863147605,2.361290322580645,71.5542521994135
20.165127618936822,78.23587342011614,-0.21783447265625,-0.639404296875,0.73187255859375,0.08990478515625,2.6419354838709674,80.05865102639295,1.961290322580645,59.43304007820137,2.3967741935483873,72.6295210166178
20.18517236597836,73.3749085330522,-0.24444580078125,-0.63360595703125,0.73187255859375,0.05657958984375,2.629032258064516,79.6676441837732,1.961290322580645,59.43304007820137,2.3967741935483873,72.6295210166178
20.205320889945142,73.3749085330522,-0.24444580078125,-0.63360595703125,0.73187255859375,0.05657958984375,2.62258064516129,79.47214076246333,2.0032258064516126,60.703812316715535,2.3741935483870966,71.94525904203324
20.22533277294133,69.11945793995923,-0.26702880859375,-0.62457275390625,0.73333740234375,0.0281982421875,2.625806451612903,79.56989247311827,1.9870967741935484,60.215053763440864,2.4096774193548387,73.02052785923753
20.245425681001507,69.11945793995923,-0.26702880859375,-0.62457275390625,0.73333740234375,0.0281982421875,2.590322580645161,78.49462365591397,2.041935483870968,61.87683284457478,2.435483870967742,73.80254154447702
20.265478332992643,69.11945793995923,-0.26702880859375,-0.62457275390625,0.73333740234375,0.0281982421875,2.6322580645161286,79.76539589442815,2.041935483870968,61.87683284457478,2.42258064516129,73.41153470185728
20.285525287967175,65.12553980138095,-0.2890625,-0.6158447265625,0.73291015625,0.00250244140625,2.6451612903225805,80.1564027370479,2.0354838709677416,61.6813294232649,2.4193548387096775,73.31378299120234
20.305673236958683,65.12553980138095,-0.2890625,-0.6158447265625,0.73291015625,0.00250244140625,2.6322580645161286,79.76539589442815,2.0806451612903225,63.049853372434015,2.42258064516129,73.41153470185728
20.32569487998262,61.08944484419451,0.3109130859375,0.60748291015625,-0.7305908203125,0.02398681640625,2.654838709677419,80.4496578690127,2.064516129032258,62.56109481915934,2.435483870967742,73.80254154447702
20.34581031592097,61.08944484419451,0.3109130859375,0.60748291015625,-0.7305908203125,0.02398681640625,2.648387096774193,80.25415444770283,2.064516129032258,62.56109481915934,2.42258064516129,73.41153470185728
20.36581915896386,61.08944484419451,0.3109130859375,0.60748291015625,-0.7305908203125,0.02398681640625,2.6419354838709674,80.05865102639295,2.1129032258064515,64.02737047898339,2.3967741935483873,72.6295210166178
20.385878369910643,57.086300641220205,0.334228515625,0.59918212890625,-0.72589111328125,0.04852294921875,2.5774193548387094,78.10361681329422,2.148387096774193,65.10263929618768,2.42258064516129,73.41153470185728
20.4059574540006,57.086300641220205,0.334228515625,0.59918212890625,-0.72589111328125,0.04852294921875,2.6354838709677417,79.86314760508309,2.161290322580645,65.49364613880742,2.4290322580645163,73.60703812316717
20.426006680936553,53.24906044551541,0.3570556640625,0.59063720703125,-0.72015380859375,0.0711669921875,2.6354838709677417,79.86314760508309,2.1645161290322577,65.59139784946235,2.412903225806452,73.11827956989248
20.446147269918583,53.24906044551541,0.3570556640625,0.59063720703125,-0.72015380859375,0.0711669921875,2.6451612903225805,80.1564027370479,2.203225806451613,66.7644183773216,2.435483870967742,73.80254154447702
20.46620347292628,53.24906044551541,0.3570556640625,0.59063720703125,-0.72015380859375,0.0711669921875,2.6387096774193544,79.960899315738,2.2677419354838713,68.71945259042035,2.3806451612903228,72.14076246334312
20.486296476912685,48.565962465667624,0.38519287109375,0.57965087890625,-0.7113037109375,0.09814453125,2.6322580645161286,79.76539589442815,2.203225806451613,66.7644183773216,2.3548387096774195,71.35874877810362
20.50635882501956,48.565962465667624,0.38519287109375,0.57965087890625,-0.7113037109375,0.09814453125,2.62258064516129,79.47214076246333,2.2419354838709675,67.93743890518084,2.3741935483870966,71.94525904203324
20.526486421003938,43.99712434201621,0.41339111328125,0.57330322265625,-0.69622802734375,0.1253662109375,2.654838709677419,80.4496578690127,2.2548387096774194,68.32844574780059,2.370967741935484,71.8475073313783
20.54654057591688,43.99712434201621,0.41339111328125,0.57330322265625,-0.69622802734375,0.1253662109375,2.6354838709677417,79.86314760508309,2.270967741935484,68.81720430107528,2.3774193548387097,72.04301075268818
20.566625676001422,43.99712434201621,0.41339111328125,0.57330322265625,-0.69622802734375,0.1253662109375,2.6032258064516127,78.88563049853371,2.306451612903226,69.89247311827957,2.367741935483871,71.74975562072336
20.586709239985794,40.380515373087384,0.43914794921875,0.567138671875,-0.6817626953125,0.1436767578125,2.6322580645161286,79.76539589442815,2.3000000000000003,69.69696969696972,2.3967741935483873,72.6295210166178
20.606826212024316,40.380515373087384,0.43914794921875,0.567138671875,-0.6817626953125,0.1436767578125,2.648387096774193,80.25415444770283,2.3096774193548386,69.99022482893452,2.3451612903225807,71.0654936461388
20.626884463010356,37.20165913937966,0.463623046875,0.5572509765625,-0.67083740234375,0.15655517578125,2.6516129032258062,80.35190615835776,2.2774193548387096,69.01270772238514,2.3967741935483873,72.6295210166178
20.646960058948025,37.20165913937966,0.463623046875,0.5572509765625,-0.67083740234375,0.15655517578125,2.658064516129032,80.54740957966764,2.274193548387097,68.91495601173021,2.370967741935484,71.8475073313783
20.667034598998725,37.20165913937966,0.463623046875,0.5572509765625,-0.67083740234375,0.15655517578125,2.6322580645161286,79.76539589442815,2.2806451612903227,69.11045943304008,2.361290322580645,71.5542521994135
20.687131986953318,34.06797383340811,0.487548828125,0.5439453125,-0.66192626953125,0.16815185546875,2.6032258064516127,78.88563049853371,2.3419354838709676,70.96774193548387,2.3225806451612905,70.38123167155426
20.70723494293634,34.06797383340811,0.487548828125,0.5439453125,-0.66192626953125,0.16815185546875,2.6419354838709674,80.05865102639295,2.2677419354838713,68.71945259042035,2.3225806451612905,70.38123167155426
20.72727210598532,31.019097608749348,0.50836181640625,0.52996826171875,-0.6541748046875,0.1810302734375,2.6322580645161286,79.76539589442815,2.3129032258064517,70.08797653958945,2.303225806451613,69.79472140762464
20.747415125952102,31.019097608749348,0.50836181640625,0.52996826171875,-0.6541748046875,0.1810302734375,2.6322580645161286,79.76539589442815,2.3225806451612905,70.38123167155426,2.3225806451612905,70.38123167155426
20.76747148996219,31.019097608749348,0.50836181640625,0.52996826171875,-0.6541748046875,0.1810302734375,2.6516129032258062,80.35190615835776,2.3516129032258064,71.26099706744868,2.3096774193548386,69.99022482893452
20.787543694023043,28.163537446546236,0.52679443359375,0.5157470703125,-0.6473388671875,0.1934814453125,2.6741935483870964,81.03616813294232,2.4,72.72727272727273,2.2903225806451615,69.40371456500489
20.80756412097253,28.163537446546236,0.52679443359375,0.5157470703125,-0.6473388671875,0.1934814453125,2.6322580645161286,79.76539589442815,2.412903225806452,73.11827956989248,2.3161290322580648,70.1857282502444
20.827615907997824,25.863091488002965,0.54278564453125,0.50390625,-0.6405029296875,0.20294189453125,2.6516129032258062,80.35190615835776,2.458064516129032,74.48680351906158,2.306451612903226,69.89247311827957
20.847728271968663,25.863091488002965,0.54278564453125,0.50390625,-0.6405029296875,0.20294189453125,2.680645161290322,81.23167155425219,2.52258064516129,76.44183773216031,2.361290322580645,71.5542521994135
20.867783900001086,25.863091488002965,0.54278564453125,0.50390625,-0.6405029296875,0.20294189453125,2.693548387096774,81.62267839687193,2.487096774193548,75.366568914956,2.296774193548387,69.59921798631477
20.88788154302165,23.98082791179928,0.556640625,0.494140625,-0.63372802734375,0.21063232421875,2.680645161290322,81.23167155425219,2.5032258064516126,75.8553274682307,2.3225806451612905,70.38123167155426
20.907932178932242,23.98082791179928,0.556640625,0.494140625,-0.63372802734375,0.21063232421875,2.648387096774193,80.25415444770283,2.5483870967741935,77.2238514173998,2.306451612903226,69.89247311827957
20.928009470924735,22.446854303714815,0.56805419921875,0.4859619140625,-0.62762451171875,0.21728515625,2.6838709677419352,81.32942326490713,2.551612903225806,77.32160312805473,2.3096774193548386,69.99022482893452
20.948089097975753,22.446854303714815,0.56805419921875,0.4859619140625,-0.62762451171875,0.21728515625,2.6677419354838707,80.84066471163244,2.551612903225806,77.32160312805473,2.370967741935484,71.8475073313783
20.968147925916128,22.446854303714815,0.56805419921875,0.4859619140625,-0.62762451171875,0.21728515625,2.693548387096774,81.62267839687193,2.561290322580645,77.61485826001955,2.367741935483871,71.74975562072336
20.98818540899083,21.136446309834938,0.57659912109375,0.47735595703125,-0.6246337890625,0.22247314453125,2.680645161290322,81.23167155425219,2.564516129032258,77.71260997067448,2.358064516129032,71.45650048875855
21.00831450894475,21.136446309834938,0.57659912109375,0.47735595703125,-0.6246337890625,0.22247314453125,2.7064516129032254,82.01368523949168,2.590322580645161,78.49462365591397,2.3193548387096774,70.28347996089931
21.028371801017784,20.020814197943324,0.58367919921875,0.46832275390625,-0.62371826171875,0.22576904296875,2.687096774193548,81.42717497556205,2.587096774193548,78.39687194525904,2.4096774193548387,73.02052785923753
21.04843078891281,20.020814197943324,0.58367919921875,0.46832275390625,-0.62371826171875,0.22576904296875,2.719354838709677,82.40469208211142,2.525806451612903,76.53958944281524,2.3645161290322583,71.65200391006844
21.068516048952006,20.020814197943324,0.58367919921875,0.46832275390625,-0.62371826171875,0.22576904296875,2.7516129032258063,83.38220918866081,2.5387096774193547,76.93059628543499,2.358064516129032,71.45650048875855
21.088560477015562,19.133286302579137,0.58843994140625,0.4605712890625,-0.6241455078125,0.22821044921875,2.7580645161290325,83.57771260997069,2.6032258064516127,78.88563049853371,2.367741935483871,71.74975562072336
21.108649384928867,19.133286302579137,0.58843994140625,0.4605712890625,-0.6241455078125,0.22821044921875,2.7322580645161287,82.79569892473117,2.554838709677419,77.41935483870968,2.3741935483870966,71.94525904203324
21.128728948999196,18.3081426234652,0.5914306640625,0.4539794921875,-0.62481689453125,0.23162841796875,2.6838709677419352,81.32942326490713,2.593548387096774,78.59237536656892,2.3967741935483873,72.6295210166178
21.148781504947692,18.3081426234652,0.5914306640625,0.4539794921875,-0.62481689453125,0.23162841796875,2.719354838709677,82.40469208211142,2.6032258064516127,78.88563049853371,2.3741935483870966,71.94525904203324
21.16890583699569,18.3081426234652,0.5914306640625,0.4539794921875,-0.62481689453125,0.23162841796875,2.7322580645161287,82.79569892473117,2.5806451612903225,78.20136852394917,2.3741935483870966,71.94525904203324
21.188919544918463,17.597511924392762,0.593017578125,0.4478759765625,-0.62677001953125,0.2342529296875,2.7096774193548385,82.11143695014663,2.587096774193548,78.39687194525904,2.370967741935484,71.8475073313783
21.209036389016546,17.597511924392762,0.593017578125,0.4478759765625,-0.62677001953125,0.2342529296875,2.7064516129032254,82.01368523949168,2.5806451612903225,78.20136852394917,2.3838709677419354,72.23851417399804
21.229086608975194,17.11098796164613,0.59381103515625,0.443359375,-0.628662109375,0.23583984375,2.72258064516129,82.50244379276637,2.590322580645161,78.49462365591397,2.3741935483870966,71.94525904203324
21.249130971962586,17.11098796164613,0.59381103515625,0.443359375,-0.628662109375,0.23583984375,2.74516129032258,83.18670576735092,2.587096774193548,78.39687194525904,2.370967741935484,71.8475073313783
21.269234088947996,17.11098796164613,0.59381103515625,0.443359375,-0.628662109375,0.23583984375,2.719354838709677,82.40469208211142,2.596774193548387,78.69012707722385,2.3193548387096774,70.28347996089931
21.289313780958764,16.888935060961174,0.5943603515625,0.44146728515625,-0.629150390625,0.2366943359375,2.719354838709677,82.40469208211142,2.6032258064516127,78.88563049853371,2.367741935483871,71.74975562072336
21.30942809698172,16.888935060961174,0.5943603515625,0.44146728515625,-0.629150390625,0.2366943359375,2.719354838709677,82.40469208211142,2.6032258064516127,78.88563049853371,2.3483870967741938,71.16324535679375
21.329529133974575,17.020319311533314,0.595703125,0.44171142578125,-0.6282958984375,0.23504638671875,2.712903225806451,82.20918866080156,2.583870967741935,78.2991202346041,2.3645161290322583,71.65200391006844
21.349580312962644,17.020319311533314,0.595703125,0.44171142578125,-0.6282958984375,0.23504638671875,2.7032258064516124,81.91593352883673,2.5354838709677416,76.83284457478005,2.3516129032258064,71.26099706744868
21.369685126002878,17.020319311533314,0.595703125,0.44171142578125,-0.6282958984375,0.23504638671875,2.712903225806451,82.20918866080156,2.5774193548387094,78.10361681329422,2.3322580645161293,70.67448680351907
21.389728272915818,17.253693706460837,0.59796142578125,0.44244384765625,-0.626708984375,0.23223876953125,2.7064516129032254,82.01368523949168,2.561290322580645,77.61485826001955,2.3193548387096774,70.28347996089931
21.409859581966884,17.253693706460837,0.59796142578125,0.44244384765625,-0.626708984375,0.23223876953125,2.6999999999999997,81.81818181818181,2.5451612903225804,77.12609970674487,2.3322580645161293,70.67448680351907
21.429900649935007,17.523770435290686,0.60015869140625,0.44329833984375,-0.62493896484375,0.2294921875,2.690322580645161,81.524926686217,2.564516129032258,77.71260997067448,2.293548387096774,69.50146627565982
21.449938708916306,17.523770435290686,0.60015869140625,0.44329833984375,-0.62493896484375,0.2294921875,2.7032258064516124,81.91593352883673,2.5,75.75757575757575,2.3548387096774195,71.35874877810362
21.470047873910517,17.523770435290686,0.60015869140625,0.44329833984375,-0.62493896484375,0.2294921875,2.661290322580645,80.64516129032258,2.5387096774193547,76.93059628543499,2.338709677419355,70.86999022482894
21.490138029912487,17.61513074972693,0.6025390625,0.4434814453125,-0.6231689453125,0.2279052734375,2.6774193548387095,81.13391984359725,2.525806451612903,76.53958944281524,2.3451612903225807,71.0654936461388
21.510219705989584,17.61513074972693,0.6025390625,0.4434814453125,-0.6231689453125,0.2279052734375,2.658064516129032,80.54740957966764,2.525806451612903,76.53958944281524,2.358064516129032,71.45650048875855
21.53029254998546,17.735362064664955,0.604736328125,0.44378662109375,-0.621337890625,0.2264404296875,2.680645161290322,81.23167155425219,2.5032258064516126,75.8553274682307,2.3516129032258064,71.26099706744868
21.550333169987425,17.735362064664955,0.604736328125,0.44378662109375,-0.621337890625,0.2264404296875,2.680645161290322,81.23167155425219,2.4774193548387093,75.07331378299119,2.3548387096774195,71.35874877810362
21.570446430006996,17.735362064664955,0.604736328125,0.44378662109375,-0.621337890625,0.2264404296875,2.6999999999999997,81.81818181818181,2.4774193548387093,75.07331378299119,2.3516129032258064,71.26099706744868
21.59055639395956,17.75610182180307,0.60601806640625,0.44342041015625,-0.62060546875,0.2257080078125,2.6709677419354834,80.93841642228737,2.5032258064516126,75.8553274682307,2.370967741935484,71.8475073313783
21.610655766911805,17.75610182180307,0.60601806640625,0.44342041015625,-0.62060546875,0.2257080078125,2.6387096774193544,79.960899315738,2.4774193548387093,75.07331378299119,2.3741935483870966,71.94525904203324
21.63068681792356,17.64430033362048,0.6063232421875,0.44256591796875,-0.62078857421875,0.22613525390625,2.6387096774193544,79.960899315738,2.4838709677419355,75.26881720430107,2.3967741935483873,72.6295210166178
21.650734446011484,17.64430033362048,0.6063232421875,0.44256591796875,-0.62078857421875,0.22613525390625,2.6709677419354834,80.93841642228737,2.5032258064516126,75.8553274682307,2.3774193548387097,72.04301075268818
21.670826202025637,17.64430033362048,0.6063232421875,0.44256591796875,-0.62078857421875,0.22613525390625,2.680645161290322,81.23167155425219,2.558064516129032,77.5171065493646,2.361290322580645,71.5542521994135
21.69090474199038,17.523604557682987,0.605712890625,0.4427490234375,-0.62066650390625,0.227783203125,2.6709677419354834,80.93841642228737,2.493548387096774,75.56207233626587,2.3806451612903228,72.14076246334312
21.711018354981206,17.523604557682987,0.605712890625,0.4427490234375,-0.62066650390625,0.227783203125,2.6645161290322577,80.74291300097751,2.493548387096774,75.56207233626587,2.3645161290322583,71.65200391006844
21.73109139094595,17.417351490902504,0.6044921875,0.4443359375,-0.61962890625,0.230712890625,2.654838709677419,80.4496578690127,2.496774193548387,75.65982404692082,2.3451612903225807,71.0654936461388
21.75112813792657,17.417351490902504,0.6044921875,0.4443359375,-0.61962890625,0.230712890625,2.658064516129032,80.54740957966764,2.5032258064516126,75.8553274682307,2.367741935483871,71.74975562072336
21.771238422952592,17.417351490902504,0.6044921875,0.4443359375,-0.61962890625,0.230712890625,2.6774193548387095,81.13391984359725,2.5129032258064514,76.1485826001955,2.3322580645161293,70.67448680351907
21.791297825984657,17.30274491849309,0.60400390625,0.44708251953125,-0.61663818359375,0.23468017578125,2.658064516129032,80.54740957966764,2.4774193548387093,75.07331378299119,2.3483870967741938,71.16324535679375
21.811463343910873,17.30274491849309,0.60400390625,0.44708251953125,-0.61663818359375,0.23468017578125,2.6645161290322577,80.74291300097751,2.493548387096774,75.56207233626587,2.358064516129032,71.45650048875855
21.831501626991667,17.109185861176528,0.60400390625,0.4498291015625,-0.6126708984375,0.23968505859375,2.6999999999999997,81.81818181818181,2.4774193548387093,75.07331378299119,2.390322580645161,72.43401759530792
21.85152720694896,17.109185861176528,0.60400390625,0.4498291015625,-0.6126708984375,0.23968505859375,2.6387096774193544,79.960899315738,2.4709677419354836,74.87781036168133,2.358064516129032,71.45650048875855
21.87162485101726,17.109185861176528,0.60400390625,0.4498291015625,-0.6126708984375,0.23968505859375,2.658064516129032,80.54740957966764,2.4806451612903224,75.17106549364614,2.3741935483870966,71.94525904203324
21.891683551017195,16.74759348209605,0.60540771484375,0.45037841796875,-0.6090087890625,0.24444580078125,2.648387096774193,80.25415444770283,2.4774193548387093,75.07331378299119,2.3838709677419354,72.23851417399804
21.911773931002244,16.74759348209605,0.60540771484375,0.45037841796875,-0.6090087890625,0.24444580078125,2.680645161290322,81.23167155425219,2.467741935483871,74.7800586510264,2.3741935483870966,71.94525904203324
21.931841015000828,16.298595490720132,0.60821533203125,0.44866943359375,-0.6058349609375,0.24835205078125,2.658064516129032,80.54740957966764,2.5129032258064514,76.1485826001955,2.3741935483870966,71.94525904203324
21.95189117093105,16.298595490720132,0.60821533203125,0.44866943359375,-0.6058349609375,0.24835205078125,2.6741935483870964,81.03616813294232,2.5,75.75757575757575,2.3806451612903228,72.14076246334312
21.97202347102575,16.298595490720132,0.60821533203125,0.44866943359375,-0.6058349609375,0.24835205078125,2.629032258064516,79.6676441837732,2.4806451612903224,75.17106549364614,2.42258064516129,73.41153470185728
21.992102746968158,15.832038029457394,0.61273193359375,0.44671630859375,-0.6011962890625,0.252197265625,2.6709677419354834,80.93841642228737,2.5129032258064514,76.1485826001955,2.3451612903225807,71.0654936461388
22.012218407937326,15.832038029457394,0.61273193359375,0.44671630859375,-0.6011962890625,0.252197265625,2.629032258064516,79.6676441837732,2.4774193548387093,75.07331378299119,2.3838709677419354,72.23851417399804
22.032242643996142,15.440859675202006,0.6177978515625,0.44573974609375,-0.59454345703125,0.2572021484375,2.693548387096774,81.62267839687193,2.487096774193548,75.366568914956,2.3774193548387097,72.04301075268818
22.05228745599743,15.440859675202006,0.6177978515625,0.44573974609375,-0.59454345703125,0.2572021484375,2.6741935483870964,81.03616813294232,2.4741935483870967,74.97556207233626,2.3193548387096774,70.28347996089931
22.07239732402377,15.440859675202006,0.6177978515625,0.44573974609375,-0.59454345703125,0.2572021484375,2.6419354838709674,80.05865102639295,2.4774193548387093,75.07331378299119,2.3870967741935485,72.33626588465299
22.098685921984725,15.159425992886028,0.62335205078125,0.44451904296875,-0.58782958984375,0.2613525390625,2.6419354838709674,80.05865102639295,2.487096774193548,75.366568914956,2.370967741935484,71.8475073313783
22.112561797024682,15.159425992886028,0.62335205078125,0.44451904296875,-0.58782958984375,0.2613525390625,2.6709677419354834,80.93841642228737,2.5,75.75757575757575,2.42258064516129,73.41153470185728
22.132656497997232,14.959030912461913,0.62835693359375,0.44293212890625,-0.58233642578125,0.26446533203125,2.6645161290322577,80.74291300097751,2.4774193548387093,75.07331378299119,2.4096774193548387,73.02052785923753
22.152715069940314,14.959030912461913,0.62835693359375,0.44293212890625,-0.58233642578125,0.26446533203125,2.6774193548387095,81.13391984359725,2.4806451612903224,75.17106549364614,2.3870967741935485,72.33626588465299
22.173000524984673,14.959030912461913,0.62835693359375,0.44293212890625,-0.58233642578125,0.26446533203125,2.680645161290322,81.23167155425219,2.4774193548387093,75.07331378299119,2.3870967741935485,72.33626588465299
22.193064920953475,14.793309925075889,0.63140869140625,0.4422607421875,-0.57769775390625,0.268310546875,2.6741935483870964,81.03616813294232,2.4838709677419355,75.26881720430107,2.370967741935484,71.8475073313783
22.213184037944302,14.793309925075889,0.63140869140625,0.4422607421875,-0.57769775390625,0.268310546875,2.6709677419354834,80.93841642228737,2.487096774193548,75.366568914956,2.4064516129032256,72.9227761485826
22.23323310597334,14.585767952716722,0.6331787109375,0.44189453125,-0.57427978515625,0.27215576171875,2.6709677419354834,80.93841642228737,2.5,75.75757575757575,2.358064516129032,71.45650048875855
22.253265662002377,14.585767952716722,0.6331787109375,0.44189453125,-0.57427978515625,0.27215576171875,2.690322580645161,81.524926686217,2.493548387096774,75.56207233626587,2.3806451612903228,72.14076246334312
22.273351017967798,14.585767952716722,0.6331787109375,0.44189453125,-0.57427978515625,0.27215576171875,2.6419354838709674,80.05865102639295,2.487096774193548,75.366568914956,2.3967741935483873,72.6295210166178
22.29340802191291,14.527970101305172,0.63446044921875,0.44140625,-0.572509765625,0.27362060546875,2.680645161290322,81.23167155425219,2.5,75.75757575757575,2.358064516129032,71.45650048875855
22.31352083501406,14.527970101305172,0.63446044921875,0.44140625,-0.572509765625,0.27362060546875,2.6774193548387095,81.13391984359725,2.5032258064516126,75.8553274682307,2.3774193548387097,72.04301075268818
22.333591055008583,14.541613519166248,0.6353759765625,0.44073486328125,-0.572265625,0.27313232421875,2.6999999999999997,81.81818181818181,2.487096774193548,75.366568914956,2.403225806451613,72.82502443792767
22.353716187993996,14.541613519166248,0.6353759765625,0.44073486328125,-0.572265625,0.27313232421875,2.687096774193548,81.42717497556205,2.5064516129032257,75.95307917888563,2.4096774193548387,73.02052785923753
